sequence,tid_a,tid_b,label,pairwise_temporal_gap,pairwise_spatial_distance,pairwise_endpoint_dx,pairwise_endpoint_dy,pairwise_bbox_height_ratio,pairwise_reid_cosine_sim,pairwise_siglip_cosine_sim,pairwise_jersey_match,pairwise_jersey_conflict,pairwise_jersey_both_confident,pairwise_team_match,pairwise_team_both_consistent
SNPT-107,6,32,1,352.0,39.4876708984375,19.137195587158203,34.54046630859375,0.5998600125312805,0.8390262126922607,0.9882822632789612,0.0,0.0,0.0,1.0,1.0
SNPT-162,4,40,1,123.0,33.708885192871094,2.048740863800049,33.64657211303711,1.3079819679260254,0.8986039161682129,0.9741448163986206,0.0,0.0,0.0,1.0,0.0
SNPT-070,9,30,1,454.0,71.81434631347656,4.615992069244385,71.66584014892578,1.4362183809280396,0.8036468029022217,0.9739493131637573,1.0,0.0,1.0,1.0,1.0
SNPT-159,17,27,0,195.0,1903.601318359375,-1903.108642578125,43.30772018432617,1.6209444999694824,0.6029123663902283,0.8745911717414856,0.0,0.0,0.0,1.0,1.0
SNPT-105,15,22,0,83.0,57.027984619140625,-3.5107455253601074,56.91981887817383,0.5777316093444824,0.6460998058319092,0.9166156649589539,0.0,0.0,0.0,0.0,1.0
SNPT-161,25,39,0,83.0,1894.4462890625,1894.2353515625,-28.271671295166016,1.2098023891448975,0.7042142152786255,0.9583815336227417,0.0,0.0,0.0,0.0,1.0
SNPT-107,14,23,0,287.0,182.71815490722656,-15.462878227233887,182.06268310546875,0.5856495499610901,0.7080090641975403,0.8292530179023743,0.0,0.0,0.0,0.0,1.0
SNPT-162,1,38,1,258.0,402.9999694824219,-6.52748966217041,402.9471130371094,1.374456763267517,0.9626520276069641,0.9739601612091064,1.0,0.0,1.0,1.0,1.0
SNPT-157,2,14,0,13.0,1963.5552978515625,1878.275390625,572.3907470703125,0.5025538802146912,0.6564948558807373,0.8955968022346497,0.0,0.0,0.0,1.0,1.0
SNPT-151,9,33,0,4.0,1776.2430419921875,1775.829345703125,38.33578109741211,1.557965874671936,0.6238402128219604,0.9270579814910889,0.0,0.0,0.0,1.0,1.0
SNPT-071,11,28,0,395.0,153.31805419921875,11.207255363464355,-152.90789794921875,0.851518452167511,0.7645105123519897,0.9412255883216858,0.0,0.0,0.0,0.0,1.0
SNPT-072,2,35,0,462.0,1899.7152099609375,1897.794189453125,-85.4122085571289,0.9477953910827637,0.8023781180381775,0.8338587284088135,0.0,1.0,1.0,0.0,1.0
SNPT-170,37,25,0,28.0,842.73583984375,-841.5032348632812,-45.56332778930664,1.6059279441833496,0.6546101570129395,0.9200621247291565,0.0,0.0,0.0,0.0,1.0
SNPT-107,9,27,0,140.0,113.29472351074219,4.436311721801758,113.20783233642578,0.5622719526290894,0.6521255970001221,0.9222764372825623,0.0,0.0,0.0,0.0,1.0
SNPT-154,4,47,0,428.0,79.90361022949219,-4.122800827026367,79.79718017578125,1.0697566270828247,0.8892358541488647,0.981340765953064,0.0,0.0,0.0,1.0,1.0
SNPT-109,23,29,1,155.0,404.10980224609375,7.333983898162842,404.0432434082031,0.7173976898193359,0.7776156663894653,0.9614437818527222,0.0,0.0,0.0,1.0,1.0
SNPT-063,19,32,1,181.0,62.73725509643555,-10.381683349609375,-61.872318267822266,0.9967918992042542,0.9712892174720764,0.9959373474121094,0.0,0.0,0.0,1.0,1.0
SNPT-157,19,37,0,226.0,246.2353973388672,3.1286470890045166,-246.21551513671875,1.1538255214691162,0.7262576818466187,0.9534662961959839,0.0,1.0,1.0,1.0,1.0
SNPT-074,21,27,0,495.0,1777.927001953125,-1761.824462890625,238.74505615234375,0.32607725262641907,0.6371324062347412,0.9003468751907349,0.0,0.0,0.0,1.0,1.0
SNPT-075,8,23,0,122.0,237.11383056640625,-5.587280750274658,-237.04798889160156,1.3949347734451294,0.8124685287475586,0.8249567747116089,0.0,0.0,0.0,1.0,1.0
SNPT-068,25,29,0,179.0,184.81820678710938,4.244991302490234,184.76943969726562,0.843593180179596,0.8505560159683228,0.9587641954421997,0.0,0.0,0.0,1.0,1.0
SNPT-113,26,34,0,196.0,244.91957092285156,-12.005256652832031,-244.62515258789062,1.4575541019439697,0.5283825397491455,0.9389532804489136,0.0,0.0,0.0,1.0,1.0
SNPT-073,16,34,1,304.0,66.04252624511719,10.988968849182129,65.12187194824219,1.1164331436157227,0.8881204128265381,0.9712663888931274,0.0,0.0,0.0,1.0,1.0
SNPT-154,13,45,0,315.0,1878.621337890625,-1877.6114501953125,61.59054946899414,1.1066324710845947,0.7261404991149902,0.9157577753067017,0.0,0.0,0.0,0.0,1.0
SNPT-068,4,27,1,110.0,9.762312889099121,-8.642661094665527,4.539511203765869,1.0273255109786987,0.9577499032020569,0.9940876364707947,0.0,0.0,0.0,1.0,1.0
SNPT-159,20,36,0,293.0,1913.363037109375,1888.9383544921875,-304.74627685546875,1.850754737854004,0.6750795841217041,0.9167489409446716,0.0,0.0,0.0,0.0,1.0
SNPT-067,5,21,1,103.0,12.703086853027344,-0.5026472210884094,-12.693138122558594,0.6911909580230713,0.850037693977356,0.9797186255455017,0.0,0.0,0.0,1.0,1.0
SNPT-073,13,37,0,312.0,180.41549682617188,9.830551147460938,180.14747619628906,1.1541718244552612,0.7589520215988159,0.9888025522232056,0.0,0.0,0.0,1.0,1.0
SNPT-162,14,26,1,122.0,136.443115234375,0.9277136325836182,-136.43995666503906,1.2849754095077515,0.9137368202209473,0.9736995697021484,0.0,0.0,0.0,1.0,1.0
SNPT-166,12,29,0,132.0,74.66217803955078,2.014380693435669,-74.63500213623047,0.753059983253479,0.7618520259857178,0.9337201118469238,0.0,0.0,0.0,0.0,1.0
SNPT-073,11,37,0,468.0,1897.466796875,-1893.8118896484375,117.71566009521484,0.689932644367218,0.7221391201019287,0.9544326663017273,0.0,0.0,0.0,0.0,1.0
SNPT-115,19,26,1,148.0,127.11383056640625,-8.254080772399902,-126.8455581665039,1.4724321365356445,0.8750748634338379,0.9417494535446167,1.0,0.0,1.0,1.0,1.0
SNPT-154,16,53,1,79.0,12.37363338470459,11.439615249633789,4.716142177581787,1.069212794303894,0.9815782904624939,0.9857543706893921,0.0,0.0,0.0,1.0,1.0
SNPT-074,6,24,0,240.0,1854.501953125,1852.4534912109375,-87.139404296875,0.8815905451774597,0.6939601898193359,0.8908362984657288,0.0,0.0,0.0,1.0,1.0
SNPT-163,16,31,0,307.0,406.2552185058594,13.438061714172363,406.0329284667969,0.5668322443962097,0.6407960653305054,0.9012410044670105,0.0,1.0,1.0,0.0,1.0
SNPT-163,9,28,1,276.0,77.69496154785156,0.8319329619407654,77.69050598144531,0.9689072966575623,0.9493389129638672,0.9490706324577332,1.0,0.0,1.0,1.0,1.0
SNPT-061,12,31,0,177.0,25.384187698364258,-23.425125122070312,9.778576850891113,1.1104295253753662,0.9150940179824829,0.9927259683609009,0.0,0.0,0.0,1.0,1.0
SNPT-107,6,36,0,362.0,84.04288482666016,0.6371958255767822,84.04046630859375,0.49172675609588623,0.7698397636413574,0.9614953994750977,0.0,0.0,0.0,1.0,1.0
SNPT-159,50,28,1,57.0,18.6560001373291,16.249649047851562,9.16489315032959,1.321571707725525,0.9299505949020386,0.9840079545974731,0.0,0.0,0.0,1.0,1.0
SNPT-073,7,36,0,302.0,102.29045104980469,-11.999512672424316,101.58419036865234,1.0178223848342896,0.6667681932449341,0.95857834815979,0.0,0.0,0.0,0.0,1.0
SNPT-103,9,26,1,395.0,1888.173828125,-1888.1690673828125,4.240675449371338,0.8584736585617065,0.7899987697601318,0.9661662578582764,0.0,0.0,0.0,1.0,1.0
SNPT-102,24,32,0,202.0,92.62855529785156,0.6949747800827026,92.62594604492188,0.8405740261077881,0.6442388296127319,0.8815003037452698,0.0,0.0,0.0,0.0,1.0
SNPT-151,5,35,0,52.0,570.3074951171875,13.988407135009766,570.1359252929688,0.6369486451148987,0.7760796546936035,0.9687535166740417,0.0,1.0,1.0,1.0,1.0
SNPT-154,28,44,1,139.0,49.46902084350586,41.162879943847656,27.437225341796875,1.1492438316345215,0.8756434321403503,0.9247419238090515,0.0,0.0,0.0,1.0,1.0
SNPT-072,15,24,0,159.0,37.99843978881836,0.4628644287586212,37.99562072753906,0.9293508529663086,0.8763507604598999,0.9830073714256287,0.0,1.0,0.0,1.0,1.0
SNPT-160,2,22,0,299.0,1860.906494140625,-1860.756591796875,23.622783660888672,1.2026702165603638,0.7958439588546753,0.9088057279586792,0.0,0.0,0.0,1.0,1.0
SNPT-067,9,26,1,84.0,83.71224975585938,15.884781837463379,82.19132995605469,1.0600817203521729,0.9382244348526001,0.9785951375961304,0.0,0.0,0.0,1.0,1.0
SNPT-063,23,44,1,99.0,11.329042434692383,-10.841682434082031,3.2871150970458984,1.0318983793258667,0.910198986530304,0.9843677878379822,0.0,0.0,0.0,1.0,1.0
SNPT-061,4,26,0,160.0,1906.4471435546875,1877.5963134765625,330.413330078125,0.7233576774597168,0.7893596887588501,0.9674328565597534,1.0,0.0,1.0,0.0,1.0
SNPT-063,6,29,1,157.0,101.38864135742188,7.317279815673828,101.12425231933594,0.891477644443512,0.8616409301757812,0.9469707012176514,0.0,0.0,0.0,1.0,1.0
SNPT-108,17,33,1,35.0,55.72869110107422,-22.57575798034668,-50.951175689697266,1.0831440687179565,0.9584634304046631,0.9828281402587891,0.0,0.0,0.0,1.0,1.0
SNPT-061,7,29,1,72.0,87.3086166381836,-9.146761894226074,-86.82817077636719,1.3244316577911377,0.9251272678375244,0.9851174354553223,1.0,0.0,1.0,1.0,1.0
SNPT-152,13,23,0,116.0,13.563312530517578,-0.8815996050834656,-13.53463077545166,0.9918655157089233,0.5368324518203735,0.9156568646430969,0.0,0.0,0.0,0.0,1.0
SNPT-113,22,29,0,20.0,1945.082763671875,1884.2349853515625,482.7061462402344,0.4924911558628082,0.6931890249252319,0.8794592022895813,0.0,1.0,1.0,0.0,1.0
SNPT-066,11,44,0,411.0,1936.587890625,-1895.4359130859375,397.1087951660156,0.5419277548789978,0.7972343564033508,0.9599358439445496,0.0,0.0,0.0,1.0,1.0
SNPT-154,19,28,0,17.0,705.790771484375,-686.0948486328125,165.57301330566406,0.8286126852035522,0.871475875377655,0.9545071125030518,0.0,1.0,1.0,1.0,1.0
SNPT-154,7,45,1,415.0,57.66703796386719,7.144913673400879,57.22270202636719,1.209124207496643,0.8346989750862122,0.9373737573623657,0.0,0.0,0.0,1.0,1.0
SNPT-166,15,20,1,116.0,20.804330825805664,-0.5314075946807861,20.797542572021484,0.914089024066925,0.9623149633407593,0.9862288236618042,1.0,0.0,1.0,1.0,1.0
SNPT-153,20,29,1,196.0,4.1522626876831055,-3.9890708923339844,-1.15264892578125,0.8874063491821289,0.9217342138290405,0.9718732833862305,0.0,0.0,0.0,1.0,1.0
SNPT-067,8,25,1,58.0,25.55645751953125,17.254987716674805,18.851999282836914,0.9860600233078003,0.9650090932846069,0.9941142797470093,0.0,0.0,0.0,1.0,1.0
SNPT-115,18,25,1,128.0,13.421655654907227,3.101125478744507,-13.058478355407715,1.539979338645935,0.8257333040237427,0.9747832417488098,0.0,0.0,0.0,1.0,1.0
SNPT-060,7,37,0,514.0,1891.4351806640625,-1889.476806640625,86.04991149902344,0.8226869702339172,0.8500707149505615,0.976377010345459,0.0,0.0,0.0,1.0,0.0
SNPT-067,16,26,0,72.0,73.40455627441406,4.610286712646484,-73.25963592529297,1.1125868558883667,0.7871673703193665,0.9325774908065796,0.0,0.0,0.0,0.0,1.0
SNPT-154,50,53,1,79.0,87.36121368408203,31.790878295898438,81.37150573730469,0.8337706923484802,0.7592202425003052,0.9359956979751587,0.0,0.0,0.0,1.0,0.0
SNPT-162,19,33,1,310.0,869.7799072265625,860.2339477539062,128.50904846191406,1.0910664796829224,0.9407854080200195,0.9812341332435608,0.0,0.0,0.0,1.0,0.0
SNPT-066,10,29,0,98.0,850.6272583007812,-845.1239013671875,96.60391998291016,1.2100720405578613,0.8411868810653687,0.9795877933502197,0.0,0.0,0.0,1.0,1.0
SNPT-153,1,31,0,519.0,61.18018341064453,5.095550060272217,-60.96761703491211,1.1812840700149536,0.6296877264976501,0.8783423900604248,0.0,0.0,0.0,1.0,1.0
SNPT-107,9,30,1,159.0,86.84822845458984,4.936311721801758,86.70783233642578,0.641836941242218,0.8885229229927063,0.9904384016990662,0.0,0.0,0.0,1.0,1.0
SNPT-169,1,36,1,407.0,557.6892700195312,-398.1324157714844,-390.5226135253906,1.1776059865951538,0.8130506277084351,0.9717751741409302,1.0,0.0,1.0,1.0,1.0
SNPT-111,13,29,1,485.0,201.20848083496094,12.812124252319336,200.80015563964844,0.9594879150390625,0.8214259147644043,0.9735628962516785,1.0,0.0,1.0,1.0,1.0
SNPT-068,37,28,0,315.0,1895.494384765625,-1895.4246826171875,-16.252511978149414,1.3006287813186646,0.8258724212646484,0.9581438899040222,0.0,0.0,0.0,0.0,1.0
SNPT-109,2,26,0,2.0,1859.201416015625,1859.192138671875,5.8404765129089355,1.0678268671035767,0.7986655235290527,0.9919703006744385,0.0,1.0,1.0,1.0,1.0
SNPT-108,5,17,1,153.0,82.87786865234375,10.259448051452637,-82.24040985107422,0.658632755279541,0.9615373611450195,0.9837453961372375,1.0,0.0,1.0,1.0,1.0
SNPT-098,23,32,0,185.0,1900.9627685546875,-1895.652587890625,-141.9890899658203,0.9629210829734802,0.6793156266212463,0.85801762342453,0.0,1.0,0.0,1.0,1.0
SNPT-062,17,23,0,383.0,1896.539794921875,-1896.4891357421875,-13.861401557922363,1.2724472284317017,0.756342351436615,0.9464386105537415,0.0,0.0,0.0,1.0,1.0
SNPT-067,24,36,0,9.0,1894.6544189453125,1888.94091796875,147.02911376953125,0.6213616728782654,0.6246645450592041,0.887253999710083,0.0,0.0,0.0,0.0,1.0
SNPT-061,1,35,0,530.0,51.93798065185547,-10.042533874511719,50.95783996582031,0.9982784986495972,0.5493510961532593,0.9029841423034668,0.0,0.0,0.0,1.0,1.0
SNPT-074,21,24,1,425.0,119.74266052246094,115.17559051513672,-32.75495147705078,0.4514993131160736,0.8406055569648743,0.9469404220581055,0.0,0.0,0.0,1.0,1.0
SNPT-155,19,28,1,151.0,1633.0618896484375,1633.0517578125,5.7446160316467285,0.5886881947517395,0.8724643588066101,0.9568607807159424,1.0,0.0,1.0,1.0,1.0
SNPT-113,16,21,1,58.0,10.74155330657959,0.21173524856567383,-10.739465713500977,1.2400847673416138,0.9183981418609619,0.9922592639923096,1.0,0.0,1.0,1.0,1.0
SNPT-154,49,37,1,194.0,28.39393424987793,7.591269016265869,27.36033821105957,0.9880834221839905,0.9220817685127258,0.9625346064567566,1.0,0.0,0.0,1.0,1.0
SNPT-065,20,24,0,67.0,1858.7674560546875,1858.3658447265625,-38.6395149230957,0.9782816171646118,0.7706677913665771,0.9543440937995911,0.0,0.0,0.0,1.0,1.0
SNPT-068,21,31,1,249.0,76.92076873779297,-10.495599746704102,-76.20135498046875,1.3846038579940796,0.8711893558502197,0.9661190509796143,1.0,0.0,1.0,1.0,1.0
SNPT-154,15,52,1,143.0,27.515485763549805,2.854093074798584,27.367061614990234,1.1889777183532715,0.9482908248901367,0.9736153483390808,1.0,0.0,1.0,1.0,1.0
SNPT-076,21,24,1,158.0,32.97745895385742,-0.05047045275568962,-32.977420806884766,0.9088755249977112,0.9390063881874084,0.9915531277656555,0.0,0.0,0.0,1.0,1.0
SNPT-158,6,26,0,180.0,532.2973022460938,531.6281127929688,26.6827392578125,1.025378704071045,0.7454174757003784,0.9171107411384583,0.0,0.0,0.0,1.0,1.0
SNPT-102,5,30,1,372.0,361.6684875488281,-2.497150182723999,361.65985107421875,0.4263429343700409,0.6519581079483032,0.9340721964836121,0.0,0.0,0.0,1.0,1.0
SNPT-161,12,36,0,538.0,84.0408706665039,32.49651336669922,77.50383758544922,0.8899799585342407,0.6234052777290344,0.9430617690086365,0.0,1.0,0.0,0.0,1.0
SNPT-168,2,22,0,32.0,1903.320068359375,-1902.578125,53.136962890625,0.7698537707328796,0.8189826607704163,0.9760938882827759,0.0,0.0,0.0,1.0,1.0
SNPT-157,3,26,1,149.0,50.36013412475586,8.258101463317871,49.678436279296875,1.5090240240097046,0.86443692445755,0.9660806059837341,0.0,1.0,1.0,1.0,1.0
SNPT-157,2,22,0,33.0,1908.307373046875,1891.275390625,254.39076232910156,0.5608769655227661,0.651093065738678,0.8898880481719971,0.0,0.0,0.0,1.0,1.0
SNPT-068,25,36,0,423.0,1916.2242431640625,1898.7449951171875,-258.2305603027344,0.8246572613716125,0.7547010779380798,0.8756073117256165,0.0,0.0,0.0,0.0,1.0
SNPT-159,55,43,0,62.0,496.5970458984375,1.9939501285552979,-496.5930480957031,1.4718207120895386,0.8928680419921875,0.9747329354286194,0.0,0.0,0.0,1.0,1.0
SNPT-107,9,31,0,167.0,93.71250915527344,0.9363117218017578,93.70783233642578,0.6846888065338135,0.647567629814148,0.9402080178260803,0.0,0.0,0.0,0.0,1.0
SNPT-169,41,16,1,63.0,90.96833038330078,-3.6957669258117676,-90.89322662353516,1.4463164806365967,0.7835557460784912,0.97860187292099,0.0,0.0,0.0,1.0,1.0
SNPT-164,3,24,1,65.0,20.213321685791016,6.2870612144470215,-19.210704803466797,1.0078139305114746,0.9480618834495544,0.9732301235198975,0.0,0.0,0.0,1.0,1.0
SNPT-169,1,28,0,151.0,613.9429931640625,-384.6324157714844,-478.5226135253906,1.4028407335281372,0.7490578293800354,0.9175931215286255,0.0,1.0,1.0,0.0,1.0
SNPT-070,11,29,0,215.0,157.41648864746094,3.5128042697906494,157.37728881835938,1.1619876623153687,0.9160052537918091,0.9931896924972534,0.0,1.0,1.0,1.0,1.0
SNPT-066,10,38,1,310.0,537.1995239257812,-528.6239013671875,95.60391998291016,0.8961358070373535,0.9265370965003967,0.9735838770866394,0.0,0.0,0.0,1.0,1.0
SNPT-159,24,42,1,187.0,127.31069946289062,-30.250398635864258,123.6645736694336,1.1007624864578247,0.7854827046394348,0.933021068572998,1.0,0.0,1.0,1.0,1.0
SNPT-111,40,31,0,287.0,41.58797836303711,3.5280075073242188,-41.43806076049805,0.2365145981311798,0.6046849489212036,0.8615830540657043,0.0,0.0,0.0,0.0,1.0
SNPT-072,15,28,0,391.0,1906.5994873046875,-1903.037109375,116.49562072753906,0.7964008450508118,0.7665115594863892,0.9328778982162476,0.0,1.0,1.0,1.0,1.0
SNPT-066,8,44,1,359.0,1919.4925537109375,-1899.70458984375,274.9075012207031,0.7043083906173706,0.9136157035827637,0.9840238690376282,1.0,0.0,1.0,1.0,1.0
SNPT-163,7,19,1,156.0,26.664827346801758,-5.723519802093506,26.043315887451172,0.7970066666603088,0.875881552696228,0.9857820868492126,0.0,0.0,0.0,1.0,1.0
SNPT-153,7,10,1,105.0,35.17704772949219,3.6708872318267822,-34.9849853515625,1.1745513677597046,0.9114100933074951,0.9871906042098999,0.0,0.0,0.0,1.0,1.0
SNPT-098,12,31,1,204.0,389.4102478027344,379.4788513183594,87.3851318359375,1.5510270595550537,0.8669888973236084,0.9866430163383484,1.0,0.0,1.0,1.0,1.0
SNPT-161,3,36,0,519.0,350.8497009277344,3.824127435684204,-350.828857421875,1.3104169368743896,0.7608960270881653,0.9740403890609741,0.0,1.0,0.0,1.0,1.0
SNPT-162,6,30,1,87.0,140.85533142089844,6.420159816741943,140.7089385986328,1.0942673683166504,0.9201683402061462,0.9620718359947205,0.0,0.0,0.0,1.0,1.0
SNPT-065,20,25,0,92.0,780.0938720703125,779.8658447265625,18.86048698425293,0.8446928858757019,0.8684206008911133,0.9680299162864685,0.0,1.0,1.0,0.0,1.0
SNPT-070,33,24,0,45.0,92.2844467163086,0.6299750208854675,92.28230285644531,0.9092599749565125,0.8030198812484741,0.961045503616333,0.0,1.0,1.0,0.0,1.0
SNPT-114,4,16,1,139.0,37.73985290527344,14.516204833984375,-34.836421966552734,1.1866248846054077,0.9320964813232422,0.9482861757278442,0.0,1.0,0.0,1.0,1.0
SNPT-154,6,43,1,116.0,113.53682708740234,-2.768320083618164,113.5030746459961,1.1395542621612549,0.8571943044662476,0.9610042572021484,0.0,0.0,0.0,1.0,1.0
SNPT-158,14,34,0,207.0,417.4161071777344,-14.672316551208496,417.1581726074219,0.3638745844364166,0.6854828000068665,0.9203431606292725,0.0,0.0,0.0,0.0,1.0
SNPT-155,3,26,1,113.0,8.520153045654297,-5.649786472320557,6.377532958984375,0.9314945340156555,0.9299210906028748,0.9321549534797668,1.0,0.0,1.0,1.0,1.0
SNPT-159,23,43,1,175.0,40.8258056640625,-5.544800758361816,40.44751739501953,0.9313023090362549,0.7772183418273926,0.9642437696456909,0.0,0.0,0.0,1.0,1.0
SNPT-157,22,39,0,305.0,44.20591354370117,29.526592254638672,32.898983001708984,1.0906544923782349,0.4765092730522156,0.913760244846344,0.0,1.0,0.0,0.0,1.0
SNPT-169,8,38,0,489.0,1900.9102783203125,1900.2889404296875,48.6002311706543,0.8653327226638794,0.7435095310211182,0.9411137104034424,0.0,0.0,0.0,0.0,1.0
SNPT-108,16,34,1,294.0,185.05189514160156,-12.435794830322266,184.63356018066406,0.814610481262207,0.8892582654953003,0.9467591047286987,1.0,0.0,1.0,1.0,1.0
SNPT-158,1,36,0,212.0,321.4645080566406,-11.771421432495117,321.2489318847656,0.7224706411361694,0.8692651987075806,0.97823166847229,0.0,0.0,0.0,1.0,1.0
SNPT-169,9,33,0,168.0,345.41973876953125,335.9744567871094,-80.22442626953125,1.0136852264404297,0.7821506261825562,0.9509153962135315,0.0,1.0,1.0,0.0,1.0
SNPT-166,17,26,1,101.0,149.2779083251953,0.5189438462257385,-149.27700805664062,1.31564199924469,0.9477107524871826,0.9713496565818787,0.0,0.0,0.0,1.0,1.0
SNPT-065,7,29,1,105.0,61.95158767700195,27.75142478942871,55.38824462890625,0.6743794679641724,0.9581466913223267,0.9657498002052307,1.0,0.0,1.0,1.0,1.0
SNPT-153,3,21,0,258.0,204.14085388183594,5.777888298034668,204.05906677246094,0.8367433547973633,0.8796688914299011,0.9854542016983032,0.0,1.0,0.0,1.0,1.0
SNPT-163,2,21,1,245.0,37.949581146240234,-5.27572774887085,-37.581077575683594,1.450154423713684,0.8471274971961975,0.8879410624504089,1.0,0.0,1.0,1.0,1.0
SNPT-154,17,39,1,182.0,93.22508239746094,93.2025375366211,2.050161600112915,0.9990232586860657,0.837912917137146,0.9700118899345398,0.0,0.0,0.0,1.0,1.0
SNPT-170,8,27,0,44.0,1909.09716796875,-1896.56640625,-218.37539672851562,1.7265478372573853,0.6035474538803101,0.8740589618682861,0.0,0.0,0.0,0.0,1.0
SNPT-068,3,31,0,485.0,1897.0560302734375,-1894.842529296875,-91.61515808105469,1.1693774461746216,0.8232070207595825,0.9569923877716064,0.0,1.0,1.0,0.0,1.0
SNPT-154,8,39,0,314.0,1890.5782470703125,1885.73974609375,-135.172607421875,1.6864029169082642,0.8303853273391724,0.9065068364143372,0.0,0.0,0.0,1.0,0.0
SNPT-159,51,36,0,170.0,606.4401245117188,577.0848388671875,-186.3939666748047,1.5135936737060547,0.8627544641494751,0.9612942337989807,0.0,0.0,0.0,1.0,0.0
SNPT-102,1,31,1,353.0,73.14704895019531,5.116461277008057,-72.96788787841797,0.7307571172714233,0.7222968339920044,0.9840723872184753,0.0,0.0,0.0,1.0,1.0
SNPT-072,10,33,1,66.0,71.49949645996094,5.508573532104492,71.28697967529297,0.7591218948364258,0.956363320350647,0.967134952545166,0.0,0.0,0.0,1.0,1.0
SNPT-103,5,25,0,380.0,1907.38232421875,-1893.4580078125,230.05271911621094,0.7962406277656555,0.8330240249633789,0.9639005064964294,0.0,1.0,1.0,1.0,1.0
SNPT-154,49,34,0,166.0,25.394878387451172,3.59126877784729,-25.13966178894043,1.2249373197555542,0.7610297799110413,0.9176691174507141,0.0,0.0,0.0,0.0,1.0
SNPT-102,7,26,0,293.0,290.5671691894531,-3.990652561187744,-290.5397644042969,1.3652408123016357,0.7672895789146423,0.9733998775482178,0.0,0.0,0.0,1.0,1.0
SNPT-072,1,24,0,8.0,1904.48583984375,1903.21044921875,-69.6865463256836,1.2680538892745972,0.8983582258224487,0.9470391869544983,0.0,1.0,0.0,1.0,1.0
SNPT-152,22,23,0,31.0,61.123844146728516,-10.70844554901123,-60.17851257324219,0.8481740355491638,0.5888736248016357,0.9222938418388367,0.0,0.0,0.0,0.0,1.0
SNPT-154,19,44,0,342.0,656.14013671875,-647.0948486328125,108.5730209350586,0.9522780776023865,0.7941982746124268,0.9842552542686462,0.0,0.0,0.0,1.0,1.0
SNPT-066,44,21,0,394.0,1919.09521484375,-1881.564208984375,377.6803283691406,1.7784016132354736,0.6374139785766602,0.9399065375328064,0.0,0.0,0.0,0.0,1.0
SNPT-070,1,25,0,396.0,203.92645263671875,-11.597264289855957,203.59642028808594,1.212494134902954,0.7208594083786011,0.9301750659942627,0.0,1.0,1.0,0.0,1.0
SNPT-162,4,29,0,76.0,503.2017517089844,-7.451259136199951,503.1465759277344,0.7251191139221191,0.8302903771400452,0.9691702723503113,0.0,0.0,0.0,1.0,0.0
SNPT-159,23,35,0,126.0,142.41183471679688,-16.544801712036133,141.447509765625,0.7629494667053223,0.660230815410614,0.9420970678329468,0.0,0.0,0.0,0.0,1.0
SNPT-105,18,27,0,135.0,169.0226593017578,9.559122085571289,-168.75213623046875,1.371519923210144,0.6872090101242065,0.9495492577552795,0.0,1.0,1.0,1.0,1.0
SNPT-073,1,37,0,483.0,1892.2279052734375,-1892.197509765625,-10.725316047668457,1.2150046825408936,0.8359001874923706,0.9722999334335327,0.0,1.0,1.0,1.0,1.0
SNPT-164,15,31,0,327.0,1405.554443359375,-1272.4190673828125,597.1038818359375,0.5404785871505737,0.7134450674057007,0.9348475933074951,0.0,0.0,0.0,0.0,1.0
SNPT-163,18,37,0,65.0,1890.861572265625,-1888.272705078125,-98.91275787353516,0.902540385723114,0.6815249919891357,0.8935793042182922,0.0,1.0,1.0,0.0,1.0
SNPT-102,20,28,1,396.0,147.2738800048828,2.821964979171753,147.24684143066406,0.8640926480293274,0.9366510510444641,0.9640014171600342,1.0,0.0,1.0,1.0,1.0
SNPT-063,14,27,1,112.0,31.231014251708984,1.2709038257598877,31.20514488220215,0.995163083076477,0.9750418663024902,0.9756601452827454,1.0,0.0,1.0,1.0,1.0
SNPT-154,11,23,0,134.0,22.160978317260742,3.099191665649414,-21.943199157714844,1.4161031246185303,0.8428390026092529,0.9454406499862671,0.0,0.0,0.0,1.0,1.0
SNPT-163,13,20,1,154.0,106.36235046386719,-105.97811889648438,-9.032588005065918,0.8585923314094543,0.9113363027572632,0.9905526041984558,1.0,0.0,0.0,1.0,1.0
SNPT-098,5,31,1,491.0,1514.3251953125,-1507.3817138671875,144.84878540039062,1.176858901977539,0.8979986906051636,0.9433441758155823,1.0,0.0,1.0,1.0,1.0
SNPT-160,5,33,0,384.0,132.32107543945312,4.622820854187012,-132.2403106689453,2.127964735031128,0.5774046182632446,0.9340190887451172,0.0,0.0,0.0,0.0,1.0
SNPT-076,13,25,1,72.0,46.62074661254883,13.19775104522705,-44.71368408203125,1.041800618171692,0.9391955733299255,0.974725067615509,0.0,0.0,0.0,1.0,1.0
SNPT-063,11,38,0,142.0,484.4378662109375,-17.55950164794922,484.1195068359375,0.5585653185844421,0.8588498830795288,0.9723552465438843,0.0,1.0,0.0,1.0,1.0
SNPT-163,1,26,0,397.0,231.1894989013672,1.8923625946044922,-231.1817626953125,1.76627779006958,0.6802525520324707,0.8513886332511902,0.0,0.0,0.0,0.0,1.0
SNPT-068,37,24,1,39.0,46.085975646972656,5.575347900390625,45.74748611450195,1.1248630285263062,0.9595504999160767,0.9579000473022461,0.0,0.0,0.0,1.0,1.0
SNPT-155,1,20,0,75.0,1949.6572265625,1897.563720703125,-447.6774597167969,1.764349341392517,0.7514944076538086,0.9784431457519531,0.0,1.0,1.0,1.0,1.0
SNPT-070,5,30,0,458.0,136.956787109375,-2.9152328968048096,-136.92576599121094,2.1547114849090576,0.848215639591217,0.907470703125,0.0,1.0,1.0,1.0,1.0
SNPT-065,4,37,0,274.0,1235.55419921875,1232.2777099609375,-89.92115783691406,0.572064220905304,0.6410408020019531,0.9522736668586731,0.0,0.0,0.0,0.0,1.0
SNPT-169,11,45,0,286.0,54.74928665161133,49.457611083984375,23.482524871826172,1.1033846139907837,0.7466734647750854,0.9286526441574097,0.0,0.0,0.0,0.0,1.0
SNPT-063,4,28,1,194.0,56.118568420410156,-23.54010772705078,-50.942684173583984,1.4468635320663452,0.9436022043228149,0.9894925951957703,1.0,0.0,1.0,1.0,1.0
SNPT-070,6,30,0,188.0,297.9538269042969,0.2824191749095917,-297.95367431640625,2.29097843170166,0.8819847106933594,0.9259023070335388,0.0,1.0,1.0,1.0,1.0
SNPT-108,3,23,0,106.0,243.54827880859375,7.833608627319336,-243.42225646972656,1.2328791618347168,0.7572475671768188,0.9847477674484253,0.0,1.0,0.0,1.0,1.0
SNPT-065,9,24,0,80.0,1860.2393798828125,1859.00634765625,-67.72126007080078,1.0087833404541016,0.7060549259185791,0.9020639061927795,0.0,0.0,0.0,0.0,1.0
SNPT-109,19,22,0,120.0,265.3048400878906,-103.8359146118164,244.14085388183594,0.8699266314506531,0.8616673350334167,0.9788225293159485,0.0,0.0,0.0,1.0,1.0
SNPT-067,16,29,0,98.0,142.30543518066406,3.6102867126464844,-142.2596435546875,1.313360571861267,0.7501355409622192,0.9525332450866699,0.0,0.0,0.0,0.0,1.0
SNPT-164,24,33,0,194.0,1903.9520263671875,1902.7198486328125,68.48591613769531,0.9430902600288391,0.5149543285369873,0.9435858726501465,0.0,0.0,0.0,0.0,1.0
SNPT-164,19,27,0,94.0,139.18260192871094,-10.270028114318848,138.8031768798828,0.8272417187690735,0.7404161691665649,0.9802873730659485,0.0,0.0,0.0,1.0,1.0
SNPT-162,17,39,1,144.0,336.1021728515625,15.145206451416016,335.7607727050781,0.7776227593421936,0.9289882779121399,0.9856480360031128,0.0,0.0,0.0,1.0,0.0
SNPT-115,4,19,0,45.0,1905.806396484375,1896.4365234375,188.75025939941406,0.673381507396698,0.6736160516738892,0.8543553948402405,0.0,0.0,0.0,0.0,1.0
SNPT-107,8,37,0,196.0,67.43628692626953,1.4237792491912842,-67.42125701904297,0.659412145614624,0.7901667952537537,0.9264960885047913,0.0,1.0,0.0,1.0,1.0
SNPT-114,6,16,0,151.0,82.06031036376953,16.287090301513672,80.4277572631836,0.928735077381134,0.6445566415786743,0.9404025673866272,0.0,0.0,0.0,1.0,1.0
SNPT-077,20,28,0,133.0,241.59762573242188,3.1649630069732666,-241.57688903808594,0.9845478534698486,0.7104567289352417,0.9305652379989624,0.0,0.0,0.0,0.0,1.0
SNPT-065,4,36,1,250.0,1240.0787353515625,1236.7777099609375,-90.42115783691406,0.5276818871498108,0.8607245683670044,0.9645184278488159,0.0,0.0,0.0,1.0,1.0
SNPT-068,18,33,0,356.0,1921.8646240234375,1893.1396484375,-331.0374450683594,1.031507968902588,0.7853805422782898,0.9350113272666931,0.0,0.0,0.0,1.0,1.0
SNPT-100,2,26,0,473.0,1892.626220703125,-1892.604736328125,9.028491973876953,0.7680577635765076,0.861311137676239,0.9730592370033264,0.0,0.0,0.0,1.0,1.0
SNPT-159,7,36,0,164.0,299.2206726074219,198.9014129638672,-223.54248046875,1.87160062789917,0.6795758008956909,0.9067906141281128,0.0,0.0,0.0,0.0,1.0
SNPT-105,9,34,1,301.0,9.604043960571289,-1.6709907054901123,9.457560539245605,0.8115215301513672,0.899823009967804,0.9857351183891296,0.0,1.0,0.0,1.0,1.0
SNPT-070,11,27,1,169.0,44.2699089050293,10.01280403137207,-43.122718811035156,1.5290446281433105,0.9473626613616943,0.9693191051483154,0.0,0.0,0.0,1.0,1.0
SNPT-158,18,39,0,245.0,567.69189453125,9.246390342712402,567.6165771484375,0.4762936532497406,0.7984740138053894,0.9258249402046204,0.0,0.0,0.0,1.0,1.0
SNPT-169,1,23,0,145.0,768.9777221679688,-382.6324157714844,-667.0225830078125,2.1918156147003174,0.8141659498214722,0.9057023525238037,0.0,0.0,0.0,1.0,0.0
SNPT-107,5,27,0,342.0,39.581478118896484,11.310027122497559,37.931209564208984,0.5804058313369751,0.5882238745689392,0.901064395904541,0.0,0.0,0.0,0.0,1.0
SNPT-154,5,41,0,276.0,88.88384246826172,87.72135925292969,-14.328302383422852,1.0162466764450073,0.7915139198303223,0.9488882422447205,0.0,0.0,0.0,0.0,1.0
SNPT-170,2,25,0,1.0,353.4342041015625,-353.40936279296875,-4.188241958618164,1.268911600112915,0.852339506149292,0.9471994042396545,0.0,0.0,0.0,1.0,1.0
SNPT-106,8,28,0,627.0,1875.711669921875,-1875.676025390625,11.562989234924316,0.7540924549102783,0.6719377636909485,0.9723666906356812,0.0,0.0,0.0,1.0,1.0
SNPT-113,22,32,0,35.0,1900.803466796875,1896.2349853515625,131.70614624023438,0.9082687497138977,0.5591224431991577,0.9023942947387695,0.0,0.0,0.0,0.0,1.0
SNPT-067,20,34,1,246.0,69.68061065673828,19.462186813354492,66.90747833251953,0.8025667071342468,0.8474260568618774,0.9733262062072754,1.0,0.0,1.0,1.0,1.0
SNPT-074,21,25,0,485.0,1680.2484130859375,-1679.824462890625,37.74504852294922,0.5511146187782288,0.6887000203132629,0.9122626781463623,0.0,0.0,0.0,1.0,1.0
SNPT-154,10,34,0,256.0,1886.38671875,1886.38671875,0.5409571528434753,1.1135590076446533,0.8629557490348816,0.9525803327560425,0.0,0.0,0.0,1.0,1.0
SNPT-162,13,28,0,39.0,1888.5018310546875,-1886.9344482421875,-76.92594146728516,0.8964079022407532,0.7259752750396729,0.9205953478813171,0.0,0.0,0.0,1.0,1.0
SNPT-060,18,35,0,186.0,161.28619384765625,48.507694244384766,-153.81884765625,1.271228313446045,0.7289371490478516,0.9511222243309021,0.0,0.0,0.0,0.0,1.0
SNPT-114,3,24,0,163.0,53.06521987915039,2.429304361343384,53.009586334228516,1.1693956851959229,0.729790449142456,0.8405312299728394,0.0,1.0,1.0,0.0,1.0
SNPT-075,2,25,1,113.0,51.437442779541016,2.8225536346435547,-51.35994338989258,1.5690263509750366,0.929611086845398,0.9822952747344971,1.0,0.0,1.0,1.0,1.0
SNPT-154,27,41,0,67.0,1893.09521484375,1893.0924072265625,3.281925916671753,1.1293694972991943,0.8026251792907715,0.9548149704933167,0.0,0.0,0.0,0.0,1.0
SNPT-164,18,29,0,170.0,296.46588134765625,3.7652342319488525,-296.44195556640625,1.7594126462936401,0.5149297714233398,0.9171108603477478,0.0,0.0,0.0,0.0,1.0
SNPT-169,1,45,0,460.0,1638.4915771484375,1508.17529296875,-640.36083984375,1.8526278734207153,0.6744468212127686,0.8864080905914307,0.0,0.0,0.0,0.0,1.0
SNPT-112,15,27,0,123.0,522.8908081054688,47.08454132080078,-520.7665405273438,1.712407112121582,0.5492857098579407,0.890971302986145,0.0,0.0,0.0,0.0,1.0
SNPT-068,20,29,0,128.0,404.5550537109375,5.962182998657227,404.5111083984375,0.5503841638565063,0.8327652215957642,0.9786847233772278,0.0,0.0,0.0,1.0,1.0
SNPT-066,10,30,1,100.0,21.888349533081055,-9.123916625976562,-19.896080017089844,1.5112203359603882,0.9418246746063232,0.9811088442802429,0.0,0.0,0.0,1.0,1.0
SNPT-105,16,24,1,101.0,16.949459075927734,-15.341728210449219,-7.20524263381958,0.7111579775810242,0.7992153167724609,0.9373602271080017,0.0,0.0,0.0,1.0,1.0
SNPT-070,5,29,1,454.0,26.68377113342285,-2.4152328968048096,26.574241638183594,1.63005530834198,0.9316182136535645,0.9314277172088623,1.0,0.0,1.0,1.0,1.0
SNPT-065,19,38,0,374.0,1901.336181640625,1900.8665771484375,42.251609802246094,0.47171851992607117,0.8913424015045166,0.8849567174911499,0.0,0.0,0.0,0.0,0.0
SNPT-065,4,28,1,3.0,48.2778205871582,48.27775955200195,0.07884008437395096,0.8833679556846619,0.9321559071540833,0.9818521738052368,0.0,0.0,0.0,1.0,1.0
SNPT-163,7,21,0,167.0,89.07107543945312,-2.223520040512085,89.04331970214844,0.705863893032074,0.8174926042556763,0.9704076051712036,0.0,0.0,0.0,1.0,1.0
SNPT-157,8,39,1,668.0,63.309139251708984,-7.390246391296387,62.876319885253906,0.5187256336212158,0.7557523846626282,0.9140958189964294,0.0,0.0,0.0,1.0,0.0
SNPT-060,28,34,0,181.0,345.6673278808594,26.136672973632812,344.67779541015625,0.6971701383590698,0.72474205493927,0.9300829172134399,0.0,0.0,0.0,0.0,1.0
SNPT-068,37,26,1,159.0,126.94481658935547,7.075347900390625,126.74748992919922,1.031934142112732,0.976938009262085,0.9880713224411011,1.0,0.0,1.0,1.0,1.0
SNPT-061,25,30,1,165.0,135.43014526367188,-21.501842498779297,-133.7123565673828,1.580549955368042,0.9396045207977295,0.9612177610397339,1.0,0.0,1.0,1.0,1.0
SNPT-108,4,34,1,669.0,1883.3634033203125,1873.725830078125,190.2874755859375,0.7922303080558777,0.9097832441329956,0.9303354024887085,1.0,0.0,1.0,1.0,1.0
SNPT-064,14,32,0,124.0,1028.2001953125,-1020.4273071289062,-126.19003295898438,1.9110758304595947,0.8481835126876831,0.9837005734443665,0.0,1.0,1.0,1.0,1.0
SNPT-111,1,17,0,127.0,573.056640625,-571.811279296875,-37.75931930541992,0.16293932497501373,0.6808719635009766,0.8115025162696838,0.0,0.0,0.0,0.0,1.0
SNPT-159,6,46,0,369.0,1921.5799560546875,1903.69287109375,-261.5775451660156,2.0423121452331543,0.7205578088760376,0.8564375638961792,0.0,0.0,0.0,0.0,1.0
SNPT-163,40,14,1,1.0,45.6012077331543,-45.6009635925293,-0.14934831857681274,0.9975816011428833,0.8172459602355957,0.9425481557846069,0.0,0.0,0.0,1.0,1.0
SNPT-068,6,33,1,168.0,235.7775115966797,-3.243513822555542,-235.7552032470703,0.750625729560852,0.8901770114898682,0.9527312517166138,0.0,0.0,0.0,1.0,1.0
SNPT-113,16,31,0,349.0,119.56157684326172,-86.28826141357422,82.76053619384766,0.99977046251297,0.6427870988845825,0.87910395860672,0.0,0.0,0.0,0.0,1.0
SNPT-103,28,31,1,34.0,62.170814514160156,-1.6207472085952759,62.14968490600586,1.1420871019363403,0.9306176900863647,0.9854394197463989,1.0,0.0,1.0,1.0,1.0
SNPT-107,6,33,0,355.0,239.5845489501953,16.137195587158203,239.04046630859375,0.5852605104446411,0.7240753173828125,0.9498752355575562,0.0,0.0,0.0,1.0,1.0
SNPT-064,11,22,0,53.0,44.261600494384766,5.067411422729492,-43.97056579589844,1.295578122138977,0.8413859605789185,0.934282124042511,0.0,1.0,1.0,0.0,1.0
SNPT-072,1,28,1,240.0,8.818208694458008,-0.2895004451274872,8.813454627990723,1.0866501331329346,0.9770872592926025,0.9940522909164429,1.0,0.0,1.0,1.0,1.0
SNPT-108,18,35,0,287.0,129.09458923339844,-9.26063346862793,128.7620086669922,1.0294479131698608,0.5931677222251892,0.926457405090332,0.0,1.0,0.0,0.0,1.0
SNPT-109,8,31,0,81.0,1923.1397705078125,-1894.1114501953125,-332.878662109375,0.9922463297843933,0.5720162987709045,0.9130920171737671,0.0,1.0,1.0,0.0,1.0
SNPT-111,37,31,0,439.0,1902.346923828125,1895.5050048828125,-161.1974334716797,1.8208853006362915,0.6379612684249878,0.8010319471359253,0.0,0.0,0.0,0.0,1.0
SNPT-108,8,14,1,110.0,75.65154266357422,-5.507216453552246,75.45082092285156,0.8143202662467957,0.8973854184150696,0.9766544103622437,0.0,0.0,0.0,1.0,1.0
SNPT-062,1,26,0,416.0,1882.7169189453125,1882.713134765625,3.7364509105682373,0.8097172975540161,0.815687894821167,0.9411401152610779,0.0,1.0,1.0,0.0,1.0
SNPT-161,4,36,0,531.0,6.448969841003418,-1.52590811252594,-6.26584529876709,1.2635257244110107,0.7277493476867676,0.9793719053268433,0.0,1.0,0.0,1.0,1.0
SNPT-158,4,24,0,3.0,1905.29833984375,-1902.070556640625,-110.85762023925781,1.1522941589355469,0.5677245855331421,0.8920394778251648,0.0,1.0,1.0,0.0,1.0
SNPT-169,41,37,0,411.0,90.60944366455078,-0.6957668662071228,90.60677337646484,1.1343034505844116,0.621649444103241,0.9354653358459473,0.0,0.0,0.0,1.0,1.0
SNPT-065,28,36,1,86.0,37.07588195800781,-11.285701751708984,-35.31648254394531,0.5973522663116455,0.8627216815948486,0.9689092636108398,0.0,0.0,0.0,1.0,1.0
SNPT-169,23,38,0,313.0,1519.6109619140625,1487.3868408203125,311.2843322753906,0.5002472996711731,0.7247655391693115,0.9336090683937073,0.0,0.0,0.0,0.0,0.0
SNPT-113,22,27,0,0.0,0.0,0.0,0.0,0.9417971968650818,0.6534150838851929,0.9239832758903503,0.0,0.0,0.0,0.0,1.0
SNPT-111,33,27,0,152.0,173.73129272460938,-0.6094285845756531,173.730224609375,0.8640549182891846,0.8012706637382507,0.9943760633468628,0.0,1.0,1.0,1.0,1.0
SNPT-097,12,24,0,162.0,45.39311599731445,-12.017749786376953,43.773380279541016,0.9039399027824402,0.693274199962616,0.9201785326004028,0.0,1.0,1.0,0.0,1.0
SNPT-151,10,26,0,281.0,324.827880859375,-0.5477666854858398,-324.8274230957031,1.8830373287200928,0.8065250515937805,0.9484269022941589,0.0,0.0,0.0,1.0,1.0
SNPT-110,5,39,1,84.0,34.937931060791016,-26.707275390625,-22.525108337402344,0.7553293108940125,0.7818654775619507,0.9822473526000977,0.0,1.0,0.0,1.0,0.0
SNPT-153,12,22,0,59.0,1963.260498046875,1901.850830078125,-487.19122314453125,1.964677095413208,0.7972512245178223,0.8881807923316956,0.0,1.0,1.0,0.0,1.0
SNPT-154,28,46,0,145.0,68.11588287353516,8.662881851196289,-67.56277465820312,2.0605874061584473,0.8344946503639221,0.9091686606407166,0.0,0.0,0.0,0.0,0.0
SNPT-158,11,35,0,246.0,26.764379501342773,-10.29509162902832,24.705123901367188,0.9558312892913818,0.7707220911979675,0.9431256651878357,0.0,0.0,0.0,0.0,1.0
SNPT-108,10,31,0,338.0,394.9967346191406,-17.27649688720703,394.6187438964844,0.3174026608467102,0.7003176212310791,0.9101753234863281,0.0,0.0,0.0,1.0,1.0
SNPT-159,9,31,1,348.0,34.22707748413086,34.222129821777344,-0.5821402072906494,1.3416507244110107,0.8860953450202942,0.8948105573654175,0.0,1.0,0.0,1.0,1.0
SNPT-165,4,17,0,60.0,443.9078674316406,15.830546379089355,-443.6255187988281,2.492039680480957,0.5204919576644897,0.9031900763511658,0.0,1.0,1.0,0.0,1.0
SNPT-159,1,27,0,322.0,1.4260060787200928,-0.09670766443014145,-1.4227230548858643,1.5144046545028687,0.6800264716148376,0.9026097059249878,0.0,0.0,0.0,0.0,1.0
SNPT-063,10,23,1,24.0,63.54981994628906,-1.8988301753997803,63.521446228027344,1.3034876585006714,0.9779989719390869,0.9935479164123535,0.0,1.0,0.0,1.0,1.0
SNPT-098,34,29,1,88.0,61.98345184326172,9.1312255859375,61.30717086791992,0.7726373672485352,0.8471379280090332,0.9482263922691345,1.0,0.0,1.0,1.0,1.0
SNPT-105,16,23,0,100.0,3.3141016960144043,-2.8417279720306396,-1.7052425146102905,0.6631671786308289,0.6298947930335999,0.8830558061599731,0.0,0.0,0.0,0.0,1.0
SNPT-159,4,42,0,312.0,1904.555908203125,1870.034912109375,360.9751281738281,0.6635764241218567,0.653010904788971,0.92563796043396,0.0,1.0,1.0,0.0,1.0
SNPT-159,26,42,0,202.0,303.95556640625,-27.810049057006836,302.6806640625,0.6783823370933533,0.7781215310096741,0.9683448076248169,0.0,0.0,0.0,1.0,1.0
SNPT-156,6,22,0,184.0,1874.1685791015625,-1870.2427978515625,121.24208068847656,0.9093852639198303,0.8132165670394897,0.9456701278686523,0.0,1.0,1.0,1.0,0.0
SNPT-112,2,24,0,37.0,1857.8577880859375,1856.2071533203125,-78.29608154296875,1.4586482048034668,0.6319986581802368,0.922865092754364,0.0,0.0,0.0,0.0,1.0
SNPT-159,4,45,0,370.0,1905.04150390625,1900.034912109375,-138.02488708496094,1.6178478002548218,0.7049664258956909,0.9401212334632874,0.0,0.0,0.0,0.0,1.0
SNPT-169,8,21,0,158.0,951.0799560546875,889.7889404296875,-335.8997802734375,1.1860519647598267,0.830700695514679,0.9856679439544678,0.0,0.0,0.0,1.0,1.0
SNPT-169,20,45,1,21.0,7.75264310836792,-2.4079062938690186,-7.3692240715026855,0.9326967000961304,0.9213120937347412,0.9797512888908386,0.0,0.0,0.0,1.0,1.0
SNPT-168,14,23,0,185.0,247.13441467285156,-34.91060256958008,244.65623474121094,0.7471722960472107,0.6099518537521362,0.8972220420837402,0.0,0.0,0.0,0.0,1.0
SNPT-072,10,31,0,28.0,1903.663330078125,-1898.991455078125,133.28697204589844,0.8187212944030762,0.788109302520752,0.9448041915893555,0.0,1.0,1.0,0.0,1.0
SNPT-154,8,28,1,130.0,91.34395599365234,1.7397540807724,91.32738494873047,0.9926168918609619,0.9617977738380432,0.9889676570892334,1.0,0.0,1.0,1.0,0.0
SNPT-163,15,34,0,292.0,108.4172592163086,-34.657962799072266,102.7284164428711,1.0069546699523926,0.8071233630180359,0.9813021421432495,0.0,1.0,1.0,1.0,0.0
SNPT-063,20,41,0,307.0,1817.670654296875,-1808.29150390625,-184.41354370117188,1.3521817922592163,0.8194031715393066,0.9820118546485901,0.0,0.0,0.0,1.0,1.0
SNPT-068,7,17,1,90.0,13.183609962463379,5.643686294555664,11.914545059204102,1.097977638244629,0.9419280290603638,0.9754942059516907,0.0,0.0,0.0,1.0,1.0
SNPT-109,2,28,1,137.0,309.08563232421875,-12.307804107666016,308.8404846191406,0.6702049374580383,0.9153565764427185,0.9883406162261963,1.0,0.0,1.0,1.0,1.0
SNPT-158,6,35,1,272.0,533.5978393554688,521.1281127929688,114.6827392578125,0.87000972032547,0.939203679561615,0.956987738609314,0.0,0.0,0.0,1.0,1.0
SNPT-061,1,34,0,474.0,96.4819107055664,-10.042533874511719,95.95783996582031,0.7670418620109558,0.5737627148628235,0.9164108633995056,0.0,0.0,0.0,0.0,1.0
SNPT-105,9,31,1,118.0,55.46162033081055,-0.6709907054901123,55.45756149291992,0.5388863682746887,0.892299234867096,0.9125392436981201,0.0,1.0,0.0,1.0,1.0
SNPT-060,19,32,0,324.0,179.2967987060547,54.20697021484375,170.90625,0.6241464614868164,0.6091334819793701,0.9274620413780212,0.0,0.0,0.0,0.0,1.0
SNPT-077,15,30,0,218.0,378.8113098144531,2.3186042308807373,378.8042297363281,0.4469713568687439,0.7572469711303711,0.9289707541465759,0.0,0.0,0.0,0.0,1.0
SNPT-108,3,12,1,67.0,53.6878547668457,5.333608627319336,-53.422264099121094,0.8689332604408264,0.9614309668540955,0.9887624979019165,1.0,0.0,0.0,1.0,1.0
SNPT-068,3,35,0,647.0,581.175048828125,-8.342583656311035,-581.1151733398438,1.2502487897872925,0.793129026889801,0.9042649269104004,0.0,0.0,0.0,1.0,1.0
SNPT-107,10,29,0,57.0,243.05416870117188,2.644993305206299,243.03977966308594,0.43849050998687744,0.7420166730880737,0.9722317457199097,0.0,0.0,0.0,1.0,1.0
SNPT-063,29,35,0,93.0,1896.8572998046875,1896.5302734375,35.216400146484375,1.0450714826583862,0.7291674017906189,0.9253162145614624,0.0,0.0,0.0,0.0,1.0
SNPT-064,4,32,0,1.0,184.96995544433594,-184.64926147460938,-10.88737678527832,1.9905083179473877,0.8789921402931213,0.9567546248435974,0.0,1.0,1.0,0.0,1.0
SNPT-101,14,33,0,211.0,1903.1676025390625,1889.9532470703125,-223.8827362060547,1.3893319368362427,0.8355796933174133,0.9821975231170654,0.0,1.0,1.0,1.0,1.0
SNPT-066,17,41,0,95.0,162.06321716308594,4.711060523986816,-161.99472045898438,1.010469675064087,0.8477755188941956,0.9688903093338013,0.0,1.0,1.0,0.0,1.0
SNPT-103,22,26,1,77.0,16.73255157470703,7.266662120819092,15.07228946685791,0.8870927095413208,0.9153894186019897,0.9919216632843018,0.0,0.0,0.0,1.0,1.0
SNPT-103,5,26,0,420.0,1902.52734375,-1888.4580078125,-230.94728088378906,1.2732466459274292,0.855644166469574,0.9634799361228943,0.0,0.0,0.0,1.0,1.0
SNPT-170,36,9,1,1.0,250.01278686523438,244.57118225097656,51.878021240234375,0.9759256839752197,0.9674333333969116,0.9955861568450928,0.0,0.0,0.0,1.0,1.0
SNPT-071,5,21,1,21.0,230.82093811035156,-230.82073974609375,-0.303373783826828,0.8047650456428528,0.9254542589187622,0.9265404939651489,1.0,0.0,1.0,1.0,0.0
SNPT-066,10,44,0,392.0,1936.1202392578125,-1899.75341796875,373.4949951171875,0.6775277256965637,0.8731768727302551,0.9723434448242188,0.0,0.0,0.0,1.0,1.0
SNPT-066,13,27,0,1.0,376.0914306640625,-373.6703796386719,-42.60525894165039,1.4301437139511108,0.8396138548851013,0.944942831993103,0.0,1.0,0.0,0.0,1.0
SNPT-154,14,38,0,172.0,134.2926788330078,-10.875494956970215,-133.85157775878906,1.5327852964401245,0.6255829930305481,0.8850489854812622,0.0,0.0,0.0,0.0,1.0
SNPT-065,19,27,1,59.0,64.42510223388672,18.366609573364258,61.751609802246094,0.7167412638664246,0.8958689570426941,0.9629742503166199,0.0,0.0,0.0,1.0,1.0
SNPT-169,41,42,1,32.0,33.00166320800781,-6.6021575927734375,-32.33452224731445,1.2154415845870972,0.8898465037345886,0.9853617548942566,0.0,0.0,0.0,1.0,1.0
SNPT-170,4,29,0,90.0,129.3046112060547,56.4442024230957,-116.3345718383789,1.0213403701782227,0.6245554089546204,0.9379229545593262,0.0,0.0,0.0,0.0,1.0
SNPT-163,40,42,0,272.0,1910.845458984375,1906.9237060546875,122.3621826171875,0.9475809335708618,0.767947793006897,0.908327043056488,0.0,0.0,0.0,1.0,0.0
SNPT-154,11,27,0,144.0,20.188154220581055,18.099191665649414,-8.943198204040527,1.261235237121582,0.7043133974075317,0.9123441576957703,0.0,1.0,1.0,0.0,1.0
SNPT-101,26,38,0,105.0,123.19698333740234,-10.261202812194824,122.76890563964844,0.765259325504303,0.5853901505470276,0.8244408965110779,0.0,1.0,0.0,0.0,1.0
SNPT-061,12,34,1,190.0,30.658254623413086,-23.425125122070312,19.778575897216797,0.9617767333984375,0.9681920409202576,0.991536557674408,0.0,0.0,0.0,1.0,1.0
SNPT-159,4,28,0,73.0,51.7213020324707,18.034860610961914,48.47511672973633,1.1652202606201172,0.6650957465171814,0.9777485728263855,0.0,0.0,0.0,1.0,1.0
SNPT-154,3,41,0,443.0,1897.2623291015625,1896.5384521484375,52.40288543701172,1.099394679069519,0.5684564113616943,0.9257937073707581,0.0,0.0,0.0,0.0,1.0
SNPT-061,14,31,0,261.0,1900.83544921875,-1884.9818115234375,-244.98782348632812,1.7924820184707642,0.8275625109672546,0.9223947525024414,0.0,0.0,0.0,1.0,1.0
SNPT-063,3,42,0,406.0,1968.7655029296875,-1902.1348876953125,-507.8584899902344,1.7403669357299805,0.8416259288787842,0.9474479556083679,0.0,0.0,0.0,1.0,1.0
SNPT-113,4,32,0,129.0,1951.6856689453125,1866.8590087890625,-569.135009765625,1.4786862134933472,0.6208896636962891,0.8834279775619507,0.0,0.0,0.0,0.0,1.0
SNPT-073,17,35,0,214.0,67.18952941894531,1.2616119384765625,-67.17768096923828,1.0165066719055176,0.7869011163711548,0.9741210341453552,0.0,0.0,0.0,0.0,1.0
SNPT-165,2,29,1,220.0,601.0933837890625,229.02830505371094,555.7510986328125,2.0358731746673584,0.7647520899772644,0.9558584690093994,1.0,0.0,1.0,1.0,1.0
SNPT-110,37,13,0,235.0,1912.7821044921875,-1898.325439453125,234.72486877441406,1.8060505390167236,0.6520950794219971,0.9056358933448792,0.0,1.0,1.0,0.0,1.0
SNPT-076,21,25,0,162.0,81.9288330078125,12.449529647827148,-80.9774169921875,1.0110759735107422,0.7864313125610352,0.9426523447036743,0.0,0.0,0.0,0.0,1.0
SNPT-159,51,52,1,25.0,23.331378936767578,18.97793197631836,13.571710586547852,1.073448657989502,0.8886238932609558,0.9659938216209412,0.0,0.0,0.0,1.0,0.0
SNPT-060,5,16,0,25.0,1897.6959228515625,-1897.6173095703125,-17.277605056762695,1.4890767335891724,0.7957253456115723,0.960964024066925,0.0,0.0,0.0,0.0,1.0
SNPT-154,24,42,0,94.0,24.75907325744629,0.944733738899231,24.741043090820312,1.3168467283248901,0.8350768089294434,0.9726870059967041,0.0,0.0,0.0,1.0,1.0
SNPT-102,7,28,0,305.0,249.46072387695312,-0.49065259099006653,249.4602508544922,0.5996814370155334,0.6566210985183716,0.8844805955886841,0.0,1.0,1.0,0.0,1.0
SNPT-110,12,29,0,232.0,1907.2529296875,1905.296142578125,86.3738784790039,0.6998056769371033,0.7549178004264832,0.9549046754837036,0.0,1.0,1.0,0.0,0.0
SNPT-074,1,26,1,617.0,89.1782455444336,6.198665142059326,-88.96255493164062,0.749305009841919,0.8996516466140747,0.9821778535842896,0.0,0.0,0.0,1.0,1.0
SNPT-061,3,33,0,440.0,387.0074157714844,2.1039388179779053,-387.001708984375,1.6100188493728638,0.7116197943687439,0.9409623742103577,0.0,0.0,0.0,0.0,1.0
SNPT-168,17,24,0,245.0,1908.6982421875,1903.27001953125,143.84732055664062,0.7963147163391113,0.8398127555847168,0.9884507060050964,0.0,0.0,0.0,1.0,0.0
SNPT-159,34,41,0,176.0,247.6407470703125,-14.928640365600586,-247.19036865234375,1.6687614917755127,0.7070565223693848,0.9344649910926819,0.0,0.0,0.0,0.0,1.0
SNPT-154,30,48,0,145.0,243.56919860839844,7.791989803314209,243.4445343017578,0.9976575970649719,0.5869135856628418,0.8989548683166504,0.0,0.0,0.0,1.0,1.0
SNPT-159,18,27,0,60.0,45.09992218017578,-6.245786666870117,44.665348052978516,1.4681482315063477,0.6864120960235596,0.9300179481506348,0.0,0.0,0.0,1.0,1.0
SNPT-154,18,54,1,58.0,62.75731658935547,11.747564315795898,61.64799499511719,1.1066489219665527,0.8958615660667419,0.936787486076355,0.0,0.0,0.0,1.0,0.0
SNPT-161,12,37,1,594.0,42.31367874145508,34.49651336669922,24.50383949279785,0.9564689993858337,0.8355823755264282,0.9671933054924011,0.0,0.0,0.0,1.0,1.0
SNPT-108,4,16,1,156.0,48.79146194458008,-2.7742135524749756,-48.712528228759766,0.972526490688324,0.893031895160675,0.9867461919784546,1.0,0.0,1.0,1.0,1.0
SNPT-060,7,24,0,114.0,153.50282287597656,4.023229598999023,-153.45008850097656,1.3273530006408691,0.8828880786895752,0.9902574419975281,0.0,0.0,0.0,1.0,1.0
SNPT-111,1,39,0,185.0,1380.4560546875,1247.188720703125,-591.7593383789062,0.2000989317893982,0.6779614090919495,0.9117102026939392,0.0,0.0,0.0,1.0,1.0
SNPT-111,14,31,0,351.0,192.60098266601562,5.2410430908203125,192.5296630859375,0.8583530783653259,0.6854108572006226,0.9818586111068726,0.0,0.0,0.0,1.0,1.0
SNPT-105,31,34,1,124.0,116.19483184814453,0.05545865371823311,-116.19481658935547,1.5059232711791992,0.9243830442428589,0.9251438975334167,1.0,0.0,0.0,1.0,1.0
SNPT-160,5,16,0,19.0,1890.628662109375,-1888.377197265625,-92.24030303955078,1.52738356590271,0.6922924518585205,0.9496020078659058,0.0,0.0,0.0,0.0,1.0
SNPT-113,11,27,1,149.0,39.41165542602539,1.019521713256836,-39.398468017578125,1.189225435256958,0.9227314591407776,0.9696744680404663,0.0,0.0,0.0,1.0,1.0
SNPT-161,2,40,1,161.0,16.822969436645508,-1.8118014335632324,-16.725120544433594,1.0177572965621948,0.891737163066864,0.9575661420822144,0.0,0.0,0.0,1.0,1.0
SNPT-159,4,33,0,107.0,1614.1627197265625,1612.534912109375,72.47511291503906,1.0363225936889648,0.7385951280593872,0.9210308194160461,0.0,0.0,0.0,1.0,1.0
SNPT-159,50,53,0,53.0,32.1668815612793,2.701627254486084,32.053226470947266,1.1753731966018677,0.750594437122345,0.973793089389801,0.0,0.0,0.0,1.0,1.0
SNPT-153,5,24,1,309.0,115.68452453613281,0.20932325720787048,115.68433380126953,1.0329066514968872,0.8959463834762573,0.9805198907852173,1.0,0.0,1.0,1.0,1.0
SNPT-159,10,27,0,61.0,17.352874755859375,8.724211692810059,-15.000345230102539,1.189598560333252,0.635989785194397,0.9359807372093201,0.0,0.0,0.0,0.0,1.0
SNPT-060,18,30,0,141.0,229.24346923828125,45.507694244384766,224.68115234375,0.847787618637085,0.9228630065917969,0.9869698286056519,0.0,1.0,0.0,1.0,1.0
SNPT-073,2,23,0,75.0,55.17635726928711,0.012940457090735435,-55.176353454589844,0.6619287729263306,0.8269944190979004,0.9516608119010925,0.0,0.0,0.0,0.0,1.0
SNPT-063,28,42,0,89.0,101.37596893310547,1.5570204257965088,-101.364013671875,0.9901847839355469,0.776765763759613,0.9581047296524048,0.0,0.0,0.0,0.0,1.0
SNPT-067,1,36,1,251.0,135.25955200195312,0.9214117527008057,-135.2564239501953,0.7946353554725647,0.8881626129150391,0.9569870829582214,0.0,0.0,0.0,1.0,1.0
SNPT-154,1,29,1,131.0,78.62036895751953,13.902806282043457,77.38135528564453,1.001341462135315,0.9310997724533081,0.9728619456291199,0.0,0.0,0.0,1.0,1.0
SNPT-154,12,30,0,89.0,24.427734375,-5.468520641326904,23.807762145996094,1.1277161836624146,0.6257379055023193,0.9387708902359009,0.0,0.0,0.0,0.0,0.0
SNPT-169,5,38,1,316.0,155.03244018554688,7.137855052947998,154.8680419921875,0.8093845844268799,0.9045577049255371,0.9905049204826355,1.0,0.0,1.0,1.0,1.0
SNPT-155,6,28,0,350.0,1956.8985595703125,1891.21923828125,502.7345275878906,0.7679988741874695,0.7100702524185181,0.8771458268165588,0.0,1.0,0.0,0.0,1.0
SNPT-154,10,35,0,256.0,1904.7210693359375,1886.88671875,260.04095458984375,1.1095691919326782,0.9230713844299316,0.9837049245834351,0.0,1.0,1.0,1.0,1.0
SNPT-099,8,28,0,250.0,241.21739196777344,4.109100818634033,241.18238830566406,0.7633360624313354,0.7261025309562683,0.9694385528564453,0.0,1.0,1.0,1.0,1.0
SNPT-099,7,26,1,232.0,463.2028503417969,-2.3941872119903564,463.1966552734375,0.7375088930130005,0.8860400915145874,0.9742661118507385,1.0,0.0,1.0,1.0,1.0
SNPT-075,8,25,0,313.0,76.06455993652344,-1.5872808694839478,-76.0479965209961,1.7732089757919312,0.836810827255249,0.9110104441642761,0.0,1.0,1.0,1.0,1.0
SNPT-102,12,31,0,383.0,115.63729095458984,4.00640344619751,-115.56787109375,0.9118316769599915,0.6940858364105225,0.9192522168159485,0.0,0.0,0.0,0.0,1.0
SNPT-071,2,27,0,261.0,1905.4625244140625,1876.6026611328125,-330.37841796875,1.0529316663742065,0.6635887026786804,0.8463669419288635,0.0,1.0,1.0,1.0,1.0
SNPT-157,22,31,0,13.0,1857.636474609375,-1853.973388671875,-116.60102081298828,1.8042618036270142,0.6586977243423462,0.9120984077453613,0.0,0.0,0.0,1.0,1.0
SNPT-169,3,45,0,303.0,139.24652099609375,-6.394341468811035,-139.09962463378906,1.4154512882232666,0.7205885648727417,0.9335556030273438,0.0,0.0,0.0,0.0,1.0
SNPT-075,9,24,1,86.0,189.51446533203125,6.575322151184082,-189.40037536621094,1.237072229385376,0.9441101551055908,0.9529236555099487,0.0,0.0,0.0,1.0,1.0
SNPT-064,9,34,0,135.0,71.91635131835938,45.742923736572266,55.493656158447266,1.5338008403778076,0.786808431148529,0.9178533554077148,0.0,0.0,0.0,0.0,1.0
SNPT-154,8,52,0,279.0,1897.09765625,1895.1275634765625,86.43562316894531,1.212239384651184,0.7562923431396484,0.9277337789535522,0.0,1.0,1.0,0.0,0.0
SNPT-073,12,36,0,498.0,1908.3665771484375,-1908.3214111328125,13.131250381469727,1.049513578414917,0.7302588224411011,0.9801303148269653,0.0,0.0,0.0,0.0,1.0
SNPT-151,13,25,0,166.0,32.10157775878906,3.520341396331787,-31.907970428466797,0.933314859867096,0.5959616899490356,0.935675859451294,0.0,1.0,1.0,0.0,1.0
SNPT-168,2,23,0,44.0,1909.6451416015625,-1902.578125,164.136962890625,0.8291628360748291,0.6841182708740234,0.8673427104949951,0.0,0.0,0.0,0.0,1.0
SNPT-109,13,33,1,257.0,61.42655563354492,11.999719619750977,60.24307632446289,0.8587759733200073,0.7642227411270142,0.9392052888870239,0.0,0.0,0.0,1.0,1.0
SNPT-101,32,36,0,37.0,434.9862060546875,0.5611885190010071,434.98583984375,0.6567690372467041,0.8166753649711609,0.971274733543396,0.0,1.0,0.0,1.0,1.0
SNPT-164,22,29,1,180.0,49.570343017578125,-3.5551774501800537,49.44268798828125,0.8409790396690369,0.9370902180671692,0.9907782077789307,0.0,0.0,0.0,1.0,1.0
SNPT-168,20,25,1,319.0,205.38096618652344,0.9848574995994568,205.37860107421875,0.5279034972190857,0.813766598701477,0.9802235960960388,0.0,0.0,0.0,1.0,1.0
SNPT-154,7,24,1,74.0,66.98886108398438,22.144914627075195,63.22270202636719,1.1072447299957275,0.9556201696395874,0.9829503893852234,0.0,0.0,0.0,1.0,1.0
SNPT-169,43,44,1,169.0,25.932960510253906,-1.9560877084732056,-25.85908317565918,1.394699215888977,0.7993835210800171,0.9847781658172607,0.0,0.0,0.0,1.0,0.0
SNPT-154,3,36,0,329.0,1898.43896484375,1895.5384521484375,104.90288543701172,1.2015401124954224,0.535636305809021,0.9120128154754639,0.0,0.0,0.0,0.0,1.0
SNPT-108,8,12,0,109.0,206.45327758789062,-1.0072165727615356,206.45082092285156,0.5102986693382263,0.8396719694137573,0.9577646255493164,0.0,0.0,0.0,1.0,1.0
SNPT-064,8,26,1,90.0,149.80162048339844,-32.98149871826172,-146.12579345703125,2.228806495666504,0.8426569104194641,0.9366163015365601,0.0,0.0,0.0,1.0,1.0
SNPT-072,21,30,0,19.0,1902.1966552734375,-1900.759033203125,-73.9416732788086,1.1020197868347168,0.8550388216972351,0.9846904873847961,0.0,1.0,1.0,1.0,1.0
SNPT-160,11,34,1,1.0,34.23622512817383,-34.22443771362305,0.8983311653137207,1.720367193222046,0.8407859206199646,0.9135765433311462,0.0,0.0,0.0,0.0,1.0
SNPT-160,2,29,1,364.0,86.78338623046875,25.743404388427734,-82.8772201538086,1.6117873191833496,0.8720832467079163,0.950485348701477,1.0,0.0,1.0,1.0,1.0
SNPT-063,18,35,1,203.0,66.7049789428711,-6.519431114196777,66.38562774658203,0.9928293228149414,0.9596549272537231,0.9866505861282349,0.0,0.0,0.0,1.0,1.0
SNPT-109,14,31,0,507.0,1192.70166015625,-1174.8787841796875,205.4193878173828,0.6792798638343811,0.685757040977478,0.8554146885871887,0.0,0.0,0.0,0.0,1.0
SNPT-068,20,36,0,372.0,1900.8519287109375,1900.462158203125,-38.4888916015625,0.5380297899246216,0.7398470044136047,0.9278746247291565,0.0,0.0,0.0,0.0,1.0
SNPT-101,10,36,0,241.0,517.4364624023438,-4.637083053588867,517.4156494140625,0.6725797653198242,0.6970534920692444,0.8763704895973206,0.0,1.0,0.0,0.0,1.0
SNPT-154,16,42,1,314.0,1876.5625,-1876.5604248046875,-2.783857583999634,1.1749138832092285,0.8811699151992798,0.9493464827537537,0.0,0.0,0.0,1.0,1.0
SNPT-112,3,19,0,67.0,406.7527770996094,-47.49005889892578,-403.970947265625,1.6884127855300903,0.5942169427871704,0.9061570763587952,0.0,1.0,1.0,0.0,1.0
SNPT-107,25,32,0,13.0,1883.782958984375,-1881.27587890625,-97.15645599365234,0.9617589712142944,0.5198395252227783,0.9096062183380127,0.0,0.0,0.0,0.0,1.0
SNPT-067,16,27,0,78.0,117.27862548828125,2.1102867126464844,-117.25963592529297,1.2769650220870972,0.7340559363365173,0.9880156517028809,0.0,0.0,0.0,1.0,1.0
SNPT-154,5,45,0,324.0,1794.789794921875,-1794.7786865234375,-6.328301906585693,1.0434778928756714,0.8363243937492371,0.9582528471946716,0.0,0.0,0.0,1.0,1.0
SNPT-064,1,23,0,61.0,39.46091079711914,1.7493202686309814,-39.422119140625,1.162124752998352,0.850074827671051,0.9597037434577942,1.0,0.0,1.0,0.0,1.0
SNPT-153,11,18,0,6.0,1897.963134765625,1897.2498779296875,52.027584075927734,1.0818541049957275,0.6946640610694885,0.9227451682090759,0.0,0.0,0.0,0.0,1.0
SNPT-154,11,47,0,480.0,20.907123565673828,8.599191665649414,19.056800842285156,1.5612592697143555,0.6801654100418091,0.9061977863311768,0.0,0.0,0.0,0.0,1.0
SNPT-162,1,33,0,239.0,24.15021514892578,-7.52748966217041,22.94710922241211,1.9905916452407837,0.6901164054870605,0.8817238807678223,0.0,0.0,0.0,0.0,1.0
SNPT-067,9,27,0,90.0,40.468875885009766,13.384781837463379,38.19132995605469,1.2167024612426758,0.7079763412475586,0.9667335152626038,0.0,0.0,0.0,0.0,1.0
SNPT-164,22,34,1,340.0,67.71070861816406,-4.555177688598633,-67.55731201171875,1.159306526184082,0.949753999710083,0.9816474914550781,0.0,0.0,0.0,1.0,0.0
SNPT-066,36,38,1,203.0,356.17803955078125,-352.8953857421875,48.2455940246582,0.5449578166007996,0.7344132661819458,0.8097012639045715,0.0,0.0,0.0,1.0,1.0
SNPT-073,4,32,1,296.0,72.24207305908203,4.8869805335998535,72.07659149169922,0.9993205666542053,0.9217774271965027,0.9916113018989563,0.0,0.0,0.0,1.0,1.0
SNPT-157,2,37,0,462.0,1892.8428955078125,1884.275390625,179.89076232910156,0.598757266998291,0.5935443639755249,0.924999475479126,0.0,0.0,0.0,0.0,1.0
SNPT-061,3,21,0,15.0,1917.824462890625,1892.6038818359375,-310.001708984375,1.2997218370437622,0.8417869806289673,0.9565866589546204,0.0,1.0,0.0,0.0,1.0
SNPT-109,21,25,1,62.0,117.67424774169922,-3.049828290939331,117.63471984863281,0.9104203581809998,0.9033459424972534,0.9181602001190186,1.0,0.0,1.0,1.0,1.0
SNPT-073,16,33,0,304.0,40.953834533691406,2.488969087600708,-40.87813186645508,1.390535593032837,0.642871618270874,0.9816238284111023,0.0,0.0,0.0,1.0,1.0
SNPT-114,3,17,0,137.0,129.7306671142578,-7.570695400238037,129.50958251953125,1.0989387035369873,0.9258589148521423,0.8999093174934387,0.0,1.0,1.0,1.0,1.0
SNPT-112,10,23,0,202.0,234.9901580810547,-9.929073333740234,-234.78030395507812,1.3607507944107056,0.6263697743415833,0.8964367508888245,0.0,1.0,1.0,0.0,1.0
SNPT-072,21,32,1,56.0,41.0776252746582,-1.2590258121490479,41.058326721191406,0.7894022464752197,0.9188302159309387,0.9808209538459778,0.0,0.0,0.0,1.0,1.0
SNPT-156,1,19,0,190.0,1900.3409423828125,1894.8868408203125,-143.8732147216797,0.9356419444084167,0.585475504398346,0.9026404619216919,0.0,0.0,0.0,0.0,1.0
SNPT-162,15,29,1,75.0,88.32736206054688,-0.4802910387516022,88.32605743408203,0.8399382829666138,0.9147058725357056,0.9711747169494629,0.0,0.0,0.0,1.0,1.0
SNPT-161,24,29,0,104.0,1900.003173828125,-1881.8328857421875,-262.1387023925781,1.6770979166030884,0.8609896898269653,0.9717037677764893,0.0,1.0,0.0,1.0,1.0
SNPT-158,21,31,0,223.0,71.39217376708984,-1.5306180715560913,-71.37576293945312,0.8295902013778687,0.7941553592681885,0.85755854845047,0.0,0.0,0.0,0.0,0.0
SNPT-103,5,23,1,93.0,78.5234603881836,-3.457979440689087,-78.4472885131836,1.257426142692566,0.9116712808609009,0.9802087545394897,1.0,0.0,1.0,1.0,1.0
SNPT-160,18,34,0,244.0,684.6257934570312,550.550537109375,-406.9479064941406,3.7196755409240723,0.6595548391342163,0.8709714412689209,0.0,0.0,0.0,0.0,1.0
SNPT-101,14,23,1,64.0,205.39202880859375,1.9533015489578247,-205.3827362060547,1.2640836238861084,0.842843234539032,0.9504245519638062,1.0,0.0,1.0,1.0,1.0
SNPT-074,23,24,0,241.0,1893.178955078125,1891.339599609375,-83.43215942382812,0.8883893489837646,0.6410828232765198,0.8948048949241638,0.0,0.0,0.0,0.0,1.0
SNPT-164,15,34,0,439.0,622.4915161132812,622.0809936523438,22.6038875579834,1.2925349473953247,0.7602844834327698,0.9437681436538696,0.0,0.0,0.0,1.0,0.0
SNPT-102,1,30,0,341.0,400.6143493652344,8.116460800170898,400.5321044921875,0.3434735834598541,0.5607956051826477,0.9204393029212952,0.0,0.0,0.0,1.0,1.0
SNPT-098,2,30,1,487.0,1905.120849609375,-1900.4774169921875,-132.93287658691406,0.9367494583129883,0.7688862085342407,0.9677166938781738,0.0,0.0,0.0,1.0,1.0
SNPT-159,18,29,1,72.0,43.276241302490234,-7.245786666870117,42.665348052978516,1.2805399894714355,0.9505507349967957,0.9790681600570679,0.0,0.0,0.0,1.0,1.0
SNPT-159,9,33,0,363.0,1605.0511474609375,1604.22216796875,-51.5821418762207,1.3704779148101807,0.6026540994644165,0.7880806922912598,0.0,0.0,0.0,0.0,1.0
SNPT-161,10,28,0,155.0,1914.938232421875,1897.3382568359375,-259.0291748046875,0.9078678488731384,0.6835956573486328,0.8369637727737427,0.0,0.0,0.0,0.0,1.0
SNPT-151,2,26,0,191.0,357.5462341308594,0.08250957727432251,-357.5462341308594,2.029388904571533,0.7084187269210815,0.8513432145118713,0.0,0.0,0.0,0.0,1.0
SNPT-101,7,37,0,594.0,1910.775634765625,-1905.8187255859375,137.544189453125,0.792739987373352,0.8476760387420654,0.9263947010040283,0.0,0.0,0.0,1.0,1.0
SNPT-099,6,25,1,169.0,248.04696655273438,19.36734390258789,247.28970336914062,0.8401030898094177,0.9226647019386292,0.9696791768074036,1.0,0.0,1.0,1.0,1.0
SNPT-169,23,35,0,130.0,456.3056640625,-413.1131591796875,193.7843475341797,0.6606866121292114,0.7010481357574463,0.9195560812950134,0.0,0.0,0.0,0.0,0.0
SNPT-156,2,20,1,79.0,90.44965362548828,-13.648594856262207,-89.41395568847656,0.9418583512306213,0.8896249532699585,0.9827602505683899,1.0,0.0,1.0,1.0,1.0
SNPT-107,3,38,0,449.0,177.12570190429688,12.443071365356445,176.68809509277344,0.60884028673172,0.6512060165405273,0.9061180353164673,0.0,0.0,0.0,0.0,1.0
SNPT-066,19,42,1,196.0,133.99842834472656,-2.2684478759765625,-133.97921752929688,1.1717267036437988,0.8811103105545044,0.9798786044120789,0.0,0.0,0.0,1.0,0.0
SNPT-075,3,23,0,122.0,83.03189849853516,-6.660964488983154,-82.76428985595703,1.2459080219268799,0.7690234184265137,0.8623577952384949,0.0,0.0,0.0,1.0,1.0
SNPT-108,8,33,0,626.0,1903.8089599609375,1877.4927978515625,315.4508361816406,0.5544838905334473,0.7766823768615723,0.9807168245315552,0.0,0.0,0.0,1.0,1.0
SNPT-065,26,40,0,85.0,1870.709716796875,1870.597900390625,-20.451766967773438,0.8014656901359558,0.7371588945388794,0.9095872640609741,0.0,1.0,1.0,0.0,1.0
SNPT-155,1,28,1,314.0,1895.3358154296875,1892.063720703125,111.32252502441406,1.0477588176727295,0.9088780283927917,0.9636791348457336,1.0,0.0,1.0,1.0,1.0
SNPT-164,17,26,0,1.0,56.322818756103516,-11.58719539642334,-55.11802673339844,1.151200532913208,0.8661767840385437,0.9903301000595093,0.0,1.0,1.0,1.0,1.0
SNPT-100,21,25,0,372.0,1891.099853515625,-1891.0953369140625,4.141763210296631,0.9940908551216125,0.8225198984146118,0.9754982590675354,0.0,0.0,0.0,1.0,1.0
SNPT-111,1,28,0,465.0,992.4261474609375,-643.811279296875,-755.2593383789062,0.2816976010799408,0.5061595439910889,0.905644416809082,0.0,0.0,0.0,1.0,1.0
SNPT-159,14,46,0,268.0,247.83468627929688,28.643333435058594,-246.1739044189453,1.6048234701156616,0.7689272165298462,0.9479042887687683,0.0,0.0,0.0,1.0,1.0
SNPT-068,21,29,0,168.0,68.73851776123047,-13.995599746704102,67.29864501953125,1.186963677406311,0.7935267686843872,0.9218910336494446,0.0,0.0,0.0,0.0,1.0
SNPT-168,18,23,1,187.0,141.54193115234375,-4.695306777954102,141.4640350341797,0.8472382426261902,0.7544803619384766,0.8963890671730042,0.0,0.0,0.0,1.0,1.0
SNPT-153,2,11,1,66.0,8.838671684265137,7.969919204711914,-3.8213231563568115,1.1305421590805054,0.9205660223960876,0.9601582288742065,0.0,0.0,0.0,1.0,1.0
SNPT-076,23,24,0,185.0,142.4795684814453,-0.05486515164375305,-142.4795684814453,0.9538025856018066,0.7926139831542969,0.9368714690208435,0.0,0.0,0.0,0.0,1.0
SNPT-101,14,32,0,206.0,1915.7874755859375,1887.9532470703125,-325.3827209472656,1.543615698814392,0.6035377979278564,0.8813053965568542,0.0,1.0,1.0,0.0,1.0
SNPT-072,2,26,0,145.0,1912.240234375,1900.294189453125,-213.41221618652344,1.273852825164795,0.6577913761138916,0.7817906141281128,0.0,0.0,0.0,0.0,1.0
SNPT-159,4,53,1,69.0,71.50436401367188,4.486838340759277,71.36344909667969,1.0363181829452515,0.8691672086715698,0.9659680128097534,0.0,0.0,0.0,1.0,1.0
SNPT-061,25,32,0,179.0,232.47283935546875,-11.00184154510498,-232.2123565673828,1.565449833869934,0.8208550810813904,0.9165318012237549,0.0,1.0,1.0,0.0,1.0
SNPT-111,23,29,0,364.0,352.5981750488281,0.6895381212234497,352.5975036621094,0.6979271769523621,0.6233478784561157,0.9216552376747131,0.0,0.0,0.0,1.0,1.0
SNPT-066,44,27,1,32.0,110.62989044189453,4.585412502288818,110.53482055664062,1.7030088901519775,0.9461342096328735,0.9894476532936096,1.0,0.0,1.0,1.0,1.0
SNPT-060,3,36,0,377.0,21.26837921142578,4.363827705383301,20.815881729125977,1.1314603090286255,0.7850843071937561,0.9410216212272644,0.0,0.0,0.0,0.0,1.0
SNPT-064,20,27,0,140.0,22.338586807250977,7.455066680908203,21.05788230895996,2.1603925228118896,0.8702898025512695,0.9566165804862976,0.0,1.0,1.0,1.0,1.0
SNPT-105,16,27,0,135.0,46.613826751708984,6.1582722663879395,-46.20524215698242,0.8572667837142944,0.6099514365196228,0.9371559023857117,0.0,0.0,0.0,0.0,1.0
SNPT-105,16,22,0,99.0,14.448758125305176,5.6582722663879395,13.294757843017578,0.6401199102401733,0.6511223912239075,0.889776885509491,0.0,0.0,0.0,0.0,1.0
SNPT-067,2,27,0,98.0,46.85773849487305,17.114368438720703,-43.62047576904297,1.208657145500183,0.7337854504585266,0.9699268341064453,0.0,0.0,0.0,0.0,0.0
SNPT-163,6,36,0,297.0,135.12115478515625,3.5701377391815186,135.07398986816406,0.8739176392555237,0.6652783155441284,0.9219805002212524,0.0,1.0,1.0,0.0,1.0
SNPT-076,4,26,0,171.0,333.626953125,-17.494049072265625,-333.16796875,0.931496798992157,0.7902584075927734,0.9317663311958313,0.0,0.0,0.0,0.0,1.0
SNPT-070,22,29,0,4.0,1912.1190185546875,-1902.23583984375,194.1591339111328,0.9482765793800354,0.6520736217498779,0.9285643100738525,0.0,0.0,0.0,1.0,1.0
SNPT-154,13,47,0,319.0,1885.51513671875,-1879.6114501953125,149.09054565429688,1.1813055276870728,0.7788777351379395,0.9280687570571899,0.0,0.0,0.0,0.0,1.0
SNPT-108,16,31,1,126.0,225.64186096191406,-1.9357951879501343,225.63356018066406,0.5850718021392822,0.8857707977294922,0.9601094126701355,1.0,0.0,1.0,1.0,1.0
SNPT-156,6,21,0,99.0,60.425933837890625,17.757156372070312,-57.75791931152344,0.9560451507568359,0.7250628471374512,0.9858993887901306,0.0,1.0,0.0,1.0,0.0
SNPT-111,41,42,1,14.0,13.948813438415527,-3.9626951217651367,13.374096870422363,0.1760905683040619,0.5770021080970764,0.8776950836181641,0.0,0.0,0.0,1.0,1.0
SNPT-151,12,31,0,165.0,385.6102294921875,-38.06279373168945,383.7270812988281,0.8679613471031189,0.8043636083602905,0.9672631621360779,0.0,1.0,1.0,1.0,1.0
SNPT-070,11,26,0,168.0,15.639511108398438,-3.9871957302093506,-15.122716903686523,1.4854629039764404,0.8271864056587219,0.9585244059562683,0.0,1.0,1.0,0.0,1.0
SNPT-159,9,42,0,568.0,1876.736328125,1861.72216796875,236.91786193847656,0.87754225730896,0.6968204379081726,0.9070497751235962,0.0,1.0,1.0,1.0,1.0
SNPT-102,7,22,1,85.0,98.24765014648438,7.509347438812256,97.96024322509766,0.6410780549049377,0.9198398590087891,0.9876577854156494,0.0,1.0,1.0,1.0,1.0
SNPT-098,37,25,1,1.0,29.514453887939453,4.311008930206299,29.197914123535156,0.28452396392822266,0.645269513130188,0.8423573970794678,0.0,0.0,0.0,0.0,1.0
SNPT-108,20,37,0,329.0,130.70167541503906,7.233040809631348,130.5013885498047,0.8308247327804565,0.692457914352417,0.8984687328338623,0.0,0.0,0.0,0.0,1.0
SNPT-170,19,30,0,58.0,4.959184169769287,0.3581600487232208,4.946234226226807,0.629947304725647,0.7682851552963257,0.9278839826583862,0.0,0.0,0.0,1.0,1.0
SNPT-159,34,45,0,234.0,157.28407287597656,-5.428640365600586,-157.19036865234375,1.3675042390823364,0.7386800646781921,0.97794109582901,0.0,0.0,0.0,1.0,1.0
SNPT-101,6,23,0,198.0,1907.104248046875,-1892.6202392578125,234.59556579589844,0.8164701461791992,0.7000293135643005,0.8320385813713074,0.0,0.0,0.0,0.0,1.0
SNPT-069,6,24,1,139.0,46.777042388916016,-8.537559509277344,45.99132537841797,0.6992765665054321,0.906302809715271,0.9803938865661621,1.0,0.0,1.0,1.0,1.0
SNPT-165,5,26,0,66.0,147.80955505371094,9.792170524597168,147.48484802246094,0.7723410725593567,0.7783958911895752,0.9423503875732422,0.0,1.0,1.0,0.0,1.0
SNPT-071,1,28,1,394.0,152.39801025390625,12.447627067565918,-151.88880920410156,0.8348941206932068,0.8482426404953003,0.9806544184684753,0.0,0.0,0.0,1.0,1.0
SNPT-064,14,28,0,118.0,957.0844116210938,-948.9273071289062,-124.69003295898438,1.8681713342666626,0.6864912509918213,0.957446277141571,0.0,0.0,0.0,0.0,1.0
SNPT-164,30,35,1,90.0,80.99152374267578,2.4332642555236816,-80.95496368408203,1.3077378273010254,0.8110600113868713,0.9443179368972778,0.0,0.0,0.0,1.0,1.0
SNPT-098,3,33,1,307.0,210.41954040527344,-9.275382995605469,210.2150115966797,0.6008084416389465,0.9255800247192383,0.9829716682434082,1.0,0.0,1.0,1.0,1.0
SNPT-108,3,31,0,425.0,1898.43359375,1893.8336181640625,132.07774353027344,0.6031597852706909,0.5943758487701416,0.8877937197685242,0.0,1.0,0.0,0.0,1.0
SNPT-098,14,35,1,77.0,76.05500030517578,1.0798531770706177,76.04733276367188,0.7198116779327393,0.8717835545539856,0.9541072249412537,1.0,0.0,1.0,1.0,1.0
SNPT-157,13,37,1,207.0,37.51161575317383,7.802135944366455,36.691253662109375,0.7920326590538025,0.8734724521636963,0.9859951734542847,0.0,0.0,0.0,1.0,1.0
SNPT-162,44,40,1,177.0,90.3163833618164,28.107177734375,85.83143615722656,0.8920795917510986,0.8197735548019409,0.898279070854187,0.0,0.0,0.0,0.0,0.0
SNPT-111,9,30,0,290.0,371.6492004394531,4.866297245025635,371.6173400878906,0.6854590773582458,0.6446723937988281,0.933689534664154,0.0,1.0,0.0,0.0,1.0
SNPT-063,3,36,0,295.0,542.8585815429688,0.36508476734161377,-542.8584594726562,1.7580634355545044,0.8594224452972412,0.9759199023246765,0.0,0.0,0.0,1.0,1.0
SNPT-166,7,25,0,430.0,152.48768615722656,0.7119961380958557,-152.48602294921875,1.145760178565979,0.6393398642539978,0.9238051176071167,0.0,0.0,0.0,0.0,1.0
SNPT-060,3,37,1,403.0,190.4396209716797,6.863827705383301,190.31588745117188,0.7502493858337402,0.918751060962677,0.9588353037834167,0.0,0.0,0.0,1.0,0.0
SNPT-159,51,17,0,172.0,1892.5748291015625,-1890.6646728515625,-85.00821685791016,0.7270662188529968,0.6730167865753174,0.8380740284919739,0.0,0.0,0.0,0.0,0.0
SNPT-166,12,27,0,122.0,45.178653717041016,-1.985619306564331,-45.1349983215332,0.8828281164169312,0.8975324034690857,0.9734917283058167,0.0,0.0,0.0,1.0,0.0
SNPT-154,3,31,0,175.0,218.68165588378906,11.03844928741455,218.40289306640625,0.8268541097640991,0.50925612449646,0.9094028472900391,0.0,1.0,0.0,0.0,1.0
SNPT-067,9,25,0,67.0,171.7137908935547,13.384781837463379,171.1913299560547,0.9676573276519775,0.9171305298805237,0.9957778453826904,0.0,0.0,0.0,1.0,1.0
SNPT-101,8,23,0,208.0,1898.554443359375,-1886.361328125,214.8258819580078,0.8120549321174622,0.7825589776039124,0.8989917635917664,0.0,0.0,0.0,1.0,1.0
SNPT-166,2,17,0,267.0,1057.9676513671875,-1040.5706787109375,191.0709686279297,0.9764931797981262,0.7948169708251953,0.9309120178222656,0.0,0.0,0.0,0.0,1.0
SNPT-072,15,31,0,499.0,1904.4124755859375,-1902.537109375,84.49562072753906,0.8230040669441223,0.7539710998535156,0.9338515996932983,0.0,1.0,1.0,0.0,1.0
SNPT-066,33,40,1,147.0,9.685226440429688,9.515987396240234,-1.8026607036590576,0.6400525569915771,0.9359546899795532,0.99028080701828,1.0,0.0,1.0,1.0,1.0
SNPT-068,3,30,0,474.0,1903.5013427734375,-1900.342529296875,-109.61515808105469,1.257933497428894,0.8435811996459961,0.9521632194519043,0.0,1.0,1.0,1.0,1.0
SNPT-159,9,38,0,550.0,1918.2989501953125,1897.22216796875,-283.5821533203125,2.2112319469451904,0.550079345703125,0.833012044429779,0.0,0.0,0.0,0.0,1.0
SNPT-162,7,37,0,182.0,206.6856689453125,2.2124602794647217,-206.673828125,1.3886191844940186,0.7231565713882446,0.9270188808441162,0.0,0.0,0.0,0.0,1.0
SNPT-071,11,24,1,131.0,17.6182861328125,16.70725440979004,5.592105388641357,0.6657308340072632,0.8873270750045776,0.9390929937362671,0.0,0.0,0.0,1.0,1.0
SNPT-066,10,23,0,91.0,174.10203552246094,-130.62391662597656,115.10391998291016,1.4506356716156006,0.8383052945137024,0.9794104099273682,0.0,0.0,0.0,1.0,1.0
SNPT-064,21,33,1,157.0,50.544456481933594,0.9046608209609985,-50.53636169433594,1.732141137123108,0.9344791769981384,0.9688655138015747,1.0,0.0,1.0,1.0,1.0
SNPT-154,49,45,0,342.0,1877.937255859375,-1877.90869140625,10.36033821105957,1.1275767087936401,0.7856033444404602,0.9281185269355774,0.0,0.0,0.0,1.0,1.0
SNPT-065,7,25,0,81.0,798.3218994140625,785.7514038085938,-141.11175537109375,0.9557774066925049,0.8893774151802063,0.990152895450592,0.0,1.0,1.0,1.0,1.0
SNPT-074,1,23,1,122.0,22.040929794311523,15.198665618896484,-15.962554931640625,0.7873862981796265,0.9632809162139893,0.9903960824012756,0.0,0.0,0.0,1.0,1.0
SNPT-071,1,29,0,403.0,112.76761627197266,21.947628021240234,110.61119842529297,0.5777715444564819,0.6942024230957031,0.9191585183143616,0.0,0.0,0.0,0.0,1.0
SNPT-077,9,22,1,61.0,102.20458221435547,22.879758834838867,99.61071014404297,1.768588900566101,0.9480006694793701,0.9641883373260498,0.0,0.0,0.0,1.0,1.0
SNPT-105,1,26,1,1.0,41.22628402709961,-40.80891036987305,5.851431369781494,0.8650906085968018,0.900504469871521,0.9926974177360535,0.0,0.0,0.0,1.0,1.0
SNPT-155,18,27,0,256.0,1897.622314453125,-1897.323974609375,33.64299774169922,1.194122076034546,0.5704190731048584,0.9183732271194458,0.0,0.0,0.0,1.0,1.0
SNPT-107,10,39,0,119.0,176.80303955078125,9.644993782043457,176.53977966308594,0.490011066198349,0.7543995976448059,0.9560282230377197,0.0,0.0,0.0,1.0,1.0
SNPT-101,7,31,0,326.0,276.1412048339844,-7.318734169006348,276.044189453125,0.7125409841537476,0.6932486295700073,0.9055588245391846,0.0,0.0,0.0,0.0,1.0
SNPT-101,13,40,0,263.0,28.650375366210938,4.671084403991699,28.267030715942383,0.7645724415779114,0.6807522177696228,0.9508587718009949,0.0,0.0,0.0,0.0,1.0
SNPT-070,10,24,1,107.0,34.21903991699219,1.4634974002838135,-34.18772888183594,1.036297082901001,0.9578069448471069,0.986370861530304,1.0,0.0,1.0,1.0,1.0
SNPT-066,21,38,0,312.0,520.0975952148438,-510.4347229003906,99.78924560546875,0.7437328100204468,0.6171272993087769,0.934820294380188,0.0,0.0,0.0,0.0,1.0
SNPT-154,50,36,0,163.0,151.33370971679688,24.290878295898438,149.3715057373047,0.8086882829666138,0.5721904039382935,0.9424093961715698,0.0,0.0,0.0,0.0,0.0
SNPT-158,13,34,0,259.0,258.0750427246094,-8.80561351776123,257.9247741699219,0.7201294898986816,0.8560090065002441,0.9704846739768982,0.0,0.0,0.0,1.0,1.0
SNPT-157,1,37,0,403.0,1894.0,1893.5126953125,-42.96038818359375,0.8971251249313354,0.6314483880996704,0.9287146329879761,0.0,0.0,0.0,0.0,1.0
SNPT-066,7,35,1,3.0,215.76705932617188,-211.71737670898438,41.60737609863281,1.7085473537445068,0.9469078183174133,0.9470177292823792,1.0,0.0,1.0,1.0,1.0
SNPT-070,7,28,1,331.0,71.85971069335938,2.0774271488189697,71.82967376708984,1.501934289932251,0.8814282417297363,0.972364068031311,1.0,0.0,1.0,1.0,1.0
SNPT-098,5,12,1,78.0,60.471553802490234,-15.881671905517578,58.34878921508789,0.7587609887123108,0.9464881420135498,0.9633649587631226,1.0,0.0,1.0,1.0,1.0
SNPT-154,14,36,0,157.0,74.85252380371094,-0.3754945993423462,-74.85157775878906,1.507845401763916,0.836106538772583,0.9229028224945068,0.0,0.0,0.0,1.0,1.0
SNPT-161,13,33,1,76.0,39.9811897277832,-2.1936426162719727,-39.92096710205078,0.8551014065742493,0.9543414115905762,0.9813030362129211,1.0,0.0,1.0,1.0,1.0
SNPT-067,11,20,1,83.0,156.1432647705078,0.121255062520504,156.14321899414062,0.673230767250061,0.7926679253578186,0.9537952542304993,1.0,0.0,1.0,1.0,1.0
SNPT-154,21,38,0,166.0,56.378231048583984,-16.475133895874023,53.91729736328125,1.0451436042785645,0.7139970660209656,0.9332966208457947,0.0,0.0,0.0,0.0,1.0
SNPT-068,27,31,0,25.0,1912.314208984375,-1895.4742431640625,253.22598266601562,0.737137496471405,0.7448263168334961,0.9524604082107544,0.0,0.0,0.0,1.0,1.0
SNPT-108,7,26,0,121.0,17.622493743896484,15.920683860778809,7.555402755737305,0.676966667175293,0.5931675434112549,0.9268226623535156,0.0,0.0,0.0,0.0,1.0
SNPT-070,3,31,0,232.0,58.055274963378906,-1.9050848484039307,-58.02400588989258,1.5230251550674438,0.7416759133338928,0.9335629940032959,0.0,0.0,0.0,0.0,1.0
SNPT-073,18,35,0,487.0,1908.088134765625,-1906.953125,65.80215454101562,0.8880742788314819,0.8243881464004517,0.9576085805892944,0.0,0.0,0.0,0.0,1.0
SNPT-111,18,31,1,363.0,28.6668643951416,4.765987873077393,28.267906188964844,0.798056423664093,0.9108594655990601,0.9426535964012146,0.0,0.0,0.0,1.0,1.0
SNPT-163,39,27,1,265.0,240.85693359375,-93.31458282470703,222.04605102539062,0.6112826466560364,0.7854783535003662,0.9696475267410278,0.0,1.0,0.0,1.0,1.0
SNPT-154,49,30,0,17.0,1890.5107421875,-1890.40869140625,-19.63966178894043,1.0554972887039185,0.5999764800071716,0.9205769896507263,0.0,0.0,0.0,1.0,1.0
SNPT-070,1,26,1,408.0,125.37753295898438,-15.597264289855957,-124.4035873413086,1.9526329040527344,0.9041173458099365,0.9699845910072327,1.0,0.0,1.0,1.0,1.0
SNPT-160,6,25,1,357.0,33.508663177490234,-18.123950958251953,28.184267044067383,0.9076665043830872,0.7974895238876343,0.9868285059928894,0.0,0.0,0.0,1.0,1.0
SNPT-159,4,29,0,80.0,109.97998809814453,1.0348597764968872,109.97511291503906,1.0614323616027832,0.7132143974304199,0.9705380797386169,0.0,0.0,0.0,1.0,1.0
SNPT-163,1,32,0,514.0,1905.95654296875,-1892.607666015625,-225.1817626953125,1.7648136615753174,0.7169262170791626,0.9083529710769653,0.0,0.0,0.0,1.0,1.0
SNPT-107,2,33,0,347.0,66.4001235961914,18.646408081054688,-63.72823715209961,1.1683012247085571,0.7984621524810791,0.9682897925376892,0.0,0.0,0.0,1.0,1.0
SNPT-169,43,24,0,422.0,1659.2066650390625,1659.1973876953125,-5.563721656799316,1.3393090963363647,0.6232571601867676,0.9619861841201782,0.0,0.0,0.0,1.0,1.0
SNPT-170,13,32,0,290.0,1186.250244140625,1180.7061767578125,114.55349731445312,0.6897671818733215,0.7164357900619507,0.9021697044372559,0.0,0.0,0.0,1.0,1.0
SNPT-158,2,28,1,141.0,71.066162109375,-7.0324177742004395,70.71735382080078,0.953028678894043,0.9338443279266357,0.9923123717308044,1.0,0.0,1.0,1.0,1.0
SNPT-164,24,29,0,39.0,1909.707763671875,1901.7198486328125,174.4859161376953,0.6578920483589172,0.481445848941803,0.9251258969306946,0.0,0.0,0.0,1.0,1.0
SNPT-064,19,27,1,118.0,129.8508758544922,-10.637773513793945,129.41441345214844,1.690143346786499,0.94721519947052,0.9819430708885193,0.0,0.0,0.0,1.0,1.0
SNPT-154,28,42,0,133.0,73.34202575683594,10.662881851196289,-72.56277465820312,1.5332200527191162,0.6740661263465881,0.8571838736534119,0.0,0.0,0.0,0.0,1.0
SNPT-101,23,41,0,329.0,13.944863319396973,-1.3505321741104126,-13.879311561584473,1.2797931432724,0.690007746219635,0.8277921676635742,0.0,0.0,0.0,0.0,1.0
SNPT-063,14,36,0,417.0,1907.9879150390625,1900.7708740234375,-165.79486083984375,1.3027986288070679,0.8383106589317322,0.9404640197753906,0.0,0.0,0.0,0.0,1.0
SNPT-066,6,36,0,2.0,632.514892578125,631.6331176757812,-33.38720703125,1.8826884031295776,0.7322432994842529,0.8087901473045349,0.0,0.0,0.0,1.0,0.0
SNPT-169,24,33,0,1.0,98.40956115722656,96.76128387451172,17.93586540222168,0.7995994687080383,0.7690421938896179,0.9401757717132568,0.0,0.0,0.0,1.0,1.0
SNPT-076,23,26,1,203.0,64.98108673095703,0.44513484835624695,-64.97956085205078,0.833213210105896,0.9618401527404785,0.9810873866081238,0.0,0.0,0.0,1.0,1.0
SNPT-066,20,27,0,64.0,746.578125,-745.32421875,-43.252418518066406,1.125483751296997,0.7947374582290649,0.9726731777191162,0.0,1.0,1.0,0.0,1.0
SNPT-166,10,19,0,85.0,1122.139892578125,-1047.01171875,-403.68841552734375,1.31338369846344,0.6632178425788879,0.9197639226913452,0.0,0.0,0.0,0.0,1.0
SNPT-074,7,26,0,213.0,28.911218643188477,2.9871275424957275,28.756488800048828,0.9103962182998657,0.8441095352172852,0.9667243957519531,0.0,0.0,0.0,0.0,1.0
SNPT-072,25,30,0,182.0,1910.4066162109375,-1907.7249755859375,-101.18701934814453,1.063132882118225,0.7182217240333557,0.9487313032150269,0.0,1.0,1.0,0.0,1.0
SNPT-161,28,32,1,232.0,62.02777099609375,-2.6651198863983154,61.970489501953125,0.9566062092781067,0.9137631058692932,0.9658530354499817,1.0,0.0,1.0,1.0,1.0
SNPT-105,4,31,0,231.0,44.26496505737305,-12.421870231628418,-42.48628234863281,0.7858299016952515,0.8004571199417114,0.9427134990692139,0.0,1.0,0.0,1.0,1.0
SNPT-066,11,41,0,541.0,218.24276733398438,-3.306370973587036,218.2177276611328,0.7601217031478882,0.8252604603767395,0.9453408718109131,0.0,0.0,0.0,1.0,1.0
SNPT-159,17,54,0,1.0,1897.0675048828125,-1896.108642578125,60.30772018432617,1.1855217218399048,0.587465763092041,0.9010249972343445,0.0,1.0,1.0,0.0,1.0
SNPT-111,37,42,1,19.0,7.4883809089660645,-7.4577460289001465,0.6766616106033325,1.8880741596221924,0.8373034000396729,0.9417458772659302,1.0,0.0,1.0,1.0,1.0
SNPT-109,6,29,0,90.0,1929.7142333984375,-1892.3028564453125,378.1360168457031,0.5989534854888916,0.6887778043746948,0.9085160493850708,0.0,1.0,1.0,0.0,1.0
SNPT-068,7,36,0,723.0,1904.4761962890625,1899.6436767578125,-135.58544921875,0.8859907984733582,0.819554328918457,0.9402698874473572,0.0,0.0,0.0,0.0,1.0
SNPT-157,17,39,0,292.0,152.64169311523438,58.522377014160156,140.97735595703125,0.631051778793335,0.7647352814674377,0.9775615334510803,0.0,0.0,0.0,1.0,1.0
SNPT-111,14,40,0,59.0,226.01611328125,1.2911208868026733,226.01242065429688,3.629175901412964,0.48740154504776,0.857301652431488,0.0,0.0,0.0,0.0,1.0
SNPT-077,9,28,0,541.0,1924.5244140625,1902.3797607421875,291.1107177734375,1.2184447050094604,0.7878619432449341,0.9105414152145386,0.0,0.0,0.0,0.0,1.0
SNPT-102,4,26,0,323.0,221.67355346679688,3.648944854736328,-221.64352416992188,1.0841023921966553,0.7331752777099609,0.9863710403442383,0.0,0.0,0.0,1.0,1.0
SNPT-073,4,29,0,276.0,231.1226348876953,-4.6130194664001465,231.0765838623047,0.8867535591125488,0.8840289115905762,0.9894267916679382,0.0,0.0,0.0,1.0,1.0
SNPT-067,14,35,0,242.0,1454.0621337890625,-1453.929443359375,-19.642667770385742,1.306603193283081,0.6327353119850159,0.8985833525657654,0.0,0.0,0.0,0.0,1.0
SNPT-101,12,38,1,607.0,1907.7664794921875,-1904.8321533203125,105.77057647705078,0.7963317036628723,0.9252733588218689,0.8964583277702332,0.0,0.0,0.0,1.0,1.0
SNPT-114,13,20,0,137.0,56.52764892578125,-8.65500545501709,-55.86112976074219,1.2225346565246582,0.8066991567611694,0.95428466796875,0.0,0.0,0.0,1.0,1.0
SNPT-111,36,13,1,53.0,13.082496643066406,12.4349946975708,4.064805507659912,0.9469088315963745,0.8533822298049927,0.9669510126113892,0.0,0.0,0.0,1.0,1.0
SNPT-102,20,31,0,443.0,415.25396728515625,0.8219649791717529,-415.2531433105469,1.9415491819381714,0.6697771549224854,0.7584327459335327,0.0,0.0,0.0,0.0,1.0
SNPT-060,18,38,1,217.0,18.51911735534668,5.50769567489624,17.681148529052734,0.9738054871559143,0.8868690133094788,0.9321883320808411,0.0,0.0,0.0,1.0,0.0
SNPT-100,7,25,0,243.0,54.29477310180664,-1.1118273735046387,54.283390045166016,0.9558976888656616,0.8821926712989807,0.9884113669395447,0.0,1.0,0.0,1.0,1.0
SNPT-108,31,35,0,78.0,218.28244018554688,-6.774205207824707,-218.1772918701172,2.0417561531066895,0.6452113389968872,0.8811376094818115,0.0,1.0,0.0,0.0,1.0
SNPT-162,12,41,1,129.0,167.9315643310547,-16.9573917388916,167.07321166992188,1.0688599348068237,0.9202945232391357,0.9897733926773071,0.0,1.0,1.0,1.0,1.0
SNPT-100,14,26,0,297.0,61.162010192871094,-9.697894096374512,-60.38826370239258,0.8253124952316284,0.6898763179779053,0.893139123916626,0.0,1.0,1.0,0.0,1.0
SNPT-161,10,27,1,97.0,367.038818359375,-2.661802053451538,-367.0291748046875,1.38393235206604,0.8915786743164062,0.942613959312439,0.0,0.0,0.0,1.0,1.0
SNPT-072,12,23,1,84.0,27.24231719970703,7.2840447425842285,26.250457763671875,1.490661382675171,0.6650272011756897,0.8285977244377136,0.0,0.0,0.0,0.0,1.0
SNPT-114,10,19,0,155.0,104.2335433959961,-18.02723503112793,-102.66280364990234,1.1560357809066772,0.7789402008056641,0.9289146661758423,0.0,0.0,0.0,1.0,1.0
SNPT-064,19,29,0,122.0,24.141210556030273,-1.6377735137939453,-24.085590362548828,1.5057034492492676,0.7687105536460876,0.9658492207527161,0.0,0.0,0.0,0.0,1.0
SNPT-151,13,24,1,165.0,121.53340911865234,5.520341396331787,-121.40796661376953,1.3255236148834229,0.6994961500167847,0.9783355593681335,0.0,0.0,0.0,1.0,1.0
SNPT-111,37,38,1,10.0,59.08600616455078,-6.509389400482178,58.726348876953125,5.093073844909668,0.6734181642532349,0.8108903169631958,0.0,0.0,0.0,1.0,1.0
SNPT-170,17,33,0,304.0,87.04157257080078,0.46325787901878357,87.04033660888672,0.6299522519111633,0.7005160450935364,0.9319530725479126,0.0,0.0,0.0,0.0,1.0
SNPT-158,4,29,1,177.0,66.19231414794922,-2.570573091506958,66.14237976074219,0.8040972948074341,0.9777529239654541,0.9713088870048523,1.0,0.0,1.0,1.0,1.0
SNPT-168,20,24,0,211.0,140.45120239257812,-4.515142440795898,140.37860107421875,0.5959509015083313,0.6135580539703369,0.9083240032196045,0.0,0.0,0.0,1.0,1.0
SNPT-157,5,32,0,166.0,1456.5523681640625,1390.3587646484375,434.1051940917969,0.8309316635131836,0.685550332069397,0.9303853511810303,0.0,0.0,0.0,0.0,1.0
SNPT-155,10,28,0,36.0,594.6030883789062,-9.682732582092285,594.5242919921875,0.41134217381477356,0.633194088935852,0.8715393543243408,0.0,1.0,1.0,0.0,1.0
SNPT-163,13,27,0,442.0,1896.2293701171875,-1887.4781494140625,181.9674072265625,0.5951623320579529,0.6285123825073242,0.9299521446228027,1.0,0.0,0.0,0.0,1.0
SNPT-102,6,33,1,562.0,121.1116714477539,4.26902961730957,-121.03641510009766,1.0570106506347656,0.8550918102264404,0.975511372089386,0.0,0.0,0.0,1.0,1.0
SNPT-169,9,20,1,134.0,151.32533264160156,-5.525533199310303,-151.22442626953125,1.266123652458191,0.9110181331634521,0.9834248423576355,1.0,0.0,1.0,1.0,1.0
SNPT-060,11,27,0,203.0,21.994081497192383,3.2437310218811035,21.753570556640625,1.0450505018234253,0.8365206718444824,0.9700862169265747,0.0,0.0,0.0,0.0,1.0
SNPT-066,20,38,0,278.0,495.8242492675781,-495.8241882324219,0.24758242070674896,0.874116063117981,0.7078036069869995,0.9523732662200928,0.0,1.0,1.0,0.0,1.0
SNPT-111,35,36,0,41.0,128.7871856689453,7.35462760925293,128.5770263671875,0.7665996551513672,0.6700259447097778,0.9432371258735657,0.0,0.0,0.0,1.0,1.0
SNPT-062,4,25,0,52.0,1888.6658935546875,-1888.224365234375,-40.83284378051758,0.8661240935325623,0.8243693113327026,0.9400412440299988,0.0,0.0,0.0,0.0,1.0
SNPT-107,5,36,1,386.0,7.593767166137695,3.8100273609161377,-6.568789482116699,0.631603479385376,0.8729793429374695,0.9590649008750916,0.0,0.0,0.0,1.0,1.0
SNPT-155,4,26,0,80.0,1906.7120361328125,-1906.489501953125,-29.129167556762695,1.0255109071731567,0.8368802070617676,0.9478257298469543,0.0,1.0,1.0,1.0,1.0
SNPT-169,1,17,1,77.0,255.63668823242188,-255.63241577148438,1.4773916006088257,1.258496880531311,0.8511213064193726,0.9706629514694214,1.0,0.0,1.0,1.0,1.0
SNPT-062,13,23,0,511.0,26.214447021484375,6.102309703826904,25.494295120239258,1.142221450805664,0.7987328767776489,0.9624795913696289,0.0,0.0,0.0,0.0,1.0
SNPT-154,13,51,1,64.0,15.235621452331543,9.888547897338867,11.590547561645508,0.9579135179519653,0.9529552459716797,0.9706279635429382,0.0,0.0,0.0,1.0,1.0
SNPT-072,17,24,0,185.0,125.05776977539062,-2.3660902976989746,-125.0353775024414,1.139728307723999,0.803098201751709,0.8946835994720459,0.0,1.0,0.0,0.0,1.0
SNPT-170,8,30,0,134.0,227.921142578125,-4.566374778747559,-227.87539672851562,1.1552244424819946,0.7898523211479187,0.9579553604125977,0.0,0.0,0.0,1.0,1.0
SNPT-160,2,30,0,382.0,32.7954216003418,23.743404388427734,22.622783660888672,1.1882362365722656,0.8161009550094604,0.9248208999633789,0.0,1.0,1.0,1.0,1.0
SNPT-154,11,31,1,160.0,89.87863159179688,7.599191665649414,89.55680084228516,1.0712908506393433,0.9755498170852661,0.9887460470199585,1.0,0.0,1.0,1.0,1.0
SNPT-155,6,24,1,276.0,11.36530876159668,1.7191895246505737,11.234528541564941,1.0268409252166748,0.7982689738273621,0.8754438161849976,0.0,1.0,0.0,1.0,1.0
SNPT-163,6,30,1,284.0,116.64501953125,4.070137977600098,116.57398223876953,1.0193662643432617,0.911482036113739,0.9719195365905762,1.0,0.0,1.0,1.0,1.0
SNPT-154,22,53,1,83.0,209.94497680664062,196.42202758789062,74.13015747070312,0.9043702483177185,0.7255658507347107,0.9569327235221863,0.0,0.0,0.0,1.0,1.0
SNPT-163,13,23,0,171.0,139.4674072265625,0.021879781037569046,139.4674072265625,0.6287976503372192,0.6194025278091431,0.9281875491142273,0.0,1.0,1.0,0.0,1.0
SNPT-077,2,28,1,70.0,90.26473999023438,0.70060795545578,-90.26201629638672,1.2027497291564941,0.8545433282852173,0.9770979285240173,0.0,1.0,0.0,1.0,1.0
SNPT-061,10,35,0,245.0,11.252028465270996,-6.241046905517578,-9.362556457519531,0.9125846028327942,0.7484424710273743,0.9808133840560913,0.0,0.0,0.0,1.0,1.0
SNPT-154,21,46,0,314.0,1888.951416015625,-1888.47509765625,42.41729736328125,1.56547212600708,0.8277888298034668,0.9688696265220642,0.0,0.0,0.0,0.0,0.0
SNPT-158,3,26,1,123.0,42.26442337036133,-3.7275075912475586,42.099727630615234,0.7176195383071899,0.8572418093681335,0.9653069972991943,0.0,0.0,0.0,1.0,1.0
SNPT-114,6,15,0,147.0,60.684688568115234,12.287091255187988,59.42776107788086,0.8594421148300171,0.6862671375274658,0.9245238304138184,0.0,0.0,0.0,0.0,1.0
SNPT-098,14,39,0,203.0,1923.2138671875,1902.23193359375,283.3114318847656,0.5317169427871704,0.6793004274368286,0.8880686163902283,0.0,1.0,1.0,0.0,1.0
SNPT-072,15,22,0,77.0,1902.6885986328125,-1902.537109375,-24.004379272460938,1.2113760709762573,0.7396398186683655,0.9421035051345825,0.0,1.0,1.0,0.0,1.0
SNPT-160,6,20,1,246.0,48.47780227661133,-11.12395191192627,47.18426513671875,1.0522778034210205,0.9092483520507812,0.9645365476608276,0.0,0.0,0.0,1.0,1.0
SNPT-073,2,30,1,419.0,1224.536376953125,-1223.987060546875,-36.676353454589844,1.1512560844421387,0.9191645979881287,0.9840309023857117,0.0,0.0,0.0,1.0,1.0
SNPT-108,3,14,0,68.0,184.4241485595703,0.8336086273193359,-184.42225646972656,1.3866193294525146,0.6983366012573242,0.9689556360244751,0.0,0.0,0.0,1.0,1.0
SNPT-102,24,27,0,124.0,41.14330291748047,1.1949747800827026,41.125946044921875,0.9435471892356873,0.6940067410469055,0.9223101735115051,0.0,0.0,0.0,0.0,1.0
SNPT-170,2,32,0,296.0,513.7089233398438,483.59063720703125,173.31175231933594,0.6585367321968079,0.7054816484451294,0.9274051785469055,0.0,0.0,0.0,0.0,1.0
SNPT-161,24,28,1,69.0,25.282445907592773,9.667080879211426,23.361284255981445,0.9344968199729919,0.9523317813873291,0.9323824048042297,1.0,0.0,1.0,1.0,1.0
SNPT-155,18,20,1,71.0,28.644832611083984,-0.32403481006622314,28.64299964904785,1.206140398979187,0.9212079048156738,0.9763178825378418,0.0,0.0,0.0,1.0,1.0
SNPT-169,7,38,0,465.0,1888.5574951171875,1888.5279541015625,10.569948196411133,1.0558764934539795,0.8187558650970459,0.9890657067298889,0.0,1.0,0.0,1.0,1.0
SNPT-067,11,34,1,534.0,278.2410888671875,-7.378745079040527,278.1432189941406,0.5403125882148743,0.8320329189300537,0.9705782532691956,1.0,0.0,1.0,1.0,1.0
SNPT-151,15,31,0,318.0,1892.5601806640625,1870.7445068359375,286.5299377441406,0.909965455532074,0.6041637659072876,0.9065502882003784,0.0,0.0,0.0,0.0,1.0
SNPT-069,19,25,0,367.0,270.3125305175781,-19.067983627319336,-269.63916015625,0.8958358764648438,0.8120043873786926,0.9633278846740723,0.0,0.0,0.0,1.0,1.0
SNPT-160,6,28,0,385.0,144.77496337890625,-5.123951435089111,144.68426513671875,1.0019114017486572,0.8564417958259583,0.9860847592353821,0.0,0.0,0.0,1.0,1.0
SNPT-158,9,36,1,282.0,252.53607177734375,-1.3810837268829346,252.53228759765625,0.9266369342803955,0.879280686378479,0.9892140626907349,1.0,0.0,1.0,1.0,1.0
SNPT-067,10,29,1,105.0,117.08451080322266,106.4417495727539,48.774349212646484,1.1662192344665527,0.9535662531852722,0.9902171492576599,0.0,0.0,0.0,1.0,1.0
SNPT-065,22,36,0,116.0,135.61044311523438,-11.579412460327148,-135.11517333984375,0.6762619018554688,0.723922610282898,0.939984917640686,0.0,0.0,0.0,0.0,1.0
SNPT-162,8,32,0,239.0,1920.0416259765625,1902.499755859375,258.9483947753906,0.9849801063537598,0.615420401096344,0.915988564491272,0.0,1.0,1.0,0.0,1.0
SNPT-101,26,39,0,120.0,40.19748306274414,-8.761202812194824,-39.23109817504883,0.9599680304527283,0.7608185410499573,0.9886109232902527,0.0,0.0,0.0,1.0,1.0
SNPT-159,17,23,1,116.0,11.915230751037598,-10.108680725097656,6.307718753814697,1.3226990699768066,0.8674220442771912,0.9173586964607239,0.0,0.0,0.0,1.0,1.0
SNPT-160,10,33,0,284.0,27.206241607666016,-2.478726863861084,-27.093090057373047,1.4941740036010742,0.6286026239395142,0.9204164147377014,0.0,0.0,0.0,1.0,1.0
SNPT-103,7,27,0,218.0,332.33331298828125,-5.483127593994141,-332.2880859375,1.6857709884643555,0.7012435793876648,0.8163450956344604,0.0,0.0,0.0,0.0,1.0
SNPT-063,29,38,0,95.0,1922.6197509765625,1887.0302734375,368.2164001464844,0.6969678401947021,0.8870847821235657,0.9673252105712891,0.0,1.0,1.0,1.0,1.0
SNPT-104,22,24,1,344.0,26.973928451538086,-3.382014751434326,26.76106834411621,0.8631564974784851,0.8697566986083984,0.9641777873039246,0.0,0.0,0.0,1.0,1.0
SNPT-105,8,30,1,116.0,64.70567321777344,-0.7729142904281616,-64.70105743408203,0.7255871891975403,0.9086969494819641,0.9246969223022461,1.0,0.0,1.0,1.0,1.0
SNPT-107,16,37,0,305.0,125.51265716552734,3.500781536102295,125.46382141113281,0.5181950926780701,0.5277456045150757,0.8611370921134949,0.0,0.0,0.0,0.0,1.0
SNPT-104,11,24,0,454.0,1909.02587890625,1905.3309326171875,-118.71757507324219,1.5297094583511353,0.6633001565933228,0.9400918483734131,0.0,0.0,0.0,1.0,1.0
SNPT-105,15,26,0,101.0,1371.6519775390625,-1369.0107421875,-85.08018493652344,1.0961682796478271,0.6455342173576355,0.9491289258003235,0.0,0.0,0.0,0.0,1.0
SNPT-075,1,25,0,148.0,349.6514892578125,-9.288705825805664,-349.528076171875,1.8920352458953857,0.8263756036758423,0.963877260684967,0.0,1.0,1.0,1.0,1.0
SNPT-074,23,27,0,311.0,188.6137237548828,14.339651107788086,188.06784057617188,0.6416035294532776,0.7682629227638245,0.9500468373298645,0.0,1.0,1.0,0.0,1.0
SNPT-101,15,31,1,343.0,228.10360717773438,-7.54018497467041,227.9789581298828,0.8886820077896118,0.7956299781799316,0.969317615032196,0.0,0.0,0.0,1.0,1.0
SNPT-162,13,33,0,123.0,48.34020233154297,5.065530300140381,48.07406234741211,0.9575574398040771,0.8415187001228333,0.97833651304245,0.0,0.0,0.0,1.0,1.0
SNPT-154,8,38,0,313.0,1880.8826904296875,1880.23974609375,-49.172611236572266,1.3655364513397217,0.6819124221801758,0.925943911075592,0.0,0.0,0.0,0.0,0.0
SNPT-114,1,25,0,37.0,1903.532958984375,1897.9342041015625,145.88821411132812,1.0542411804199219,0.7509447336196899,0.8915747404098511,0.0,1.0,1.0,0.0,1.0
SNPT-108,20,35,1,295.0,158.60626220703125,-5.766959190368652,158.5013885498047,0.9469345808029175,0.904564619064331,0.9877904057502747,0.0,0.0,0.0,1.0,1.0
SNPT-066,20,41,0,490.0,102.39093780517578,25.175800323486328,99.2475814819336,0.9269665479660034,0.7998265624046326,0.9726130962371826,0.0,1.0,1.0,0.0,1.0
SNPT-159,17,49,0,533.0,1905.5665283203125,-1898.608642578125,-162.69227600097656,1.7016295194625854,0.625208854675293,0.9245217442512512,0.0,0.0,0.0,1.0,1.0
SNPT-162,6,42,0,143.0,205.03802490234375,18.4201602935791,204.2089385986328,0.7007036805152893,0.6543035507202148,0.8827757835388184,0.0,1.0,0.0,0.0,1.0
SNPT-077,16,24,0,82.0,122.95053100585938,-21.453824996948242,-121.06430053710938,1.805022120475769,0.7189484238624573,0.9270926117897034,0.0,0.0,0.0,0.0,1.0
SNPT-151,11,21,0,339.0,320.68890380859375,-9.133271217346191,-320.558837890625,1.985655426979065,0.4931762218475342,0.8830386996269226,0.0,0.0,0.0,0.0,1.0
SNPT-159,50,36,0,260.0,1914.49755859375,1901.2496337890625,-224.83511352539062,1.7726333141326904,0.6833496689796448,0.9182142019271851,0.0,0.0,0.0,0.0,1.0
SNPT-160,6,29,0,386.0,171.72250366210938,-3.6239516735076904,171.68426513671875,0.9099478125572205,0.5901008248329163,0.929870069026947,0.0,0.0,0.0,0.0,1.0
SNPT-159,54,37,0,274.0,1951.8660888671875,1896.1944580078125,462.8475646972656,0.7255460023880005,0.6377542018890381,0.9177173972129822,0.0,1.0,1.0,0.0,1.0
SNPT-111,37,41,1,1.0,13.169671058654785,-3.4950509071350098,-12.697434425354004,10.722176551818848,0.5835344791412354,0.7949841618537903,0.0,0.0,0.0,1.0,1.0
SNPT-164,9,30,0,101.0,1915.1890869140625,1903.4229736328125,-211.9669647216797,1.4497967958450317,0.8510671257972717,0.9600228071212769,0.0,1.0,1.0,1.0,1.0
SNPT-103,28,24,0,290.0,6.931027412414551,-1.0440152883529663,6.851946830749512,1.719243049621582,0.7881196737289429,0.9071351289749146,0.0,1.0,1.0,1.0,1.0
SNPT-107,17,27,1,129.0,43.617027282714844,10.354789733886719,42.37007522583008,0.6675761938095093,0.8528348207473755,0.9898712038993835,1.0,0.0,1.0,1.0,1.0
SNPT-098,14,33,0,246.0,378.0748596191406,1.6402740478515625,378.0713195800781,0.4853253960609436,0.7035697102546692,0.9079650044441223,0.0,1.0,1.0,0.0,1.0
SNPT-151,11,23,1,342.0,55.79546356201172,-5.13327169418335,-55.5588264465332,1.231526255607605,0.9325059652328491,0.961340606212616,1.0,0.0,0.0,1.0,1.0
SNPT-102,11,24,0,177.0,255.383544921875,-1.4691439867019653,-255.3793182373047,1.098999261856079,0.6401776671409607,0.8932214379310608,0.0,0.0,0.0,0.0,1.0
SNPT-098,2,11,1,92.0,112.12014770507812,-6.477402210235596,-111.9328842163086,1.2114228010177612,0.918971061706543,0.9870768785476685,0.0,0.0,0.0,1.0,1.0
SNPT-162,4,32,0,91.0,496.1465759277344,0.04874086007475853,496.1465759277344,0.7462761402130127,0.709498405456543,0.9584603905677795,0.0,1.0,1.0,0.0,0.0
SNPT-151,3,27,1,283.0,234.413818359375,-10.304725646972656,-234.18722534179688,1.434288501739502,0.8633302450180054,0.9773528575897217,0.0,0.0,0.0,1.0,1.0
SNPT-157,8,9,1,101.0,23.752077102661133,-6.390246391296387,22.876317977905273,0.6336551904678345,0.8420886993408203,0.9422298073768616,0.0,0.0,0.0,1.0,0.0
SNPT-109,14,24,0,315.0,718.7931518554688,716.1211547851562,61.91939163208008,0.937329888343811,0.8294195532798767,0.9239440560340881,0.0,0.0,0.0,1.0,1.0
SNPT-072,12,27,0,335.0,1900.35888671875,-1897.2159423828125,-109.24954223632812,1.2093483209609985,0.7526929974555969,0.9167206883430481,0.0,1.0,0.0,0.0,1.0
SNPT-154,12,29,0,87.0,160.12229919433594,10.031478881835938,159.80775451660156,1.0306100845336914,0.8270895481109619,0.9654915928840637,0.0,1.0,1.0,0.0,0.0
SNPT-066,13,29,0,3.0,440.6744384765625,-440.6703796386719,1.8947404623031616,1.4998469352722168,0.8723223209381104,0.9433309435844421,0.0,1.0,0.0,0.0,1.0
SNPT-165,7,25,0,17.0,1874.75732421875,1874.7327880859375,9.60165786743164,0.905999481678009,0.681442379951477,0.8871142864227295,0.0,0.0,0.0,0.0,1.0
SNPT-068,16,29,1,492.0,156.3983917236328,-1.05487859249115,156.3948211669922,0.936915934085846,0.9251407384872437,0.9639790058135986,0.0,0.0,0.0,1.0,0.0
SNPT-115,1,22,0,38.0,303.8138427734375,7.911704063415527,-303.7108154296875,1.1497794389724731,0.6030460596084595,0.7967902421951294,0.0,1.0,1.0,0.0,1.0
SNPT-065,1,39,0,336.0,1119.364013671875,1117.32275390625,-67.56940460205078,0.7516825795173645,0.846611738204956,0.9064716696739197,0.0,1.0,1.0,1.0,1.0
SNPT-074,24,29,1,90.0,66.33049011230469,60.78567123413086,26.54874038696289,1.383878469467163,0.9503082036972046,0.9587833881378174,0.0,0.0,0.0,1.0,1.0
SNPT-166,14,22,0,350.0,1914.866455078125,1903.6785888671875,206.69076538085938,0.5981015563011169,0.6973711848258972,0.9268844127655029,0.0,0.0,0.0,0.0,1.0
SNPT-108,7,25,0,119.0,103.0675048828125,-1.5793157815933228,103.05540466308594,0.6159459948539734,0.724621057510376,0.9786481857299805,0.0,0.0,0.0,1.0,1.0
SNPT-065,1,40,1,381.0,1125.1654052734375,1122.32275390625,79.93059539794922,0.5983489751815796,0.8985327482223511,0.9770817160606384,1.0,0.0,1.0,1.0,1.0
SNPT-155,8,21,1,80.0,56.35892868041992,-16.706911087036133,-53.82571792602539,0.7805761694908142,0.9555761218070984,0.9867367148399353,1.0,0.0,1.0,1.0,1.0
SNPT-159,43,45,0,10.0,364.7934875488281,-4.943866729736328,-364.7599792480469,1.749383568763733,0.6972076892852783,0.9113669395446777,0.0,0.0,0.0,0.0,1.0
SNPT-061,9,30,1,416.0,119.07193756103516,-1.640362024307251,-119.06063842773438,1.2341270446777344,0.9719328880310059,0.9663081765174866,1.0,0.0,1.0,1.0,1.0
SNPT-098,10,35,0,62.0,135.11764526367188,-3.1596550941467285,135.0806884765625,0.5714162588119507,0.8726273775100708,0.9426693916320801,0.0,1.0,0.0,1.0,1.0
SNPT-163,25,36,0,7.0,1882.815673828125,-1882.34326171875,42.17448425292969,1.001373529434204,0.731033444404602,0.9333760738372803,0.0,1.0,1.0,0.0,1.0
SNPT-166,14,27,1,491.0,98.3333740234375,2.1786158084869385,-98.30923461914062,1.098607063293457,0.93154376745224,0.9695145487785339,0.0,0.0,0.0,1.0,0.0
SNPT-159,1,36,0,530.0,1924.2630615234375,1900.9033203125,-298.9227294921875,1.9449530839920044,0.7743017673492432,0.9123146533966064,0.0,0.0,0.0,1.0,1.0
SNPT-068,25,30,1,249.0,23.37748908996582,2.2449913024902344,23.26944351196289,1.0585811138153076,0.8481525778770447,0.9271156787872314,0.0,0.0,0.0,1.0,1.0
SNPT-073,2,22,1,65.0,44.74552536010742,-2.4870595932006836,-44.676353454589844,0.8172571063041687,0.9309159517288208,0.9846455454826355,0.0,0.0,0.0,1.0,0.0
SNPT-100,21,22,1,113.0,32.68072509765625,-1.5953357219696045,32.641761779785156,1.3362258672714233,0.8080735206604004,0.9455935955047607,0.0,0.0,0.0,1.0,1.0
SNPT-158,10,39,1,301.0,593.3047485351562,168.3668975830078,568.9140014648438,0.6729591488838196,0.9287736415863037,0.9778844118118286,1.0,0.0,1.0,1.0,1.0
SNPT-164,16,36,0,353.0,1938.660400390625,-1897.4293212890625,-397.700927734375,2.366335391998291,0.5987076759338379,0.9167439341545105,0.0,0.0,0.0,0.0,1.0
SNPT-164,16,27,1,75.0,70.90909576416016,-5.429319381713867,-70.70093536376953,1.2128037214279175,0.9644174575805664,0.9915876984596252,1.0,0.0,1.0,1.0,1.0
SNPT-154,6,41,0,74.0,1888.0845947265625,1887.731689453125,36.503074645996094,1.1382310390472412,0.7933518886566162,0.9535457491874695,0.0,0.0,0.0,0.0,1.0
SNPT-108,10,24,0,24.0,1897.68212890625,-1896.7764892578125,58.618736267089844,0.5428768992424011,0.7059895396232605,0.9473909735679626,0.0,0.0,0.0,1.0,1.0
SNPT-154,10,41,0,384.0,1887.594970703125,1887.38671875,28.040956497192383,0.9983006119728088,0.8797067403793335,0.9650883078575134,0.0,0.0,0.0,1.0,1.0
SNPT-063,13,22,1,78.0,16.806537628173828,0.663138210773468,-16.79344940185547,1.2508893013000488,0.9619635343551636,0.9935087561607361,1.0,0.0,1.0,1.0,1.0
SNPT-161,12,33,0,361.0,90.53685760498047,32.49651336669922,84.50383758544922,0.731197714805603,0.9160978198051453,0.9903189539909363,0.0,1.0,1.0,1.0,1.0
SNPT-114,14,28,1,126.0,40.33714294433594,4.518444538116455,40.08327102661133,1.133963704109192,0.9752407073974609,0.9839034080505371,0.0,0.0,0.0,1.0,1.0
SNPT-073,23,31,0,2.0,652.2784423828125,-531.0143432617188,378.802001953125,0.9069335460662842,0.8201149106025696,0.9810641407966614,0.0,0.0,0.0,0.0,1.0
SNPT-073,15,36,1,300.0,97.16133880615234,3.132477283477783,97.11083221435547,0.9652106165885925,0.817952036857605,0.9821946620941162,0.0,0.0,0.0,1.0,1.0
SNPT-061,6,35,0,492.0,210.16163635253906,-4.81701135635376,-210.10643005371094,1.3375763893127441,0.745186448097229,0.9384249448776245,0.0,0.0,0.0,0.0,1.0
SNPT-101,9,24,0,93.0,358.32769775390625,1.4787778854370117,358.32464599609375,0.6909997463226318,0.6617580652236938,0.9043492674827576,0.0,1.0,0.0,0.0,1.0
SNPT-109,21,24,0,61.0,221.91192626953125,-4.54982852935791,-221.8652801513672,1.4114881753921509,0.7578956484794617,0.9301745891571045,0.0,1.0,1.0,0.0,1.0
SNPT-068,24,31,0,330.0,1888.3697509765625,-1887.573486328125,54.835330963134766,0.9718061685562134,0.8060674667358398,0.9359456896781921,0.0,0.0,0.0,1.0,1.0
SNPT-110,23,33,1,148.0,90.12683868408203,-19.12216567993164,88.07491302490234,0.9165664911270142,0.8831145763397217,0.9726026654243469,0.0,1.0,0.0,1.0,1.0
SNPT-162,16,35,1,170.0,24.564321517944336,-17.69558334350586,-17.037378311157227,1.6196407079696655,0.8776884078979492,0.9762893319129944,0.0,0.0,0.0,1.0,1.0
SNPT-062,2,26,1,108.0,164.71099853515625,-12.983657836914062,-164.19847106933594,0.8265064358711243,0.9625526666641235,0.9514970183372498,1.0,0.0,1.0,1.0,1.0
SNPT-162,2,27,1,218.0,213.68630981445312,4.792893886566162,-213.63255310058594,1.253150224685669,0.9558983445167542,0.988781213760376,1.0,0.0,1.0,1.0,1.0
SNPT-067,20,31,0,233.0,161.3909454345703,32.462188720703125,-158.09251403808594,1.1752744913101196,0.9102760553359985,0.9761466979980469,1.0,0.0,0.0,1.0,1.0
SNPT-060,7,20,1,64.0,40.457889556884766,8.523229598999023,39.54990768432617,0.9576496481895447,0.9806243777275085,0.9969847202301025,1.0,0.0,1.0,1.0,1.0
SNPT-164,16,31,0,209.0,1898.615966796875,-1887.4293212890625,205.79905700683594,0.9335034489631653,0.7812280654907227,0.9921218156814575,0.0,1.0,1.0,1.0,1.0
SNPT-102,11,33,0,427.0,169.39076232910156,-1.9691439867019653,-169.3793182373047,0.8926447629928589,0.6455843448638916,0.8931651711463928,0.0,0.0,0.0,0.0,1.0
SNPT-108,7,11,1,69.0,3.449455976486206,3.4206840991973877,-0.444597065448761,0.8320675492286682,0.9692374467849731,0.9695019721984863,0.0,0.0,0.0,1.0,1.0
SNPT-106,11,23,1,344.0,115.92476654052734,4.843763828277588,-115.82352447509766,1.290701150894165,0.954623818397522,0.984286904335022,0.0,1.0,0.0,1.0,1.0
SNPT-071,5,25,0,167.0,380.7570495605469,380.67926025390625,7.69662618637085,0.6679999828338623,0.9167453646659851,0.9377602934837341,0.0,1.0,1.0,1.0,1.0
SNPT-072,23,26,0,137.0,72.45677185058594,-3.4463870525360107,-72.37476348876953,0.6524261236190796,0.6134171485900879,0.856499195098877,0.0,0.0,0.0,0.0,1.0
SNPT-158,2,38,0,213.0,187.8309783935547,-6.5324177742004395,187.7173614501953,1.119213581085205,0.7032052278518677,0.9436933994293213,0.0,1.0,1.0,0.0,1.0
SNPT-066,9,35,0,152.0,925.826171875,-912.0753784179688,-158.97335815429688,1.700147271156311,0.9068304896354675,0.9801154136657715,0.0,1.0,1.0,1.0,1.0
SNPT-107,14,33,0,663.0,1890.27197265625,-1885.962890625,127.56269073486328,0.860378623008728,0.8185282945632935,0.8766691088676453,0.0,0.0,0.0,0.0,1.0
SNPT-170,8,23,0,29.0,1907.630126953125,-1903.06640625,-131.87539672851562,1.1552454233169556,0.6903966665267944,0.9035853743553162,0.0,0.0,0.0,0.0,1.0
SNPT-163,2,37,0,566.0,1897.7672119140625,-1895.7757568359375,86.9189224243164,1.0057270526885986,0.6666616797447205,0.8663572669029236,0.0,1.0,1.0,0.0,1.0
SNPT-113,20,22,1,62.0,10.369926452636719,2.637214183807373,10.028982162475586,0.9987664222717285,0.9793620705604553,0.9951704144477844,0.0,0.0,0.0,1.0,1.0
SNPT-168,17,22,1,171.0,126.85367584228516,1.2700698375701904,126.84732055664062,0.7736988663673401,0.8737480640411377,0.9817319512367249,0.0,0.0,0.0,1.0,0.0
SNPT-163,18,30,0,44.0,1899.8018798828125,-1888.772705078125,-204.41275024414062,1.2840754985809326,0.867484986782074,0.9840462803840637,0.0,1.0,1.0,1.0,1.0
SNPT-162,13,35,0,137.0,69.0114517211914,-3.43446946144104,-68.92594146728516,1.260666847229004,0.8897662162780762,0.9723904728889465,0.0,0.0,0.0,1.0,1.0
SNPT-163,4,40,0,19.0,107.7951431274414,76.72223663330078,-75.71981811523438,1.208642840385437,0.7806910276412964,0.9334648251533508,0.0,0.0,0.0,0.0,0.0
SNPT-106,6,21,0,274.0,16.21943473815918,2.324812412261963,16.051956176757812,1.200718641281128,0.7899115085601807,0.9637701511383057,0.0,0.0,0.0,1.0,1.0
SNPT-107,14,29,0,637.0,1911.430908203125,-1904.462890625,163.06268310546875,0.5461787581443787,0.727136492729187,0.8719147443771362,0.0,0.0,0.0,0.0,1.0
SNPT-166,18,29,1,147.0,83.43025970458984,0.28331443667411804,-83.42977905273438,0.9196362495422363,0.9324221014976501,0.9650132060050964,0.0,0.0,0.0,1.0,1.0
SNPT-161,24,32,1,350.0,46.41793441772461,7.167081356048584,45.86128616333008,0.8939455151557922,0.929487943649292,0.972265899181366,1.0,0.0,1.0,1.0,1.0
SNPT-067,18,25,0,56.0,177.1456298828125,1.8901697397232056,177.1355438232422,0.9477894306182861,0.8175304532051086,0.9630744457244873,0.0,0.0,0.0,0.0,1.0
SNPT-071,24,29,1,93.0,22.79143524169922,21.48459815979004,-7.606682300567627,0.8851566910743713,0.9374498128890991,0.9797452688217163,1.0,0.0,1.0,1.0,1.0
SNPT-102,3,21,0,10.0,1895.2042236328125,1894.20556640625,-61.517127990722656,1.1945748329162598,0.6694087386131287,0.938105583190918,0.0,0.0,0.0,1.0,1.0
SNPT-160,6,16,0,54.0,1898.659912109375,-1898.6239013671875,11.684267044067383,0.9342191815376282,0.7213433980941772,0.9617847800254822,0.0,0.0,0.0,0.0,1.0
SNPT-163,11,36,1,295.0,152.8183135986328,13.92648696899414,152.1824188232422,0.696962296962738,0.8801965713500977,0.992033064365387,1.0,0.0,1.0,1.0,1.0
SNPT-106,5,24,0,530.0,85.78177642822266,13.511354446411133,-84.71101379394531,1.2707535028457642,0.7416178584098816,0.9716192483901978,0.0,0.0,0.0,1.0,1.0
SNPT-064,11,23,1,56.0,83.0102767944336,2.567411184310913,-82.97056579589844,1.31435227394104,0.9749701619148254,0.9348791837692261,1.0,0.0,1.0,1.0,1.0
SNPT-154,4,39,0,278.0,1877.4976806640625,1874.377197265625,-108.20281982421875,1.3390886783599854,0.7612951993942261,0.9080981612205505,0.0,0.0,0.0,0.0,1.0
SNPT-101,12,32,0,314.0,17.14914321899414,-6.832154273986816,-15.729423522949219,0.9596569538116455,0.606063961982727,0.9198744297027588,0.0,0.0,0.0,0.0,1.0
SNPT-062,29,27,1,80.0,14.630993843078613,-0.0322759747505188,-14.630958557128906,0.8299430012702942,0.8779293298721313,0.9777716398239136,0.0,0.0,0.0,1.0,1.0
SNPT-156,15,19,1,93.0,6.876682758331299,6.69789457321167,-1.5578745603561401,0.9119992852210999,0.9157564640045166,0.9923421740531921,1.0,0.0,0.0,1.0,1.0
SNPT-167,20,27,0,229.0,105.92713165283203,-5.713217735290527,105.77294158935547,0.8058325052261353,0.6320494413375854,0.9396005272865295,0.0,1.0,1.0,0.0,1.0
SNPT-071,7,28,0,252.0,1372.893310546875,-1362.875,-165.5522918701172,1.102393627166748,0.8680667281150818,0.9812143445014954,0.0,1.0,1.0,1.0,1.0
SNPT-164,9,35,0,256.0,1931.16943359375,1902.4229736328125,-331.9669494628906,1.8959540128707886,0.7781242728233337,0.9259220957756042,0.0,0.0,0.0,1.0,1.0
SNPT-061,4,24,1,119.0,24.65953254699707,-18.40367317199707,16.413330078125,0.8678299188613892,0.9646207094192505,0.9889175891876221,1.0,0.0,0.0,1.0,1.0
SNPT-161,22,39,0,624.0,119.45527648925781,-0.2956750690937042,-119.45491027832031,1.363132357597351,0.6511114835739136,0.923556387424469,0.0,0.0,0.0,0.0,1.0
SNPT-098,10,27,0,41.0,1891.12744140625,1889.9007568359375,68.10466766357422,0.6471619009971619,0.6431646347045898,0.9448390603065491,0.0,0.0,0.0,0.0,0.0
SNPT-100,9,25,0,294.0,26.679668426513672,-0.7924095988273621,-26.667898178100586,1.0160365104675293,0.8628710508346558,0.9712510704994202,0.0,1.0,0.0,1.0,1.0
SNPT-065,28,37,0,110.0,38.227943420410156,-15.785701751708984,-34.81648254394531,0.6475944519042969,0.6439749002456665,0.9482225775718689,0.0,1.0,1.0,0.0,1.0
SNPT-063,9,24,1,115.0,90.90345764160156,-8.715803146362305,90.48465728759766,1.1268656253814697,0.9189729690551758,0.962655246257782,0.0,0.0,0.0,1.0,1.0
SNPT-159,1,49,1,660.0,207.46945190429688,4.403292179107666,-207.4227294921875,1.5897865295410156,0.7250897884368896,0.9020141363143921,0.0,0.0,0.0,0.0,1.0
SNPT-151,4,22,0,250.0,156.9989471435547,-10.082444190979004,-156.67486572265625,1.0529237985610962,0.7252645492553711,0.8705340623855591,0.0,0.0,0.0,0.0,1.0
SNPT-109,14,19,1,16.0,108.54926300048828,-108.37882232666016,-6.080606937408447,0.8577238917350769,0.9084774255752563,0.9234060049057007,0.0,0.0,0.0,1.0,1.0
SNPT-064,1,22,1,58.0,4.270235061645508,4.249320030212402,-0.42211729288101196,1.1455249786376953,0.9571579694747925,0.9776422381401062,0.0,1.0,1.0,1.0,1.0
SNPT-168,14,22,0,173.0,138.14028930664062,-34.91060256958008,133.65623474121094,0.693727970123291,0.7614878416061401,0.9798962473869324,0.0,0.0,0.0,1.0,1.0
SNPT-076,20,24,0,25.0,1912.4798583984375,-1904.01611328125,179.7266387939453,0.47523996233940125,0.6039059162139893,0.904518187046051,0.0,0.0,0.0,0.0,1.0
SNPT-159,4,26,0,4.0,1864.515869140625,1863.534912109375,60.47511672973633,0.9781747460365295,0.7516629695892334,0.9519757032394409,0.0,0.0,0.0,0.0,1.0
SNPT-060,3,33,0,359.0,344.11419677734375,29.863826751708984,342.8158874511719,0.6775950193405151,0.9167037606239319,0.9697238802909851,0.0,1.0,1.0,1.0,1.0
SNPT-070,7,26,0,313.0,18.675107955932617,-0.4225728511810303,-18.670326232910156,1.6905525922775269,0.7872095108032227,0.9408969283103943,0.0,1.0,1.0,0.0,1.0
SNPT-154,3,37,0,343.0,1901.1148681640625,1899.5384521484375,77.40288543701172,0.989202618598938,0.6003125905990601,0.9154283404350281,0.0,1.0,0.0,1.0,1.0
SNPT-066,16,34,0,8.0,212.47384643554688,181.63784790039062,-110.23986053466797,1.7676151990890503,0.7837527990341187,0.9814768433570862,0.0,0.0,0.0,1.0,1.0
SNPT-159,52,45,0,350.0,1907.5999755859375,1904.533935546875,-108.11235809326172,1.459585189819336,0.7577862739562988,0.9726766347885132,0.0,0.0,0.0,1.0,1.0
SNPT-070,6,28,0,155.0,216.49476623535156,-4.217580795288086,-216.4536895751953,1.9684152603149414,0.9262152910232544,0.9293267726898193,0.0,1.0,1.0,1.0,1.0
SNPT-159,18,44,0,324.0,1906.1202392578125,1892.7542724609375,-225.33465576171875,1.9065600633621216,0.7305080890655518,0.9800363779067993,0.0,0.0,0.0,1.0,1.0
SNPT-110,38,33,0,109.0,198.82504272460938,2.9556334018707275,198.80307006835938,0.6968271732330322,0.7207887172698975,0.9716120362281799,0.0,1.0,0.0,1.0,0.0
SNPT-100,10,25,1,214.0,54.499813079833984,8.004876136779785,53.90873336791992,0.7992714643478394,0.7771642804145813,0.9794346690177917,0.0,1.0,0.0,1.0,1.0
SNPT-060,16,31,0,140.0,48.22049331665039,34.34589767456055,33.846343994140625,0.7599300742149353,0.8561829328536987,0.959052562713623,0.0,0.0,0.0,0.0,1.0
SNPT-170,9,33,0,314.0,860.5396728515625,840.8145141601562,183.1925811767578,0.5825122594833374,0.6787412762641907,0.9347227215766907,0.0,0.0,0.0,0.0,1.0
SNPT-101,3,33,0,14.0,1895.5982666015625,1895.493896484375,19.89259147644043,1.0892860889434814,0.7022061347961426,0.8993963599205017,1.0,0.0,1.0,0.0,1.0
SNPT-163,4,31,0,294.0,490.4326477050781,16.738197326660156,490.1469421386719,0.5304017663002014,0.7798290252685547,0.9496431946754456,0.0,1.0,1.0,1.0,0.0
SNPT-065,12,22,1,1.0,58.068031311035156,-57.223365783691406,-9.86825942993164,0.7886213064193726,0.9616045951843262,0.9808934330940247,1.0,0.0,1.0,1.0,1.0
SNPT-104,26,6,0,55.0,68.6199951171875,18.726825714111328,66.01522827148438,1.5854424238204956,0.755530834197998,0.8559563159942627,0.0,0.0,0.0,0.0,1.0
SNPT-067,14,31,0,224.0,252.8759765625,3.0705618858337402,252.85733032226562,0.8003363013267517,0.7844501733779907,0.952132523059845,0.0,0.0,0.0,1.0,1.0
SNPT-074,2,26,0,527.0,230.58551025390625,3.21130633354187,-230.56314086914062,0.9878367185592651,0.772536039352417,0.9645208120346069,0.0,0.0,0.0,0.0,1.0
SNPT-113,36,13,1,434.0,57.25021743774414,-6.756369590759277,-56.85014343261719,0.8200237154960632,0.9580928087234497,0.9252030253410339,1.0,0.0,1.0,1.0,1.0
SNPT-101,33,37,1,63.0,32.755558013916016,-10.077717781066895,31.166748046875,1.0576586723327637,0.7497121095657349,0.9701042175292969,0.0,0.0,0.0,1.0,1.0
SNPT-102,9,24,1,78.0,46.590396881103516,7.827455997467041,-45.92816162109375,0.754197359085083,0.7645683288574219,0.9861921072006226,0.0,0.0,0.0,1.0,1.0
SNPT-115,19,29,0,283.0,1917.3992919921875,-1904.7540283203125,-219.84556579589844,1.9186147451400757,0.6386868953704834,0.8478330373764038,0.0,1.0,1.0,0.0,1.0
SNPT-067,24,34,0,2.0,1917.0185546875,1886.44091796875,341.02911376953125,0.4659076929092407,0.5784595012664795,0.8981528282165527,0.0,0.0,0.0,1.0,1.0
SNPT-098,5,25,0,264.0,310.6722717285156,3.618328094482422,-310.6512145996094,0.9599705338478088,0.8705263137817383,0.9798636436462402,0.0,1.0,1.0,1.0,1.0
SNPT-063,18,36,0,203.0,149.61514282226562,0.4805689752101898,-149.6143798828125,1.428734302520752,0.8125050067901611,0.9606004357337952,0.0,0.0,0.0,0.0,1.0
SNPT-159,34,39,0,164.0,34.49964141845703,-7.428640365600586,-33.690364837646484,0.8445788025856018,0.6697375774383545,0.9635240435600281,0.0,0.0,0.0,1.0,1.0
SNPT-068,20,28,1,126.0,114.02799224853516,1.9621831178665161,114.0111083984375,0.7638851404190063,0.9298616647720337,0.9846017956733704,0.0,0.0,0.0,1.0,1.0
SNPT-061,11,33,0,83.0,14.719120979309082,-13.394783973693848,6.101826190948486,1.2799999713897705,0.8017849922180176,0.950885534286499,0.0,0.0,0.0,0.0,1.0
SNPT-060,19,30,0,311.0,423.8311462402344,49.70697021484375,420.90625,0.5309041142463684,0.5988711714744568,0.9114149808883667,0.0,0.0,0.0,0.0,1.0
SNPT-072,15,25,1,181.0,56.04975509643555,2.462864398956299,55.99562072753906,0.9271317720413208,0.9600533246994019,0.9792677760124207,1.0,0.0,1.0,1.0,1.0
SNPT-063,12,27,0,85.0,94.89108276367188,-6.8314900398254395,94.64485931396484,1.082914113998413,0.9304676055908203,0.9934375882148743,0.0,1.0,1.0,1.0,1.0
SNPT-170,3,22,0,1.0,1389.5792236328125,-1379.93115234375,163.46376037597656,0.6028452515602112,0.6616513729095459,0.9243840575218201,0.0,0.0,0.0,0.0,1.0
SNPT-110,9,34,0,122.0,1892.9991455078125,1891.6756591796875,-70.77334594726562,0.7906433939933777,0.6957263350486755,0.9338623285293579,0.0,1.0,1.0,0.0,1.0
SNPT-151,5,37,1,195.0,181.9384765625,10.488407135009766,181.6359100341797,0.8210634589195251,0.8065456748008728,0.9701122641563416,0.0,0.0,0.0,1.0,1.0
SNPT-163,16,33,0,308.0,72.14488220214844,-5.061938285827637,-71.96707916259766,1.26919686794281,0.7440280914306641,0.9556392431259155,0.0,0.0,0.0,1.0,1.0
SNPT-151,8,36,1,122.0,112.65846252441406,-10.865030288696289,112.13331604003906,0.8749024868011475,0.8217101097106934,0.9740344882011414,0.0,0.0,0.0,1.0,1.0
SNPT-160,6,26,0,375.0,37.6944465637207,0.8760483264923096,37.68426513671875,1.1423461437225342,0.7776806950569153,0.9750117659568787,0.0,0.0,0.0,1.0,1.0
SNPT-072,15,27,0,334.0,1904.1387939453125,-1901.537109375,-99.50437927246094,1.1706362962722778,0.7681185603141785,0.9491392970085144,0.0,1.0,1.0,0.0,1.0
SNPT-163,17,24,0,4.0,1904.4921875,1903.918701171875,-46.733787536621094,0.6501141786575317,0.5735743045806885,0.9223558306694031,0.0,0.0,0.0,1.0,1.0
SNPT-064,16,21,1,96.0,17.939233779907227,1.1768369674682617,17.900590896606445,0.9326189756393433,0.9524194002151489,0.9820806980133057,1.0,0.0,1.0,1.0,1.0
SNPT-160,5,23,1,319.0,68.64740753173828,11.122820854187012,-67.74030303955078,2.316876173019409,0.7135191559791565,0.957944929599762,0.0,0.0,0.0,1.0,1.0
SNPT-110,3,34,1,303.0,180.62705993652344,12.652803421020508,-180.183349609375,0.8512348532676697,0.8524986505508423,0.9783592820167542,1.0,0.0,1.0,1.0,0.0
SNPT-103,29,30,1,44.0,64.20417785644531,9.024765968322754,-63.566734313964844,0.8153113722801208,0.907395601272583,0.9111050963401794,1.0,0.0,1.0,1.0,1.0
SNPT-107,14,27,0,626.0,1894.039794921875,-1893.962890625,17.06269073486328,0.6642804741859436,0.7622692584991455,0.9628320932388306,0.0,0.0,0.0,1.0,1.0
SNPT-160,20,25,1,76.0,40.89906692504883,-16.80755615234375,-37.285919189453125,0.8625730872154236,0.7300251722335815,0.9714935421943665,0.0,0.0,0.0,1.0,1.0
SNPT-073,21,34,0,383.0,176.5009765625,9.575156211853027,176.24105834960938,0.9478065371513367,0.7102755308151245,0.9363359808921814,0.0,0.0,0.0,1.0,1.0
SNPT-067,11,23,0,211.0,1896.8223876953125,-1891.8787841796875,-136.85678100585938,1.5107043981552124,0.7764125466346741,0.9490384459495544,0.0,0.0,0.0,1.0,1.0
SNPT-163,1,40,0,238.0,1852.365966796875,-1823.62353515625,-325.04852294921875,1.8999708890914917,0.7256068587303162,0.8624662160873413,0.0,0.0,0.0,0.0,1.0
SNPT-169,16,37,0,277.0,785.59326171875,-759.769775390625,199.76649475097656,0.7842705845832825,0.5864330530166626,0.9357054829597473,0.0,0.0,0.0,1.0,1.0
SNPT-104,25,26,0,52.0,154.75938415527344,6.7976250648498535,-154.6100311279297,0.6917216181755066,0.7104055881500244,0.8485246300697327,0.0,0.0,0.0,0.0,1.0
SNPT-170,17,32,1,279.0,114.67407989501953,-5.536742210388184,114.54033660888672,0.7197514772415161,0.7704097032546997,0.8818630576133728,0.0,0.0,0.0,1.0,1.0
SNPT-109,21,32,0,281.0,1896.4639892578125,-1896.0498046875,39.63471603393555,0.8447624444961548,0.7468533515930176,0.9769654273986816,0.0,1.0,1.0,1.0,1.0
SNPT-077,26,30,0,475.0,268.17999267578125,-5.038294315338135,268.1326599121094,0.4897107779979706,0.8240607976913452,0.9632582664489746,0.0,1.0,1.0,1.0,1.0
SNPT-111,3,27,1,76.0,28.50421905517578,3.2562196254730225,28.31761932373047,1.264223575592041,0.9415417909622192,0.9759557843208313,1.0,0.0,1.0,1.0,1.0
SNPT-065,21,26,0,198.0,292.0776062011719,16.00946807861328,291.6385192871094,0.327829509973526,0.6293351650238037,0.8625834584236145,0.0,0.0,0.0,1.0,1.0
SNPT-107,2,39,1,383.0,94.99742126464844,7.146407127380371,-94.72824096679688,0.8287923336029053,0.9586890935897827,0.9844856262207031,1.0,0.0,1.0,1.0,1.0
SNPT-155,3,27,0,124.0,86.6249008178711,-0.6497863531112671,-86.62246704101562,1.2035548686981201,0.5632817149162292,0.9162791967391968,0.0,1.0,1.0,1.0,1.0
SNPT-158,3,32,0,210.0,432.7724914550781,-12.227507591247559,432.5997314453125,0.4752401113510132,0.6685528755187988,0.9208991527557373,0.0,0.0,0.0,0.0,1.0
SNPT-067,14,27,1,80.0,50.39988327026367,2.0705618858337402,50.35733413696289,1.2120286226272583,0.966401219367981,0.9862069487571716,0.0,0.0,0.0,1.0,1.0
SNPT-071,1,26,1,154.0,24.336917877197266,20.947628021240234,-12.38880443572998,0.7463410496711731,0.9075882434844971,0.958689272403717,0.0,0.0,0.0,1.0,1.0
SNPT-167,19,26,0,164.0,180.2080078125,17.79469108581543,179.32728576660156,0.7142019271850586,0.6932938098907471,0.9068224430084229,1.0,0.0,0.0,0.0,1.0
SNPT-165,1,21,0,27.0,1883.3067626953125,1880.182861328125,108.42958068847656,0.9054377675056458,0.7016671895980835,0.9141640067100525,0.0,0.0,0.0,0.0,1.0
SNPT-067,9,32,1,236.0,71.78242492675781,-3.615217924118042,71.69132995605469,1.0466569662094116,0.9201268553733826,0.9660875797271729,0.0,0.0,0.0,0.0,0.0
SNPT-070,3,27,0,112.0,71.66918182373047,9.594915390014648,-71.02400970458984,1.5390231609344482,0.8020826578140259,0.9397394061088562,0.0,0.0,0.0,0.0,1.0
SNPT-099,9,24,0,107.0,590.2217407226562,-304.452880859375,505.6383056640625,0.6737635135650635,0.6909425258636475,0.7195789217948914,0.0,0.0,0.0,0.0,1.0
SNPT-068,20,33,0,369.0,1897.915771484375,1897.462158203125,-41.4888916015625,0.5301295518875122,0.8154177665710449,0.9531203508377075,0.0,0.0,0.0,1.0,1.0
SNPT-074,6,25,0,300.0,59.814537048339844,57.45353698730469,-16.639404296875,1.076097846031189,0.9345530271530151,0.9947222471237183,0.0,1.0,1.0,1.0,1.0
SNPT-108,8,15,0,111.0,55.722206115722656,5.492783546447754,55.45082092285156,0.6897503137588501,0.8883671164512634,0.9845738410949707,0.0,0.0,0.0,1.0,1.0
SNPT-064,17,25,1,38.0,207.81631469726562,-1.9380948543548584,-207.80728149414062,1.770177960395813,0.9476108551025391,0.9711868762969971,0.0,0.0,0.0,1.0,1.0
SNPT-105,8,33,0,283.0,197.611328125,12.727086067199707,-197.2010498046875,1.3888264894485474,0.8393465280532837,0.9852636456489563,0.0,0.0,0.0,1.0,1.0
SNPT-098,23,39,1,146.0,76.75103759765625,-0.5609254240989685,-76.74898529052734,0.9678561687469482,0.887026309967041,0.9353942275047302,1.0,0.0,1.0,1.0,1.0
SNPT-166,7,21,0,285.0,86.48628234863281,0.21199610829353333,-86.48602294921875,0.9798744916915894,0.711661696434021,0.9389488101005554,0.0,0.0,0.0,0.0,1.0
SNPT-115,7,29,0,349.0,23.88082504272461,-6.275332450866699,23.04157066345215,1.3681960105895996,0.6021373271942139,0.8972058296203613,0.0,0.0,0.0,0.0,1.0
SNPT-170,37,33,0,348.0,104.44739532470703,1.4967677593231201,104.43667602539062,0.7294570803642273,0.7078545093536377,0.9314560294151306,0.0,0.0,0.0,0.0,1.0
SNPT-158,21,36,1,259.0,280.80426025390625,-19.53061866760254,280.1242370605469,0.6398817896842957,0.7296250462532043,0.8176643252372742,0.0,0.0,0.0,1.0,0.0
SNPT-165,12,26,1,152.0,27.28681182861328,1.6067389249801636,27.239465713500977,0.8204125761985779,0.9372994899749756,0.9756307005882263,1.0,0.0,1.0,1.0,1.0
SNPT-170,19,29,1,50.0,98.07137298583984,1.8581600189208984,-98.05376434326172,0.7671055197715759,0.8097800016403198,0.9523363709449768,0.0,0.0,0.0,1.0,1.0
SNPT-165,17,28,1,162.0,113.83300018310547,9.164220809936523,113.46350860595703,0.7762162089347839,0.8068597316741943,0.9432365894317627,0.0,0.0,0.0,1.0,1.0
SNPT-066,30,40,0,169.0,1411.5565185546875,-1411.5050048828125,-12.061491012573242,0.6259051561355591,0.871874213218689,0.9825558662414551,0.0,1.0,1.0,1.0,1.0
SNPT-160,9,24,1,322.0,120.48217010498047,22.906858444213867,-118.2845230102539,1.691660761833191,0.9056698679924011,0.9297278523445129,1.0,0.0,1.0,1.0,1.0
SNPT-071,1,27,0,238.0,1882.10009765625,1878.9476318359375,-108.88880157470703,0.6381025314331055,0.6623259782791138,0.9073492288589478,0.0,0.0,0.0,1.0,1.0
SNPT-169,23,32,1,1.0,105.60016632080078,102.88682556152344,23.784345626831055,0.7316009402275085,0.7923842072486877,0.9369726777076721,0.0,0.0,0.0,0.0,0.0
SNPT-154,1,22,0,112.0,849.9450073242188,836.40283203125,-151.11863708496094,1.4203531742095947,0.7155342102050781,0.9218564629554749,0.0,0.0,0.0,1.0,1.0
SNPT-068,11,35,0,126.0,253.18272399902344,-2.1104986667633057,-253.17393493652344,0.8643139600753784,0.8458828926086426,0.9446470737457275,0.0,0.0,0.0,0.0,1.0
SNPT-112,13,14,1,75.0,68.48698425292969,-0.09898699074983597,-68.4869155883789,1.1215626001358032,0.9288593530654907,0.9745241403579712,0.0,0.0,0.0,1.0,1.0
SNPT-062,12,23,0,236.0,581.1434936523438,-7.79862117767334,-581.0911865234375,1.9285104274749756,0.7249829769134521,0.9486013650894165,0.0,0.0,0.0,0.0,1.0
SNPT-063,21,36,1,255.0,144.1380157470703,2.096801280975342,-144.1227569580078,1.262786865234375,0.9697171449661255,0.9920434951782227,0.0,0.0,0.0,1.0,1.0
SNPT-113,36,15,0,273.0,221.4665985107422,-7.197708606719971,221.349609375,1.4658454656600952,0.6829531192779541,0.9556513428688049,0.0,0.0,0.0,1.0,1.0
SNPT-105,17,30,0,329.0,1922.9156494140625,-1907.26904296875,244.8050079345703,0.4491363763809204,0.6485236883163452,0.7624493837356567,0.0,0.0,0.0,0.0,1.0
SNPT-068,11,36,1,127.0,63.21910858154297,2.3895013332366943,-63.17393493652344,0.6774576306343079,0.9491633176803589,0.9672788977622986,0.0,0.0,0.0,1.0,1.0
SNPT-160,10,19,1,66.0,23.601091384887695,3.021273136138916,23.406909942626953,1.2588815689086914,0.9753974676132202,0.9700289964675903,0.0,0.0,0.0,1.0,1.0
SNPT-101,4,39,1,442.0,1893.9794921875,-1893.5010986328125,42.56765365600586,1.0138404369354248,0.9434625506401062,0.9810941815376282,0.0,0.0,0.0,1.0,1.0
SNPT-104,26,2,0,52.0,165.536865234375,19.721168518066406,164.35792541503906,1.8453669548034668,0.7501601576805115,0.849402666091919,0.0,0.0,0.0,0.0,1.0
SNPT-108,14,35,0,286.0,214.7692413330078,-8.28857421875,214.6092529296875,0.8881350159645081,0.7301487922668457,0.97784423828125,0.0,0.0,0.0,1.0,1.0
SNPT-065,3,39,1,177.0,89.18283081054688,-23.008739471435547,-86.16365814208984,0.588672935962677,0.9336400628089905,0.8612462282180786,1.0,0.0,1.0,1.0,1.0
SNPT-106,4,19,0,222.0,120.43035888671875,2.780921459197998,-120.39824676513672,1.6151620149612427,0.6221668720245361,0.9011980891227722,0.0,0.0,0.0,0.0,1.0
SNPT-063,27,38,0,7.0,1920.127685546875,1884.406982421875,368.64727783203125,0.6066984534263611,0.7135308980941772,0.937163233757019,0.0,1.0,1.0,0.0,1.0
SNPT-157,8,30,0,372.0,1916.75244140625,-1887.8902587890625,331.3763122558594,0.5165241956710815,0.7736868858337402,0.8984230756759644,0.0,0.0,0.0,1.0,0.0
SNPT-154,20,35,0,146.0,214.8260955810547,11.119433403015137,214.5381317138672,1.3364288806915283,0.9389479160308838,0.9597986936569214,0.0,1.0,1.0,1.0,1.0
SNPT-111,38,42,1,2.0,30.318466186523438,2.7859275341033936,-30.190196990966797,0.37071406841278076,0.6760959625244141,0.8916817307472229,0.0,0.0,0.0,1.0,1.0
SNPT-159,7,48,0,276.0,197.28001403808594,194.9014129638672,-30.542478561401367,1.1856684684753418,0.5786786079406738,0.8904350996017456,0.0,0.0,0.0,0.0,1.0
SNPT-154,20,40,1,189.0,175.08660888671875,4.1194329261779785,175.0381317138672,1.0867325067520142,0.9757082462310791,0.9964624643325806,1.0,0.0,1.0,1.0,1.0
SNPT-108,4,26,0,190.0,119.56898498535156,9.225786209106445,-119.21253204345703,0.9917733073234558,0.6591112017631531,0.9066300988197327,1.0,0.0,1.0,0.0,1.0
SNPT-107,3,37,1,449.0,101.79014587402344,-4.556929111480713,101.68809509277344,0.6153486371040344,0.9028029441833496,0.9283982515335083,0.0,0.0,0.0,1.0,1.0
SNPT-101,25,35,0,118.0,1905.2974853515625,1904.1865234375,65.0558853149414,1.0551633834838867,0.7454789876937866,0.938210129737854,0.0,0.0,0.0,1.0,1.0
SNPT-153,11,16,0,4.0,1900.82177734375,1900.7498779296875,16.5275821685791,1.1446561813354492,0.6798197031021118,0.9291555881500244,0.0,0.0,0.0,0.0,0.0
SNPT-157,7,32,0,200.0,1516.48583984375,1395.736572265625,592.9998779296875,0.6125555634498596,0.6443160772323608,0.9168463945388794,0.0,0.0,0.0,0.0,1.0
SNPT-105,16,34,0,527.0,1905.8880615234375,-1900.3416748046875,145.2947540283203,0.6805505156517029,0.595294177532196,0.9018861055374146,0.0,0.0,0.0,0.0,1.0
SNPT-060,12,23,1,165.0,44.911190032958984,-13.427874565124512,42.8568229675293,0.8752200603485107,0.9411827325820923,0.9932205080986023,0.0,0.0,0.0,1.0,1.0
SNPT-162,26,35,0,4.0,1883.216552734375,1881.6890869140625,-75.83164978027344,1.3177993297576904,0.8537967205047607,0.963925302028656,0.0,0.0,0.0,1.0,1.0
SNPT-113,15,21,0,87.0,43.90705871582031,1.2688305377960205,-43.88872146606445,1.1572848558425903,0.6035419702529907,0.9371469020843506,0.0,0.0,0.0,0.0,1.0
SNPT-066,11,37,0,124.0,966.3414916992188,-962.306396484375,88.21772003173828,0.893786609172821,0.8055174350738525,0.9354665279388428,0.0,0.0,0.0,0.0,1.0
SNPT-104,12,24,0,204.0,1909.1434326171875,1908.56005859375,-47.19151306152344,0.927825391292572,0.7488884329795837,0.9555788040161133,0.0,0.0,0.0,1.0,1.0
SNPT-111,2,18,0,32.0,1871.453369140625,-1870.54052734375,-58.44256591796875,1.8773185014724731,0.6775177717208862,0.8896394968032837,0.0,1.0,0.0,0.0,1.0
SNPT-066,7,33,0,3.0,332.5250549316406,-330.2173767089844,39.10737609863281,1.7845510244369507,0.9511607885360718,0.9328972697257996,0.0,1.0,1.0,1.0,1.0
SNPT-102,3,24,0,151.0,182.01724243164062,0.20551100373268127,-182.0171356201172,1.1131871938705444,0.7127504348754883,0.9594163298606873,0.0,0.0,0.0,1.0,1.0
SNPT-098,2,34,0,210.0,129.44798278808594,-1.9774019718170166,-129.43287658691406,0.8739680051803589,0.7363783121109009,0.9632902145385742,0.0,0.0,0.0,1.0,1.0
SNPT-108,4,31,1,501.0,1898.367919921875,1884.225830078125,231.2874755859375,0.5689978003501892,0.9301900863647461,0.9543837904930115,1.0,0.0,1.0,1.0,1.0
SNPT-105,8,32,0,183.0,1902.10546875,1901.22705078125,57.798946380615234,0.7707192301750183,0.6550804376602173,0.9058432579040527,0.0,1.0,1.0,0.0,1.0
SNPT-063,24,42,1,92.0,28.21712303161621,-27.97364616394043,-3.6988062858581543,1.1208078861236572,0.8374446630477905,0.9731267690658569,0.0,0.0,0.0,1.0,1.0
SNPT-115,11,29,1,102.0,44.914119720458984,-20.02535629272461,-40.20277786254883,1.4549283981323242,0.893493115901947,0.9772039651870728,1.0,0.0,1.0,1.0,1.0
SNPT-067,2,28,0,98.0,108.65725708007812,16.614368438720703,107.37952423095703,0.8034123182296753,0.8392559885978699,0.9570029377937317,0.0,0.0,0.0,0.0,0.0
SNPT-157,12,35,1,178.0,282.8896179199219,49.51914978027344,278.52178955078125,0.7557880878448486,0.8794877529144287,0.9687707424163818,1.0,0.0,1.0,1.0,1.0
SNPT-158,5,33,1,224.0,24.836767196655273,-6.787932395935059,23.891191482543945,0.8073006868362427,0.9102681279182434,0.9925041198730469,0.0,0.0,0.0,1.0,1.0
SNPT-163,40,36,0,278.0,185.3133544921875,9.893058776855469,185.04908752441406,0.6935176253318787,0.7150731086730957,0.9438340067863464,0.0,0.0,0.0,1.0,1.0
SNPT-166,21,27,1,139.0,81.2928695678711,-2.7539026737213135,-81.24620819091797,1.1463369131088257,0.9357312321662903,0.9866319894790649,0.0,0.0,0.0,1.0,0.0
SNPT-105,26,29,0,113.0,24.770559310913086,3.595400810241699,24.508237838745117,0.5814396739006042,0.7299250364303589,0.9364273548126221,0.0,0.0,0.0,0.0,1.0
SNPT-151,1,36,0,499.0,983.6568603515625,-949.3473510742188,-257.5275573730469,1.08540940284729,0.7375409603118896,0.8503075838088989,0.0,0.0,0.0,0.0,1.0
SNPT-101,24,36,1,240.0,62.19118118286133,-0.019709119573235512,62.19118118286133,1.0774133205413818,0.9205117225646973,0.9588866233825684,0.0,1.0,0.0,1.0,1.0
SNPT-065,14,38,1,168.0,53.31497573852539,8.887932777404785,-52.56892013549805,0.5498637557029724,0.9212234020233154,0.9246930480003357,0.0,1.0,1.0,0.0,0.0
SNPT-110,37,12,0,35.0,343.9818420410156,10.806970596313477,343.8120422363281,1.9183323383331299,0.706702470779419,0.9368007183074951,0.0,1.0,1.0,0.0,0.0
SNPT-154,22,37,0,181.0,224.40806579589844,192.92202758789062,114.63015747070312,0.7221505641937256,0.7270678281784058,0.9637936949729919,0.0,0.0,0.0,1.0,1.0
SNPT-063,29,31,0,46.0,1903.51708984375,1902.5302734375,-61.283599853515625,1.2577061653137207,0.8953954577445984,0.946949303150177,0.0,1.0,0.0,1.0,1.0
SNPT-160,18,22,1,144.0,21.933088302612305,16.050546646118164,-14.947921752929688,1.066859245300293,0.969141960144043,0.9901621341705322,0.0,0.0,0.0,1.0,1.0
SNPT-115,4,24,0,252.0,1903.8201904296875,1896.9365234375,161.75025939941406,1.0942518711090088,0.7027417421340942,0.8486262559890747,0.0,0.0,0.0,0.0,1.0
SNPT-105,15,34,0,511.0,1918.83349609375,-1909.5107421875,188.91981506347656,0.6142216920852661,0.5661452412605286,0.9283255338668823,0.0,0.0,0.0,0.0,1.0
SNPT-098,34,32,0,217.0,63.962310791015625,9.1312255859375,63.30717086791992,0.7357232570648193,0.7608228921890259,0.9210490584373474,0.0,1.0,0.0,1.0,1.0
SNPT-073,19,31,1,324.0,148.21885681152344,16.31853485107422,147.3177947998047,0.9601242542266846,0.9070326089859009,0.988943338394165,0.0,0.0,0.0,1.0,1.0
SNPT-157,19,32,1,67.0,535.9386596679688,-499.871337890625,193.28448486328125,1.112969994544983,0.952054500579834,0.9852307438850403,1.0,0.0,1.0,1.0,1.0
SNPT-170,25,34,1,583.0,46.02922821044922,22.322982788085938,40.25387191772461,1.1500287055969238,0.8135072588920593,0.9773901104927063,0.0,0.0,0.0,1.0,1.0
SNPT-077,18,30,0,236.0,512.3178100585938,1.381080985069275,512.31591796875,0.3034273087978363,0.8058449029922485,0.961292564868927,0.0,0.0,0.0,1.0,1.0
SNPT-064,8,29,0,97.0,123.77041625976562,-5.981497764587402,-123.62579345703125,1.6174784898757935,0.9045138359069824,0.9611455798149109,0.0,0.0,0.0,1.0,1.0
SNPT-170,35,27,0,18.0,1284.0242919921875,-1283.95263671875,13.555099487304688,1.2938339710235596,0.6453686952590942,0.8713862299919128,0.0,0.0,0.0,0.0,1.0
SNPT-106,5,18,1,223.0,36.60659408569336,10.011354446411133,-35.21101379394531,1.4055817127227783,0.788144052028656,0.9658937454223633,0.0,0.0,0.0,1.0,1.0
SNPT-070,34,3,1,106.0,79.54399108886719,2.0594401359558105,-79.51732635498047,0.5585202574729919,0.8986105918884277,0.9488968849182129,0.0,0.0,0.0,1.0,1.0
SNPT-062,29,28,0,93.0,181.89324951171875,2.967724084854126,181.86904907226562,0.6783438324928284,0.8001788854598999,0.9389276504516602,0.0,0.0,0.0,0.0,1.0
SNPT-167,15,24,0,166.0,1878.9447021484375,-1878.239990234375,-51.45598220825195,0.9968980550765991,0.8556206226348877,0.9884197115898132,0.0,1.0,1.0,1.0,1.0
SNPT-108,5,33,1,656.0,1886.262451171875,1881.7593994140625,130.2595977783203,0.7133942246437073,0.9134299755096436,0.9756495952606201,0.0,0.0,0.0,1.0,1.0
SNPT-063,13,32,0,399.0,1911.2650146484375,1893.6630859375,-258.79345703125,1.4186981916427612,0.7672818899154663,0.9844586849212646,0.0,0.0,0.0,1.0,1.0
SNPT-070,1,18,0,68.0,1881.583740234375,1881.4027099609375,26.09641456604004,1.4583128690719604,0.8037930130958557,0.9263565540313721,0.0,1.0,1.0,0.0,1.0
SNPT-164,29,34,1,102.0,142.8016815185547,8.849589347839355,-142.52720642089844,1.378520131111145,0.8905842900276184,0.9767614603042603,0.0,0.0,0.0,1.0,0.0
SNPT-072,22,25,0,54.0,1908.4432373046875,1905.123291015625,112.52023315429688,0.7653542160987854,0.7497267127037048,0.9444383978843689,0.0,1.0,1.0,0.0,1.0
SNPT-166,7,19,1,225.0,17.515260696411133,0.21199610829353333,17.513978958129883,0.8748994469642639,0.942838191986084,0.9774411916732788,0.0,0.0,0.0,1.0,1.0
SNPT-100,7,26,1,245.0,96.31300354003906,2.3881726264953613,96.28338623046875,0.8113672733306885,0.8791319131851196,0.981270968914032,0.0,1.0,0.0,1.0,1.0
SNPT-110,11,33,0,124.0,116.70882415771484,-14.373984336853027,115.82028198242188,0.7427051663398743,0.6991183161735535,0.9314674735069275,0.0,1.0,0.0,0.0,1.0
SNPT-166,21,23,0,8.0,1904.1104736328125,1903.74609375,-37.246212005615234,1.1285847425460815,0.48746684193611145,0.9428194761276245,0.0,0.0,0.0,1.0,1.0
SNPT-167,1,30,0,447.0,1898.29345703125,1897.9034423828125,-38.48242950439453,1.0352513790130615,0.7818372249603271,0.9756430387496948,0.0,1.0,1.0,1.0,1.0
SNPT-071,2,28,0,417.0,373.51507568359375,10.102622032165527,-373.37841796875,1.3776570558547974,0.8297513723373413,0.937996506690979,0.0,1.0,1.0,1.0,1.0
SNPT-074,3,26,0,306.0,80.85591888427734,1.398553729057312,80.84381866455078,0.7280508875846863,0.7331811189651489,0.9647561311721802,0.0,0.0,0.0,0.0,1.0
SNPT-064,14,31,1,124.0,412.76971435546875,-408.9272766113281,-56.19002914428711,1.6820813417434692,0.9346156120300293,0.989311158657074,1.0,0.0,1.0,1.0,1.0
SNPT-068,18,36,0,359.0,1924.30615234375,1896.1396484375,-328.0374450683594,1.0468801259994507,0.7886730432510376,0.8951388001441956,0.0,0.0,0.0,0.0,1.0
SNPT-075,9,26,0,125.0,40.446189880371094,-1.924677848815918,-40.400367736816406,1.075946569442749,0.8280900716781616,0.9251566529273987,0.0,0.0,0.0,1.0,1.0
SNPT-158,22,37,0,267.0,115.4205322265625,-1.9556838274002075,115.40396118164062,0.7898688316345215,0.8024008274078369,0.9545974135398865,0.0,0.0,0.0,1.0,1.0
SNPT-162,19,26,0,135.0,1020.9818115234375,-1020.7660522460938,-20.99095344543457,1.0900274515151978,0.8003707528114319,0.9688790440559387,0.0,0.0,0.0,1.0,0.0
SNPT-163,13,41,0,163.0,174.9681854248047,0.5218797922134399,174.9674072265625,0.6982382535934448,0.8051270842552185,0.9504244327545166,0.0,1.0,1.0,1.0,1.0
SNPT-161,8,36,1,388.0,104.33609008789062,-2.5208001136779785,104.30563354492188,0.8919450640678406,0.9334383010864258,0.9807971119880676,1.0,0.0,0.0,1.0,1.0
SNPT-154,8,44,1,455.0,53.27379608154297,40.73975372314453,34.327388763427734,1.1407588720321655,0.8342025876045227,0.9322702884674072,0.0,0.0,0.0,1.0,0.0
SNPT-105,36,33,1,1.0,26.33604621887207,8.083078384399414,-25.064939498901367,1.1483275890350342,0.9597059488296509,0.9942594766616821,0.0,0.0,0.0,1.0,1.0
SNPT-164,3,31,0,316.0,619.3447265625,8.28706169128418,619.289306640625,0.3821943402290344,0.6221636533737183,0.8949319124221802,0.0,0.0,0.0,0.0,1.0
SNPT-108,9,15,0,110.0,43.244529724121094,7.408153533935547,42.60526657104492,0.7010452151298523,0.6387308835983276,0.9285546541213989,0.0,0.0,0.0,0.0,1.0
SNPT-159,1,51,0,299.0,130.3248748779297,12.347299575805664,-129.7386474609375,1.2849901914596558,0.7498973608016968,0.8965975642204285,0.0,0.0,0.0,1.0,0.0
SNPT-099,3,25,0,185.0,360.2306213378906,12.935611724853516,359.998291015625,0.7372862696647644,0.7709258794784546,0.9467326998710632,0.0,1.0,1.0,1.0,1.0
SNPT-063,21,32,0,242.0,182.27316284179688,-7.403198719024658,-182.1227569580078,1.1575679779052734,0.7953581809997559,0.9626132249832153,0.0,0.0,0.0,0.0,1.0
SNPT-159,6,55,1,57.0,72.16708374023438,3.3309686183929443,72.09017181396484,0.9518973231315613,0.9194607734680176,0.9344654679298401,1.0,0.0,1.0,1.0,1.0
SNPT-157,18,39,0,291.0,131.67247009277344,24.653980255126953,129.34381103515625,0.6984596252441406,0.6115612983703613,0.9221483469009399,0.0,0.0,0.0,0.0,1.0
SNPT-106,4,17,1,121.0,17.316560745239258,-2.719078540802002,17.10175132751465,1.2620861530303955,0.8953736424446106,0.9877417683601379,0.0,0.0,0.0,1.0,1.0
SNPT-070,34,5,0,402.0,182.4517059326172,-3.4507079124450684,-182.41908264160156,0.4007403552532196,0.762149453163147,0.864909291267395,0.0,0.0,0.0,0.0,1.0
SNPT-098,5,19,0,209.0,517.6676025390625,4.118328094482422,-517.6511840820312,1.4157401323318481,0.8094417452812195,0.9571460485458374,0.0,1.0,1.0,1.0,1.0
SNPT-156,1,22,1,299.0,39.39762496948242,1.3868637084960938,-39.373207092285156,0.9718231558799744,0.8305266499519348,0.9513698816299438,0.0,0.0,0.0,1.0,1.0
SNPT-103,28,25,0,345.0,1901.5301513671875,-1888.5440673828125,221.85194396972656,0.9672240018844604,0.8656500577926636,0.944641649723053,0.0,1.0,1.0,1.0,1.0
SNPT-166,2,28,0,633.0,1916.7874755859375,-1904.0706787109375,-220.4290313720703,1.1881237030029297,0.7996070384979248,0.9748612642288208,0.0,0.0,0.0,1.0,1.0
SNPT-098,7,10,1,74.0,32.16971969604492,2.074923515319824,32.10273742675781,0.8227165341377258,0.9615427255630493,0.9930264949798584,0.0,0.0,0.0,1.0,1.0
SNPT-066,21,42,0,557.0,171.86575317382812,14.065286636352539,171.28924560546875,0.929730236530304,0.7370113134384155,0.9517786502838135,0.0,0.0,0.0,1.0,0.0
SNPT-108,6,15,1,129.0,13.166509628295898,10.756706237792969,-7.592776298522949,0.8625757694244385,0.9258533716201782,0.9830538630485535,0.0,0.0,0.0,1.0,1.0
SNPT-107,3,34,0,418.0,97.58341979980469,16.443071365356445,96.18809509277344,0.6229478120803833,0.6462600231170654,0.9167459011077881,0.0,0.0,0.0,0.0,1.0
SNPT-168,14,21,1,99.0,45.37980651855469,-33.91060256958008,30.15622901916504,0.7707412242889404,0.9663159251213074,0.982535183429718,0.0,0.0,0.0,1.0,1.0
SNPT-062,13,18,1,103.0,132.18524169921875,7.102309703826904,131.99429321289062,1.1462565660476685,0.9491028785705566,0.9822762608528137,0.0,0.0,0.0,1.0,1.0
SNPT-060,5,31,0,575.0,1864.3377685546875,-1860.6173095703125,117.72239685058594,1.131594181060791,0.9426612854003906,0.987197995185852,0.0,0.0,0.0,1.0,1.0
SNPT-166,2,22,1,482.0,58.965396881103516,-2.0706963539123535,-58.92902755737305,0.987644374370575,0.9157242774963379,0.988578736782074,0.0,0.0,0.0,1.0,1.0
SNPT-169,17,36,1,180.0,791.4181518554688,-691.5896606445312,-384.76800537109375,0.9357241988182068,0.697462797164917,0.977817177772522,1.0,0.0,1.0,1.0,1.0
SNPT-063,3,29,0,42.0,1912.29296875,-1895.6348876953125,-251.85848999023438,1.168992280960083,0.8258183002471924,0.9552822709083557,0.0,1.0,0.0,1.0,1.0
SNPT-161,28,36,0,411.0,178.03076171875,-0.6651198863983154,-178.02951049804688,1.7639216184616089,0.6629617214202881,0.8854944109916687,0.0,1.0,0.0,0.0,1.0
SNPT-108,6,34,0,653.0,1904.1483154296875,1882.2567138671875,287.9072265625,0.6167604923248291,0.6733739376068115,0.8881816267967224,0.0,1.0,1.0,0.0,1.0
SNPT-111,41,31,0,434.0,1904.7974853515625,1899.0,-148.5,0.16982422769069672,0.6101875305175781,0.8827053308486938,0.0,0.0,0.0,0.0,1.0
SNPT-166,6,24,1,69.0,53.829532623291016,-2.1901776790618896,-53.78495788574219,0.9259808659553528,0.8801544308662415,0.9776570796966553,0.0,0.0,0.0,1.0,1.0
SNPT-154,12,40,0,281.0,1897.05908203125,1882.031494140625,238.30775451660156,1.0604116916656494,0.8927841186523438,0.9693426489830017,0.0,1.0,1.0,1.0,0.0
SNPT-158,24,28,0,62.0,1897.646728515625,1897.3743896484375,32.15360641479492,0.8279356956481934,0.6691641807556152,0.9197442531585693,0.0,1.0,1.0,1.0,1.0
SNPT-063,12,28,0,130.0,28.204729080200195,-13.331489562988281,-24.85514259338379,1.417317271232605,0.9257557988166809,0.9849672317504883,0.0,1.0,1.0,1.0,1.0
SNPT-101,1,35,0,221.0,1889.2801513671875,1888.8636474609375,-39.67039489746094,1.4110766649246216,0.741762638092041,0.9269686341285706,0.0,0.0,0.0,1.0,1.0
SNPT-066,7,39,0,334.0,707.3902587890625,702.7825927734375,80.60737609863281,1.1705571413040161,0.901868999004364,0.9285690188407898,0.0,1.0,1.0,1.0,1.0
SNPT-153,7,21,0,256.0,192.02227783203125,1.6708872318267822,192.0150146484375,0.7605285048484802,0.7700923681259155,0.9347812533378601,0.0,0.0,0.0,0.0,1.0
SNPT-159,21,27,1,83.0,51.04860305786133,6.424365043640137,50.64274215698242,1.150331974029541,0.8521453142166138,0.9714494943618774,0.0,0.0,0.0,1.0,1.0
SNPT-167,30,13,0,231.0,21.26334571838379,4.017401695251465,20.880382537841797,1.0999706983566284,0.6021625399589539,0.9332411289215088,0.0,1.0,1.0,0.0,1.0
SNPT-161,27,40,0,165.0,93.92826080322266,1.7320884466171265,93.91229248046875,0.8457667231559753,0.7842919826507568,0.9597448706626892,0.0,0.0,0.0,1.0,1.0
SNPT-154,1,43,0,452.0,40.485557556152344,2.902806043624878,40.3813591003418,1.141292691230774,0.8069915771484375,0.9497862458229065,0.0,0.0,0.0,1.0,1.0
SNPT-102,20,24,0,237.0,426.26611328125,3.321964979171753,-426.2531433105469,1.897922396659851,0.6341714262962341,0.7867736220359802,0.0,0.0,0.0,0.0,1.0
SNPT-105,19,27,0,137.0,326.31988525390625,0.14874544739723206,-326.3198547363281,1.3364444971084595,0.5824823379516602,0.9497278332710266,0.0,0.0,0.0,0.0,1.0
SNPT-068,1,35,1,136.0,248.9601287841797,-10.40259838104248,-248.74270629882812,0.8130150437355042,0.887316882610321,0.9593951106071472,0.0,0.0,0.0,1.0,1.0
SNPT-169,10,33,0,179.0,418.0163269042969,336.7222595214844,-247.7009735107422,1.1983450651168823,0.8394290208816528,0.9857450127601624,0.0,0.0,0.0,1.0,1.0
SNPT-075,8,26,1,317.0,37.20836639404297,-9.587281227111816,35.952003479003906,1.4618520736694336,0.9342490434646606,0.9631953835487366,1.0,0.0,1.0,1.0,1.0
SNPT-107,14,28,0,632.0,1902.0362548828125,-1892.962890625,185.56268310546875,0.5162602663040161,0.850925087928772,0.9370735287666321,0.0,0.0,0.0,1.0,1.0
SNPT-153,5,12,1,177.0,145.78036499023438,-5.290676593780518,145.684326171875,1.0637290477752686,0.8427357077598572,0.9380177855491638,1.0,0.0,1.0,1.0,1.0
SNPT-166,14,24,0,455.0,113.31536102294922,1.1786158084869385,-113.30923461914062,1.1272567510604858,0.6532909274101257,0.931381344795227,0.0,0.0,0.0,0.0,1.0
SNPT-158,12,34,1,253.0,142.12393188476562,-12.389507293701172,141.5828857421875,0.8471375107765198,0.9486031532287598,0.9887505173683167,1.0,0.0,1.0,1.0,1.0
SNPT-159,23,39,0,162.0,43.2161750793457,-7.544800758361816,-42.55248260498047,1.006206750869751,0.5890757441520691,0.9418948888778687,0.0,0.0,0.0,0.0,1.0
SNPT-157,2,35,0,427.0,1915.685791015625,1886.275390625,334.3907470703125,0.5168295502662659,0.6106494069099426,0.9009570479393005,0.0,0.0,0.0,1.0,1.0
SNPT-158,23,26,0,58.0,1915.27392578125,1894.0985107421875,-284.015869140625,1.4447368383407593,0.706810474395752,0.9348053336143494,0.0,1.0,1.0,0.0,1.0
SNPT-071,2,23,0,145.0,110.81342315673828,23.10262107849121,-108.37843322753906,0.876964271068573,0.8442311882972717,0.9552889466285706,0.0,1.0,1.0,1.0,1.0
SNPT-068,16,28,0,490.0,134.20040893554688,-5.0548787117004395,-134.1051788330078,1.300357460975647,0.8754428029060364,0.9699347615242004,0.0,0.0,0.0,1.0,0.0
SNPT-170,36,30,1,68.0,61.94367218017578,-3.9056308269500732,-61.8204231262207,0.6925719380378723,0.8889129161834717,0.9191605448722839,0.0,0.0,0.0,1.0,1.0
SNPT-067,14,33,0,233.0,176.08389282226562,-8.929437637329102,175.85733032226562,0.8904475569725037,0.7393077611923218,0.9370341300964355,0.0,0.0,0.0,0.0,1.0
SNPT-114,3,30,0,470.0,1908.22216796875,-1893.0706787109375,-239.99041748046875,1.6294177770614624,0.6842194199562073,0.8874943852424622,0.0,0.0,0.0,0.0,1.0
SNPT-163,2,34,0,552.0,1904.0157470703125,-1903.2757568359375,-53.081077575683594,1.553035855293274,0.6856964826583862,0.856804609298706,0.0,1.0,1.0,0.0,1.0
SNPT-158,1,25,1,97.0,96.2516860961914,0.7285782098770142,96.2489242553711,0.8309653997421265,0.8985044360160828,0.9667430520057678,0.0,0.0,0.0,1.0,1.0
SNPT-105,8,37,1,293.0,82.15199279785156,4.369522571563721,-82.03571319580078,1.1999564170837402,0.9306972026824951,0.9813883304595947,1.0,0.0,0.0,1.0,1.0
SNPT-113,13,26,1,301.0,13.591565132141113,-0.2898304760456085,-13.58847427368164,1.5672516822814941,0.8816476464271545,0.9535181522369385,0.0,0.0,0.0,1.0,1.0
SNPT-109,12,32,0,423.0,301.7760314941406,8.735867500305176,301.6495361328125,0.5948037505149841,0.6799664497375488,0.8979256749153137,0.0,0.0,0.0,0.0,1.0
SNPT-166,7,28,1,464.0,1.6477861404418945,0.7119961380958557,-1.4860217571258545,0.7356587648391724,0.9119827747344971,0.9639434814453125,0.0,0.0,0.0,1.0,1.0
SNPT-153,5,26,0,343.0,1897.6112060546875,1867.2093505859375,-338.315673828125,1.3571687936782837,0.7268569469451904,0.8828038573265076,0.0,1.0,1.0,0.0,1.0
SNPT-158,18,37,1,231.0,156.5648651123047,21.24639129638672,155.11656188964844,0.8673498034477234,0.8805578947067261,0.9552567005157471,0.0,0.0,0.0,1.0,1.0
SNPT-107,13,33,0,167.0,34.95103454589844,13.026036262512207,32.43296432495117,1.0904293060302734,0.7941301465034485,0.9337274432182312,0.0,0.0,0.0,0.0,1.0
SNPT-169,10,26,1,166.0,198.95797729492188,56.722267150878906,-190.7009735107422,1.04176926612854,0.928118884563446,0.9835687279701233,0.0,0.0,0.0,1.0,1.0
SNPT-157,14,33,1,182.0,232.6029815673828,-12.745983123779297,232.2534942626953,0.8728124499320984,0.8877118825912476,0.944175124168396,1.0,0.0,1.0,1.0,1.0
SNPT-067,3,24,0,69.0,1909.3558349609375,-1903.4683837890625,149.82615661621094,1.196668028831482,0.6618611812591553,0.9138437509536743,0.0,0.0,0.0,0.0,0.0
SNPT-110,39,21,0,154.0,1909.53125,-1899.2108154296875,-198.2620086669922,1.0632725954055786,0.8834603428840637,0.9148818254470825,0.0,1.0,0.0,1.0,1.0
SNPT-067,2,31,0,242.0,159.90882873535156,18.114368438720703,158.8795166015625,0.7981100082397461,0.8114352226257324,0.9443766474723816,0.0,1.0,0.0,0.0,0.0
SNPT-159,17,43,1,440.0,5.112297534942627,-5.108680248260498,-0.1922813057899475,1.2318326234817505,0.6988770961761475,0.9209833741188049,0.0,0.0,0.0,1.0,1.0
SNPT-154,2,50,0,97.0,1865.451416015625,1862.7586669921875,-100.1938247680664,1.5676226615905762,0.7574251294136047,0.9104796051979065,0.0,0.0,0.0,1.0,0.0
SNPT-163,2,42,1,552.0,62.76850509643555,0.2548682391643524,-62.76798629760742,1.6761122941970825,0.679050862789154,0.7603146433830261,0.0,0.0,0.0,0.0,0.0
SNPT-063,1,42,0,632.0,68.89264678955078,1.8823492527008057,-68.86692810058594,1.004551649093628,0.6036282777786255,0.8755598664283752,0.0,0.0,0.0,1.0,1.0
SNPT-060,15,30,1,129.0,140.85873413085938,37.49739456176758,135.77603149414062,0.748144805431366,0.923699140548706,0.9921351075172424,0.0,1.0,0.0,1.0,1.0
SNPT-169,8,19,1,141.0,213.89987182617188,-0.21105241775512695,-213.89976501464844,1.221679925918579,0.932702898979187,0.99009770154953,0.0,0.0,0.0,1.0,1.0
SNPT-063,28,41,0,81.0,207.6673583984375,89.55702209472656,-187.364013671875,1.1146857738494873,0.8562878370285034,0.9818081855773926,0.0,0.0,0.0,1.0,1.0
SNPT-099,5,28,1,249.0,185.01123046875,11.366585731506348,184.6617431640625,0.785735011100769,0.8737189173698425,0.9845665097236633,1.0,0.0,1.0,1.0,1.0
SNPT-164,20,32,0,256.0,1945.5689697265625,-1902.003173828125,409.4175109863281,0.39841940999031067,0.5071778893470764,0.8180892467498779,0.0,0.0,0.0,0.0,1.0
SNPT-066,17,42,1,128.0,189.67254638671875,8.211060523986816,-189.49472045898438,1.191155195236206,0.898859441280365,0.9755876660346985,0.0,0.0,0.0,1.0,0.0
SNPT-151,19,33,0,9.0,1904.872802734375,1904.86474609375,5.51877498626709,1.2857698202133179,0.5737998485565186,0.9249885082244873,0.0,0.0,0.0,1.0,1.0
SNPT-156,15,21,0,117.0,76.06730651855469,1.1978944540023804,-76.05787658691406,0.9958698153495789,0.5341470241546631,0.9353487491607666,0.0,1.0,0.0,0.0,1.0
SNPT-107,18,21,1,86.0,11.747279167175293,-1.3097987174987793,11.674031257629395,0.7132659554481506,0.924042284488678,0.982212483882904,0.0,0.0,0.0,1.0,1.0
SNPT-100,18,26,0,129.0,144.304443359375,8.623563766479492,144.04653930664062,0.7066425681114197,0.5869371891021729,0.9129143953323364,0.0,1.0,1.0,0.0,1.0
SNPT-066,13,28,1,2.0,443.18511962890625,-440.1703796386719,-51.60525894165039,1.4715688228607178,0.9341346025466919,0.9780059456825256,0.0,1.0,0.0,1.0,1.0
SNPT-105,4,37,0,392.0,30.82542610168457,-6.279433250427246,30.179059982299805,1.1687437295913696,0.5504403114318848,0.9034542441368103,0.0,1.0,0.0,0.0,1.0
SNPT-106,8,19,1,205.0,157.544677734375,13.823957443237305,-156.93701171875,1.7491908073425293,0.8581212759017944,0.9579474329948425,0.0,0.0,0.0,1.0,1.0
SNPT-115,19,23,0,129.0,115.94306945800781,-4.7540812492370605,-115.8455581665039,1.5852556228637695,0.6807003021240234,0.8695682287216187,0.0,1.0,1.0,0.0,1.0
SNPT-063,9,35,0,426.0,1891.126220703125,1887.2841796875,120.48465728759766,0.886584460735321,0.7984259128570557,0.9556798338890076,0.0,0.0,0.0,0.0,1.0
SNPT-107,10,26,1,45.0,18.075654983520508,10.144993782043457,-14.960227966308594,0.7821793556213379,0.9036485552787781,0.9943879842758179,0.0,0.0,0.0,1.0,1.0
SNPT-164,3,29,0,268.0,1910.6494140625,1903.787109375,161.78929138183594,0.6630327105522156,0.4778275489807129,0.9063524007797241,0.0,0.0,0.0,1.0,1.0
SNPT-074,21,29,1,565.0,113.68546295166016,113.17559051513672,-10.754950523376465,0.6248201727867126,0.8318700790405273,0.9679547548294067,0.0,0.0,0.0,1.0,1.0
SNPT-067,5,29,0,372.0,1907.44580078125,1905.497314453125,-86.1931381225586,1.0564130544662476,0.7884692549705505,0.9719423651695251,0.0,0.0,0.0,1.0,1.0
SNPT-159,14,39,1,193.0,146.92918395996094,22.643333435058594,-145.1739044189453,1.1894514560699463,0.949196457862854,0.9730531573295593,0.0,0.0,0.0,1.0,1.0
SNPT-152,12,23,1,111.0,11.341532707214355,-2.7747714519500732,-10.99686336517334,0.8663619756698608,0.9597904682159424,0.9705977439880371,0.0,0.0,0.0,1.0,1.0
SNPT-115,17,24,1,102.0,12.170815467834473,-6.372221946716309,10.369355201721191,1.205376148223877,0.9642143249511719,0.9857670664787292,1.0,0.0,1.0,1.0,1.0
SNPT-074,6,29,0,380.0,1851.5997314453125,1850.4534912109375,-65.139404296875,1.2200140953063965,0.6405806541442871,0.9154790639877319,0.0,0.0,0.0,1.0,1.0
SNPT-063,7,38,0,441.0,1923.36083984375,1881.9248046875,397.08441162109375,0.6199936270713806,0.8367227911949158,0.9404311180114746,0.0,1.0,1.0,1.0,1.0
SNPT-163,4,38,1,340.0,179.64712524414062,-0.2618027627468109,179.64694213867188,0.6889983415603638,0.8515077829360962,0.9599506855010986,1.0,0.0,1.0,1.0,0.0
SNPT-073,12,29,0,465.0,1924.3038330078125,-1904.8214111328125,273.1312561035156,0.70781010389328,0.7776245474815369,0.9725446701049805,0.0,0.0,0.0,0.0,1.0
SNPT-065,21,25,0,185.0,781.8446044921875,778.5094604492188,72.1385269165039,0.479259192943573,0.6721774935722351,0.9036383628845215,0.0,0.0,0.0,0.0,1.0
SNPT-101,17,37,0,283.0,66.86286163330078,-3.8811872005462646,66.7501220703125,0.9480100870132446,0.674470067024231,0.9008063673973083,0.0,0.0,0.0,0.0,1.0
SNPT-103,20,27,1,199.0,93.52534484863281,-21.037750244140625,91.12849426269531,1.2415642738342285,0.9112155437469482,0.9525548815727234,0.0,0.0,0.0,1.0,1.0
SNPT-162,8,25,0,75.0,252.05953979492188,1.999779224395752,-252.05160522460938,1.3329492807388306,0.8822192549705505,0.9763206243515015,0.0,1.0,1.0,1.0,1.0
SNPT-159,34,36,1,140.0,204.70477294921875,-2.428640365600586,-204.69036865234375,1.3210742473602295,0.830382764339447,0.9700838327407837,0.0,0.0,0.0,1.0,1.0
SNPT-070,33,23,1,35.0,83.71852111816406,-0.37002497911453247,-83.71769714355469,1.5871487855911255,0.8867328763008118,0.9443949460983276,0.0,0.0,0.0,1.0,1.0
SNPT-067,26,33,0,119.0,106.50900268554688,-12.649860382080078,105.75513458251953,0.8432192802429199,0.8898240327835083,0.9852295517921448,0.0,0.0,0.0,1.0,1.0
SNPT-111,41,30,0,403.0,1906.7734375,1899.0,172.0,0.12611429393291473,0.6910620331764221,0.8567642569541931,0.0,0.0,0.0,0.0,1.0
SNPT-066,21,23,0,93.0,163.9252471923828,-112.4347152709961,119.28924560546875,1.2039306163787842,0.7244507074356079,0.9484427571296692,0.0,0.0,0.0,0.0,1.0
SNPT-163,16,42,0,310.0,1900.341796875,1899.9686279296875,-37.65399169921875,1.2239505052566528,0.6196109652519226,0.8319242000579834,0.0,0.0,0.0,1.0,0.0
SNPT-114,5,21,1,150.0,18.926010131835938,-6.468860149383545,-17.78616714477539,1.0588135719299316,0.8928861021995544,0.8936886787414551,0.0,0.0,0.0,1.0,1.0
SNPT-060,7,32,0,451.0,1845.4984130859375,-1845.476806640625,-8.950090408325195,0.9803632497787476,0.8414633274078369,0.977820098400116,0.0,1.0,0.0,0.0,1.0
SNPT-166,14,21,1,322.0,39.82667922973633,1.1786158084869385,-39.809234619140625,0.9583630561828613,0.9496184587478638,0.9789878726005554,0.0,0.0,0.0,1.0,1.0
SNPT-101,6,39,0,648.0,1904.5621337890625,-1903.1202392578125,74.09557342529297,1.0378386974334717,0.7944627404212952,0.9940274357795715,0.0,0.0,0.0,1.0,1.0
SNPT-109,14,26,0,328.0,704.5889892578125,702.1211547851562,58.91939163208008,0.9290348887443542,0.6711091995239258,0.8635043501853943,0.0,0.0,0.0,0.0,1.0
SNPT-064,1,34,0,214.0,1896.1632080078125,1891.249267578125,-136.422119140625,1.9389115571975708,0.8066573739051819,0.9346548318862915,0.0,0.0,0.0,0.0,1.0
SNPT-071,11,29,1,404.0,111.53125,20.70725440979004,109.59210205078125,0.5892760753631592,0.9206545352935791,0.9534083604812622,0.0,0.0,0.0,1.0,1.0
SNPT-075,23,24,1,82.0,43.86437225341797,4.421168804168701,43.640995025634766,1.204908013343811,0.8986521363258362,0.9904752373695374,0.0,0.0,0.0,1.0,1.0
SNPT-108,9,13,1,108.0,13.530167579650879,12.408153533935547,-5.394735336303711,0.810232937335968,0.9577237963676453,0.9933997988700867,0.0,0.0,0.0,1.0,1.0
SNPT-109,20,24,1,79.0,29.69600486755371,-2.1352365016937256,-29.619138717651367,1.2251256704330444,0.9456741213798523,0.9931578040122986,0.0,0.0,0.0,1.0,1.0
SNPT-072,22,33,0,410.0,1906.2618408203125,1904.623291015625,79.02023315429688,0.6299388408660889,0.8044840097427368,0.9105516076087952,0.0,0.0,0.0,0.0,1.0
SNPT-097,2,23,0,90.0,158.4332275390625,-8.949870109558105,-158.18023681640625,1.6960657835006714,0.8534574508666992,0.9160325527191162,0.0,1.0,1.0,1.0,1.0
SNPT-115,1,21,1,1.0,21.560836791992188,3.4117040634155273,21.289199829101562,1.0931895971298218,0.9784610867500305,0.951327919960022,1.0,0.0,1.0,1.0,1.0
SNPT-114,14,27,0,70.0,1928.2034912109375,1893.5184326171875,364.0832824707031,0.631427526473999,0.8615617752075195,0.8371046185493469,0.0,0.0,0.0,1.0,1.0
SNPT-163,2,40,0,274.0,1835.632568359375,-1826.2916259765625,-184.9478302001953,1.768832802772522,0.7371509075164795,0.8378291130065918,0.0,0.0,0.0,0.0,1.0
SNPT-105,18,20,0,83.0,177.83905029296875,5.559122085571289,-177.75213623046875,1.2786258459091187,0.6286339163780212,0.9300687909126282,0.0,1.0,1.0,0.0,1.0
SNPT-060,4,33,1,155.0,127.16120147705078,18.6978759765625,125.77901458740234,0.8242831230163574,0.9617104530334473,0.9844870567321777,1.0,0.0,1.0,1.0,1.0
SNPT-162,16,33,0,156.0,100.38468170166016,-9.19558334350586,99.9626235961914,1.230221152305603,0.7399839162826538,0.9834195971488953,0.0,0.0,0.0,1.0,1.0
SNPT-151,15,32,0,322.0,1895.6749267578125,1891.2445068359375,129.5299530029297,1.0742634534835815,0.5499973297119141,0.9308700561523438,0.0,0.0,0.0,0.0,1.0
SNPT-072,12,35,1,545.0,82.75074005126953,-0.215955451130867,82.75045776367188,0.7236118316650391,0.9579973220825195,0.9579604268074036,1.0,0.0,0.0,1.0,1.0
SNPT-067,3,30,0,287.0,222.57247924804688,-10.46839714050293,222.32615661621094,0.99705970287323,0.7639931440353394,0.9684441089630127,0.0,0.0,0.0,0.0,0.0
SNPT-060,6,24,1,226.0,78.18311309814453,1.8341283798217773,78.16159057617188,1.1350023746490479,0.9432645440101624,0.9847164154052734,0.0,0.0,0.0,1.0,1.0
SNPT-065,24,37,0,246.0,141.2882843017578,-21.113454818725586,-139.7018280029297,0.6556306481361389,0.6366239786148071,0.9290183186531067,0.0,0.0,0.0,1.0,1.0
SNPT-158,6,29,0,218.0,571.9428100585938,531.1281127929688,212.1827392578125,0.7753238081932068,0.6984561085700989,0.9507253170013428,0.0,0.0,0.0,1.0,1.0
SNPT-074,7,25,1,203.0,97.02935028076172,96.48712921142578,-10.243510246276855,1.0374038219451904,0.9573334455490112,0.9971439838409424,1.0,0.0,1.0,1.0,1.0
SNPT-065,2,39,0,307.0,56.724979400634766,-19.808216094970703,-53.15409469604492,0.5252727270126343,0.8851970434188843,0.8603426218032837,0.0,1.0,1.0,1.0,1.0
SNPT-060,9,39,0,199.0,72.90553283691406,-3.5160598754882812,72.8207015991211,0.8018182516098022,0.8001562356948853,0.9495351314544678,0.0,0.0,0.0,0.0,1.0
SNPT-073,1,31,0,463.0,1900.848876953125,-1883.697509765625,254.77468872070312,0.9084966778755188,0.8505887985229492,0.9673861861228943,0.0,1.0,1.0,1.0,1.0
SNPT-065,30,38,0,106.0,1892.8408203125,1890.8397216796875,87.01475524902344,0.6055291295051575,0.8462943434715271,0.9540692567825317,0.0,1.0,1.0,1.0,0.0
SNPT-107,15,34,1,311.0,26.88080406188965,21.16164207458496,16.57596206665039,0.6298536062240601,0.8987438678741455,0.9896840453147888,0.0,0.0,0.0,1.0,1.0
SNPT-113,36,25,0,77.0,178.18154907226562,15.668832778930664,177.49127197265625,1.458587884902954,0.7324391603469849,0.9710347056388855,0.0,0.0,0.0,1.0,1.0
SNPT-063,5,27,0,139.0,102.25523376464844,-3.7463364601135254,102.18657684326172,0.9878196716308594,0.8008116483688354,0.9704832434654236,0.0,1.0,1.0,0.0,1.0
SNPT-115,18,29,0,266.0,1891.9044189453125,-1891.89892578125,-4.558478832244873,1.3003145456314087,0.5009641051292419,0.8871985077857971,0.0,0.0,0.0,1.0,1.0
SNPT-167,31,26,1,66.0,18.541027069091797,14.024433135986328,12.127860069274902,0.9180910587310791,0.8519995212554932,0.9774848818778992,1.0,0.0,1.0,1.0,1.0
SNPT-159,52,43,0,293.0,1907.0736083984375,1904.533935546875,98.38764190673828,0.8343425393104553,0.6283352375030518,0.9300689697265625,0.0,0.0,0.0,0.0,1.0
SNPT-111,10,28,0,335.0,1879.460693359375,-1874.15380859375,-141.13861083984375,1.278924822807312,0.7547427415847778,0.9492619037628174,0.0,0.0,0.0,1.0,1.0
SNPT-105,3,37,0,387.0,58.24592208862305,10.582085609436035,-57.27658462524414,0.8669793605804443,0.8113088607788086,0.9710225462913513,0.0,0.0,0.0,1.0,1.0
SNPT-168,23,24,0,51.0,1905.0364990234375,1902.3175048828125,-101.74654388427734,0.9556111097335815,0.7184973955154419,0.8977815508842468,0.0,0.0,0.0,0.0,1.0
SNPT-166,7,30,0,470.0,90.27456665039062,7.211996078491211,-89.98602294921875,0.8755906820297241,0.7480547428131104,0.9218823909759521,0.0,0.0,0.0,0.0,1.0
SNPT-170,38,25,1,1.0,20.328243255615234,20.303241729736328,-1.007922649383545,1.5283817052841187,0.7666690349578857,0.962795615196228,0.0,0.0,0.0,1.0,1.0
SNPT-099,5,24,0,105.0,563.3954467773438,-317.1334228515625,465.6617431640625,0.7770814299583435,0.7335613369941711,0.7435223460197449,0.0,1.0,1.0,0.0,1.0
SNPT-151,1,21,0,334.0,1290.2027587890625,941.1526489257812,-882.527587890625,2.622898578643799,0.5873454809188843,0.7861812114715576,0.0,0.0,0.0,1.0,1.0
SNPT-067,17,30,1,227.0,143.82603454589844,49.34852600097656,135.09498596191406,0.9554554224014282,0.8913558721542358,0.9807431101799011,0.0,0.0,0.0,1.0,1.0
SNPT-101,12,29,1,273.0,95.84817504882812,-14.332154273986816,94.77057647705078,0.7600395679473877,0.9502990245819092,0.9851718544960022,0.0,0.0,0.0,1.0,1.0
SNPT-158,10,34,0,271.0,325.97711181640625,170.3668975830078,277.91400146484375,0.8877453207969666,0.6575485467910767,0.9259682893753052,0.0,1.0,1.0,0.0,1.0
SNPT-070,1,24,0,395.0,34.75495529174805,-9.597264289855957,-33.40358352661133,1.4201152324676514,0.7312955856323242,0.9239442348480225,0.0,1.0,1.0,0.0,1.0
SNPT-077,16,20,1,71.0,56.20372772216797,-8.453824996948242,-55.56430435180664,1.2208726406097412,0.9148929119110107,0.9593397378921509,0.0,0.0,0.0,1.0,1.0
SNPT-169,43,16,0,436.0,1145.37646484375,1140.666259765625,103.76690673828125,1.5869390964508057,0.6474608182907104,0.978547990322113,0.0,0.0,0.0,1.0,1.0
SNPT-098,23,28,0,27.0,1933.77490234375,-1903.652587890625,-339.9891052246094,1.5060174465179443,0.5353384017944336,0.8419026732444763,1.0,0.0,1.0,0.0,1.0
SNPT-115,1,27,0,199.0,1890.7774658203125,1889.9117431640625,-57.21080017089844,1.1257257461547852,0.8142723441123962,0.9351150989532471,0.0,1.0,1.0,1.0,1.0
SNPT-110,15,32,0,467.0,46.21463394165039,3.153559446334839,-46.10691452026367,0.6872236132621765,0.626886248588562,0.8678795099258423,0.0,0.0,0.0,0.0,1.0
SNPT-065,8,38,0,79.0,1899.901611328125,1899.4490966796875,41.46771240234375,0.6632934212684631,0.9486160278320312,0.9562671780586243,0.0,1.0,1.0,1.0,0.0
SNPT-159,11,45,1,250.0,230.8153076171875,-0.6176126003265381,-230.81448364257812,1.4312665462493896,0.8111757636070251,0.9756611585617065,0.0,0.0,0.0,1.0,1.0
SNPT-154,11,45,0,476.0,69.25904083251953,10.599191665649414,-68.44319915771484,1.4625686407089233,0.5999917984008789,0.8855512738227844,0.0,0.0,0.0,0.0,1.0
SNPT-162,44,29,0,130.0,555.64306640625,18.607177734375,555.3314208984375,0.4945511221885681,0.7415654063224792,0.9276039004325867,0.0,0.0,0.0,0.0,0.0
SNPT-061,14,30,0,248.0,1892.7762451171875,-1885.4818115234375,166.01217651367188,1.365726113319397,0.8303913474082947,0.909882128238678,0.0,1.0,1.0,0.0,1.0
SNPT-060,14,37,0,175.0,152.4612274169922,2.119879961013794,152.44650268554688,0.6871580481529236,0.8269153833389282,0.9462973475456238,0.0,0.0,0.0,0.0,0.0
SNPT-063,8,44,0,106.0,61.036678314208984,-2.6694560050964355,60.978275299072266,0.8788843750953674,0.7268655896186829,0.9823153614997864,0.0,0.0,0.0,1.0,1.0
SNPT-073,16,32,0,294.0,69.75140380859375,14.988968849182129,68.12187194824219,1.0879589319229126,0.8209700584411621,0.9461568593978882,0.0,0.0,0.0,0.0,1.0
SNPT-104,26,22,0,583.0,1908.52880859375,-1890.395751953125,262.46209716796875,2.297172784805298,0.6179244518280029,0.9426968693733215,0.0,0.0,0.0,1.0,1.0
SNPT-113,15,27,0,150.0,62.11170959472656,-0.23116950690746307,62.11127853393555,0.895641565322876,0.6092766523361206,0.9256911873817444,0.0,0.0,0.0,0.0,1.0
SNPT-062,4,28,1,134.0,83.75230407714844,3.775609016418457,83.66715240478516,0.7558050155639648,0.965756893157959,0.9700372815132141,0.0,0.0,0.0,1.0,1.0
SNPT-115,18,23,0,112.0,99.77095794677734,8.101125717163086,99.44152069091797,1.0743850469589233,0.6317861676216125,0.9038272500038147,0.0,0.0,0.0,1.0,1.0
SNPT-111,38,25,0,48.0,212.67929077148438,33.24862289428711,-210.0642852783203,0.37549757957458496,0.5897401571273804,0.8318085670471191,0.0,0.0,0.0,0.0,1.0
SNPT-164,22,30,0,202.0,71.98805236816406,-2.5551774501800537,71.94268798828125,0.745976984500885,0.6440266370773315,0.9183900952339172,0.0,0.0,0.0,0.0,1.0
SNPT-164,15,32,0,354.0,1368.0076904296875,-1278.9190673828125,485.6038818359375,0.4701966345310211,0.7119756937026978,0.8422334790229797,0.0,0.0,0.0,1.0,1.0
SNPT-166,15,24,0,304.0,361.2308654785156,-4.531407833099365,-361.20245361328125,1.9554625749588013,0.5532011985778809,0.9003692865371704,0.0,0.0,0.0,0.0,1.0
SNPT-151,17,35,1,44.0,286.1275634765625,4.3557538986206055,286.09442138671875,0.9451351165771484,0.7801474928855896,0.9476591348648071,1.0,0.0,1.0,1.0,1.0
SNPT-068,24,26,1,91.0,51.374935150146484,7.4265313148498535,50.835330963134766,0.9173864126205444,0.9492600560188293,0.9425990581512451,0.0,0.0,0.0,1.0,1.0
SNPT-160,3,30,1,341.0,5.874665260314941,5.638009071350098,-1.6506191492080688,1.4130077362060547,0.9213532209396362,0.9086881875991821,1.0,0.0,1.0,1.0,1.0
SNPT-158,22,32,1,247.0,283.72320556640625,-13.455683708190918,283.4039611816406,0.5656126737594604,0.816797137260437,0.9279444813728333,0.0,0.0,0.0,1.0,1.0
SNPT-110,21,28,1,78.0,16.586965560913086,-6.702638149261475,-15.172411918640137,1.047512412071228,0.9180681109428406,0.9435632824897766,1.0,0.0,1.0,1.0,1.0
SNPT-110,10,29,0,25.0,1880.45068359375,1879.663330078125,54.413719177246094,0.8085938096046448,0.7676432728767395,0.9353835582733154,0.0,1.0,0.0,0.0,1.0
SNPT-168,18,26,0,393.0,12.044883728027344,-3.6953070163726807,11.464027404785156,1.2836538553237915,0.6382068395614624,0.8995859622955322,0.0,0.0,0.0,0.0,1.0
SNPT-154,11,26,0,140.0,36.74860763549805,29.099191665649414,-22.443199157714844,1.2560930252075195,0.8453067541122437,0.966483473777771,0.0,1.0,1.0,1.0,1.0
SNPT-157,2,28,0,229.0,34.61792755126953,0.7753779888153076,-34.60924530029297,0.7935106754302979,0.6525764465332031,0.9091315865516663,0.0,0.0,0.0,1.0,1.0
SNPT-099,11,22,0,25.0,1909.6502685546875,-1892.3125,-256.7444763183594,1.0031977891921997,0.6643481254577637,0.9174655079841614,0.0,1.0,1.0,0.0,1.0
SNPT-068,21,26,0,10.0,1886.210205078125,1884.50439453125,-80.20135498046875,1.307068109512329,0.8222432136535645,0.9594333171844482,0.0,1.0,1.0,1.0,1.0
SNPT-061,12,30,0,164.0,421.4582214355469,-23.925125122070312,420.778564453125,0.8460573554039001,0.8776617646217346,0.9696851968765259,0.0,1.0,1.0,0.0,1.0
SNPT-060,14,32,0,112.0,73.66914367675781,46.11988067626953,57.446495056152344,0.818858802318573,0.9644500017166138,0.9872159957885742,0.0,0.0,0.0,1.0,1.0
SNPT-157,4,35,0,347.0,1898.6220703125,1898.5452880859375,17.072418212890625,0.7411295175552368,0.6160995364189148,0.9171944856643677,0.0,1.0,1.0,0.0,1.0
SNPT-073,16,29,0,274.0,227.1881866455078,5.488968849182129,227.1218719482422,0.9654074311256409,0.810395359992981,0.9480721354484558,0.0,0.0,0.0,0.0,1.0
SNPT-164,24,34,0,199.0,1901.5889892578125,1900.7198486328125,57.48591613769531,0.9069173336029053,0.5424441695213318,0.9384899139404297,0.0,0.0,0.0,1.0,0.0
SNPT-061,6,32,1,424.0,137.49130249023438,5.18298864364624,137.39356994628906,0.8954522609710693,0.9866207242012024,0.997344434261322,1.0,0.0,1.0,1.0,1.0
SNPT-098,14,29,0,113.0,216.1892547607422,7.1402740478515625,216.07131958007812,0.5555480718612671,0.5958234667778015,0.8980001211166382,0.0,1.0,1.0,0.0,1.0
SNPT-066,10,24,0,93.0,665.1242065429688,-662.1239013671875,63.103919982910156,1.2077010869979858,0.8286355137825012,0.986380934715271,0.0,0.0,0.0,1.0,1.0
SNPT-101,14,37,0,468.0,323.00946044921875,-9.046698570251465,-322.8827209472656,1.469438910484314,0.6297723054885864,0.9542649388313293,0.0,0.0,0.0,1.0,1.0
SNPT-098,8,33,0,447.0,505.7984924316406,6.357760429382324,505.7585144042969,0.3507135510444641,0.6211463212966919,0.9372943639755249,0.0,0.0,0.0,1.0,1.0
SNPT-060,9,31,1,69.0,27.53519630432129,27.48394012451172,-1.6792991161346436,0.927444577217102,0.9843263626098633,0.9930612444877625,0.0,0.0,0.0,1.0,1.0
SNPT-103,28,27,0,496.0,1906.7384033203125,-1901.5440673828125,-140.64805603027344,1.7124016284942627,0.617489218711853,0.7845140099525452,0.0,0.0,0.0,0.0,1.0
SNPT-111,35,23,1,78.0,16.70366668701172,0.7317570447921753,-16.687631607055664,0.9979439973831177,0.9403713941574097,0.980835497379303,0.0,0.0,0.0,1.0,1.0
SNPT-067,1,33,0,240.0,243.25711059570312,-0.5785882472991943,-243.2564239501953,0.9707723259925842,0.8278462886810303,0.9622730016708374,0.0,0.0,0.0,1.0,1.0
SNPT-060,1,33,0,566.0,1867.5670166015625,-1859.3797607421875,-174.680908203125,1.3320550918579102,0.8090589046478271,0.9277030825614929,1.0,0.0,1.0,0.0,1.0
SNPT-158,18,28,0,162.0,28.395570755004883,13.246390342712402,25.116558074951172,0.8413754105567932,0.8501269817352295,0.9488378763198853,0.0,0.0,0.0,1.0,1.0
SNPT-062,21,24,0,241.0,121.09988403320312,9.737875938415527,120.70773315429688,0.6845448613166809,0.8053581714630127,0.9544726610183716,0.0,0.0,0.0,1.0,1.0
SNPT-068,3,38,1,111.0,39.804832458496094,-7.5366902351379395,-39.084815979003906,0.8913388252258301,0.9801359176635742,0.9860429763793945,1.0,0.0,1.0,1.0,1.0
SNPT-111,1,42,0,248.0,719.1021118164062,-641.2739868164062,-325.3852233886719,0.22861742973327637,0.6085324287414551,0.9112981557846069,0.0,0.0,0.0,1.0,1.0
SNPT-065,9,39,0,438.0,1867.273681640625,1865.50634765625,-81.22126007080078,0.599895179271698,0.9132005572319031,0.8551207184791565,0.0,1.0,0.0,1.0,1.0
SNPT-065,9,31,1,143.0,28.77174186706543,-7.493655204772949,27.778738021850586,0.7794753909111023,0.9417912364006042,0.9744057059288025,1.0,0.0,0.0,1.0,1.0
SNPT-153,7,14,0,201.0,277.01507568359375,0.17088724672794342,277.0150146484375,0.688287079334259,0.7106482982635498,0.8726576566696167,0.0,0.0,0.0,0.0,1.0
SNPT-163,40,33,1,270.0,88.06944274902344,1.8930590152740479,88.0490951538086,0.9826105833053589,0.7725276350975037,0.9269980192184448,0.0,0.0,0.0,1.0,1.0
SNPT-103,30,22,0,53.0,235.1873779296875,10.43903923034668,-234.95559692382812,1.4799572229385376,0.7007454037666321,0.8345195055007935,0.0,0.0,0.0,0.0,1.0
SNPT-113,13,31,0,539.0,243.80731201171875,-84.78983306884766,-228.58847045898438,1.6678270101547241,0.6404322385787964,0.9102131128311157,0.0,0.0,0.0,1.0,1.0
SNPT-164,29,36,0,134.0,1903.3948974609375,-1895.650390625,-171.52720642089844,1.4612001180648804,0.5150754451751709,0.9213042259216309,0.0,0.0,0.0,1.0,1.0
SNPT-161,10,25,0,95.0,441.03302001953125,1.838197946548462,-441.0291748046875,1.3585001230239868,0.6602705121040344,0.9126347303390503,0.0,0.0,0.0,0.0,1.0
SNPT-073,23,34,0,15.0,559.1558837890625,-538.0143432617188,152.302001953125,1.1869534254074097,0.9030921459197998,0.9824058413505554,0.0,0.0,0.0,1.0,1.0
SNPT-065,11,39,0,272.0,192.97767639160156,-32.20729446411133,-190.27105712890625,0.6820359230041504,0.7606227397918701,0.8642451763153076,0.0,1.0,1.0,0.0,1.0
SNPT-098,5,30,0,473.0,1919.171875,-1896.8817138671875,-291.6512145996094,1.0281187295913696,0.6484392881393433,0.9013306498527527,0.0,1.0,1.0,0.0,1.0
SNPT-158,22,38,0,270.0,102.83958435058594,-9.455683708190918,102.40396118164062,0.899823784828186,0.6857185363769531,0.9241747260093689,0.0,0.0,0.0,0.0,1.0
SNPT-073,2,33,0,433.0,1905.76123046875,-1905.487060546875,32.323646545410156,0.9785754680633545,0.754503607749939,0.9340765476226807,0.0,0.0,0.0,0.0,1.0
SNPT-159,1,18,1,53.0,3.5970118045806885,-2.096707582473755,-2.9227230548858643,1.0315066576004028,0.9116461277008057,0.9060565233230591,0.0,1.0,1.0,0.0,1.0
SNPT-097,6,18,1,96.0,132.75582885742188,2.3681528568267822,132.73471069335938,0.7607048749923706,0.9466450810432434,0.9837942123413086,0.0,0.0,0.0,1.0,1.0
SNPT-162,14,41,0,317.0,1894.2166748046875,1860.927734375,353.56005859375,0.8757156133651733,0.9100968241691589,0.9806533455848694,0.0,1.0,1.0,1.0,1.0
SNPT-111,23,31,0,417.0,204.6044921875,1.6895381212234497,204.59750366210938,0.8730947375297546,0.5776139497756958,0.8441702723503113,0.0,0.0,0.0,0.0,1.0
SNPT-154,51,34,1,29.0,7.050663471221924,-5.340988636016846,4.602792263031006,1.2550033330917358,0.9489282369613647,0.9882164001464844,0.0,0.0,0.0,1.0,1.0
SNPT-061,15,31,1,96.0,74.19226837158203,-4.9597907066345215,-74.02630615234375,1.3240126371383667,0.9412265419960022,0.9857529997825623,0.0,0.0,0.0,1.0,1.0
SNPT-153,5,10,0,105.0,1949.942138671875,1894.7093505859375,-460.815673828125,2.26774525642395,0.8106552362442017,0.951442539691925,0.0,0.0,0.0,1.0,1.0
SNPT-062,7,27,0,78.0,29.292089462280273,-6.569240093231201,-28.545955657958984,0.8372572064399719,0.7579621076583862,0.9447923898696899,0.0,0.0,0.0,0.0,1.0
SNPT-100,2,21,1,67.0,46.98004150390625,0.8952904343605042,-46.97150802612305,0.9102521538734436,0.9749797582626343,0.9774300456047058,0.0,0.0,0.0,1.0,1.0
SNPT-066,21,34,0,104.0,136.5341796875,-136.43470764160156,-5.210755348205566,1.2178961038589478,0.8948652744293213,0.9815925359725952,0.0,0.0,0.0,1.0,1.0
SNPT-113,36,26,1,75.0,16.438478469848633,-6.971796035766602,-14.886826515197754,1.2851835489273071,0.910118818283081,0.9339882731437683,0.0,0.0,0.0,1.0,1.0
SNPT-068,18,29,1,115.0,114.97425079345703,1.63966703414917,114.96256256103516,1.0709186792373657,0.951130747795105,0.9878336191177368,0.0,0.0,0.0,1.0,1.0
SNPT-158,11,36,0,261.0,279.5708312988281,-14.29509162902832,279.2051086425781,0.8331549167633057,0.6941336393356323,0.9254432916641235,0.0,1.0,1.0,0.0,1.0
SNPT-154,12,41,0,366.0,1890.086669921875,1889.531494140625,45.807762145996094,1.173288106918335,0.872122049331665,0.965753436088562,0.0,0.0,0.0,1.0,0.0
SNPT-105,16,31,0,344.0,1908.95068359375,-1899.3416748046875,191.2947540283203,0.45191577076911926,0.6079466342926025,0.8044348359107971,0.0,0.0,0.0,0.0,1.0
SNPT-159,6,44,0,326.0,1924.86279296875,1900.69287109375,-304.0775451660156,2.3940987586975098,0.7761982679367065,0.8842813372612,0.0,0.0,0.0,1.0,1.0
SNPT-063,5,30,1,200.0,62.313907623291016,-0.24633640050888062,-62.313419342041016,1.3419808149337769,0.959522008895874,0.9931052923202515,0.0,0.0,0.0,1.0,1.0
SNPT-060,29,38,0,28.0,1904.3922119140625,-1887.1363525390625,255.78512573242188,0.6766155362129211,0.7913572788238525,0.9399884939193726,0.0,0.0,0.0,0.0,0.0
SNPT-063,20,34,1,194.0,28.50802230834961,-5.791512489318848,-27.91353988647461,0.9780129194259644,0.9559282064437866,0.9924775958061218,1.0,0.0,1.0,1.0,1.0
SNPT-064,9,28,0,122.0,889.7711181640625,-889.757080078125,4.993657112121582,1.5208828449249268,0.94236820936203,0.987443745136261,0.0,0.0,0.0,1.0,1.0
SNPT-060,11,19,0,67.0,1892.881103515625,-1891.7562255859375,-65.24642944335938,1.6774415969848633,0.5794466733932495,0.9156224727630615,0.0,0.0,0.0,0.0,1.0
SNPT-074,2,22,1,24.0,25.553258895874023,13.71130657196045,-21.563142776489258,0.7348612546920776,0.9494812488555908,0.9762437343597412,0.0,0.0,0.0,1.0,1.0
SNPT-061,5,34,0,437.0,143.65570068359375,-13.919353485107422,-142.97976684570312,1.099644422531128,0.9488141536712646,0.9894747138023376,0.0,0.0,0.0,1.0,1.0
SNPT-114,1,29,1,136.0,188.89366149902344,1.434174656867981,188.88821411132812,1.056857943534851,0.9596066474914551,0.9725621938705444,1.0,0.0,1.0,1.0,1.0
SNPT-159,50,29,0,64.0,70.66887664794922,-0.7503511309623718,70.6648941040039,1.2038573026657104,0.8463957905769348,0.9754180312156677,0.0,0.0,0.0,1.0,1.0
SNPT-064,20,34,1,154.0,58.48565673828125,7.955066680908203,-57.942115783691406,1.8407357931137085,0.9341413378715515,0.9400181174278259,0.0,0.0,0.0,1.0,1.0
SNPT-063,7,29,0,186.0,139.1055450439453,2.424757719039917,139.08441162109375,0.8895584344863892,0.8934535980224609,0.9409829378128052,0.0,1.0,1.0,1.0,1.0
SNPT-107,16,31,1,264.0,86.5436019897461,10.000781059265137,85.96382141113281,0.6478888988494873,0.7920563220977783,0.9874250888824463,0.0,0.0,0.0,1.0,1.0
SNPT-103,30,26,0,387.0,1887.343505859375,-1876.5609130859375,-201.45559692382812,1.312859296798706,0.6545670032501221,0.825799822807312,0.0,0.0,0.0,0.0,1.0
SNPT-063,1,32,0,508.0,1900.185546875,1894.88232421875,-141.86692810058594,0.9302130341529846,0.6056899428367615,0.889721691608429,0.0,0.0,0.0,0.0,1.0
SNPT-061,11,32,0,75.0,353.1181335449219,-3.3947842121124268,353.1018371582031,0.8899489641189575,0.7572818994522095,0.966162919998169,0.0,1.0,0.0,0.0,1.0
SNPT-158,5,32,0,223.0,390.4791564941406,-8.287932395935059,390.3912048339844,0.5583510398864746,0.6541547775268555,0.9129034280776978,0.0,0.0,0.0,0.0,1.0
SNPT-159,24,35,0,139.0,68.76203155517578,-11.250398635864258,-67.8354263305664,1.256783127784729,0.7932999134063721,0.9184746742248535,0.0,0.0,0.0,1.0,1.0
SNPT-073,1,34,0,476.0,1890.9088134765625,-1890.697509765625,28.274682998657227,1.1889991760253906,0.8258363008499146,0.9448984861373901,0.0,1.0,1.0,0.0,1.0
SNPT-169,24,32,0,1.0,271.38818359375,270.76129150390625,18.43586540222168,0.8062617182731628,0.7035853862762451,0.9145784974098206,0.0,0.0,0.0,0.0,1.0
SNPT-108,9,18,0,125.0,29.862106323242188,3.9081532955169678,29.60526466369629,0.7140423059463501,0.7335137724876404,0.9888730049133301,0.0,0.0,0.0,1.0,1.0
SNPT-063,7,23,0,111.0,56.426395416259766,-7.575242042541504,-55.91559600830078,1.347223162651062,0.8182480335235596,0.984257161617279,0.0,1.0,0.0,1.0,1.0
SNPT-065,3,38,0,176.0,102.81040954589844,5.4912614822387695,-102.66365814208984,0.5707379579544067,0.9249722957611084,0.9409235119819641,1.0,0.0,1.0,1.0,0.0
SNPT-071,7,26,0,12.0,1354.6256103515625,-1354.375,-26.05228614807129,0.9854681491851807,0.7927384972572327,0.982063353061676,0.0,0.0,0.0,1.0,1.0
SNPT-114,13,18,0,135.0,12.821063041687012,-7.155005931854248,10.638870239257812,0.8623577952384949,0.8472338914871216,0.9466798901557922,0.0,0.0,0.0,1.0,1.0
SNPT-105,6,34,0,417.0,179.279296875,-0.07720258086919785,179.27928161621094,0.6928542256355286,0.7805465459823608,0.9721776843070984,0.0,0.0,0.0,1.0,1.0
SNPT-154,3,40,0,358.0,1904.847412109375,1889.0384521484375,244.90289306640625,0.9936272501945496,0.5640711784362793,0.8866598010063171,0.0,1.0,0.0,0.0,1.0
SNPT-062,7,25,0,9.0,1896.0672607421875,-1895.5692138671875,43.454044342041016,0.784207284450531,0.854758620262146,0.9396868348121643,0.0,0.0,0.0,0.0,1.0
SNPT-170,18,33,1,310.0,169.3914337158203,40.92222213745117,164.37405395507812,0.5146940350532532,0.7714595794677734,0.9619171023368835,0.0,0.0,0.0,1.0,1.0
SNPT-101,21,41,0,295.0,115.18963623046875,7.220187187194824,114.96312713623047,0.9110748767852783,0.7040104269981384,0.9448046088218689,0.0,0.0,0.0,1.0,1.0
SNPT-161,5,38,1,439.0,32.9768180847168,-6.813811779022217,32.26519012451172,1.2235428094863892,0.8670558929443359,0.988165557384491,0.0,0.0,0.0,1.0,1.0
SNPT-062,13,27,0,697.0,1901.5167236328125,1897.102294921875,129.49429321289062,0.7292684316635132,0.7689312100410461,0.9467772841453552,0.0,0.0,0.0,0.0,1.0
SNPT-070,1,34,0,403.0,161.1558837890625,-9.132739067077637,-160.8968963623047,2.338271379470825,0.8743443489074707,0.9292327165603638,0.0,0.0,0.0,1.0,1.0
SNPT-061,2,32,0,336.0,144.56834411621094,10.000007629394531,144.22206115722656,0.8408675193786621,0.752623438835144,0.9576740264892578,0.0,1.0,1.0,0.0,1.0
SNPT-164,5,26,1,63.0,56.6925048828125,-11.942172050476074,55.42043685913086,1.0783987045288086,0.9466102719306946,0.9905517101287842,1.0,0.0,1.0,1.0,1.0
SNPT-159,26,45,0,260.0,196.33155822753906,2.1899514198303223,-196.3193359375,1.6539455652236938,0.82131028175354,0.9834077954292297,0.0,0.0,0.0,1.0,1.0
SNPT-107,18,28,0,446.0,1914.86376953125,-1893.809814453125,283.1740417480469,0.48709824681282043,0.8238023519515991,0.9688079953193665,0.0,0.0,0.0,1.0,1.0
SNPT-162,10,40,0,192.0,347.3414611816406,-2.920457124710083,-347.3291931152344,1.584585428237915,0.6732406616210938,0.9202080368995667,0.0,0.0,0.0,0.0,1.0
SNPT-161,11,37,0,64.0,1912.1773681640625,1905.0850830078125,-164.5389862060547,1.5872931480407715,0.7741904258728027,0.9496306777000427,0.0,0.0,0.0,1.0,1.0
SNPT-160,3,20,0,183.0,231.65066528320312,0.13800913095474243,-231.65061950683594,2.216478109359741,0.6457815766334534,0.7910809516906738,0.0,0.0,0.0,0.0,1.0
SNPT-102,4,33,0,426.0,169.29454040527344,7.148944854736328,-169.14352416992188,0.8495345711708069,0.8170164227485657,0.9721515774726868,0.0,0.0,0.0,1.0,1.0
SNPT-108,5,28,0,205.0,89.57711029052734,7.759448528289795,-89.24040985107422,0.7577081322669983,0.8577184677124023,0.9682350754737854,0.0,1.0,1.0,1.0,1.0
SNPT-068,6,34,0,168.0,366.7654724121094,-2.743513822555542,-366.75518798828125,0.8282771110534668,0.7665809392929077,0.9569178819656372,0.0,0.0,0.0,0.0,1.0
SNPT-065,7,27,0,98.0,209.78164672851562,16.75142478942871,-209.11175537109375,0.969709038734436,0.8023598194122314,0.9662072658538818,0.0,1.0,1.0,0.0,1.0
SNPT-158,5,25,0,128.0,117.4048080444336,-1.7879323959350586,117.39118957519531,0.7171922326087952,0.867342472076416,0.95526123046875,0.0,0.0,0.0,1.0,1.0
SNPT-066,6,35,0,1.0,264.9576721191406,-257.8668518066406,-60.88720703125,1.6198927164077759,0.9131675958633423,0.9841493964195251,0.0,1.0,1.0,1.0,0.0
SNPT-115,18,27,0,159.0,352.9630432128906,-3.898874521255493,352.9415283203125,0.737662672996521,0.5083843469619751,0.8903167843818665,0.0,0.0,0.0,1.0,1.0
SNPT-063,11,31,1,93.0,54.658321380615234,-2.059502124786377,54.6195068359375,1.0079532861709595,0.9714325666427612,0.9937320351600647,1.0,0.0,0.0,1.0,1.0
SNPT-159,9,53,0,325.0,52.832515716552734,-3.8258934020996094,-52.69380569458008,1.3704720735549927,0.6353455781936646,0.8827303647994995,0.0,0.0,0.0,0.0,1.0
SNPT-100,20,27,0,294.0,1884.9979248046875,1884.7894287109375,-28.032371520996094,0.8803884387016296,0.7291417121887207,0.9447283148765564,0.0,0.0,0.0,0.0,0.0
SNPT-066,5,39,1,329.0,764.593994140625,764.5193481445312,-10.687190055847168,1.1730979681015015,0.9683602452278137,0.9603843092918396,1.0,0.0,1.0,1.0,1.0
SNPT-157,2,21,0,33.0,1900.886474609375,1891.775390625,185.89076232910156,0.6586481928825378,0.6432594060897827,0.8969691395759583,0.0,0.0,0.0,0.0,1.0
SNPT-170,36,13,0,2.0,592.1194458007812,590.462890625,-44.26105499267578,0.9416602253913879,0.8532021045684814,0.9710493683815002,0.0,0.0,0.0,1.0,1.0
SNPT-062,30,17,0,529.0,136.17115783691406,-3.4832043647766113,136.12660217285156,1.2849833965301514,0.706452488899231,0.9335983395576477,0.0,0.0,0.0,0.0,1.0
SNPT-060,11,23,0,165.0,110.1360855102539,-9.256268501281738,-109.74642944335938,1.2201735973358154,0.7950080633163452,0.9913546442985535,0.0,0.0,0.0,1.0,1.0
SNPT-158,7,40,1,339.0,66.71621704101562,-8.239774703979492,66.20543670654297,0.5916620492935181,0.9064096808433533,0.9666266441345215,0.0,0.0,0.0,1.0,1.0
SNPT-161,28,39,0,476.0,202.5626678466797,-3.6651198863983154,-202.52951049804688,1.8103039264678955,0.645147442817688,0.8980928063392639,0.0,0.0,0.0,0.0,1.0
SNPT-071,4,26,0,160.0,144.40625,21.21039390563965,-142.84007263183594,0.9185842871665955,0.7193272709846497,0.9372085928916931,0.0,0.0,0.0,1.0,1.0
SNPT-101,5,33,0,321.0,183.634033203125,-1.6816251277923584,183.62632751464844,0.7056268453598022,0.701381504535675,0.8806763887405396,0.0,0.0,0.0,0.0,1.0
SNPT-153,2,15,0,99.0,1908.4815673828125,1908.469970703125,6.678677082061768,1.091929316520691,0.6398311853408813,0.9018743634223938,0.0,1.0,1.0,1.0,1.0
SNPT-159,6,37,1,278.0,1932.717041015625,1893.69287109375,386.4224548339844,0.978290319442749,0.8437949419021606,0.9921133518218994,1.0,0.0,1.0,1.0,1.0
SNPT-060,1,21,1,173.0,168.2588348388672,5.120283126831055,-168.180908203125,1.3805781602859497,0.957690954208374,0.9850541353225708,1.0,0.0,1.0,1.0,1.0
SNPT-154,38,48,0,2.0,1892.5145263671875,-1885.525146484375,162.49879455566406,0.8631126284599304,0.844384491443634,0.9483090043067932,0.0,0.0,0.0,1.0,1.0
SNPT-112,1,26,0,378.0,1655.043701171875,1634.144775390625,-262.18353271484375,1.2772490978240967,0.5911757946014404,0.861826479434967,0.0,0.0,0.0,0.0,1.0
SNPT-113,11,32,1,379.0,17.57039451599121,-7.480478286743164,-15.898466110229492,1.1468884944915771,0.8850012421607971,0.9516422748565674,0.0,0.0,0.0,1.0,1.0
SNPT-151,13,28,0,182.0,10.40048885345459,4.020341396331787,9.592029571533203,0.9265446066856384,0.5992262363433838,0.949021577835083,0.0,0.0,0.0,1.0,1.0
SNPT-061,1,27,0,281.0,1898.014404296875,1892.95751953125,138.4578399658203,0.9215054512023926,0.6107903718948364,0.9119876623153687,0.0,0.0,0.0,0.0,1.0
SNPT-154,14,35,1,143.0,104.64849853515625,0.12450539320707321,104.64842224121094,1.5334343910217285,0.9501579403877258,0.9465547800064087,1.0,0.0,1.0,1.0,1.0
SNPT-100,4,23,0,5.0,1880.010498046875,1875.671142578125,127.66149139404297,0.9284785389900208,0.707360565662384,0.9108142256736755,0.0,0.0,0.0,0.0,1.0
SNPT-157,2,39,0,535.0,1889.9171142578125,1887.275390625,99.89075469970703,0.611723005771637,0.4884655475616455,0.9160337448120117,0.0,0.0,0.0,0.0,1.0
SNPT-111,3,40,1,4.0,21.30125617980957,-0.19370253384113312,21.30037498474121,5.6832122802734375,0.6422586441040039,0.810067892074585,0.0,0.0,0.0,0.0,1.0
SNPT-102,14,23,0,129.0,282.5230407714844,5.610281467437744,282.4673156738281,0.34664681553840637,0.5271897912025452,0.9454254508018494,0.0,0.0,0.0,1.0,1.0
SNPT-154,53,41,0,7.0,1889.99560546875,1889.1768798828125,55.62397003173828,0.8874621987342834,0.7545181512832642,0.9442576169967651,0.0,0.0,0.0,0.0,1.0
SNPT-154,19,36,1,185.0,1205.839599609375,1202.9051513671875,84.0730209350586,1.121369481086731,0.983169436454773,0.9934301376342773,0.0,0.0,0.0,1.0,1.0
SNPT-159,51,48,0,282.0,573.1229248046875,573.0848388671875,6.606036186218262,0.9588692784309387,0.5815411806106567,0.9732207655906677,0.0,0.0,0.0,1.0,0.0
SNPT-158,10,31,0,251.0,195.8334503173828,180.8668975830078,-75.08599853515625,1.270579218864441,0.7094686627388,0.9549468755722046,0.0,0.0,0.0,1.0,1.0
SNPT-069,7,25,0,361.0,242.7196502685547,-11.596899032592773,-242.44244384765625,1.2718381881713867,0.731837272644043,0.8800398111343384,0.0,0.0,0.0,0.0,1.0
SNPT-164,19,30,1,202.0,20.145906448364258,4.229971885681152,-19.696823120117188,0.9798256158828735,0.8466904163360596,0.9552408456802368,0.0,0.0,0.0,1.0,1.0
SNPT-154,22,42,1,318.0,1692.8897705078125,-1691.5780029296875,66.63015747070312,0.9937751889228821,0.7288740277290344,0.9749933481216431,0.0,0.0,0.0,1.0,1.0
SNPT-154,2,21,0,21.0,1874.5677490234375,1874.31884765625,30.551481246948242,1.2330231666564941,0.7111412286758423,0.9288127422332764,0.0,1.0,0.0,0.0,1.0
SNPT-062,20,28,0,436.0,1918.8236083984375,1901.38818359375,258.0829772949219,0.6741361618041992,0.7474461793899536,0.9460277557373047,0.0,0.0,0.0,0.0,1.0
SNPT-101,8,33,1,355.0,196.3327178955078,1.6386905908584595,196.3258819580078,0.892515242099762,0.8530915975570679,0.9485704302787781,0.0,0.0,0.0,1.0,1.0
SNPT-154,49,44,0,337.0,1848.1134033203125,-1846.40869140625,79.36033630371094,1.0192053318023682,0.7173463106155396,0.9120318293571472,0.0,0.0,0.0,0.0,1.0
SNPT-105,18,22,1,99.0,109.62708282470703,9.059122085571289,-109.25213623046875,1.0241119861602783,0.8244909644126892,0.9865750670433044,1.0,0.0,1.0,1.0,1.0
SNPT-061,19,33,1,104.0,91.66578674316406,-1.7212241888046265,-91.64962005615234,1.1822141408920288,0.9377514123916626,0.9869738221168518,0.0,0.0,0.0,1.0,1.0
SNPT-105,2,32,0,187.0,1935.8973388671875,1902.39990234375,358.5707702636719,0.3914856016635895,0.625151515007019,0.9014968872070312,0.0,1.0,0.0,0.0,1.0
SNPT-157,5,25,1,78.0,81.57101440429688,5.35880708694458,-81.39480590820312,0.9024913907051086,0.9079631567001343,0.9769391417503357,0.0,0.0,0.0,1.0,1.0
SNPT-065,19,25,0,42.0,797.9860229492188,787.3666381835938,129.75160217285156,0.7064439654350281,0.8492494821548462,0.9632723331451416,0.0,0.0,0.0,0.0,1.0
SNPT-063,20,44,0,320.0,1901.3892822265625,-1897.79150390625,-116.91353607177734,1.2608739137649536,0.695840060710907,0.9566293358802795,0.0,0.0,0.0,0.0,1.0
SNPT-111,38,30,0,391.0,1910.0716552734375,1905.7486572265625,128.4357147216797,0.2655017077922821,0.7245967984199524,0.8684367537498474,0.0,0.0,0.0,0.0,1.0
SNPT-068,26,33,0,147.0,229.67208862304688,-6.288924694061279,-229.58596801757812,0.8746923208236694,0.7768163681030273,0.9317588210105896,0.0,0.0,0.0,0.0,1.0
SNPT-160,10,32,0,283.0,190.4857177734375,-5.478726863861084,190.4069061279297,0.9780418276786804,0.6585476398468018,0.9453384876251221,0.0,0.0,0.0,0.0,1.0
SNPT-114,11,19,1,140.0,22.496294021606445,-18.89828109741211,12.204022407531738,0.908847451210022,0.7975531816482544,0.9567567706108093,0.0,0.0,0.0,1.0,1.0
SNPT-164,4,34,0,101.0,434.227783203125,5.576091289520264,-434.1919860839844,2.3836748600006104,0.663830041885376,0.9141902923583984,0.0,0.0,0.0,0.0,0.0
SNPT-158,1,32,0,192.0,369.2940368652344,-5.771421909332275,369.2489318847656,0.6469261646270752,0.6863282322883606,0.928842306137085,0.0,0.0,0.0,0.0,1.0
SNPT-159,9,48,0,644.0,1894.31298828125,1890.72216796875,-116.58213806152344,1.309373140335083,0.6225929260253906,0.8457803726196289,0.0,0.0,0.0,1.0,1.0
SNPT-154,3,30,1,166.0,30.44178581237793,1.5384496450424194,30.40288543701172,1.0566928386688232,0.9300661087036133,0.9800148010253906,0.0,0.0,0.0,1.0,1.0
SNPT-060,11,26,1,203.0,62.35882568359375,-30.756269454956055,-54.246429443359375,1.134953498840332,0.9752132296562195,0.993194580078125,0.0,0.0,0.0,1.0,1.0
SNPT-071,13,28,0,398.0,804.4243774414062,-786.76904296875,-167.60983276367188,0.9839242100715637,0.8078811764717102,0.9701375365257263,0.0,1.0,1.0,0.0,0.0
SNPT-101,16,41,0,318.0,61.39087677001953,-11.690540313720703,60.267494201660156,1.0231846570968628,0.8536067008972168,0.9832128286361694,0.0,0.0,0.0,1.0,1.0
SNPT-066,10,36,1,103.0,56.511714935302734,-24.123916625976562,51.103919982910156,1.6444131135940552,0.7285763621330261,0.7924061417579651,0.0,0.0,0.0,1.0,1.0
SNPT-106,6,23,0,476.0,35.925872802734375,8.324812889099121,-34.94804382324219,1.0033107995986938,0.7168474197387695,0.9052178859710693,0.0,0.0,0.0,0.0,1.0
SNPT-068,27,36,0,188.0,46.489810943603516,-4.474191665649414,-46.27401351928711,0.6177330613136292,0.6884390115737915,0.9291288256645203,0.0,0.0,0.0,1.0,1.0
SNPT-107,15,31,0,301.0,18.654075622558594,6.661641597747803,-17.42403793334961,0.7778868079185486,0.8634120225906372,0.9930373430252075,0.0,0.0,0.0,1.0,1.0
SNPT-107,3,39,0,454.0,161.19981384277344,1.943070888519287,161.18809509277344,0.5805112719535828,0.8540109395980835,0.9462716579437256,0.0,0.0,0.0,1.0,1.0
SNPT-166,12,25,1,98.0,52.69365692138672,-2.485619306564331,-52.6349983215332,0.9005070924758911,0.9475612640380859,0.9832741022109985,0.0,0.0,0.0,1.0,1.0
SNPT-151,7,37,0,366.0,1910.4140625,-1890.671630859375,273.9390869140625,0.5562823414802551,0.6339591145515442,0.9351373314857483,0.0,0.0,0.0,1.0,1.0
SNPT-071,2,21,0,20.0,815.3992919921875,793.1026000976562,-189.37843322753906,1.1262356042861938,0.8959650993347168,0.9346065521240234,0.0,1.0,1.0,1.0,0.0
SNPT-164,1,33,0,436.0,1908.6171875,1900.91455078125,-171.2987823486328,1.8210996389389038,0.6809528470039368,0.9249686002731323,0.0,0.0,0.0,0.0,1.0
SNPT-114,11,18,0,139.0,25.787866592407227,-8.898282051086426,24.204021453857422,0.7611932158470154,0.6161715984344482,0.8890547752380371,0.0,0.0,0.0,0.0,1.0
SNPT-108,7,16,0,87.0,78.15380859375,3.9206840991973877,78.05540466308594,0.6638291478157043,0.7822598218917847,0.9893772602081299,0.0,0.0,0.0,1.0,1.0
SNPT-072,26,31,0,205.0,1903.0040283203125,-1899.78271484375,110.68016815185547,0.8742206692695618,0.669924795627594,0.8777878880500793,0.0,0.0,0.0,0.0,1.0
SNPT-101,1,31,0,51.0,1888.1229248046875,1882.8636474609375,140.82960510253906,1.0881519317626953,0.8489602208137512,0.9831432700157166,0.0,1.0,1.0,1.0,1.0
SNPT-165,2,30,0,222.0,379.3836669921875,10.028308868408203,379.2510986328125,0.5604318976402283,0.8630188703536987,0.9565103054046631,0.0,1.0,1.0,1.0,1.0
SNPT-106,9,28,1,72.0,151.85829162597656,10.104656219482422,151.52174377441406,0.4980812072753906,0.8822621703147888,0.9781330823898315,0.0,0.0,0.0,1.0,1.0
SNPT-101,5,27,0,268.0,116.18467712402344,-3.6816251277923584,116.12633514404297,0.7154818177223206,0.7236908078193665,0.9093364477157593,0.0,0.0,0.0,0.0,1.0
SNPT-073,4,30,0,292.0,682.1608276367188,673.886962890625,-105.92340850830078,1.5026298761367798,0.8506924510002136,0.9909043908119202,0.0,0.0,0.0,1.0,1.0
SNPT-151,10,20,1,216.0,30.23566246032715,1.9522333145141602,30.17257308959961,1.170439600944519,0.9129149317741394,0.9795070290565491,1.0,0.0,1.0,1.0,1.0
SNPT-101,26,41,1,121.0,44.788211822509766,-2.2612030506134033,-44.73109817504883,0.9665114879608154,0.9039224982261658,0.9807745814323425,0.0,0.0,0.0,1.0,1.0
SNPT-155,6,19,0,106.0,518.0065307617188,145.2191925048828,497.2345275878906,1.304593563079834,0.6643390655517578,0.8006704449653625,0.0,1.0,0.0,0.0,1.0
SNPT-166,2,30,0,639.0,1922.553466796875,-1897.5706787109375,-308.92901611328125,1.4141204357147217,0.7629645466804504,0.9282887578010559,0.0,0.0,0.0,0.0,1.0
SNPT-114,27,31,1,251.0,159.28607177734375,-7.224096298217773,-159.12217712402344,0.9982032775878906,0.910488486289978,0.8925809860229492,1.0,0.0,1.0,1.0,1.0
SNPT-110,15,29,0,353.0,1900.368896484375,1900.153564453125,-28.606914520263672,0.7607656717300415,0.7446891665458679,0.9589628577232361,0.0,0.0,0.0,1.0,1.0
SNPT-068,20,31,0,209.0,261.18255615234375,9.462182998657227,261.0111083984375,0.6420280933380127,0.7099366784095764,0.9608203172683716,0.0,0.0,0.0,0.0,1.0
SNPT-100,2,22,1,212.0,7.97599983215332,-6.604709625244141,-4.471508026123047,1.216302514076233,0.8040854930877686,0.9698021411895752,0.0,0.0,0.0,1.0,1.0
SNPT-163,15,37,1,306.0,244.2429962158203,-27.157962799072266,242.72840881347656,0.6520915627479553,0.8919188976287842,0.9644456505775452,1.0,0.0,1.0,1.0,0.0
SNPT-068,16,18,1,112.0,215.94058227539062,4.4451212882995605,215.8948211669922,0.8748711943626404,0.9078050255775452,0.9466968178749084,0.0,0.0,0.0,1.0,0.0
SNPT-108,9,35,0,634.0,1895.4718017578125,1888.908203125,157.6052703857422,0.7350693941116333,0.6078320145606995,0.938580334186554,0.0,0.0,0.0,0.0,1.0
SNPT-103,7,25,1,67.0,31.13300132751465,7.516872406005859,30.211923599243164,0.9521821141242981,0.9216136932373047,0.9908454418182373,1.0,0.0,1.0,1.0,1.0
SNPT-101,4,30,0,110.0,362.5800476074219,2.998913288116455,362.5676574707031,0.789309024810791,0.6795970797538757,0.8844612836837769,0.0,1.0,1.0,0.0,1.0
SNPT-110,20,33,0,223.0,1889.955810546875,-1889.9205322265625,-11.551036834716797,0.9484435319900513,0.8187534213066101,0.9705938100814819,0.0,1.0,0.0,1.0,1.0
SNPT-108,10,35,0,506.0,174.02902221679688,-17.77649688720703,173.1187286376953,0.6480588316917419,0.6342182755470276,0.9498094320297241,0.0,0.0,0.0,0.0,1.0
SNPT-159,12,36,1,164.0,445.46575927734375,401.39166259765625,-193.19549560546875,1.488107681274414,0.8882080912590027,0.983414351940155,0.0,0.0,0.0,1.0,1.0
SNPT-158,11,28,0,192.0,29.59615135192871,-4.79509162902832,29.205123901367188,1.0106287002563477,0.8385810852050781,0.9843239784240723,0.0,1.0,1.0,1.0,1.0
SNPT-159,12,34,1,1.0,111.66471862792969,111.39164733886719,7.804502964019775,1.1264375448226929,0.8907758593559265,0.9829240441322327,0.0,0.0,0.0,1.0,1.0
SNPT-164,2,36,0,234.0,220.19322204589844,-0.7624679803848267,-220.19189453125,2.093600273132324,0.6149623394012451,0.8885622620582581,0.0,0.0,0.0,1.0,1.0
SNPT-162,23,36,1,186.0,56.86980438232422,-6.114382743835449,56.54015350341797,1.1544408798217773,0.9554943442344666,0.9925267100334167,0.0,1.0,0.0,1.0,1.0
SNPT-162,43,29,0,147.0,597.2949829101562,-7.655472755432129,597.2459716796875,0.6554758548736572,0.5930464267730713,0.9168515801429749,0.0,0.0,0.0,0.0,1.0
SNPT-153,1,30,1,501.0,19.636327743530273,10.595549583435059,16.53238296508789,0.9464512467384338,0.7419949173927307,0.8952024579048157,0.0,0.0,0.0,1.0,1.0
SNPT-107,1,23,1,76.0,281.5970153808594,6.685450553894043,-281.51763916015625,1.225799322128296,0.8326365351676941,0.8505621552467346,1.0,0.0,1.0,1.0,1.0
SNPT-061,11,30,0,61.0,451.8155212402344,-13.894783973693848,451.6018371582031,0.8985333442687988,0.9077059030532837,0.9954595565795898,0.0,1.0,0.0,1.0,1.0
SNPT-115,7,22,1,81.0,134.04185485839844,-0.2753324508666992,134.04156494140625,0.7927561402320862,0.7326719760894775,0.9306327700614929,0.0,0.0,0.0,1.0,1.0
SNPT-105,1,28,1,198.0,594.355224609375,-576.8088989257812,143.35142517089844,0.4705028235912323,0.900840163230896,0.9903387427330017,0.0,0.0,0.0,1.0,1.0
SNPT-154,12,48,1,419.0,227.80776977539062,0.03147915378212929,227.80775451660156,1.1250746250152588,0.7101328372955322,0.9422907829284668,0.0,1.0,1.0,0.0,0.0
SNPT-100,9,27,0,336.0,1882.2181396484375,1881.2076416015625,-61.66789627075195,0.9672977924346924,0.666622519493103,0.9037097096443176,0.0,0.0,0.0,0.0,1.0
SNPT-159,18,49,1,398.0,161.34410095214844,-1.7457869052886963,-161.33465576171875,1.5412275791168213,0.8377847671508789,0.9735018014907837,0.0,0.0,0.0,1.0,1.0
SNPT-061,9,25,1,194.0,33.458797454833984,-1.140362024307251,33.43935775756836,0.7808213233947754,0.971037745475769,0.9751061201095581,1.0,0.0,1.0,1.0,1.0
SNPT-063,21,41,0,358.0,1822.8763427734375,-1812.4031982421875,-195.1227569580078,1.4072542190551758,0.739136815071106,0.9493957757949829,0.0,0.0,0.0,0.0,1.0
SNPT-114,9,22,1,155.0,14.717954635620117,9.210582733154297,-11.479693412780762,0.9584310054779053,0.9139462113380432,0.954398512840271,0.0,0.0,0.0,1.0,1.0
SNPT-107,5,35,0,381.0,153.14898681640625,14.810027122497559,152.43121337890625,0.6278461217880249,0.7730122804641724,0.9347537755966187,0.0,0.0,0.0,0.0,0.0
SNPT-162,11,42,1,25.0,1907.46044921875,1903.7579345703125,118.78866577148438,0.9307878017425537,0.8588053584098816,0.954756498336792,0.0,1.0,0.0,1.0,1.0
SNPT-105,15,20,1,67.0,13.537029266357422,-7.010745525360107,-11.580181121826172,0.7213102579116821,0.8470765352249146,0.9615508913993835,0.0,0.0,0.0,1.0,1.0
SNPT-151,17,36,0,120.0,123.62740325927734,2.8557536602020264,123.59441375732422,1.1850179433822632,0.715377688407898,0.9028611779212952,0.0,0.0,0.0,0.0,1.0
SNPT-073,1,24,1,126.0,49.27507781982422,-0.19745983183383942,49.27468490600586,0.9615572094917297,0.9544000625610352,0.9794302582740784,1.0,0.0,1.0,1.0,1.0
SNPT-163,39,26,0,174.0,1799.3614501953125,1798.1854248046875,65.04605102539062,0.9176793098449707,0.6828417181968689,0.9211205244064331,0.0,0.0,0.0,0.0,1.0
SNPT-067,8,27,0,81.0,115.44479370117188,17.254987716674805,-114.14800262451172,1.2398414611816406,0.6550041437149048,0.9678703546524048,0.0,0.0,0.0,0.0,1.0
SNPT-068,3,27,0,266.0,393.69329833984375,-7.842583656311035,-393.61517333984375,1.5863763093948364,0.6897231340408325,0.9089771509170532,0.0,0.0,0.0,0.0,1.0
SNPT-110,9,32,1,63.0,10.646446228027344,-7.324315071105957,7.726655960083008,0.6962629556655884,0.8122020959854126,0.9729074835777283,0.0,0.0,0.0,1.0,1.0
SNPT-107,11,38,1,287.0,31.26506233215332,10.496548652648926,-29.450408935546875,0.9609108567237854,0.9626718759536743,0.9904634356498718,1.0,0.0,1.0,1.0,1.0
SNPT-105,26,28,1,106.0,7.133077621459961,5.095400810241699,-4.991762161254883,0.5438769459724426,0.9149620532989502,0.9908167719841003,0.0,0.0,0.0,1.0,1.0
SNPT-167,16,27,1,118.0,46.15037536621094,-0.35184231400489807,46.1490364074707,0.7898788452148438,0.8525938987731934,0.9676189422607422,1.0,0.0,1.0,1.0,1.0
SNPT-072,24,35,1,159.0,53.532997131347656,27.922958374023438,45.673736572265625,0.7536965608596802,0.9760479927062988,0.9893208146095276,1.0,0.0,0.0,1.0,1.0
SNPT-158,14,31,1,187.0,64.29369354248047,-4.172316551208496,64.15817260742188,0.5207929015159607,0.877910315990448,0.9803277850151062,0.0,0.0,0.0,1.0,1.0
SNPT-157,6,39,0,423.0,1893.414306640625,1890.1336669921875,111.41207122802734,0.6103802919387817,0.8193347454071045,0.9727462530136108,0.0,0.0,0.0,1.0,1.0
SNPT-155,3,24,0,104.0,24.16022491455078,1.350213646888733,-24.122467041015625,0.9652379155158997,0.7500559091567993,0.888443648815155,0.0,1.0,0.0,0.0,1.0
SNPT-099,11,24,1,141.0,417.7790222167969,-326.81243896484375,260.2555236816406,0.7927485704421997,0.9061800241470337,0.8339321613311768,1.0,0.0,1.0,1.0,1.0
SNPT-063,2,44,0,102.0,44.3470344543457,-23.17176055908203,37.81175994873047,1.1048158407211304,0.7873327732086182,0.9630417227745056,0.0,0.0,0.0,0.0,0.0
SNPT-114,27,30,0,225.0,1999.049072265625,-1890.72412109375,-649.1221923828125,2.093700647354126,0.570458710193634,0.734770655632019,0.0,0.0,0.0,0.0,1.0
SNPT-060,4,39,0,254.0,60.41214370727539,-4.8021240234375,-60.22098159790039,1.0214170217514038,0.7761410474777222,0.927463710308075,0.0,0.0,0.0,0.0,1.0
SNPT-101,4,33,0,139.0,184.6353302001953,4.998913288116455,184.56765747070312,0.8766177296638489,0.6718553304672241,0.9020505547523499,0.0,1.0,1.0,0.0,1.0
SNPT-062,21,23,1,199.0,32.806236267089844,6.2378764152526855,32.20772933959961,0.944572389125824,0.9514174461364746,0.9891932606697083,0.0,0.0,0.0,1.0,1.0
SNPT-169,7,20,0,119.0,348.6188659667969,-11.472046852111816,-348.4300537109375,1.912811279296875,0.8510017991065979,0.9731683135032654,0.0,1.0,0.0,1.0,1.0
SNPT-151,15,16,1,95.0,7.373987674713135,4.2444586753845215,6.029946804046631,1.3383678197860718,0.8770928978919983,0.9842795729637146,0.0,0.0,0.0,1.0,1.0
SNPT-106,5,20,0,250.0,32.84908676147461,14.011354446411133,-29.711013793945312,1.470624327659607,0.8376243710517883,0.9803130626678467,0.0,0.0,0.0,1.0,1.0
SNPT-159,18,38,0,286.0,1910.7662353515625,1897.2542724609375,-226.83465576171875,2.017242431640625,0.7904467582702637,0.9792912006378174,0.0,0.0,0.0,1.0,1.0
SNPT-167,30,7,1,10.0,23.277795791625977,-1.8013625144958496,23.207992553710938,1.0628145933151245,0.9223103523254395,0.991248369216919,1.0,0.0,1.0,1.0,1.0
SNPT-111,41,28,0,231.0,416.55072021484375,-6.5,-416.5,0.2169751077890396,0.5020052194595337,0.8930156826972961,0.0,0.0,0.0,1.0,1.0
SNPT-114,12,23,0,138.0,55.45185852050781,-2.762248992919922,55.383018493652344,0.9018464684486389,0.7997756004333496,0.9326099753379822,0.0,0.0,0.0,1.0,1.0
SNPT-154,7,21,0,9.0,1885.8079833984375,1884.6448974609375,66.22270202636719,1.251757025718689,0.7826423048973083,0.9400390386581421,0.0,1.0,0.0,0.0,1.0
SNPT-169,8,45,0,477.0,1920.3670654296875,1903.5966796875,-253.2379913330078,1.4621185064315796,0.6867204904556274,0.9316778779029846,0.0,0.0,0.0,0.0,1.0
SNPT-072,22,26,0,100.0,1900.739501953125,1900.623291015625,21.020231246948242,0.777144730091095,0.6544854640960693,0.8836227655410767,0.0,0.0,0.0,0.0,1.0
SNPT-067,2,30,0,242.0,28.252073287963867,10.114368438720703,26.3795223236084,0.9746577143669128,0.855776309967041,0.9650948643684387,0.0,0.0,0.0,0.0,0.0
SNPT-115,18,24,0,118.0,63.398834228515625,7.601125240325928,62.94152069091797,1.1013282537460327,0.6350786685943604,0.9239494800567627,0.0,0.0,0.0,0.0,1.0
SNPT-060,3,26,0,28.0,1866.02880859375,1865.86376953125,24.815881729125977,0.9691749215126038,0.8552865982055664,0.971184492111206,0.0,0.0,0.0,0.0,1.0
SNPT-151,3,21,0,260.0,437.7481689453125,-7.304725646972656,-437.6872253417969,2.039510488510132,0.5725663900375366,0.9480100274085999,0.0,0.0,0.0,1.0,1.0
SNPT-154,3,45,0,491.0,62.012794494628906,14.03844928741455,60.40288543701172,1.1288539171218872,0.5640885829925537,0.9035729169845581,0.0,0.0,0.0,1.0,1.0
SNPT-164,2,31,0,90.0,383.4194030761719,9.237531661987305,383.30810546875,0.8259112238883972,0.6969589591026306,0.9165030121803284,0.0,1.0,1.0,0.0,1.0
SNPT-108,8,36,1,651.0,1894.5115966796875,1894.4927978515625,8.450820922851562,1.0619558095932007,0.8453793525695801,0.9793424010276794,0.0,0.0,0.0,1.0,1.0
SNPT-063,26,40,0,52.0,1958.78076171875,1887.1549072265625,-524.85107421875,1.9368773698806763,0.7511398196220398,0.869500994682312,0.0,1.0,0.0,0.0,1.0
SNPT-155,18,25,0,243.0,1901.4466552734375,-1897.323974609375,125.14299774169922,0.9052419662475586,0.7947938442230225,0.9267230033874512,0.0,0.0,0.0,0.0,1.0
SNPT-151,4,25,1,258.0,134.27108764648438,-5.082443714141846,-134.17486572265625,1.0849279165267944,0.8965051770210266,0.9402607083320618,0.0,0.0,0.0,1.0,1.0
SNPT-153,7,18,0,213.0,20.548402786254883,1.1708872318267822,20.5150146484375,0.9057647585868835,0.8866332173347473,0.9721488356590271,0.0,0.0,0.0,1.0,1.0
SNPT-155,1,24,0,240.0,380.1861267089844,2.563763380050659,-380.1774597167969,1.4008896350860596,0.6270763874053955,0.8734068870544434,0.0,1.0,0.0,0.0,1.0
SNPT-107,13,39,0,203.0,2.093365430831909,1.526036262512207,1.4329661130905151,0.7735499739646912,0.6168571710586548,0.9087576270103455,0.0,1.0,1.0,0.0,1.0
SNPT-072,1,30,0,341.0,103.70198822021484,-1.7895004749298096,-103.6865463256836,1.344890832901001,0.7995675206184387,0.8984124064445496,0.0,1.0,1.0,0.0,1.0
SNPT-108,31,34,1,78.0,41.24260330200195,-16.774206161499023,-37.67729187011719,1.392325758934021,0.9291068315505981,0.9731771349906921,1.0,0.0,1.0,1.0,1.0
SNPT-111,1,27,0,448.0,1337.9801025390625,1261.188720703125,-446.7593078613281,0.20736953616142273,0.6549657583236694,0.8689483404159546,0.0,0.0,0.0,0.0,1.0
SNPT-110,36,27,0,196.0,1900.1378173828125,1886.453125,227.63641357421875,0.5450698733329773,0.6445805430412292,0.9549627304077148,0.0,1.0,1.0,1.0,1.0
SNPT-076,4,24,0,153.0,411.06201171875,-17.994049072265625,-410.66796875,1.0663105249404907,0.8346098065376282,0.9607380628585815,0.0,0.0,0.0,1.0,1.0
SNPT-102,13,27,1,263.0,67.7778549194336,1.887155294418335,-67.75157928466797,0.7542137503623962,0.7510212659835815,0.9930685758590698,0.0,0.0,0.0,1.0,1.0
SNPT-099,1,25,0,553.0,1924.095703125,1902.006591796875,290.7154235839844,0.7036080956459045,0.8824999332427979,0.9297634363174438,0.0,1.0,1.0,1.0,1.0
SNPT-065,9,30,0,137.0,71.0199203491211,6.506344795227051,-70.72126007080078,0.9605125188827515,0.8912903666496277,0.986768901348114,0.0,1.0,0.0,1.0,1.0
SNPT-101,6,17,0,79.0,1908.836181640625,-1904.1202392578125,134.09556579589844,1.0011590719223022,0.7768909335136414,0.9769647717475891,0.0,0.0,0.0,1.0,1.0
SNPT-170,37,19,0,25.0,956.3942260742188,-955.0032348632812,-51.56332778930664,1.4107125997543335,0.6819250583648682,0.9346734881401062,0.0,0.0,0.0,1.0,1.0
SNPT-160,2,28,0,363.0,112.51998138427734,24.243404388427734,-109.8772201538086,1.7746820449829102,0.7222431898117065,0.8584119081497192,0.0,1.0,1.0,0.0,1.0
SNPT-114,9,30,0,480.0,1895.156005859375,-1868.2894287109375,-317.9797058105469,1.4275710582733154,0.7092365026473999,0.9445967674255371,0.0,0.0,0.0,1.0,1.0
SNPT-158,13,38,1,278.0,123.58573150634766,-6.3056135177612305,123.42475891113281,1.1324862241744995,0.8861398696899414,0.9564510583877563,0.0,0.0,0.0,1.0,1.0
SNPT-157,9,39,1,288.0,148.25924682617188,132.82589721679688,65.86412811279297,0.8186243772506714,0.9062973260879517,0.9836540222167969,1.0,0.0,0.0,1.0,1.0
SNPT-160,18,32,0,241.0,1900.3955078125,1897.550537109375,-103.94792175292969,1.3386688232421875,0.7017905116081238,0.9345833659172058,0.0,1.0,1.0,0.0,1.0
SNPT-107,11,31,0,246.0,143.95040893554688,-0.003451704978942871,-143.95040893554688,1.214250087738037,0.7894280552864075,0.9800699353218079,0.0,0.0,0.0,1.0,1.0
SNPT-151,18,26,0,6.0,1904.2830810546875,1902.496826171875,-82.46039581298828,1.4342271089553833,0.6125746965408325,0.9237449169158936,0.0,0.0,0.0,0.0,1.0
SNPT-111,34,27,0,72.0,240.42002868652344,-3.4905929565429688,240.39468383789062,0.6440662145614624,0.6316429972648621,0.8246627449989319,0.0,0.0,0.0,0.0,1.0
SNPT-063,3,38,1,297.0,17.264230728149414,-16.13491439819336,6.141511917114258,0.8147500157356262,0.8764559030532837,0.9439674019813538,1.0,0.0,0.0,1.0,1.0
SNPT-159,24,48,0,263.0,229.8388214111328,-1.2503987550735474,-229.83541870117188,1.6424380540847778,0.7857335805892944,0.8595991134643555,0.0,0.0,0.0,1.0,1.0
SNPT-074,2,23,0,32.0,158.03562927246094,12.21130657196045,-157.56314086914062,1.0380406379699707,0.7258630394935608,0.9604325294494629,0.0,0.0,0.0,0.0,1.0
SNPT-114,9,28,0,274.0,1868.1134033203125,-1867.2894287109375,-55.47969436645508,1.224500060081482,0.6632682085037231,0.8953995108604431,0.0,0.0,0.0,0.0,1.0
SNPT-115,16,23,1,90.0,34.63103103637695,-4.437592029571533,34.34553909301758,1.2813671827316284,0.9386213421821594,0.9823715090751648,1.0,0.0,1.0,1.0,1.0
SNPT-107,7,33,1,315.0,127.46641540527344,21.011186599731445,125.7227783203125,0.8108826875686646,0.8370064496994019,0.9566971063613892,0.0,0.0,0.0,1.0,1.0
SNPT-108,14,36,1,302.0,52.61515808105469,-0.7885743975639343,52.60924530029297,1.3041009902954102,0.7515572309494019,0.9741557240486145,0.0,0.0,0.0,1.0,1.0
SNPT-111,10,39,1,55.0,27.996868133544922,16.84616470336914,22.36138153076172,0.9084616303443909,0.8603892922401428,0.974917471408844,0.0,0.0,0.0,1.0,1.0
SNPT-154,8,21,0,54.0,1886.9144287109375,1886.73974609375,-25.672611236572266,1.3065539598464966,0.8664517402648926,0.9508584141731262,0.0,1.0,0.0,1.0,0.0
SNPT-154,17,29,0,1.0,1792.470947265625,-1780.2974853515625,208.55015563964844,0.6395847797393799,0.6975594758987427,0.9335435628890991,0.0,0.0,0.0,0.0,1.0
SNPT-157,8,35,0,560.0,297.4946594238281,-8.390246391296387,297.3763122558594,0.4382583498954773,0.6532553434371948,0.8857147693634033,0.0,0.0,0.0,0.0,0.0
SNPT-106,6,25,0,497.0,24.088703155517578,7.324812412261963,-22.948043823242188,1.0769753456115723,0.7651310563087463,0.9146758317947388,0.0,0.0,0.0,0.0,1.0
SNPT-161,21,28,0,76.0,300.4325866699219,3.058131694793701,300.4170227050781,0.48927032947540283,0.6357457637786865,0.8788369297981262,0.0,0.0,0.0,1.0,1.0
SNPT-105,16,28,0,314.0,1895.8621826171875,-1895.8416748046875,8.794757843017578,0.6605612635612488,0.6094872355461121,0.9309992790222168,0.0,0.0,0.0,0.0,1.0
SNPT-101,8,24,0,288.0,498.3304748535156,2.138690710067749,498.32586669921875,0.6044760942459106,0.570432186126709,0.9325842261314392,0.0,0.0,0.0,0.0,1.0
SNPT-101,7,38,0,625.0,1923.9991455078125,-1906.8187255859375,256.544189453125,0.6910292506217957,0.7559390068054199,0.87276291847229,0.0,0.0,0.0,1.0,1.0
SNPT-071,18,29,0,237.0,1882.57568359375,-1879.111328125,114.15624237060547,0.7164223194122314,0.668867290019989,0.9004226326942444,0.0,0.0,0.0,0.0,1.0
SNPT-066,30,38,1,3.0,44.715274810791016,-44.00495529174805,7.938508987426758,0.5929881930351257,0.9089579582214355,0.9670416712760925,0.0,1.0,1.0,1.0,1.0
SNPT-061,19,34,0,108.0,47.1810302734375,-1.7212241888046265,-47.14962387084961,0.9433977007865906,0.926429033279419,0.9950699806213379,0.0,0.0,0.0,1.0,1.0
SNPT-161,16,33,0,441.0,1914.396484375,1872.2569580078125,-399.4595642089844,1.7338149547576904,0.7852149605751038,0.9530783891677856,0.0,0.0,0.0,1.0,1.0
SNPT-071,7,25,0,1.0,41.2264518737793,31.624969482421875,26.44771385192871,0.7480526566505432,0.9296479225158691,0.9821287393569946,0.0,1.0,1.0,1.0,1.0
SNPT-068,16,21,0,139.0,87.18531036376953,14.945121765136719,85.89482879638672,0.7893382906913757,0.7859117984771729,0.886530339717865,0.0,0.0,0.0,0.0,0.0
SNPT-064,9,29,1,125.0,57.47639465332031,54.242923736572266,-19.0063419342041,1.6037110090255737,0.9183984994888306,0.9781597852706909,0.0,0.0,0.0,1.0,1.0
SNPT-110,15,34,0,526.0,1906.2305908203125,1902.153564453125,-124.60691833496094,0.7803787589073181,0.6612426042556763,0.9634189009666443,0.0,0.0,0.0,1.0,1.0
SNPT-163,5,32,1,294.0,51.22654724121094,-1.1397786140441895,-51.213863372802734,1.2595890760421753,0.7542893886566162,0.9518561363220215,0.0,0.0,0.0,1.0,1.0
SNPT-159,9,55,0,319.0,94.19991302490234,-4.639833450317383,94.08557891845703,0.8309497833251953,0.6042728424072266,0.8602501749992371,0.0,1.0,1.0,0.0,1.0
SNPT-154,17,34,0,152.0,118.90946960449219,98.2025375366211,67.05016326904297,0.8121949434280396,0.7271246910095215,0.9773781299591064,0.0,0.0,0.0,1.0,1.0
SNPT-077,26,28,0,371.0,72.41183471679688,-2.5382940769195557,-72.3673324584961,0.7668946385383606,0.8193989396095276,0.971346378326416,0.0,1.0,0.0,1.0,1.0
SNPT-061,18,35,1,243.0,64.87175750732422,-19.4405574798584,61.89030456542969,1.1742135286331177,0.8928498029708862,0.9740369319915771,0.0,0.0,0.0,1.0,1.0
SNPT-154,26,54,1,61.0,20.889793395996094,17.714859008789062,11.07100772857666,1.1055878400802612,0.9027600288391113,0.9596576690673828,0.0,0.0,0.0,1.0,1.0
SNPT-106,3,29,0,16.0,1907.8443603515625,1894.539794921875,224.92042541503906,0.5143537521362305,0.6561182141304016,0.8523340821266174,0.0,0.0,0.0,0.0,1.0
SNPT-164,3,28,0,194.0,1899.6064453125,1898.787109375,55.7892951965332,0.7284983992576599,0.5930299162864685,0.9113553762435913,0.0,0.0,0.0,0.0,1.0
SNPT-166,21,28,0,149.0,62.338768005371094,-3.2539026737213135,62.253787994384766,0.7507683634757996,0.7059791088104248,0.943162202835083,0.0,0.0,0.0,0.0,1.0
SNPT-066,20,40,0,444.0,1863.4288330078125,-1863.32421875,-19.752418518066406,0.9226385354995728,0.8124574422836304,0.9649432301521301,0.0,1.0,1.0,0.0,1.0
SNPT-060,16,35,0,184.0,93.8896255493164,46.34589767456055,-81.65365600585938,0.892254650592804,0.6948180794715881,0.9607813954353333,0.0,0.0,0.0,0.0,1.0
SNPT-159,5,41,1,194.0,322.04022216796875,1.8917821645736694,-322.03466796875,1.818268895149231,0.896223783493042,0.9793992638587952,0.0,0.0,0.0,1.0,1.0
SNPT-099,1,17,0,237.0,62.6877555847168,13.506558418273926,61.21541976928711,1.0081788301467896,0.8262925148010254,0.9800241589546204,0.0,0.0,0.0,1.0,1.0
SNPT-164,28,35,0,91.0,77.4347915649414,7.455300331115723,-77.07505798339844,1.0557650327682495,0.802026629447937,0.9820764660835266,0.0,0.0,0.0,1.0,1.0
SNPT-164,1,30,0,303.0,1901.396240234375,1900.91455078125,-42.79877471923828,1.1268739700317383,0.669619083404541,0.9104065299034119,0.0,1.0,1.0,0.0,1.0
SNPT-108,3,37,0,627.0,1909.946533203125,1906.3336181640625,-117.4222640991211,1.0805022716522217,0.5591771602630615,0.8972699642181396,0.0,1.0,0.0,0.0,1.0
SNPT-159,24,49,0,281.0,1922.517578125,-1893.7503662109375,-331.3354187011719,2.1191835403442383,0.6274620294570923,0.8630579710006714,0.0,0.0,0.0,0.0,1.0
SNPT-101,12,31,0,308.0,125.3840103149414,-5.332154273986816,125.27057647705078,0.8211215734481812,0.6371781826019287,0.9068351984024048,0.0,0.0,0.0,0.0,1.0
SNPT-064,20,33,0,153.0,57.60941696166992,16.955066680908203,55.057884216308594,1.4174281358718872,0.8803160190582275,0.9670932292938232,0.0,1.0,1.0,1.0,1.0
SNPT-107,25,36,0,23.0,1900.3734130859375,-1899.77587890625,-47.656455993652344,0.7883882522583008,0.5604836940765381,0.8922407031059265,0.0,0.0,0.0,0.0,1.0
SNPT-071,7,27,0,96.0,518.3214721679688,503.6249694824219,-122.55228424072266,0.8425501585006714,0.7030776143074036,0.9178080558776855,0.0,1.0,1.0,1.0,1.0
SNPT-100,20,23,0,41.0,1894.545166015625,1893.2894287109375,68.9676284790039,0.980202853679657,0.7973905205726624,0.9424601197242737,0.0,1.0,1.0,1.0,0.0
SNPT-102,3,28,0,310.0,391.48297119140625,-0.2944889962673187,391.4828796386719,0.5068157315254211,0.6700604557991028,0.8770134449005127,0.0,1.0,1.0,0.0,1.0
SNPT-164,2,33,0,197.0,1914.2373046875,1905.737548828125,-180.19189453125,2.0539162158966064,0.6798344850540161,0.9133541584014893,0.0,0.0,0.0,0.0,1.0
SNPT-164,2,32,1,117.0,271.8218994140625,2.737531900405884,271.80810546875,0.7185125946998596,0.8848370313644409,0.9490908980369568,1.0,0.0,1.0,1.0,1.0
SNPT-101,12,17,0,53.0,1904.3359375,-1904.3321533203125,3.770576000213623,0.9636412858963013,0.7561274766921997,0.9263262748718262,0.0,0.0,0.0,0.0,1.0
SNPT-070,6,25,1,125.0,21.221044540405273,-2.717580795288086,21.046316146850586,1.3757944107055664,0.9462631940841675,0.973203718662262,1.0,0.0,1.0,1.0,1.0
SNPT-112,3,16,1,53.0,312.3193054199219,-28.990060806274414,-310.970947265625,1.710544466972351,0.8182158470153809,0.9745493531227112,1.0,0.0,1.0,1.0,1.0
SNPT-105,17,23,1,101.0,39.96708679199219,-11.769062042236328,-38.19498825073242,0.7328732013702393,0.7523775696754456,0.9211764335632324,0.0,0.0,0.0,1.0,1.0
SNPT-158,18,25,0,116.0,52.68410110473633,16.24639129638672,50.11655807495117,0.79778653383255,0.7584332823753357,0.909873902797699,0.0,0.0,0.0,0.0,1.0
SNPT-098,11,30,1,184.0,135.94342041015625,2.952178478240967,135.91136169433594,0.7732638120651245,0.8766891956329346,0.9757469296455383,1.0,0.0,1.0,1.0,1.0
SNPT-063,9,42,1,537.0,61.070499420166016,-8.215803146362305,-60.51533889770508,1.2629997730255127,0.8384647369384766,0.9721267819404602,0.0,0.0,0.0,1.0,1.0
SNPT-070,5,18,0,67.0,1887.09033203125,1887.084716796875,4.5742411613464355,1.5562978982925415,0.9081521034240723,0.9303127527236938,0.0,1.0,1.0,1.0,1.0
SNPT-168,14,26,0,391.0,119.5657958984375,-33.91060256958008,114.6562271118164,1.1320436000823975,0.6886088252067566,0.9442959427833557,0.0,0.0,0.0,1.0,1.0
SNPT-108,20,30,0,42.0,1875.933349609375,-1875.2669677734375,-49.99861145019531,0.9548073410987854,0.7811008095741272,0.9275859594345093,0.0,0.0,0.0,0.0,1.0
SNPT-097,7,24,1,125.0,61.43450927734375,-3.586897134780884,61.329708099365234,0.8724767565727234,0.9135717153549194,0.9837521314620972,1.0,0.0,1.0,1.0,1.0
SNPT-168,18,24,0,249.0,1897.8983154296875,1897.3046875,47.464027404785156,0.809630274772644,0.6925286054611206,0.950035810470581,0.0,0.0,0.0,0.0,1.0
SNPT-062,20,24,1,279.0,47.351806640625,10.888182640075684,46.082977294921875,0.9362149238586426,0.9704902172088623,0.9756811857223511,0.0,0.0,0.0,1.0,1.0
SNPT-105,26,34,0,319.0,131.50958251953125,0.595400869846344,131.50823974609375,0.5603352189064026,0.8860455751419067,0.9814430475234985,0.0,0.0,0.0,1.0,1.0
SNPT-159,8,44,1,195.0,189.21463012695312,-2.0241212844848633,-189.20379638671875,1.4093598127365112,0.762030839920044,0.9755837917327881,0.0,0.0,0.0,1.0,1.0
SNPT-168,18,21,0,101.0,73.12939453125,-3.6953070163726807,-73.03597259521484,0.8739636540412903,0.6639185547828674,0.9320633411407471,0.0,0.0,0.0,0.0,1.0
SNPT-102,24,26,1,116.0,31.740564346313477,2.694974660873413,31.625946044921875,1.0365029573440552,0.9485516548156738,0.9877347946166992,0.0,0.0,0.0,1.0,1.0
SNPT-072,4,32,0,141.0,306.32958984375,-7.7107038497924805,306.2325439453125,0.4887774884700775,0.7462507486343384,0.9381218552589417,0.0,0.0,0.0,0.0,1.0
SNPT-154,10,23,1,90.0,82.58232116699219,-2.613339900970459,82.54095458984375,0.9924852252006531,0.9307804703712463,0.9643112421035767,0.0,0.0,0.0,1.0,1.0
SNPT-154,8,29,0,133.0,72.36994171142578,12.239753723144531,71.32738494873047,1.079652190208435,0.7820308804512024,0.9398131370544434,0.0,1.0,1.0,0.0,0.0
SNPT-060,14,36,1,149.0,17.057741165161133,-0.3801199793815613,-17.053504943847656,1.036311388015747,0.9324400424957275,0.9697657227516174,0.0,0.0,0.0,1.0,1.0
SNPT-069,1,22,1,297.0,46.4166259765625,-4.606563568115234,46.18747329711914,1.0542418956756592,0.8884338140487671,0.8462074995040894,0.0,0.0,0.0,1.0,1.0
SNPT-066,20,26,0,63.0,775.1061401367188,-771.82421875,-71.2524185180664,1.0123125314712524,0.9331520795822144,0.989445149898529,0.0,1.0,1.0,1.0,1.0
SNPT-111,12,28,0,389.0,1908.2733154296875,-1890.97900390625,-256.3312072753906,1.3818509578704834,0.6712291240692139,0.8727295398712158,0.0,0.0,0.0,0.0,1.0
SNPT-115,1,25,0,168.0,1943.5487060546875,1896.9117431640625,-423.2108154296875,2.3501181602478027,0.6545299291610718,0.8287392854690552,0.0,1.0,0.0,1.0,1.0
SNPT-163,12,34,1,292.0,73.46824645996094,-57.031707763671875,46.31379699707031,0.9438744187355042,0.8419663310050964,0.9844278693199158,1.0,0.0,1.0,1.0,1.0
SNPT-101,9,27,1,107.0,11.221902847290039,-1.0212221145629883,-11.175338745117188,1.0345176458358765,0.9537379145622253,0.9941297769546509,1.0,0.0,1.0,1.0,1.0
SNPT-160,20,32,0,137.0,123.92971801757812,-7.307557106018066,123.71408081054688,0.8096380829811096,0.7571291327476501,0.9472829699516296,0.0,0.0,0.0,1.0,1.0
SNPT-166,6,30,0,121.0,16.913366317749023,4.809822082519531,16.215042114257812,0.7034608125686646,0.7165918946266174,0.9349349141120911,0.0,0.0,0.0,0.0,1.0
SNPT-101,8,37,1,612.0,1899.8558349609375,-1897.361328125,97.32587432861328,0.9439764022827148,0.8321369290351868,0.9376771450042725,0.0,0.0,0.0,1.0,1.0
SNPT-105,3,29,0,203.0,283.01519775390625,6.439648628234863,-282.9419250488281,0.9109145402908325,0.7752201557159424,0.9697418212890625,0.0,0.0,0.0,1.0,1.0
SNPT-063,30,41,0,83.0,116.639404296875,83.66471862792969,-81.27094268798828,1.0738829374313354,0.6934979557991028,0.953894317150116,0.0,0.0,0.0,0.0,1.0
SNPT-107,12,35,1,387.0,159.6302947998047,15.59240436553955,158.86695861816406,0.8418238162994385,0.8250417113304138,0.9687962532043457,0.0,1.0,1.0,1.0,0.0
SNPT-164,1,32,0,356.0,280.708984375,-2.0854623317718506,280.70123291015625,0.637067437171936,0.67064368724823,0.9085261821746826,0.0,1.0,1.0,1.0,1.0
SNPT-066,11,23,1,110.0,187.605712890625,-126.3063735961914,138.7177276611328,1.160306453704834,0.8669933080673218,0.9707832336425781,0.0,0.0,0.0,1.0,1.0
SNPT-067,10,31,0,229.0,295.8904724121094,105.9417495727539,276.27435302734375,0.7487465739250183,0.7124043107032776,0.9475007057189941,0.0,0.0,0.0,0.0,1.0
SNPT-166,17,30,0,134.0,215.3914031982422,7.018943786621094,-215.27700805664062,1.4481620788574219,0.8931517004966736,0.9587785005569458,0.0,0.0,0.0,1.0,1.0
SNPT-110,13,29,0,432.0,23.03497886657715,-3.836296319961548,-22.713281631469727,0.7433124780654907,0.6490373611450195,0.9316098093986511,0.0,1.0,1.0,0.0,1.0
SNPT-073,18,25,1,141.0,76.30350494384766,-0.4531744122505188,76.30215454101562,0.7780896425247192,0.952648401260376,0.9770113229751587,0.0,0.0,0.0,1.0,1.0
SNPT-154,2,44,0,422.0,94.87637329101562,28.318824768066406,90.55148315429688,1.0765587091445923,0.7111627459526062,0.9162854552268982,0.0,0.0,0.0,0.0,1.0
SNPT-109,2,33,0,266.0,29.9078369140625,-19.307804107666016,22.840476989746094,0.8905442953109741,0.5956779718399048,0.906571090221405,0.0,0.0,0.0,0.0,1.0
SNPT-102,11,25,0,181.0,61.654136657714844,2.030856132507324,61.62067794799805,0.5994740128517151,0.6621494293212891,0.8721885085105896,0.0,1.0,0.0,0.0,1.0
SNPT-163,14,33,1,277.0,151.95864868164062,-124.08500671386719,87.7174072265625,0.9849927425384521,0.8283735513687134,0.9829376339912415,0.0,0.0,0.0,1.0,1.0
SNPT-102,5,29,0,344.0,230.9461669921875,-6.997150421142578,-230.8401336669922,1.4035484790802002,0.6146955490112305,0.9269262552261353,0.0,0.0,0.0,0.0,1.0
SNPT-153,20,27,0,14.0,1906.3619384765625,1894.010986328125,-216.65264892578125,1.847447395324707,0.6657522916793823,0.9388378858566284,0.0,0.0,0.0,0.0,1.0
SNPT-151,12,22,1,134.0,12.004676818847656,-11.562792778015137,3.227085590362549,1.1681350469589233,0.8543541431427002,0.9876545667648315,0.0,0.0,0.0,1.0,1.0
SNPT-162,23,39,0,190.0,5.054884433746338,0.3856172263622284,5.040154457092285,1.0177863836288452,0.8656033277511597,0.9816200733184814,0.0,1.0,1.0,1.0,1.0
SNPT-170,35,34,0,627.0,611.2994384765625,611.0473022460938,17.555099487304688,1.7991122007369995,0.6837643384933472,0.8369841575622559,0.0,0.0,0.0,0.0,1.0
SNPT-073,19,35,0,339.0,37.182647705078125,-0.18146483600139618,-37.18220520019531,1.0751711130142212,0.8936697840690613,0.9855384826660156,0.0,0.0,0.0,1.0,1.0
SNPT-060,12,26,0,203.0,104.37442779541016,-34.92787551879883,98.35681915283203,0.8140923380851746,0.8316856622695923,0.9905396103858948,0.0,0.0,0.0,1.0,1.0
SNPT-068,12,34,1,149.0,361.8614196777344,-0.10715265572071075,-361.86138916015625,0.8158204555511475,0.8872083425521851,0.9832987785339355,0.0,0.0,0.0,1.0,1.0
SNPT-154,10,46,1,433.0,10.766937255859375,3.886660099029541,10.0409574508667,1.661268711090088,0.831167459487915,0.9386005401611328,0.0,0.0,0.0,0.0,0.0
SNPT-154,10,26,0,96.0,85.30917358398438,23.386659622192383,82.04095458984375,0.880341112613678,0.9046003818511963,0.9814828038215637,0.0,1.0,1.0,1.0,1.0
SNPT-162,8,36,1,266.0,1911.6170654296875,1896.999755859375,235.94839477539062,1.1410062313079834,0.9399903416633606,0.9772355556488037,0.0,1.0,0.0,1.0,1.0
SNPT-067,8,32,0,227.0,80.64840698242188,0.2549879848957062,-80.64800262451172,1.0665620565414429,0.9077576398849487,0.9663538336753845,0.0,0.0,0.0,0.0,0.0
SNPT-070,9,27,0,404.0,36.560245513916016,11.615991592407227,34.66584014892578,1.4297243356704712,0.7551875114440918,0.9604269862174988,0.0,0.0,0.0,1.0,1.0
SNPT-072,23,24,1,69.0,1.4703068733215332,-0.9463869333267212,1.1252350807189941,0.6440656185150146,0.6996760964393616,0.8791298270225525,0.0,0.0,0.0,0.0,1.0
SNPT-065,18,26,1,55.0,18.5480899810791,17.89872169494629,-4.8649163246154785,0.7845539450645447,0.9697822332382202,0.9705343246459961,1.0,0.0,1.0,1.0,1.0
SNPT-107,18,26,0,439.0,1897.8116455078125,-1897.809814453125,2.6740310192108154,0.9192398190498352,0.7223412990570068,0.9170325398445129,0.0,0.0,0.0,0.0,1.0
SNPT-151,2,31,0,203.0,39.44349670410156,-33.4174919128418,20.953777313232422,1.2369036674499512,0.7328589558601379,0.9057114720344543,0.0,1.0,1.0,0.0,1.0
SNPT-159,10,43,0,306.0,1907.6214599609375,1906.7242431640625,-58.50034713745117,0.9040324091911316,0.6388688087463379,0.928878903388977,0.0,0.0,0.0,0.0,1.0
SNPT-109,12,33,0,480.0,54.699337005615234,7.735867023468018,54.14955139160156,0.8215057253837585,0.7225286960601807,0.924278974533081,0.0,0.0,0.0,1.0,1.0
SNPT-169,3,37,0,265.0,1906.93212890625,-1906.2020263671875,-52.76140213012695,1.412063717842102,0.6644246578216553,0.9369514584541321,0.0,0.0,0.0,1.0,1.0
SNPT-062,1,30,0,383.0,1927.1563720703125,1894.218994140625,-354.7755432128906,1.2032550573349,0.8467460870742798,0.8942722082138062,0.0,0.0,0.0,0.0,1.0
SNPT-109,4,33,0,7.0,1886.027099609375,-1886.009521484375,-8.150049209594727,0.9334400296211243,0.6263553500175476,0.9041146636009216,0.0,0.0,0.0,0.0,1.0
SNPT-111,1,20,0,155.0,856.5941772460938,-619.811279296875,-591.2593383789062,0.26068535447120667,0.6011843085289001,0.8753959536552429,0.0,0.0,0.0,0.0,1.0
SNPT-111,39,31,0,302.0,5.996335506439209,2.393720865249634,-5.497830390930176,1.1018643379211426,0.7463275194168091,0.9250187873840332,0.0,0.0,0.0,0.0,1.0
SNPT-159,55,46,0,124.0,680.6194458007812,5.993950366973877,-680.593017578125,2.145517349243164,0.7554904222488403,0.9332091212272644,0.0,0.0,0.0,0.0,1.0
SNPT-154,5,47,0,328.0,1798.6112060546875,-1796.7786865234375,81.17169952392578,1.1138893365859985,0.8890857100486755,0.9781156182289124,0.0,0.0,0.0,1.0,1.0
SNPT-101,25,39,1,262.0,64.05615234375,0.18653693795204163,64.0558853149414,0.9899045825004578,0.9506481885910034,0.9749819040298462,0.0,0.0,0.0,1.0,1.0
SNPT-164,9,31,1,127.0,223.1404571533203,6.923029899597168,223.0330352783203,0.942141592502594,0.9232754111289978,0.9593936800956726,1.0,0.0,1.0,1.0,1.0
SNPT-109,18,31,1,186.0,90.35728454589844,-10.936330795288086,89.69300842285156,0.7987456321716309,0.777567982673645,0.9540503025054932,0.0,0.0,0.0,0.0,0.0
SNPT-063,45,44,0,66.0,71.84722137451172,-2.210507869720459,71.8132095336914,1.0863161087036133,0.7047430872917175,0.9704136252403259,0.0,0.0,0.0,0.0,1.0
SNPT-112,10,15,1,145.0,34.07805252075195,-4.929073333740234,33.719696044921875,1.0259974002838135,0.9375408887863159,0.9890828728675842,1.0,0.0,1.0,1.0,1.0
SNPT-162,10,38,0,191.0,135.26034545898438,-4.920456886291504,135.17080688476562,0.9713243842124939,0.6527366042137146,0.9325211048126221,0.0,1.0,1.0,0.0,1.0
SNPT-170,3,26,0,2.0,1325.2003173828125,-1315.93115234375,156.46376037597656,0.7437267303466797,0.8518341779708862,0.992810070514679,0.0,0.0,0.0,1.0,1.0
SNPT-103,20,25,0,48.0,453.69970703125,-8.037750244140625,453.6285095214844,0.7012787461280823,0.6771385669708252,0.8915592432022095,0.0,1.0,0.0,0.0,1.0
SNPT-075,3,26,0,317.0,190.53421020507812,-10.660964965820312,190.2357177734375,1.3056763410568237,0.7997171878814697,0.9419369697570801,0.0,1.0,1.0,1.0,1.0
SNPT-101,14,38,0,499.0,204.13011169433594,-10.046698570251465,-203.8827362060547,1.280905842781067,0.9232696890830994,0.903390645980835,0.0,1.0,1.0,1.0,1.0
SNPT-151,12,34,0,176.0,366.7857971191406,-6.562792778015137,366.7270812988281,0.8686700463294983,0.6742802858352661,0.9475630521774292,1.0,0.0,1.0,0.0,1.0
SNPT-154,24,45,1,105.0,55.74106979370117,-0.05526627227663994,55.74104309082031,1.0920116901397705,0.8873237371444702,0.9768521785736084,0.0,0.0,0.0,1.0,1.0
SNPT-161,10,38,0,674.0,1944.1416015625,1891.3382568359375,-450.0291748046875,1.4927737712860107,0.7547879219055176,0.9782710671424866,0.0,0.0,0.0,1.0,1.0
SNPT-153,2,21,0,153.0,1909.33984375,1901.469970703125,173.17868041992188,1.0269646644592285,0.6398410201072693,0.8997915387153625,0.0,1.0,1.0,1.0,1.0
SNPT-072,12,25,0,182.0,46.74535369873047,6.7840447425842285,46.250457763671875,0.9577913284301758,0.8697654008865356,0.9780789613723755,0.0,1.0,0.0,1.0,1.0
SNPT-074,3,25,0,296.0,103.71422576904297,94.89855194091797,41.84381866455078,0.829619824886322,0.8235716819763184,0.9920318722724915,0.0,1.0,0.0,1.0,1.0
SNPT-114,10,23,1,169.0,20.26445770263672,-2.0272347927093506,-20.16280174255371,0.997974157333374,0.9392256736755371,0.8806416392326355,0.0,0.0,0.0,1.0,1.0
SNPT-113,11,34,0,393.0,110.44566345214844,-10.980478286743164,-109.89846801757812,1.6968036890029907,0.4521176218986511,0.8935055136680603,0.0,0.0,0.0,0.0,1.0
SNPT-103,29,9,0,52.0,142.1529998779297,-2.5832996368408203,142.12953186035156,1.2468514442443848,0.7228438854217529,0.9155943393707275,0.0,0.0,0.0,0.0,1.0
SNPT-073,14,37,1,305.0,156.6360626220703,9.435416221618652,156.35162353515625,0.9244221448898315,0.8702594041824341,0.9890844225883484,0.0,0.0,0.0,1.0,1.0
SNPT-098,2,29,0,440.0,1896.7340087890625,-1895.9774169921875,53.56711959838867,0.6752603650093079,0.6650505065917969,0.9662850499153137,0.0,0.0,0.0,1.0,1.0
SNPT-158,7,29,0,205.0,221.8776397705078,-8.739774703979492,221.7054443359375,0.5139108300209045,0.6043930649757385,0.9314072132110596,0.0,0.0,0.0,1.0,1.0
SNPT-164,1,23,1,68.0,46.772735595703125,-2.5854623317718506,46.70122528076172,1.0437413454055786,0.8530791997909546,0.9909647703170776,1.0,0.0,1.0,1.0,1.0
SNPT-159,34,49,0,270.0,1902.2991943359375,-1898.9285888671875,-113.19036102294922,1.0798338651657104,0.6107274293899536,0.908524215221405,0.0,0.0,0.0,0.0,1.0
SNPT-114,1,32,0,464.0,1925.190673828125,1886.9342041015625,381.8882141113281,0.8646108508110046,0.6327232122421265,0.8605110049247742,0.0,1.0,1.0,0.0,1.0
SNPT-103,22,25,0,37.0,476.07769775390625,2.2666618824005127,476.0722961425781,0.5547544956207275,0.6511531472206116,0.954098641872406,0.0,0.0,0.0,1.0,1.0
SNPT-063,10,44,1,468.0,15.978873252868652,0.10116985440254211,-15.97855281829834,1.3450669050216675,0.9066978693008423,0.9887022972106934,0.0,0.0,0.0,1.0,1.0
SNPT-101,14,21,0,61.0,387.8910827636719,-2.546698570251465,-387.8827209472656,1.7756669521331787,0.6003475189208984,0.8993043899536133,0.0,0.0,0.0,0.0,1.0
SNPT-170,4,33,0,314.0,136.35606384277344,57.4442024230957,123.6654281616211,0.6884565353393555,0.717174768447876,0.9788155555725098,0.0,0.0,0.0,1.0,1.0
SNPT-111,2,34,0,218.0,291.6849670410156,11.339822769165039,-291.4644470214844,2.1878278255462646,0.702046275138855,0.7541767954826355,0.0,0.0,0.0,1.0,1.0
SNPT-105,16,26,0,117.0,1365.9189453125,-1359.8416748046875,-128.7052459716797,1.2145417928695679,0.6508764624595642,0.9274017810821533,0.0,0.0,0.0,0.0,1.0
SNPT-063,13,43,1,525.0,77.33819580078125,9.163138389587402,-76.79344940185547,1.3011542558670044,0.9403122067451477,0.9674519896507263,0.0,0.0,0.0,1.0,1.0
SNPT-099,14,25,0,170.0,352.7938537597656,17.881622314453125,352.34039306640625,0.6918179988861084,0.8051649332046509,0.9307301044464111,0.0,1.0,1.0,1.0,1.0
SNPT-168,22,26,1,171.0,33.04652786254883,-4.748502254486084,-32.703590393066406,1.6318262815475464,0.7961846590042114,0.9532453417778015,0.0,0.0,0.0,1.0,1.0
SNPT-098,1,33,0,274.0,404.58026123046875,-394.1786193847656,-91.15039825439453,0.6015650033950806,0.871715784072876,0.9598345160484314,0.0,1.0,1.0,1.0,1.0
SNPT-068,4,36,0,492.0,8.432616233825684,-4.642661094665527,7.039511203765869,0.6346129179000854,0.7222570180892944,0.9105942845344543,0.0,0.0,0.0,1.0,1.0
SNPT-066,5,40,0,372.0,1132.4830322265625,-1132.480712890625,2.312809944152832,1.1446857452392578,0.9397655725479126,0.976262092590332,0.0,1.0,1.0,1.0,1.0
SNPT-099,4,28,0,248.0,182.61929321289062,-0.42173656821250916,182.61880493164062,0.6795903444290161,0.5965573787689209,0.8960352540016174,0.0,1.0,1.0,0.0,1.0
SNPT-107,16,34,0,274.0,122.44022369384766,24.500782012939453,119.96382141113281,0.5245945453643799,0.7058830261230469,0.9691758155822754,0.0,0.0,0.0,1.0,1.0
SNPT-105,12,32,1,56.0,130.94232177734375,-0.40725383162498474,130.9416961669922,0.9473010301589966,0.9453364610671997,0.9815028309822083,1.0,0.0,1.0,1.0,1.0
SNPT-106,6,16,1,92.0,17.777816772460938,2.824812412261963,17.551956176757812,1.3465834856033325,0.8306806087493896,0.970067024230957,0.0,0.0,0.0,1.0,0.0
SNPT-060,12,25,0,197.0,84.92603302001953,-3.4278740882873535,84.85681915283203,0.8719351887702942,0.7387967109680176,0.9693788886070251,0.0,1.0,1.0,0.0,1.0
SNPT-154,28,48,0,149.0,132.4639892578125,2.66288161277771,132.43722534179688,1.1873784065246582,0.6612629890441895,0.9049625396728516,0.0,1.0,1.0,0.0,1.0
SNPT-162,7,33,0,165.0,155.6754608154297,0.7124602198600769,-155.673828125,1.3124325275421143,0.7167348861694336,0.9271011352539062,0.0,0.0,0.0,0.0,1.0
SNPT-109,3,32,1,213.0,198.7605438232422,6.180669784545898,198.66441345214844,0.6853131055831909,0.8505868315696716,0.9683936238288879,1.0,0.0,1.0,1.0,0.0
SNPT-106,6,18,0,189.0,29.798444747924805,3.824812412261963,29.551956176757812,1.1112314462661743,0.7387383580207825,0.9578538537025452,0.0,0.0,0.0,1.0,1.0
SNPT-102,13,30,0,302.0,373.8316345214844,7.887155055999756,373.7484130859375,0.38434481620788574,0.452284574508667,0.8576212525367737,0.0,0.0,0.0,0.0,1.0
SNPT-151,18,29,0,16.0,1919.9241943359375,1898.496826171875,286.03961181640625,0.9299051761627197,0.555079460144043,0.980177104473114,0.0,1.0,0.0,1.0,1.0
SNPT-170,36,34,0,587.0,48.32891082763672,-0.9056307673454285,-48.3204231262207,1.4393181800842285,0.6330282688140869,0.9537556767463684,0.0,0.0,0.0,0.0,1.0
SNPT-060,5,25,1,269.0,46.726470947265625,-0.617290198802948,46.72239685058594,1.209468126296997,0.9131767749786377,0.9891924262046814,0.0,0.0,0.0,1.0,1.0
SNPT-109,14,33,0,592.0,1178.8260498046875,-1176.3787841796875,75.91939544677734,0.7747948169708252,0.7119427919387817,0.8609602451324463,0.0,0.0,0.0,1.0,1.0
SNPT-162,24,37,0,157.0,157.59158325195312,-1.1555235385894775,157.58734130859375,0.9103308320045471,0.7821025848388672,0.9765585064888,0.0,0.0,0.0,1.0,1.0
SNPT-066,29,39,1,64.0,126.592041015625,7.968784809112549,-126.34098052978516,0.8010748624801636,0.9770693778991699,0.9946860074996948,1.0,0.0,1.0,1.0,1.0
SNPT-159,11,42,0,192.0,269.9276123046875,-30.617612838745117,268.1855163574219,0.5870482921600342,0.777051568031311,0.9500477313995361,0.0,1.0,0.0,1.0,1.0
SNPT-164,15,29,0,279.0,638.5289306640625,623.0809936523438,139.6038818359375,0.937624990940094,0.6806696653366089,0.94448322057724,0.0,0.0,0.0,1.0,1.0
SNPT-071,26,28,1,94.0,112.5489501953125,16.67616844177246,-111.30665588378906,1.1186496019363403,0.8266857862472534,0.9596480131149292,0.0,0.0,0.0,1.0,1.0
SNPT-109,18,26,0,7.0,1866.9281005859375,1866.063720703125,-56.8069953918457,1.0924253463745117,0.7734636068344116,0.9610549211502075,0.0,0.0,0.0,0.0,0.0
SNPT-111,12,30,0,561.0,332.4860534667969,14.521014213562012,332.1687927246094,0.8031850457191467,0.8535680770874023,0.9269354939460754,1.0,0.0,0.0,1.0,1.0
SNPT-105,18,34,0,527.0,1897.0772705078125,-1896.94091796875,22.747861862182617,1.0887959003448486,0.712287187576294,0.9823623299598694,0.0,1.0,0.0,1.0,1.0
SNPT-164,3,36,1,460.0,15.881938934326172,-1.7129385471343994,15.789294242858887,0.9688234329223633,0.9282252788543701,0.9588868021965027,0.0,0.0,0.0,1.0,1.0
SNPT-067,2,33,1,251.0,82.10749816894531,6.114368915557861,81.87952423095703,0.8879706263542175,0.8927381038665771,0.9753007888793945,0.0,1.0,0.0,1.0,0.0
SNPT-154,12,34,0,238.0,1888.6202392578125,1888.531494140625,18.307762145996094,1.3087495565414429,0.8550459146499634,0.949934720993042,0.0,0.0,0.0,1.0,0.0
SNPT-159,33,46,0,256.0,164.54034423828125,29.13452911376953,-161.9404296875,1.300872564315796,0.7358733415603638,0.8959932327270508,0.0,0.0,0.0,0.0,1.0
SNPT-067,16,28,1,78.0,33.77876663208008,1.6102865934371948,33.740360260009766,0.8488175272941589,0.901606559753418,0.9647244215011597,0.0,0.0,0.0,1.0,1.0
SNPT-063,6,34,0,400.0,1893.198486328125,1891.3172607421875,-84.37574768066406,1.080650806427002,0.8050506711006165,0.9453493356704712,0.0,0.0,0.0,0.0,1.0
SNPT-114,27,29,0,25.0,1900.4227294921875,-1891.72412109375,-181.62217712402344,1.4383214712142944,0.857292115688324,0.8244099020957947,0.0,1.0,1.0,1.0,1.0
SNPT-151,15,19,0,182.0,186.9781951904297,1.7444589138031006,-186.9700469970703,1.4451565742492676,0.6178414821624756,0.92581707239151,0.0,0.0,0.0,0.0,1.0
SNPT-075,1,24,0,113.0,386.62799072265625,-8.788705825805664,-386.528076171875,1.793399691581726,0.8643009662628174,0.9231916666030884,0.0,0.0,0.0,1.0,1.0
SNPT-060,13,33,0,159.0,397.52374267578125,22.620712280273438,396.879638671875,0.40960410237312317,0.7577407956123352,0.9221595525741577,0.0,0.0,0.0,0.0,1.0
SNPT-159,4,25,0,1.0,18.68818473815918,-2.4651401042938232,-18.524883270263672,1.2358213663101196,0.7550458312034607,0.951797366142273,0.0,1.0,1.0,0.0,1.0
SNPT-101,11,40,0,439.0,1897.4744873046875,-1896.0078125,74.59175109863281,0.7083792686462402,0.6564562320709229,0.948388397693634,0.0,0.0,0.0,0.0,1.0
SNPT-105,12,34,0,188.0,1908.6744384765625,-1904.4072265625,-127.55831146240234,1.4933768510818481,0.8246288895606995,0.9386875033378601,0.0,1.0,0.0,1.0,1.0
SNPT-155,1,19,1,70.0,180.36915588378906,146.0637664794922,105.82252502441406,1.7798196077346802,0.9158870577812195,0.8995410799980164,1.0,0.0,1.0,1.0,1.0
SNPT-113,27,32,1,192.0,24.541595458984375,-2.072131872177124,24.453960418701172,0.964399516582489,0.9240206480026245,0.9839485883712769,0.0,0.0,0.0,1.0,1.0
SNPT-114,26,30,0,210.0,1909.6170654296875,-1884.1810302734375,-310.64337158203125,1.5060369968414307,0.6457063555717468,0.8342707753181458,0.0,0.0,0.0,0.0,1.0
SNPT-072,17,32,1,555.0,44.73242950439453,-7.866090297698975,-44.03538131713867,0.8658837080001831,0.844916820526123,0.9320607781410217,0.0,0.0,0.0,1.0,1.0
SNPT-108,3,20,0,92.0,230.6057891845703,23.333608627319336,-229.42225646972656,1.3005176782608032,0.8062870502471924,0.9825699329376221,0.0,0.0,0.0,1.0,1.0
SNPT-099,12,27,1,205.0,154.11834716796875,20.916934967041016,152.6923370361328,0.855614960193634,0.8988882303237915,0.9819291830062866,0.0,0.0,0.0,1.0,1.0
SNPT-069,10,25,1,169.0,71.61627197265625,-4.476361274719238,-71.47624206542969,0.7723483443260193,0.9082537293434143,0.970596969127655,0.0,0.0,0.0,1.0,1.0
SNPT-073,13,35,1,307.0,261.1539001464844,1.8305515050888062,261.1474609375,0.9664201736450195,0.9016269445419312,0.9831696152687073,0.0,0.0,0.0,1.0,1.0
SNPT-067,18,24,0,5.0,1898.56640625,-1898.10986328125,41.63555145263672,1.1533901691436768,0.6154825687408447,0.9146170020103455,0.0,0.0,0.0,1.0,1.0
SNPT-060,11,31,0,503.0,1859.2591552734375,-1859.2562255859375,3.253570318222046,1.137325644493103,0.8461756110191345,0.9656743407249451,0.0,0.0,0.0,0.0,1.0
SNPT-101,5,41,1,625.0,1894.0262451171875,-1893.681640625,36.1263313293457,0.8216457962989807,0.8876851797103882,0.9909995794296265,0.0,0.0,0.0,1.0,1.0
SNPT-060,1,24,0,210.0,566.7900390625,11.120283126831055,-566.680908203125,2.3796298503875732,0.7312914133071899,0.9204809665679932,0.0,0.0,0.0,0.0,1.0
SNPT-107,3,21,0,27.0,1899.0626220703125,1898.943115234375,-21.311904907226562,0.7190081477165222,0.647240400314331,0.9327049255371094,0.0,0.0,0.0,0.0,1.0
SNPT-163,26,35,0,29.0,1912.7783203125,-1875.7440185546875,374.5734558105469,0.4659656584262848,0.6358948349952698,0.8904849290847778,0.0,0.0,0.0,1.0,1.0
SNPT-105,19,21,1,95.0,82.76849365234375,-9.8512544631958,82.18014526367188,0.8483555316925049,0.8017675876617432,0.9454410672187805,0.0,0.0,0.0,1.0,1.0
SNPT-164,20,28,1,107.0,42.87539291381836,-5.003133296966553,-42.58248519897461,0.872938871383667,0.971072256565094,0.980640709400177,0.0,0.0,0.0,1.0,1.0
SNPT-069,6,25,0,166.0,29.792211532592773,-19.537559509277344,22.491323471069336,0.7258954048156738,0.7105251550674438,0.9408657550811768,0.0,0.0,0.0,0.0,1.0
SNPT-107,8,32,0,162.0,182.8018035888672,22.423778533935547,-181.42124938964844,0.8987857699394226,0.762467086315155,0.989300012588501,0.0,0.0,0.0,1.0,1.0
SNPT-073,2,26,0,94.0,26.938697814941406,-2.4870595932006836,26.823646545410156,0.7070134878158569,0.7547223567962646,0.955044686794281,0.0,0.0,0.0,0.0,1.0
SNPT-102,13,24,0,108.0,110.99766540527344,7.387155055999756,-110.75157928466797,0.7993386387825012,0.6082031726837158,0.9290265440940857,0.0,0.0,0.0,0.0,1.0
SNPT-169,40,43,0,306.0,36.66611862182617,-0.7584012746810913,-36.65827560424805,0.969986617565155,0.5870286822319031,0.933487057685852,0.0,0.0,0.0,0.0,1.0
SNPT-111,2,39,0,85.0,205.94326782226562,-0.5405572652816772,-205.94256591796875,1.359701156616211,0.7760320901870728,0.9041224122047424,0.0,0.0,0.0,1.0,1.0
SNPT-151,7,21,1,134.0,125.07427215576172,1.8283159732818604,-125.06090545654297,1.3075008392333984,0.8930063247680664,0.9369868636131287,0.0,0.0,0.0,1.0,1.0
SNPT-065,9,40,0,483.0,1871.68017578125,1870.50634765625,66.27873992919922,0.4775242507457733,0.8052980899810791,0.9472333192825317,0.0,1.0,0.0,1.0,1.0
SNPT-157,7,28,1,126.0,62.874244689941406,15.236553192138672,-61.00014877319336,0.8415969014167786,0.915002703666687,0.9808550477027893,0.0,0.0,0.0,1.0,1.0
SNPT-113,13,29,0,526.0,159.70562744140625,-20.289831161499023,158.41152954101562,0.8372151851654053,0.6990944743156433,0.9010492563247681,0.0,1.0,1.0,0.0,1.0
SNPT-103,9,22,1,61.0,29.282669067382812,-1.1690261363983154,-29.25932502746582,0.9677383899688721,0.8314669132232666,0.9661811590194702,0.0,0.0,0.0,1.0,1.0
SNPT-163,10,29,1,278.0,64.47113800048828,5.70688533782959,64.21805572509766,0.9364013671875,0.9457741975784302,0.9793738722801208,1.0,0.0,1.0,1.0,1.0
SNPT-072,24,31,0,114.0,1870.45654296875,-1870.0770263671875,37.673736572265625,0.8855687379837036,0.8071558475494385,0.9486226439476013,0.0,1.0,0.0,0.0,1.0
SNPT-063,14,44,0,533.0,149.32977294921875,-3.2290961742401123,-149.29486083984375,1.3538058996200562,0.7693008184432983,0.9573228359222412,0.0,0.0,0.0,0.0,1.0
SNPT-108,6,22,0,162.0,24.912757873535156,13.256706237792969,-21.092777252197266,0.7367422580718994,0.9099613428115845,0.9873473644256592,0.0,1.0,1.0,1.0,1.0
SNPT-105,2,28,0,106.0,36.54446029663086,2.899876356124878,-36.429222106933594,0.5990318655967712,0.671075165271759,0.9285305142402649,0.0,1.0,0.0,0.0,1.0
SNPT-154,1,31,0,142.0,129.62249755859375,7.902805805206299,129.38136291503906,0.8573688864707947,0.687049150466919,0.9233424067497253,0.0,0.0,0.0,0.0,1.0
SNPT-098,15,37,0,12.0,56.04805374145508,6.330843925476074,55.68935775756836,3.65147066116333,0.6766963005065918,0.8173418641090393,0.0,0.0,0.0,0.0,1.0
SNPT-101,6,32,1,340.0,114.7866439819336,-6.620280742645264,114.59557342529297,0.9970196485519409,0.904821515083313,0.9901449084281921,0.0,0.0,0.0,1.0,1.0
SNPT-159,34,44,0,196.0,177.24569702148438,-4.428640365600586,-177.19036865234375,1.3357975482940674,0.632598340511322,0.9258636832237244,0.0,0.0,0.0,0.0,1.0
SNPT-074,3,24,0,236.0,1890.1158447265625,1889.8985595703125,-28.656179428100586,0.6796640157699585,0.6177910566329956,0.9000217318534851,0.0,0.0,0.0,1.0,1.0
SNPT-168,17,21,0,97.0,23.45741844177246,2.2700698375701904,23.34731674194336,0.8595899939537048,0.8520582914352417,0.9833122491836548,0.0,0.0,0.0,1.0,0.0
SNPT-060,28,37,1,225.0,125.32813262939453,6.1366729736328125,125.17779541015625,0.8226804137229919,0.8831387758255005,0.9744544625282288,0.0,0.0,0.0,1.0,0.0
SNPT-063,22,43,1,93.0,17.67900276184082,-9.904561996459961,14.644001960754395,1.040183424949646,0.9348502159118652,0.9621383547782898,0.0,0.0,0.0,1.0,1.0
SNPT-154,3,35,0,315.0,1917.249755859375,1896.0384521484375,284.40289306640625,1.221930980682373,0.5808815956115723,0.9206590056419373,0.0,1.0,0.0,0.0,1.0
SNPT-154,12,27,1,82.0,114.23577880859375,14.531478881835938,113.3077621459961,1.038887619972229,0.9248818159103394,0.9666926860809326,0.0,1.0,1.0,0.0,0.0
SNPT-170,6,31,1,269.0,21.184486389160156,8.867674827575684,19.239198684692383,0.9350184202194214,0.7069568634033203,0.9819602370262146,0.0,0.0,0.0,1.0,1.0
SNPT-107,1,32,0,449.0,1937.72802734375,-1860.8145751953125,-540.5176391601562,1.8457456827163696,0.5904091596603394,0.7391896843910217,0.0,0.0,0.0,1.0,1.0
SNPT-108,3,15,0,69.0,204.76449584960938,11.833608627319336,-204.42225646972656,1.1745023727416992,0.8257985711097717,0.9738205075263977,0.0,0.0,0.0,1.0,1.0
SNPT-170,35,32,1,299.0,627.6051635742188,604.5473022460938,168.5550994873047,0.8118919134140015,0.8738869428634644,0.9681814312934875,1.0,0.0,1.0,1.0,1.0
SNPT-064,11,33,0,208.0,1902.2467041015625,1901.0673828125,-66.97056579589844,1.6885992288589478,0.8094041347503662,0.9327425956726074,0.0,1.0,1.0,1.0,1.0
SNPT-114,6,20,1,156.0,55.533355712890625,10.287091255187988,-54.57223892211914,1.111648440361023,0.8842134475708008,0.9455583095550537,0.0,0.0,0.0,1.0,1.0
SNPT-109,12,22,1,117.0,302.6578063964844,2.2358670234680176,302.6495361328125,0.7911412119865417,0.7977371215820312,0.9742565751075745,0.0,0.0,0.0,1.0,1.0
SNPT-169,3,43,0,424.0,148.87269592285156,-5.765981197357178,-148.760986328125,1.1345617771148682,0.8301851749420166,0.9676976799964905,0.0,0.0,0.0,1.0,1.0
SNPT-161,21,32,0,357.0,322.9175109863281,0.5581318140029907,322.9170227050781,0.46803903579711914,0.6137763261795044,0.906074583530426,0.0,0.0,0.0,1.0,1.0
SNPT-097,6,23,0,576.0,268.7354431152344,-0.631847083568573,268.7347106933594,0.9612810015678406,0.8081772327423096,0.9715995788574219,0.0,0.0,0.0,1.0,1.0
SNPT-064,16,33,1,402.0,34.43882369995117,-4.823163032531738,-34.09941101074219,1.6154277324676514,0.8942571878433228,0.9296904802322388,1.0,0.0,1.0,1.0,1.0
SNPT-066,43,44,0,34.0,116.7157974243164,-8.409470558166504,116.4124526977539,0.722443163394928,0.7897335290908813,0.9699440002441406,0.0,1.0,1.0,0.0,1.0
SNPT-072,26,33,0,243.0,48.9081916809082,4.717306613922119,48.6801643371582,0.8105811476707458,0.6654595136642456,0.8820445537567139,0.0,0.0,0.0,1.0,1.0
SNPT-162,7,40,0,185.0,258.2005310058594,3.7124602794647217,-258.173828125,1.4783499240875244,0.8110514283180237,0.9706949591636658,0.0,0.0,0.0,1.0,1.0
SNPT-162,11,36,0,3.0,1932.8660888671875,1893.2579345703125,389.2886657714844,0.9836733341217041,0.62003493309021,0.9384332299232483,0.0,1.0,0.0,0.0,1.0
SNPT-161,6,31,0,132.0,1903.0625,-1902.4749755859375,-47.286163330078125,1.1676878929138184,0.6090204119682312,0.9326554536819458,0.0,1.0,0.0,1.0,1.0
SNPT-162,19,31,0,292.0,914.7235107421875,856.7339477539062,320.509033203125,0.8653224110603333,0.7530573606491089,0.9215072989463806,0.0,0.0,0.0,0.0,0.0
SNPT-073,19,29,0,307.0,82.90577697753906,3.818535089492798,82.81779479980469,1.0865846872329712,0.8925528526306152,0.99116051197052,0.0,0.0,0.0,1.0,1.0
SNPT-170,8,29,0,126.0,330.8896179199219,-3.0663747787475586,-330.8753967285156,1.4067511558532715,0.7684626579284668,0.9242585897445679,0.0,0.0,0.0,1.0,1.0
SNPT-111,10,40,0,246.0,162.66775512695312,27.396242141723633,160.34413146972656,4.232303142547607,0.4972420334815979,0.8339326977729797,0.0,0.0,0.0,1.0,1.0
SNPT-072,12,22,0,78.0,1898.5159912109375,-1898.2159423828125,-33.749542236328125,1.251435399055481,0.7431959509849548,0.9201260805130005,0.0,1.0,0.0,0.0,1.0
SNPT-063,20,31,0,157.0,14.856477737426758,5.208487510681152,-13.91353988647461,1.014726161956787,0.849200427532196,0.9707503914833069,0.0,1.0,0.0,0.0,1.0
SNPT-153,12,24,1,106.0,46.845367431640625,1.850815773010254,46.80879211425781,0.971024215221405,0.8339383602142334,0.9327915906906128,1.0,0.0,1.0,1.0,1.0
SNPT-151,2,29,1,201.0,11.633227348327637,-3.9174904823303223,10.953777313232422,1.3157882690429688,0.8609098196029663,0.9268258213996887,1.0,0.0,0.0,1.0,1.0
SNPT-060,18,39,1,272.0,36.59795379638672,5.50769567489624,36.181148529052734,0.9360441565513611,0.9271823167800903,0.9525611996650696,0.0,0.0,0.0,1.0,1.0
SNPT-159,33,44,1,213.0,206.10411071777344,26.13452911376953,-204.4404296875,1.524946689605713,0.7466620802879333,0.9212497472763062,0.0,0.0,0.0,1.0,1.0
SNPT-111,23,25,0,43.0,1880.0931396484375,-1870.8104248046875,186.59750366210938,0.916992723941803,0.4797440469264984,0.8939727544784546,0.0,0.0,0.0,0.0,1.0
SNPT-170,9,30,1,98.0,839.586181640625,838.3145141601562,46.19257736206055,0.7096563577651978,0.8738394379615784,0.9263632893562317,0.0,0.0,0.0,1.0,1.0
SNPT-074,6,27,1,310.0,185.98751831054688,-24.546463012695312,184.360595703125,0.6366933584213257,0.9521889090538025,0.9816122651100159,1.0,0.0,1.0,1.0,1.0
SNPT-159,1,25,0,255.0,132.00277709960938,-4.596707820892334,-131.9227294921875,1.537901759147644,0.8092405796051025,0.935847282409668,0.0,1.0,1.0,1.0,1.0
SNPT-099,14,27,0,214.0,101.51841735839844,18.381622314453125,99.84040069580078,0.9984849095344543,0.681767463684082,0.9177060127258301,0.0,1.0,0.0,0.0,1.0
SNPT-160,5,28,0,350.0,41.080360412597656,5.122820854187012,40.75969314575195,1.638055682182312,0.7265850305557251,0.9390683770179749,0.0,0.0,0.0,1.0,1.0
SNPT-109,12,26,0,216.0,1886.6016845703125,1886.23583984375,37.14955139160156,0.9850446581840515,0.6457301378250122,0.9070417284965515,0.0,0.0,0.0,0.0,1.0
SNPT-161,10,22,0,2.0,1930.5205078125,1898.3382568359375,-351.0291748046875,1.2056912183761597,0.5973524451255798,0.8605629205703735,0.0,0.0,0.0,0.0,1.0
SNPT-159,1,29,1,334.0,3.5941343307495117,-1.0967077016830444,-3.4227230548858643,1.3208855390548706,0.8626405000686646,0.9207121729850769,0.0,0.0,0.0,0.0,1.0
SNPT-108,10,20,0,5.0,1888.0670166015625,-1887.7764892578125,33.118736267089844,0.684375524520874,0.7163312435150146,0.9450048208236694,0.0,0.0,0.0,0.0,1.0
SNPT-166,18,25,0,113.0,61.5743293762207,-4.216685771942139,-61.42977523803711,1.099698543548584,0.6749927401542664,0.9141080379486084,0.0,0.0,0.0,0.0,1.0
SNPT-066,6,38,0,209.0,127.61790466308594,127.13314056396484,11.112793922424316,1.0259857177734375,0.8518542647361755,0.9895082116127014,0.0,1.0,1.0,1.0,0.0
SNPT-103,8,26,0,64.0,104.90804290771484,16.135677337646484,-103.65972137451172,1.3081189393997192,0.9291403293609619,0.9319924116134644,0.0,0.0,0.0,1.0,1.0
SNPT-160,9,16,0,20.0,1874.8343505859375,-1873.0931396484375,-80.7845230102539,1.3074524402618408,0.904716968536377,0.9544010162353516,0.0,1.0,1.0,1.0,1.0
SNPT-065,22,38,0,180.0,62.1352424621582,-1.579412817955017,-62.11516571044922,0.6447159647941589,0.8765990734100342,0.9198758006095886,0.0,1.0,1.0,0.0,0.0
SNPT-060,1,27,0,235.0,416.81622314453125,10.620283126831055,-416.680908203125,1.7543383836746216,0.7700079679489136,0.9364626407623291,0.0,0.0,0.0,0.0,1.0
SNPT-163,9,34,0,304.0,73.31024932861328,0.33193299174308777,-73.30949401855469,1.4093207120895386,0.8601796627044678,0.8834226727485657,0.0,1.0,1.0,1.0,1.0
SNPT-071,4,23,1,128.0,31.011327743530273,25.71039390563965,-17.340070724487305,0.6541146039962769,0.9548097848892212,0.9829934239387512,1.0,0.0,1.0,1.0,1.0
SNPT-169,16,45,0,315.0,1145.666748046875,1140.0379638671875,113.42826843261719,0.7861520051956177,0.6593592166900635,0.9296236038208008,0.0,0.0,0.0,0.0,1.0
SNPT-155,8,19,0,24.0,584.9833984375,130.7930908203125,570.1742553710938,0.8851463794708252,0.6704646944999695,0.8312271237373352,0.0,1.0,1.0,0.0,1.0
SNPT-065,21,24,0,160.0,1857.067138671875,1857.009521484375,14.638524055480957,0.5550543665885925,0.5881670117378235,0.8770821690559387,0.0,0.0,0.0,1.0,1.0
SNPT-060,13,36,0,177.0,74.9349594116211,-2.8792877197265625,74.87962341308594,0.6839642524719238,0.933447003364563,0.9848296046257019,0.0,0.0,0.0,1.0,1.0
SNPT-102,12,32,1,410.0,32.071868896484375,0.5064034461975098,-32.067867279052734,0.7492395043373108,0.8522754907608032,0.954371988773346,0.0,0.0,0.0,1.0,1.0
SNPT-111,2,32,1,622.0,212.8146209716797,10.459443092346191,212.55743408203125,1.017167329788208,0.8037089109420776,0.9543378353118896,1.0,0.0,1.0,1.0,1.0
SNPT-155,8,24,0,194.0,85.12799072265625,-12.706910133361816,84.17427825927734,0.6966955661773682,0.8123047947883606,0.912722647190094,0.0,1.0,0.0,1.0,1.0
SNPT-072,17,21,1,90.0,19.08433723449707,-1.3660902976989746,-19.035381317138672,1.096885323524475,0.961056113243103,0.9614118337631226,1.0,0.0,1.0,1.0,1.0
SNPT-170,12,31,0,275.0,1548.55126953125,1548.0955810546875,37.56843185424805,0.9959781765937805,0.612857460975647,0.8998591899871826,0.0,0.0,0.0,0.0,1.0
SNPT-170,3,33,1,322.0,538.2642211914062,519.06884765625,142.46376037597656,0.521492600440979,0.7652428150177002,0.9794082045555115,0.0,0.0,0.0,1.0,1.0
SNPT-101,7,34,1,340.0,103.07028198242188,-2.3187341690063477,103.04419708251953,0.8363469839096069,0.9502630829811096,0.9590796232223511,0.0,0.0,0.0,1.0,1.0
SNPT-165,6,30,0,247.0,422.795654296875,-8.182119369506836,422.71649169921875,0.5244422554969788,0.6520986557006836,0.9396331906318665,0.0,1.0,1.0,0.0,1.0
SNPT-098,2,18,0,220.0,327.45135498046875,-3.4774019718170166,-327.4328918457031,1.1667048931121826,0.7125314474105835,0.9883996248245239,0.0,0.0,0.0,1.0,1.0
SNPT-162,10,31,0,154.0,53.66253662109375,-9.420456886291504,-52.829185485839844,1.1156864166259766,0.7593839168548584,0.8941453695297241,0.0,0.0,0.0,0.0,1.0
SNPT-151,15,29,0,316.0,1920.2598876953125,1900.2445068359375,276.5299377441406,0.967999279499054,0.6148834228515625,0.980094850063324,0.0,0.0,0.0,1.0,1.0
SNPT-114,19,30,0,57.0,1898.2430419921875,-1895.29443359375,-105.76300048828125,1.1047159433364868,0.5999827980995178,0.9575935006141663,0.0,0.0,0.0,1.0,1.0
SNPT-157,6,27,1,117.0,98.11128997802734,14.1336088180542,-97.08792877197266,0.8459326028823853,0.9673516750335693,0.9898268580436707,0.0,0.0,0.0,1.0,1.0
SNPT-159,54,31,1,82.0,69.97967529296875,44.69445037841797,53.84756851196289,1.1398613452911377,0.9432246685028076,0.9799838662147522,0.0,1.0,0.0,1.0,1.0
SNPT-161,24,37,0,585.0,247.39088439941406,11.167080879211426,-247.1387176513672,1.7715270519256592,0.6828076839447021,0.9670311212539673,0.0,0.0,0.0,1.0,1.0
SNPT-154,53,42,1,44.0,33.51504898071289,7.676922798156738,32.62397003173828,1.0988587141036987,0.8993362188339233,0.9759564399719238,0.0,0.0,0.0,1.0,1.0
SNPT-164,22,28,0,106.0,57.20070266723633,-8.555177688598633,-56.55731201171875,0.9240145683288574,0.6246181726455688,0.9456194639205933,0.0,0.0,0.0,0.0,1.0
SNPT-103,12,26,0,85.0,12.461570739746094,11.566412925720215,-4.637762546539307,1.2893261909484863,0.6913076639175415,0.9218605160713196,0.0,0.0,0.0,0.0,1.0
SNPT-159,54,42,0,302.0,1894.7283935546875,1872.1944580078125,291.3475646972656,0.7455564737319946,0.7225911021232605,0.9713392853736877,0.0,1.0,1.0,1.0,1.0
SNPT-063,2,46,0,87.0,33.73960494995117,-21.838911056518555,-25.718141555786133,1.0906896591186523,0.8748682141304016,0.9764567613601685,0.0,0.0,0.0,1.0,0.0
SNPT-108,6,30,0,400.0,103.62247467041016,22.75670623779297,-101.0927734375,0.9119591116905212,0.6870509386062622,0.9166349768638611,0.0,1.0,1.0,0.0,1.0
SNPT-115,4,18,0,20.0,1878.35546875,1877.4365234375,-58.74973678588867,0.9935747981071472,0.5566943883895874,0.8399225473403931,0.0,0.0,0.0,1.0,1.0
SNPT-105,37,30,1,101.0,26.196239471435547,2.7797999382019043,-26.0483341217041,0.6046779751777649,0.8740449547767639,0.8711472153663635,1.0,0.0,0.0,1.0,1.0
SNPT-162,7,31,1,147.0,36.43296813964844,-2.7875397205352783,36.326171875,1.0408873558044434,0.8854471445083618,0.950256884098053,0.0,0.0,0.0,1.0,1.0
SNPT-106,4,25,0,525.0,184.90682983398438,1.780921459197998,-184.89825439453125,1.3490426540374756,0.7300800681114197,0.9196896553039551,0.0,0.0,0.0,0.0,1.0
SNPT-107,25,38,0,47.0,1887.5115966796875,-1885.27587890625,91.84354400634766,0.6981506943702698,0.69287109375,0.9447266459465027,0.0,0.0,0.0,1.0,1.0
SNPT-063,5,23,0,116.0,10.314813613891602,-10.246335983276367,1.1865805387496948,1.3022754192352295,0.8837189674377441,0.990043044090271,0.0,1.0,0.0,1.0,1.0
SNPT-164,20,34,0,341.0,53.59187316894531,-1.0031335353851318,-53.58248519897461,1.0952248573303223,0.6796877384185791,0.962033748626709,0.0,0.0,0.0,0.0,0.0
SNPT-163,9,24,0,14.0,1904.2943115234375,1901.8319091796875,-96.80949401855469,1.0228077173233032,0.9063295722007751,0.9182991981506348,0.0,1.0,0.0,1.0,1.0
SNPT-073,11,23,1,103.0,37.081886291503906,4.6881537437438965,-36.784339904785156,0.5688223242759705,0.8503354787826538,0.974310576915741,0.0,0.0,0.0,1.0,1.0
SNPT-114,3,27,1,208.0,346.523193359375,-3.070695638656616,346.50958251953125,0.7782477140426636,0.8972210884094238,0.7572965025901794,1.0,0.0,1.0,1.0,1.0
SNPT-153,2,20,0,147.0,1913.6673583984375,1909.469970703125,126.67868041992188,1.0001124143600464,0.7119505405426025,0.8962554931640625,0.0,0.0,0.0,0.0,1.0
SNPT-161,29,39,0,135.0,1901.185302734375,1898.37158203125,-103.39759826660156,1.0087206363677979,0.7002788186073303,0.9585919380187988,0.0,0.0,0.0,0.0,1.0
SNPT-062,8,27,0,57.0,52.513118743896484,-7.490476608276367,51.97615051269531,0.7740728259086609,0.724228024482727,0.9514420628547668,0.0,0.0,0.0,0.0,1.0
SNPT-157,2,19,0,25.0,1949.2596435546875,1890.275390625,475.8907470703125,0.5189322829246521,0.6107807755470276,0.8555991053581238,0.0,0.0,0.0,0.0,1.0
SNPT-157,8,33,0,552.0,592.4956665039062,-11.890246391296387,592.3763427734375,0.3719516098499298,0.6625701785087585,0.8638947010040283,0.0,0.0,0.0,0.0,0.0
SNPT-076,21,26,0,176.0,44.52484893798828,0.4495295584201813,44.522579193115234,0.7939662933349609,0.7994320392608643,0.9582774043083191,0.0,0.0,0.0,0.0,1.0
SNPT-163,6,28,0,263.0,233.08665466308594,-2.4298622608184814,233.07398986816406,0.7606415748596191,0.6945886015892029,0.8880901336669922,0.0,1.0,1.0,0.0,1.0
SNPT-114,12,15,1,116.0,33.4204216003418,-8.262248992919922,32.383018493652344,0.9589839577674866,0.8891546726226807,0.9586312174797058,0.0,0.0,0.0,1.0,1.0
SNPT-060,10,34,0,155.0,492.623046875,19.664243698120117,492.2304382324219,0.4582744538784027,0.6891802549362183,0.9249334931373596,0.0,0.0,0.0,0.0,1.0
SNPT-063,10,28,0,92.0,45.06147384643555,-1.8988301753997803,45.021446228027344,1.294061303138733,0.8068424463272095,0.9691883325576782,0.0,1.0,0.0,0.0,1.0
SNPT-069,19,24,0,340.0,246.27134704589844,-8.067983627319336,-246.13916015625,0.8629852533340454,0.6932698488235474,0.9461106657981873,0.0,1.0,1.0,0.0,1.0
SNPT-169,24,36,0,248.0,354.7645568847656,-247.7387237548828,253.9358673095703,0.5921037197113037,0.6080635190010071,0.9154078364372253,0.0,0.0,0.0,1.0,1.0
SNPT-065,1,25,1,3.0,32.50428009033203,32.32273864746094,3.4305944442749023,1.0914201736450195,0.9618734121322632,0.9559046626091003,1.0,0.0,1.0,1.0,1.0
SNPT-167,1,27,0,492.0,1896.2647705078125,1896.2220458984375,-12.722323417663574,0.8907280564308167,0.7529151439666748,0.9809465408325195,0.0,1.0,1.0,1.0,1.0
SNPT-113,11,25,0,130.0,71.41463470458984,1.519521713256836,-71.39846801757812,1.321217656135559,0.7338520288467407,0.8992974758148193,0.0,0.0,0.0,0.0,1.0
SNPT-163,2,28,0,524.0,1905.2935791015625,-1902.7757568359375,97.9189224243164,1.067711353302002,0.6890645623207092,0.8647556900978088,0.0,1.0,1.0,0.0,1.0
SNPT-060,10,35,1,168.0,64.81866455078125,42.16424560546875,49.230430603027344,0.8219331502914429,0.9424181580543518,0.9906849265098572,0.0,0.0,0.0,1.0,1.0
SNPT-109,19,33,0,483.0,98.43248748779297,-98.3359146118164,-4.3591437339782715,0.903315007686615,0.8342276811599731,0.960200846195221,0.0,0.0,0.0,1.0,1.0
SNPT-164,19,35,1,357.0,139.73416137695312,3.2299718856811523,-139.6968231201172,1.2813550233840942,0.8884412050247192,0.9644383788108826,0.0,0.0,0.0,1.0,1.0
SNPT-111,22,32,1,459.0,327.86309814453125,16.735069274902344,327.4356994628906,0.809512734413147,0.8410180807113647,0.9518588185310364,0.0,0.0,0.0,1.0,1.0
SNPT-071,13,22,0,14.0,88.85675048828125,-71.7690200805664,52.390167236328125,0.7853446006774902,0.8641864061355591,0.9758080840110779,0.0,1.0,1.0,1.0,0.0
SNPT-066,9,41,1,572.0,13.474076271057129,-6.075397968292236,12.02664852142334,1.1419224739074707,0.9443482756614685,0.9767575860023499,1.0,0.0,1.0,1.0,1.0
SNPT-154,4,54,0,410.0,18.707054138183594,1.543552279472351,18.643264770507812,0.9515354633331299,0.7878620028495789,0.9077883958816528,0.0,0.0,0.0,0.0,1.0
SNPT-107,13,28,1,136.0,90.63351440429688,6.026036262512207,90.43296813964844,0.6542994976043701,0.9615874290466309,0.9875341653823853,1.0,0.0,1.0,1.0,1.0
SNPT-163,3,31,1,309.0,385.04815673828125,13.36219596862793,384.8162536621094,0.6746199727058411,0.8961927890777588,0.9806134104728699,1.0,0.0,1.0,1.0,1.0
SNPT-106,4,28,0,644.0,1887.3321533203125,-1886.7191162109375,48.101749420166016,0.6963114142417908,0.5990473031997681,0.9029619693756104,0.0,0.0,0.0,0.0,1.0
SNPT-159,15,41,0,188.0,441.7646789550781,-6.138971328735352,-441.7220153808594,2.898205280303955,0.6255230903625488,0.9041692614555359,0.0,0.0,0.0,0.0,1.0
SNPT-166,17,29,0,128.0,299.8190002441406,5.018943786621094,-299.7770080566406,1.5847188234329224,0.7655831575393677,0.9142692685127258,0.0,0.0,0.0,0.0,1.0
SNPT-098,27,31,0,64.0,1573.9056396484375,-1508.6209716796875,448.59979248046875,1.0821207761764526,0.7575480341911316,0.7731607556343079,0.0,0.0,0.0,0.0,0.0
SNPT-067,9,24,0,16.0,1886.9527587890625,-1886.615234375,35.69132995605469,1.177567958831787,0.6508550047874451,0.9290261268615723,0.0,0.0,0.0,0.0,1.0
SNPT-162,28,40,0,28.0,1903.9285888671875,1902.81494140625,-65.10768127441406,1.203259825706482,0.5754799246788025,0.9155314564704895,0.0,0.0,0.0,0.0,1.0
SNPT-066,20,34,1,70.0,160.66799926757812,-121.8241958618164,-104.7524185180664,1.431404709815979,0.9273900985717773,0.9902356863021851,0.0,0.0,0.0,1.0,1.0
SNPT-160,2,16,0,32.0,1884.9693603515625,-1869.256591796875,-242.87721252441406,1.654779076576233,0.7765123844146729,0.8717165589332581,0.0,1.0,1.0,1.0,1.0
SNPT-154,11,52,0,295.0,1897.2181396484375,1896.487060546875,52.665035247802734,1.4048384428024292,0.6566222310066223,0.9043452143669128,0.0,1.0,1.0,0.0,1.0
SNPT-157,6,29,0,119.0,165.3218994140625,11.6336088180542,164.91207885742188,0.7453665733337402,0.6725032925605774,0.9499357342720032,0.0,0.0,0.0,0.0,1.0
SNPT-063,1,26,0,215.0,407.7298278808594,8.882349014282227,407.6330871582031,0.4879910945892334,0.6684054732322693,0.8410062193870544,0.0,0.0,0.0,1.0,1.0
SNPT-072,22,27,1,207.0,42.99444580078125,1.1232863664627075,-42.97977066040039,0.9663689732551575,0.9452218413352966,0.9887186288833618,1.0,0.0,1.0,1.0,1.0
SNPT-098,11,28,0,108.0,126.41255187988281,-0.547821581363678,126.41136932373047,0.8301442265510559,0.6700183749198914,0.910834550857544,0.0,1.0,1.0,0.0,1.0
SNPT-170,3,38,0,43.0,518.0292358398438,517.549072265625,-22.298030853271484,0.7511776685714722,0.850019097328186,0.993109941482544,0.0,0.0,0.0,1.0,1.0
SNPT-166,10,21,0,145.0,1163.60693359375,-1047.01171875,-507.68841552734375,1.4709703922271729,0.881726861000061,0.9401459693908691,0.0,0.0,0.0,1.0,1.0
SNPT-074,23,26,1,311.0,26.22205352783203,2.839651107788086,26.06784439086914,0.9516358375549316,0.9349841475486755,0.9931889772415161,0.0,0.0,0.0,1.0,1.0
SNPT-163,2,19,0,234.0,100.96319580078125,-8.775728225708008,-100.5810775756836,1.637401819229126,0.70384681224823,0.8727236986160278,0.0,1.0,0.0,1.0,1.0
SNPT-107,2,31,0,337.0,193.86000061035156,7.146407127380371,-193.72824096679688,1.098407506942749,0.6762988567352295,0.9144689440727234,0.0,0.0,0.0,0.0,1.0
SNPT-072,26,30,0,198.0,1902.0220947265625,-1901.78271484375,30.180164337158203,1.0470035076141357,0.6510235071182251,0.8916118144989014,0.0,0.0,0.0,0.0,1.0
SNPT-169,9,16,0,82.0,189.29115295410156,-5.025533199310303,-189.22442626953125,1.5021387338638306,0.6832247972488403,0.9495499730110168,0.0,0.0,0.0,0.0,1.0
SNPT-115,6,28,1,73.0,27.60435676574707,-2.211771011352539,27.515605926513672,1.6613621711730957,0.8709527850151062,0.9741717576980591,0.0,0.0,0.0,1.0,1.0
SNPT-063,1,46,0,622.0,150.9065704345703,1.7151992321014404,-150.89682006835938,1.0410135984420776,0.6504848599433899,0.9041005373001099,0.0,0.0,0.0,0.0,1.0
SNPT-162,8,30,0,232.0,1898.0341796875,1895.499755859375,-98.05159759521484,1.6860748529434204,0.7959564924240112,0.9429373145103455,0.0,0.0,0.0,1.0,1.0
SNPT-169,9,45,1,468.0,1900.11181640625,1897.7821044921875,-94.06265258789062,1.1809093952178955,0.8716042637825012,0.9708237648010254,0.0,0.0,0.0,1.0,1.0
SNPT-069,18,24,0,276.0,39.01772689819336,-9.953266143798828,-37.72685623168945,0.763822078704834,0.6511062979698181,0.9577483534812927,1.0,0.0,1.0,0.0,1.0
SNPT-108,3,30,0,340.0,298.87408447265625,23.833608627319336,-297.9222717285156,1.2417439222335815,0.6006231904029846,0.9177093505859375,0.0,1.0,0.0,0.0,1.0
SNPT-166,19,27,0,88.0,111.58012390136719,2.0260040760040283,-111.56172943115234,1.2838804721832275,0.7582910060882568,0.9356552958488464,0.0,0.0,0.0,0.0,0.0
SNPT-099,12,25,0,161.0,405.7063903808594,20.416934967041016,405.19232177734375,0.5928280353546143,0.6455141305923462,0.8508807420730591,0.0,0.0,0.0,0.0,1.0
SNPT-154,20,38,0,175.0,23.962160110473633,0.11943309754133224,-23.961862564086914,1.3358632326126099,0.6840908527374268,0.9030265808105469,0.0,0.0,0.0,0.0,1.0
SNPT-072,2,31,1,417.0,93.41243743896484,-0.205846905708313,-93.4122085571289,1.1136283874511719,0.9202825427055359,0.9050645232200623,1.0,0.0,1.0,1.0,1.0
SNPT-154,8,48,0,465.0,139.3453826904297,2.2397541999816895,139.327392578125,1.1786117553710938,0.6632287502288818,0.9211680293083191,0.0,1.0,1.0,0.0,0.0
SNPT-064,17,28,0,87.0,988.4279174804688,-948.4381103515625,-278.3072814941406,1.9658405780792236,0.803663969039917,0.9498143196105957,0.0,0.0,0.0,0.0,1.0
SNPT-114,9,26,0,186.0,36.52070999145508,30.210582733154297,20.520307540893555,0.9478991031646729,0.6804274320602417,0.804429829120636,0.0,0.0,0.0,0.0,1.0
SNPT-151,1,31,0,367.0,979.2320556640625,914.1526489257812,-351.0275573730469,1.293084740638733,0.7619753479957581,0.8630180358886719,0.0,1.0,1.0,0.0,1.0
SNPT-097,2,24,0,107.0,465.75689697265625,-8.449870109558105,-465.68023681640625,1.9273432493209839,0.7031589150428772,0.8981754183769226,0.0,1.0,1.0,1.0,1.0
SNPT-063,4,29,0,201.0,163.12025451660156,-13.540107727050781,162.55731201171875,0.9623091220855713,0.8189655542373657,0.9298885464668274,0.0,1.0,1.0,0.0,1.0
SNPT-102,14,29,1,299.0,143.04824829101562,2.110281467437744,-143.03268432617188,0.8709670305252075,0.832033634185791,0.9673271179199219,0.0,0.0,0.0,1.0,1.0
SNPT-159,29,49,1,1.0,23.188766479492188,6.908361911773682,-22.13579559326172,1.2035762071609497,0.8993924856185913,0.9830400347709656,0.0,0.0,0.0,1.0,1.0
SNPT-108,13,37,0,345.0,199.41635131835938,9.128515243530273,199.20730590820312,0.795990526676178,0.5820401906967163,0.9384790658950806,0.0,0.0,0.0,1.0,1.0
SNPT-064,21,28,0,145.0,967.5658569335938,-943.5953369140625,-214.03636169433594,2.2304909229278564,0.7313974499702454,0.9358286261558533,0.0,0.0,0.0,0.0,1.0
SNPT-160,20,28,0,104.0,79.30553436279297,-3.8075568675994873,79.21408081054688,0.9521358013153076,0.754459798336029,0.9570517539978027,0.0,0.0,0.0,1.0,1.0
SNPT-106,11,22,0,217.0,67.3369369506836,1.3437635898590088,-67.32352447509766,1.2888201475143433,0.9208689332008362,0.9824554324150085,0.0,1.0,1.0,1.0,1.0
SNPT-066,9,40,0,526.0,1897.593017578125,-1894.575439453125,-106.97335052490234,1.136590838432312,0.8646900057792664,0.98650723695755,0.0,1.0,1.0,1.0,1.0
SNPT-066,21,30,0,102.0,18.13855743408203,9.065286636352539,-15.710755348205566,1.2542117834091187,0.6481475234031677,0.9555497169494629,0.0,0.0,0.0,0.0,1.0
SNPT-164,3,32,0,343.0,507.7924499511719,1.7870614528656006,507.789306640625,0.3324951231479645,0.5225028395652771,0.7905114889144897,0.0,0.0,0.0,1.0,1.0
SNPT-069,20,25,0,366.0,152.1763458251953,-18.60009765625,-151.0353546142578,0.83109450340271,0.8445714712142944,0.9577698707580566,0.0,0.0,0.0,1.0,1.0
SNPT-063,46,16,1,67.0,42.064056396484375,-7.1645612716674805,-41.44941329956055,0.9351845383644104,0.9229165315628052,0.991768479347229,0.0,0.0,0.0,1.0,1.0
SNPT-151,2,20,0,126.0,3.6266520023345947,2.5825095176696777,-2.546222448348999,1.2614072561264038,0.7674247026443481,0.8737732768058777,0.0,1.0,1.0,0.0,1.0
SNPT-064,11,25,0,147.0,1909.779052734375,1903.0673828125,-159.97056579589844,1.9579987525939941,0.8724045157432556,0.9010579586029053,0.0,0.0,0.0,1.0,1.0
SNPT-158,11,32,1,241.0,327.31024169921875,-8.29509162902832,327.2051086425781,0.7460368275642395,0.9373199343681335,0.9865221381187439,1.0,0.0,1.0,1.0,1.0
SNPT-105,4,30,0,215.0,48.86729431152344,-11.421870231628418,47.51371765136719,0.7067135572433472,0.6045582294464111,0.8194772601127625,0.0,1.0,0.0,0.0,1.0
SNPT-065,8,37,0,39.0,1885.2044677734375,1884.9490966796875,-31.032289505004883,0.7542663812637329,0.8128873109817505,0.9647454619407654,0.0,1.0,1.0,0.0,0.0
SNPT-157,7,37,0,359.0,1904.93115234375,1898.736572265625,153.49984741210938,0.6350415945053101,0.6521514654159546,0.9311708211898804,0.0,0.0,0.0,0.0,1.0
SNPT-166,23,25,0,10.0,1901.12451171875,-1901.1241455078125,-1.2283027172088623,1.0360701084136963,0.5448647737503052,0.9569880366325378,0.0,0.0,0.0,1.0,1.0
SNPT-168,2,24,1,106.0,70.13934326171875,-0.5781651139259338,70.136962890625,0.7923572063446045,0.9501221179962158,0.9831467270851135,0.0,0.0,0.0,1.0,1.0
SNPT-162,11,41,0,8.0,1917.4210205078125,1876.7579345703125,392.7886657714844,0.8995943665504456,0.9263319969177246,0.9837343096733093,0.0,1.0,1.0,1.0,1.0
SNPT-166,2,21,0,454.0,1928.905517578125,-1904.5706787109375,-305.42901611328125,1.5825437307357788,0.7196134328842163,0.9377249479293823,0.0,0.0,0.0,0.0,1.0
SNPT-114,25,31,0,234.0,164.38153076171875,-9.656416893005371,164.09765625,0.6957282423973083,0.7349724769592285,0.8926320672035217,0.0,1.0,1.0,0.0,1.0
SNPT-161,30,38,0,91.0,1889.532470703125,1889.105712890625,-40.15351104736328,1.1540695428848267,0.5476130247116089,0.9027317762374878,0.0,0.0,0.0,0.0,1.0
SNPT-157,13,32,0,48.0,687.00732421875,-495.1978759765625,476.1912536621094,0.7639877796173096,0.8945223093032837,0.9705200791358948,0.0,0.0,0.0,1.0,1.0
SNPT-068,16,17,0,103.0,139.1062774658203,-0.5548786520957947,-139.1051788330078,1.1350247859954834,0.9191923141479492,0.9764909744262695,0.0,0.0,0.0,1.0,0.0
SNPT-163,7,32,0,472.0,1892.679443359375,-1892.2235107421875,41.54331588745117,0.7997337579727173,0.8184711337089539,0.9485903382301331,0.0,0.0,0.0,1.0,1.0
SNPT-105,4,32,0,282.0,1898.2071533203125,1890.578125,170.0137176513672,0.7506716251373291,0.8218614459037781,0.9847471714019775,0.0,1.0,0.0,1.0,1.0
SNPT-159,51,44,0,226.0,596.6321411132812,575.0848388671875,-158.8939666748047,1.5304625034332275,0.6855167746543884,0.9204452633857727,0.0,0.0,0.0,0.0,0.0
SNPT-065,25,40,1,213.0,111.5845947265625,-4.29340124130249,111.50196838378906,0.5482296943664551,0.8943830132484436,0.9344202280044556,1.0,0.0,1.0,1.0,1.0
SNPT-098,5,18,0,206.0,486.1512145996094,0.11832813173532486,-486.1512145996094,1.280503749847412,0.6511901617050171,0.9106218218803406,1.0,0.0,1.0,0.0,1.0
SNPT-060,3,28,1,128.0,62.797821044921875,32.363826751708984,53.81588363647461,0.911957323551178,0.9535990357398987,0.9801151156425476,0.0,0.0,0.0,1.0,1.0
SNPT-063,7,25,1,129.0,5.4406538009643555,5.424757957458496,-0.415594220161438,1.0443545579910278,0.9325028657913208,0.950181782245636,1.0,0.0,1.0,1.0,1.0
SNPT-101,29,38,1,226.0,15.709789276123047,-3.237002372741699,15.3726806640625,1.0477503538131714,0.9649847745895386,0.8977154493331909,1.0,0.0,1.0,1.0,1.0
SNPT-168,20,26,0,355.0,1908.371826171875,-1905.51513671875,104.37860107421875,0.9448691010475159,0.4878745377063751,0.9511509537696838,0.0,0.0,0.0,1.0,1.0
SNPT-108,18,37,1,321.0,100.83136749267578,3.7393667697906494,100.76200866699219,0.9032205939292908,0.8238452672958374,0.9497723579406738,1.0,0.0,1.0,1.0,1.0
SNPT-161,3,33,0,342.0,343.8501281738281,3.824127435684204,-343.828857421875,1.0766241550445557,0.5899351835250854,0.9106416702270508,0.0,1.0,1.0,0.0,1.0
SNPT-161,3,34,1,387.0,4.967907905578613,3.824127435684204,3.171144723892212,0.7186858654022217,0.8822066783905029,0.932939350605011,1.0,0.0,1.0,1.0,1.0
SNPT-163,16,35,1,313.0,309.39373779296875,14.938061714172363,309.0329284667969,0.5595173239707947,0.8453159928321838,0.9764074683189392,1.0,0.0,1.0,1.0,1.0
SNPT-157,1,29,1,172.0,71.7579574584961,18.012731552124023,-69.46038818359375,1.1192482709884644,0.9164178371429443,0.973092257976532,0.0,0.0,0.0,1.0,1.0
SNPT-156,1,21,0,214.0,1901.9647216796875,1889.3868408203125,-218.3732147216797,1.0216866731643677,0.8326798677444458,0.9870188236236572,0.0,0.0,0.0,1.0,1.0
SNPT-159,26,48,1,278.0,50.83327102661133,1.1899515390396118,-50.819339752197266,1.012208342552185,0.61418616771698,0.9675087928771973,0.0,0.0,0.0,1.0,1.0
SNPT-154,21,41,1,265.0,60.62179183959961,-4.975133895874023,60.41729736328125,0.9407338500022888,0.9455678462982178,0.993121325969696,0.0,0.0,0.0,1.0,1.0
SNPT-164,19,26,0,83.0,260.9678649902344,-9.270028114318848,260.80316162109375,0.7270071506500244,0.7085741758346558,0.914505660533905,0.0,0.0,0.0,0.0,1.0
SNPT-071,18,27,1,72.0,107.63929748535156,-22.11131477355957,-105.34375762939453,0.7912312746047974,0.9884142875671387,0.9964428544044495,0.0,0.0,0.0,1.0,1.0
SNPT-159,52,46,1,355.0,1910.453125,1908.533935546875,-85.61235809326172,1.216246247291565,0.7873871326446533,0.9730811715126038,0.0,0.0,0.0,1.0,1.0
SNPT-114,3,31,1,496.0,250.1927032470703,-9.570695877075195,250.00958251953125,0.7768493890762329,0.8943498134613037,0.9134296774864197,1.0,0.0,1.0,1.0,1.0
SNPT-162,7,32,0,153.0,204.33334350585938,1.7124601602554321,204.326171875,0.8434805870056152,0.7098658680915833,0.9286881685256958,0.0,1.0,1.0,0.0,1.0
SNPT-153,3,31,0,595.0,1891.1031494140625,-1885.72216796875,142.55906677246094,0.7292845249176025,0.6086515188217163,0.918414831161499,0.0,0.0,0.0,0.0,1.0
SNPT-166,19,28,1,98.0,31.974702835083008,1.5260040760040283,31.938268661499023,0.8408494591712952,0.9364622831344604,0.9846014976501465,0.0,0.0,0.0,1.0,1.0
SNPT-160,9,33,0,385.0,122.41398620605469,19.906858444213867,-120.7845230102539,1.8215546607971191,0.6802495718002319,0.8955143690109253,0.0,0.0,0.0,1.0,1.0
SNPT-162,13,38,0,142.0,428.1170349121094,6.065530300140381,428.0740661621094,0.6611708998680115,0.6892411708831787,0.9333338737487793,0.0,1.0,0.0,0.0,1.0
SNPT-155,18,24,0,236.0,1897.760986328125,-1895.323974609375,96.14299774169922,0.9576730132102966,0.7957980632781982,0.9017831087112427,0.0,0.0,0.0,0.0,1.0
SNPT-099,1,6,0,6.0,431.9938049316406,15.506558418273926,431.7154235839844,0.8375259041786194,0.9047166109085083,0.970363974571228,0.0,1.0,1.0,1.0,1.0
SNPT-164,5,33,0,315.0,353.5830078125,1.557828426361084,-353.5795593261719,2.3488099575042725,0.7022342681884766,0.8886633515357971,0.0,0.0,0.0,0.0,1.0
SNPT-153,1,26,0,269.0,1873.9818115234375,1871.0955810546875,-103.96762084960938,1.2526960372924805,0.7621889114379883,0.8819801211357117,0.0,1.0,1.0,0.0,1.0
SNPT-163,14,37,0,293.0,295.0845642089844,-115.08500671386719,271.7174072265625,0.5699607133865356,0.881269633769989,0.9387402534484863,0.0,1.0,1.0,1.0,1.0
SNPT-162,16,32,0,144.0,460.03564453125,-8.19558334350586,459.9626159667969,0.7906445264816284,0.8205376863479614,0.9875990152359009,0.0,0.0,0.0,1.0,1.0
SNPT-067,26,32,1,112.0,23.173715591430664,-18.649860382080078,13.755135536193848,0.9873361587524414,0.9316504597663879,0.9594739675521851,0.0,0.0,0.0,0.0,0.0
SNPT-099,1,10,1,81.0,43.88678741455078,-2.9934420585632324,-43.78458023071289,1.2372838258743286,0.815876841545105,0.9799590110778809,0.0,0.0,0.0,1.0,1.0
SNPT-157,2,18,0,23.0,1890.3602294921875,1888.775390625,77.39075469970703,0.8758172988891602,0.6045538783073425,0.8912149667739868,0.0,0.0,0.0,1.0,1.0
SNPT-158,11,39,0,275.0,571.7727661132812,-8.79509162902832,571.7051391601562,0.5721061825752258,0.8799703121185303,0.9739624261856079,0.0,1.0,1.0,1.0,1.0
SNPT-101,8,16,0,52.0,1897.2384033203125,-1896.861328125,37.82587814331055,1.0157133340835571,0.6607061624526978,0.9236790537834167,0.0,0.0,0.0,0.0,1.0
SNPT-155,9,23,1,184.0,74.6125717163086,1.3963371515274048,74.5995101928711,0.7454891800880432,0.9278149008750916,0.9822919964790344,1.0,0.0,1.0,1.0,1.0
SNPT-154,13,34,1,139.0,26.37873077392578,3.888547658920288,26.090547561645508,1.202184796333313,0.9573118090629578,0.9701535105705261,0.0,0.0,0.0,1.0,1.0
SNPT-108,9,17,0,122.0,90.45162963867188,7.908153533935547,90.10526275634766,0.5203035473823547,0.5375450849533081,0.9024330377578735,0.0,0.0,0.0,0.0,1.0
SNPT-098,7,27,0,397.0,135.23260498046875,-5.925076484680176,135.1027374267578,0.5324307680130005,0.6176207661628723,0.9248880743980408,0.0,0.0,0.0,0.0,0.0
SNPT-098,12,35,0,103.0,302.8603820800781,-11.581583976745605,-302.63885498046875,1.2655616998672485,0.7433375716209412,0.9338603615760803,0.0,1.0,1.0,1.0,1.0
SNPT-154,10,30,0,107.0,9.718852996826172,-7.613339900970459,6.040956974029541,0.9595254063606262,0.5996167659759521,0.9262831807136536,0.0,0.0,0.0,0.0,1.0
SNPT-155,9,25,0,200.0,111.60824584960938,1.3963371515274048,111.5995101928711,0.6076459884643555,0.7553890347480774,0.9097355604171753,0.0,1.0,1.0,0.0,1.0
SNPT-156,2,22,0,167.0,1893.3358154296875,-1891.6485595703125,-79.91395568847656,1.1193159818649292,0.8250492215156555,0.9753481149673462,0.0,1.0,1.0,1.0,1.0
SNPT-153,3,26,0,345.0,101.49369812011719,-19.722110748291016,99.55906677246094,0.7733718752861023,0.86033034324646,0.9004433751106262,0.0,1.0,0.0,1.0,1.0
SNPT-169,1,33,0,160.0,628.81396484375,-53.632415771484375,-626.5225830078125,1.5902842283248901,0.7787712812423706,0.9578834176063538,0.0,1.0,1.0,1.0,1.0
SNPT-153,12,16,0,8.0,1964.6182861328125,1897.350830078125,-509.69122314453125,1.7394545078277588,0.8230271935462952,0.9041069746017456,0.0,0.0,0.0,1.0,0.0
SNPT-158,24,32,0,111.0,1922.436279296875,1893.8743896484375,330.1535949707031,0.6111745238304138,0.674641489982605,0.9097175002098083,0.0,1.0,1.0,1.0,1.0
SNPT-154,14,48,0,324.0,1889.6658935546875,-1888.87548828125,54.64842224121094,1.322966456413269,0.6057724356651306,0.8827452659606934,0.0,1.0,1.0,0.0,1.0
SNPT-159,20,32,1,109.0,21.486026763916016,-5.561700344085693,20.753719329833984,1.0217000246047974,0.893637478351593,0.9757379293441772,0.0,0.0,0.0,1.0,1.0
SNPT-161,8,34,0,256.0,458.31256103515625,-2.5208001136779785,458.3056335449219,0.4891788959503174,0.856967568397522,0.9307803511619568,0.0,1.0,1.0,1.0,1.0
SNPT-154,22,34,0,153.0,198.87606811523438,188.92202758789062,62.13015365600586,0.8952575922012329,0.624793529510498,0.9298245310783386,0.0,0.0,0.0,0.0,1.0
SNPT-169,7,18,1,110.0,149.4104766845703,-11.972046852111816,-148.9300537109375,1.4209792613983154,0.947577953338623,0.9825417995452881,1.0,0.0,0.0,1.0,1.0
SNPT-168,17,25,0,353.0,1920.1614990234375,1908.77001953125,208.84732055664062,0.705389142036438,0.6876876354217529,0.9186528325080872,0.0,0.0,0.0,1.0,0.0
SNPT-161,16,30,1,206.0,294.87701416015625,-23.2430362701416,-293.9595642089844,1.704544186592102,0.8846122026443481,0.9742013216018677,0.0,0.0,0.0,1.0,1.0
SNPT-165,6,28,0,200.0,87.25772094726562,-2.682119131088257,87.21649169921875,0.9566442370414734,0.7238162755966187,0.9002270698547363,0.0,0.0,0.0,0.0,1.0
SNPT-103,9,27,0,506.0,1908.935791015625,-1906.1690673828125,102.74067687988281,0.9504677057266235,0.6101283431053162,0.8919474482536316,0.0,0.0,0.0,0.0,1.0
SNPT-098,2,25,0,278.0,151.93287658691406,0.022598013281822205,-151.93287658691406,0.8746576309204102,0.5905753374099731,0.8843382596969604,0.0,0.0,0.0,0.0,1.0
SNPT-109,24,33,0,6.0,1895.558837890625,-1895.546630859375,-6.824650764465332,0.8265978097915649,0.891290545463562,0.9495060443878174,0.0,0.0,0.0,1.0,1.0
SNPT-165,4,19,1,279.0,101.05718231201172,9.330546379089355,-100.6255111694336,1.5138050317764282,0.8379896879196167,0.9595557451248169,1.0,0.0,1.0,1.0,1.0
SNPT-074,3,29,0,376.0,1887.9102783203125,1887.8985595703125,-6.656179904937744,0.9405724406242371,0.5868702530860901,0.9199698567390442,0.0,0.0,0.0,1.0,1.0
SNPT-101,4,25,1,75.0,15.571721076965332,-5.501086711883545,14.56765365600586,1.0241799354553223,0.9281883239746094,0.9432573318481445,0.0,0.0,0.0,1.0,1.0
SNPT-075,23,25,0,117.0,80.73627471923828,3.9211690425872803,80.64099884033203,1.2711769342422485,0.7836930155754089,0.9264986515045166,0.0,0.0,0.0,1.0,1.0
SNPT-113,35,29,1,120.0,46.574275970458984,-17.59836196899414,43.12146759033203,0.8261069655418396,0.9640767574310303,0.9787895083427429,1.0,0.0,1.0,1.0,1.0
SNPT-154,4,25,1,84.0,132.9271697998047,5.877199172973633,132.79718017578125,0.6798408031463623,0.9359933137893677,0.9848176836967468,1.0,0.0,1.0,1.0,1.0
SNPT-162,18,36,0,177.0,483.9640808105469,131.3470916748047,465.79949951171875,0.8912642598152161,0.6632165908813477,0.9398775100708008,0.0,1.0,0.0,0.0,1.0
SNPT-115,19,25,0,145.0,228.55380249023438,-9.754080772399902,-228.34556579589844,2.272240400314331,0.709405779838562,0.8905106782913208,0.0,1.0,0.0,0.0,1.0
SNPT-073,11,27,0,204.0,33.2585334777832,1.6881535053253174,33.215660095214844,0.7011796236038208,0.674710214138031,0.9252088069915771,0.0,0.0,0.0,0.0,1.0
SNPT-111,40,27,1,67.0,3.169982671737671,3.0280075073242188,-0.9380624890327454,0.22244876623153687,0.6590011119842529,0.8348777294158936,0.0,0.0,0.0,0.0,1.0
SNPT-073,2,25,0,89.0,190.82363891601562,0.012940457090735435,190.82363891601562,0.5890026688575745,0.7871278524398804,0.9543108344078064,0.0,0.0,0.0,0.0,1.0
SNPT-151,1,34,1,378.0,1014.7429809570312,945.6526489257812,-368.0275573730469,1.2941405773162842,0.7744039297103882,0.8837002515792847,1.0,0.0,1.0,1.0,1.0
SNPT-162,10,32,1,160.0,115.27587127685547,-4.920456886291504,115.17081451416016,0.9040937423706055,0.8562796115875244,0.9815372824668884,0.0,1.0,1.0,1.0,1.0
SNPT-102,11,23,1,173.0,62.151878356933594,-1.9691439867019653,62.12067794799805,0.692375123500824,0.8852193355560303,0.9671798348426819,1.0,0.0,1.0,1.0,1.0
SNPT-165,1,26,0,246.0,804.4298706054688,0.6828439831733704,804.4295654296875,0.48283493518829346,0.692662239074707,0.8930925130844116,0.0,0.0,0.0,1.0,1.0
SNPT-157,23,35,0,171.0,194.10023498535156,-4.722252368927002,194.04278564453125,0.8403467535972595,0.6937214732170105,0.9217086434364319,0.0,1.0,0.0,0.0,1.0
SNPT-072,2,24,0,77.0,1907.9310302734375,1902.794189453125,-139.91221618652344,1.2575291395187378,0.8144521713256836,0.8579626679420471,0.0,1.0,0.0,0.0,1.0
SNPT-163,3,30,0,305.0,15.063763618469238,3.3621957302093506,-14.68375301361084,1.2435678243637085,0.8092517852783203,0.9749736785888672,0.0,1.0,1.0,1.0,1.0
SNPT-062,7,28,0,91.0,167.99195861816406,-3.569239854812622,167.95404052734375,0.6843219995498657,0.8899941444396973,0.9703289270401001,0.0,0.0,0.0,1.0,1.0
SNPT-110,36,23,1,88.0,5.662113189697266,-5.546900272369385,1.136406421661377,0.7136326432228088,0.877354621887207,0.9841018915176392,1.0,0.0,1.0,1.0,1.0
SNPT-074,24,27,0,20.0,1835.0958251953125,-1814.21435546875,276.0487365722656,0.7222098708152771,0.6488454341888428,0.9031020998954773,0.0,0.0,0.0,1.0,1.0
SNPT-154,1,47,1,462.0,59.550601959228516,8.902806282043457,58.8813591003418,1.249497413635254,0.8471298217773438,0.9639474153518677,0.0,0.0,0.0,1.0,1.0
SNPT-102,3,25,1,155.0,135.03372192382812,3.7055110931396484,134.9828643798828,0.6072131395339966,0.8798007369041443,0.9707333445549011,1.0,0.0,0.0,1.0,1.0
SNPT-105,19,26,0,119.0,1425.7220458984375,-1365.8511962890625,-408.8198547363281,1.8934217691421509,0.578085720539093,0.9147037267684937,0.0,0.0,0.0,0.0,1.0
SNPT-159,18,33,0,99.0,1604.2625732421875,1604.2542724609375,5.165346622467041,1.2502470016479492,0.8093124032020569,0.9399278163909912,0.0,0.0,0.0,1.0,1.0
SNPT-162,44,42,0,194.0,256.7230224609375,31.107177734375,254.83143615722656,0.557906985282898,0.6172851324081421,0.832025945186615,0.0,0.0,0.0,1.0,0.0
SNPT-158,13,40,0,340.0,56.10430145263672,-1.8056137561798096,-56.07524108886719,0.9357514381408691,0.5539700388908386,0.8856149911880493,0.0,0.0,0.0,1.0,1.0
SNPT-107,8,29,1,139.0,58.586029052734375,0.9237792491912842,58.5787467956543,0.5566736459732056,0.901611328125,0.9735942482948303,1.0,0.0,1.0,1.0,1.0
SNPT-159,18,41,0,304.0,1905.2830810546875,1882.2542724609375,-295.33465576171875,2.38179349899292,0.6769284009933472,0.9760469198226929,0.0,0.0,0.0,1.0,1.0
SNPT-110,11,31,0,112.0,42.658897399902344,-16.873985290527344,-39.179718017578125,0.733606219291687,0.8422037363052368,0.9859927892684937,0.0,0.0,0.0,1.0,1.0
SNPT-064,15,34,0,8.0,687.297119140625,681.4940795898438,89.12432098388672,2.0019402503967285,0.897081196308136,0.9583336710929871,0.0,0.0,0.0,1.0,1.0
SNPT-068,24,35,0,492.0,434.6659851074219,-1.0734686851501465,-434.6646728515625,1.0390139818191528,0.7743722200393677,0.9503037333488464,0.0,0.0,0.0,0.0,1.0
SNPT-103,30,31,0,36.0,99.98604583740234,5.362307548522949,99.84214782714844,0.9694427251815796,0.6476901769638062,0.893201470375061,1.0,0.0,1.0,0.0,1.0
SNPT-106,15,27,1,117.0,12.477983474731445,-2.014937162399292,12.314224243164062,0.8693551421165466,0.8753131628036499,0.9886070489883423,1.0,0.0,1.0,1.0,1.0
SNPT-069,3,21,1,98.0,26.27631187438965,-1.8138229846954346,26.213632583618164,1.0272722244262695,0.9202955961227417,0.9741020798683167,0.0,0.0,0.0,1.0,1.0
SNPT-102,3,29,0,317.0,290.0419616699219,-3.7944889068603516,-290.0171203613281,1.762084722518921,0.618355393409729,0.899046778678894,0.0,0.0,0.0,0.0,1.0
SNPT-166,21,25,0,115.0,88.80584716796875,-3.2539026737213135,-88.74620819091797,1.1692928075790405,0.8529694080352783,0.9819844961166382,0.0,0.0,0.0,1.0,1.0
SNPT-153,6,31,1,312.0,108.17327880859375,7.694443225860596,107.89927673339844,0.8030807971954346,0.8218200206756592,0.944570004940033,0.0,0.0,0.0,1.0,1.0
SNPT-110,3,31,0,237.0,1895.1290283203125,-1888.34716796875,-160.183349609375,0.7322020530700684,0.7266070246696472,0.9392383098602295,0.0,0.0,0.0,0.0,0.0
SNPT-164,20,33,1,336.0,42.59415054321289,0.9968665242195129,-42.58248519897461,1.1389085054397583,0.8484249114990234,0.9844560623168945,0.0,0.0,0.0,1.0,1.0
SNPT-098,34,31,0,153.0,502.24652099609375,394.1312255859375,311.3071594238281,1.2268996238708496,0.6921788454055786,0.7968555688858032,0.0,1.0,1.0,0.0,1.0
SNPT-167,10,26,0,86.0,20.969545364379883,2.0427186489105225,20.869813919067383,0.8494345545768738,0.6562024354934692,0.910728394985199,0.0,1.0,1.0,0.0,1.0
SNPT-098,4,32,1,297.0,256.7933349609375,-2.8073439598083496,256.7779846191406,0.43285295367240906,0.8730941414833069,0.9655640125274658,0.0,1.0,0.0,1.0,1.0
SNPT-163,41,36,0,19.0,1893.30615234375,-1890.8778076171875,95.86075592041016,0.9546103477478027,0.8898600935935974,0.9812911152839661,0.0,1.0,1.0,1.0,1.0
SNPT-108,20,34,0,295.0,339.36785888671875,-15.766959190368652,339.0013732910156,0.6457388997077942,0.6909613609313965,0.8882673978805542,0.0,0.0,0.0,0.0,1.0
SNPT-159,4,27,0,68.0,111.99360656738281,2.0348598957061768,111.97511291503906,1.2169396877288818,0.6330064535140991,0.9309555292129517,0.0,0.0,0.0,1.0,1.0
SNPT-101,9,41,0,464.0,1893.2178955078125,-1891.021240234375,-91.17533874511719,1.1880205869674683,0.7060022950172424,0.8884897828102112,0.0,0.0,0.0,0.0,1.0
SNPT-101,5,26,1,267.0,8.545135498046875,4.3183746337890625,-7.373668193817139,0.8501148819923401,0.9674626588821411,0.9900705218315125,0.0,0.0,0.0,1.0,1.0
SNPT-062,2,28,0,128.0,372.19879150390625,-0.48365798592567444,-372.198486328125,1.0479645729064941,0.8522497415542603,0.9460630416870117,0.0,0.0,0.0,1.0,1.0
SNPT-104,26,15,1,156.0,115.64118957519531,19.21046257019043,114.03439331054688,1.760833740234375,0.8941468000411987,0.9004944562911987,0.0,0.0,0.0,1.0,1.0
SNPT-163,7,25,0,187.0,31.04454803466797,0.2764799892902374,31.043315887451172,0.5962863564491272,0.8162843585014343,0.9426136016845703,0.0,0.0,0.0,1.0,1.0
SNPT-159,11,41,0,192.0,320.9739685058594,-10.117612838745117,-320.8144836425781,1.7465704679489136,0.7679924964904785,0.9414310455322266,0.0,0.0,0.0,0.0,1.0
SNPT-069,10,24,0,142.0,48.41773986816406,6.523638725280762,-47.97623825073242,0.7440260648727417,0.7037019729614258,0.9571824073791504,0.0,1.0,1.0,0.0,1.0
SNPT-072,2,30,0,410.0,173.9261932373047,-2.2058470249176025,-173.91221618652344,1.333728313446045,0.8737965226173401,0.9064315557479858,0.0,1.0,1.0,1.0,1.0
SNPT-111,23,28,0,214.0,1904.865966796875,-1903.8104248046875,-63.40249252319336,1.115505337715149,0.7055224180221558,0.9089592099189758,0.0,0.0,0.0,1.0,1.0
SNPT-111,38,41,1,5.0,71.48736572265625,-3.014338254928589,71.42378234863281,2.1052465438842773,0.9394548535346985,0.9878427386283875,0.0,0.0,0.0,1.0,1.0
SNPT-107,14,36,0,670.0,1901.6607666015625,-1901.462890625,-27.43730926513672,0.7228766679763794,0.6710917353630066,0.8373461365699768,0.0,0.0,0.0,0.0,1.0
SNPT-102,4,27,0,331.0,212.15440368652344,2.148944854736328,-212.14352416992188,0.9868779182434082,0.711230456829071,0.9099113345146179,0.0,0.0,0.0,0.0,1.0
SNPT-064,1,27,0,200.0,1891.62109375,1890.749267578125,-57.422119140625,2.2756173610687256,0.8524230718612671,0.9462257027626038,0.0,1.0,1.0,0.0,1.0
SNPT-063,4,31,0,407.0,1881.481201171875,1881.4598388671875,-8.942682266235352,1.2103021144866943,0.8725926280021667,0.973814845085144,0.0,1.0,0.0,0.0,1.0
SNPT-111,36,29,1,272.0,181.39752197265625,1.0281602144241333,181.3946075439453,0.908547580242157,0.9348832368850708,0.9886916875839233,0.0,0.0,0.0,1.0,1.0
SNPT-060,1,37,0,610.0,1910.6021728515625,-1882.3797607421875,-327.180908203125,1.4748831987380981,0.8433670401573181,0.9199647307395935,0.0,0.0,0.0,0.0,0.0
SNPT-109,13,29,0,142.0,510.9084777832031,12.999719619750977,510.7430725097656,0.5600699186325073,0.7935002446174622,0.9704241752624512,0.0,0.0,0.0,1.0,1.0
SNPT-065,12,27,0,162.0,1895.22998046875,-1889.723388671875,-144.36825561523438,0.7725318670272827,0.8830866813659668,0.9730428457260132,0.0,1.0,1.0,1.0,1.0
SNPT-159,7,38,1,182.0,282.109130859375,201.4014129638672,-197.54248046875,2.0023231506347656,0.836386501789093,0.9386937618255615,0.0,0.0,0.0,1.0,1.0
SNPT-164,28,33,1,69.0,85.99176025390625,8.455300331115723,-85.57505798339844,1.304682970046997,0.8799068927764893,0.9696709513664246,0.0,0.0,0.0,1.0,1.0
SNPT-068,4,30,0,318.0,1922.9140625,-1901.1427001953125,288.5395202636719,0.8146284222602844,0.6984046101570129,0.9434458613395691,0.0,0.0,0.0,0.0,1.0
SNPT-066,17,40,0,49.0,1904.630859375,-1883.7889404296875,-280.9947204589844,1.0057517290115356,0.8717228770256042,0.9620972275733948,0.0,1.0,1.0,0.0,1.0
SNPT-070,5,21,0,243.0,1895.6319580078125,1894.084716796875,76.5742416381836,1.4113836288452148,0.9150975942611694,0.9288251399993896,0.0,1.0,1.0,1.0,1.0
SNPT-162,2,30,0,372.0,1935.5513916015625,1889.2928466796875,-420.632568359375,2.0873477458953857,0.7408682107925415,0.8581371903419495,0.0,0.0,0.0,1.0,1.0
SNPT-068,37,29,0,317.0,1911.2034912109375,-1891.4246826171875,274.24749755859375,0.9371113777160645,0.7928897142410278,0.9640182852745056,0.0,0.0,0.0,0.0,1.0
SNPT-077,5,30,1,217.0,59.63827133178711,9.789328575134277,-58.829349517822266,0.6772148013114929,0.9273079633712769,0.9784719944000244,0.0,0.0,0.0,1.0,1.0
SNPT-159,15,35,1,140.0,44.87694549560547,-7.638971328735352,-44.22201156616211,1.1122018098831177,0.9422325491905212,0.9924539923667908,0.0,0.0,0.0,1.0,1.0
SNPT-114,14,32,0,460.0,1938.1771240234375,1888.0184326171875,438.0832824707031,0.7429909706115723,0.6680862307548523,0.8375122547149658,0.0,0.0,0.0,0.0,1.0
SNPT-111,40,30,0,256.0,279.084228515625,3.5280075073242188,279.06195068359375,0.17563968896865845,0.6954668760299683,0.8299933671951294,0.0,0.0,0.0,0.0,1.0
SNPT-158,8,40,0,345.0,365.5955810546875,-1.5138447284698486,-365.5924377441406,1.5627784729003906,0.6500293612480164,0.8728759288787842,0.0,0.0,0.0,0.0,1.0
SNPT-098,10,30,0,145.0,88.61910247802734,-1.5992341041564941,88.60466766357422,0.6117972731590271,0.6376687288284302,0.917515218257904,0.0,1.0,0.0,0.0,1.0
SNPT-114,14,20,0,4.0,1897.2542724609375,1891.5184326171875,-147.41673278808594,1.4209051132202148,0.7360095381736755,0.9699581861495972,0.0,0.0,0.0,1.0,1.0
SNPT-154,38,47,0,1.0,1882.060302734375,-1880.525146484375,75.99879455566406,0.9865832328796387,0.8152793645858765,0.9735814929008484,0.0,0.0,0.0,1.0,1.0
SNPT-073,4,27,0,49.0,1895.6683349609375,1894.886962890625,-54.42341232299805,1.0649863481521606,0.6624942421913147,0.9247040748596191,0.0,0.0,0.0,1.0,1.0
SNPT-166,15,23,0,209.0,1926.81494140625,1902.9686279296875,-302.20245361328125,1.8762507438659668,0.46132123470306396,0.8992289304733276,0.0,0.0,0.0,1.0,1.0
SNPT-061,2,26,0,136.0,1912.92041015625,1901.0,213.22206115722656,0.7733425498008728,0.8653113842010498,0.9894902110099792,0.0,1.0,1.0,1.0,1.0
SNPT-165,15,30,1,259.0,390.6736145019531,-6.1283392906188965,390.62554931640625,0.5842293500900269,0.8593740463256836,0.9623019099235535,1.0,0.0,1.0,1.0,1.0
SNPT-060,17,34,1,165.0,135.0374298095703,14.894989967346191,134.21343994140625,0.8683010339736938,0.9448421001434326,0.986015260219574,1.0,0.0,1.0,1.0,1.0
SNPT-115,16,27,0,137.0,288.3144836425781,-16.437591552734375,287.8455505371094,0.8797746896743774,0.8497170209884644,0.9879157543182373,0.0,1.0,1.0,1.0,1.0
SNPT-111,14,30,0,320.0,513.0564575195312,5.2410430908203125,513.0296630859375,0.6374273300170898,0.6737836599349976,0.9820423722267151,0.0,0.0,0.0,1.0,1.0
SNPT-072,23,30,0,402.0,1906.2298583984375,-1905.9464111328125,-32.87476348876953,0.6830924153327942,0.7176952958106995,0.9017500877380371,0.0,0.0,0.0,1.0,1.0
SNPT-068,6,31,0,8.0,1892.4208984375,-1891.2435302734375,66.74479675292969,0.9090661406517029,0.8186230659484863,0.9660725593566895,0.0,1.0,1.0,0.0,1.0
SNPT-064,16,31,0,396.0,429.1993713378906,-409.3231506347656,-129.0994110107422,1.8729881048202515,0.7699406147003174,0.9331324696540833,0.0,1.0,1.0,1.0,1.0
SNPT-102,6,27,0,467.0,164.0380401611328,-0.7309702038764954,-164.03640747070312,1.2278964519500732,0.6376194953918457,0.8907424211502075,0.0,0.0,0.0,0.0,1.0
SNPT-065,15,37,1,109.0,32.818904876708984,11.522355079650879,-30.729721069335938,0.5600261092185974,0.824196457862854,0.9663912057876587,1.0,0.0,1.0,1.0,1.0
SNPT-103,19,27,0,312.0,104.09957885742188,0.41621366143226624,104.09874725341797,1.264585256576538,0.7341800928115845,0.9006381034851074,0.0,0.0,0.0,1.0,1.0
SNPT-111,33,26,0,19.0,1882.1343994140625,-1868.609375,225.230224609375,0.9112927317619324,0.8765347599983215,0.9616221189498901,0.0,1.0,1.0,1.0,1.0
SNPT-106,10,17,0,91.0,170.84384155273438,-4.255471229553223,170.7908477783203,0.9102047681808472,0.6632049083709717,0.9085405468940735,0.0,0.0,0.0,0.0,1.0
SNPT-067,14,36,0,244.0,283.95452880859375,-7.42943811416626,283.8573303222656,0.728884756565094,0.6930415630340576,0.9165247082710266,0.0,0.0,0.0,0.0,1.0
SNPT-163,40,12,0,14.0,87.8487548828125,19.952333450317383,-85.5529556274414,0.9302088618278503,0.6972579956054688,0.9434029459953308,0.0,0.0,0.0,1.0,1.0
SNPT-101,29,41,0,242.0,152.2018585205078,4.762997627258301,-152.1273193359375,1.3232935667037964,0.667598307132721,0.9218127727508545,0.0,0.0,0.0,0.0,1.0
SNPT-163,3,33,0,310.0,93.32528686523438,-5.1378045082092285,-93.18375396728516,1.5105448961257935,0.6755086183547974,0.9047232270240784,0.0,0.0,0.0,0.0,1.0
SNPT-066,29,41,0,153.0,5.683900833129883,-0.5312153697013855,5.659022808074951,0.7853397130966187,0.9119683504104614,0.9874542951583862,0.0,1.0,1.0,1.0,1.0
SNPT-163,1,18,1,188.0,23.737775802612305,-5.107637405395508,-23.181760787963867,1.1969435214996338,0.8783833980560303,0.9252158403396606,1.0,0.0,1.0,1.0,1.0
SNPT-109,20,26,0,92.0,36.39167785644531,-16.135236740112305,-32.619140625,1.21428382396698,0.6281193494796753,0.9295964241027832,0.0,0.0,0.0,0.0,1.0
SNPT-154,50,42,1,314.0,1857.678466796875,-1856.2091064453125,73.87150573730469,0.9161962270736694,0.7126773595809937,0.9445530772209167,0.0,0.0,0.0,1.0,0.0
SNPT-163,4,35,0,300.0,393.5697326660156,18.238197326660156,393.1469421386719,0.5235569477081299,0.7362338304519653,0.9513669610023499,0.0,1.0,1.0,0.0,0.0
SNPT-158,16,32,0,1.0,1904.0582275390625,1888.7340087890625,241.0845184326172,0.8332027792930603,0.5931931138038635,0.9197932481765747,0.0,1.0,1.0,0.0,1.0
SNPT-071,1,25,0,143.0,1407.519287109375,1406.9476318359375,40.1111946105957,0.5665351748466492,0.8460750579833984,0.9654513001441956,0.0,0.0,0.0,1.0,1.0
SNPT-170,38,9,0,35.0,839.4970703125,839.2947387695312,18.430782318115234,1.1917918920516968,0.5883978009223938,0.9246675968170166,0.0,0.0,0.0,0.0,1.0
SNPT-105,2,29,1,113.0,7.069212913513184,1.3998762369155884,-6.929222106933594,0.6404039263725281,0.8816647529602051,0.9899595975875854,1.0,0.0,0.0,1.0,1.0
SNPT-167,32,10,1,64.0,207.64096069335938,-3.85225510597229,207.605224609375,1.607585072517395,0.8510773181915283,0.9729936718940735,1.0,0.0,1.0,1.0,1.0
SNPT-066,36,39,0,326.0,177.2614288330078,176.60459899902344,15.245594024658203,0.5894858241081238,0.7607455253601074,0.8324158191680908,0.0,0.0,0.0,1.0,1.0
SNPT-109,16,31,1,50.0,11.931303024291992,8.884873390197754,-7.963353633880615,0.8000626564025879,0.8507086038589478,0.9774742722511292,1.0,0.0,1.0,1.0,0.0
SNPT-064,19,33,0,131.0,163.41836547851562,-1.1377735137939453,163.41441345214844,1.1088987588882446,0.827290415763855,0.9864315390586853,0.0,0.0,0.0,1.0,1.0
SNPT-063,6,43,0,523.0,46.812347412109375,9.317279815673828,-45.87574768066406,1.127167820930481,0.7031813859939575,0.9148005843162537,0.0,0.0,0.0,0.0,1.0
SNPT-159,17,44,0,459.0,226.72950744628906,-4.108680248260498,-226.69227600097656,2.1049838066101074,0.7420238256454468,0.8794131278991699,0.0,0.0,0.0,1.0,1.0
SNPT-101,9,36,0,392.0,1934.5740966796875,-1897.021240234375,379.32464599609375,0.7444923520088196,0.6939371824264526,0.9040968418121338,0.0,1.0,0.0,0.0,1.0
SNPT-069,7,21,0,4.0,1899.7574462890625,-1893.096923828125,-158.94244384765625,1.5206356048583984,0.8438087105751038,0.9548476338386536,0.0,1.0,1.0,1.0,1.0
SNPT-101,10,35,0,168.0,1899.614013671875,1898.8629150390625,53.41566467285156,1.1362754106521606,0.7583062648773193,0.8957696557044983,0.0,0.0,0.0,0.0,1.0
SNPT-158,10,38,0,290.0,224.61196899414062,172.8668975830078,143.41400146484375,1.3960813283920288,0.6776565909385681,0.9359076619148254,0.0,1.0,1.0,0.0,1.0
SNPT-165,10,29,0,255.0,748.6802368164062,226.0968780517578,713.7242431640625,1.6894439458847046,0.7538009881973267,0.9608286023139954,0.0,0.0,0.0,1.0,1.0
SNPT-164,24,36,1,231.0,28.735641479492188,-3.780163526535034,28.485918045043945,0.9613118767738342,0.9187310934066772,0.9825654625892639,0.0,0.0,0.0,1.0,1.0
SNPT-113,14,22,0,96.0,1903.7574462890625,-1900.7783203125,-106.46068572998047,1.318698763847351,0.7053472995758057,0.9566419124603271,0.0,1.0,1.0,1.0,1.0
SNPT-074,1,29,0,687.0,1900.906982421875,1892.6986083984375,-176.46255493164062,0.9680307507514954,0.5928053259849548,0.9029657244682312,0.0,0.0,0.0,0.0,1.0
SNPT-157,4,30,1,159.0,54.50791931152344,19.045249938964844,51.072418212890625,0.8734832406044006,0.9592899084091187,0.9842851161956787,1.0,0.0,1.0,1.0,1.0
SNPT-110,36,33,1,352.0,75.69775390625,-3.0469002723693848,75.63640594482422,0.6540917754173279,0.8158608675003052,0.9741563200950623,0.0,1.0,0.0,1.0,1.0
SNPT-110,20,27,1,67.0,140.4495849609375,-0.4205467402935028,140.44895935058594,0.7903600335121155,0.9642013311386108,0.9921709299087524,1.0,0.0,1.0,1.0,1.0
SNPT-157,2,31,1,243.0,49.75269317626953,3.7753779888153076,-49.60924530029297,1.0119688510894775,0.9732376933097839,0.988592803478241,0.0,0.0,0.0,1.0,1.0
SNPT-167,31,27,0,216.0,47.09000015258789,4.524433135986328,-46.87213897705078,0.8999181389808655,0.8098777532577515,0.9297279715538025,0.0,1.0,1.0,1.0,1.0
SNPT-159,51,49,0,300.0,1322.8232421875,-1319.4151611328125,-94.89396667480469,1.2371972799301147,0.6983469724655151,0.9076719880104065,0.0,0.0,0.0,0.0,0.0
SNPT-112,13,19,0,110.0,129.22299194335938,-41.0989875793457,122.5130844116211,0.7601126432418823,0.8258435726165771,0.9779900312423706,0.0,0.0,0.0,1.0,1.0
SNPT-064,21,32,0,151.0,1037.7255859375,-1015.0953369140625,-215.53636169433594,2.2817163467407227,0.8587732315063477,0.9603220224380493,0.0,1.0,1.0,1.0,1.0
SNPT-060,6,25,0,245.0,138.66648864746094,-1.1658716201782227,138.66159057617188,0.9733118414878845,0.9003511071205139,0.9901898503303528,0.0,0.0,0.0,1.0,1.0
SNPT-102,5,26,0,325.0,89.61373138427734,-6.997150421142578,-89.34013366699219,0.9190505146980286,0.7703039646148682,0.9928607940673828,0.0,0.0,0.0,1.0,1.0
SNPT-073,7,33,1,299.0,94.28807067871094,-11.499512672424316,93.58419036865234,0.9887173175811768,0.8586773872375488,0.9889437556266785,0.0,0.0,0.0,1.0,1.0
SNPT-157,8,22,0,166.0,217.4027557373047,-3.3902463912963867,217.37631225585938,0.4756094515323639,0.6938126087188721,0.9065694212913513,0.0,0.0,0.0,0.0,0.0
SNPT-158,6,33,0,268.0,527.070556640625,524.6281127929688,50.6827392578125,0.9818183183670044,0.8614178895950317,0.9734354615211487,0.0,0.0,0.0,1.0,1.0
SNPT-170,38,34,1,170.0,22.295366287231445,4.344208717346191,-21.868040084838867,1.7576826810836792,0.6942827701568604,0.9494990706443787,0.0,0.0,0.0,1.0,1.0
SNPT-155,6,26,0,285.0,42.06730270385742,-5.280810356140137,41.734527587890625,0.9909440279006958,0.6238657832145691,0.7895955443382263,0.0,1.0,0.0,0.0,1.0
SNPT-062,22,25,1,370.0,55.42964172363281,6.747263431549072,55.01744842529297,0.7796566486358643,0.9391791820526123,0.9633594155311584,0.0,0.0,0.0,1.0,1.0
SNPT-154,4,38,0,277.0,1869.009033203125,1868.877197265625,-22.202821731567383,1.0843045711517334,0.8747943043708801,0.9836169481277466,0.0,0.0,0.0,1.0,1.0
SNPT-107,14,24,1,308.0,21.530309677124023,-4.462878227233887,21.06269073486328,0.5769733786582947,0.8914089798927307,0.940827488899231,0.0,0.0,0.0,1.0,1.0
SNPT-074,1,22,0,114.0,121.19337463378906,16.698665618896484,120.03744506835938,0.557415246963501,0.7864211797714233,0.947664201259613,0.0,0.0,0.0,0.0,1.0
SNPT-154,3,23,0,149.0,107.10265350341797,6.538449764251709,106.90288543701172,1.0929903984069824,0.5407509803771973,0.9042642116546631,0.0,0.0,0.0,0.0,1.0
SNPT-102,20,23,0,233.0,108.78976440429688,2.821964979171753,-108.75315856933594,1.195700764656067,0.9337701797485352,0.9091572165489197,0.0,1.0,1.0,1.0,1.0
SNPT-065,21,40,0,563.0,1874.4122314453125,1868.509521484375,148.63851928710938,0.26274412870407104,0.5950778722763062,0.8843291997909546,0.0,0.0,0.0,0.0,1.0
SNPT-060,16,32,1,152.0,66.96125793457031,47.84589767456055,46.846343994140625,0.6995563507080078,0.9286215305328369,0.9890522956848145,0.0,0.0,0.0,1.0,1.0
SNPT-067,18,31,1,223.0,246.65248107910156,2.890169620513916,246.6355438232422,0.7869267463684082,0.8161993026733398,0.9637528657913208,0.0,0.0,0.0,1.0,1.0
SNPT-077,9,30,0,645.0,2002.11767578125,1899.8797607421875,631.6107177734375,0.7780540585517883,0.718206524848938,0.8864365220069885,0.0,0.0,0.0,0.0,1.0
SNPT-068,3,24,0,126.0,176.62026977539062,-1.3425837755203247,-176.6151580810547,1.2033032178878784,0.7691994905471802,0.8966339826583862,0.0,0.0,0.0,0.0,1.0
SNPT-154,27,48,1,120.0,185.31674194335938,3.5924127101898193,185.28192138671875,1.0829607248306274,0.7878457307815552,0.9560531377792358,0.0,1.0,1.0,1.0,1.0
SNPT-063,4,40,0,507.0,1874.8319091796875,1868.4598388671875,-154.44268798828125,1.3479864597320557,0.7483859062194824,0.9658222794532776,0.0,1.0,0.0,1.0,1.0
SNPT-105,3,30,0,210.0,40.31063461303711,5.439648628234863,-39.941925048828125,0.5242432951927185,0.7675645351409912,0.901141345500946,0.0,0.0,0.0,1.0,1.0
SNPT-060,12,37,0,578.0,1912.219482421875,-1893.9278564453125,263.8568115234375,0.6301981806755066,0.8106555342674255,0.9574816823005676,0.0,0.0,0.0,0.0,0.0
SNPT-098,7,36,0,276.0,19.24365234375,-4.925076484680176,18.60273551940918,0.5385916233062744,0.7815732359886169,0.9497284889221191,0.0,0.0,0.0,1.0,1.0
SNPT-165,4,26,0,566.0,1894.5360107421875,-1879.66943359375,236.87448120117188,1.2305243015289307,0.561142086982727,0.9172927141189575,0.0,1.0,1.0,0.0,1.0
SNPT-159,51,46,1,269.0,589.68603515625,578.0848388671875,-116.39396667480469,1.3055778741836548,0.8050978779792786,0.9571435451507568,0.0,0.0,0.0,1.0,0.0
SNPT-114,6,25,0,185.0,295.4636535644531,17.787090301513672,294.9277648925781,0.7087698578834534,0.602644681930542,0.8625433444976807,0.0,0.0,0.0,0.0,1.0
SNPT-159,55,37,1,33.0,32.83831787109375,-4.006049633026123,-32.59304428100586,1.027726650238037,0.9149954915046692,0.9511680006980896,1.0,0.0,1.0,1.0,1.0
SNPT-105,37,17,0,506.0,1915.6796875,-1902.1265869140625,227.47035217285156,1.3463126420974731,0.6398724317550659,0.897565484046936,0.0,0.0,0.0,0.0,1.0
SNPT-154,5,38,1,177.0,79.01591491699219,76.22135925292969,-20.82830238342285,1.1290373802185059,0.9192582964897156,0.9896343350410461,0.0,0.0,0.0,1.0,1.0
SNPT-159,17,37,0,411.0,463.94073486328125,-11.108680725097656,463.8077087402344,0.8601505160331726,0.7694382071495056,0.9694086313247681,0.0,1.0,1.0,1.0,1.0
SNPT-168,17,26,1,389.0,107.87120819091797,2.2700698375701904,107.84732055664062,1.2625422477722168,0.7622076272964478,0.9406587481498718,0.0,0.0,0.0,1.0,0.0
SNPT-074,2,27,0,527.0,70.1236572265625,14.71130657196045,-68.56314086914062,0.6660106182098389,0.8881275057792664,0.972090482711792,0.0,0.0,0.0,1.0,1.0
SNPT-169,10,31,0,173.0,422.4541931152344,344.7222595214844,-244.2009735107422,1.0597907304763794,0.928134024143219,0.9851527810096741,0.0,0.0,0.0,1.0,1.0
SNPT-101,6,40,1,648.0,1900.9822998046875,-1900.6202392578125,37.09557342529297,0.9628658294677734,0.9238433837890625,0.9840651750564575,0.0,0.0,0.0,1.0,1.0
SNPT-108,7,21,0,106.0,10.536246299743652,6.920684337615967,-7.944597244262695,0.6797478795051575,0.7142933011054993,0.9871799945831299,0.0,0.0,0.0,1.0,1.0
SNPT-064,14,25,0,69.0,54.24436569213867,-2.4272806644439697,-54.19002914428711,1.6822298765182495,0.7850219011306763,0.9537296891212463,0.0,0.0,0.0,1.0,1.0
SNPT-164,3,33,0,423.0,1905.6038818359375,1904.787109375,55.7892951965332,0.9504594802856445,0.5227567553520203,0.9194318056106567,0.0,0.0,0.0,0.0,1.0
SNPT-108,3,24,0,111.0,204.42539978027344,14.333608627319336,-203.92225646972656,1.031628131866455,0.6535584926605225,0.9196449518203735,0.0,1.0,0.0,0.0,1.0
SNPT-101,32,40,1,108.0,67.06307220458984,2.5611884593963623,-67.01415252685547,0.9657440781593323,0.823239266872406,0.9881914854049683,0.0,0.0,0.0,1.0,1.0
SNPT-158,24,40,0,196.0,1902.6163330078125,1902.3743896484375,-30.346391677856445,0.803398847579956,0.5875642895698547,0.9171669483184814,0.0,0.0,0.0,0.0,1.0
SNPT-162,7,42,0,202.0,89.42610931396484,6.712460041046143,-89.173828125,0.9245607256889343,0.7317469120025635,0.917450487613678,1.0,0.0,0.0,0.0,1.0
SNPT-073,12,26,1,156.0,4.835513591766357,-4.821433067321777,-0.368749737739563,0.73658287525177,0.9345281720161438,0.9881763458251953,0.0,0.0,0.0,1.0,1.0
SNPT-111,35,39,0,43.0,73.04049682617188,-5.768242835998535,72.81237030029297,0.7907503843307495,0.6590633392333984,0.9393652677536011,0.0,0.0,0.0,1.0,1.0
SNPT-072,23,35,1,454.0,55.942169189453125,-5.946386814117432,55.62523651123047,0.4854300618171692,0.7220643162727356,0.8989935517311096,0.0,0.0,0.0,0.0,1.0
SNPT-159,20,34,0,130.0,1602.300537109375,1598.9383544921875,-103.74628448486328,1.4009467363357544,0.6479699611663818,0.9086034893989563,0.0,0.0,0.0,0.0,1.0
SNPT-105,37,16,0,505.0,1911.5120849609375,-1893.1993408203125,263.9601135253906,1.4878246784210205,0.7455880641937256,0.9606119990348816,0.0,0.0,0.0,1.0,1.0
SNPT-102,9,26,1,225.0,13.004178047180176,3.827455759048462,-12.428162574768066,0.7817277908325195,0.7855633497238159,0.9843745827674866,0.0,0.0,0.0,1.0,1.0
SNPT-066,8,27,1,63.0,779.4622802734375,-778.0750122070312,-46.48355484008789,1.1994434595108032,0.958187460899353,0.9824702739715576,1.0,0.0,1.0,1.0,1.0
SNPT-060,6,20,0,176.0,271.2355651855469,6.334128379821777,271.1615905761719,0.8188738226890564,0.8742588758468628,0.9861316084861755,0.0,0.0,0.0,1.0,1.0
SNPT-154,19,23,0,5.0,691.472900390625,-686.0948486328125,86.0730209350586,1.0200625658035278,0.9196395874023438,0.9935578107833862,0.0,0.0,0.0,1.0,1.0
SNPT-071,4,24,0,136.0,125.17180633544922,18.21039390563965,-123.84007263183594,0.8033738136291504,0.6819837093353271,0.9115968346595764,0.0,1.0,1.0,0.0,1.0
SNPT-115,16,24,0,96.0,5.387162208557129,-4.937592029571533,-2.154460906982422,1.313501000404358,0.7302865982055664,0.9150177240371704,0.0,1.0,1.0,0.0,1.0
SNPT-066,21,41,0,524.0,199.06980895996094,10.565286636352539,198.78924560546875,0.7887001037597656,0.687818169593811,0.9513049721717834,0.0,0.0,0.0,0.0,1.0
SNPT-108,2,37,0,473.0,34.632877349853516,1.749314546585083,34.58867263793945,0.8547654151916504,0.675433874130249,0.9513363838195801,0.0,1.0,1.0,1.0,1.0
SNPT-151,1,24,0,343.0,1239.2303466796875,947.6526489257812,-798.527587890625,2.5467300415039062,0.7456064820289612,0.81967693567276,0.0,0.0,0.0,0.0,1.0
SNPT-068,3,34,0,645.0,525.1534423828125,-6.342583656311035,-525.1151733398438,1.0654544830322266,0.7133135795593262,0.9311899542808533,0.0,0.0,0.0,0.0,1.0
SNPT-104,11,23,1,65.0,33.28831481933594,-2.1690869331359863,-33.21757125854492,1.173815369606018,0.9488354921340942,0.9910438060760498,0.0,0.0,0.0,1.0,1.0
SNPT-157,4,27,0,149.0,426.577880859375,23.545249938964844,-425.9275817871094,1.2157292366027832,0.850140392780304,0.9633879065513611,0.0,1.0,1.0,1.0,1.0
SNPT-159,9,54,1,130.0,4.970594882965088,0.7221282720565796,4.91786003112793,1.1770298480987549,0.9343034029006958,0.9240819215774536,1.0,0.0,1.0,1.0,1.0
SNPT-067,18,36,0,243.0,277.73980712890625,-7.609830379486084,277.63555908203125,0.7166723608970642,0.7428518533706665,0.9292176961898804,0.0,0.0,0.0,0.0,1.0
SNPT-102,11,32,0,410.0,161.0526123046875,-7.469143867492676,-160.8793182373047,0.9237902164459229,0.7609565258026123,0.9510036706924438,0.0,0.0,0.0,1.0,1.0
SNPT-154,3,52,0,310.0,1908.5770263671875,1899.92626953125,181.51112365722656,1.0842959880828857,0.6515883207321167,0.9063692092895508,0.0,1.0,0.0,1.0,1.0
SNPT-162,18,37,1,179.0,157.85116577148438,137.3470916748047,77.79951477050781,1.2666423320770264,0.9101525545120239,0.9857668876647949,0.0,0.0,0.0,1.0,1.0
SNPT-063,12,25,0,80.0,49.145973205566406,-0.3314899802207947,49.14485549926758,1.1066941022872925,0.7925641536712646,0.953985869884491,0.0,1.0,1.0,0.0,1.0
SNPT-162,20,34,1,155.0,219.1035614013672,-0.07930701971054077,219.10354614257812,0.8380661010742188,0.9096226692199707,0.9841508269309998,0.0,0.0,0.0,1.0,1.0
SNPT-106,6,20,0,216.0,35.91472244262695,7.824812412261963,35.05195617675781,1.1626532077789307,0.8377347588539124,0.9817150831222534,0.0,0.0,0.0,1.0,1.0
SNPT-113,24,30,0,174.0,31.702835083007812,-13.460456848144531,-28.703413009643555,0.9524939656257629,0.9482326507568359,0.9925767779350281,0.0,0.0,0.0,1.0,1.0
SNPT-155,8,22,0,178.0,348.0754699707031,-16.706911087036133,347.6742858886719,0.6429508328437805,0.7563567161560059,0.94078129529953,0.0,1.0,1.0,0.0,1.0
SNPT-062,30,7,1,38.0,18.02912712097168,-4.563357353210449,17.442052841186523,1.2468538284301758,0.9840232133865356,0.9448956847190857,0.0,0.0,0.0,1.0,1.0
SNPT-158,5,29,0,174.0,185.39141845703125,-0.287932425737381,185.3911895751953,0.6375104188919067,0.7630365490913391,0.9739592671394348,0.0,0.0,0.0,1.0,1.0
SNPT-067,5,25,0,329.0,1905.3509521484375,1903.997314453125,71.8068618774414,0.8168944120407104,0.7462588548660278,0.9745714068412781,0.0,0.0,0.0,1.0,1.0
SNPT-153,3,9,1,76.0,88.0657958984375,13.277888298034668,87.05906677246094,0.9643667936325073,0.881482720375061,0.9872848987579346,0.0,1.0,0.0,1.0,1.0
SNPT-072,12,24,1,160.0,28.652667999267578,4.7840447425842285,28.250457763671875,0.9600837826728821,0.9711987972259521,0.9795941710472107,1.0,0.0,0.0,1.0,1.0
SNPT-063,45,41,1,53.0,87.39598846435547,87.28948974609375,4.313210487365723,1.1649831533432007,0.9425203800201416,0.9896368384361267,0.0,0.0,0.0,1.0,1.0
SNPT-161,6,39,1,493.0,42.31853485107422,-2.9749958515167236,42.213836669921875,1.175101637840271,0.849228024482727,0.9596683382987976,0.0,0.0,0.0,1.0,1.0
SNPT-111,2,22,1,112.0,71.71688842773438,13.459443092346191,-70.44256591796875,1.256518006324768,0.8451895713806152,0.904872715473175,0.0,0.0,0.0,1.0,1.0
SNPT-162,1,29,0,212.0,390.1993408203125,-14.02748966217041,389.9471130371094,1.2430541515350342,0.8809778690338135,0.933854877948761,0.0,0.0,0.0,1.0,1.0
SNPT-111,2,36,0,83.0,150.70408630371094,12.582313537597656,-150.17791748046875,1.3181737661361694,0.7767904996871948,0.9109482765197754,0.0,0.0,0.0,1.0,1.0
SNPT-113,15,34,0,394.0,14.831459045410156,-12.231169700622559,-8.38872241973877,1.277914047241211,0.5142108798027039,0.9526244401931763,0.0,0.0,0.0,1.0,1.0
SNPT-154,23,46,1,75.0,19.11700439453125,13.694342613220215,13.338846206665039,1.6738473176956177,0.864756166934967,0.9724525213241577,0.0,0.0,0.0,0.0,0.0
SNPT-105,6,28,0,204.0,43.007301330566406,4.422797203063965,42.77928161621094,0.6725035905838013,0.7859727144241333,0.9641013741493225,0.0,0.0,0.0,1.0,1.0
SNPT-158,8,30,1,236.0,1297.7178955078125,-1271.0137939453125,261.9075622558594,1.697884440422058,0.7278404235839844,0.9477183818817139,0.0,0.0,0.0,1.0,1.0
SNPT-113,13,33,0,549.0,47.17104721069336,-2.789830446243286,-47.08847427368164,1.2377839088439941,0.7024106979370117,0.9582200050354004,0.0,0.0,0.0,1.0,1.0
