round,train_auc,val_auc,train_logloss,val_logloss,train_aucpr,val_aucpr,train_error,val_error
0,0.93305534639322,0.8685147623894114,0.6637043500383129,0.6660916878798913,0.6201664496956404,0.4809941055373407,0.14602540132808975,0.17864827586206897
1,0.9555003484528388,0.8928838088913591,0.634638483327882,0.6372387862534359,0.6776890954369412,0.5347298443464992,0.10631164979691832,0.11652413793103449
2,0.9604108060144948,0.9091729164110226,0.6087408741463791,0.6126044233519455,0.7282536025331933,0.5840553190272002,0.10141190123138417,0.11084137931034482
3,0.9624969347875738,0.9165607759066641,0.5844655352337864,0.5882837421515892,0.7385576359516428,0.6099479890694984,0.1019276642382825,0.10846896551724138
4,0.9643001527380695,0.9176366702998193,0.5617704525590904,0.5658393767110232,0.7458084072385377,0.6147472242922775,0.09664109341757463,0.09980689655172414
5,0.9644040577039941,0.9187593866468408,0.5415432677263756,0.5463234939262784,0.7470397803339591,0.616154536091249,0.09509380439687963,0.09831724137931035
6,0.9659885686056993,0.921947634480784,0.5236162796052634,0.5286852634610801,0.7618172826062893,0.6274710848422729,0.09928437882792857,0.0991448275862069
7,0.9661419566786709,0.9239575137686861,0.5063617568890351,0.5115936443032889,0.7637514443467727,0.6368594048455639,0.10025143446586293,0.0993103448275862
8,0.9670475325868405,0.9243042512697989,0.4892821077063577,0.49490129250822396,0.7662527170258565,0.6411235319877995,0.10154084198310877,0.10041379310344828
9,0.9676214792753405,0.9249756867500607,0.4740849553397435,0.480360829634502,0.7694603346484052,0.642507561004485,0.09896202694861711,0.09677241379310345
10,0.9682141613578802,0.9254433288339986,0.46074251895808255,0.4678842969943737,0.7765965963002622,0.647094238960446,0.09967120108310232,0.09958620689655172
11,0.9689555476648817,0.9255257604958411,0.4473839095721553,0.45472433025590303,0.7773097646022561,0.6472059836081556,0.09631874153826317,0.09638620689655172
12,0.9692837675526427,0.9268015023447068,0.4365504626901612,0.44532287551781224,0.778201670014637,0.6493927263360793,0.10044484559344981,0.1006896551724138
13,0.9696788676990591,0.9263942524006478,0.4245514737615179,0.43394366315973215,0.7789404202843814,0.6473885957084183,0.09934884920379086,0.0992
14,0.9698766408126726,0.9263171381343881,0.41440299299543965,0.42427435384947676,0.7794970495111274,0.6479468109141462,0.10237895686931855,0.1023448275862069
15,0.9700775683548744,0.9268937988580833,0.40569447171552814,0.4163702005427459,0.7826331851668742,0.6479368360315996,0.10186319386242022,0.1024
16,0.9706486792439364,0.9274292918720841,0.3953762056614504,0.4068346648997274,0.7838105080062131,0.6479737171592873,0.10038037521758753,0.10140689655172413
17,0.9711291401397278,0.9280916565010575,0.3854480223655393,0.39684020274178733,0.785247715176222,0.6483016712539891,0.09786603055895816,0.09897931034482758
18,0.9711605251110359,0.9280403592730807,0.3768126302360374,0.3881733159550305,0.7853582101147318,0.6481600153737062,0.09805944168654503,0.09826206896551724
19,0.9717187952453393,0.9288613555268432,0.3683457488894086,0.3803208382228325,0.7870799351378257,0.6483840998123694,0.09625427116240087,0.09671724137931034
20,0.9719125217687435,0.9289045202674577,0.36076758937873815,0.3732345650130305,0.7883714082948884,0.6472841053120376,0.09631874153826317,0.09627586206896552
21,0.9724865003201586,0.929471123654711,0.35253981283413327,0.36526428371133474,0.791815018435062,0.6475771595545119,0.09425568951066984,0.09544827586206897
22,0.9727738719508465,0.9298279184922658,0.345861869889804,0.35889235587366697,0.7940887901974015,0.6499482660438689,0.09451357101411902,0.09566896551724138
23,0.9729862064166303,0.9301918593320293,0.3396497093365399,0.353417079362376,0.7946217098019474,0.6504794233199733,0.0938688672554961,0.09517241379310344
24,0.9733372401515553,0.9304585952932628,0.3340884652818535,0.3478643860093478,0.7957296695490572,0.6509857161564154,0.09341757462446006,0.09478620689655172
25,0.9734324784045907,0.9306741783902006,0.3287721984941027,0.34287158448531707,0.7968413784264059,0.6516015062194381,0.09380439687963381,0.09555862068965518
26,0.9738392085149944,0.931102721977205,0.32297579760835354,0.3374536007387885,0.7981107440896432,0.6512794249819449,0.09199922635548965,0.09528275862068966
27,0.9743462430819239,0.9310809952432167,0.31713656243267085,0.33222316433273513,0.7996608034933658,0.6507589594192539,0.09225710785893881,0.09473103448275862
28,0.9746533697199327,0.931204426190459,0.3119457526433038,0.3272375971720137,0.8004259633579559,0.6507469713544236,0.09116111146927987,0.0944
29,0.9748922141310243,0.9317698987288778,0.3067070216105713,0.32265164346324987,0.8007851134028038,0.6511916124923953,0.09045193733479466,0.09401379310344828
30,0.9752174389047722,0.932113267744101,0.30212073901925296,0.3182094113945961,0.8033783699864026,0.6522036792225764,0.09032299658307008,0.09390344827586207
31,0.9756152792618815,0.9322299857801775,0.2972660275384756,0.3141353274156307,0.8047293683888079,0.6522575525033698,0.08909805944168654,0.09417931034482759
32,0.9761332428086675,0.9324298813571148,0.2921131689978802,0.3094818977610818,0.807576691361834,0.6519522466857397,0.08877570756237509,0.09384827586206897
33,0.9761828852302898,0.9325758089779773,0.28796666391670844,0.3054554503810817,0.8078326529410942,0.6519137670100176,0.08832441493133905,0.09368275862068966
34,0.976609880154655,0.9328334500273088,0.2833911196645305,0.30122969206366046,0.8088704546299859,0.652561230612908,0.08722841854168009,0.0928551724137931
35,0.9770030366632544,0.9328299131171247,0.27935540456937014,0.2970189322578496,0.8107395625320306,0.6538336079678253,0.08671265553478177,0.09274482758620689
36,0.9773972127851348,0.9328246438427688,0.27565314128431023,0.29380814321205534,0.8125045910110174,0.6541380232534156,0.08606795177615885,0.09235862068965517
37,0.9776881530623065,0.9330713132523453,0.27232290507006573,0.2907258255452945,0.8143119980325532,0.6551732739015456,0.08613242215202115,0.09202758620689655
38,0.9778939237675934,0.9332279959674412,0.2690384042998146,0.2876883357298785,0.8150940448354097,0.6552215151497226,0.08658371478305718,0.09268965517241379
39,0.9783493722750835,0.9333905735328439,0.2651545617439539,0.2845566194419203,0.8175394146679197,0.6559447204182878,0.08600348140029657,0.09219310344827586
40,0.9786180403746467,0.9339317448516302,0.2619707256711188,0.2813661029495042,0.8191836787852825,0.657219375968373,0.08458513313132615,0.09053793103448275
41,0.9787742961099715,0.9342449899787545,0.259091422645791,0.27898204125988074,0.8203562310158086,0.6585844781220912,0.0835536071175295,0.09031724137931034
42,0.9791785409130025,0.9343840362641567,0.25546333918278424,0.2753992661950917,0.822163482553115,0.6584822490582972,0.08194184772097221,0.09020689655172413
43,0.9795998961014066,0.9345680277755722,0.2523374533076945,0.272691915255785,0.8240493727822065,0.659288329495523,0.08110373283476242,0.08888275862068966
44,0.9796788842677749,0.9346304891282118,0.24931436605825008,0.26958855301593915,0.8245892080170408,0.660168689250756,0.08142608471407388,0.08882758620689656
45,0.9800847859423878,0.9345053498774112,0.24629214414275366,0.26746658985614774,0.8262534408815813,0.659042584418622,0.07968538456579202,0.08937931034482759
46,0.9804317730871035,0.9347279586734902,0.2440602297490389,0.26551994425366665,0.8276157849608796,0.6601936738339304,0.07858938817613306,0.08926896551724138
47,0.9808351257285137,0.9348256688249037,0.24124661234494035,0.2632991605123569,0.8296673151419407,0.6604770763859994,0.07846044742440848,0.08871724137931035
48,0.980971052924047,0.9348482617409779,0.2390566029304958,0.2616207009440866,0.8309836111282101,0.6610554845553466,0.07858938817613306,0.08871724137931035
49,0.9810825731266645,0.9349858162683432,0.23682683268812338,0.25920705156984003,0.8316726738374013,0.6618909415319244,0.07884726967958224,0.08844137931034483
50,0.9813215449894164,0.9352333037387788,0.23460518532488395,0.25748787607632834,0.8332384281258217,0.6619792489917072,0.0783315066726839,0.0880551724137931
51,0.9816363187270332,0.9351246941294509,0.23223434526447587,0.255650056763353,0.8353804540162959,0.6634726516937749,0.0776223325381987,0.0880551724137931
52,0.9820232619672011,0.9354082965807462,0.2299489683629112,0.2537016524460809,0.8376319270542553,0.663663589202796,0.07704209915543808,0.08772413793103448
53,0.9822769544966985,0.9354954681834478,0.22783869267543705,0.2520236843102965,0.8390263030418657,0.6643753257368095,0.07704209915543808,0.08755862068965517
54,0.9822923442846597,0.9355670485086028,0.2269297420973022,0.25108013949558655,0.83940664262238,0.6653602699554618,0.07704209915543808,0.08794482758620689
55,0.9824037051727021,0.935561442385658,0.22499266172952032,0.24939189968314665,0.839700246861308,0.6654517127317645,0.07807362516923473,0.08855172413793104
56,0.982570603121648,0.9354587516872506,0.22327638531659605,0.24825662043947597,0.8403101390616061,0.6650400370868292,0.07742892141061182,0.08888275862068966
57,0.9829295707224164,0.935341552438904,0.2211028493642538,0.24664044446277208,0.8420897042522564,0.6644406969902513,0.07678421765198891,0.08893793103448276
58,0.9829630905090317,0.9355196009787857,0.21983039330821513,0.24580927598558625,0.8427003503711047,0.6653378164076603,0.07665527690026433,0.08866206896551725
59,0.9832636215236286,0.9356608849012432,0.21794746816830773,0.244504615101321,0.8441055284843959,0.6657814883238959,0.07626845464509058,0.08904827586206897
60,0.9834280341652019,0.9356909606681151,0.21686702202118122,0.24368521015489925,0.845081462726971,0.66650286816717,0.07678421765198891,0.08910344827586207
61,0.9836523490870382,0.9359368841986733,0.2149875494322162,0.2424824785081477,0.846640395766264,0.6672893537382639,0.07575269163819225,0.08860689655172414
62,0.9837207906285305,0.9360716476948729,0.21401211415087798,0.24162090274444942,0.8467348251806941,0.6676309613326293,0.0762039842692283,0.08871724137931035
63,0.9839400074839615,0.9361638479657954,0.21225693433214515,0.23996069327079017,0.8479400398232362,0.6680119976043644,0.07588163238991684,0.08877241379310345
64,0.9839786890628123,0.9362424780507054,0.21174224712800957,0.23944283793404184,0.8482739548127665,0.6688352114446221,0.0762039842692283,0.08932413793103448
65,0.9842073373410932,0.9363508470538981,0.2102402021040756,0.2387447361825869,0.8494102533378162,0.6691332973321646,0.076139513893366,0.08921379310344828
66,0.984309489846691,0.9365893358548856,0.20910190144916077,0.23754355893402265,0.8506830807653851,0.6698061047742049,0.07601057314164142,0.08926896551724138
67,0.9845364175275602,0.936804076830351,0.20745774200478542,0.23635178990179095,0.8527462048024438,0.6701970438843784,0.07568822126232996,0.08910344827586207
68,0.9846460259552757,0.9370435039952649,0.2061131373684882,0.23544652700860952,0.8534934805437743,0.6710589607353866,0.07536586938301851,0.08882758620689656
69,0.9848437672059741,0.9371679454882741,0.20472984687909682,0.23413754227988678,0.8549538258615955,0.6715140148778973,0.07478563600025788,0.08827586206896551
70,0.9851602296780877,0.9371751636723233,0.20264781968146092,0.23264866356875363,0.8567457377877469,0.6714404772312,0.07304493585197602,0.08849655172413794
71,0.985212676036233,0.9371028615287632,0.20204529973694083,0.23195941775261328,0.85714502756588,0.6718623986153698,0.07401199148991039,0.08866206896551725
72,0.9855443689817326,0.9372446507241041,0.19969117791807944,0.2303568182232051,0.8592110012477523,0.6723479375755254,0.07285152472438915,0.08772413793103448
73,0.9856871785669131,0.9374388439356427,0.1986016963497664,0.2295554271510449,0.8600410719352505,0.6724932459174673,0.07285152472438915,0.088
74,0.9857671544836475,0.9374855455864414,0.19802003973108726,0.22907844074594563,0.8605894348559191,0.6730340122740143,0.0731094062278383,0.0880551724137931
75,0.9859102189721483,0.9375110979579757,0.19708790640441515,0.22845292086734853,0.8616487365692626,0.6727494685615835,0.0724647024692154,0.0881655172413793
76,0.986014346978478,0.9375607590642346,0.19601203062882666,0.2276653278168933,0.8621230573644235,0.6728988043825511,0.07265811359680227,0.08783448275862069
77,0.9861266956168864,0.9376889058917224,0.1952404402211778,0.22678826582570527,0.8628454409707053,0.6735496675857102,0.0731094062278383,0.0881103448275862
78,0.9862047597587187,0.9376463907876723,0.19479526096918795,0.22631563261994,0.8633109250056503,0.6738224383086628,0.0731738766037006,0.0881103448275862
79,0.9863339320162648,0.9378076931405597,0.1940682136973838,0.2258684207807841,0.8642005105308411,0.6744534512570155,0.07291599510025143,0.0881655172413793
80,0.9864722170675106,0.9380088158087855,0.19293921597239036,0.22500662587526543,0.8651941829187626,0.6753209767683386,0.07259364322093997,0.08761379310344827
81,0.9867139928667855,0.9378984497746724,0.19149640668525808,0.22418107025243084,0.8662755735790377,0.6749662908631441,0.07156211720714331,0.08733793103448276
82,0.986816017920723,0.9379665413108703,0.19061822107649082,0.22344908589566576,0.8669891781831947,0.6745977596997265,0.0716910579588679,0.08722758620689655
83,0.9870386122451477,0.9380097782333254,0.18922412080159967,0.22229824609648566,0.8683434515325379,0.6746020574763064,0.07078847269679582,0.08700689655172414
84,0.9871953140612828,0.9380457247898907,0.1879546176692015,0.22133894472052826,0.869385208009486,0.6747604317451542,0.07046612081748437,0.0862896551724138
85,0.9875164285189914,0.9381934088355385,0.18612693642966732,0.2201988750527388,0.8719718463563836,0.6752007833107477,0.06937012442782542,0.0862344827586207
86,0.9876298604965109,0.9382522610961535,0.18540692840325224,0.2195835816850436,0.87254141329933,0.6757563003670285,0.06911224292437625,0.08645517241379311
87,0.9877017432328267,0.9382862346824119,0.1849582263150066,0.218938161331929,0.8729559669213302,0.6760560345912054,0.06885436142092709,0.08617931034482759
88,0.9877557190108935,0.9382362848487911,0.18467764158441802,0.2190204744900352,0.8734065670638254,0.6759395455896311,0.06878989104506479,0.08612413793103449
89,0.9879358082066634,0.9383161660856029,0.18371146165575306,0.218394745569856,0.8746879989414181,0.6762567983427638,0.06846753916575334,0.08612413793103449
90,0.9881233851874661,0.9383028605663387,0.1828127762161776,0.21757319533259703,0.8761073264234991,0.676487918842336,0.06846753916575334,0.0862344827586207
91,0.9883240259634326,0.9382772841341909,0.18154031008208904,0.2168478577811913,0.8778893794564354,0.6762553884352178,0.06769389465540585,0.08606896551724139
92,0.9884727939137244,0.9382499272166441,0.18043202773348024,0.21625986337923797,0.8789389902897434,0.6763181424764835,0.06717813164850751,0.0862896551724138
93,0.988620414799075,0.9382584927950492,0.1795445413623337,0.2156001623445287,0.880215431347443,0.6765407237717196,0.0665334278898846,0.08562758620689655
94,0.9888211511637865,0.9385272979690437,0.1784676087887331,0.21461229252237185,0.8816993008292804,0.6773510937922058,0.06634001676229773,0.08529655172413793
95,0.9890035344894389,0.9388352738218119,0.17736548433838295,0.21356255899757662,0.8830956557169336,0.6782296872558,0.06556637225195022,0.08502068965517241
96,0.9891410548307238,0.9389744885315086,0.17652057743984415,0.21314702968186344,0.8843114168823576,0.6785401626351684,0.06517954999677648,0.0849103448275862
97,0.989273094750623,0.9389386863386243,0.17565648328243555,0.21268987857642874,0.8852748371642345,0.6785743352437289,0.06466378698987815,0.0848
98,0.9894700075655305,0.9388503838870883,0.1743618395768169,0.21167648196896088,0.8868710189962568,0.6787434412438832,0.06395461285539294,0.08446896551724138
99,0.98952640492514,0.9388722549847576,0.1738042392313202,0.2113067643542228,0.887077247384724,0.6790025444563418,0.06369673135194379,0.08413793103448276
100,0.9896010278721487,0.9389014405089301,0.17300663396694083,0.21058900366799327,0.8874392257647086,0.6794166997026228,0.06350332022435691,0.08386206896551725
101,0.9897108593402695,0.9388883996564145,0.17236442092560406,0.2102127216932974,0.8880381324205836,0.67961910960996,0.06305202759332088,0.08408275862068966
102,0.9898154652903247,0.9389322862154339,0.1718055137479825,0.20978469879609243,0.888834170651992,0.6796341377473513,0.06260073496228483,0.08380689655172414
103,0.9898798283786925,0.9389095489356788,0.17127231653501088,0.20956457700076803,0.8892395946483815,0.6793197739203632,0.06234285345883567,0.08380689655172414
104,0.9899706376865383,0.9389054826919977,0.17067239087395744,0.20890940516580794,0.8898856703798117,0.6794213042742122,0.06202050157952421,0.08358620689655172
105,0.9901175894506732,0.9388848868068438,0.1693514401564941,0.207935188206722,0.8911602044539886,0.6795872018072894,0.06163367932435046,0.08364137931034482
106,0.9901676142272758,0.9388973983258625,0.16878355073403747,0.2077085390389094,0.8915459299925357,0.6799442989156873,0.06156920894848817,0.08380689655172414
107,0.9902876736911225,0.9388383054591126,0.16792731748186973,0.2070739723818184,0.892505398454987,0.680248003566089,0.06105344594158984,0.0833655172413793
108,0.9903794388864191,0.9388198750291735,0.16746056877327845,0.2068612221608645,0.8932017321380828,0.6802952052533908,0.06124685706917671,0.0833655172413793
109,0.9905028758192592,0.9387793088348166,0.16646285320608564,0.2063227337974541,0.8940684792535314,0.680245747667862,0.06111791631745213,0.08308965517241379
110,0.9906955190035523,0.9388737948640214,0.16477991576874465,0.20507722695390213,0.8957692637045076,0.6804361963384702,0.06053768293469151,0.08264827586206897
111,0.9907641517225346,0.9387209137258582,0.16419159297721297,0.20490037559246452,0.8962637892235003,0.6803034885752842,0.06027980143124234,0.08237241379310345
112,0.9908900102369174,0.938795044476044,0.16338223996037216,0.204612820428263,0.8974530933799673,0.6805526432623135,0.06021533105538005,0.08220689655172414
113,0.990998853954672,0.9388489883715055,0.16257345972216558,0.2040985311501242,0.898359360521513,0.6800995305360144,0.05995744955193089,0.08226206896551724
114,0.9911348448760354,0.9389043277825498,0.161569047364778,0.20361559627119066,0.8995615002025834,0.6805260881279934,0.05950615692089485,0.08193103448275862
115,0.9912770172029153,0.9389088511778874,0.1605686343969975,0.20318645080016476,0.9006257361528942,0.6804732432453466,0.05892592353813423,0.0814896551724138
116,0.9913665519941597,0.9391053301477081,0.15956239877540515,0.2025113119061651,0.901309377105287,0.6809696921751214,0.05853910128296048,0.08137931034482758
117,0.9915373372187397,0.9391138476048863,0.15842639784619605,0.20177204595061082,0.9026690306352622,0.6809108622373052,0.05828121977951131,0.08115862068965517
118,0.9917234166425358,0.9391366330058684,0.15714827921262176,0.20089884008593087,0.9042798350735629,0.6812405944602096,0.05757204564502611,0.08082758620689655
119,0.9918602359996901,0.9391818428986303,0.15609895676580623,0.1999033487012417,0.9054011360609547,0.6816284783920262,0.0569273418864032,0.08044137931034483
120,0.9919073931139397,0.9391803270799799,0.15571833567914006,0.19980755379029133,0.9059878412270472,0.6818310574557315,0.0569273418864032,0.08022068965517241
121,0.9919918935646088,0.9392976225707803,0.1550312340904936,0.19925854786510483,0.9067871228651414,0.6821747105680234,0.05699181226226549,0.08016551724137931
122,0.9921108059635142,0.9392188000009625,0.15418762901368765,0.19860973277998253,0.9077276326835573,0.682187492110646,0.05666946038295403,0.0798896551724138
123,0.9922423998026029,0.9392567676490615,0.15317558383430543,0.19801724624691594,0.9087164222796218,0.6818765469773351,0.05596028624846883,0.08038620689655172
124,0.9924145869954444,0.9393173522738483,0.15184424438485417,0.19702393071237823,0.9100339976674301,0.6822059068058222,0.05576687512088196,0.08
125,0.99243893026253,0.9392037139962994,0.15135205142609875,0.19686183038578078,0.9102397745301245,0.6824954534476063,0.05550899361743279,0.07977931034482759
126,0.9924902932815641,0.9392169473337231,0.1508663129192879,0.19666423519342366,0.9107318337982224,0.6824100866393426,0.05499323061053446,0.07977931034482759
127,0.9925067982715515,0.939218583455441,0.15039457283142932,0.1962359278092546,0.910951134357796,0.6828451528190695,0.05486428985880987,0.07955862068965518
128,0.9925276366179835,0.939184200838753,0.1501824759474761,0.19604767595758854,0.9110665148955063,0.6831956045062406,0.05479981948294758,0.07939310344827587
129,0.9926202302490711,0.9391899753859924,0.14892102136783514,0.1952450061120671,0.9117855424580712,0.6831399719100412,0.05421958610018696,0.07906206896551723
130,0.992732132806669,0.9391521039803473,0.148132914925644,0.19486551079529754,0.9129961553608884,0.6830009828346356,0.05376829346915093,0.07878620689655172
131,0.9928950797541508,0.9390313197005897,0.1467734479023357,0.19410784163105718,0.9144642196807042,0.6831223465869037,0.05267229707949198,0.07823448275862069
132,0.9930430511315668,0.9390520118281976,0.14545870093557703,0.19278445744749223,0.915797469900175,0.6830682401286938,0.05196312294500677,0.07751724137931035
133,0.9931648949186552,0.9390420507342097,0.14469352113190032,0.1923645201376864,0.916917906633235,0.682960011516856,0.05138288956224615,0.07740689655172414
134,0.9932313609594153,0.9390535998286884,0.14413312912323184,0.1921897262174636,0.9174747081257165,0.6829740298288219,0.05106053768293469,0.07735172413793104
135,0.9932855916408024,0.9390890170517567,0.14346115973032758,0.19181270832123298,0.9180450734199944,0.6831986035052667,0.05080265617948553,0.07724137931034483
136,0.9933119104086202,0.9391024909953154,0.1434319936019725,0.19167628930370034,0.9183165815745905,0.6832930496598982,0.0509960673070724,0.07713103448275863
137,0.993344920388595,0.9391416135528624,0.14321715166306617,0.19172771215831924,0.9187003020246417,0.6835580094765848,0.05118947843465928,0.07713103448275863
138,0.9935256468426655,0.9391433940382612,0.14188941886635806,0.19092761036313363,0.9204749496992926,0.6838679931063556,0.05093159693121011,0.07718620689655173
139,0.9936064511951906,0.9391364645815738,0.14105262781814926,0.19056996651798294,0.9212921417210704,0.6834782777892203,0.0502224227967249,0.0768
140,0.9937848835193788,0.9389674628323673,0.1400465256675865,0.19009306811103596,0.9229897861729861,0.6829255025085905,0.04983560054155116,0.07663448275862068
141,0.9938679820017864,0.9388420589148182,0.13913106137476808,0.18937428706345502,0.9237215559542952,0.6828796972684381,0.04906195603120366,0.07646896551724137
142,0.9939259087813174,0.9388769949256166,0.13884544765194054,0.18932607380854416,0.9242291050438914,0.6831318928043805,0.04912642640706595,0.07630344827586207
143,0.994033605434131,0.9388936929913839,0.13781582311420124,0.18861253603729258,0.9252112657640373,0.683288161498543,0.04790148926568242,0.07613793103448276
144,0.9940633016709423,0.9388664082556777,0.13749674791248986,0.18843634084281993,0.9255285653839598,0.6834180411262659,0.04777254851395784,0.07613793103448276
145,0.9940894292612698,0.9389450864618146,0.13731494924442117,0.1883578190657246,0.9258040955549097,0.683800124805757,0.04770807813809554,0.07586206896551724
146,0.9941548756887487,0.9388880146865984,0.13673248134903962,0.18826216089187575,0.9265148639451963,0.6839207829954896,0.04770807813809554,0.07597241379310345
147,0.9941875033137432,0.9388871966257396,0.1363522874416496,0.18785964872394206,0.9268359577419019,0.6842469322264827,0.04757913738637096,0.07602758620689655
148,0.9942635919548434,0.9389613514365389,0.13577236392460426,0.1874357925551815,0.9275683190524499,0.6845120801888143,0.0473212558829218,0.07586206896551724
149,0.9943521071328066,0.9387712725899084,0.13515212065686683,0.1873185491535074,0.9284771109042086,0.6839978118370351,0.04757913738637096,0.07619310344827586
150,0.9944684704985093,0.9388375355194807,0.13443974414871637,0.18717762567629267,0.9296444533025218,0.684457640698584,0.04738572625878409,0.07591724137931034
151,0.994492877491425,0.938902643539605,0.13405814606561167,0.18692656830084542,0.9298615785268974,0.6847952753671696,0.04719231513119722,0.07569655172413793
152,0.9945444954137794,0.9388913831724881,0.1338482697280696,0.18690886621823022,0.9304537286756531,0.6847574101713814,0.04738572625878409,0.07597241379310345
153,0.9946061182914544,0.9389165505742065,0.13294693293928897,0.18623154285771065,0.9310633767190685,0.6847601818192223,0.04712784475533492,0.07558620689655172
154,0.9946509812758217,0.9389332005187468,0.13253843036732532,0.18611321239816025,0.9315007866628804,0.6848647199835993,0.04680549287602347,0.07569655172413793
155,0.9947582955736548,0.9388598637688064,0.13127924267353294,0.18526969172680943,0.932351706738263,0.6847437064592473,0.04603184836567597,0.0752551724137931
156,0.9948139919491336,0.9388730730456165,0.1309586097607153,0.18512518851915052,0.932789423373823,0.6849319222429041,0.04622525949326284,0.07547586206896552
157,0.9949819095113606,0.9388766580770277,0.1300233489267742,0.18468822634834153,0.9346101272202418,0.6849526453110758,0.04570949648636451,0.0750344827586207
158,0.9950607383631537,0.9388954734767827,0.1291452654742606,0.18394036841112157,0.9354032882895144,0.6847679046643661,0.04467797047256786,0.07486896551724138
159,0.9950893512608537,0.93892097772709,0.12891563167285927,0.1839151328768003,0.9357864134730008,0.6850182644768401,0.04467797047256786,0.0752
160,0.9951643565628429,0.9389858932623064,0.1281533092007806,0.18358572382664243,0.9365872445002603,0.6850333800633971,0.04487138160015473,0.0751448275862069
161,0.9952325432010147,0.9389381088839003,0.12752093063115902,0.18342534676016276,0.9373748975158117,0.685046311572905,0.04454902972084327,0.07492413793103449
162,0.9953249456546122,0.9389550716164161,0.1265761770074125,0.1829283546834301,0.9383895066027267,0.6849807547045275,0.04377538521049578,0.07437241379310344
163,0.9953636590963779,0.9389395284600967,0.12619557794416142,0.18274228247457247,0.9387822918545198,0.6847163635446943,0.04390432596222036,0.07426206896551724
164,0.9954845788589304,0.9389007186905252,0.12511996571127998,0.18192724477091549,0.9400257567715533,0.6847880689050336,0.04300174070014828,0.07393103448275862
165,0.9955054809311924,0.938931275669667,0.12494800462919765,0.1818506855380946,0.9402936972541608,0.6849126717776178,0.04313068145187286,0.07376551724137931
166,0.9955572263052069,0.9389646236799746,0.12452627395190662,0.18149477943241565,0.9406884745718325,0.6852147858003043,0.0428727999484237,0.07376551724137931
167,0.9956447218698892,0.9389476368868453,0.12376513537136312,0.18111918775470093,0.9416135139290631,0.6851158644435434,0.04235703694152537,0.07409655172413793
168,0.9956814916738379,0.9389934001737176,0.12344856187975733,0.18107082423748416,0.9420942964554113,0.6852473343930372,0.04235703694152537,0.0736551724137931
169,0.9957354674519049,0.9390582194664799,0.12289594211157871,0.18085904471747385,0.9426542146181297,0.6851728368413852,0.04197021468635162,0.0735448275862069
170,0.9957698794001412,0.9391325186409603,0.12253747084031977,0.18056615981060112,0.9430769709385594,0.6853446406401027,0.04151892205531559,0.07337931034482759
171,0.9958104727538939,0.9392375672794905,0.12203107264017846,0.1802877442609567,0.9434880540402841,0.6854575838869535,0.04164786280704016,0.07376551724137931
172,0.9958822280385495,0.939251811162681,0.1213834058598747,0.17988922428066265,0.9442145447018361,0.685423314718217,0.04145445167945329,0.0736
173,0.9958967575278048,0.9392510412230491,0.12110120853966427,0.17983326088586052,0.9443996539471944,0.6856516186601427,0.041389981303591,0.07337931034482759
174,0.9959815766076242,0.9392623978326199,0.12018264213918826,0.17920250814453184,0.9453795339410304,0.6854441752351176,0.0406808071691058,0.07304827586206897
175,0.9960029884865268,0.9393413647661188,0.1197707076946898,0.1788181232252078,0.945631993803345,0.6855819003825001,0.0406808071691058,0.07293793103448276
176,0.9960658221549731,0.9393273614890633,0.11919440905706345,0.1782926701030999,0.9464012784592953,0.6856851225540905,0.04055186641738121,0.07299310344827586
177,0.9961200528363602,0.9393320292480818,0.11860512105848434,0.1780004201032767,0.9470370106057597,0.6857728625819731,0.04029398491393205,0.07271724137931035
178,0.9961377048912888,0.9393537800426836,0.11858159020167096,0.17802870258959813,0.9472137188825263,0.6859741408905823,0.04016504416220747,0.07266206896551725
179,0.9962024503346371,0.9392551074667301,0.11780074231745408,0.17762763257298522,0.9480066705520214,0.6854867683852759,0.03997163303462059,0.07227586206896552
180,0.9962399211227165,0.9392607135896751,0.11716511925079612,0.17713805457126863,0.9484621344475005,0.6854160335928698,0.03939139965185997,0.07183448275862069
181,0.9962902008026395,0.9392686535921293,0.11663892162438952,0.1767621567074129,0.9490308244084491,0.6857544103373251,0.0391335181484108,0.07177931034482758
182,0.9963412451925234,0.9391726517442742,0.11589757643706607,0.17624930691026505,0.9496002238901937,0.6860533659824405,0.03932692927599768,0.07150344827586207
183,0.9964108337989568,0.9392679798949514,0.11517784527164306,0.17576034957215608,0.950468680051463,0.6863143586909126,0.03887563664496164,0.07100689655172414
184,0.9964958440562663,0.9393074874223143,0.11456574158434239,0.17536176747601512,0.9514679901483907,0.6865063659626627,0.03868222551737477,0.07089655172413793
185,0.9965728885848175,0.9393728601091871,0.11373141238455142,0.17499604079325137,0.9523129090466873,0.6866278790427817,0.03797305138288956,0.07045517241379311
186,0.9966174329400345,0.9394199707904152,0.11329150961738392,0.17480016985886795,0.9528895124162694,0.6866347557216712,0.03810199213461415,0.07045517241379311
187,0.996652991953212,0.9393811850814572,0.11272120478709823,0.17452811647092056,0.9532568095446295,0.6865706314486627,0.03784411063116498,0.0702344827586207
188,0.9966735753963237,0.9394109239997401,0.11250627524296593,0.17449715125632456,0.9534616968874883,0.6867755380572897,0.0377151698794404,0.0703448275862069
189,0.9966893156763503,0.9393496656777754,0.11184005829458925,0.17431637083556872,0.9536263379263993,0.6869459914511115,0.03777964025530268,0.07017931034482759
190,0.996746860100901,0.9392972857221914,0.11126860780222676,0.1741886427193021,0.9543516667937937,0.6870456317739216,0.03752175875185353,0.06995862068965518
191,0.996772541610418,0.9392493569801043,0.11076868348033679,0.17382466153870418,0.9545919107858976,0.6869595605313625,0.03745728837599123,0.06984827586206896
192,0.9967919142627584,0.9393055144520075,0.11056415116682335,0.1736522291637981,0.9547658735454474,0.6868687740241229,0.03739281800012894,0.06984827586206896
193,0.9968179781272559,0.9392589812255033,0.11022456098818333,0.1733825169228443,0.9550923158068031,0.6868182362949405,0.03726387724840436,0.06968275862068965
194,0.9968954687366176,0.939145511372249,0.10938476887662735,0.17314318685595925,0.956101061491372,0.6866147016830391,0.03661917348978144,0.06979310344827586
195,0.9969465768523315,0.9391182988183833,0.1088101625818057,0.1728058618601219,0.9567407495786381,0.6865964516435744,0.03661917348978144,0.06935172413793103
196,0.9969797142839664,0.9391724111381392,0.10849451039693267,0.17257792414632336,0.9570829793100636,0.6867558473850108,0.03642576236219457,0.06940689655172413
197,0.9970015085178493,0.9391917558713913,0.10820112242419946,0.17242051422978782,0.9573327622089086,0.6867971969837331,0.03649023273805686,0.06918620689655172
198,0.9970382145959681,0.9392099938164223,0.10778539196584958,0.1722810463889502,0.9577461133132155,0.6869217012865104,0.03629682161046999,0.06924137931034482
199,0.9970610921689621,0.9391887242340905,0.10768709858978645,0.1723061280971714,0.9579980224959105,0.6868531154643925,0.0362323512346077,0.06935172413793103
200,0.997088430550061,0.9391598996191205,0.10737382507643295,0.1722118379884295,0.9583374556522347,0.6867098968932068,0.03616788085874541,0.06935172413793103
201,0.9971057639758393,0.9390846861413272,0.10718679485624416,0.17207826506386126,0.9585113098158063,0.6865296225106692,0.03616788085874541,0.06918620689655172
202,0.997142533779788,0.939028817396786,0.10687067547954526,0.17185687837535918,0.9589879827618275,0.6865560881586339,0.03584552897943395,0.06907586206896552
203,0.9971662079256579,0.9390227060009576,0.10653894228374026,0.17178162133775265,0.9592514585927185,0.6864744992443271,0.03597446973115853,0.0689103448275862
204,0.9971829359560506,0.9390487877059889,0.10651258758382273,0.17187892757490406,0.9594751881352996,0.686521039270339,0.03629682161046999,0.0689103448275862
205,0.997199440946038,0.9390655820142102,0.10647520115847857,0.17189183165678304,0.9596836881941843,0.686582001255453,0.03629682161046999,0.0688551724137931
206,0.9972179851625875,0.9390886320819408,0.10616909700662315,0.17177412386464982,0.9599063240147675,0.6868346528067685,0.03610341048288312,0.06902068965517241
207,0.9972935002712171,0.9389826932007113,0.1054984581739992,0.1714380238388681,0.9609005628325565,0.6868196330605564,0.03558764747598479,0.06907586206896552
208,0.9973161866667211,0.9388994675386233,0.10521677721577817,0.17120407292702444,0.9611556969920253,0.6867424964663718,0.0354587067242602,0.0688551724137931
209,0.9973599663119772,0.9389212183332251,0.10474240686020468,0.17101506968202343,0.961795483550198,0.6866729632763372,0.03526529559667333,0.0686896551724138
210,0.997422417625443,0.9389582957386248,0.1039937382452637,0.17066323237846412,0.9625905677604709,0.6864741248872579,0.03449165108632583,0.0688551724137931
211,0.9974382216312997,0.9390170998780127,0.10371286100303298,0.17047665847991994,0.9627932423462877,0.6865909740164193,0.03449165108632583,0.0686896551724138
212,0.9974643492216272,0.939062718801204,0.10328424933697081,0.17016461608332326,0.9631172225879426,0.6866302752511867,0.03449165108632583,0.06857931034482759
213,0.9974843591322683,0.9391075437241498,0.10301585326004953,0.17003848979837616,0.9633384866486182,0.6868612472952796,0.03429823995873896,0.06830344827586207
214,0.9974979327340726,0.9390907975371556,0.10285408907540032,0.17001935807897967,0.9635342680833777,0.6867544088157699,0.03436271033460125,0.06824827586206897
215,0.9975391633461261,0.9390544419501609,0.10236278399824007,0.1699088879810903,0.9640758271806783,0.6864139404633229,0.03429823995873896,0.06813793103448276
216,0.9975642075973424,0.9390837237167873,0.10216193893616576,0.1697924244375233,0.96438212339671,0.6863621350870344,0.03416929920701438,0.06791724137931035
217,0.997596962673997,0.9391148581506531,0.10175375650058337,0.1696475302917417,0.9648107945206718,0.6865023265519196,0.03391141770356521,0.06786206896551725
218,0.9976385119152008,0.9391093963913892,0.10132835788667567,0.16940468858628743,0.9653789493655804,0.6864838317350312,0.03371800657597834,0.06813793103448276
219,0.9976569286800903,0.9391268162755614,0.1010694291957332,0.16932987370605357,0.965684359448872,0.6864971330782402,0.03371800657597834,0.06797241379310345
220,0.997691914160797,0.9390970532966649,0.1005076855943575,0.16886372414353817,0.9661564492648238,0.6865745327289918,0.03339565469666688,0.06780689655172414
221,0.9977337183053212,0.9390695760760508,0.09990000836243489,0.16840753241672485,0.9666657967172066,0.6865917240767659,0.03313777319321771,0.06742068965517241
222,0.9977416840340796,0.9391087708154382,0.09966841666877133,0.16819918262954592,0.9667334842916082,0.6867281682468209,0.03281542131390626,0.0673655172413793
223,0.997779122959244,0.9390077884205892,0.09896042643091224,0.16792780633361945,0.9672094497573485,0.6865820980187863,0.03262201018631938,0.0672551724137931
224,0.9978040078958853,0.9390354100048843,0.09869129156201824,0.16776396648301903,0.9675575775114142,0.6866794112610262,0.03223518793114564,0.0673103448275862
225,0.9978400767157033,0.9389746569558031,0.09821488088230457,0.16738640993865897,0.9680934064378814,0.6867566966379004,0.03217071755528335,0.06708965517241379
226,0.9978547336566187,0.9389784585327356,0.09783616101604561,0.16710847713475133,0.9683052177846518,0.6869815124536625,0.03210624717942106,0.0672
227,0.9978755082772206,0.9389653454983795,0.09744449330727278,0.16694599026577098,0.9685670074060878,0.6869092823956752,0.03191283605183418,0.06697931034482758
228,0.9978844936192601,0.9389538926463546,0.09744853589254868,0.16694584344317415,0.9687227911882245,0.6868375624106748,0.0317838953001096,0.06686896551724138
229,0.9979029103841495,0.9388261307886828,0.09701091756333505,0.16691053557821453,0.9690707122444718,0.6868689664386429,0.03152601379666044,0.06692413793103448
230,0.9979459253194448,0.9388227141815662,0.09642572563846376,0.1664897452025626,0.9696348521963257,0.6868721201442411,0.03146154342079814,0.06686896551724138
231,0.9979540184998634,0.9388403987324869,0.09634127009944944,0.1665258042537808,0.9697457556144597,0.68684942290762,0.03133260266907356,0.06664827586206896
232,0.9979738372330142,0.9388077966011977,0.09629105756442895,0.16663504124465317,0.9700503146921872,0.6871827230367243,0.03133260266907356,0.06664827586206896
233,0.9979943569502959,0.9388758881373958,0.09597746758055113,0.1664403811603881,0.9704052338922395,0.687216695049078,0.03126813229321127,0.06664827586206896
234,0.9980213129764143,0.9388598878294199,0.09555940414404734,0.16638112478408287,0.9707876442126531,0.6871675132115628,0.03081683966217523,0.06648275862068966
235,0.9980366709014605,0.9388696083172728,0.09515308917773356,0.16609460420739988,0.9709813317858251,0.6869138213655636,0.03075236928631294,0.06664827586206896
236,0.9980492886158138,0.9388628713454936,0.0949255655105209,0.1660677118554647,0.9711390037358639,0.6867337813637161,0.03075236928631294,0.06659310344827586
237,0.9980696171556053,0.9389258860922436,0.09450176147825919,0.16569905550942057,0.9714016674547661,0.686935486286567,0.0303010766552769,0.06626206896551724
238,0.9980906466795274,0.9388710760146962,0.09425455666678048,0.16563380610981177,0.9716705807449154,0.6868556274081825,0.03017213590355232,0.06620689655172414
239,0.9981169654473452,0.9389286290021823,0.09380653752378303,0.16548057850495237,0.972035696041233,0.6867968053486648,0.03010766552769003,0.06609655172413793
240,0.9981320684690711,0.9390082215116321,0.09369862980524968,0.16542631076406406,0.9722448308860543,0.6869111053129899,0.03017213590355232,0.06615172413793104
241,0.998145259715895,0.9389902722939629,0.0934716013747378,0.16537145588343466,0.9724286674300225,0.6868681166639858,0.03010766552769003,0.06648275862068966
242,0.9981664166914772,0.9389650567710175,0.09313760222407935,0.16539735990601856,0.9727586971388666,0.686832086809023,0.02997872477596544,0.06637241379310345
243,0.9981996815747723,0.9388664563769047,0.0927030933826391,0.16528551543258121,0.973236657100022,0.6867138027377132,0.03043001740700148,0.06620689655172414
244,0.998210833595034,0.938864098436782,0.09240131187471143,0.16519900466636994,0.9733857834064947,0.6866531944852937,0.03036554703113919,0.06637241379310345
245,0.9982409121868258,0.9388751181977638,0.09189861776241756,0.16487527543859484,0.9738453122441147,0.6868055940222649,0.0303010766552769,0.06571034482758621
246,0.9982599024841858,0.9388785829261075,0.09173879622238819,0.16481595924972708,0.9740702765544608,0.6865977112452547,0.03010766552769003,0.0656
247,0.9982853290903826,0.9388230510301552,0.09134587950447316,0.16463028563091747,0.9743945127119183,0.6868885934052075,0.02984978402424086,0.06593103448275862
248,0.9982911281409187,0.9388973020834085,0.09123908986825416,0.164533714163142,0.9744467139205799,0.6871031498462716,0.02997872477596544,0.06604137931034483
249,0.9983071870500957,0.9387814742900314,0.09057550026084205,0.164186736832645,0.974685218108482,0.6868859107531248,0.0295274321449294,0.06576551724137931
250,0.9983415989983319,0.9388484109167815,0.09024025873852495,0.1639791103571505,0.975165344248015,0.6871663563790463,0.02946296176906711,0.0654896551724138
251,0.9983652412812868,0.9388573855256162,0.08987370022763519,0.16370022135393228,0.9754780803388852,0.6868093531501287,0.02933402101734253,0.06571034482758621
252,0.9983777952698101,0.9388458123705238,0.08960971491064491,0.16368023739209608,0.9756610511761027,0.6868436663576273,0.02914060988975566,0.06576551724137931
253,0.9983958934055491,0.9387921812630379,0.0893564649500122,0.16362348224268183,0.9759137374764574,0.6869991464161201,0.02901166913803107,0.06576551724137931
254,0.9984182611719027,0.9388847665037763,0.08897470803103169,0.16326615901810343,0.9762045197763447,0.6873702554215153,0.02907613951389337,0.06576551724137931
255,0.998442158358178,0.9388205968475785,0.08863950536950853,0.16311635035486804,0.9765603912428553,0.687151152916526,0.02875378763458191,0.06565517241379311
256,0.9984674575127146,0.9388627510424261,0.0881777073417903,0.16275617160784192,0.9768723979194618,0.6869517494050654,0.02868931725871962,0.06521379310344827
257,0.998486830165055,0.9388611149207082,0.08784041391820745,0.16260076058190437,0.9771567837297411,0.6866231388457623,0.02843143575527045,0.06493793103448275
258,0.9984968351203756,0.9388941020218133,0.08774363845998435,0.16258345818733996,0.9773238933852244,0.6868464266827822,0.02843143575527045,0.06499310344827586
259,0.9985388941682198,0.9388460529766588,0.08721376273086374,0.16247509899812967,0.9779656819572597,0.6865551964500824,0.02817355425182129,0.06532413793103448
260,0.9985628550803252,0.9387390794890488,0.08695717050883722,0.16249065985334918,0.9782936782817805,0.6864326405608614,0.02804461350009671,0.06571034482758621
261,0.9985737521972666,0.938728252212975,0.08668155692448834,0.16240041918793596,0.9784924352464208,0.6863809569198854,0.02791567274837212,0.06526896551724137
262,0.9985829924426264,0.9386969252942011,0.08651882418975726,0.1624205162188837,0.9786150388668268,0.6863393040557316,0.02785120237250983,0.0656
263,0.9985868159924304,0.9386690149825441,0.08616843934064662,0.16227076722573217,0.9786910763225986,0.6862804646479981,0.02772226162078525,0.06526896551724137
264,0.9985981591901824,0.9386995719616859,0.08564400182069372,0.16189548337257,0.9788494386553527,0.6863805539825821,0.02727096898974921,0.06510344827586206
265,0.9986355025266017,0.938625874302543,0.0851618383875299,0.16148150984865076,0.9793592249213056,0.6866758712208464,0.02714202823802463,0.06460689655172414
266,0.9986524535973996,0.9385636294954248,0.08482227547874582,0.16127598923412834,0.9796218254613045,0.6869072360482157,0.02681967635871317,0.06444137931034483
267,0.9986682576032563,0.9384995801422945,0.08431768750644306,0.16113166258556502,0.979812567899352,0.6869249764914501,0.02675520598285088,0.06455172413793103
268,0.9986728458630211,0.9384877182598402,0.08411019209410069,0.16100728647234522,0.9798805727194744,0.6870796923767987,0.02675520598285088,0.06460689655172414
269,0.9986959146135054,0.9384953695349324,0.08379479121403711,0.160867969019933,0.9802341598670952,0.6867553880243328,0.02675520598285088,0.06449655172413793
270,0.998702159744852,0.9384820880762818,0.08363971670733503,0.16074195042704673,0.9802915476646945,0.6871297759875005,0.02675520598285088,0.06438620689655172
271,0.9987177725732185,0.9384363969712499,0.0833918063003077,0.16063088792152644,0.9805027716425475,0.6868247620062212,0.02656179485526401,0.06427586206896552
272,0.9987646110583178,0.9384027602335805,0.08264270529643526,0.16038687511034738,0.9811678674710379,0.68662685581466,0.02617497260009026,0.06460689655172414
273,0.9987681159789715,0.9384101227813106,0.08250544357798437,0.16035502075608038,0.9812018301739924,0.6867479392613087,0.02611050222422797,0.06449655172413793
274,0.998781880758266,0.9383896231386107,0.08233623824060594,0.16035856313578972,0.9813988026491399,0.6865777547979948,0.02591709109664109,0.06477241379310344
275,0.9987933514076781,0.9384043482340713,0.08207589333782876,0.16024017878074365,0.9815530131800831,0.6865280652261824,0.02578815034491651,0.06438620689655172
276,0.9988118318983976,0.9384197951479367,0.08163580878492839,0.15993545621410996,0.9818627659571203,0.6867730461368865,0.02604603184836568,0.06416551724137931
277,0.9988219643053783,0.9384512183091644,0.08140166010753727,0.15980668337807513,0.9820005479636893,0.6867424871724269,0.02611050222422797,0.0639448275862069
278,0.998849175234817,0.9384297081206977,0.08084829347769106,0.15958776068969566,0.9824098208953863,0.6866315325671654,0.02565920959319193,0.06344827586206897
279,0.9988614105941899,0.9383854365918622,0.08078247155916737,0.1596950032754145,0.982558721756783,0.6866064192993638,0.02553026884146735,0.06366896551724138
280,0.9988652341439939,0.9383080095376272,0.08050907105932534,0.15954708382696484,0.9826489361373709,0.6865542589021463,0.02527238733801818,0.06344827586206897
281,0.9988839058122035,0.938309260689529,0.07994443131497538,0.15943747449328075,0.9829249171374966,0.6865329469547815,0.02520791696215589,0.06355862068965518
282,0.9989085039826094,0.9383521367027816,0.07936319328202378,0.15931551603755617,0.9833042660870674,0.6863530621875473,0.0251434465862936,0.06322758620689656
283,0.9989267295700087,0.9383536284608185,0.07899834643829017,0.15905762219433492,0.9835712679317926,0.6866333059701079,0.02501450583456901,0.06300689655172413
284,0.9989304893939827,0.9383409244568918,0.07880609377133986,0.15904157955843137,0.9836150885368973,0.6868654424616375,0.02495003545870672,0.06306206896551723
285,0.9989466120289896,0.9382626793417979,0.07852769418878075,0.15909771905518558,0.9838353313994809,0.686668132597186,0.02482109470698214,0.06322758620689656
286,0.9989601856307939,0.9382979522011853,0.07838452317073784,0.15902753397565123,0.984027815030643,0.6866628538750515,0.02469215395525756,0.06328275862068966
287,0.9989629895673169,0.9382837564392217,0.07829599771812205,0.15907058370019156,0.9840504488844616,0.6868247901158621,0.02462768357939527,0.06306206896551723
288,0.9989720386351865,0.9382744690424116,0.07805206603890374,0.15896191661860834,0.9841692448527413,0.6867032988851763,0.02449874282767069,0.06306206896551723
289,0.9989777739598925,0.938227623027932,0.07795607844743013,0.15897797061347538,0.984256445533631,0.6867770303705419,0.02456321320353298,0.06317241379310345
290,0.9990078525516842,0.9381447101538195,0.07741860426077572,0.15884134617545623,0.9846914368200189,0.6864648713232755,0.02430533170008381,0.06306206896551723
291,0.9990113574723379,0.9381718264652312,0.07734845855336808,0.15880825755246894,0.9847279609038442,0.6865147465957212,0.02430533170008381,0.06311724137931035
292,0.9990305389471881,0.9381520245803228,0.07681595689451541,0.15861428019007695,0.9849913642035523,0.6862528398190739,0.02404745019663465,0.06317241379310345
293,0.9990412448866394,0.9381855891361518,0.07660675638257904,0.1584217847385815,0.9851361015625782,0.6862419432830166,0.02378956869318548,0.06300689655172413
294,0.9990397154667178,0.9382014210198332,0.07649762242200694,0.15844900254479727,0.9851123998443047,0.6861186493461288,0.02378956869318548,0.06295172413793103
295,0.9990470439371755,0.9382635455238838,0.07628122374186223,0.1583761857454111,0.9852051779645293,0.686312080177725,0.0236606279414609,0.06306206896551723
296,0.999058896941568,0.9381767829516117,0.07591834802032633,0.15837091713546964,0.9853713385986327,0.6860432652116379,0.02378956869318548,0.06262068965517241
297,0.9990716421075815,0.9382397736377482,0.07577729976106026,0.15829886068077698,0.9855483140981635,0.6861595467321029,0.02359615756559861,0.06278620689655172
298,0.99907979901383,0.9382298125437603,0.07561448798968459,0.15824751152486383,0.9856515434261023,0.6861048770525762,0.0236606279414609,0.06273103448275862
299,0.999082539224523,0.9382747818303872,0.07535864876428709,0.15800072425539938,0.9856842493576067,0.6862607926813701,0.02340274643801173,0.0624
300,0.9991084119115302,0.9382867399552954,0.07508789465319098,0.1578757964646253,0.9861301397193297,0.6861661448838353,0.02327380568628715,0.0625655172413793
301,0.9991128727196349,0.9382959792308784,0.07502119310059735,0.15788048542400376,0.9862019614084527,0.6862419134750972,0.02327380568628715,0.0625103448275862
302,0.9991230369895306,0.9382665771611844,0.07480700533520383,0.1577887003553391,0.9863365280587976,0.6860995627506747,0.02327380568628715,0.0625655172413793
303,0.9991285174109164,0.9382938859575042,0.07458431490978622,0.15778540959450024,0.9864361332514389,0.6861598069687466,0.02327380568628715,0.0624
304,0.999133902243557,0.9383106802657254,0.0745088028726722,0.15774811921110096,0.9865207634278886,0.6861474386681716,0.02314486493456257,0.06234482758620689
305,0.9991402111007337,0.9382675155251109,0.07436619915432226,0.15784223866673258,0.9866221831859345,0.6858140082702169,0.02308039455870028,0.0624551724137931
306,0.9991458189737796,0.9382746855879331,0.07424934750737307,0.15779828221681005,0.9866991737311268,0.6859555148001348,0.02295145380697569,0.0624
307,0.9991497699752437,0.9382816631658474,0.07415916501840694,0.15768155600728512,0.9867557259520436,0.6859415344424589,0.02295145380697569,0.06234482758620689
308,0.9991628974962377,0.9382877505010623,0.07399534519249733,0.15757671540567073,0.9869688786276576,0.68597346042201,0.02288698343111341,0.0624
309,0.9991762799205517,0.9383402507597138,0.07382447496455738,0.15751372868025432,0.9871604805817709,0.6858779097181134,0.02275804267938882,0.0625655172413793
310,0.9991902996031665,0.9383653219189783,0.07345639650463195,0.15739787032991398,0.9873904056873797,0.6858719433094937,0.02275804267938882,0.0624551724137931
311,0.9992007506392975,0.9384096896902677,0.07304294257995173,0.15706382930100302,0.9875226107677625,0.686002183679835,0.02269357230352653,0.06206896551724138
312,0.9992094810780168,0.9383989105354208,0.07287743351912132,0.15700467116508607,0.987657822942532,0.6859828533748844,0.02250016117593966,0.06201379310344828
313,0.9992199321141477,0.9383734062851135,0.07256618770545287,0.1567618805603605,0.9878135183898105,0.686155568007656,0.02243569080007736,0.06195862068965517
314,0.9992276429395859,0.9383815868937027,0.07240761630880405,0.15668091348308932,0.9879277622917796,0.6861909799510448,0.02256463155180195,0.06184827586206897
315,0.9992363733783051,0.9383830545911259,0.07227400820559728,0.15662589975497576,0.9880541894796627,0.68627352631311,0.02256463155180195,0.06168275862068966
316,0.99925045678675,0.9383184037226581,0.07199292246198187,0.1567006337110175,0.9882806430586167,0.6862468823094479,0.02224227967249049,0.06146206896551724
317,0.9992574666280573,0.9383120998419218,0.07183221217346741,0.15669063300763222,0.9883828758030911,0.6864695572482037,0.0221778092966282,0.06157241379310345
318,0.9992654323568158,0.9383173450556642,0.07162449670641609,0.15655728831576857,0.9885435509789902,0.6866078934857124,0.02211333892076591,0.06140689655172414
319,0.9992809814593521,0.9383404432446218,0.07126521808324307,0.15645266872571625,0.9887926041038622,0.6865736582615464,0.02172651666559216,0.06146206896551724
320,0.9992888834622804,0.9383375078497751,0.0710789159543806,0.15641713902725415,0.9889034001261252,0.6867803106596296,0.02172651666559216,0.06129655172413793
321,0.9992948736903068,0.9383347168186095,0.07077108712718909,0.15627430002269413,0.9889880841989361,0.6867510101081231,0.02133969441041841,0.06157241379310345
322,0.9993023296124246,0.9383227346330877,0.07058918334188463,0.15622604868965193,0.9891069157417243,0.6868172966573451,0.0214041647862807,0.06157241379310345
323,0.9993148836009478,0.9382315208473185,0.07024778480746972,0.15629811553923073,0.9893138447404032,0.6864984178325949,0.02121075365869383,0.06140689655172414
324,0.9993238689429873,0.9382101790831463,0.06985867580960851,0.1561543540360641,0.9894305888604963,0.686220032026106,0.02114628328283154,0.06140689655172414
325,0.9993336189949876,0.9382773563160314,0.0694251026430459,0.15595069474094922,0.9896109611851602,0.6865363431135761,0.02063052027593321,0.06135172413793103
326,0.9993436876761382,0.9382284170281774,0.06911877769729657,0.15583658436491166,0.9897520208492775,0.6864266298924834,0.02063052027593321,0.06140689655172414
327,0.9993471288709618,0.9382379450311225,0.06907394550086163,0.15578768154911923,0.9897983508971815,0.6864807210329713,0.02050157952420863,0.06146206896551724
328,0.9993593642303347,0.9382924182600808,0.06869800517279465,0.1556537073489642,0.9899741236833042,0.6864046179617459,0.02030816839662175,0.06118620689655172
329,0.999365354458361,0.9382751908608166,0.06848175984890464,0.15556255464704852,0.9900571602780046,0.6864148112545234,0.02030816839662175,0.06102068965517241
330,0.9993702613472762,0.9382120558109991,0.06815917228505883,0.15556346607145258,0.990130035364394,0.6862380467155104,0.0199858165173103,0.06107586206896552
331,0.9993721093963481,0.9382239417540669,0.06811508930890343,0.15559157896943426,0.9901748792629819,0.6864454927652371,0.0199858165173103,0.06124137931034482
332,0.9993798202217863,0.9381518080348012,0.0679174642791504,0.1555210795311527,0.990283009806623,0.6862757961037264,0.0199858165173103,0.06091034482758621
333,0.9993858104498126,0.9381320302105063,0.06758872189158117,0.15534648133431167,0.9903685177606203,0.6863815450345935,0.01959899426213655,0.06068965517241379
334,0.9993898889029369,0.9381956464725938,0.06732417180247359,0.15512400928951894,0.9904385625553075,0.6866818443904216,0.01972793501386113,0.06035862068965517
335,0.9993939673560612,0.9381831830748021,0.0672270723409552,0.1550976779928462,0.9905007371573723,0.6866931594309185,0.01972793501386113,0.06063448275862069
336,0.9993996389549372,0.938232362968791,0.06703051428927015,0.15498827744859084,0.9905956705494351,0.6868218179515769,0.01959899426213655,0.06030344827586207
337,0.9994088154744668,0.9382534400662148,0.06686042845375209,0.15481900340162974,0.9907436008960124,0.6869531808086771,0.01947005351041197,0.06030344827586207
338,0.9994158253157742,0.9382842617121051,0.0665806969611516,0.15468739794883296,0.9908366830639354,0.6871434660008355,0.01940558313454967,0.06002758620689655
339,0.9994217518179704,0.9383581759167695,0.06630467954705845,0.15467192946248598,0.9909165669526527,0.6870166419375916,0.01927664238282509,0.06013793103448276
340,0.9994224528021012,0.9383113299022898,0.0662897309604343,0.15469377912509844,0.9909154013093857,0.687262404152633,0.0192121720069628,0.06002758620689655
341,0.99944029603452,0.9383437154880575,0.06587520200409495,0.15460887593811987,0.9911626481341692,0.6870527627974651,0.01901876087937593,0.05980689655172414
342,0.9994446931167946,0.9382560867336995,0.06562850381114416,0.15461142536346723,0.9912343581221155,0.6869968327053291,0.01908323125523822,0.06019310344827586
343,0.9994485803924288,0.9381813544681762,0.0653616732121002,0.1545500911088575,0.9913080983685315,0.6870353945220096,0.01882534975178905,0.06013793103448276
344,0.9994618990909128,0.938202575929281,0.06505388833038053,0.15447189062763617,0.9915107528555074,0.687084656822025,0.01830958674489072,0.05997241379310345
345,0.9994704383521418,0.938125630087316,0.06463476055881019,0.15432708254006325,0.9916576936634427,0.687234278592459,0.01811617561730385,0.06002758620689655
346,0.9994712667879326,0.9380836924379898,0.06455458139618359,0.15435750315855798,0.9916559664764907,0.6871641952328321,0.01824511636902843,0.06002758620689655
347,0.9994766834834884,0.9380570813994615,0.06436472608045751,0.15426236333479806,0.9917362321903701,0.686995154577235,0.01837405712075301,0.05997241379310345
348,0.9994789138875407,0.9380610273400751,0.06426598996353548,0.15423735156006177,0.9917997227726244,0.6870561940779555,0.01824511636902843,0.05997241379310345
349,0.9994777030967694,0.9380561670961486,0.06410358571568343,0.1542469386198855,0.9917807056792295,0.687104279848682,0.01811617561730385,0.06008275862068965
350,0.9994799335008218,0.9380555415201977,0.06408128305162311,0.15430634871928306,0.9918122679213022,0.6871172919325703,0.01818064599316614,0.05997241379310345
351,0.9994888551170312,0.9380284011481724,0.06377816127720935,0.15418738060475784,0.9919619968744026,0.687005573669636,0.01805170524144156,0.06019310344827586
352,0.9994998159598028,0.9381072477786039,0.06337306108784467,0.15405387920876895,0.9921189747198937,0.6873310229828403,0.01766488298626781,0.05997241379310345
353,0.999499114975672,0.9381174975999538,0.06332636632088937,0.15411178588931215,0.9921121708155449,0.6873441455040192,0.01766488298626781,0.05997241379310345
354,0.9995082277693716,0.9380613882492775,0.06305975099996793,0.15406838842742937,0.9922597779345302,0.6872604865229275,0.01747147185868094,0.05975172413793103
355,0.9995068258011102,0.938038001332958,0.06272876258317092,0.15397452154734528,0.9922272876333094,0.6873483471174265,0.01740700148281864,0.05969655172413793
356,0.9995093748343128,0.93802804023897,0.06268246710629098,0.15401503447264409,0.992266781166944,0.6872817781275588,0.01740700148281864,0.05986206896551724
357,0.9995183601763523,0.9380387712725899,0.06227916314601532,0.15387170316568788,0.9924115225518323,0.6871890018546416,0.01708464960350719,0.05991724137931034
358,0.9995213552903655,0.9379865597413003,0.06219910537677147,0.1539112140163212,0.9924764928002737,0.6872540788061527,0.01708464960350719,0.05997241379310345
359,0.9995266445342611,0.9379917568338157,0.06207862133453444,0.15385251628356145,0.9925598904693156,0.6871999422144903,0.01689123847592031,0.05997241379310345
360,0.9995374141995425,0.93793035414817,0.06170392962020983,0.1538421170779563,0.9927232374380796,0.6870088179023907,0.01676229772419573,0.06019310344827586
361,0.9995527083987585,0.9379709925243674,0.06130051885953175,0.15360126453648554,0.9929560873199841,0.6872206661284803,0.01643994584488427,0.05997241379310345
362,0.9995562133194122,0.9380152399925893,0.06096764872091462,0.15349617327204987,0.993007073373928,0.6871820155539321,0.01631100509315969,0.05991724137931034
363,0.9995603554983665,0.9380155287199513,0.06084005211306612,0.15351321562978335,0.9930785625029781,0.6871212721999886,0.0162465347172974,0.05980689655172414
364,0.9995590809817653,0.9379677443415452,0.06066789699546635,0.1534107000748946,0.9930546781452733,0.6873112390418898,0.01618206434143511,0.05969655172413793
365,0.9995583162718045,0.9380021510188467,0.06060179519819284,0.15341557112454296,0.9930362964210752,0.6874834424483308,0.01611759396557282,0.05980689655172414
366,0.999572081051099,0.9380044608377425,0.06037060300279713,0.1533571300984347,0.9932524784006321,0.6874705113606489,0.01605312358971053,0.05986206896551724
367,0.9995766055850337,0.9379812182851038,0.06015011959977788,0.15324929333417656,0.9933209377532374,0.687406607197084,0.01598865321384824,0.05969655172413793
368,0.9995866742661843,0.937945536395287,0.05984679026408091,0.15321576191861502,0.9934669288875013,0.6875480082885542,0.01585971246212365,0.05958620689655172
369,0.9996006939487991,0.9379570614291524,0.0594652442955692,0.15307838892000952,0.9936695840149457,0.687806002250051,0.0155373605828122,0.05925517241379311
370,0.9996060469185247,0.9379545110041216,0.0593043441794674,0.1530739531491769,0.9937529178042851,0.6878283674465823,0.01515053832763845,0.05925517241379311
371,0.9996113361624204,0.9380020547763926,0.05923365743041981,0.1530498007492971,0.9938193683469294,0.6880053589369276,0.01540841983108761,0.05936551724137931
372,0.9996171989387865,0.937969765433079,0.05904485017458514,0.15304981107050578,0.9939041016551741,0.6878187841994036,0.01540841983108761,0.05903448275862069
373,0.9996273313457672,0.9379462822743054,0.05868166346600369,0.1528685842751726,0.9940626260208386,0.6877546400184524,0.01527947907936303,0.0590896551724138
374,0.999625292119205,0.937930306026943,0.0585915201301816,0.152964597859249,0.9940381762405885,0.6876967322429954,0.01540841983108761,0.0592
375,0.9996375274785779,0.9379253976617896,0.05821820318872722,0.15279479130775506,0.9942342062458998,0.6876641368037344,0.01508606795177616,0.05931034482758621
376,0.9996398853342904,0.9379233765702558,0.05813971695252323,0.15275865725797058,0.9942562675815891,0.6877501399136365,0.01527947907936303,0.05925517241379311
377,0.9996428167224735,0.9379094454750407,0.05799782783519379,0.15273054274097497,0.9943041980527915,0.6877111497566145,0.01502159757591387,0.05936551724137931
378,0.9996565815017681,0.9379540057312381,0.05748535403207315,0.152415017523765,0.9945095752401226,0.6877146683027032,0.01457030494487783,0.05925517241379311
379,0.9996586844541602,0.9379987584723435,0.05745565291017027,0.15243884470227811,0.9945601064594539,0.6878313895838538,0.01463477532074012,0.0591448275862069
380,0.9996609148582126,0.9379769114352878,0.05734755876105545,0.15249539060273976,0.9945842486014834,0.6878383639144076,0.01463477532074012,0.0592
381,0.9996663952795983,0.9379042243219118,0.05702220779539649,0.15245395859112318,0.9946671938746844,0.687836937735905,0.0147637160724647,0.05931034482758621
382,0.9996683707803304,0.9379176501442433,0.05684597893355513,0.1523040517316806,0.9947024737305563,0.688114567581949,0.01457030494487783,0.05892413793103448
383,0.999669900200252,0.9379506613059619,0.05664669379016796,0.15223622327298844,0.9947223232519282,0.6881574080785849,0.01437689381729096,0.05892413793103448
384,0.9996704737327227,0.9379317496637529,0.05653573037459299,0.15216977166182016,0.9947300431620552,0.6880805354429302,0.01431242344142866,0.05875862068965517
385,0.9996720031526443,0.9379204652360226,0.0565200321498393,0.15224218887448807,0.9947514320758883,0.6880106439589597,0.01450583456901554,0.05892413793103448
386,0.9996790767197817,0.9378948406826477,0.05620777493853901,0.15202903185917951,0.9948516802332521,0.6881988764324042,0.01424795306556637,0.05864827586206896
387,0.9996830277212458,0.9378643799459598,0.05607040424788253,0.1520998809418166,0.9949106752168696,0.6879582382521927,0.01399007156211721,0.05864827586206896
388,0.9996848757703178,0.9378613242480457,0.0559448312239517,0.1520445902172342,0.9949319957579225,0.6878075391762998,0.01399007156211721,0.05848275862068966
389,0.999691694434135,0.9378243430851,0.0557043073882923,0.15196920513272513,0.9950308295136682,0.6877487301142142,0.01386113081039262,0.05842758620689655
390,0.999695454258109,0.937785413012461,0.05558047821194632,0.15197982891976952,0.9950799580159649,0.687771852143439,0.01386113081039262,0.05848275862068966
391,0.999701125856985,0.9378028328966332,0.05537622749603244,0.1518689942855402,0.9951651922943734,0.6876750770917636,0.01399007156211721,0.05848275862068966
392,0.9997056503909197,0.9377280043886559,0.05515262862889583,0.1519312525882349,0.9952402358572469,0.6874766500014333,0.01386113081039262,0.05842758620689655
393,0.9997103023765146,0.9377124612323365,0.05493995651507165,0.15181805153018715,0.9953064123661339,0.6875497151825174,0.01386113081039262,0.05842758620689655
394,0.9997132974905278,0.9376908066801888,0.05477626215458042,0.15174048116228347,0.9953530575708781,0.687551977066915,0.01392560118625492,0.05859310344827586
395,0.9997167386853514,0.9376485803035006,0.0547297976678587,0.15172855706810365,0.9954126197483316,0.6877449858466521,0.01392560118625492,0.05842758620689655
396,0.999717312217822,0.9375845550109837,0.05464887854205423,0.15174527148537112,0.9954251152037439,0.6877378720648921,0.01386113081039262,0.05842758620689655
397,0.9997197337993646,0.9376099870794505,0.05448289159984364,0.15167347905619735,0.9954664813863685,0.6877495982996908,0.01373219005866804,0.05826206896551724
398,0.9997189690894037,0.9375722359768729,0.05431438018625009,0.15170794659306752,0.9954446900756888,0.6878561633595598,0.01347430855521888,0.05815172413793104
399,0.9997233661716785,0.9375862392539285,0.05392033831148511,0.15147864537701458,0.9955088634778037,0.6881215092563159,0.01347430855521888,0.05809655172413793
400,0.9997252142207503,0.9375407646944182,0.05383938554504909,0.15160633219697464,0.9955379766648706,0.6879390925023252,0.01347430855521888,0.05798620689655173
401,0.9997280818831034,0.937561986155523,0.05375106527154085,0.15164889236803358,0.9955909142749683,0.6879807243259637,0.01347430855521888,0.05820689655172414
402,0.9997294201255348,0.9375541905167498,0.05363307681046925,0.15163461527515285,0.9956076469330438,0.6878998200232697,0.01334536780349429,0.05820689655172414
403,0.9997316505295871,0.9375464429992036,0.05355437376136892,0.1516333602901628,0.9956423805357593,0.6879921946201708,0.01340983817935659,0.05809655172413793
404,0.9997391701775351,0.9374852327984659,0.05336382921150989,0.15158280001223587,0.9957749655915417,0.687878966330297,0.013280897427632,0.05809655172413793
405,0.9997414005815874,0.9374693287329441,0.05335479583256096,0.15163216438282467,0.9958098515301391,0.6879045856873433,0.01340983817935659,0.05815172413793104
406,0.9997473270837837,0.9375275794782215,0.05301333696094383,0.1515132548317552,0.9958907309883269,0.6877518006445624,0.01315195667590742,0.05831724137931035
407,0.9997519790693785,0.9375777939785909,0.0526160611811104,0.15129700971227567,0.9959664750877969,0.6878644870853869,0.01315195667590742,0.05782068965517241
408,0.9997531898601498,0.9376138127169966,0.05242331693308425,0.15116202520891786,0.9959894394397449,0.687957364957801,0.01289407517245826,0.0576551724137931
409,0.9997554839900322,0.9375987988941742,0.05230918476627261,0.15117678555922437,0.9960194700113725,0.6877901387956791,0.01282960479659596,0.0576551724137931
410,0.9997604546047775,0.9375670388843574,0.052093675480833,0.1511978814038166,0.996088368366159,0.6876592408199207,0.01270066404487138,0.0577103448275862
411,0.9997636408962809,0.9375568853054616,0.05186369778600039,0.1510648682114848,0.9961332205940485,0.6877630994157449,0.01270066404487138,0.0577103448275862
412,0.9997664448328039,0.9374929803160121,0.0516771473141276,0.15111761712934835,0.996182047728692,0.6876950568280065,0.01282960479659596,0.0575448275862069
413,0.9997702683826079,0.9373660846404261,0.05149099372506798,0.15118530748170797,0.9962485291075267,0.6875883537159623,0.01263619366900909,0.05748965517241379
414,0.9997743468357322,0.9373829270698745,0.05121186408234005,0.1511024666878767,0.9963214480652202,0.6876956652680982,0.01244278254142222,0.0576
415,0.999777979208046,0.9374081425928198,0.05113333575120489,0.15106823763871166,0.9963672803359404,0.687737716659997,0.01237831216555993,0.05743448275862069
416,0.9997801458862683,0.9374141096249672,0.05091352547698847,0.15100085655185239,0.9964039786705969,0.6877963022723519,0.01237831216555993,0.05721379310344828
417,0.9997803370637585,0.9373934174973594,0.05080987716870659,0.15094478393106558,0.9964089792756942,0.6878748801513606,0.01231384178969763,0.05715862068965517
418,0.9997802096120983,0.9373720997938005,0.0506986636105163,0.15089857374607996,0.9964201735912187,0.6878742812066098,0.01250725291728451,0.05737931034482759
419,0.9997819939353402,0.9373813871906106,0.05047972455027983,0.15084407316919585,0.996443364975598,0.6877059187057403,0.01250725291728451,0.05732413793103448
420,0.99978173903202,0.9373805210085246,0.05042577869232618,0.1508657286361313,0.9964438553326983,0.6878209286815721,0.01250725291728451,0.05726896551724138
421,0.9997839694360723,0.9373348058428794,0.05023762520211943,0.15087376650906423,0.9964699175704588,0.6878152642687405,0.01231384178969763,0.05726896551724138
422,0.9997845429685429,0.9373645447611623,0.05020366515596062,0.1509267144235054,0.9964803405659867,0.6878460082048252,0.01218490103797305,0.05715862068965517
423,0.9997858174851443,0.9373075692284002,0.05007218175427458,0.1508963735152323,0.9964976660008187,0.6877683277381526,0.01218490103797305,0.05721379310344828
424,0.9997900233899286,0.9373403879052108,0.04996005564001832,0.15085829630178646,0.9965543760430434,0.6878397780758002,0.01212043066211076,0.05726896551724138
425,0.9997920626164908,0.937338414934904,0.04990491184752146,0.15089171139804375,0.9965849064639121,0.687833283081024,0.01218490103797305,0.05721379310344828
426,0.9997945479238635,0.9373597085778493,0.04967226752458431,0.1507132897332516,0.9966199133688318,0.6878592054030503,0.01218490103797305,0.05688275862068966
427,0.9997962685212752,0.9373853331312242,0.04961246778983511,0.1507578873000271,0.9966433150502034,0.6877629436639824,0.01218490103797305,0.05677241379310345
428,0.999797033231236,0.9373140174728175,0.04939946443395846,0.1507071184267531,0.9966519135563309,0.6877713826714461,0.01212043066211076,0.05693793103448276
429,0.9997960773437851,0.9372911117687679,0.04933124385326942,0.15076457981552668,0.9966362623813387,0.6877013189858078,0.01212043066211076,0.05682758620689655
430,0.9997969057795759,0.937260554789626,0.04920159461040587,0.15076093264358362,0.9966522800088765,0.6875138283232717,0.01212043066211076,0.05682758620689655
431,0.9998028322817721,0.9372468402399324,0.04894378509132852,0.15076043840115427,0.9967524202846803,0.6872945004254454,0.01199148991038618,0.05682758620689655
432,0.9998037881692232,0.9372179675037354,0.04886662504339619,0.15082099210833128,0.996763665642004,0.6869981607506314,0.01205596028624847,0.05693793103448276
433,0.9998063372024258,0.9371800960980903,0.04874616752893461,0.1508469493975048,0.9968014346511667,0.6869265678232331,0.0117980787827993,0.05710344827586207
434,0.9998095872197593,0.9371810104014032,0.04858876882598684,0.15080253867794932,0.9968437723164889,0.6868461702216303,0.01173360840693701,0.05710344827586207
435,0.9998107980105305,0.9371322154772302,0.04850795896059458,0.15079128088783084,0.9968695201329288,0.6867597110184118,0.01173360840693701,0.05699310344827586
436,0.9998119450754718,0.9372338475086438,0.04835523045692319,0.15077467330592229,0.9968880151209197,0.6868698036247786,0.01173360840693701,0.05688275862068966
437,0.9998141754795241,0.9372119764109745,0.04826418506637599,0.15082072745207117,0.9969349781028923,0.6868346207842412,0.01166913803107472,0.05682758620689655
438,0.9998167882385569,0.937246190603368,0.04810722766280275,0.1507965940184237,0.9969766567138676,0.6868132463395062,0.01166913803107472,0.05688275862068966
439,0.9998193372717595,0.9372790333407921,0.04798457646653922,0.15073328379340456,0.9969995083145355,0.6870299930681987,0.01173360840693701,0.05688275862068966
440,0.9998234794507139,0.9372651744274175,0.0478704781589033,0.15075947871016776,0.9970692354157883,0.6869832180752725,0.01154019727935014,0.05710344827586207
441,0.9998229696440734,0.937289908738093,0.04770912533546567,0.15063271989026075,0.9970608445441287,0.6871489422574357,0.01173360840693701,0.05682758620689655
442,0.9998227784665832,0.9373250853550263,0.04759976800371041,0.15060028328939956,0.9970526393324609,0.6873887494100446,0.01166913803107472,0.05682758620689655
443,0.9998238618056944,0.9373038638939216,0.04749734333446097,0.1506202102840498,0.9970717814620415,0.6872872612208072,0.01166913803107472,0.05677241379310345
444,0.9998267931938775,0.9373039601363755,0.04732736314526499,0.15062036358438338,0.9971114707002893,0.687270953885894,0.01160466765521243,0.05666206896551724
445,0.9998304892920213,0.9373409653599347,0.04721086866464849,0.15054418312210013,0.9971701785606817,0.6873603074558821,0.01160466765521243,0.05638620689655172
446,0.9998315726311324,0.9373213800205478,0.04705492532498744,0.15059973381646255,0.9971972598616079,0.687076649487985,0.0117980787827993,0.05644137931034483
447,0.9998338667610149,0.9373179152922041,0.04705355774458062,0.15063149639157958,0.9972425850010871,0.6869981816491533,0.0117980787827993,0.05660689655172414
448,0.9998369256008581,0.9373230161422655,0.04696072212012489,0.15060766103018774,0.9973031733886998,0.6871531624249887,0.01147572690348785,0.05644137931034483
449,0.9998404305215118,0.9372866846158844,0.04675783705216279,0.15047422637038912,0.9973599865252335,0.6872503640747485,0.01134678615176326,0.05627586206896552
450,0.9998415138606229,0.9372279767189504,0.04665963622305744,0.1504775735666763,0.9973821461998681,0.6872396364293503,0.01134678615176326,0.05644137931034483
451,0.9998436805388452,0.937212337320177,0.04655906687687007,0.15052894088686536,0.9974162831261589,0.6870414446663871,0.01141125652762556,0.05644137931034483
452,0.9998455285879172,0.9372196036254532,0.04640170996863824,0.15043432820077038,0.9974473829992218,0.6869962671002413,0.01134678615176326,0.05627586206896552
453,0.9998506903801526,0.9371954467695017,0.04616291555826853,0.15030883916303425,0.9975345764109692,0.6871254372474971,0.01134678615176326,0.05627586206896552
454,0.9998538129458259,0.9371513677255743,0.04601874125234136,0.15030317610205896,0.9975881896363027,0.6872953304088575,0.01128231577590097,0.05649655172413793
455,0.999854768833277,0.9371973716185815,0.04601041673689173,0.15031694536252657,0.9976031687753796,0.6873154868118072,0.01128231577590097,0.05633103448275862
456,0.9998570629631593,0.9372242713844717,0.04590719458655461,0.15029661844521783,0.99764695336383,0.6873550715341425,0.01121784540003868,0.05616551724137931
457,0.9998592933672117,0.9372089447736739,0.04568728470257678,0.15022333449164457,0.9976837432129522,0.6874482431930887,0.01095996389658952,0.056
458,0.9998585286572509,0.9372052634998087,0.04552523089938312,0.1502347048991547,0.9976669431938248,0.6873014994516173,0.01095996389658952,0.056
459,0.9998592296413816,0.9371952061633667,0.04531940321504939,0.1502558047607907,0.9976751800030657,0.6871413731659044,0.01095996389658952,0.0559448275862069
460,0.9998613325937739,0.9371356802055739,0.0451770138061937,0.1502493524305617,0.9977139332054257,0.6872060596407555,0.01095996389658952,0.0560551724137931
461,0.9998626708362053,0.9371904902831213,0.04510978574609996,0.15025128925798942,0.9977377469754232,0.6873915609447416,0.01102443427245181,0.0559448275862069
462,0.9998648693773425,0.9372185930796864,0.04502253346903032,0.1502421448791512,0.9977871994021446,0.6874224233280523,0.01083102314486493,0.05627586206896552
463,0.9998664306601792,0.9372011250742871,0.04491392042691648,0.15028392161356335,0.9978073526838859,0.6873392882178867,0.01089549352072723,0.05622068965517241
464,0.9998684061609113,0.9371812510075382,0.04471545910008803,0.1502602629075754,0.9978435521282566,0.6872492276376743,0.01070208239314035,0.05622068965517241
465,0.999869043419212,0.9371261522026288,0.04467852536897529,0.1503133911504085,0.9978579453718486,0.687177161501629,0.01070208239314035,0.05627586206896552
466,0.9998689159675518,0.937123938626187,0.04458367489658684,0.15025224762840156,0.9978589482196507,0.687335626578757,0.01083102314486493,0.05616551724137931
467,0.9998699355808329,0.9370736519439773,0.04438680464860464,0.15026499184814196,0.9978817274030128,0.6873730789626236,0.01057314164141577,0.05583448275862069
468,0.999873886582297,0.9369725492460607,0.04417255326910102,0.15025692345653194,0.9979460135148417,0.6870949950613058,0.01050867126555348,0.05550344827586207
469,0.9998752248247285,0.9369712499729318,0.0440352326300168,0.1501826495992017,0.9979696307981145,0.6871527676843008,0.01044420088969119,0.05561379310344827
470,0.9998754160022186,0.9369800561574719,0.04393434261419148,0.15023404035753124,0.9979723706665921,0.6872027322968476,0.01044420088969119,0.05544827586206896
471,0.9998761807121794,0.9369285664445872,0.04377437448841157,0.15025247342087286,0.9979851022882922,0.6870661760460772,0.0103152601379666,0.05577931034482759
472,0.9998765630671599,0.9370043092558774,0.04365815914701736,0.15024840540835324,0.9979917209168364,0.6871986653011705,0.0103797305138289,0.056
473,0.9998775189546109,0.9370258675655712,0.04358222142260957,0.15020967518177683,0.9980022754022554,0.6873435750373696,0.0103797305138289,0.05583448275862069
474,0.9998789846487024,0.9369627325157537,0.04341430198132162,0.15012659868170494,0.9980294844990188,0.6874578026714213,0.0103152601379666,0.05577931034482759
475,0.999881342504415,0.93695582711968,0.04328911935753567,0.15005799847986817,0.9980603871877142,0.6876138579757641,0.01025078976210431,0.056
476,0.9998807371090292,0.9369190384416421,0.04313615280057074,0.15000576395842644,0.998047663358013,0.6876972063453425,0.00992843788279286,0.05588965517241379
477,0.9998821072143758,0.936931357475753,0.04308183422722283,0.15000268095494157,0.998073180163133,0.6877554821330047,0.00999290825865515,0.05588965517241379
478,0.9998835091826372,0.9369826547037297,0.04301919234098029,0.1499741158132761,0.9981014948852752,0.6878107593720151,0.01012184901037973,0.0559448275862069
479,0.9998848474250687,0.9369673521535452,0.04296611652120896,0.1499742934024015,0.9981213713538803,0.6877402753605267,0.01005737863451744,0.056
480,0.9998850386025588,0.9369389125083911,0.04279416299613336,0.14992936529624054,0.9981213860514103,0.687844414355642,0.00986396750693056,0.05583448275862069
481,0.9998840189892777,0.9369617700912137,0.04276208563163675,0.14998030656455552,0.9981055591243048,0.6879353035238704,0.00986396750693056,0.0559448275862069
482,0.9998863131191602,0.9369261122620105,0.04259619259973217,0.14992392182388103,0.9981378320742701,0.6879156657606923,0.00979949713106827,0.05588965517241379
483,0.9998865680224804,0.9369439652372257,0.04251977104047754,0.1499151554210079,0.998143090885247,0.6880496933617282,0.00979949713106827,0.056
484,0.9998864405708203,0.9369521939670418,0.04246375266009486,0.14995408776940664,0.9981455854945396,0.6879140872508188,0.00973502675520598,0.0560551724137931
485,0.9998897543139837,0.9370042130134234,0.04221038898245132,0.14980722627785426,0.9981977891863392,0.6880560021890696,0.00947714525175682,0.05588965517241379
486,0.9998905827497747,0.9369151406222556,0.04203043095650993,0.14989040494230907,0.9982197050783693,0.6878944828440229,0.00967055637934369,0.05583448275862069
487,0.9998912200080753,0.9369392493569801,0.04195027345733612,0.14983060339202162,0.9982303162423448,0.6880835910794791,0.00954161562761911,0.05583448275862069
488,0.9998932592346375,0.9369520977245878,0.04177926833131942,0.14976528055018087,0.9982647078136042,0.6881136660815137,0.0096060860034814,0.05588965517241379
489,0.9998951072837095,0.9369279649292498,0.04164254130622505,0.14977325230901167,0.9982967422479254,0.6880420354240869,0.00947714525175682,0.05572413793103449
490,0.9998960631711604,0.9369525548762442,0.04151127911534024,0.14981525521377145,0.9983079449926258,0.6880358389540836,0.00928373412416994,0.05577931034482759
491,0.9998952347353696,0.9369662453653244,0.04140796666874313,0.14983935918739297,0.9982937599832694,0.6879196166135377,0.00921926374830765,0.0559448275862069
492,0.9998977200427422,0.9369832321584536,0.04124668573590518,0.14979467180553152,0.9983318868681434,0.6879315178094952,0.00928373412416994,0.05588965517241379
493,0.9999000141726246,0.936911339045323,0.0411247258552903,0.14987850050374174,0.9983707062450495,0.6875678710219328,0.00921926374830765,0.0559448275862069
494,0.9999012249633958,0.9369282055353847,0.04102594528202177,0.14979557067779295,0.9983892400614799,0.6877040620107734,0.00915479337244536,0.05572413793103449
495,0.9999014161408861,0.9368829956426229,0.04089492707100743,0.14984945269986666,0.9983917240381749,0.6875857217437159,0.00909032299658307,0.05561379310344827
496,0.9999046024323894,0.9368937266762428,0.04069786251147561,0.14975156145059848,0.9984420000475785,0.6877034269276442,0.00870350074140932,0.05522758620689655
497,0.99990511223903,0.93687183151796,0.04058802150008264,0.1498673770892849,0.9984507872700179,0.6876234720194819,0.00876797111727161,0.05555862068965517
498,0.9999060044006509,0.9368944484946478,0.04044702017124024,0.14978462951563123,0.9984687175209723,0.6876123095678626,0.00870350074140932,0.05533793103448276
499,0.9999056857715006,0.9368954109191876,0.04043485087870591,0.14981522986120419,0.9984650223236411,0.6877414464950148,0.00876797111727161,0.05506206896551724
500,0.9999065142072915,0.9368860754011505,0.04026587046727734,0.14972847350594584,0.9984736996425341,0.6877988801092588,0.00870350074140932,0.05511724137931034
501,0.9999077887238929,0.9368809023692486,0.04018400772748652,0.14973636430261208,0.9984988669557615,0.6878220347355463,0.00870350074140932,0.05511724137931034
502,0.999907979901383,0.9368655757584506,0.03993490795932812,0.1496963392009343,0.9985054929819397,0.6877256652619591,0.00825220811037328,0.05500689655172414
503,0.9999102103054354,0.936902436618329,0.03978531988940371,0.14966096936319576,0.9985424012548573,0.6877113044488081,0.00838114886209787,0.05467586206896552
504,0.9999107201120759,0.9369051073464271,0.03970897139505086,0.14966520774364866,0.9985507209247535,0.6877232188140381,0.00838114886209787,0.05473103448275862
505,0.9999116122736968,0.9369216851091269,0.03951321273617484,0.14953456669918078,0.9985663376849866,0.6877978398719794,0.00838114886209787,0.05484137931034483
506,0.9999125681611478,0.9369197121388201,0.03941325385686496,0.14956112991746578,0.9985808551509114,0.6876998063395179,0.00831667848623558,0.05473103448275862
507,0.9999132054194485,0.9369239949280227,0.03929977422836293,0.14955712778161093,0.9985891750407713,0.6875902960815743,0.00805879698278641,0.05467586206896552
508,0.9999139701294093,0.9369365305076549,0.03919839450138382,0.14954653055503522,0.9986009963748073,0.687720865063707,0.00799432660692412,0.05489655172413793
509,0.9999133965969387,0.9369284220809062,0.03912990282736894,0.1495895317874431,0.9985916194149631,0.6877410703807079,0.00805879698278641,0.05478620689655173
510,0.9999159456301414,0.9369585219083916,0.03902840068977667,0.14958240199833306,0.9986291660641853,0.6878417613215768,0.00799432660692412,0.05478620689655173
511,0.9999169015175924,0.9369163436529304,0.03886324936925526,0.14953759002703948,0.9986481410080352,0.6879416688907626,0.00792985623106183,0.05473103448275862
512,0.9999181760341938,0.9369288551719491,0.03876844227775526,0.1494955975539032,0.9986680471848124,0.6879696708241058,0.00786538585519954,0.05467586206896552
513,0.9999191956474748,0.9369459622681459,0.03862461771600589,0.1494971778108019,0.9986865785283483,0.6879626680779316,0.00792985623106183,0.05456551724137931
514,0.999919259373305,0.9369296010509676,0.03860131199159929,0.14951846644932848,0.9986830521546893,0.687960357698683,0.00786538585519954,0.0544551724137931
515,0.9999197691799454,0.9369425216004158,0.03850142272938915,0.1494231063758296,0.9986835488224689,0.6882001195772535,0.00773644510347495,0.0544551724137931
516,0.9999223182131481,0.9368613892117021,0.0384316871624635,0.14944853181323078,0.9987259974673365,0.6881147754604632,0.00780091547933724,0.05428965517241379
517,0.9999236564555796,0.936871879639187,0.038179792298583,0.1493996783668541,0.9987517355958657,0.6881509232786645,0.00792985623106183,0.05428965517241379
518,0.9999235290039193,0.9368271990799222,0.03808503693580768,0.14944407307950647,0.9987489510739128,0.6881800501626445,0.00792985623106183,0.05423448275862069
519,0.9999255682304815,0.9368246486548915,0.03789310499444925,0.14936957573059848,0.9987828675242065,0.688264600449221,0.00773644510347495,0.05423448275862069
520,0.9999282447153444,0.9368483964804134,0.03784270983977427,0.14937455817758488,0.9988290097475012,0.6883356910899723,0.00780091547933724,0.05428965517241379
521,0.9999284358928345,0.9368577319984505,0.03772032883849034,0.14929075069420178,0.9988298444496642,0.6884119035385002,0.00773644510347495,0.05428965517241379
522,0.9999283084411744,0.9368343932033579,0.03759571996097129,0.149353872051856,0.9988258498474899,0.6882807783082794,0.00780091547933724,0.05395862068965517
523,0.9999272251020633,0.936842477569493,0.03758447376236904,0.14946586444956014,0.9988110574554709,0.6882600054115662,0.00780091547933724,0.05401379310344828
524,0.9999267152954228,0.9368393015685114,0.03756209407005726,0.1494443774810644,0.9988042371405502,0.688376028421394,0.00773644510347495,0.05401379310344828
525,0.9999263329404423,0.9368576357559965,0.03754971356315722,0.1494811143451659,0.9987971484171834,0.688462535999924,0.00773644510347495,0.05401379310344828
526,0.9999274800053836,0.9368731789123159,0.03747063575338296,0.14957159826589625,0.9988120023164829,0.6884263516665728,0.00767197472761266,0.05395862068965517
527,0.9999267790212528,0.9368873265530524,0.0373580699902543,0.14951055341115393,0.9987956348341339,0.6884626275013048,0.00767197472761266,0.05406896551724138
528,0.9999263966662724,0.9368779429137885,0.03732464461097644,0.1495578694369537,0.9987881259280793,0.6884259771333064,0.00754303397588808,0.05401379310344828
529,0.9999283721670045,0.9368789053383283,0.03717114476345924,0.14947194599561148,0.9988172792174805,0.6883625533466228,0.00754303397588808,0.05395862068965517
530,0.9999292006027953,0.9368508025417632,0.03711367301933607,0.14957338521937127,0.9988270033205982,0.6882614495734475,0.00754303397588808,0.05401379310344828
531,0.9999303476677366,0.9368049911336639,0.03700027035399635,0.14964329088301864,0.9988472941172024,0.6882613031260094,0.00767197472761266,0.05390344827586207
532,0.9999321957168086,0.9367524908750123,0.03694555045824834,0.14965486497312008,0.998880001692156,0.6881834753108917,0.00747856360002579,0.05412413793103448
533,0.9999328329751092,0.9367165202578336,0.03685399102139188,0.14971389569686133,0.9988889944328807,0.688157172597022,0.00747856360002579,0.05406896551724138
534,0.9999321957168086,0.9366672200607771,0.03671556201098867,0.1497582073449428,0.99887932685676,0.6880269790146751,0.00767197472761266,0.05390344827586207
535,0.9999334065075798,0.9366520137530466,0.03660948469936847,0.1498266778796887,0.9988973988649522,0.6879582940386932,0.00754303397588808,0.05390344827586207
536,0.9999331516042596,0.9366209274404079,0.03651783821651908,0.14984835611623204,0.9988954904028507,0.6878599607577816,0.0074140932241635,0.05401379310344828
537,0.9999343623950309,0.936590899794763,0.03638767837886991,0.14988026932706558,0.998910595142196,0.6876959426820345,0.0074140932241635,0.05384827586206897
538,0.9999332153300896,0.9365488418423693,0.03629197666986356,0.14985786155894504,0.9988905095874032,0.6877059286334418,0.00728515247243891,0.05384827586206897
539,0.9999334065075798,0.9365203540759882,0.03622038234279869,0.14985550486624172,0.9988931729920921,0.6876560607871459,0.00722068209657662,0.05390344827586207
540,0.9999352545566518,0.9364764675169688,0.03608665273317554,0.14982720938120347,0.9989222175088832,0.6875853880862104,0.00722068209657662,0.05390344827586207
541,0.9999351908308217,0.9364929730978281,0.03602678756533675,0.14994676105914004,0.9989174479407023,0.6875464150149713,0.00715621172071433,0.05395862068965517
542,0.9999367202507433,0.9364746870315699,0.03581933350296092,0.1499259872832721,0.9989352252188703,0.6876229061945911,0.00722068209657662,0.05401379310344828
543,0.9999375486865342,0.9364477872656797,0.03565728496775101,0.1498546484884662,0.9989477929186522,0.6876268468002986,0.00722068209657662,0.05395862068965517
544,0.9999395879130963,0.9364691049692385,0.0355659602240243,0.14979778544886296,0.9989885825798145,0.6876315809027504,0.00728515247243891,0.05379310344827586
545,0.9999397153647565,0.9365091658907119,0.03546106749376741,0.14976260527293161,0.9989906217504909,0.6875805158078732,0.00709174134485204,0.05401379310344828
546,0.9999400977197369,0.9364962694018772,0.035285911021107,0.14985660976462567,0.9990005433566751,0.6873596138793215,0.00689833021726517,0.05395862068965517
547,0.9999400977197369,0.9364920587945151,0.03520734190332077,0.14985155570356132,0.9990013251503836,0.6874486904777333,0.00689833021726517,0.05395862068965517
548,0.9999404800747173,0.9364230288943908,0.0350877976345576,0.14981584028276523,0.9990028623550788,0.6875753814243472,0.006640448713816,0.05390344827586207
549,0.9999406712522074,0.9364465842350048,0.03504693619151462,0.14974987731868208,0.9990074495274618,0.6877486050795933,0.006640448713816,0.05401379310344828
550,0.9999428379304297,0.9364716794548827,0.03486938964194076,0.14968371297045308,0.9990410288432044,0.6878826018293036,0.00651150796209142,0.05401379310344828
551,0.9999443036245212,0.9364961972200367,0.0347663581921545,0.14961541108573673,0.9990715647899654,0.6879399292115786,0.00644703758622913,0.05379310344827586
552,0.9999449408828219,0.9364647740588089,0.03463819807169134,0.1497556050370472,0.9990814202315772,0.6878575616393842,0.00644703758622913,0.05423448275862069
553,0.9999453869636324,0.9363760866374571,0.03448268577785002,0.14981897290337265,0.9990879662446085,0.6878342760449032,0.00638256721036684,0.05412413793103448
554,0.9999456418669527,0.9363507267508306,0.03442917963648866,0.14972962333857984,0.9990927683586173,0.687806765754658,0.00644703758622913,0.05412413793103448
555,0.9999464065769135,0.9363505583265362,0.03428613109437191,0.1497059432287851,0.9991050840178137,0.6877591683108824,0.00638256721036684,0.05395862068965517
556,0.9999463428510834,0.936386913913531,0.03426974860929083,0.14974264462634954,0.9991048031113092,0.6879238306890938,0.00644703758622913,0.05395862068965517
557,0.9999463428510834,0.936357559965064,0.03414182971862336,0.1497766219389144,0.9991038300726222,0.6879434040463323,0.00631809683450454,0.05406896551724138
558,0.9999474261901946,0.9363422574148795,0.03405380076572979,0.14976520481613767,0.9991208530323891,0.6879929612593002,0.00625362645864225,0.05395862068965517
559,0.9999477448193449,0.9363528922060455,0.03395134275974308,0.14968201698015268,0.9991261933771359,0.6880930490085129,0.00631809683450454,0.05390344827586207
560,0.9999471712868743,0.9363616502693586,0.03389105198686688,0.14969321711276992,0.999116167896981,0.6881317322647642,0.00625362645864225,0.05379310344827586
561,0.9999471075610442,0.9363562125707081,0.03375364620357321,0.14973299497780956,0.9991189964455556,0.68798294882284,0.00631809683450454,0.05390344827586207
562,0.9999473624643646,0.9363336677758609,0.03365995289377675,0.14978692621449827,0.9991254351244052,0.6878733466679999,0.00618915608277996,0.05384827586206897
563,0.9999485732551358,0.9363244525608914,0.03356125462907168,0.1498187239913797,0.9991434814560403,0.6879064112017552,0.00618915608277996,0.05373793103448276
564,0.9999503575783777,0.9362777268494792,0.03343353343213784,0.14990830230380278,0.9991769389387436,0.687751122490602,0.00612468570691767,0.05368275862068966
565,0.999950676207528,0.9362803494563504,0.03335809931872696,0.14985658534159482,0.9991825187063735,0.687913496554236,0.00599574495519309,0.05340689655172414
566,0.999950739933358,0.9362853300033445,0.03323961197671646,0.1498334425280884,0.9991833223114339,0.6879049993224445,0.00599574495519309,0.05324137931034482
567,0.9999498477717371,0.9363305158354928,0.03318731427706315,0.14981064579787665,0.9991628554465638,0.6880925954793672,0.00606021533105538,0.05324137931034482
568,0.9999511222883385,0.9363432198394195,0.03312524101167369,0.14980578728523733,0.9991867033172308,0.6882189409337776,0.00606021533105538,0.05329655172413793
569,0.9999533526923908,0.9363445191125483,0.03294905078932593,0.14978623877921868,0.9992204630945006,0.6880723375277763,0.0059312745793308,0.05318620689655172
570,0.9999557105481033,0.9363718519694815,0.03292203304290501,0.14977899845775583,0.9992649868117863,0.6882191092642975,0.00586680420346851,0.05324137931034482
571,0.9999565389838941,0.9363629254818739,0.03291344526126291,0.14981694096770812,0.999281638643798,0.6882163450244617,0.00586680420346851,0.05329655172413793
572,0.9999567301613844,0.936337685898315,0.0327742707784301,0.14984900164328985,0.999283390079173,0.6881491354275606,0.00586680420346851,0.05324137931034482
573,0.9999574311455152,0.9363454574764747,0.03272939617740715,0.14988620807105205,0.9992984591531962,0.6882392165944744,0.00586680420346851,0.05346206896551724
574,0.9999574311455152,0.9363395626261678,0.03272254371446535,0.1499302926939621,0.9992974074768992,0.6882567450454267,0.00586680420346851,0.05340689655172414
575,0.999958195855476,0.9363588832988063,0.03261005320178382,0.14996690727854714,0.9993125377844938,0.6882516960712992,0.00586680420346851,0.05351724137931035
576,0.9999578772263256,0.9363014024931607,0.03247195372512088,0.15003423788111975,0.9993049172038271,0.6880321973715449,0.00586680420346851,0.05357241379310345
577,0.9999580046779857,0.9362868458219947,0.03238500491330452,0.1499148633307562,0.9993072646332583,0.6881509195563954,0.00580233382760622,0.05340689655172414
578,0.9999594703720773,0.9363036160696026,0.03228692597508631,0.14982451569646907,0.9993362944356746,0.6882348738680316,0.00580233382760622,0.05335172413793104
579,0.9999602350820381,0.9363176674678851,0.0322429132290563,0.1498052369717525,0.9993537465608996,0.688274198097296,0.00586680420346851,0.05324137931034482
580,0.9999609997919989,0.9363717797876411,0.03221468360019596,0.14980911934633703,0.9993658229679659,0.6884171797141908,0.00580233382760622,0.05318620689655172
581,0.9999617645019597,0.9364026254941449,0.03211692581162647,0.1497799438141917,0.9993807595970867,0.6884310592615547,0.00580233382760622,0.05302068965517241
582,0.9999630390185611,0.9364262770772129,0.03202959446550376,0.14971689278391176,0.9994002481582835,0.6883666687184914,0.00580233382760622,0.05296551724137931
583,0.9999633576477114,0.9364989401299755,0.03184149146737384,0.14964228246754607,0.9994050398795211,0.6885147197028981,0.00567339307588163,0.05302068965517241
584,0.9999634213735414,0.9364811833972143,0.03170674914822759,0.14965586070991738,0.9994047365161218,0.68849248663391,0.00541551157243247,0.05302068965517241
585,0.9999635488252016,0.9364615499366002,0.03167100891481776,0.1496835902453316,0.9994070936856032,0.6884169223827032,0.00547998194829476,0.05291034482758621
586,0.9999635488252016,0.9363967065832245,0.03155261828391739,0.14973985085879002,0.9994101311956641,0.6883122222494927,0.00541551157243247,0.05291034482758621
587,0.9999633576477114,0.9363996660386846,0.03145900862083886,0.1497754367662766,0.9994094291583984,0.688303551072416,0.00522210044484559,0.05318620689655172
588,0.9999643772609924,0.9364082797383168,0.03138576602791777,0.1497227632773021,0.9994276818272743,0.688431941398319,0.00528657082070788,0.05302068965517241
589,0.9999652056967834,0.9364141024067831,0.03122608849856491,0.14965547660426493,0.9994422297678281,0.6885708701185014,0.00509315969312101,0.05313103448275862
590,0.9999646958901428,0.9364264214408939,0.03120189225017318,0.14967743000887287,0.9994349856409782,0.6885939979213321,0.00502868931725872,0.05307586206896552
591,0.9999648233418029,0.9364326290791762,0.03109971035081101,0.14964125118488789,0.9994385247010695,0.6886200737747762,0.00502868931725872,0.05307586206896552
592,0.9999653331484435,0.9364412909000354,0.0309990948849319,0.14958797999579165,0.9994460129577516,0.6885911965874666,0.00502868931725872,0.05296551724137931
593,0.9999651419709532,0.936453561812919,0.03091084525963808,0.1495901698140282,0.999443766017922,0.6886164691813504,0.00502868931725872,0.05291034482758621
594,0.9999657155034238,0.9364847924892389,0.03077660946702296,0.14949824197703868,0.9994551480255072,0.6887563202674714,0.00489974856553414,0.05296551724137931
595,0.9999673723750057,0.9365381348693629,0.03071024119716974,0.14947952302006814,0.9994861649709668,0.6888054120373022,0.00489974856553414,0.0528
596,0.9999671174716853,0.9365388807483813,0.03065893929117799,0.1494969816295294,0.9994810805528325,0.6889083662329157,0.00489974856553414,0.0528
597,0.9999674361008357,0.9365397709910808,0.03060869471232837,0.14949135161344343,0.9994859097395564,0.6889833252181452,0.00496421894139643,0.0527448275862069
598,0.9999685831657769,0.9366016067677694,0.03052796177473411,0.14946887226474245,0.9995046161270783,0.689119941866393,0.00470633743794726,0.05268965517241379
599,0.9999701763115285,0.9365556269353756,0.03035244349720056,0.1494791574098267,0.9995327643103822,0.6891927255202427,0.00464186706208497,0.05263448275862069
600,0.9999695390532279,0.9365185735905894,0.03026527018560879,0.1495165526475495,0.9995213816714079,0.6891376292112732,0.00470633743794726,0.05268965517241379
601,0.999969602779058,0.9365461951748846,0.03021328101017758,0.14949500177524516,0.9995231082465713,0.6891263683854744,0.00470633743794726,0.05268965517241379
602,0.9999694116015677,0.9365002875243313,0.03014562412889827,0.14950695540443437,0.9995185147812201,0.6891573799269476,0.00477080781380955,0.05268965517241379
603,0.9999698576823782,0.9364861158229812,0.03005640009336456,0.1495677909802404,0.9995265098093521,0.6890106522126287,0.00477080781380955,0.05241379310344828
604,0.9999689655207573,0.9364961490988097,0.02998944289602911,0.14949477650483148,0.999508334574371,0.6891338267425542,0.00470633743794726,0.05246896551724138
605,0.9999678821816461,0.9364773818202816,0.02996258150159918,0.14948828511506776,0.9994886721993593,0.6890872116234791,0.00470633743794726,0.05246896551724138
606,0.999968774343267,0.9364215130757404,0.0298304070187252,0.1496503356106226,0.9995047889464986,0.6887214805650168,0.00470633743794726,0.05235862068965517
607,0.9999688380690972,0.9364358532013849,0.02980201632505939,0.1495985870676514,0.9995052308916497,0.6887771961994799,0.00470633743794726,0.05235862068965517
608,0.999968710617437,0.936421152166538,0.02972560085583057,0.14964660197889867,0.9995026739784426,0.6887005446267133,0.00470633743794726,0.05235862068965517
609,0.999969602779058,0.9364116241635929,0.02957149466522568,0.14966838444271297,0.999518671034816,0.6887405369866771,0.00470633743794726,0.05252413793103448
610,0.9999704312148489,0.9364084241019978,0.02945642182145713,0.14966442800950616,0.9995347448493873,0.6887926133946835,0.00470633743794726,0.05241379310344828
611,0.9999706861181691,0.936406018040648,0.0293459171745191,0.14957447728301093,0.9995383813164188,0.6888119047920879,0.00464186706208497,0.05246896551724138
612,0.9999710684731495,0.9363991367051877,0.0292242092385343,0.149526214396117,0.9995448261057398,0.6887547277823699,0.00464186706208497,0.05230344827586207
613,0.9999708772956593,0.93643561259525,0.0291410121593844,0.14943521433715032,0.9995405295715144,0.6889511737863031,0.00457739668622268,0.05246896551724138
614,0.9999711321989796,0.9363962734921815,0.02902798605210739,0.1495029200838964,0.999544911597959,0.6889694817346228,0.00457739668622268,0.05230344827586207
615,0.9999726616189012,0.9363387686259225,0.02891547200480569,0.1495525161533323,0.9995678563921992,0.6889002504766298,0.00457739668622268,0.05235862068965517
616,0.999972470441411,0.9363352557763518,0.02889877925958978,0.14959622959472998,0.9995674489067803,0.6888530086549827,0.00451292631036039,0.05230344827586207
617,0.9999732351513718,0.936332272260278,0.02876714892318074,0.14955966969644233,0.9995795484219295,0.688948853738752,0.00451292631036039,0.05241379310344828
618,0.9999727253447313,0.9363183652256766,0.02875905157819868,0.14961567800361722,0.9995694203012958,0.6889785500570228,0.00457739668622268,0.05246896551724138
619,0.9999727890705613,0.9362940880666575,0.02875196852194969,0.14966392874943554,0.9995699276357118,0.688864042878337,0.00457739668622268,0.05246896551724138
620,0.9999725341672411,0.9362867014583138,0.02874644788373075,0.14973167002027166,0.9995663617111125,0.6888955541296233,0.00457739668622268,0.05252413793103448
621,0.9999736175063522,0.9362644935120555,0.0286920763718888,0.1497633171582601,0.9995859884341799,0.6887946379445128,0.00451292631036039,0.05241379310344828
622,0.9999735537805221,0.9362302311984351,0.02860737959321433,0.1497814599603099,0.9995832461067461,0.688810619937237,0.00451292631036039,0.05230344827586207
623,0.9999739361355026,0.9362924519449397,0.02847040978646421,0.14980651159609218,0.9995877741704813,0.6886597872505111,0.00451292631036039,0.05230344827586207
624,0.9999733626030319,0.9363205066202778,0.02843457529290108,0.1498194339049546,0.9995767108209893,0.6885985428816455,0.00451292631036039,0.05252413793103448
625,0.9999748282971235,0.9363042897667805,0.02839191515592391,0.1498426642293939,0.999603481157558,0.6884891964973446,0.00457739668622268,0.05230344827586207
626,0.9999757204587444,0.936298755825676,0.02827696731339995,0.14990879129510468,0.9996190295219258,0.6883753641422655,0.00451292631036039,0.05213793103448276
627,0.9999757204587444,0.9363169456494802,0.02817207144784511,0.14998658292647615,0.999618294552339,0.6883918014333954,0.00451292631036039,0.05213793103448276
628,0.9999758479104045,0.9363110267385598,0.02816510087016073,0.1500342274078565,0.9996207686255612,0.6882913861573519,0.00451292631036039,0.05219310344827587
629,0.9999758479104045,0.9363170418919342,0.0280803943665229,0.15002837020561555,0.9996222153779853,0.6882570886563767,0.00438398555863581,0.05224827586206897
630,0.9999757204587444,0.9363183892862901,0.02801258020214575,0.1501159392424086,0.9996204696680884,0.6882645784866526,0.0044484559344981,0.05235862068965517
631,0.9999757204587444,0.9363370603223641,0.02793157466420232,0.15007867389348162,0.9996197545528285,0.6883266903933621,0.00451292631036039,0.05224827586206897
632,0.9999759753620647,0.9363454334158612,0.02786114693378331,0.15003999458982017,0.999625021865612,0.6884381233632811,0.00438398555863581,0.05224827586206897
633,0.9999771861528359,0.936260884420031,0.02781163898890682,0.1501842765539393,0.9996470127632257,0.6881889412972328,0.00438398555863581,0.05219310344827587
634,0.9999776959594765,0.9362588152072702,0.02776688970606081,0.15019262826243632,0.9996571761981998,0.6882243576375006,0.00425504480691122,0.05219310344827587
635,0.9999778871369667,0.9362619912082518,0.02768603130606956,0.15016221224644183,0.9996597885618503,0.6882772411258772,0.00425504480691122,0.05208275862068965
636,0.9999776959594765,0.9362496240529141,0.02769017701599834,0.15021913366460082,0.9996565497374776,0.688225520222391,0.00425504480691122,0.05202758620689655
637,0.9999777596853066,0.9362107902227291,0.0276259680018936,0.15022606887890594,0.9996574197006239,0.6881959720900943,0.00431951518277352,0.05230344827586207
638,0.9999785881210974,0.9362140143449378,0.02754038106413752,0.1502268906954138,0.9996708629413785,0.688242555330427,0.00425504480691122,0.05235862068965517
639,0.9999784606694373,0.936202369008005,0.02750473392659016,0.150206316515778,0.9996685092457336,0.6882425268375473,0.00425504480691122,0.05230344827586207
640,0.9999782057661171,0.9361772016062866,0.02742257799609233,0.1502491756777733,0.9996631410643605,0.6881386616477942,0.00419057443104893,0.05213793103448276
641,0.9999784606694373,0.9362059299788026,0.0273469367982568,0.1502417823553931,0.9996675600747991,0.6881771126356149,0.00419057443104893,0.05219310344827587
642,0.9999784606694373,0.936212041374631,0.0273581747814508,0.1502796862400806,0.9996675600747991,0.6882075903474975,0.00419057443104893,0.05230344827586207
643,0.9999785243952674,0.936202320886778,0.02732889773580955,0.1503568871105861,0.9996684226896192,0.6882181689777097,0.00419057443104893,0.05224827586206897
644,0.9999785243952674,0.9362337440480057,0.02726082855710509,0.15037922807375165,0.9996684226896192,0.688200807813764,0.00419057443104893,0.05219310344827587
645,0.9999785243952674,0.9362186339827293,0.02722844348470728,0.1504126151036295,0.9996684226896192,0.6881262742805081,0.00419057443104893,0.05224827586206897
646,0.9999785881210974,0.9362546286605216,0.02712462027629874,0.15040722420634667,0.9996692844956142,0.6881984892379086,0.00412610405518664,0.05208275862068965
647,0.9999789067502478,0.9362567941157364,0.02714123795700088,0.15046651443016654,0.9996748649791085,0.6881281365447313,0.00425504480691122,0.05219310344827587
648,0.9999794165568883,0.936250634598681,0.02706220539607591,0.15053402100564395,0.9996836186585478,0.6881746520926498,0.00425504480691122,0.05219310344827587
649,0.9999797351860387,0.9362345139876377,0.02700062384143133,0.15051150152184012,0.9996888319930636,0.6882909745682279,0.00419057443104893,0.05213793103448276
650,0.9999812008801302,0.9362171903459194,0.02684618414937842,0.150462955636821,0.9997140988719355,0.6884019516863445,0.00419057443104893,0.05197241379310345
651,0.9999818381384309,0.9362248897422386,0.02675585979179158,0.15041498690343583,0.9997256573504761,0.6885329603311255,0.00406163367932435,0.05180689655172414
652,0.9999815195092805,0.9362214490745085,0.02666853000480694,0.1503813667398921,0.9997197619683915,0.6885532301707459,0.00419057443104893,0.05186206896551724
653,0.9999814557834504,0.9362439698087421,0.02660546866291222,0.1503921035921838,0.9997186321370911,0.6885842168622675,0.00419057443104893,0.05186206896551724
654,0.9999824753967316,0.9362329741083738,0.02655904168521244,0.15038004992582052,0.9997365448628153,0.6886557242812169,0.00419057443104893,0.05180689655172414
655,0.9999824116709014,0.9362746952121785,0.02648117539054232,0.15030879568067984,0.9997354354871258,0.6887005503146115,0.00419057443104893,0.05197241379310345
656,0.9999823479450713,0.936289275943958,0.0264318785149603,0.15028390241989345,0.9997340665109886,0.688726861961251,0.00419057443104893,0.05191724137931034
657,0.9999828577517119,0.9362655040578225,0.02633127284479935,0.15031648796000768,0.9997426758320872,0.6887969368234347,0.00406163367932435,0.05169655172413793
658,0.9999828577517119,0.9362655040578225,0.02635430592638113,0.15033469700893656,0.9997426758320872,0.6887969368234347,0.00406163367932435,0.05175172413793103
659,0.9999827303000518,0.9362233498629748,0.02631134126821644,0.1503396413947726,0.9997402119265856,0.6888153086922859,0.00412610405518664,0.05175172413793103
660,0.9999827940258819,0.9362070127064099,0.02627151447875221,0.1503609569513907,0.9997413186306893,0.6887428085858374,0.00412610405518664,0.05186206896551724
661,0.999981965590091,0.9362126188293549,0.02624555885120474,0.1503810065031846,0.9997268264815599,0.6887892487276318,0.00412610405518664,0.05175172413793103
662,0.999981965590091,0.9362145436784347,0.02620028740726022,0.15035856897032154,0.9997268264815599,0.6887818983817731,0.00406163367932435,0.05158620689655172
663,0.9999815832351105,0.9362176234369624,0.02611082169956585,0.15035705661982898,0.999719495378858,0.6887575341626287,0.00412610405518664,0.05164137931034483
664,0.9999810734284701,0.9362088653736493,0.02605468703505565,0.15038397507453272,0.9997109596916481,0.6887986567186359,0.00399716330346206,0.05164137931034483
665,0.9999813283317903,0.9362569866006444,0.0260133110359597,0.15031478953103256,0.9997152342802113,0.6888818705422405,0.00399716330346206,0.05131034482758621
666,0.9999813283317903,0.9362374012612573,0.02597918429206163,0.15030873302272604,0.9997152342802113,0.6888440002553897,0.00393269292759977,0.05131034482758621
667,0.9999810734284701,0.9362289559859197,0.02582527288220519,0.15026257617630814,0.9997106672266054,0.688670896571819,0.00393269292759977,0.05136551724137931
668,0.9999812646059603,0.9361801370011332,0.02579461355824844,0.15036900929786667,0.999713804229733,0.6885095227554244,0.00406163367932435,0.05136551724137931
669,0.9999813283317903,0.9361938034295999,0.02580599553853807,0.15037342039077092,0.9997149452822036,0.6885980914329999,0.00406163367932435,0.05136551724137931
670,0.999981965590091,0.9361647382084949,0.02570089499012345,0.15043696811904073,0.9997257219822876,0.6885562009102033,0.00399716330346206,0.05158620689655172
671,0.9999817744126008,0.9362030186445695,0.02559974612500398,0.15036856279282224,0.9997223283132737,0.6887799246139085,0.00399716330346206,0.05147586206896552
672,0.9999824753967316,0.9362245047724227,0.0255265168331022,0.15034710411807553,0.999734167745229,0.6887911762659303,0.00380375217587519,0.05142068965517241
673,0.9999824753967316,0.9362301349559811,0.02551568083937904,0.1503140854121057,0.999734167745229,0.6887897906438852,0.00386822255173748,0.05142068965517241
674,0.9999824116709014,0.9362314342291099,0.02534445275503436,0.15030123170733886,0.9997330461860331,0.6888964327486625,0.00380375217587519,0.05136551724137931
675,0.9999831763808623,0.9362566978732824,0.02526258680209927,0.15031507282916862,0.9997464154057045,0.6888492758171397,0.00373928180001289,0.05131034482758621
676,0.9999828577517119,0.9362504180531596,0.02521005765621231,0.15033014969369293,0.9997408685110956,0.6887719595965872,0.0036748114241506,0.05147586206896552
677,0.9999844508974636,0.9362818171537738,0.02509888970422141,0.1503640647445027,0.999768040210466,0.6887546854444728,0.00373928180001289,0.05125517241379311
678,0.9999836224616727,0.9362850412759824,0.0251204913663236,0.1503811430155381,0.9997541252454349,0.6888604034339335,0.00373928180001289,0.0512
679,0.9999836861875028,0.9363107380111978,0.02506255873852466,0.1503844737588821,0.9997552213906419,0.6889050590854502,0.00373928180001289,0.05125517241379311
680,0.9999844508974636,0.936337541534634,0.02499487033162028,0.15041895343313888,0.9997678042011743,0.6889460952394032,0.00373928180001289,0.05147586206896552
681,0.9999844508974636,0.9363425942634686,0.02500033561852439,0.15043748157168213,0.9997678042011743,0.6889928437432775,0.00373928180001289,0.05147586206896552
682,0.9999847058007839,0.9363172343768421,0.02498867171838236,0.150499385471477,0.9997718914063702,0.6889558584269635,0.0036748114241506,0.05147586206896552
683,0.9999855342365748,0.9363308526840818,0.02495643092958579,0.15048291455044444,0.9997858095866117,0.689010025596577,0.0036748114241506,0.05147586206896552
684,0.9999855979624048,0.9363247412882534,0.02494341999403264,0.15051175952462537,0.9997866539744444,0.6890105852806008,0.00361034104828831,0.05131034482758621
685,0.9999856616882349,0.9363492831140209,0.02484923192646437,0.15048722957311894,0.9997874975872564,0.6890625065776516,0.00361034104828831,0.0511448275862069
686,0.9999856616882349,0.9363492831140209,0.02485788254024495,0.15049394309214942,0.9997874975872564,0.6890625065776516,0.00361034104828831,0.0511448275862069
687,0.9999871911081565,0.9363462033554931,0.02476435646078992,0.15057959686491043,0.9998128414338143,0.6889091827113818,0.00348140029656373,0.05125517241379311
688,0.9999867450273461,0.9363518816602786,0.02468560207209569,0.15055271807506873,0.9998055838399519,0.689007534671312,0.00348140029656373,0.0511448275862069
689,0.9999871273823264,0.9363470695375791,0.02457735452346789,0.15048823009827184,0.9998119970459816,0.6889301777540726,0.00348140029656373,0.0511448275862069
690,0.9999869362048363,0.9363282541378241,0.0244795104226347,0.15048549937475653,0.9998088936632457,0.6889070454480168,0.00348140029656373,0.05125517241379311
691,0.9999871273823264,0.936338503959174,0.02441572421687755,0.1504905505431331,0.9998118081367442,0.6888246348971389,0.00348140029656373,0.0510896551724138
692,0.999987700914797,0.9362958685520564,0.02433423865515519,0.15048769508497573,0.9998210662551157,0.6888509584392889,0.00341692992070144,0.0510896551724138
693,0.9999880195439473,0.9362266702276375,0.02423493415909955,0.15058417439828248,0.9998261696421696,0.6887561816991729,0.00341692992070144,0.05131034482758621
694,0.9999880832697774,0.9362242160450607,0.0242595106041687,0.15060769968727952,0.9998271869279924,0.688744415059935,0.00341692992070144,0.05131034482758621
695,0.9999880832697774,0.9362242160450607,0.0242949891879529,0.15063501585674455,0.9998271869279924,0.688744415059935,0.00341692992070144,0.05136551724137931
696,0.9999880832697774,0.9362242160450607,0.02430702936299033,0.15064430940541637,0.9998271869279924,0.688744415059935,0.00341692992070144,0.05136551724137931
697,0.9999882744472677,0.9362544842968406,0.02427377977482386,0.1506376440064837,0.9998302320472231,0.6887967524554077,0.00341692992070144,0.05131034482758621
698,0.9999878920922872,0.9362837901240806,0.02421337784480688,0.1506066871036383,0.9998241316864632,0.6888530868222252,0.00341692992070144,0.05125517241379311
699,0.9999878920922872,0.9362835013967186,0.02424020158478133,0.15062107582524165,0.9998241316864632,0.6888744597063516,0.00341692992070144,0.05125517241379311
700,0.9999880195439473,0.9362630498752457,0.02414851078408034,0.15060451370197164,0.9998261696421696,0.6889641134933681,0.00341692992070144,0.05103448275862069
701,0.9999884018989278,0.9363193276502164,0.02405527735866894,0.15063970208329755,0.999832256536251,0.6888833028664967,0.00341692992070144,0.05103448275862069
702,0.9999884018989278,0.9363193276502164,0.02407018328717504,0.15065113484339798,0.999832256536251,0.6888833028664967,0.00341692992070144,0.05103448275862069
703,0.9999889754313984,0.9362931015815041,0.02400023192653578,0.15074642506801617,0.999841311955776,0.688760108246718,0.00341692992070144,0.0510896551724138
704,0.9999896764155292,0.9363088372227315,0.02389923234168698,0.1507484542688605,0.9998521136036667,0.6886599970849191,0.00341692992070144,0.0511448275862069
705,0.9999911421096207,0.9363114838902162,0.02388894003947085,0.15074851168609765,0.9998747380993154,0.6887461128406372,0.00341692992070144,0.0511448275862069
706,0.9999912058354508,0.9362914413991728,0.02384833422929571,0.1507782713702791,0.9998755817121274,0.6886824755534278,0.00335245954483915,0.05097931034482758
707,0.9999912058354508,0.9362925481873937,0.02386314406744393,0.15078329358045203,0.9998755817121274,0.688693221942279,0.00341692992070144,0.05097931034482758
708,0.9999922254487318,0.9362843194575775,0.02381074866220053,0.15081844868846583,0.9998909006941911,0.6886804536960178,0.00341692992070144,0.05103448275862069
709,0.9999938185944834,0.9362739733937736,0.02374440295916477,0.15087810112253047,0.9999143368860742,0.688717821879256,0.00335245954483915,0.05086896551724138
710,0.9999937548686534,0.9362713748475159,0.02365339465082387,0.1509132358020905,0.9999134108228754,0.6887833792858832,0.00335245954483915,0.05097931034482758
711,0.9999937548686534,0.9362742621211355,0.0236493998317208,0.1508968996460289,0.9999134108228754,0.6887553003843354,0.00335245954483915,0.05097931034482758
712,0.9999937548686534,0.9362738771513196,0.02366358667987523,0.15090130254947032,0.9999134108228754,0.6887688469384471,0.00335245954483915,0.05092413793103448
713,0.9999936274169933,0.9362851856396635,0.02364699099556326,0.15093906619787742,0.9999115558925847,0.6888828636505313,0.00335245954483915,0.05092413793103448
714,0.9999938185944834,0.9362871104887432,0.02360534903117262,0.15091335230926048,0.9999143368860742,0.6889401777893593,0.00335245954483915,0.05103448275862069
715,0.9999938185944834,0.9362805900624854,0.02354752352839868,0.1509459527026274,0.9999143368860742,0.6889490708508768,0.00335245954483915,0.0510896551724138
716,0.9999936911428233,0.9362967106735287,0.02351444677512179,0.15096811940555255,0.9999124838256742,0.6889560478762956,0.00328798916897685,0.05097931034482758
717,0.9999936911428233,0.9362966866129152,0.02352966297816302,0.1509799016522165,0.9999124838256742,0.6889557644036712,0.00328798916897685,0.05097931034482758
718,0.9999936911428233,0.9363035679483755,0.02353553529566655,0.15100292896774437,0.9999124838256742,0.6889498849037854,0.00328798916897685,0.05103448275862069
719,0.9999932450620129,0.9363046266153694,0.02349068462150835,0.1510522931357456,0.9999059685340587,0.6889927465478933,0.00335245954483915,0.0510896551724138
720,0.9999939460461437,0.9362939196423631,0.02342908197842354,0.15108854916254624,0.99991618621798,0.6890031040613582,0.00315904841725227,0.05086896551724138
721,0.9999941372236338,0.936202272765551,0.02336205879410825,0.1512407878025462,0.9999189532576426,0.6888876102853401,0.00315904841725227,0.05097931034482758
722,0.9999938823203135,0.9361614659650592,0.02330566806591215,0.1512845909893161,0.9999151797252869,0.6887881165784178,0.00315904841725227,0.05086896551724138
723,0.9999947107561045,0.936163294571685,0.02320916425824052,0.1512890474161151,0.9999271344004841,0.6887624155885019,0.00322351879311456,0.05092413793103448
724,0.9999939460461437,0.9361941162175753,0.02312802289685545,0.1512381792255609,0.99991618621798,0.688817105952817,0.00315904841725227,0.05097931034482758
725,0.999994264675294,0.9361606479042003,0.02305438324866095,0.15129163980966198,0.9999207933336266,0.6887104729266001,0.00315904841725227,0.05097931034482758
726,0.999994264675294,0.9361606479042003,0.02306276930708519,0.1512981109309193,0.9999207933336266,0.6887104729266001,0.00315904841725227,0.05097931034482758
727,0.9999941372236338,0.9361537665687399,0.02304972656270739,0.15133699108993998,0.9999189532576426,0.6886367102883905,0.00322351879311456,0.05103448275862069
728,0.9999947107561045,0.9361836979719309,0.02297812546906272,0.15133959426919902,0.9999272047433109,0.688593968521901,0.00315904841725227,0.05081379310344827
729,0.9999945833044442,0.9362200776195392,0.02294783758378852,0.15133912251781023,0.9999253774710448,0.6886099123895458,0.00315904841725227,0.05086896551724138
730,0.9999945195786142,0.9362540512057976,0.02290973936459114,0.15136659501452202,0.9999244624708229,0.6886148534531082,0.00315904841725227,0.05092413793103448
731,0.9999945833044442,0.9362566978732824,0.0228923654738312,0.15135220955007872,0.9999253774710448,0.6886204097711102,0.00315904841725227,0.05081379310344827
732,0.999995284288575,0.9362714710899699,0.02283722175266312,0.15133073335506966,0.9999353205593225,0.6885518264901643,0.00315904841725227,0.05086896551724138
733,0.9999951568369149,0.9362771493947553,0.02277165911170285,0.1513573050326924,0.9999335717391129,0.6886388055321176,0.00315904841725227,0.05092413793103448
734,0.9999957940952156,0.9362430314448158,0.02270440649218958,0.15140285183632754,0.9999425916117675,0.6885849041275115,0.00309457804138998,0.05070344827586207
735,0.9999957940952156,0.9362430314448158,0.02269488415044563,0.15139557793984817,0.9999425916117675,0.6885849041275115,0.00309457804138998,0.05070344827586207
736,0.9999957940952156,0.9362573234492333,0.02262812354390251,0.1513935569490816,0.9999425916117675,0.6885370075337929,0.00309457804138998,0.05064827586206896
737,0.999996176450196,0.9362519338718098,0.02258124598575664,0.1514850037212889,0.9999479613503927,0.6885494189810952,0.00309457804138998,0.05070344827586207
738,0.999996176450196,0.9362519338718098,0.02258438552375834,0.1514874074275648,0.9999479613503927,0.6885494189810952,0.00309457804138998,0.05070344827586207
739,0.999996176450196,0.9362465442943865,0.02258150937456652,0.15149712491319509,0.9999479613503927,0.6885314474551728,0.00309457804138998,0.05070344827586207
740,0.999996176450196,0.9362465442943865,0.0226103662700578,0.1515192295050732,0.9999479613503927,0.6885314474551728,0.00309457804138998,0.05070344827586207
741,0.9999964313535162,0.9362403366561041,0.02251587313166344,0.15145662606042615,0.9999515238263529,0.6884978141666009,0.00303010766552769,0.05081379310344827
742,0.9999964313535162,0.9362530406600308,0.0224662658359158,0.15145567342213492,0.9999515238263529,0.6885453726962094,0.00303010766552769,0.05075862068965517
743,0.999997196063477,0.936324284136597,0.02234524222853753,0.15139928669102723,0.9999620928689943,0.6886696328067448,0.0029656372896654,0.05086896551724138
744,0.999997196063477,0.9363076341920566,0.02227889876839777,0.15142625879963698,0.9999620928689943,0.6887285258367551,0.00303010766552769,0.05097931034482758
745,0.9999977058701176,0.9363257758946337,0.02226018003071101,0.1514525297851998,0.9999691023797803,0.6887533909152216,0.0029656372896654,0.05092413793103448
746,0.9999977695959477,0.9363475748104625,0.02220438236638029,0.15140475373093934,0.9999699748218459,0.6888148999999528,0.0029656372896654,0.05081379310344827
747,0.9999978970476078,0.9363084041316886,0.02215099167812048,0.15151369208631363,0.9999717172254902,0.6886901467572663,0.00283669653794082,0.05081379310344827
748,0.9999978970476078,0.9363196163775784,0.02214102463080167,0.15154864678077457,0.9999717172254902,0.6887340667093447,0.00277222616207853,0.05092413793103448
749,0.9999978970476078,0.9363225998936521,0.02214509552545097,0.15155069274357047,0.9999717172254902,0.6887328371440258,0.00277222616207853,0.05092413793103448
750,0.9999978970476078,0.9363122538298482,0.02208145532041517,0.15154928110507848,0.9999717172254902,0.688747650524236,0.00277222616207853,0.05081379310344827
751,0.9999980244992679,0.9362951948548784,0.02197628933084217,0.1515786737318663,0.9999734563322475,0.6885265493980238,0.00270775578621623,0.05075862068965517
752,0.9999980244992679,0.9363093906168419,0.02197055884279826,0.15159473727380016,0.9999734563322475,0.688541394053283,0.00270775578621623,0.05081379310344827
753,0.9999982794025882,0.9362688725437122,0.02191456866393891,0.15173924350182955,0.9999769247048427,0.6883824255463705,0.00264328541035394,0.05092413793103448
754,0.9999982794025882,0.9362532812661657,0.02183933004098678,0.1517278674048418,0.9999769247048427,0.6883238180225604,0.00264328541035394,0.05059310344827586
755,0.999998151950928,0.9362356207758585,0.02178307693967193,0.151737417394893,0.9999751921545709,0.6883599960387721,0.00270775578621623,0.05070344827586207
756,0.999998151950928,0.9362356207758585,0.02179075268076041,0.15174320785572043,0.9999751921545709,0.6883599960387721,0.00270775578621623,0.05070344827586207
757,0.999998151950928,0.9362356207758585,0.02181084629549025,0.15175838923679097,0.9999751921545709,0.6883599960387721,0.00270775578621623,0.05064827586206896
758,0.999998151950928,0.9362356207758585,0.02181572788755198,0.15176207720331258,0.9999751921545709,0.6883599960387721,0.00270775578621623,0.05064827586206896
759,0.9999985343059085,0.9361682029368384,0.02176412192985741,0.15185225135153405,0.9999803800384124,0.6883045921665344,0.00264328541035394,0.05081379310344827
760,0.9999985343059085,0.9361862002757346,0.02178604563916945,0.15187305986345895,0.9999803800384124,0.6883018765722405,0.00264328541035394,0.05075862068965517
761,0.9999985343059085,0.9361862002757346,0.02179107374602337,0.15187686689035818,0.9999803800384124,0.6883018765722405,0.00264328541035394,0.05075862068965517
762,0.9999985343059085,0.9361862002757346,0.02180173293771438,0.15188494775351588,0.9999803800384124,0.6883018765722405,0.00270775578621623,0.05075862068965517
763,0.9999983431284183,0.9362009734924222,0.02180969079153816,0.15193617503744739,0.9999777897568096,0.6882556144338021,0.00270775578621623,0.05070344827586207
764,0.9999982794025882,0.936206964585183,0.02180136455661549,0.1519418261283458,0.9999769247048427,0.6882566522662082,0.00270775578621623,0.05070344827586207
765,0.999998088225098,0.9361910123984342,0.02173052548840633,0.15200360976010757,0.9999743246531879,0.6882979122536386,0.00264328541035394,0.05075862068965517
766,0.999998151950928,0.9361671442698446,0.02171202335145294,0.15202181785517976,0.9999751921545709,0.6882650062858692,0.00264328541035394,0.05075862068965517
767,0.9999984705800784,0.9361813881530351,0.0216820226106642,0.15204554561058906,0.9999795174220684,0.6882516583972191,0.00270775578621623,0.05075862068965517
768,0.9999984705800784,0.936172918817084,0.02166533582097563,0.1520683221154332,0.9999795174220684,0.6882007043212716,0.00264328541035394,0.05081379310344827
769,0.9999984705800784,0.9361363948057948,0.02160274834429757,0.1520931302317366,0.9999795174220684,0.6881296432019869,0.00251434465862936,0.05059310344827586
770,0.9999984068542483,0.9361036483108246,0.02155761060697803,0.15215487304197997,0.9999786539953754,0.6881875229390196,0.00257881503449165,0.05042758620689655
771,0.9999984068542483,0.9361036483108246,0.02156695778399774,0.15216196032559393,0.9999786539953754,0.6881875229390196,0.00257881503449165,0.05042758620689655
772,0.9999985980317385,0.9360622640556089,0.02151030657295145,0.1522106063627591,0.9999812418459271,0.6882106691556358,0.00264328541035394,0.05053793103448276
773,0.9999985980317385,0.9360567541751179,0.02145565534261014,0.15222827479479312,0.9999812418459271,0.6881918538290281,0.00244987428276707,0.05064827586206896
774,0.9999985980317385,0.9361013625525424,0.02141344056379684,0.15220322527832725,0.9999812418459271,0.6882335411355214,0.00257881503449165,0.05059310344827586
775,0.9999985343059085,0.9360721048465294,0.02137758304904001,0.15225149226503393,0.9999803800384124,0.6882001590840902,0.00251434465862936,0.05064827586206896
776,0.9999985980317385,0.936075713938554,0.02132699567794673,0.1522276063560615,0.9999812418459271,0.6883149104622335,0.00251434465862936,0.05053793103448276
777,0.999999044112549,0.9360600745397806,0.02120456447907852,0.15231983327579454,0.9999872519780659,0.6882892934947458,0.00251434465862936,0.05048275862068966
778,0.999998980386719,0.9360906796401495,0.02114985987748216,0.1523212496917964,0.9999863957901632,0.6882960997466853,0.00264328541035394,0.05064827586206896
779,0.999998980386719,0.9360929172772048,0.0211162110354965,0.15235924655313499,0.9999863957901632,0.6883161672344646,0.00270775578621623,0.05064827586206896
780,0.9999991078383791,0.9360805260612535,0.02104462602858102,0.15233738694581994,0.999988107369144,0.6883469721370568,0.00238540390690478,0.05059310344827586
781,0.9999991715642091,0.9361210441343834,0.02100094714537997,0.1523199202768743,0.9999889619648793,0.6884622643488104,0.00257881503449165,0.05064827586206896
782,0.9999991078383791,0.9360970797633398,0.0209578712532975,0.15234297488335619,0.999988107369144,0.6883891882303675,0.00251434465862936,0.05053793103448276
783,0.9999991078383791,0.9360970797633398,0.02093653644077493,0.15232672254095675,0.999988107369144,0.6883891882303675,0.00251434465862936,0.05053793103448276
784,0.999999044112549,0.9360943127927875,0.02093461697975907,0.15235965665760481,0.9999872519780659,0.6884887203329819,0.00244987428276707,0.05053793103448276
785,0.999999044112549,0.936094288732174,0.020946889590444,0.15236903308127897,0.9999872519780659,0.6884883168463054,0.00244987428276707,0.05053793103448276
786,0.999999044112549,0.936094288732174,0.02096605618572419,0.15238366883960308,0.9999872519780659,0.6884883168463054,0.00244987428276707,0.05053793103448276
787,0.999999044112549,0.936094288732174,0.0209731527016725,0.15238910962491412,0.9999872519780659,0.6884883168463054,0.00244987428276707,0.05053793103448276
788,0.999999044112549,0.9361120454649353,0.02087793721568735,0.15234219222319556,0.9999872519780659,0.6885360617416482,0.00238540390690478,0.05059310344827586
789,0.999999044112549,0.9361055972205179,0.0208920138061051,0.15236641540918205,0.9999872519780659,0.6885150852679341,0.00238540390690478,0.05059310344827586
790,0.999999044112549,0.9361002557643214,0.02090696956897947,0.15237715309545025,0.9999872519780659,0.6885357124483198,0.00244987428276707,0.05064827586206896
791,0.999999044112549,0.936086108123585,0.02083252648713411,0.15238200023799284,0.9999872519780659,0.6885192157477782,0.00244987428276707,0.05075862068965517
792,0.999999044112549,0.936086108123585,0.02082918377873014,0.15237944861095143,0.9999872519780659,0.6885192157477782,0.00244987428276707,0.05075862068965517
793,0.999999044112549,0.9360839667289836,0.02081034248479372,0.15241540201242787,0.9999872519780659,0.688556731181974,0.00244987428276707,0.05075862068965517
794,0.999999044112549,0.9360921232769593,0.02078725709296776,0.1524600042478678,0.9999872519780659,0.6885936308272159,0.00244987428276707,0.05081379310344827
795,0.9999992352900392,0.936076435756959,0.02076835666539162,0.1525040118623235,0.9999898157667494,0.6885561631526449,0.00238540390690478,0.05092413793103448
796,0.9999992352900392,0.936076435756959,0.02076060618310827,0.15249812545387742,0.9999898157667494,0.6885561631526449,0.00238540390690478,0.05086896551724138
797,0.999999044112549,0.9360505946580626,0.02073119128976917,0.1524928451690497,0.9999872519780659,0.6885391705571947,0.00244987428276707,0.05086896551724138
798,0.999999044112549,0.9360525195071424,0.02072897389680333,0.1524904186383116,0.9999872519780659,0.6885282164086859,0.00244987428276707,0.05092413793103448
799,0.999999044112549,0.9360525195071424,0.02072952845221936,0.1524908346924677,0.9999872519780659,0.6885282164086859,0.00244987428276707,0.05092413793103448
800,0.999999044112549,0.9360525195071424,0.02074879145163256,0.15250548007439044,0.9999872519780659,0.6885282164086859,0.00244987428276707,0.05086896551724138
