sequence,label,A_jersey_mode,A_jersey_entropy_mean,A_jersey_conf_mean,A_jersey_coverage,A_team_mode,A_team_consistency,A_team_coverage,A_team_conf_mean,A_start_frame,A_end_frame,A_duration,A_n_frames,A_start_x,A_start_y,A_end_x,A_end_y,A_mean_bbox_height,B_jersey_mode,B_jersey_entropy_mean,B_jersey_conf_mean,B_jersey_coverage,B_team_mode,B_team_consistency,B_team_coverage,B_team_conf_mean,B_start_frame,B_end_frame,B_duration,B_n_frames,B_start_x,B_start_y,B_end_x,B_end_y,B_mean_bbox_height,pairwise_temporal_gap,pairwise_spatial_distance,pairwise_endpoint_dx,pairwise_endpoint_dy,pairwise_bbox_height_ratio,pairwise_reid_cosine_sim,pairwise_siglip_cosine_sim,pairwise_jersey_match,pairwise_jersey_conflict,pairwise_jersey_both_confident,pairwise_team_match,pairwise_team_conflict,pairwise_team_both_consistent
SNPT-060,0,,1.0,0.0,0.0,1.0,1.0,1.0,0.6441477851633646,491.0,653.0,163.0,163.0,1897.5,340.5,1901.636402124073,358.21487835394646,67.14424738854616,,1.0,0.0,0.0,0.0,1.0,1.0,0.8537756204605103,655.0,749.0,95.0,95.0,12.5,496.5,626.9823140911814,417.95819391071933,76.61261894313836,2.0,1894.1908881363966,-1889.136402124073,138.28512164605354,0.8764123758565205,0.7287508845329285,0.9501917362213135,0.0,0.0,0.0,0.0,1.0,1.0
SNPT-060,0,10.0,0.03501455568181296,0.9811250118763892,0.40176600441501104,1.0,0.9713024282560706,1.0,0.842106924678053,0.0,482.0,483.0,453.0,1279.0,743.5,19.3021239177299,692.7209824720784,105.44981244503698,,1.0,0.0,0.0,0.0,0.6875,1.0,0.8421935960650444,681.0,749.0,69.0,32.0,14.5,614.0,422.89010964444554,502.81770865793465,99.23544972992977,199.0,78.86731563512546,-4.802123917729901,-78.72098247207839,1.0626224069323982,0.8582040071487427,0.9412164092063904,0.0,0.0,0.0,0.0,1.0,0.0
SNPT-060,0,24.0,0.008466168459763921,0.9972226969724478,0.4387755102040816,0.0,0.9846938775510204,1.0,0.8434081799825843,81.0,472.0,392.0,392.0,157.0,1059.0,20.105009696201122,751.2865612436243,118.38499476776852,,1.0,0.0,0.0,0.0,1.0,1.0,0.8537756204605103,655.0,749.0,95.0,95.0,12.5,496.5,626.9823140911814,417.95819391071933,76.61261894313836,183.0,254.90003523505138,-7.605009696201122,-254.7865612436243,1.5452414550093045,0.834635853767395,0.9452357292175293,0.0,0.0,0.0,1.0,0.0,1.0
SNPT-060,0,,1.0,0.0,0.0,1.0,1.0,0.008,0.5139520130157471,170.0,294.0,125.0,125.0,13.0,489.5,4.793031370413237,400.0937568606839,60.51570456859938,,1.0,0.0,0.0,1.0,0.9097222222222222,1.0,0.8786838915612962,606.0,749.0,144.0,144.0,45.5,558.0,1055.6309760859767,494.98472262633805,89.25461506128156,312.0,163.06881650819375,40.70696862958676,157.90624313931608,0.6780120504362688,0.597343921661377,0.9355533719062805,0.0,0.0,0.0,1.0,0.0,1.0
SNPT-060,0,27.0,0.02164531262163294,0.985119914964718,0.4874551971326165,1.0,0.978494623655914,1.0,0.8608605442935848,0.0,278.0,279.0,279.0,982.5,623.5,8.136172424935399,475.6841173375944,86.68413495218982,10.0,0.01948824316653383,0.9865932565056876,0.7876106194690266,1.0,0.911504424778761,1.0,0.8085740271922761,637.0,749.0,113.0,113.0,38.0,818.5,1071.2976526083917,652.5230982038966,127.92911712979382,359.0,344.11419267888016,29.8638275750646,342.8158826624056,0.6775950377601854,0.9167037606239319,0.9780544638633728,0.0,1.0,1.0,1.0,0.0,1.0
SNPT-060,0,14.0,0.36558987725220504,0.8413046002388,0.0055762081784386614,1.0,1.0,1.0,0.882507207779193,0.0,537.0,538.0,538.0,1107.5,421.0,18.016059927979036,559.6792991560302,82.77870650115783,17.0,0.2670841844192182,0.9279090762138367,0.015151515151515152,0.0,0.9924242424242424,1.0,0.86130747831229,618.0,749.0,132.0,132.0,59.0,571.0,1022.3126323981982,512.2470543901718,96.95753980957383,81.0,42.518720717181324,40.983940072020964,11.320700843969803,0.8537624476006357,0.8649821281433105,0.9728457927703857,0.0,1.0,0.0,0.0,1.0,1.0
SNPT-060,0,10.0,0.03501455568181296,0.9811250118763892,0.40176600441501104,1.0,0.9713024282560706,1.0,0.842106924678053,0.0,482.0,483.0,453.0,1279.0,743.5,19.3021239177299,692.7209824720784,105.44981244503698,,1.0,0.0,0.0,0.0,0.9285714285714286,1.0,0.8514090989317212,736.0,749.0,14.0,14.0,14.5,632.5,286.97033273736827,586.2007771876227,103.23874428368273,254.0,60.41214384561771,-4.802123917729901,-60.22098247207839,1.0214170385032832,0.7761410474777222,0.9353066682815552,0.0,0.0,0.0,0.0,1.0,1.0
SNPT-060,0,9.0,0.0045447457756381485,0.9822979515249078,0.10576923076923077,0.0,0.9903846153846154,1.0,0.8639539978825129,0.0,103.0,104.0,104.0,1001.5,516.0,1904.7562689137999,554.7464296508981,101.51156198141634,8.0,0.20799878778052516,0.9086965971133288,0.23448275862068965,0.0,1.0,1.0,0.859759221816885,605.0,749.0,145.0,145.0,54.5,821.0,666.9293266324069,558.8863315499773,113.98612328525796,502.0,1869.3151752389056,-1850.2562689137999,266.2535703491019,0.890560702089822,0.9462957382202148,0.9922021627426147,0.0,1.0,0.0,1.0,0.0,1.0
SNPT-060,0,,1.0,0.0,0.0,0.0,0.9822485207100592,1.0,0.8765875947545971,0.0,506.0,507.0,507.0,654.0,441.0,12.880119989059953,513.5535047674687,79.39453352599656,,1.0,0.0,0.0,0.0,0.6875,1.0,0.8421935960650444,681.0,749.0,69.0,32.0,14.5,614.0,422.89010964444554,502.81770865793465,99.23544972992977,175.0,100.45955611960856,1.6198800109400473,100.44649523253133,0.8000622130707278,0.8888093829154968,0.9516250491142273,0.0,0.0,0.0,1.0,0.0,0.0
SNPT-060,1,10.0,0.0009003793299295163,0.9999040834831469,0.4583333333333333,0.0,0.9861111111111112,1.0,0.8456085051099459,0.0,71.0,72.0,72.0,941.5,941.0,1897.37971675374,993.1809126609758,170.4086390644626,10.0,0.02132192470894468,0.9896174454327785,0.32608695652173914,0.0,0.9960474308300395,1.0,0.8481763377491194,244.0,749.0,506.0,506.0,1902.5,825.0,1177.5104268965342,693.5773380082167,123.43280805871265,173.0,168.25883835329628,5.120283246259987,-168.18091266097576,1.3805781602522174,0.957690954208374,0.9831363558769226,1.0,0.0,1.0,1.0,0.0,1.0
SNPT-060,1,8.0,0.017127481471768326,0.9965966723181985,0.06547619047619048,1.0,0.9821428571428571,1.0,0.8689621871425992,0.0,167.0,168.0,168.0,1545.0,519.0,1904.4767702773795,579.9500906605274,95.05360639732348,8.0,0.0075471242849669915,0.9860610321716026,0.10404624277456648,1.0,1.0,1.0,0.8828523280762983,231.0,749.0,519.0,519.0,1913.0,619.5,1505.6047139347816,545.0790053747068,99.25718525245127,64.0,40.45788889283602,8.5232297226205,39.549909339472606,0.9576496266296854,0.9806243777275085,0.997109055519104,1.0,0.0,1.0,1.0,0.0,1.0
SNPT-060,0,25.0,0.001321874780357272,0.9998774766921997,0.14423076923076922,0.0,0.9519230769230769,1.0,0.8950577831039062,0.0,103.0,104.0,104.0,949.0,360.0,1908.9278740960135,402.14317784877863,72.81336900683726,8.0,0.0075471242849669915,0.9860610321716026,0.10404624277456648,1.0,1.0,1.0,0.8828523280762983,231.0,749.0,519.0,519.0,1913.0,619.5,1505.6047139347816,545.0790053747068,99.25718525245127,128.0,217.39496393673795,4.072125903986489,217.35682215122137,0.7335828516761114,0.7221357822418213,0.9677448868751526,0.0,1.0,1.0,0.0,1.0,1.0
SNPT-060,1,9.0,0.0045447457756381485,0.9822979515249078,0.10576923076923077,0.0,0.9903846153846154,1.0,0.8639539978825129,0.0,103.0,104.0,104.0,1001.5,516.0,1904.7562689137999,554.7464296508981,101.51156198141634,,1.0,0.0,0.0,0.0,0.990990990990991,1.0,0.8464497648649387,306.0,749.0,444.0,444.0,1874.0,500.5,1793.8647609322343,545.5316351709242,89.44116628886033,203.0,62.35882621865016,-30.756268913799886,-54.24642965089811,1.1349534693406536,0.9752132296562195,0.9946706891059875,0.0,0.0,0.0,1.0,0.0,1.0
SNPT-060,0,9.0,0.0045447457756381485,0.9822979515249078,0.10576923076923077,0.0,0.9903846153846154,1.0,0.8639539978825129,0.0,103.0,104.0,104.0,1001.5,516.0,1904.7562689137999,554.7464296508981,101.51156198141634,8.0,0.0075471242849669915,0.9860610321716026,0.10404624277456648,1.0,1.0,1.0,0.8828523280762983,231.0,749.0,519.0,519.0,1913.0,619.5,1505.6047139347816,545.0790053747068,99.25718525245127,128.0,65.2762129353233,8.243731086200114,64.75357034910189,1.0227124789326967,0.8272473812103271,0.972508430480957,0.0,1.0,1.0,0.0,1.0,1.0
SNPT-060,0,,1.0,0.0,0.0,1.0,0.9958592132505176,1.0,0.8875241783094703,0.0,482.0,483.0,483.0,989.0,370.5,15.335755697352253,393.26956938536847,62.48157725521255,17.0,0.2670841844192182,0.9279090762138367,0.015151515151515152,0.0,0.9924242424242424,1.0,0.86130747831229,618.0,749.0,132.0,132.0,59.0,571.0,1022.3126323981982,512.2470543901718,96.95753980957383,136.0,183.0154971497869,43.664244302647745,177.73043061463153,0.6444220570976468,0.7936971783638,0.9733636975288391,0.0,0.0,0.0,0.0,1.0,1.0
SNPT-060,0,,1.0,0.0,0.0,0.0,0.9822485207100592,1.0,0.8765875947545971,0.0,506.0,507.0,507.0,654.0,441.0,12.880119989059953,513.5535047674687,79.39453352599656,,1.0,0.0,0.0,0.0,1.0,1.0,0.8537756204605103,655.0,749.0,95.0,95.0,12.5,496.5,626.9823140911814,417.95819391071933,76.61261894313836,149.0,17.05774064934039,-0.3801199890599527,-17.053504767468667,1.0363114408727228,0.9324400424957275,0.9755899906158447,0.0,0.0,0.0,1.0,0.0,1.0
SNPT-060,1,27.0,0.02164531262163294,0.985119914964718,0.4874551971326165,1.0,0.978494623655914,1.0,0.8608605442935848,0.0,278.0,279.0,279.0,982.5,623.5,8.136172424935399,475.6841173375944,86.68413495218982,,1.0,0.0,0.0,1.0,1.0,1.0,0.9151700618220311,406.0,456.0,51.0,51.0,40.5,529.5,8.86332702064093,540.822201917163,95.0528432321432,128.0,62.79782290846014,32.363827575064605,53.81588266240561,0.9119573071631863,0.9535990357398987,0.9794567823410034,0.0,0.0,0.0,1.0,0.0,1.0
SNPT-060,1,10.0,0.03501455568181296,0.9811250118763892,0.40176600441501104,1.0,0.9713024282560706,1.0,0.842106924678053,0.0,482.0,483.0,453.0,1279.0,743.5,19.3021239177299,692.7209824720784,105.44981244503698,10.0,0.01948824316653383,0.9865932565056876,0.7876106194690266,1.0,0.911504424778761,1.0,0.8085740271922761,637.0,749.0,113.0,113.0,38.0,818.5,1071.2976526083917,652.5230982038966,127.92911712979382,155.0,127.16120406899716,18.6978760822701,125.77901752792161,0.8242831249906158,0.9617104530334473,0.9877133965492249,1.0,0.0,1.0,1.0,0.0,1.0
SNPT-060,0,8.0,0.017127481471768326,0.9965966723181985,0.06547619047619048,1.0,0.9821428571428571,1.0,0.8689621871425992,0.0,167.0,168.0,168.0,1545.0,519.0,1904.4767702773795,579.9500906605274,95.05360639732348,8.0,0.20799878778052516,0.9086965971133288,0.23448275862068965,0.0,1.0,1.0,0.859759221816885,605.0,749.0,145.0,145.0,54.5,821.0,666.9293266324069,558.8863315499773,113.98612328525796,438.0,1865.614941341994,-1849.9767702773795,241.0499093394726,0.8339050724573325,0.8105154037475586,0.9686952829360962,1.0,0.0,0.0,0.0,1.0,1.0
SNPT-060,1,,1.0,0.0,0.0,1.0,1.0,1.0,0.9160379692912102,0.0,31.0,32.0,32.0,1903.0,450.5,1906.1172901723476,440.2776049511095,101.0,15.0,0.058017853787639656,0.9391837932846763,0.04888888888888889,1.0,1.0,1.0,0.8977109648121728,300.0,749.0,450.0,450.0,1905.5,487.0,1773.476787776668,474.83201976389097,83.50777802195037,269.0,46.72647264946784,-0.6172901723475661,46.72239504889052,1.2094681764068937,0.9131767749786377,0.989389181137085,0.0,0.0,0.0,1.0,0.0,1.0
SNPT-060,0,,1.0,0.0,0.0,1.0,1.0,1.0,0.8832470114742007,0.0,55.0,56.0,56.0,1726.5,365.5,1906.6658716246436,348.3384072768496,81.27910957055971,,1.0,0.0,0.0,1.0,1.0,1.0,0.9151700618220311,406.0,456.0,51.0,51.0,40.5,529.5,8.86332702064093,540.822201917163,95.0528432321432,351.0,1874.9385544850675,-1866.1658716246436,181.16159272315042,0.8550939330878874,0.881727933883667,0.9814382791519165,0.0,0.0,0.0,1.0,0.0,1.0
SNPT-060,0,,1.0,0.0,0.0,1.0,1.0,1.0,0.9160379692912102,0.0,31.0,32.0,32.0,1903.0,450.5,1906.1172901723476,440.2776049511095,101.0,8.0,0.20799878778052516,0.9086965971133288,0.23448275862068965,0.0,1.0,1.0,0.859759221816885,605.0,749.0,145.0,145.0,54.5,821.0,666.9293266324069,558.8863315499773,113.98612328525796,574.0,1890.3534408562202,-1851.6172901723476,380.7223950488905,0.8860727699918409,0.7877998352050781,0.9649891257286072,0.0,0.0,0.0,0.0,1.0,1.0
SNPT-060,0,25.0,0.001321874780357272,0.9998774766921997,0.14423076923076922,0.0,0.9519230769230769,1.0,0.8950577831039062,0.0,103.0,104.0,104.0,949.0,360.0,1908.9278740960135,402.14317784877863,72.81336900683726,,1.0,0.0,0.0,1.0,1.0,1.0,0.9151700618220311,406.0,456.0,51.0,51.0,40.5,529.5,8.86332702064093,540.822201917163,95.0528432321432,303.0,1872.7633275049484,-1868.4278740960135,127.35682215122137,0.7660304156184841,0.7473020553588867,0.9614790678024292,0.0,0.0,0.0,0.0,1.0,1.0
SNPT-060,0,,1.0,0.0,0.0,0.0,0.9916492693110647,1.0,0.853586176865285,0.0,478.0,479.0,479.0,944.5,308.5,15.379287738261091,421.62037539717653,52.400291075714144,,1.0,0.0,0.0,1.0,1.0,1.0,0.864812758564949,650.0,749.0,100.0,100.0,57.5,442.5,783.4260359363057,405.75549353113263,76.01783280759354,172.0,47.01184026382113,42.12071226173891,20.87962460282347,0.6893157715814255,0.715320348739624,0.9591900110244751,0.0,0.0,0.0,0.0,1.0,1.0
SNPT-060,0,10.0,0.03501455568181296,0.9811250118763892,0.40176600441501104,1.0,0.9713024282560706,1.0,0.842106924678053,0.0,482.0,483.0,453.0,1279.0,743.5,19.3021239177299,692.7209824720784,105.44981244503698,,1.0,0.0,0.0,1.0,1.0,1.0,0.864812758564949,650.0,749.0,100.0,100.0,57.5,442.5,783.4260359363057,405.75549353113263,76.01783280759354,168.0,253.11976968717522,38.1978760822701,-250.2209824720784,1.3871720430643932,0.825748085975647,0.989481508731842,0.0,0.0,0.0,1.0,0.0,1.0
SNPT-060,0,24.0,0.008466168459763921,0.9972226969724478,0.4387755102040816,0.0,0.9846938775510204,1.0,0.8434081799825843,81.0,472.0,392.0,392.0,157.0,1059.0,20.105009696201122,751.2865612436243,118.38499476776852,,1.0,0.0,0.0,1.0,0.8620689655172413,1.0,0.8360443587960869,681.0,749.0,69.0,29.0,15.0,666.0,433.3767811368689,557.9211132528628,115.54042727204903,209.0,85.43921027701968,-5.105009696201122,-85.2865612436243,1.0246196726365027,0.8577296733856201,0.9362494349479675,0.0,0.0,0.0,0.0,1.0,0.0
SNPT-060,1,,1.0,0.0,0.0,0.0,0.9829683698296837,1.0,0.8837775937542138,56.0,466.0,411.0,411.0,8.5,423.0,11.154101213880523,524.1536549961098,67.82726423707548,17.0,0.2670841844192182,0.9279090762138367,0.015151515151515152,0.0,0.9924242424242424,1.0,0.86130747831229,618.0,749.0,132.0,132.0,59.0,571.0,1022.3126323981982,512.2470543901718,96.95753980957383,152.0,66.96125798456221,47.84589878611948,46.84634500389018,0.6995563663258094,0.9286215305328369,0.9912493228912354,0.0,0.0,0.0,1.0,0.0,1.0
SNPT-060,0,,1.0,0.0,0.0,1.0,1.0,1.0,0.8832470114742007,0.0,55.0,56.0,56.0,1726.5,365.5,1906.6658716246436,348.3384072768496,81.27910957055971,15.0,0.058017853787639656,0.9391837932846763,0.04888888888888889,1.0,1.0,1.0,0.8977109648121728,300.0,749.0,450.0,450.0,1905.5,487.0,1773.476787776668,474.83201976389097,83.50777802195037,245.0,138.66649398166086,-1.1658716246436143,138.66159272315042,0.973311845864168,0.9003511071205139,0.9911431670188904,0.0,0.0,0.0,1.0,0.0,1.0
SNPT-060,0,,1.0,0.0,0.0,0.0,0.9829683698296837,1.0,0.8837775937542138,56.0,466.0,411.0,411.0,8.5,423.0,11.154101213880523,524.1536549961098,67.82726423707548,,1.0,0.0,0.0,1.0,1.0,1.0,0.6441477851633646,491.0,653.0,163.0,163.0,1897.5,340.5,1901.636402124073,358.21487835394646,67.14424738854616,25.0,1895.2650249663352,1886.3458987861195,-183.65365499610982,1.0101723807339276,0.7105461359024048,0.9464806318283081,0.0,0.0,0.0,0.0,1.0,1.0
SNPT-060,0,24.0,0.008466168459763921,0.9972226969724478,0.4387755102040816,0.0,0.9846938775510204,1.0,0.8434081799825843,81.0,472.0,392.0,392.0,157.0,1059.0,20.105009696201122,751.2865612436243,118.38499476776852,,1.0,0.0,0.0,1.0,0.9097222222222222,1.0,0.8786838915612962,606.0,749.0,144.0,144.0,45.5,558.0,1055.6309760859767,494.98472262633805,89.25461506128156,134.0,194.94768603375462,25.394990303798878,-193.2865612436243,1.3263739324458041,0.8561441898345947,0.9566236734390259,0.0,0.0,0.0,0.0,1.0,1.0
SNPT-060,0,,1.0,0.0,0.0,1.0,1.0,1.0,0.6441477851633646,491.0,653.0,163.0,163.0,1897.5,340.5,1901.636402124073,358.21487835394646,67.14424738854616,,1.0,0.0,0.0,0.0,0.6875,1.0,0.8421935960650444,681.0,749.0,69.0,32.0,14.5,614.0,422.89010964444554,502.81770865793465,99.23544972992977,28.0,1904.392246538847,-1887.136402124073,255.78512164605354,0.6766155398225118,0.7913572788238525,0.9468361139297485,0.0,0.0,0.0,0.0,1.0,0.0
SNPT-060,1,25.0,0.001321874780357272,0.9998774766921997,0.14423076923076922,0.0,0.9519230769230769,1.0,0.8950577831039062,0.0,103.0,104.0,104.0,949.0,360.0,1908.9278740960135,402.14317784877863,72.81336900683726,,1.0,0.0,0.0,0.0,1.0,1.0,0.8907978151349111,268.0,749.0,482.0,482.0,1895.5,445.0,1326.462827980612,490.83728539138167,83.19435647072976,165.0,44.91119022737884,-13.427874096013511,42.856822151221365,0.8752200521252324,0.9411827325820923,0.9940708875656128,0.0,0.0,0.0,1.0,0.0,1.0
SNPT-061,0,14.0,0.009091855789876528,0.9892387922915666,0.43658536585365854,0.0,1.0,1.0,0.8955100597404853,0.0,409.0,410.0,410.0,1353.0,466.0,30.42512421013874,394.72142331857225,97.66039870912735,24.0,0.05272042118281206,0.9552180422676935,0.2542372881355932,1.0,0.9943502824858758,1.0,0.9124365671206329,573.0,749.0,177.0,177.0,6.5,815.5,1386.7816101800186,521.0275316229546,115.42999449751682,164.0,421.45820927171263,-23.92512421013874,420.77857668142775,0.8460573799232769,0.8776617646217346,0.9709381461143494,0.0,1.0,1.0,0.0,1.0,1.0
SNPT-061,0,27.0,0.02714845160961622,0.9812459489878487,0.2085889570552147,0.0,0.9754601226993865,1.0,0.9073255449716299,0.0,162.0,163.0,163.0,594.5,502.5,20.919353735600836,557.4797608343714,111.6597207763024,,1.0,0.0,0.0,0.0,1.0,1.0,0.9146560245002342,599.0,749.0,151.0,151.0,7.0,414.5,228.84494166178405,519.4252149447208,101.5416554314937,437.0,143.65570095429848,-13.919353735600836,-142.9797608343714,1.0996444789265325,0.9488141536712646,0.9914436340332031,0.0,0.0,0.0,1.0,0.0,1.0
SNPT-061,0,10.0,0.03561483054458915,0.9738991507752375,0.19298245614035087,0.0,1.0,1.0,0.9188920586255559,0.0,227.0,228.0,228.0,672.5,413.0,30.403672795092735,455.5866703711631,91.66351562300719,44.0,0.03461612767927308,0.9843734910613612,0.2331288343558282,0.0,0.9754601226993865,1.0,0.8914925997242605,587.0,749.0,163.0,163.0,17.0,717.0,1215.5777721029544,645.4833873268856,116.54342086002525,360.0,261.756733155105,-13.403672795092735,261.4133296288369,0.7865181487430326,0.8611656427383423,0.9928909540176392,0.0,1.0,1.0,1.0,0.0,1.0
SNPT-061,0,17.0,0.27563529965950045,0.8969842070027402,0.1130952380952381,1.0,0.9861111111111112,1.0,0.9179228185897782,0.0,512.0,513.0,504.0,1243.0,383.5,20.394784196700066,363.8981736185049,103.71769748040089,,1.0,0.0,0.0,1.0,0.9166666666666666,1.0,0.9026780724525452,655.0,714.0,60.0,60.0,7.0,369.5,9.412625859183487,298.09504226876413,78.02101780449385,143.0,14.518977322269636,-13.394784196700066,5.601826381495073,1.3293558633174734,0.7283056378364563,0.9861411452293396,0.0,0.0,0.0,1.0,0.0,1.0
SNPT-061,0,3.0,0.006587403826415539,0.9993552565574646,0.005263157894736842,1.0,0.9789473684210527,1.0,0.9277018625485269,0.0,251.0,252.0,190.0,488.5,418.0,6.999992312210754,572.7779341248579,97.99757731932935,10.0,0.047029492874772726,0.9814354479312897,0.29201101928374656,1.0,0.9944903581267218,1.0,0.889994596646837,387.0,749.0,363.0,363.0,1908.0,786.0,1584.3699581619758,645.8972438585868,126.71949439171318,136.0,1912.920457992187,1901.0000076877893,213.2220658751421,0.7733425530913253,0.8653113842010498,0.9906284809112549,0.0,1.0,1.0,1.0,0.0,1.0
SNPT-061,0,4.0,0.1569816028873902,0.9291484363377094,0.2564102564102564,1.0,0.9807692307692307,1.0,0.9215424389411242,0.0,155.0,156.0,156.0,425.5,552.5,4.896061173117788,757.0017087962054,130.45894545350208,,1.0,0.0,0.0,0.0,1.0,1.0,0.9055022485794559,595.0,749.0,155.0,155.0,7.0,370.0,77.88490493269944,298.93895780360396,81.02945349979369,440.0,387.00742779663835,2.103938826882212,-387.00170879620543,1.6100188242517797,0.7116197943687439,0.9426615238189697,0.0,0.0,0.0,0.0,1.0,1.0
SNPT-061,0,50.0,0.016249022551073723,0.9918401060225088,0.9693251533742331,0.0,0.911042944785276,1.0,0.8184391856193542,0.0,325.0,326.0,326.0,1273.0,765.5,1891.9818439427431,649.4878215675105,157.6457612790239,44.0,0.03461612767927308,0.9843734910613612,0.2331288343558282,0.0,0.9754601226993865,1.0,0.8914925997242605,587.0,749.0,163.0,163.0,17.0,717.0,1215.5777721029544,645.4833873268856,116.54342086002525,262.0,1876.196900474902,-1874.9818439427431,67.51217843248946,1.352678341820468,0.8320986032485962,0.9390830397605896,0.0,1.0,1.0,1.0,0.0,1.0
SNPT-061,0,8.0,0.10498359480830417,0.9076813103691224,0.124,1.0,1.0,1.0,0.9132324442863464,0.0,249.0,250.0,250.0,1254.5,510.0,10.31683335685205,557.3874384288936,113.92002363169367,10.0,0.2068282534222817,0.8998608372428201,0.22916666666666666,0.0,1.0,1.0,0.9078472976883253,346.0,393.0,48.0,48.0,12.0,472.0,7.39802913620267,501.0013435014674,105.6238243235781,97.0,85.40402620132552,1.6831666431479508,-85.38743842889357,1.0785447730305635,0.8214612007141113,0.9656655788421631,0.0,1.0,0.0,0.0,1.0,1.0
SNPT-061,0,50.0,0.016249022551073723,0.9918401060225088,0.9693251533742331,0.0,0.911042944785276,1.0,0.8184391856193542,0.0,325.0,326.0,326.0,1273.0,765.5,1891.9818439427431,649.4878215675105,157.6457612790239,,1.0,0.0,0.0,0.0,1.0,1.0,0.9146560245002342,599.0,749.0,151.0,151.0,7.0,414.5,228.84494166178405,519.4252149447208,101.5416554314937,274.0,1899.5725383040333,-1884.9818439427431,-234.98782156751054,1.5525230567604988,0.837419331073761,0.9478318691253662,0.0,0.0,0.0,1.0,0.0,1.0
SNPT-061,1,10.0,0.03561483054458915,0.9738991507752375,0.19298245614035087,0.0,1.0,1.0,0.9188920586255559,0.0,227.0,228.0,228.0,672.5,413.0,30.403672795092735,455.5866703711631,91.66351562300719,10.0,0.2068282534222817,0.8998608372428201,0.22916666666666666,0.0,1.0,1.0,0.9078472976883253,346.0,393.0,48.0,48.0,12.0,472.0,7.39802913620267,501.0013435014674,105.6238243235781,119.0,24.65953287987612,-18.403672795092735,16.41332962883689,0.8678299257769385,0.9646207094192505,0.9898636341094971,1.0,0.0,0.0,1.0,0.0,1.0
SNPT-061,1,14.0,0.009091855789876528,0.9892387922915666,0.43658536585365854,0.0,1.0,1.0,0.8955100597404853,0.0,409.0,410.0,410.0,1353.0,466.0,30.42512421013874,394.72142331857225,97.66039870912735,,1.0,0.0,0.0,0.0,1.0,1.0,0.9146560245002342,599.0,749.0,151.0,151.0,7.0,414.5,228.84494166178405,519.4252149447208,101.5416554314937,190.0,30.658254024055996,-23.42512421013874,19.77857668142775,0.9617767042907344,0.9681920409202576,0.9937880635261536,0.0,0.0,0.0,1.0,0.0,1.0
SNPT-061,0,17.0,0.27563529965950045,0.8969842070027402,0.1130952380952381,1.0,0.9861111111111112,1.0,0.9179228185897782,0.0,512.0,513.0,504.0,1243.0,383.5,20.394784196700066,363.8981736185049,103.71769748040089,24.0,0.05272042118281206,0.9552180422676935,0.2542372881355932,1.0,0.9943502824858758,1.0,0.9124365671206329,573.0,749.0,177.0,177.0,6.5,815.5,1386.7816101800186,521.0275316229546,115.42999449751682,61.0,451.8155316265421,-13.894784196700066,451.6018263814951,0.8985333312359476,0.9077059030532837,0.9956995844841003,0.0,1.0,0.0,1.0,0.0,1.0
SNPT-061,1,8.0,0.018195045788996642,0.9842188051330173,0.5076252723311547,0.0,1.0,1.0,0.8810476824349048,0.0,490.0,491.0,459.0,1524.5,571.5,11.959790469056749,478.5263039690403,116.44467041811275,,1.0,0.0,0.0,0.0,1.0,1.0,0.9266152207444354,586.0,749.0,164.0,164.0,7.0,404.5,416.62808084657684,382.13408466716726,87.94830891830063,96.0,74.19227184022405,-4.959790469056749,-74.02630396904033,1.32401261434468,0.9412265419960022,0.9879153370857239,0.0,0.0,0.0,1.0,0.0,1.0
SNPT-061,0,,1.0,0.0,0.0,0.0,1.0,0.007936507936507936,0.5364587415778448,0.0,125.0,126.0,126.0,32.0,318.0,17.042534122808856,318.5421615359696,77.8867025358582,,1.0,0.0,0.0,0.0,1.0,1.0,0.9146560245002342,599.0,749.0,151.0,151.0,7.0,414.5,228.84494166178405,519.4252149447208,101.5416554314937,474.0,96.48191153940063,-10.042534122808856,95.95783846403037,0.7670418825149588,0.5737627148628235,0.9195353984832764,0.0,0.0,0.0,1.0,0.0,1.0
SNPT-061,0,44.0,0.003899714732984581,0.999500451264558,0.225,0.0,1.0,1.0,0.8994297971328099,0.0,163.0,164.0,120.0,496.0,575.0,11.817011132132848,579.6064246948794,104.35906996461536,4.0,0.012850320492621645,0.922017177939415,0.054945054945054944,0.0,1.0,1.0,0.9133876378719623,568.0,749.0,182.0,182.0,6.5,438.5,1237.3421778255051,529.6746774594278,98.14682855338033,405.0,141.2065639322439,-5.317011132132848,-141.10642469487937,1.063295386135236,0.9551788568496704,0.9929097890853882,0.0,1.0,1.0,1.0,0.0,1.0
SNPT-061,0,,1.0,0.0,0.0,0.0,1.0,0.007936507936507936,0.5364587415778448,0.0,125.0,126.0,126.0,32.0,318.0,17.042534122808856,318.5421615359696,77.8867025358582,,1.0,0.0,0.0,1.0,0.9166666666666666,1.0,0.9026780724525452,655.0,714.0,60.0,60.0,7.0,369.5,9.412625859183487,298.09504226876413,78.02101780449385,530.0,51.93798025081447,-10.042534122808856,50.957838464030374,0.9982784732573956,0.5493510961532593,0.9097604751586914,0.0,0.0,0.0,0.0,1.0,1.0
SNPT-061,1,4.0,0.022850997930064048,0.9801731911072364,0.6539235412474849,0.0,1.0,1.0,0.8812546830781749,0.0,496.0,497.0,497.0,551.0,631.5,15.646761955894505,525.3281711495049,129.9887648300295,4.0,0.012850320492621645,0.922017177939415,0.054945054945054944,0.0,1.0,1.0,0.9133876378719623,568.0,749.0,182.0,182.0,6.5,438.5,1237.3421778255051,529.6746774594278,98.14682855338033,72.0,87.308616753706,-9.146761955894505,-86.8281711495049,1.324431637231466,0.9251272678375244,0.9866529703140259,1.0,0.0,1.0,1.0,0.0,1.0
SNPT-061,1,24.0,0.0004062990985170642,0.9999672382376915,0.5443037974683544,1.0,0.9873417721518988,1.0,0.888381646781028,0.0,157.0,158.0,158.0,450.5,825.0,8.140362059926021,934.5606411888496,142.4552833956321,24.0,0.06540962070640591,0.9573770243870584,0.3275862068965517,1.0,0.9482758620689655,1.0,0.9166407081587561,351.0,408.0,58.0,58.0,7.0,968.0,28.001841797062717,949.2123584487938,182.4428761332288,194.0,33.45879769699717,-1.1403620599260211,33.43935881115044,0.7808212982325724,0.971037745475769,0.9800667762756348,1.0,0.0,1.0,1.0,0.0,1.0
SNPT-061,0,24.0,0.0004062990985170642,0.9999672382376915,0.5443037974683544,1.0,0.9873417721518988,1.0,0.888381646781028,0.0,157.0,158.0,158.0,450.5,825.0,8.140362059926021,934.5606411888496,142.4552833956321,10.0,0.2068282534222817,0.8998608372428201,0.22916666666666666,0.0,1.0,1.0,0.9078472976883253,346.0,393.0,48.0,48.0,12.0,472.0,7.39802913620267,501.0013435014674,105.6238243235781,189.0,462.576743451363,3.859637940073979,-462.56064118884956,1.3487040855405974,0.8206430077552795,0.9251142740249634,0.0,1.0,0.0,0.0,1.0,1.0
SNPT-061,1,24.0,0.0004062990985170642,0.9999672382376915,0.5443037974683544,1.0,0.9873417721518988,1.0,0.888381646781028,0.0,157.0,158.0,158.0,450.5,825.0,8.140362059926021,934.5606411888496,142.4552833956321,24.0,0.05272042118281206,0.9552180422676935,0.2542372881355932,1.0,0.9943502824858758,1.0,0.9124365671206329,573.0,749.0,177.0,177.0,6.5,815.5,1386.7816101800186,521.0275316229546,115.42999449751682,416.0,119.07194072487282,-1.6403620599260211,-119.06064118884956,1.2341270916260563,0.9719328880310059,0.9710946083068848,1.0,0.0,1.0,1.0,0.0,1.0
SNPT-061,0,50.0,0.016249022551073723,0.9918401060225088,0.9693251533742331,0.0,0.911042944785276,1.0,0.8184391856193542,0.0,325.0,326.0,326.0,1273.0,765.5,1891.9818439427431,649.4878215675105,157.6457612790239,,1.0,0.0,0.0,0.0,1.0,1.0,0.9266152207444354,586.0,749.0,164.0,164.0,7.0,404.5,416.62808084657684,382.13408466716726,87.94830891830063,261.0,1900.8354964883674,-1884.9818439427431,-244.98782156751054,1.7924820069646656,0.8275625109672546,0.9248439073562622,0.0,0.0,0.0,1.0,0.0,1.0
SNPT-061,0,27.0,0.02714845160961622,0.9812459489878487,0.2085889570552147,0.0,0.9754601226993865,1.0,0.9073255449716299,0.0,162.0,163.0,163.0,594.5,502.5,20.919353735600836,557.4797608343714,111.6597207763024,15.0,0.014976144300108298,0.992228386455408,0.3086206896551724,0.0,0.9879310344827587,1.0,0.8976581854039225,170.0,749.0,580.0,580.0,1897.5,447.0,367.9091305912408,327.6438169169479,100.3745096284136,8.0,1879.8299655788364,1876.580646264399,-110.4797608343714,1.1124310463848504,0.9459461569786072,0.9930909276008606,0.0,1.0,1.0,1.0,0.0,1.0
SNPT-061,0,10.0,0.03561483054458915,0.9738991507752375,0.19298245614035087,0.0,1.0,1.0,0.9188920586255559,0.0,227.0,228.0,228.0,672.5,413.0,30.403672795092735,455.5866703711631,91.66351562300719,24.0,0.06540962070640591,0.9573770243870584,0.3275862068965517,1.0,0.9482758620689655,1.0,0.9166407081587561,351.0,408.0,58.0,58.0,7.0,968.0,28.001841797062717,949.2123584487938,182.4428761332288,124.0,512.9475141587205,-23.403672795092735,512.4133296288369,0.502423101223585,0.7879087924957275,0.9355181455612183,0.0,1.0,1.0,0.0,1.0,1.0
SNPT-061,0,24.0,0.0004062990985170642,0.9999672382376915,0.5443037974683544,1.0,0.9873417721518988,1.0,0.888381646781028,0.0,157.0,158.0,158.0,450.5,825.0,8.140362059926021,934.5606411888496,142.4552833956321,15.0,0.014976144300108298,0.992228386455408,0.3086206896551724,0.0,0.9879310344827587,1.0,0.8976581854039225,170.0,749.0,580.0,580.0,1897.5,447.0,367.9091305912408,327.6438169169479,100.3745096284136,13.0,1951.254780984157,1889.359637940074,-487.56064118884956,1.4192376522983925,0.8137197494506836,0.9431234002113342,0.0,1.0,1.0,0.0,1.0,1.0
SNPT-061,0,4.0,0.1569816028873902,0.9291484363377094,0.2564102564102564,1.0,0.9807692307692307,1.0,0.9215424389411242,0.0,155.0,156.0,156.0,425.5,552.5,4.896061173117788,757.0017087962054,130.45894545350208,9.0,0.06977411177829254,0.9471098695060994,0.1753472222222222,1.0,0.953125,1.0,0.9022031637529532,168.0,749.0,582.0,576.0,1910.5,481.5,243.0505328722656,320.7897003133651,98.0915911755716,13.0,1925.416205193609,1905.6039388268823,-275.50170879620543,1.3299707333730268,0.9561076164245605,0.9873477220535278,0.0,1.0,0.0,1.0,0.0,1.0
SNPT-061,0,27.0,0.02714845160961622,0.9812459489878487,0.2085889570552147,0.0,0.9754601226993865,1.0,0.9073255449716299,0.0,162.0,163.0,163.0,594.5,502.5,20.919353735600836,557.4797608343714,111.6597207763024,,1.0,0.0,0.0,1.0,0.9166666666666666,1.0,0.9026780724525452,655.0,714.0,60.0,60.0,7.0,369.5,9.412625859183487,298.09504226876413,78.02101780449385,493.0,188.49440016022825,-13.919353735600836,-187.9797608343714,1.4311492456571238,0.6994907855987549,0.9545992612838745,0.0,0.0,0.0,0.0,1.0,1.0
SNPT-061,1,24.0,0.06540962070640591,0.9573770243870584,0.3275862068965517,1.0,0.9482758620689655,1.0,0.9166407081587561,351.0,408.0,58.0,58.0,7.0,968.0,28.001841797062717,949.2123584487938,182.4428761332288,24.0,0.05272042118281206,0.9552180422676935,0.2542372881355932,1.0,0.9943502824858758,1.0,0.9124365671206329,573.0,749.0,177.0,177.0,6.5,815.5,1386.7816101800186,521.0275316229546,115.42999449751682,165.0,135.43014436455655,-21.501841797062717,-133.7123584487938,1.5805499855339038,0.9396045207977295,0.9695471525192261,1.0,0.0,1.0,1.0,0.0,1.0
SNPT-061,0,25.0,0.03661811956625555,0.96978144236465,0.2596899224806202,1.0,0.9883720930232558,1.0,0.8854995386082997,155.0,412.0,258.0,258.0,1911.5,465.5,26.440556531614853,307.6096958036216,91.61333573132795,4.0,0.012850320492621645,0.922017177939415,0.054945054945054944,0.0,1.0,1.0,0.9133876378719623,568.0,749.0,182.0,182.0,6.5,438.5,1237.3421778255051,529.6746774594278,98.14682855338033,156.0,132.40051936231595,-19.940556531614853,130.8903041963784,0.9334314422752954,0.755793035030365,0.9613810777664185,0.0,1.0,1.0,0.0,1.0,1.0
SNPT-061,0,3.0,0.006587403826415539,0.9993552565574646,0.005263157894736842,1.0,0.9789473684210527,1.0,0.9277018625485269,0.0,251.0,252.0,190.0,488.5,418.0,6.999992312210754,572.7779341248579,97.99757731932935,44.0,0.03461612767927308,0.9843734910613612,0.2331288343558282,0.0,0.9754601226993865,1.0,0.8914925997242605,587.0,749.0,163.0,163.0,17.0,717.0,1215.5777721029544,645.4833873268856,116.54342086002525,336.0,144.56833830078313,10.000007687789246,144.2220658751421,0.8408675204156704,0.752623438835144,0.9629936814308167,0.0,1.0,1.0,0.0,1.0,1.0
SNPT-061,0,24.0,0.0004062990985170642,0.9999672382376915,0.5443037974683544,1.0,0.9873417721518988,1.0,0.888381646781028,0.0,157.0,158.0,158.0,450.5,825.0,8.140362059926021,934.5606411888496,142.4552833956321,10.0,0.047029492874772726,0.9814354479312897,0.29201101928374656,1.0,0.9944903581267218,1.0,0.889994596646837,387.0,749.0,363.0,363.0,1908.0,786.0,1584.3699581619758,645.8972438585868,126.71949439171318,230.0,1905.6591793876028,1899.859637940074,-148.56064118884956,1.1241781233381245,0.8837392330169678,0.9812350273132324,0.0,1.0,1.0,1.0,0.0,1.0
SNPT-061,0,36.0,0.0128522491039287,0.995595252780772,0.40483383685800606,0.0,0.9788519637462235,1.0,0.9025983408858769,160.0,491.0,332.0,331.0,1910.0,380.0,8.72122421217231,461.64962211345573,95.79416647677739,4.0,0.012850320492621645,0.922017177939415,0.054945054945054944,0.0,1.0,1.0,0.9133876378719623,568.0,749.0,182.0,182.0,6.5,438.5,1237.3421778255051,529.6746774594278,98.14682855338033,77.0,23.25594205781695,-2.2212242121723094,-23.149622113455735,0.9760291584427165,0.7836357355117798,0.9914268851280212,0.0,1.0,1.0,1.0,0.0,1.0
SNPT-061,1,25.0,0.03661811956625555,0.96978144236465,0.2596899224806202,1.0,0.9883720930232558,1.0,0.8854995386082997,155.0,412.0,258.0,258.0,1911.5,465.5,26.440556531614853,307.6096958036216,91.61333573132795,,1.0,0.0,0.0,1.0,0.9166666666666666,1.0,0.9026780724525452,655.0,714.0,60.0,60.0,7.0,369.5,9.412625859183487,298.09504226876413,78.02101780449385,243.0,64.87175804446159,-19.440556531614853,61.890304196378395,1.1742135428288556,0.8928498029708862,0.9804967045783997,0.0,0.0,0.0,1.0,0.0,1.0
SNPT-062,0,24.0,0.045530124454935025,0.974248434620342,0.30633802816901406,1.0,0.9929577464788732,1.0,0.8768538696245408,0.0,283.0,284.0,284.0,1443.0,741.5,12.286844353080319,832.2635491468031,140.20413925808214,,1.0,0.0,0.0,1.0,0.9545454545454546,1.0,0.8862122039903294,706.0,749.0,44.0,44.0,1904.5,431.5,1871.0254393290516,447.9486294280632,111.61657748736492,423.0,1934.1876973882383,1892.2131556469196,-400.76354914680314,1.25612290229875,0.8939275145530701,0.9736896753311157,0.0,0.0,0.0,1.0,0.0,1.0
SNPT-062,0,,1.0,0.0,0.0,0.0,1.0,1.0,0.8280035853385925,0.0,9.0,10.0,10.0,76.5,292.5,7.39769036333946,302.0057050633817,81.39844881063425,,1.0,0.0,0.0,0.0,1.0,1.0,0.8605176691955092,118.0,294.0,177.0,177.0,26.0,586.0,8.51495504602656,356.8490248757991,93.99056683838035,109.0,284.6028908503305,18.60230963666054,283.9942949366183,0.866027853099358,0.9204803705215454,0.9864009022712708,0.0,0.0,0.0,1.0,0.0,1.0
SNPT-062,1,50.0,0.0017752386743445136,0.9964973786105848,0.6165540540540541,0.0,0.9983108108108109,1.0,0.8166148747141296,0.0,591.0,592.0,592.0,1675.0,569.0,1907.9836579968864,1000.1984763636394,143.11121653168786,50.0,0.0017745550300917654,0.9907150024717505,0.43137254901960786,0.0,1.0,1.0,0.8878005684590807,699.0,749.0,51.0,51.0,1895.0,836.0,1646.6793107331864,896.2889074063012,173.1519661687442,108.0,164.7110045355828,-12.98365799688645,-164.19847636363943,0.8265064480539579,0.9625526666641235,0.9579962491989136,1.0,0.0,1.0,1.0,0.0,1.0
SNPT-062,0,,1.0,0.0,0.0,0.0,1.0,1.0,0.8280035853385925,0.0,9.0,10.0,10.0,76.5,292.5,7.39769036333946,302.0057050633817,81.39844881063425,,1.0,0.0,0.0,1.0,0.9302325581395349,1.0,0.9056948381800984,225.0,267.0,43.0,43.0,18.5,491.5,8.752736597203874,448.48255053036354,92.90949236201611,216.0,189.81925374627932,11.10230963666054,189.4942949366183,0.8761047632621887,0.8228873014450073,0.939902663230896,0.0,0.0,0.0,0.0,1.0,1.0
SNPT-062,0,,1.0,0.0,0.0,0.0,0.6666666666666666,0.021739130434782608,0.5338516537693964,0.0,137.0,138.0,138.0,1776.5,298.0,1909.989086987138,341.36140111384583,90.67876717440163,50.0,0.0017745550300917654,0.9907150024717505,0.43137254901960786,0.0,1.0,1.0,0.8878005684590807,699.0,749.0,51.0,51.0,1895.0,836.0,1646.6793107331864,896.2889074063012,173.1519661687442,562.0,494.8656547354703,-14.98908698713808,494.63859888615417,0.5236947011391785,0.6872987747192383,0.9517199993133545,0.0,0.0,0.0,1.0,0.0,0.0
SNPT-062,0,5.0,0.009671132857620786,0.9923557494450541,0.1757679180887372,0.0,0.9829351535836177,1.0,0.8980217529238288,0.0,585.0,586.0,586.0,1546.0,454.0,1903.7243909307836,544.3328442797288,103.21358054773954,,1.0,0.0,0.0,1.0,0.9583333333333334,1.0,0.8373936836918195,637.0,660.0,24.0,24.0,15.5,503.5,7.429215568479489,489.27816165076024,119.16719475555267,52.0,1888.665844366838,-1888.2243909307836,-40.83284427972876,0.8661241104102624,0.8243693113327026,0.9388911128044128,0.0,0.0,0.0,0.0,1.0,1.0
SNPT-062,0,24.0,0.045530124454935025,0.974248434620342,0.30633802816901406,1.0,0.9929577464788732,1.0,0.8768538696245408,0.0,283.0,284.0,284.0,1443.0,741.5,12.286844353080319,832.2635491468031,140.20413925808214,,1.0,0.0,0.0,0.0,1.0,1.0,0.8505023871698687,719.0,749.0,31.0,31.0,1907.5,628.0,1891.3109923250763,605.2084603960614,136.5611197980605,436.0,1906.1889997708004,1895.2131556469196,-204.26354914680314,1.0266768423209238,0.8250938653945923,0.9295903444290161,0.0,0.0,0.0,0.0,1.0,1.0
SNPT-062,1,5.0,0.009671132857620786,0.9923557494450541,0.1757679180887372,0.0,0.9829351535836177,1.0,0.8980217529238288,0.0,585.0,586.0,586.0,1546.0,454.0,1903.7243909307836,544.3328442797288,103.21358054773954,,1.0,0.0,0.0,0.0,1.0,1.0,0.8505023871698687,719.0,749.0,31.0,31.0,1907.5,628.0,1891.3109923250763,605.2084603960614,136.5611197980605,134.0,83.75230247678965,3.7756090692164435,83.66715572027124,0.7558050248882436,0.965756893157959,0.9686514139175415,0.0,0.0,0.0,1.0,0.0,1.0
SNPT-062,0,,1.0,0.0,0.0,0.0,1.0,1.0,0.8280035853385925,0.0,9.0,10.0,10.0,76.5,292.5,7.39769036333946,302.0057050633817,81.39844881063425,,1.0,0.0,0.0,0.0,1.0,1.0,0.8505023871698687,719.0,749.0,31.0,31.0,1907.5,628.0,1891.3109923250763,605.2084603960614,136.5611197980605,710.0,1927.8643799338672,1900.1023096366605,325.9942949366183,0.5960587386146368,0.8838374614715576,0.9818071126937866,0.0,0.0,0.0,1.0,0.0,1.0
SNPT-062,1,,1.0,0.0,0.0,1.0,0.9302325581395349,1.0,0.9056948381800984,225.0,267.0,43.0,43.0,18.5,491.5,8.752736597203874,448.48255053036354,92.90949236201611,,1.0,0.0,0.0,1.0,0.9583333333333334,1.0,0.8373936836918195,637.0,660.0,24.0,24.0,15.5,503.5,7.429215568479489,489.27816165076024,119.16719475555267,370.0,55.42964287789263,6.747263402796126,55.01744946963646,0.7796566207050614,0.9391791820526123,0.9646173715591431,0.0,0.0,0.0,1.0,0.0,1.0
SNPT-062,1,,1.0,0.0,0.0,0.0,1.0,1.0,0.8280035853385925,0.0,9.0,10.0,10.0,76.5,292.5,7.39769036333946,302.0057050633817,81.39844881063425,,1.0,0.0,0.0,0.0,1.0,0.8072100313479624,0.783188084169615,112.0,749.0,638.0,638.0,14.5,434.0,1097.8750987639055,417.0491338274078,71.0124164059194,103.0,132.1852363087118,7.10230963666054,131.9942949366183,1.1462565693490343,0.9491028785705566,0.9829100966453552,0.0,0.0,0.0,1.0,0.0,1.0
SNPT-062,0,,1.0,0.0,0.0,1.0,0.9302325581395349,1.0,0.9056948381800984,225.0,267.0,43.0,43.0,18.5,491.5,8.752736597203874,448.48255053036354,92.90949236201611,50.0,0.0017745550300917654,0.9907150024717505,0.43137254901960786,0.0,1.0,1.0,0.8878005684590807,699.0,749.0,51.0,51.0,1895.0,836.0,1646.6793107331864,896.2889074063012,173.1519661687442,432.0,1925.6423635602716,1886.247263402796,387.51744946963646,0.536577749694576,0.7689489126205444,0.9540150761604309,0.0,0.0,0.0,0.0,1.0,1.0
SNPT-062,0,8.0,0.0171168418024763,0.9911613643169404,0.20967741935483872,0.0,0.9758064516129032,1.0,0.8682696362656932,0.0,628.0,629.0,620.0,1262.0,421.0,1911.0692398747376,460.0459550835862,93.451781551462,,1.0,0.0,0.0,1.0,0.9583333333333334,1.0,0.8373936836918195,637.0,660.0,24.0,24.0,15.5,503.5,7.429215568479489,489.27816165076024,119.16719475555267,9.0,1896.067244899001,-1895.5692398747376,43.45404491641381,0.7842072790515828,0.854758620262146,0.9429152011871338,0.0,0.0,0.0,0.0,1.0,1.0
SNPT-062,1,,1.0,0.0,0.0,1.0,0.9807692307692307,1.0,0.8928340302828031,128.0,283.0,156.0,156.0,13.0,576.0,6.111817436618024,369.91702089189675,92.06078893236632,3.0,0.0500572385343087,0.9898357150100526,0.23595505617977527,1.0,0.9887640449438202,1.0,0.8937617376279295,562.0,739.0,178.0,178.0,17.0,416.0,9.561818660412268,439.0183426245083,98.33296631975799,279.0,47.35180548840155,10.888182563381976,46.082979108103245,0.9362149071452205,0.9704902172088623,0.9835619330406189,0.0,0.0,0.0,1.0,0.0,1.0
SNPT-062,1,,1.0,0.0,0.0,1.0,0.976878612716763,1.0,0.8549870879663898,149.0,321.0,173.0,173.0,20.0,418.5,7.2621238013075615,295.2922690659327,67.3133276981509,,1.0,0.0,0.0,1.0,0.9956521739130435,1.0,0.8320676098699155,520.0,749.0,230.0,230.0,13.5,327.5,385.16894058407905,367.23824575608273,71.26328266538454,199.0,32.80623464208425,6.2378761986924385,32.207730934067285,0.944572368553655,0.9514174461364746,0.991122841835022,0.0,0.0,0.0,1.0,0.0,1.0
SNPT-062,0,,1.0,0.0,0.0,0.0,1.0,1.0,0.8605176691955092,118.0,294.0,177.0,177.0,26.0,586.0,8.51495504602656,356.8490248757991,93.99056683838035,,1.0,0.0,0.0,0.0,1.0,1.0,0.8505023871698687,719.0,749.0,31.0,31.0,1907.5,628.0,1891.3109923250763,605.2084603960614,136.5611197980605,425.0,1918.245826861002,1898.9850449539733,271.1509751242009,0.6882673998087356,0.9019548892974854,0.9857349395751953,0.0,0.0,0.0,1.0,0.0,1.0
SNPT-062,0,,1.0,0.0,0.0,1.0,0.9302325581395349,1.0,0.9056948381800984,225.0,267.0,43.0,43.0,18.5,491.5,8.752736597203874,448.48255053036354,92.90949236201611,,1.0,0.0,0.0,1.0,0.9956521739130435,1.0,0.8320676098699155,520.0,749.0,230.0,230.0,13.5,327.5,385.16894058407905,367.23824575608273,71.26328266538454,253.0,121.07565421110677,4.747263402796126,-120.98255053036354,1.3037498258152234,0.9178286790847778,0.9807513952255249,0.0,0.0,0.0,1.0,0.0,1.0
SNPT-062,0,,1.0,0.0,0.0,1.0,0.9302325581395349,1.0,0.9056948381800984,225.0,267.0,43.0,43.0,18.5,491.5,8.752736597203874,448.48255053036354,92.90949236201611,,1.0,0.0,0.0,1.0,0.9545454545454546,1.0,0.8862122039903294,706.0,749.0,44.0,44.0,1904.5,431.5,1871.0254393290516,447.9486294280632,111.61657748736492,439.0,1895.8233287207188,1895.747263402796,-16.98255053036354,0.8323986853344749,0.8313320875167847,0.9735054969787598,0.0,0.0,0.0,1.0,0.0,1.0
SNPT-062,0,50.0,0.0017752386743445136,0.9964973786105848,0.6165540540540541,0.0,0.9983108108108109,1.0,0.8166148747141296,0.0,591.0,592.0,592.0,1675.0,569.0,1907.9836579968864,1000.1984763636394,143.11121653168786,,1.0,0.0,0.0,1.0,0.9545454545454546,1.0,0.8862122039903294,706.0,749.0,44.0,44.0,1904.5,431.5,1871.0254393290516,447.9486294280632,111.61657748736492,115.0,568.7091461295169,-3.48365799688645,-568.6984763636394,1.28216811295695,0.7233020067214966,0.9339273571968079,0.0,0.0,0.0,0.0,1.0,1.0
SNPT-062,0,15.0,0.10587686663893692,0.929598161152431,0.021538461538461538,0.0,1.0,1.0,0.8658125748084141,0.0,649.0,650.0,650.0,1184.5,355.5,1911.9904765108413,379.5238484280593,86.39935799694557,50.0,0.0017745550300917654,0.9907150024717505,0.43137254901960786,0.0,1.0,1.0,0.8878005684590807,699.0,749.0,51.0,51.0,1895.0,836.0,1646.6793107331864,896.2889074063012,173.1519661687442,50.0,456.79224297922883,-16.99047651084129,456.4761515719407,0.4989799417740691,0.8505454063415527,0.9789309501647949,0.0,1.0,1.0,1.0,0.0,1.0
SNPT-062,0,,1.0,0.0,0.0,0.0,1.0,1.0,0.8605176691955092,118.0,294.0,177.0,177.0,26.0,586.0,8.51495504602656,356.8490248757991,93.99056683838035,,1.0,0.0,0.0,1.0,0.9583333333333334,1.0,0.8373936836918195,637.0,660.0,24.0,24.0,15.5,503.5,7.429215568479489,489.27816165076024,119.16719475555267,343.0,146.81723113411456,6.985044953973439,146.6509751242009,0.7887285341505514,0.8307920098304749,0.9576947689056396,0.0,0.0,0.0,0.0,1.0,1.0
SNPT-062,0,,1.0,0.0,0.0,1.0,0.9583333333333334,1.0,0.8373936836918195,637.0,660.0,24.0,24.0,15.5,503.5,7.429215568479489,489.27816165076024,119.16719475555267,50.0,0.0017745550300917654,0.9907150024717505,0.43137254901960786,0.0,1.0,1.0,0.8878005684590807,699.0,749.0,51.0,51.0,1895.0,836.0,1646.6793107331864,896.2889074063012,173.1519661687442,39.0,1919.1507234784092,1887.5707844315205,346.72183834923976,0.688223168308808,0.7408286333084106,0.953611433506012,0.0,0.0,0.0,0.0,1.0,1.0
SNPT-062,0,24.0,0.045530124454935025,0.974248434620342,0.30633802816901406,1.0,0.9929577464788732,1.0,0.8768538696245408,0.0,283.0,284.0,284.0,1443.0,741.5,12.286844353080319,832.2635491468031,140.20413925808214,,1.0,0.0,0.0,1.0,0.9956521739130435,1.0,0.8320676098699155,520.0,749.0,230.0,230.0,13.5,327.5,385.16894058407905,367.23824575608273,71.26328266538454,237.0,504.7650070021701,1.213155646919681,-504.76354914680314,1.9674106217700937,0.8842884302139282,0.9588906764984131,0.0,0.0,0.0,1.0,0.0,1.0
SNPT-062,0,,1.0,0.0,0.0,0.0,0.6666666666666666,0.021739130434782608,0.5338516537693964,0.0,137.0,138.0,138.0,1776.5,298.0,1909.989086987138,341.36140111384583,90.67876717440163,,1.0,0.0,0.0,1.0,0.9302325581395349,1.0,0.9056948381800984,225.0,267.0,43.0,43.0,18.5,491.5,8.752736597203874,448.48255053036354,92.90949236201611,88.0,1897.4384219433668,-1891.489086987138,150.13859888615417,0.9759903414505527,0.7063891887664795,0.9343158006668091,0.0,0.0,0.0,0.0,1.0,0.0
SNPT-063,0,44.0,0.014526007101012196,0.9928763220933351,0.584717607973422,0.0,1.0,1.0,0.8605881565036964,319.0,619.0,301.0,301.0,12.0,602.5,10.59302037817509,585.8527373663921,105.83625068031712,,1.0,0.0,0.0,0.0,1.0,1.0,0.8476342636605968,727.0,749.0,23.0,23.0,97.0,354.5,511.65658400939094,384.14957294119654,72.54523180474465,108.0,246.96205217459885,86.40697962182492,-231.35273736639215,1.458900165419213,0.7512435913085938,0.9753293991088867,0.0,0.0,0.0,1.0,0.0,1.0
SNPT-063,0,8.0,0.046984178294223966,0.9826927594840527,0.08602150537634409,1.0,1.0,1.0,0.8510818859582306,0.0,185.0,186.0,186.0,1032.5,547.0,13.075242251865593,557.4155942336707,108.15554792600908,30.0,0.22937167808413506,0.8369981288909912,0.028901734104046242,1.0,0.9248554913294798,1.0,0.8713017939832169,577.0,749.0,173.0,173.0,1910.5,525.0,944.5222746476342,490.90659240552094,96.67075685791458,392.0,1897.7016314650436,1897.4247577481344,-32.41559423367073,1.1188031566254797,0.9583659172058105,0.9935781955718994,0.0,1.0,0.0,1.0,0.0,1.0
SNPT-063,0,25.0,0.16110380506142974,0.9680684804916382,0.0044444444444444444,1.0,0.9866666666666667,1.0,0.8765173591507806,0.0,272.0,273.0,225.0,1424.0,527.0,7.39883014321299,437.9785528175299,104.64444939501445,,1.0,0.0,0.0,1.0,0.9793388429752066,1.0,0.8829510214407582,380.0,644.0,265.0,242.0,15.5,438.0,13.335283465809397,435.7709432110896,77.9050836541986,108.0,8.101198246565158,8.10116985678701,0.021447182470126336,1.3432300497809009,0.8058494329452515,0.9877207279205322,0.0,0.0,0.0,1.0,0.0,1.0
SNPT-063,0,8.0,0.046984178294223966,0.9826927594840527,0.08602150537634409,1.0,1.0,1.0,0.8510818859582306,0.0,185.0,186.0,186.0,1032.5,547.0,13.075242251865593,557.4155942336707,108.15554792600908,24.0,0.00037937505848769417,0.999968602002122,0.8506493506493507,1.0,0.9967532467532467,1.0,0.7757246538803175,318.0,625.0,308.0,308.0,16.0,917.0,10.345089501372644,904.3510454777054,168.11461785148535,133.0,359.5963001453288,2.9247577481344074,359.58440576632927,0.6433441024239492,0.845660924911499,0.9131298661231995,0.0,1.0,1.0,1.0,0.0,1.0
SNPT-063,1,4.0,0.04759248133371035,0.9705469100861936,0.3474178403755869,0.0,1.0,1.0,0.8798502812363173,0.0,212.0,213.0,213.0,1750.5,660.0,8.336861809272435,626.2934497932239,125.119491507166,4.0,0.008434943803383058,0.9953622749357512,0.4647887323943662,0.0,1.0,1.0,0.8626817305323103,290.0,644.0,355.0,355.0,9.0,609.5,27.40456163271319,534.8559984229412,100.02442763550913,78.0,16.806537662990934,0.6631381907275653,-16.793449793223886,1.2508893523800382,0.9619635343551636,0.9942259788513184,1.0,0.0,1.0,1.0,0.0,1.0
SNPT-063,0,5.0,0.012122479550241143,0.9973934862543555,0.3119266055045872,0.0,0.9495412844036697,1.0,0.8764938427767622,203.0,420.0,218.0,218.0,1906.5,584.0,1905.291512359876,538.9135395221028,98.09434221279331,,1.0,0.0,0.0,0.0,1.0,1.0,0.8420995061214154,737.0,749.0,13.0,13.0,17.5,549.5,140.02953496869964,550.1343423619486,96.16037947530869,317.0,1887.8211957925034,-1887.791512359876,10.586460477897162,1.020111845939431,0.8783326745033264,0.9711766839027405,0.0,0.0,0.0,1.0,0.0,1.0
SNPT-063,0,4.0,0.04614865763211301,0.98326175773845,0.6746031746031746,1.0,0.9603174603174603,1.0,0.8276022336785755,371.0,531.0,161.0,126.0,15.5,696.5,7.96967404961042,586.2836010065744,121.5834069772674,,1.0,0.0,0.0,1.0,0.9333333333333333,1.0,0.8795326550801595,735.0,749.0,15.0,15.0,9.0,440.5,174.36631919346337,447.2440765392708,81.66671937818164,204.0,145.78724187667493,1.0303259503895799,-145.78360100657437,1.4887754510407092,0.760969340801239,0.9424573183059692,0.0,0.0,0.0,1.0,0.0,1.0
SNPT-063,0,44.0,0.04947634447372467,0.9858148059119349,0.22115384615384615,0.0,1.0,1.0,0.8411774365947797,0.0,207.0,208.0,208.0,1396.0,564.0,10.729096143507386,571.294854750437,105.32433256226493,14.0,0.6285740882158279,0.7630031108856201,0.0030581039755351682,1.0,0.926605504587156,1.0,0.8825295219363058,296.0,641.0,346.0,327.0,5.5,501.5,18.341682305095393,418.7128848713416,80.28034983415513,89.0,69.99046503712235,-5.229096143507386,-69.79485475043703,1.3119565719362982,0.8360774517059326,0.9666022658348083,0.0,1.0,0.0,0.0,1.0,1.0
SNPT-063,0,30.0,0.20163967274353267,0.9466065410021189,0.07628865979381444,1.0,0.9587628865979382,1.0,0.8644007508287724,0.0,484.0,485.0,485.0,1851.0,562.0,1912.559502115217,470.3804940761238,97.4396109904569,,1.0,0.0,0.0,0.0,1.0,1.0,0.8635674067538419,611.0,749.0,139.0,139.0,1902.0,367.5,1085.9361001708396,410.4210349922752,88.19317081370782,127.0,103.42098020357675,-10.559502115216901,-102.8804940761238,1.1048430404694318,0.8385134339332581,0.9734970331192017,0.0,0.0,0.0,0.0,1.0,1.0
SNPT-063,1,44.0,0.04947634447372467,0.9858148059119349,0.22115384615384615,0.0,1.0,1.0,0.8411774365947797,0.0,207.0,208.0,208.0,1396.0,564.0,10.729096143507386,571.294854750437,105.32433256226493,44.0,0.014526007101012196,0.9928763220933351,0.584717607973422,0.0,1.0,1.0,0.8605881565036964,319.0,619.0,301.0,301.0,12.0,602.5,10.59302037817509,585.8527373663921,105.83625068031712,112.0,31.2310148195471,1.2709038564926143,31.205145249562975,0.9951631117432678,0.9750418663024902,0.9869517087936401,1.0,0.0,1.0,1.0,0.0,1.0
SNPT-063,0,27.0,0.001669547593622698,0.987974247833093,0.3508771929824561,0.0,0.9181286549707602,1.0,0.8435840411492955,0.0,170.0,171.0,171.0,589.0,520.5,29.04010793837199,533.9426827132025,117.00081878899039,,1.0,0.0,0.0,1.0,0.9333333333333333,1.0,0.8795326550801595,735.0,749.0,15.0,15.0,9.0,440.5,174.36631919346337,447.2440765392708,81.66671937818164,565.0,95.5674676802825,-20.04010793837199,-93.44268271320254,1.4326621625044573,0.7346687316894531,0.962989866733551,0.0,0.0,0.0,0.0,1.0,1.0
SNPT-063,1,4.0,0.008434943803383058,0.9953622749357512,0.4647887323943662,0.0,1.0,1.0,0.8626817305323103,290.0,644.0,355.0,355.0,9.0,609.5,27.40456163271319,534.8559984229412,100.02442763550913,,1.0,0.0,0.0,0.0,1.0,1.0,0.8420995061214154,737.0,749.0,13.0,13.0,17.5,549.5,140.02953496869964,550.1343423619486,96.16037947530869,93.0,17.6790023283305,-9.90456163271319,14.644001577058816,1.0401833705449615,0.9348502159118652,0.9680147171020508,0.0,0.0,0.0,1.0,0.0,1.0
SNPT-063,0,4.0,0.04759248133371035,0.9705469100861936,0.3474178403755869,0.0,1.0,1.0,0.8798502812363173,0.0,212.0,213.0,213.0,1750.5,660.0,8.336861809272435,626.2934497932239,125.119491507166,44.0,0.014526007101012196,0.9928763220933351,0.584717607973422,0.0,1.0,1.0,0.8605881565036964,319.0,619.0,301.0,301.0,12.0,602.5,10.59302037817509,585.8527373663921,105.83625068031712,107.0,24.073778981851447,3.6631381907275653,-23.793449793223886,1.1821988279336797,0.9610534906387329,0.9942956566810608,0.0,1.0,1.0,1.0,0.0,1.0
SNPT-063,0,10.0,0.017851226522273576,0.9781140946880889,0.353515625,0.0,0.609375,1.0,0.8516348991543055,0.0,638.0,639.0,512.0,522.5,570.5,30.67176041974801,384.18824195313846,85.95322703965618,33.0,0.5868193878377497,0.7448692470788956,0.0547945205479452,0.0,1.0,1.0,0.7827783969983663,677.0,749.0,73.0,73.0,1897.5,379.5,1657.460846805397,395.11553594676644,86.79672898771985,39.0,1866.8341264576547,1866.828239580252,-4.6882419531384585,0.9902818693987535,0.8074347972869873,0.9718624353408813,0.0,1.0,0.0,1.0,0.0,0.0
SNPT-063,0,30.0,0.20163967274353267,0.9466065410021189,0.07628865979381444,1.0,0.9587628865979382,1.0,0.8644007508287724,0.0,484.0,485.0,485.0,1851.0,562.0,1912.559502115217,470.3804940761238,97.4396109904569,33.0,0.5868193878377497,0.7448692470788956,0.0547945205479452,0.0,1.0,1.0,0.7827783969983663,677.0,749.0,73.0,73.0,1897.5,379.5,1657.460846805397,395.11553594676644,86.79672898771985,193.0,92.11977424787034,-15.059502115216901,-90.8804940761238,1.1226184687702094,0.7687815427780151,0.9572635293006897,0.0,1.0,0.0,0.0,1.0,1.0
SNPT-063,1,9.0,0.1335661124321632,0.8988343256971111,0.1411042944785276,1.0,0.9815950920245399,1.0,0.8761012521258161,207.0,369.0,163.0,163.0,1912.5,587.5,1909.4031987830144,549.6227586626735,102.08958661888282,,1.0,0.0,0.0,1.0,0.9841269841269841,1.0,0.8865613965761094,624.0,749.0,126.0,126.0,1911.5,405.5,1457.7827955801663,410.8472783411712,80.84467197171601,255.0,144.13801073930077,2.0968012169855683,-144.1227586626735,1.2627868247718226,0.9697171449661255,0.9933525919914246,0.0,0.0,0.0,1.0,0.0,1.0
SNPT-063,0,,1.0,0.0,0.0,1.0,0.9709302325581395,1.0,0.8533988328174104,0.0,214.0,215.0,172.0,825.5,501.0,8.182720341256623,595.3757482433582,108.38888566821109,,1.0,0.0,0.0,0.0,1.0,1.0,0.8476342636605968,727.0,749.0,23.0,23.0,97.0,354.5,511.65658400939094,384.14957294119654,72.54523180474465,513.0,256.72871919163447,88.81727965874337,-240.8757482433582,1.49408697128351,0.7499517202377319,0.9401640892028809,0.0,0.0,0.0,0.0,1.0,1.0
SNPT-063,0,8.0,0.046984178294223966,0.9826927594840527,0.08602150537634409,1.0,1.0,1.0,0.8510818859582306,0.0,185.0,186.0,186.0,1032.5,547.0,13.075242251865593,557.4155942336707,108.15554792600908,,1.0,0.0,0.0,1.0,0.9333333333333333,1.0,0.8795326550801595,735.0,749.0,15.0,15.0,9.0,440.5,174.36631919346337,447.2440765392708,81.66671937818164,550.0,116.98659655885255,-4.075242251865593,-116.91559423367073,1.3243527932738814,0.8286384344100952,0.9734415411949158,0.0,0.0,0.0,1.0,0.0,1.0
SNPT-063,1,10.0,0.18639795133887674,0.9046279500270712,0.08787878787878788,1.0,1.0,1.0,0.8518807721860481,0.0,329.0,330.0,330.0,773.0,629.5,1911.1349152405458,948.3584880838041,142.1300595084623,10.0,0.04041388847790473,0.9771949690930983,0.6854838709677419,1.0,1.0,1.0,0.8467652163197917,626.0,749.0,124.0,124.0,1895.0,954.5,947.8237306238125,752.9455596172318,174.44621791528687,297.0,17.264230606556776,-16.13491524054575,6.1415119161958955,0.8147500198455567,0.8764559030532837,0.9454282522201538,1.0,0.0,0.0,1.0,0.0,1.0
SNPT-063,0,,1.0,0.0,0.0,0.0,1.0,0.028846153846153848,0.5221569727246578,0.0,103.0,104.0,104.0,86.0,485.5,7.117650705658029,509.3669260414371,82.03843764837808,24.0,0.00037937505848769417,0.999968602002122,0.8506493506493507,1.0,0.9967532467532467,1.0,0.7757246538803175,318.0,625.0,308.0,308.0,16.0,917.0,10.345089501372644,904.3510454777054,168.11461785148535,215.0,407.72983593783505,8.88234929434197,407.6330739585629,0.4879911021232663,0.6684054732322693,0.8511183857917786,0.0,0.0,0.0,0.0,1.0,1.0
SNPT-063,1,4.0,0.04759248133371035,0.9705469100861936,0.3474178403755869,0.0,1.0,1.0,0.8798502812363173,0.0,212.0,213.0,213.0,1750.5,660.0,8.336861809272435,626.2934497932239,125.119491507166,,1.0,0.0,0.0,0.0,1.0,1.0,0.8420995061214154,737.0,749.0,13.0,13.0,17.5,549.5,140.02953496869964,550.1343423619486,96.16037947530869,525.0,77.33819905225856,9.163138190727565,-76.79344979322389,1.3011543027374721,0.9403122067451477,0.9673959612846375,0.0,0.0,0.0,1.0,0.0,1.0
SNPT-063,0,25.0,0.16110380506142974,0.9680684804916382,0.0044444444444444444,1.0,0.9866666666666667,1.0,0.8765173591507806,0.0,272.0,273.0,225.0,1424.0,527.0,7.39883014321299,437.9785528175299,104.64444939501445,8.0,0.02700778184353431,0.9797630604911358,0.5838509316770186,1.0,1.0,1.0,0.8344444991638942,314.0,635.0,322.0,322.0,18.5,557.0,22.61614856322811,512.9513157855049,103.5621009395946,42.0,119.53803102610802,11.10116985678701,119.02144718247013,1.0104512021830376,0.7958027124404907,0.9771407246589661,0.0,1.0,0.0,1.0,0.0,1.0
SNPT-063,1,8.0,0.046984178294223966,0.9826927594840527,0.08602150537634409,1.0,1.0,1.0,0.8510818859582306,0.0,185.0,186.0,186.0,1032.5,547.0,13.075242251865593,557.4155942336707,108.15554792600908,8.0,0.02700778184353431,0.9797630604911358,0.5838509316770186,1.0,1.0,1.0,0.8344444991638942,314.0,635.0,322.0,322.0,18.5,557.0,22.61614856322811,512.9513157855049,103.5621009395946,129.0,5.440653930641486,5.424757748134407,-0.41559423367073123,1.0443545171905477,0.9325028657913208,0.9561163187026978,1.0,0.0,1.0,1.0,0.0,1.0
SNPT-063,0,27.0,0.013496994506863303,0.9567280837467739,0.07734806629834254,1.0,0.850828729281768,1.0,0.8680579524013877,0.0,180.0,181.0,181.0,648.0,535.0,15.746336403227936,500.3134194170614,104.54712729739092,4.0,0.04614865763211301,0.98326175773845,0.6746031746031746,1.0,0.9603174603174603,1.0,0.8276022336785755,371.0,531.0,161.0,126.0,15.5,696.5,7.96967404961042,586.2836010065744,121.5834069772674,191.0,196.1867352357172,-0.24633640322793582,196.18658058293857,0.8598798955924818,0.8477907776832581,0.9629377126693726,0.0,1.0,1.0,1.0,0.0,0.0
SNPT-063,0,9.0,0.1335661124321632,0.8988343256971111,0.1411042944785276,1.0,0.9815950920245399,1.0,0.8761012521258161,207.0,369.0,163.0,163.0,1912.5,587.5,1909.4031987830144,549.6227586626735,102.08958661888282,,1.0,0.0,0.0,1.0,0.9,1.0,0.8765471518039704,740.0,749.0,10.0,10.0,7.5,422.0,68.76021983738434,423.4993353370106,77.79869544318476,371.0,1906.1803026129855,-1901.9031987830144,-127.6227586626735,1.3122274870719053,0.731921911239624,0.9687114953994751,0.0,0.0,0.0,1.0,0.0,0.0
SNPT-063,1,,1.0,0.0,0.0,1.0,0.9748743718592965,1.0,0.8526680008250864,0.0,198.0,199.0,199.0,1359.0,493.0,17.215802824602925,501.0153405576995,103.14505140598378,,1.0,0.0,0.0,1.0,0.9333333333333333,1.0,0.8795326550801595,735.0,749.0,15.0,15.0,9.0,440.5,174.36631919346337,447.2440765392708,81.66671937818164,537.0,61.070499088079394,-8.215802824602925,-60.51534055769952,1.2629998142614305,0.8384647369384766,0.9744167327880859,0.0,0.0,0.0,1.0,0.0,1.0
SNPT-063,0,8.0,0.046984178294223966,0.9826927594840527,0.08602150537634409,1.0,1.0,1.0,0.8510818859582306,0.0,185.0,186.0,186.0,1032.5,547.0,13.075242251865593,557.4155942336707,108.15554792600908,33.0,0.5868193878377497,0.7448692470788956,0.0547945205479452,0.0,1.0,1.0,0.7827783969983663,677.0,749.0,73.0,73.0,1897.5,379.5,1657.460846805397,395.11553594676644,86.79672898771985,492.0,1892.8049625583812,1884.4247577481344,-177.91559423367073,1.2460786159500448,0.7107030153274536,0.946428120136261,0.0,1.0,0.0,0.0,1.0,1.0
SNPT-063,0,8.0,0.046984178294223966,0.9826927594840527,0.08602150537634409,1.0,1.0,1.0,0.8510818859582306,0.0,185.0,186.0,186.0,1032.5,547.0,13.075242251865593,557.4155942336707,108.15554792600908,4.0,0.008434943803383058,0.9953622749357512,0.4647887323943662,0.0,1.0,1.0,0.8626817305323103,290.0,644.0,355.0,355.0,9.0,609.5,27.40456163271319,534.8559984229412,100.02442763550913,105.0,52.243592175912106,-4.075242251865593,52.08440576632927,1.0812913453514565,0.7248451113700867,0.9576928615570068,0.0,1.0,1.0,0.0,1.0,1.0
SNPT-063,1,30.0,0.20163967274353267,0.9466065410021189,0.07628865979381444,1.0,0.9587628865979382,1.0,0.8644007508287724,0.0,484.0,485.0,485.0,1851.0,562.0,1912.559502115217,470.3804940761238,97.4396109904569,30.0,0.22937167808413506,0.8369981288909912,0.028901734104046242,1.0,0.9248554913294798,1.0,0.8713017939832169,577.0,749.0,173.0,173.0,1910.5,525.0,944.5222746476342,490.90659240552094,96.67075685791458,93.0,54.65832028457269,-2.059502115216901,54.619505923876204,1.0079533269163534,0.9714325666427612,0.9951003193855286,1.0,0.0,0.0,1.0,0.0,1.0
SNPT-063,0,4.0,0.04614865763211301,0.98326175773845,0.6746031746031746,1.0,0.9603174603174603,1.0,0.8276022336785755,371.0,531.0,161.0,126.0,15.5,696.5,7.96967404961042,586.2836010065744,121.5834069772674,,1.0,0.0,0.0,1.0,0.9841269841269841,1.0,0.8865613965761094,624.0,749.0,126.0,126.0,1911.5,405.5,1457.7827955801663,410.8472783411712,80.84467197171601,93.0,1912.0958166906023,1903.5303259503896,-180.78360100657437,1.5039136656996281,0.9350398778915405,0.9800155758857727,0.0,0.0,0.0,1.0,0.0,1.0
SNPT-063,0,5.0,0.012122479550241143,0.9973934862543555,0.3119266055045872,0.0,0.9495412844036697,1.0,0.8764938427767622,203.0,420.0,218.0,218.0,1906.5,584.0,1905.291512359876,538.9135395221028,98.09434221279331,,1.0,0.0,0.0,1.0,0.9333333333333333,1.0,0.8795326550801595,735.0,749.0,15.0,15.0,9.0,440.5,174.36631919346337,447.2440765392708,81.66671937818164,315.0,1898.8435229395218,-1896.291512359876,-98.41353952210284,1.2011544354872241,0.7572569847106934,0.9591610431671143,0.0,0.0,0.0,0.0,1.0,1.0
SNPT-063,0,9.0,0.1335661124321632,0.8988343256971111,0.1411042944785276,1.0,0.9815950920245399,1.0,0.8761012521258161,207.0,369.0,163.0,163.0,1912.5,587.5,1909.4031987830144,549.6227586626735,102.08958661888282,5.0,0.08505130171595904,0.9771235151724382,0.08088235294117647,0.0,1.0,1.0,0.8632075580603936,614.0,749.0,136.0,136.0,1899.5,511.0,1258.695305589683,508.9488383772091,100.29963898259042,245.0,39.872181190035484,-9.903198783014432,-38.622758662673505,1.0178460027817557,0.8342499732971191,0.961261510848999,0.0,1.0,1.0,0.0,1.0,1.0
SNPT-063,0,8.0,0.046984178294223966,0.9826927594840527,0.08602150537634409,1.0,1.0,1.0,0.8510818859582306,0.0,185.0,186.0,186.0,1032.5,547.0,13.075242251865593,557.4155942336707,108.15554792600908,5.0,0.012122479550241143,0.9973934862543555,0.3119266055045872,0.0,0.9495412844036697,1.0,0.8764938427767622,203.0,420.0,218.0,218.0,1906.5,584.0,1905.291512359876,538.9135395221028,98.09434221279331,18.0,1893.611376149692,1893.4247577481344,26.58440576632927,1.1025666260281382,0.8188197612762451,0.9670634269714355,0.0,1.0,1.0,0.0,1.0,1.0
SNPT-063,0,10.0,0.18639795133887674,0.9046279500270712,0.08787878787878788,1.0,1.0,1.0,0.8518807721860481,0.0,329.0,330.0,330.0,773.0,629.5,1911.1349152405458,948.3584880838041,142.1300595084623,,1.0,0.0,0.0,1.0,0.9,1.0,0.8765471518039704,740.0,749.0,10.0,10.0,7.5,422.0,68.76021983738434,423.4993353370106,77.79869544318476,411.0,1975.0643403445742,-1903.6349152405458,-526.3584880838041,1.8268951516321734,0.7236687541007996,0.9444469213485718,0.0,0.0,0.0,1.0,0.0,0.0
SNPT-063,0,44.0,0.04947634447372467,0.9858148059119349,0.22115384615384615,0.0,1.0,1.0,0.8411774365947797,0.0,207.0,208.0,208.0,1396.0,564.0,10.729096143507386,571.294854750437,105.32433256226493,,1.0,0.0,0.0,1.0,0.9,1.0,0.8765471518039704,740.0,749.0,10.0,10.0,7.5,422.0,68.76021983738434,423.4993353370106,77.79869544318476,533.0,149.32977170295985,-3.2290961435073857,-149.29485475043703,1.3538058956166141,0.7693008184432983,0.9650022387504578,0.0,0.0,0.0,0.0,1.0,0.0
SNPT-063,0,24.0,0.00037937505848769417,0.999968602002122,0.8506493506493507,1.0,0.9967532467532467,1.0,0.7757246538803175,318.0,625.0,308.0,308.0,16.0,917.0,10.345089501372644,904.3510454777054,168.11461785148535,33.0,0.5868193878377497,0.7448692470788956,0.0547945205479452,0.0,1.0,1.0,0.7827783969983663,677.0,749.0,73.0,73.0,1897.5,379.5,1657.460846805397,395.11553594676644,86.79672898771985,52.0,1958.7808137099266,1887.1549104986273,-524.8510454777054,1.9368773433301905,0.7511398196220398,0.874802827835083,0.0,1.0,0.0,0.0,1.0,1.0
SNPT-063,1,5.0,0.012122479550241143,0.9973934862543555,0.3119266055045872,0.0,0.9495412844036697,1.0,0.8764938427767622,203.0,420.0,218.0,218.0,1906.5,584.0,1905.291512359876,538.9135395221028,98.09434221279331,5.0,0.08505130171595904,0.9771235151724382,0.08088235294117647,0.0,1.0,1.0,0.8632075580603936,614.0,749.0,136.0,136.0,1899.5,511.0,1258.695305589683,508.9488383772091,100.29963898259042,194.0,28.508021749440854,-5.791512359875924,-27.913539522102838,0.9780129141822743,0.9559282064437866,0.9949861764907837,1.0,0.0,1.0,1.0,0.0,1.0
SNPT-063,0,44.0,0.014526007101012196,0.9928763220933351,0.584717607973422,0.0,1.0,1.0,0.8605881565036964,319.0,619.0,301.0,301.0,12.0,602.5,10.59302037817509,585.8527373663921,105.83625068031712,33.0,0.5868193878377497,0.7448692470788956,0.0547945205479452,0.0,1.0,1.0,0.7827783969983663,677.0,749.0,73.0,73.0,1897.5,379.5,1657.460846805397,395.11553594676644,86.79672898771985,58.0,1898.1568433520347,1886.9069796218248,-206.35273736639215,1.2193575946311412,0.7833908796310425,0.9657531976699829,0.0,1.0,0.0,1.0,0.0,1.0
SNPT-063,0,4.0,0.04614865763211301,0.98326175773845,0.6746031746031746,1.0,0.9603174603174603,1.0,0.8276022336785755,371.0,531.0,161.0,126.0,15.5,696.5,7.96967404961042,586.2836010065744,121.5834069772674,10.0,0.04041388847790473,0.9771949690930983,0.6854838709677419,1.0,1.0,1.0,0.8467652163197917,626.0,749.0,124.0,124.0,1895.0,954.5,947.8237306238125,752.9455596172318,174.44621791528687,95.0,1922.6197667620397,1887.0303259503896,368.2163989934256,0.6969678588062582,0.8870847821235657,0.9741218090057373,0.0,1.0,1.0,1.0,0.0,1.0
SNPT-063,0,4.0,0.04614865763211301,0.98326175773845,0.6746031746031746,1.0,0.9603174603174603,1.0,0.8276022336785755,371.0,531.0,161.0,126.0,15.5,696.5,7.96967404961042,586.2836010065744,121.5834069772674,,1.0,0.0,0.0,0.0,1.0,1.0,0.8635674067538419,611.0,749.0,139.0,139.0,1902.0,367.5,1085.9361001708396,410.4210349922752,88.19317081370782,80.0,1906.6245408284094,1894.0303259503896,-218.78360100657437,1.3786034208259779,0.7762782573699951,0.9413021802902222,0.0,0.0,0.0,0.0,1.0,1.0
SNPT-064,0,5.0,0.013899947398840595,0.8988951178821357,0.11635220125786164,0.0,0.7578616352201258,1.0,0.8279610368065864,0.0,317.0,318.0,318.0,260.0,590.5,7.250679743054892,653.4221172858565,109.64443509039896,10.0,0.030282709792663808,0.9934573769569397,0.021645021645021644,1.0,1.0,1.0,0.7745260898168985,517.0,749.0,233.0,231.0,1898.0,596.0,1353.020275501991,430.79132731294646,48.182283049371755,200.0,1891.621075058557,1890.749320256945,-57.42211728585653,2.2756172632593548,0.8524230718612671,0.9537626504898071,0.0,1.0,1.0,0.0,1.0,0.0
SNPT-064,0,15.0,0.0067702911983919,0.9912462260574102,0.46511627906976744,1.0,0.9108527131782945,1.0,0.7831691554350446,0.0,523.0,524.0,516.0,1339.0,511.5,1217.0059353510865,427.87567894954975,113.20868074746774,,1.0,0.0,0.0,1.0,1.0,1.0,0.762419764484678,531.0,749.0,219.0,182.0,1898.5,517.0,1899.2050935438929,487.854234548417,56.54947729239177,8.0,687.297100790045,681.4940646489135,89.12432105045025,2.001940356797939,0.897081196308136,0.9597143530845642,0.0,0.0,0.0,1.0,0.0,1.0
SNPT-064,0,5.0,0.013899947398840595,0.8988951178821357,0.11635220125786164,0.0,0.7578616352201258,1.0,0.8279610368065864,0.0,317.0,318.0,318.0,260.0,590.5,7.250679743054892,653.4221172858565,109.64443509039896,,1.0,0.0,0.0,1.0,1.0,1.0,0.762419764484678,531.0,749.0,219.0,182.0,1898.5,517.0,1899.2050935438929,487.854234548417,56.54947729239177,214.0,1896.1632275353072,1891.249320256945,-136.42211728585653,1.9389115574575018,0.8066573739051819,0.9412418603897095,0.0,0.0,0.0,0.0,1.0,0.0
SNPT-064,0,28.0,0.0003050899609791356,0.9999685542924064,0.08235294117647059,0.0,0.9882352941176471,1.0,0.8314546029707964,0.0,424.0,425.0,425.0,1173.0,427.0,1912.9814976342022,566.1257961224336,87.48024473116357,,1.0,0.0,0.0,0.0,0.9388646288209607,1.0,0.7970197820247,521.0,749.0,229.0,229.0,1907.0,442.5,1799.850684363074,523.3828250146696,54.08433225204748,97.0,123.77041561234851,-5.981497634202242,-123.6257961224336,1.617478502341162,0.9045138359069824,0.9686641097068787,0.0,0.0,0.0,1.0,0.0,1.0
SNPT-064,1,5.0,0.013899947398840595,0.8988951178821357,0.11635220125786164,0.0,0.7578616352201258,1.0,0.8279610368065864,0.0,317.0,318.0,318.0,260.0,590.5,7.250679743054892,653.4221172858565,109.64443509039896,24.0,0.04048427002689796,0.9674788305481661,0.27466666666666667,0.0,0.8773333333333333,1.0,0.8028687105178833,375.0,749.0,375.0,375.0,11.5,653.0,853.293454378533,694.1781293466643,95.71544240000976,58.0,4.270234847066718,4.249320256945108,-0.42211728585652963,1.1455250306651434,0.9571579694747925,0.9805541038513184,0.0,1.0,1.0,1.0,0.0,0.0
SNPT-064,0,50.0,0.00027567138778977095,0.9999765987396241,0.9689922480620154,1.0,1.0,1.0,0.7432182602180067,0.0,128.0,129.0,129.0,1793.5,637.0,1912.3231630613689,664.0994091915463,118.63328256419753,27.0,0.1419643981498666,0.9120673726905476,0.048672566371681415,1.0,0.9911504424778761,1.0,0.8124570313808137,524.0,749.0,226.0,226.0,891.5,465.0,880.7447167231711,469.02004635777615,55.74945415319168,396.0,1040.0579334744007,-1020.8231630613689,-199.09940919154633,2.1279720916766274,0.8138012290000916,0.9333509206771851,0.0,1.0,1.0,1.0,0.0,1.0
SNPT-064,0,4.0,0.023176933711287005,0.9826644108213227,0.36159600997506236,1.0,1.0,1.0,0.8399684024867868,0.0,400.0,401.0,401.0,1444.5,518.0,1911.9272805824207,591.1900309426319,106.54143159807079,,1.0,0.0,0.0,0.0,0.9568965517241379,1.0,0.8030863417119816,518.0,749.0,232.0,232.0,963.0,466.5,826.1300419216591,517.5008754254352,57.029796291879755,118.0,957.0844203360657,-948.9272805824207,-124.69003094263189,1.8681713512141862,0.6864912509918213,0.9605482816696167,0.0,0.0,0.0,0.0,1.0,1.0
SNPT-064,0,50.0,0.00027567138778977095,0.9999765987396241,0.9689922480620154,1.0,1.0,1.0,0.7432182602180067,0.0,128.0,129.0,129.0,1793.5,637.0,1912.3231630613689,664.0994091915463,118.63328256419753,4.0,0.013629626409655952,0.997303085124239,0.2079646017699115,1.0,1.0,1.0,0.8098306157420166,524.0,749.0,226.0,226.0,1503.0,535.0,1187.494328272408,551.2278263570269,63.33904635220065,396.0,429.19938172389095,-409.32316306136886,-129.09940919154633,1.8729881391729502,0.7699406147003174,0.9384626150131226,0.0,1.0,1.0,1.0,0.0,1.0
SNPT-064,0,50.0,0.003239048355045044,0.9994289525469443,0.8866666666666667,1.0,1.0,1.0,0.7957677563031514,224.0,373.0,150.0,150.0,1913.5,682.0,1906.5953391911814,680.5363610216173,127.20444559746437,,1.0,0.0,0.0,1.0,1.0,0.002688172043010753,0.5164193871521181,378.0,749.0,372.0,372.0,11.0,495.0,140.99315497572576,507.88608986751586,81.08306420581233,5.0,1904.6536249996936,-1895.5953391911814,-185.53636102161727,1.5688164580778865,0.6149225234985352,0.9164618253707886,0.0,0.0,0.0,1.0,0.0,1.0
SNPT-064,0,30.0,0.02480975792831468,0.9905950686719158,0.25440806045340053,0.0,0.9974811083123426,1.0,0.8328666114987294,0.0,396.0,397.0,397.0,1367.0,478.0,1852.7570762631076,461.5063428258059,86.73563810752891,50.0,0.0007175699287992237,0.9999339404560271,0.4772727272727273,1.0,1.0,1.0,0.8391847550868988,530.0,749.0,220.0,220.0,1907.5,630.0,1773.1656565096791,629.8817925104242,73.43768892362334,134.0,177.16348440691175,54.74292373689241,168.49365717419408,1.1810779911352562,0.7434370517730713,0.9674885272979736,0.0,1.0,1.0,0.0,1.0,1.0
SNPT-064,0,36.0,0.0009404451067728752,0.9999147057533264,0.03081232492997199,1.0,1.0,1.0,0.8286508356823641,0.0,377.0,378.0,357.0,1755.0,432.5,1890.544933330757,574.9421171010304,104.09264446610601,27.0,0.1419643981498666,0.9120673726905476,0.048672566371681415,1.0,0.9911504424778761,1.0,0.8124570313808137,524.0,749.0,226.0,226.0,891.5,465.0,880.7447167231711,469.02004635777615,55.74945415319168,147.0,1005.0761403627654,-999.044933330757,-109.94211710103036,1.8671509173896847,0.8887585401535034,0.9724912047386169,0.0,1.0,1.0,1.0,0.0,1.0
SNPT-064,1,28.0,0.0003050899609791356,0.9999685542924064,0.08235294117647059,0.0,0.9882352941176471,1.0,0.8314546029707964,0.0,424.0,425.0,425.0,1173.0,427.0,1912.9814976342022,566.1257961224336,87.48024473116357,,1.0,0.0,0.0,0.0,0.8940677966101694,1.0,0.7322613099368952,514.0,749.0,236.0,236.0,1880.0,420.0,1400.14423767261,388.9546200549052,39.24981687890623,90.0,149.80162708932744,-32.98149763420224,-146.1257961224336,2.228806442614959,0.8426569104194641,0.9515104293823242,0.0,0.0,0.0,1.0,0.0,0.0
SNPT-064,1,50.0,0.00027567138778977095,0.9999765987396241,0.9689922480620154,1.0,1.0,1.0,0.7432182602180067,0.0,128.0,129.0,129.0,1793.5,637.0,1912.3231630613689,664.0994091915463,118.63328256419753,50.0,0.0007175699287992237,0.9999339404560271,0.4772727272727273,1.0,1.0,1.0,0.8391847550868988,530.0,749.0,220.0,220.0,1907.5,630.0,1773.1656565096791,629.8817925104242,73.43768892362334,402.0,34.43882415427489,-4.823163061368859,-34.09940919154633,1.6154277769767307,0.8942571878433228,0.9348400831222534,1.0,0.0,1.0,1.0,0.0,1.0
SNPT-064,1,36.0,0.0009404451067728752,0.9999147057533264,0.03081232492997199,1.0,1.0,1.0,0.8286508356823641,0.0,377.0,378.0,357.0,1755.0,432.5,1890.544933330757,574.9421171010304,104.09264446610601,,1.0,0.0,0.0,1.0,1.0,1.0,0.762419764484678,531.0,749.0,219.0,182.0,1898.5,517.0,1899.2050935438929,487.854234548417,56.54947729239177,154.0,58.48565653099584,7.955066669243024,-57.94211710103036,1.8407357494728027,0.9341413378715515,0.9486079216003418,0.0,0.0,0.0,1.0,0.0,1.0
SNPT-064,1,4.0,0.023176933711287005,0.9826644108213227,0.36159600997506236,1.0,1.0,1.0,0.8399684024867868,0.0,400.0,401.0,401.0,1444.5,518.0,1911.9272805824207,591.1900309426319,106.54143159807079,4.0,0.013629626409655952,0.997303085124239,0.2079646017699115,1.0,1.0,1.0,0.8098306157420166,524.0,749.0,226.0,226.0,1503.0,535.0,1187.494328272408,551.2278263570269,63.33904635220065,124.0,412.76971834410017,-408.92728058242074,-56.19003094263189,1.6820813973996487,0.9346156120300293,0.9904037714004517,1.0,0.0,1.0,1.0,0.0,1.0
SNPT-064,0,8.0,0.06246412037807368,0.9656272021523358,0.26145038167938933,0.0,0.9255725190839694,1.0,0.8332292346553948,0.0,523.0,524.0,524.0,545.0,514.5,1076.1492651260526,475.88737720535624,110.96975167748955,4.0,0.013629626409655952,0.997303085124239,0.2079646017699115,1.0,1.0,1.0,0.8098306157420166,524.0,749.0,226.0,226.0,1503.0,535.0,1187.494328272408,551.2278263570269,63.33904635220065,1.0,430.92441568805407,426.85073487394743,59.112622794643755,1.7519959340788849,0.8049771785736084,0.9633899927139282,0.0,1.0,1.0,0.0,1.0,1.0
SNPT-064,0,8.0,0.03775266522188758,0.9617160834917208,0.09490740740740741,1.0,1.0,1.0,0.8405433021209858,0.0,431.0,432.0,432.0,1685.0,490.0,1911.4380949029355,744.8072830479983,112.11148731953566,,1.0,0.0,0.0,1.0,1.0,1.0,0.7637782237109016,469.0,749.0,281.0,238.0,1909.5,537.0,1552.9086763879532,526.8315167710758,63.33345468538785,38.0,207.81632058056385,-1.938094902935518,-207.80728304799834,1.770177986917896,0.9476108551025391,0.9743867516517639,0.0,0.0,0.0,1.0,0.0,1.0
SNPT-064,1,50.0,0.00027567138778977095,0.9999765987396241,0.9689922480620154,1.0,1.0,1.0,0.7432182602180067,0.0,128.0,129.0,129.0,1793.5,637.0,1912.3231630613689,664.0994091915463,118.63328256419753,50.0,0.003239048355045044,0.9994289525469443,0.8866666666666667,1.0,1.0,1.0,0.7957677563031514,224.0,373.0,150.0,150.0,1913.5,682.0,1906.5953391911814,680.5363610216173,127.20444559746437,96.0,17.939233441588932,1.1768369386311406,17.90059080845367,0.9326189977637253,0.9524194002151489,0.9816011190414429,1.0,0.0,1.0,1.0,0.0,1.0
SNPT-064,0,4.0,0.023176933711287005,0.9826644108213227,0.36159600997506236,1.0,1.0,1.0,0.8399684024867868,0.0,400.0,401.0,401.0,1444.5,518.0,1911.9272805824207,591.1900309426319,106.54143159807079,,1.0,0.0,0.0,1.0,1.0,1.0,0.7637782237109016,469.0,749.0,281.0,238.0,1909.5,537.0,1552.9086763879532,526.8315167710758,63.33345468538785,69.0,54.24436509527232,-2.4272805824207353,-54.19003094263189,1.682229907200243,0.7850219011306763,0.9634401202201843,0.0,0.0,0.0,1.0,0.0,1.0
SNPT-064,0,,1.0,0.0,0.0,1.0,0.9948051948051948,1.0,0.8527810912627678,0.0,399.0,400.0,385.0,1591.5,412.5,1908.637773555764,466.58559125398017,81.43496603417309,,1.0,0.0,0.0,0.0,0.9568965517241379,1.0,0.8030863417119816,518.0,749.0,232.0,232.0,963.0,466.5,826.1300419216591,517.5008754254352,57.029796291879755,119.0,945.6377774292675,-945.6377735557639,-0.08559125398016931,1.427937171954589,0.7772672772407532,0.9558404684066772,0.0,0.0,0.0,0.0,1.0,1.0
SNPT-064,0,5.0,0.0004573086470954723,0.9999310288388851,0.7515923566878981,1.0,0.9872611464968153,1.0,0.7111677844433268,0.0,322.0,323.0,314.0,583.5,602.0,6.4325887421533094,696.9705667053396,124.00682851954225,50.0,0.0007175699287992237,0.9999339404560271,0.4772727272727273,1.0,1.0,1.0,0.8391847550868988,530.0,749.0,220.0,220.0,1907.5,630.0,1773.1656565096791,629.8817925104242,73.43768892362334,208.0,1902.2466609121554,1901.0674112578467,-66.97056670533959,1.6885992783421033,0.8094041347503662,0.9378878474235535,0.0,1.0,1.0,1.0,0.0,1.0
SNPT-064,0,8.0,0.06246412037807368,0.9656272021523358,0.26145038167938933,0.0,0.9255725190839694,1.0,0.8332292346553948,0.0,523.0,524.0,524.0,545.0,514.5,1076.1492651260526,475.88737720535624,110.96975167748955,27.0,0.1419643981498666,0.9120673726905476,0.048672566371681415,1.0,0.9911504424778761,1.0,0.8124570313808137,524.0,749.0,226.0,226.0,891.5,465.0,880.7447167231711,469.02004635777615,55.74945415319168,1.0,184.9699599772973,-184.64926512605257,-10.887377205356245,1.99050830834254,0.8789921402931213,0.9639719724655151,0.0,1.0,1.0,0.0,1.0,1.0
SNPT-064,0,,1.0,0.0,0.0,1.0,0.9948051948051948,1.0,0.8527810912627678,0.0,399.0,400.0,385.0,1591.5,412.5,1908.637773555764,466.58559125398017,81.43496603417309,10.0,0.030282709792663808,0.9934573769569397,0.021645021645021644,1.0,1.0,1.0,0.7745260898168985,517.0,749.0,233.0,231.0,1898.0,596.0,1353.020275501991,430.79132731294646,48.182283049371755,118.0,129.85088146526232,-10.637773555763943,129.41440874601983,1.6901433655754283,0.94721519947052,0.984567403793335,0.0,0.0,0.0,1.0,0.0,1.0
SNPT-064,0,50.0,0.003239048355045044,0.9994289525469443,0.8866666666666667,1.0,1.0,1.0,0.7957677563031514,224.0,373.0,150.0,150.0,1913.5,682.0,1906.5953391911814,680.5363610216173,127.20444559746437,10.0,0.030282709792663808,0.9934573769569397,0.021645021645021644,1.0,1.0,1.0,0.7745260898168985,517.0,749.0,233.0,231.0,1898.0,596.0,1353.020275501991,430.79132731294646,48.182283049371755,144.0,84.97220834242611,-8.595339191181438,-84.53636102161727,2.64006679523923,0.8437439203262329,0.9550302028656006,0.0,1.0,1.0,1.0,0.0,1.0
SNPT-064,0,,1.0,0.0,0.0,1.0,0.9948051948051948,1.0,0.8527810912627678,0.0,399.0,400.0,385.0,1591.5,412.5,1908.637773555764,466.58559125398017,81.43496603417309,4.0,0.013629626409655952,0.997303085124239,0.2079646017699115,1.0,1.0,1.0,0.8098306157420166,524.0,749.0,226.0,226.0,1503.0,535.0,1187.494328272408,551.2278263570269,63.33904635220065,125.0,411.36666692786946,-405.63777355576394,68.41440874601983,1.285699275946609,0.8705663681030273,0.9868874549865723,0.0,0.0,0.0,1.0,0.0,1.0
SNPT-064,0,5.0,0.0004573086470954723,0.9999310288388851,0.7515923566878981,1.0,0.9872611464968153,1.0,0.7111677844433268,0.0,322.0,323.0,314.0,583.5,602.0,6.4325887421533094,696.9705667053396,124.00682851954225,5.0,0.041339053520444695,0.9805756798014045,0.17777777777777778,1.0,0.9888888888888889,1.0,0.8197913689745797,378.0,749.0,372.0,360.0,9.0,614.0,1889.5723628674614,576.1153651488785,94.34824423838994,56.0,83.0102797246951,2.5674112578466906,-82.97056670533959,1.3143522650640314,0.9749701619148254,0.9438631534576416,1.0,0.0,1.0,1.0,0.0,1.0
SNPT-064,0,5.0,0.013899947398840595,0.8988951178821357,0.11635220125786164,0.0,0.7578616352201258,1.0,0.8279610368065864,0.0,317.0,318.0,318.0,260.0,590.5,7.250679743054892,653.4221172858565,109.64443509039896,5.0,0.041339053520444695,0.9805756798014045,0.17777777777777778,1.0,0.9888888888888889,1.0,0.8197913689745797,378.0,749.0,372.0,360.0,9.0,614.0,1889.5723628674614,576.1153651488785,94.34824423838994,61.0,39.460910438827774,1.7493202569451078,-39.42211728585653,1.1621248066191894,0.850074827671051,0.9679742455482483,1.0,0.0,1.0,0.0,1.0,0.0
SNPT-064,1,50.0,0.003239048355045044,0.9994289525469443,0.8866666666666667,1.0,1.0,1.0,0.7957677563031514,224.0,373.0,150.0,150.0,1913.5,682.0,1906.5953391911814,680.5363610216173,127.20444559746437,50.0,0.0007175699287992237,0.9999339404560271,0.4772727272727273,1.0,1.0,1.0,0.8391847550868988,530.0,749.0,220.0,220.0,1907.5,630.0,1773.1656565096791,629.8817925104242,73.43768892362334,157.0,50.544457623821124,0.9046608088185621,-50.53636102161727,1.7321411861116645,0.9344791769981384,0.9735416173934937,1.0,0.0,1.0,1.0,0.0,1.0
SNPT-065,0,10.0,0.07079125286545604,0.9714859994975004,0.08661417322834646,0.0,0.952755905511811,1.0,0.8309761473513025,357.0,522.0,166.0,127.0,793.0,545.5,1887.2934013876588,510.49803089999386,92.47335826691912,,1.0,0.0,0.0,0.0,1.0,1.0,0.8494256777763367,625.0,749.0,125.0,125.0,1896.5,385.0,1356.5689218289558,409.78665756994576,132.02766466337948,103.0,125.83527811303385,9.206598612341168,-125.49803089999386,0.7004089521896123,0.7228037714958191,0.9682384729385376,0.0,0.0,0.0,1.0,0.0,1.0
SNPT-065,0,27.0,0.0012874178276994846,0.9998657037603095,0.3533834586466165,1.0,1.0,1.0,0.8653539383321777,0.0,265.0,266.0,266.0,1058.0,502.0,13.134160238080732,526.639513385808,78.11158676355353,4.0,0.0611669496764255,0.9613594840402189,0.5609756097560976,0.0,0.9817073170731707,1.0,0.8737472488385875,395.0,558.0,164.0,164.0,5.0,583.5,10.94299520653869,563.6515702378166,103.33491250749347,130.0,57.43935498228967,-8.134160238080732,56.86048661419204,0.7559070295616611,0.81944739818573,0.9553323984146118,0.0,1.0,1.0,0.0,1.0,1.0
SNPT-065,0,30.0,0.09163688638219379,0.9471712736196296,0.16962524654832348,0.0,0.9901380670611439,1.0,0.8495288786333224,0.0,513.0,514.0,507.0,1628.5,514.0,1901.0087385226961,560.6636575361531,79.04023196712554,,1.0,0.0,0.0,0.0,1.0,1.0,0.8494256777763367,625.0,749.0,125.0,125.0,1896.5,385.0,1356.5689218289558,409.78665756994576,132.02766466337948,112.0,175.72151064125563,-4.508738522696149,-175.6636575361531,0.5986641676094793,0.7618389129638672,0.9759964346885681,0.0,0.0,0.0,1.0,0.0,1.0
SNPT-065,0,10.0,0.1275146205443889,0.8971987167994181,0.00949367088607595,1.0,1.0,1.0,0.8322621798968013,0.0,315.0,316.0,316.0,1310.0,452.0,5.633389472999211,415.7483905040543,65.3272471147978,30.0,0.004203111161389287,0.9670758297046026,1.0,0.0,1.0,1.0,0.6862883935372035,690.0,749.0,60.0,60.0,1878.0,474.5,1791.5879422040775,450.4116422106075,134.26849581860452,375.0,1873.2881454369835,1872.3666105270008,58.75160949594567,0.4865418854699489,0.7941867113113403,0.7986739873886108,0.0,1.0,1.0,0.0,1.0,1.0
SNPT-065,1,4.0,0.4449442139427577,0.76902735145653,0.13438735177865613,0.0,0.9960474308300395,1.0,0.8897348788415962,0.0,252.0,253.0,253.0,944.5,571.0,12.49365531036523,555.721262652457,80.54702398101148,4.0,0.0611669496764255,0.9613594840402189,0.5609756097560976,0.0,0.9817073170731707,1.0,0.8737472488385875,395.0,558.0,164.0,164.0,5.0,583.5,10.94299520653869,563.6515702378166,103.33491250749347,143.0,28.771741666683074,-7.493655310365231,27.77873734754303,0.7794754166475004,0.9417912364006042,0.9781229496002197,1.0,0.0,0.0,1.0,0.0,1.0
SNPT-065,0,5.0,2.724134016248307e-05,0.9999979887858476,0.9483568075117371,1.0,1.0,1.0,0.8613310182038607,0.0,212.0,213.0,213.0,1732.0,562.0,1913.7233671528822,621.868259066423,70.41227137523975,10.0,0.07079125286545604,0.9714859994975004,0.08661417322834646,0.0,0.952755905511811,1.0,0.8309761473513025,357.0,522.0,166.0,127.0,793.0,545.5,1887.2934013876588,510.49803089999386,92.47335826691912,145.0,1123.3222942127209,-1120.7233671528822,-76.36825906642298,0.7614330515822592,0.8593363761901855,0.9571902751922607,0.0,1.0,1.0,0.0,1.0,1.0
SNPT-065,0,5.0,2.724134016248307e-05,0.9999979887858476,0.9483568075117371,1.0,1.0,1.0,0.8613310182038607,0.0,212.0,213.0,213.0,1732.0,562.0,1913.7233671528822,621.868259066423,70.41227137523975,24.0,0.06622742884006795,0.956993625249738,0.7611940298507462,0.0,1.0,1.0,0.8591555012992366,381.0,581.0,201.0,201.0,35.0,742.0,21.586739944829446,829.5127679928904,131.0596707735701,169.0,1882.560258123494,-1878.7233671528822,120.13174093357702,0.5372535346658243,0.8156740665435791,0.9471983909606934,0.0,1.0,1.0,0.0,1.0,1.0
SNPT-065,0,24.0,0.06622742884006795,0.956993625249738,0.7611940298507462,0.0,1.0,1.0,0.8591555012992366,381.0,581.0,201.0,201.0,35.0,742.0,21.586739944829446,829.5127679928904,131.0596707735701,36.0,0.0013432301188345264,0.9998720586299896,0.15841584158415842,1.0,1.0,1.0,0.8237409326109556,649.0,749.0,101.0,101.0,1892.0,385.5,1539.7572843306039,382.2422115268747,121.7845927951671,68.0,1922.392546159842,1870.4132600551707,-444.0127679928904,1.0761596993964828,0.698116660118103,0.9373574256896973,0.0,1.0,1.0,0.0,1.0,1.0
SNPT-065,0,27.0,0.0012874178276994846,0.9998657037603095,0.3533834586466165,1.0,1.0,1.0,0.8653539383321777,0.0,265.0,266.0,266.0,1058.0,502.0,13.134160238080732,526.639513385808,78.11158676355353,,1.0,0.0,0.0,0.0,1.0,1.0,0.8494256777763367,625.0,749.0,125.0,125.0,1896.5,385.0,1356.5689218289558,409.78665756994576,132.02766466337948,360.0,1888.68436699579,1883.3658397619192,-141.63951338580796,0.5916304508052042,0.7723076939582825,0.9445809125900269,0.0,0.0,0.0,0.0,1.0,1.0
SNPT-065,1,8.0,0.0005564186856504697,0.9999438517660068,0.34674329501915707,1.0,0.9885057471264368,1.0,0.847059223044421,0.0,521.0,522.0,522.0,1655.5,498.0,1897.612066835684,510.56892057118273,76.14941027767522,30.0,0.0068641471055646735,0.9447885834508472,0.5901639344262295,0.0,0.6557377049180327,1.0,0.7814456879115496,689.0,749.0,61.0,61.0,1906.5,458.0,1742.8379871708494,447.5822779174881,138.4877720515001,168.0,53.314976938498894,8.88793316431611,-52.56892057118273,0.5498637832758057,0.9212234020233154,0.9478721618652344,0.0,1.0,1.0,0.0,1.0,0.0
SNPT-065,0,9.0,0.05072084856895096,0.9550952315330505,0.13020833333333334,0.0,0.9661458333333334,1.0,0.8398614004254341,0.0,383.0,384.0,384.0,1786.0,503.0,1897.8082165710075,527.6540952273964,70.52758089304645,36.0,0.0013432301188345264,0.9998720586299896,0.15841584158415842,1.0,1.0,1.0,0.8237409326109556,649.0,749.0,101.0,101.0,1892.0,385.5,1539.7572843306039,382.2422115268747,121.7845927951671,266.0,142.2727035297193,-5.808216571007506,-142.1540952273964,0.5791174341048934,0.7538243532180786,0.9599202871322632,0.0,1.0,1.0,0.0,1.0,1.0
SNPT-065,1,25.0,0.04848271131186266,0.9922452211380005,0.03125,0.0,0.99375,1.0,0.8845056496560574,378.0,539.0,162.0,160.0,708.0,475.5,1907.7857017409888,420.31648094328636,78.86702729928318,,1.0,0.0,0.0,0.0,1.0,1.0,0.8494256777763367,625.0,749.0,125.0,125.0,1896.5,385.0,1356.5689218289558,409.78665756994576,132.02766466337948,86.0,37.07588016492752,-11.28570174098877,-35.316480943286365,0.5973522859800953,0.8627216815948486,0.9701700210571289,0.0,0.0,0.0,1.0,0.0,1.0
SNPT-065,0,10.0,0.1275146205443889,0.8971987167994181,0.00949367088607595,1.0,1.0,1.0,0.8322621798968013,0.0,315.0,316.0,316.0,1310.0,452.0,5.633389472999211,415.7483905040543,65.3272471147978,10.0,0.00010772680931646998,0.9999925374984742,1.0,0.0,1.0,1.0,0.8576383034388224,735.0,749.0,15.0,15.0,1883.0,622.0,1797.067591091441,613.2229284769489,168.67630527808052,420.0,1888.6622558682398,1877.3666105270008,206.25160949594567,0.3872935621105703,0.7967721223831177,0.8843761682510376,1.0,0.0,1.0,0.0,1.0,1.0
SNPT-065,0,24.0,0.001996957258143084,0.9859734023770979,0.11191335740072202,0.0,0.9205776173285198,1.0,0.859963965329883,0.0,276.0,277.0,277.0,1277.5,615.5,7.248575286214777,686.6117565238073,88.38394855651227,,1.0,0.0,0.0,1.0,0.9861111111111112,1.0,0.8280457415514522,332.0,403.0,72.0,72.0,1871.5,488.0,1913.1134547933334,525.2018247319209,79.84570816325676,56.0,1874.801323974583,1864.2514247137851,-198.61175652380734,1.1069342434260558,0.716310977935791,0.9384890198707581,0.0,0.0,0.0,0.0,1.0,1.0
SNPT-065,0,10.0,0.07079125286545604,0.9714859994975004,0.08661417322834646,0.0,0.952755905511811,1.0,0.8309761473513025,357.0,522.0,166.0,127.0,793.0,545.5,1887.2934013876588,510.49803089999386,92.47335826691912,30.0,0.004203111161389287,0.9670758297046026,1.0,0.0,1.0,1.0,0.6862883935372035,690.0,749.0,60.0,60.0,1878.0,474.5,1791.5879422040775,450.4116422106075,134.26849581860452,168.0,37.178293909606076,-9.293401387658832,-35.998030899993864,0.6887197007989854,0.8433235883712769,0.8347419500350952,0.0,1.0,1.0,1.0,0.0,1.0
SNPT-065,1,10.0,0.1275146205443889,0.8971987167994181,0.00949367088607595,1.0,1.0,1.0,0.8322621798968013,0.0,315.0,316.0,316.0,1310.0,452.0,5.633389472999211,415.7483905040543,65.3272471147978,10.0,0.042269434554823834,0.9851757278207873,0.1622340425531915,1.0,0.9787234042553191,1.0,0.8356148868482164,374.0,749.0,376.0,376.0,24.0,477.5,1076.8914164102023,365.49897472090413,91.14481356769386,59.0,64.42510114536339,18.366610527000788,61.75160949594567,0.7167412445940088,0.8958689570426941,0.9712098836898804,1.0,0.0,1.0,1.0,0.0,1.0
SNPT-065,0,,1.0,0.0,0.0,0.0,0.9468085106382979,1.0,0.8290214579790196,0.0,375.0,376.0,376.0,1491.5,474.5,659.7222421517982,475.4211599167778,69.66860549817535,3.0,0.027823384717555234,0.9955850177341037,0.16463414634146342,0.0,1.0,1.0,0.8624953758425828,389.0,583.0,195.0,164.0,19.0,485.0,15.6602567996232,370.985244804933,83.85837859923656,14.0,640.7938402991773,-640.7222421517982,9.57884008322219,0.8307888449778542,0.8465762138366699,0.985593318939209,0.0,0.0,0.0,1.0,0.0,1.0
SNPT-065,0,5.0,2.724134016248307e-05,0.9999979887858476,0.9483568075117371,1.0,1.0,1.0,0.8613310182038607,0.0,212.0,213.0,213.0,1732.0,562.0,1913.7233671528822,621.868259066423,70.41227137523975,10.0,0.042269434554823834,0.9851757278207873,0.1622340425531915,1.0,0.9787234042553191,1.0,0.8356148868482164,374.0,749.0,376.0,376.0,24.0,477.5,1076.8914164102023,365.49897472090413,91.14481356769386,162.0,1895.2299592897682,-1889.7233671528822,-144.36825906642298,0.772531849252663,0.8830866813659668,0.9737725257873535,0.0,1.0,1.0,1.0,0.0,1.0
SNPT-065,1,30.0,0.09163688638219379,0.9471712736196296,0.16962524654832348,0.0,0.9901380670611439,1.0,0.8495288786333224,0.0,513.0,514.0,507.0,1628.5,514.0,1901.0087385226961,560.6636575361531,79.04023196712554,30.0,0.004203111161389287,0.9670758297046026,1.0,0.0,1.0,1.0,0.6862883935372035,690.0,749.0,60.0,60.0,1878.0,474.5,1791.5879422040775,450.4116422106075,134.26849581860452,177.0,89.18283426990462,-23.00873852269615,-86.1636575361531,0.5886729532883734,0.9336400628089905,0.8650182485580444,1.0,0.0,1.0,1.0,0.0,1.0
SNPT-065,0,27.0,0.0012874178276994846,0.9998657037603095,0.3533834586466165,1.0,1.0,1.0,0.8653539383321777,0.0,265.0,266.0,266.0,1058.0,502.0,13.134160238080732,526.639513385808,78.11158676355353,25.0,0.04848271131186266,0.9922452211380005,0.03125,0.0,0.99375,1.0,0.8845056496560574,378.0,539.0,162.0,160.0,708.0,475.5,1907.7857017409888,420.31648094328636,78.86702729928318,113.0,696.7451364002295,694.8658397619192,-51.13951338580796,0.9904213387825191,0.800227165222168,0.9731428027153015,0.0,1.0,1.0,0.0,1.0,1.0
SNPT-065,1,5.0,2.724134016248307e-05,0.9999979887858476,0.9483568075117371,1.0,1.0,1.0,0.8613310182038607,0.0,212.0,213.0,213.0,1732.0,562.0,1913.7233671528822,621.868259066423,70.41227137523975,5.0,0.009118164048784919,0.996895786878225,0.3008130081300813,1.0,0.983739837398374,1.0,0.8679048089477105,213.0,509.0,297.0,246.0,1856.5,612.0,1908.079412876075,520.1151658396813,89.28527819444932,1.0,58.06803152609534,-57.22336715288225,-9.86825906642298,0.7886212912042776,0.9616045951843262,0.9794105291366577,1.0,0.0,1.0,1.0,0.0,1.0
SNPT-065,0,9.0,0.05072084856895096,0.9550952315330505,0.13020833333333334,0.0,0.9661458333333334,1.0,0.8398614004254341,0.0,383.0,384.0,384.0,1786.0,503.0,1897.8082165710075,527.6540952273964,70.52758089304645,30.0,0.0068641471055646735,0.9447885834508472,0.5901639344262295,0.0,0.6557377049180327,1.0,0.7814456879115496,689.0,749.0,61.0,61.0,1906.5,458.0,1742.8379871708494,447.5822779174881,138.4877720515001,306.0,70.194302340886,8.691783428992494,-69.6540952273964,0.5092693733770157,0.8955610990524292,0.9600176811218262,0.0,1.0,1.0,1.0,0.0,0.0
SNPT-065,1,,1.0,0.0,0.0,0.0,0.9468085106382979,1.0,0.8290214579790196,0.0,375.0,376.0,376.0,1491.5,474.5,659.7222421517982,475.4211599167778,69.66860549817535,25.0,0.04848271131186266,0.9922452211380005,0.03125,0.0,0.99375,1.0,0.8845056496560574,378.0,539.0,162.0,160.0,708.0,475.5,1907.7857017409888,420.31648094328636,78.86702729928318,3.0,48.277822223131906,48.27775784820176,0.0788400832221896,0.8833679661057615,0.9321559071540833,0.9822100400924683,0.0,0.0,0.0,1.0,0.0,1.0
SNPT-065,0,27.0,0.0012874178276994846,0.9998657037603095,0.3533834586466165,1.0,1.0,1.0,0.8653539383321777,0.0,265.0,266.0,266.0,1058.0,502.0,13.134160238080732,526.639513385808,78.11158676355353,10.0,0.042269434554823834,0.9851757278207873,0.1622340425531915,1.0,0.9787234042553191,1.0,0.8356148868482164,374.0,749.0,376.0,376.0,24.0,477.5,1076.8914164102023,365.49897472090413,91.14481356769386,109.0,50.32651636588514,10.865839761919268,-49.13951338580796,0.8570052831973762,0.8856773376464844,0.9833424091339111,0.0,1.0,1.0,1.0,0.0,1.0
SNPT-065,0,27.0,0.0035136842118353357,0.9722044718213928,0.4024390243902439,0.0,0.5923344947735192,1.0,0.8381240640990826,0.0,610.0,611.0,574.0,1306.5,544.0,7.050923886114655,416.5322892868505,91.85802735364953,,1.0,0.0,0.0,0.0,1.0,1.0,0.8494256777763367,625.0,749.0,125.0,125.0,1896.5,385.0,1356.5689218289558,409.78665756994576,132.02766466337948,15.0,1889.7121729235078,1889.4490761138854,-31.532289286850528,0.6957483311384224,0.8153393268585205,0.9664218425750732,0.0,0.0,0.0,1.0,0.0,0.0
SNPT-065,1,,1.0,0.0,0.0,0.0,0.9468085106382979,1.0,0.8290214579790196,0.0,375.0,376.0,376.0,1491.5,474.5,659.7222421517982,475.4211599167778,69.66860549817535,,1.0,0.0,0.0,0.0,1.0,1.0,0.8494256777763367,625.0,749.0,125.0,125.0,1896.5,385.0,1356.5689218289558,409.78665756994576,132.02766466337948,250.0,1240.078710594098,1236.7777578482019,-90.42115991677781,0.527681873914864,0.8607245683670044,0.9661341905593872,0.0,0.0,0.0,1.0,0.0,1.0
SNPT-065,0,5.0,0.009118164048784919,0.996895786878225,0.3008130081300813,1.0,0.983739837398374,1.0,0.8679048089477105,213.0,509.0,297.0,246.0,1856.5,612.0,1908.079412876075,520.1151658396813,89.28527819444932,,1.0,0.0,0.0,0.0,1.0,1.0,0.8494256777763367,625.0,749.0,125.0,125.0,1896.5,385.0,1356.5689218289558,409.78665756994576,132.02766466337948,116.0,135.61043780785894,-11.579412876074912,-135.11516583968125,0.6762618911884335,0.723922610282898,0.9398233890533447,0.0,0.0,0.0,0.0,1.0,1.0
SNPT-065,0,,1.0,0.0,0.0,1.0,1.0,0.07514450867052024,0.5415861389540524,0.0,172.0,173.0,173.0,121.0,443.0,14.490531093569231,473.3614757303958,44.31870759453054,10.0,0.042269434554823834,0.9851757278207873,0.1622340425531915,1.0,0.9787234042553191,1.0,0.8356148868482164,374.0,749.0,376.0,376.0,24.0,477.5,1076.8914164102023,365.49897472090413,91.14481356769386,202.0,10.370987513852121,9.509468906430769,4.138524269604204,0.4862449749992054,0.7431557178497314,0.9464054703712463,0.0,0.0,0.0,1.0,0.0,1.0
SNPT-065,1,24.0,0.001996957258143084,0.9859734023770979,0.11191335740072202,0.0,0.9205776173285198,1.0,0.859963965329883,0.0,276.0,277.0,277.0,1277.5,615.5,7.248575286214777,686.6117565238073,88.38394855651227,24.0,0.06622742884006795,0.956993625249738,0.7611940298507462,0.0,1.0,1.0,0.8591555012992366,381.0,581.0,201.0,201.0,35.0,742.0,21.586739944829446,829.5127679928904,131.0596707735701,105.0,61.95158665460384,27.751424713785223,55.388243476192656,0.6743794489550636,0.9581466913223267,0.9662304520606995,1.0,0.0,1.0,1.0,0.0,1.0
SNPT-065,0,9.0,0.05072084856895096,0.9550952315330505,0.13020833333333334,0.0,0.9661458333333334,1.0,0.8398614004254341,0.0,383.0,384.0,384.0,1786.0,503.0,1897.8082165710075,527.6540952273964,70.52758089304645,10.0,0.00010772680931646998,0.9999925374984742,1.0,0.0,1.0,1.0,0.8576383034388224,735.0,749.0,15.0,15.0,1883.0,622.0,1797.067591091441,613.2229284769489,168.67630527808052,352.0,95.50095824322942,-14.808216571007506,94.3459047726036,0.41812381873538407,0.8316630721092224,0.952508807182312,0.0,1.0,1.0,1.0,0.0,1.0
SNPT-065,0,8.0,0.0005564186856504697,0.9999438517660068,0.34674329501915707,1.0,0.9885057471264368,1.0,0.847059223044421,0.0,521.0,522.0,522.0,1655.5,498.0,1897.612066835684,510.56892057118273,76.14941027767522,,1.0,0.0,0.0,0.0,1.0,1.0,0.8494256777763367,625.0,749.0,125.0,125.0,1896.5,385.0,1356.5689218289558,409.78665756994576,132.02766466337948,104.0,125.57384483266819,-1.1120668356838905,-125.56892057118273,0.5767685921873068,0.6928149461746216,0.9425824284553528,0.0,0.0,0.0,0.0,1.0,1.0
SNPT-065,0,10.0,0.028230746571075795,0.9820408457542356,0.6827195467422096,0.0,1.0,1.0,0.8536193760866484,0.0,354.0,355.0,353.0,1681.0,873.5,760.6772623645556,542.0694055902214,100.9272905120489,30.0,0.0068641471055646735,0.9447885834508472,0.5901639344262295,0.0,0.6557377049180327,1.0,0.7814456879115496,689.0,749.0,61.0,61.0,1906.5,458.0,1742.8379871708494,447.5822779174881,138.4877720515001,335.0,1148.9026986819542,1145.8227376354444,-84.06940559022144,0.7287812419606015,0.8752774596214294,0.9708640575408936,0.0,1.0,1.0,1.0,0.0,0.0
SNPT-065,0,15.0,0.010753757619608627,0.9977602583390696,0.27054108216432865,1.0,0.9759519038076152,1.0,0.8603933042658116,0.0,498.0,499.0,499.0,1708.5,512.5,1911.7224780126944,488.76073328216273,77.8928909550493,36.0,0.0013432301188345264,0.9998720586299896,0.15841584158415842,1.0,1.0,1.0,0.8237409326109556,649.0,749.0,101.0,101.0,1892.0,385.5,1539.7572843306039,382.2422115268747,121.7845927951671,151.0,105.12732840194867,-19.72247801269441,-103.26073328216273,0.639595610308929,0.8554413318634033,0.9717686176300049,0.0,1.0,1.0,1.0,0.0,1.0
SNPT-065,0,10.0,0.1275146205443889,0.8971987167994181,0.00949367088607595,1.0,1.0,1.0,0.8322621798968013,0.0,315.0,316.0,316.0,1310.0,452.0,5.633389472999211,415.7483905040543,65.3272471147978,36.0,0.0013432301188345264,0.9998720586299896,0.15841584158415842,1.0,1.0,1.0,0.8237409326109556,649.0,749.0,101.0,101.0,1892.0,385.5,1539.7572843306039,382.2422115268747,121.7845927951671,334.0,1886.6091154341461,1886.3666105270008,-30.248390504054328,0.5364163529673537,0.7995301485061646,0.9564430713653564,0.0,1.0,1.0,1.0,0.0,1.0
SNPT-065,0,5.0,2.724134016248307e-05,0.9999979887858476,0.9483568075117371,1.0,1.0,1.0,0.8613310182038607,0.0,212.0,213.0,213.0,1732.0,562.0,1913.7233671528822,621.868259066423,70.41227137523975,44.0,0.013230929214691706,0.9946594305576817,0.8825622775800712,1.0,1.0,1.0,0.8160577225515426,370.0,650.0,281.0,281.0,30.5,765.0,12.402080861141542,642.4517661804289,135.18827388087607,158.0,1888.6547979589377,-1883.2233671528822,143.13174093357702,0.5208459976142974,0.8984639048576355,0.9643523693084717,0.0,1.0,1.0,1.0,0.0,1.0
SNPT-065,0,27.0,0.0035136842118353357,0.9722044718213928,0.4024390243902439,0.0,0.5923344947735192,1.0,0.8381240640990826,0.0,610.0,611.0,574.0,1306.5,544.0,7.050923886114655,416.5322892868505,91.85802735364953,30.0,0.004203111161389287,0.9670758297046026,1.0,0.0,1.0,1.0,0.6862883935372035,690.0,749.0,60.0,60.0,1878.0,474.5,1791.5879422040775,450.4116422106075,134.26849581860452,80.0,1871.8468689763927,1870.9490761138854,57.96771071314947,0.6841368616935194,0.8913987874984741,0.8800832629203796,0.0,1.0,1.0,1.0,0.0,0.0
SNPT-065,1,44.0,0.00163244030799255,0.9957518403861612,0.5917721518987342,1.0,1.0,1.0,0.8381752716966823,0.0,315.0,316.0,316.0,1175.5,622.0,12.601277781184026,769.8649162886206,106.06249011377243,44.0,0.013230929214691706,0.9946594305576817,0.8825622775800712,1.0,1.0,1.0,0.8160577225515426,370.0,650.0,281.0,281.0,30.5,765.0,12.402080861141542,642.4517661804289,135.18827388087607,55.0,18.54809067159267,17.898722218815976,-4.864916288620634,0.784553919278765,0.9697822332382202,0.9790940880775452,1.0,0.0,1.0,1.0,0.0,1.0
SNPT-065,0,5.0,2.724134016248307e-05,0.9999979887858476,0.9483568075117371,1.0,1.0,1.0,0.8613310182038607,0.0,212.0,213.0,213.0,1732.0,562.0,1913.7233671528822,621.868259066423,70.41227137523975,10.0,0.00010772680931646998,0.9999925374984742,1.0,0.0,1.0,1.0,0.8576383034388224,735.0,749.0,15.0,15.0,1883.0,622.0,1797.067591091441,613.2229284769489,168.67630527808052,523.0,30.723649602291452,-30.723367152882247,0.13174093357702077,0.4174402045335162,0.7864497900009155,0.924390435218811,0.0,1.0,1.0,0.0,1.0,1.0
SNPT-065,0,5.0,2.724134016248307e-05,0.9999979887858476,0.9483568075117371,1.0,1.0,1.0,0.8613310182038607,0.0,212.0,213.0,213.0,1732.0,562.0,1913.7233671528822,621.868259066423,70.41227137523975,25.0,0.04848271131186266,0.9922452211380005,0.03125,0.0,0.99375,1.0,0.8845056496560574,378.0,539.0,162.0,160.0,708.0,475.5,1907.7857017409888,420.31648094328636,78.86702729928318,166.0,1214.5750307661604,-1205.7233671528822,-146.36825906642298,0.8927973297134749,0.756483256816864,0.9672232866287231,0.0,1.0,1.0,0.0,1.0,1.0
SNPT-065,0,44.0,0.00163244030799255,0.9957518403861612,0.5917721518987342,1.0,1.0,1.0,0.8381752716966823,0.0,315.0,316.0,316.0,1175.5,622.0,12.601277781184026,769.8649162886206,106.06249011377243,24.0,0.06622742884006795,0.956993625249738,0.7611940298507462,0.0,1.0,1.0,0.8591555012992366,381.0,581.0,201.0,201.0,35.0,742.0,21.586739944829446,829.5127679928904,131.0596707735701,66.0,35.751312099103664,22.398722218815976,-27.864916288620634,0.8092687055273857,0.8116177320480347,0.9442105293273926,0.0,1.0,1.0,0.0,1.0,1.0
SNPT-066,1,50.0,0.001678340800466568,0.999830323842264,0.45588235294117646,0.0,1.0,1.0,0.8245731846374624,0.0,135.0,136.0,136.0,1871.5,606.0,1909.5753980011627,625.4733514431134,109.22062152226827,50.0,0.1024655848571759,0.9526433785756429,0.3488372093023256,0.0,1.0,1.0,0.9097881192384765,707.0,749.0,43.0,43.0,1903.5,637.5,1551.3873888245653,560.0550833466172,95.64627089968481,572.0,13.47407645753112,-6.075398001162739,12.026648556886585,1.1419224241039199,0.9443482756614685,0.973574161529541,1.0,0.0,1.0,1.0,0.0,1.0
SNPT-066,1,5.0,3.8274929123224565e-05,0.9999965176190415,0.26838235294117646,0.0,0.9669117647058824,1.0,0.8607129610198385,283.0,554.0,272.0,272.0,1066.0,539.5,1904.0312153498567,631.8409772149739,75.11481675537837,5.0,9.591922710234557e-06,0.9999994165018985,0.14393939393939395,0.0,0.9924242424242424,1.0,0.8640706715258685,618.0,749.0,132.0,132.0,1912.0,505.5,1424.5060741002621,463.95661435222434,93.76753932359313,64.0,126.59203787140373,7.968784650143334,-126.34097721497392,0.8010748420746764,0.9770693778991699,0.9970729947090149,1.0,0.0,1.0,1.0,0.0,1.0
SNPT-066,0,3.0,0.009960872400552035,0.9156997608286994,0.0498220640569395,1.0,0.9466192170818505,1.0,0.8518015752907749,0.0,280.0,281.0,281.0,440.0,561.5,1506.670373418738,537.6052595340226,112.66073021122274,,1.0,0.0,0.0,1.0,0.9,1.0,0.8387012124061585,740.0,749.0,10.0,10.0,1907.0,610.0,1832.4105971978142,611.6572176059431,81.13775262324582,460.0,406.8228218350451,400.3296265812619,72.3947404659774,1.3885118402816798,0.8682855367660522,0.9662678241729736,0.0,0.0,0.0,1.0,0.0,0.0
SNPT-066,0,28.0,0.0013520939191948855,0.9998729228973389,0.0045871559633027525,1.0,0.9724770642201835,1.0,0.8403906286309618,0.0,217.0,218.0,218.0,1072.5,486.0,1878.3241993584277,538.2524175854269,88.6608953007038,50.0,0.1024655848571759,0.9526433785756429,0.3488372093023256,0.0,1.0,1.0,0.9097881192384765,707.0,749.0,43.0,43.0,1903.5,637.5,1551.3873888245653,560.0550833466172,95.64627089968481,490.0,102.3909349165329,25.175800641572323,99.24758241457312,0.9269665661475984,0.7998265624046326,0.9746828675270081,0.0,1.0,1.0,0.0,1.0,1.0
SNPT-066,0,,1.0,0.0,0.0,1.0,1.0,1.0,0.8908462644271229,0.0,183.0,184.0,184.0,1304.5,407.0,1892.9347135614223,438.7107551743967,75.43622241205593,9.0,0.0657711124948158,0.9377600005877915,0.20217391304347826,1.0,0.9804347826086957,1.0,0.8546192822249039,290.0,749.0,460.0,460.0,944.5,507.5,1227.4042690064264,402.60487498217907,81.34246890328087,107.0,950.9260571106536,-948.4347135614223,68.7892448256033,0.9273903709727856,0.8529561758041382,0.988578200340271,0.0,0.0,0.0,1.0,0.0,1.0
SNPT-066,0,50.0,0.001678340800466568,0.999830323842264,0.45588235294117646,0.0,1.0,1.0,0.8245731846374624,0.0,135.0,136.0,136.0,1871.5,606.0,1909.5753980011627,625.4733514431134,109.22062152226827,8.0,0.0005330909043550491,0.9999536275863647,0.004807692307692308,0.0,0.9951923076923077,1.0,0.8461877170663613,285.0,492.0,208.0,208.0,1902.0,423.0,1426.5049545033266,530.5614911025866,60.14631900083378,150.0,202.61501597730248,-7.575398001162739,-202.47335144311342,1.8159153101414935,0.7781767845153809,0.9782670736312866,0.0,1.0,1.0,1.0,0.0,1.0
SNPT-066,0,28.0,0.0013520939191948855,0.9998729228973389,0.0045871559633027525,1.0,0.9724770642201835,1.0,0.8403906286309618,0.0,217.0,218.0,218.0,1072.5,486.0,1878.3241993584277,538.2524175854269,88.6608953007038,5.0,9.591922710234557e-06,0.9999994165018985,0.14393939393939395,0.0,0.9924242424242424,1.0,0.8640706715258685,618.0,749.0,132.0,132.0,1912.0,505.5,1424.5060741002621,463.95661435222434,93.76753932359313,401.0,46.97638136916362,33.67580064157232,-32.75241758542688,0.9455393192598749,0.7831287384033203,0.9718725681304932,0.0,1.0,1.0,0.0,1.0,1.0
SNPT-066,0,8.0,0.0005330909043550491,0.9999536275863647,0.004807692307692308,0.0,0.9951923076923077,1.0,0.8461877170663613,285.0,492.0,208.0,208.0,1902.0,423.0,1426.5049545033266,530.5614911025866,60.14631900083378,27.0,0.002326854823742316,0.9996162814062994,0.6166666666666667,0.0,1.0,1.0,0.8503219385941824,661.0,720.0,60.0,60.0,15.0,518.5,13.593432388395069,450.8429052668887,96.09493864732566,169.0,1411.556487057835,-1411.5049545033266,-12.061491102586615,0.6259051709432322,0.871874213218689,0.983718752861023,0.0,1.0,1.0,1.0,0.0,1.0
SNPT-066,1,27.0,0.01808176207898372,0.993502656618754,0.10526315789473684,0.0,0.9824561403508771,1.0,0.8643131533212829,287.0,514.0,228.0,228.0,879.0,464.0,5.4840124043719705,520.3026607075417,61.50581290753616,27.0,0.002326854823742316,0.9996162814062994,0.6166666666666667,0.0,1.0,1.0,0.8503219385941824,661.0,720.0,60.0,60.0,15.0,518.5,13.593432388395069,450.8429052668887,96.09493864732566,147.0,9.685226148452148,9.51598759562803,-1.8026607075416905,0.6400525748111071,0.9359546899795532,0.9901459813117981,1.0,0.0,1.0,1.0,0.0,1.0
SNPT-066,0,15.0,0.0063215099883778105,0.9892557839684138,0.5261324041811847,0.0,0.867595818815331,1.0,0.8428581030942006,0.0,286.0,287.0,287.0,570.0,535.5,1255.3668617013627,527.3872064992906,104.06491661440849,9.0,0.0657711124948158,0.9377600005877915,0.20217391304347826,1.0,0.9804347826086957,1.0,0.8546192822249039,290.0,749.0,460.0,460.0,944.5,507.5,1227.4042690064264,402.60487498217907,81.34246890328087,4.0,311.5023381716414,-310.8668617013627,-19.88720649929064,1.2793429805793752,0.8887836933135986,0.9726215600967407,0.0,1.0,1.0,0.0,1.0,0.0
SNPT-066,0,50.0,0.015695721037665557,0.9722495719790458,0.3036053130929791,1.0,0.5009487666034156,1.0,0.8518131785872313,0.0,544.0,545.0,527.0,816.5,488.5,1909.2684478592555,743.9792191701854,95.07127140523724,50.0,0.1024655848571759,0.9526433785756429,0.3488372093023256,0.0,1.0,1.0,0.9097881192384765,707.0,749.0,43.0,43.0,1903.5,637.5,1551.3873888245653,560.0550833466172,95.64627089968481,163.0,106.63535579627109,-5.768447859255502,-106.47921917018539,0.9939882706451709,0.9298252463340759,0.9889392852783203,1.0,0.0,1.0,0.0,1.0,0.0
SNPT-066,0,,1.0,0.0,0.0,0.0,0.9938650306748467,1.0,0.8837649990444535,0.0,185.0,186.0,163.0,1736.0,485.5,1911.1239161881033,442.89607938255506,90.89433894237284,,1.0,0.0,0.0,0.0,1.0,1.0,0.743877398967743,288.0,292.0,5.0,5.0,1887.0,494.0,1735.395393938167,490.25440624706346,55.274637534122384,103.0,56.5117159067458,-24.123916188103294,51.10392061744494,1.6444131159840087,0.7285763621330261,0.8379275798797607,0.0,0.0,0.0,1.0,0.0,1.0
SNPT-066,0,,1.0,0.0,0.0,0.0,0.9938650306748467,1.0,0.8837649990444535,0.0,185.0,186.0,163.0,1736.0,485.5,1911.1239161881033,442.89607938255506,90.89433894237284,17.0,0.196703693731723,0.896523118019104,0.07918552036199095,1.0,0.9728506787330317,1.0,0.8649011228688702,282.0,723.0,442.0,442.0,1066.5,486.0,6.801080305434198,393.2139106817493,76.55824526356403,97.0,845.7230680131192,-844.6239161881033,43.10392061744494,1.1872573441234775,0.6932138204574585,0.9728608131408691,0.0,0.0,0.0,0.0,1.0,1.0
SNPT-066,0,15.0,0.0063215099883778105,0.9892557839684138,0.5261324041811847,0.0,0.867595818815331,1.0,0.8428581030942006,0.0,286.0,287.0,287.0,570.0,535.5,1255.3668617013627,527.3872064992906,104.06491661440849,27.0,0.002326854823742316,0.9996162814062994,0.6166666666666667,0.0,1.0,1.0,0.8503219385941824,661.0,720.0,60.0,60.0,15.0,518.5,13.593432388395069,450.8429052668887,96.09493864732566,375.0,1240.398699630989,-1240.3668617013627,-8.887206499290642,1.0829385821904016,0.9437253475189209,0.9923455715179443,0.0,1.0,1.0,1.0,0.0,0.0
SNPT-066,1,,1.0,0.0,0.0,0.0,1.0,1.0,0.743877398967743,288.0,292.0,5.0,5.0,1887.0,494.0,1735.395393938167,490.25440624706346,55.274637534122384,4.0,0.007848987305448552,0.9973450368397856,0.5725490196078431,0.0,1.0,1.0,0.8681936048993877,495.0,749.0,255.0,255.0,1382.5,538.5,438.44638441940305,522.525888515448,101.42920135936484,203.0,356.17804028231086,-352.895393938167,48.24559375293654,0.5449578306180654,0.7344132661819458,0.8527684211730957,0.0,0.0,0.0,1.0,0.0,1.0
SNPT-066,0,15.0,0.0063215099883778105,0.9892557839684138,0.5261324041811847,0.0,0.867595818815331,1.0,0.8428581030942006,0.0,286.0,287.0,287.0,570.0,535.5,1255.3668617013627,527.3872064992906,104.06491661440849,4.0,0.007848987305448552,0.9973450368397856,0.5725490196078431,0.0,1.0,1.0,0.8681936048993877,495.0,749.0,255.0,255.0,1382.5,538.5,438.44638441940305,522.525888515448,101.42920135936484,209.0,127.6179024786485,127.13313829863728,11.112793500709358,1.0259857636629246,0.8518542647361755,0.9916865825653076,0.0,1.0,1.0,1.0,0.0,0.0
SNPT-067,0,,1.0,0.0,0.0,0.0,1.0,1.0,0.8744291909255427,0.0,481.0,482.0,482.0,475.5,447.5,1894.2450120081548,587.6480005882024,85.18931439698895,10.0,0.8796593099832535,0.790521522363027,0.06818181818181818,1.0,0.9772727272727273,1.0,0.8589150959795172,706.0,749.0,44.0,44.0,1912.5,676.0,1174.3148055764036,589.0512620701315,104.05412857622481,225.0,90.21818212890732,18.254987991845155,88.35199941179758,0.8187019156532895,0.7540204524993896,0.9465380907058716,0.0,0.0,0.0,0.0,1.0,1.0
SNPT-067,0,,1.0,0.0,0.0,1.0,0.9642105263157895,1.0,0.8285764260041086,0.0,483.0,484.0,475.0,670.5,439.5,1909.6098303051954,429.36444933406415,81.88297706386487,,1.0,0.0,0.0,0.0,0.6666666666666666,0.014423076923076924,0.5309212004336027,488.0,717.0,230.0,208.0,11.5,471.0,13.059079587671505,559.9708852808141,70.99330573600012,5.0,1898.566418901502,-1898.1098303051954,41.63555066593585,1.1533901149547778,0.6154825687408447,0.9178228378295898,0.0,0.0,0.0,0.0,1.0,0.0
SNPT-067,0,,1.0,0.0,0.0,0.0,1.0,1.0,0.8675261422356159,0.0,210.0,211.0,211.0,34.0,468.5,7.502647221210772,534.6931380978862,70.5744836555202,17.0,0.7588725179957692,0.6620425134897232,0.011560693641618497,1.0,0.9710982658959537,1.0,0.855358961689679,562.0,734.0,173.0,173.0,1911.0,624.5,19.53048837094981,699.2227555666532,103.36740021924231,352.0,1905.6147156444201,1903.4973527787893,89.80686190211384,0.6827537841314736,0.6696084141731262,0.9398967623710632,0.0,0.0,0.0,0.0,1.0,1.0
SNPT-067,0,,1.0,0.0,0.0,0.0,0.6666666666666666,0.014423076923076924,0.5309212004336027,488.0,717.0,230.0,208.0,11.5,471.0,13.059079587671505,559.9708852808141,70.99330573600012,10.0,0.07007924948508541,0.988706648349762,0.0967741935483871,1.0,1.0,1.0,0.8589839608438553,719.0,749.0,31.0,31.0,1899.5,901.0,1233.0483490527636,813.0460833861669,152.37633073249128,2.0,1917.018571452104,1886.4409204123285,341.02911471918594,0.4659076996717718,0.5784595012664795,0.9007047414779663,0.0,0.0,0.0,0.0,1.0,0.0
SNPT-067,0,,1.0,0.0,0.0,1.0,0.8088888888888889,0.5357142857142857,0.6620922078688939,0.0,419.0,420.0,420.0,609.5,440.0,1914.9683973386145,321.1738394639873,84.95542255656977,,1.0,0.0,0.0,0.0,1.0,1.0,0.8708221199257034,582.0,749.0,168.0,168.0,1913.0,448.5,841.0652592752529,405.779249757481,66.80576889582417,163.0,127.34137483522449,-1.9683973386145226,127.32616053601271,1.2716779398055857,0.7611093521118164,0.9739965200424194,0.0,0.0,0.0,0.0,1.0,0.0
SNPT-067,0,,1.0,0.0,0.0,0.0,0.6666666666666666,0.014423076923076924,0.5309212004336027,488.0,717.0,230.0,208.0,11.5,471.0,13.059079587671505,559.9708852808141,70.99330573600012,,1.0,0.0,0.0,0.0,0.75,1.0,0.7821618407964707,724.0,743.0,20.0,20.0,455.5,403.5,5.039577073710788,360.24332747463234,63.73648562158047,7.0,469.29426375768765,442.4409204123285,-156.47088528081406,1.1138566088740007,0.5456060171127319,0.9132463932037354,0.0,0.0,0.0,1.0,0.0,0.0
SNPT-067,1,,1.0,0.0,0.0,0.0,0.9640591966173362,1.0,0.8482588658121121,0.0,472.0,473.0,473.0,491.0,436.5,1898.1152179742166,435.3086704687409,83.59943946252541,,1.0,0.0,0.0,1.0,0.7619047619047619,1.0,0.8911762776828948,708.0,749.0,42.0,42.0,1894.5,507.0,1409.1306085248402,492.04236851858553,79.87281412239214,236.0,71.78242494483369,-3.615217974216648,71.6913295312591,1.0466569931343952,0.9201268553733826,0.9753887057304382,0.0,0.0,0.0,0.0,1.0,0.0
SNPT-067,0,,1.0,0.0,0.0,0.0,1.0,1.0,0.8675261422356159,0.0,210.0,211.0,211.0,34.0,468.5,7.502647221210772,534.6931380978862,70.5744836555202,,1.0,0.0,0.0,0.0,1.0,1.0,0.8927680900876556,539.0,749.0,211.0,211.0,1911.5,606.5,919.8846649456917,543.3066564152138,86.39364006506814,329.0,1905.3509243194196,1903.9973527787893,71.80686190211384,0.8168944334602223,0.7462588548660278,0.9762755632400513,0.0,0.0,0.0,1.0,0.0,1.0
SNPT-067,1,,1.0,0.0,0.0,1.0,0.9855072463768116,1.0,0.8614702056900562,0.0,482.0,483.0,483.0,213.0,460.0,1909.4294380626243,423.14266741556514,83.27829706887084,,1.0,0.0,0.0,1.0,0.9946808510638298,1.0,0.890785664637038,562.0,749.0,188.0,188.0,1911.5,473.5,465.5827233917845,459.65087619466453,68.70984368525885,80.0,50.39988265617187,2.0705619373757145,50.35733258443486,1.2120286206783721,0.966401219367981,0.9909461140632629,0.0,0.0,0.0,1.0,0.0,1.0
SNPT-067,1,,1.0,0.0,0.0,0.0,0.9640591966173362,1.0,0.8482588658121121,0.0,472.0,473.0,473.0,491.0,436.5,1898.1152179742166,435.3086704687409,83.59943946252541,,1.0,0.0,0.0,0.0,0.975609756097561,1.0,0.8179687203430548,556.0,596.0,41.0,41.0,1914.0,517.5,1913.1498607529668,493.24486412500517,78.86131572199608,84.0,83.71225089628562,15.884782025783352,82.1913295312591,1.06008172317632,0.9382244348526001,0.972852349281311,0.0,0.0,0.0,1.0,0.0,1.0
SNPT-067,1,10.0,0.019583671507726774,0.9857677976412276,0.8763440860215054,1.0,0.9946236559139785,1.0,0.7492413036925818,0.0,185.0,186.0,186.0,1709.0,583.0,1906.8787449338124,622.8567794395757,82.33085205076718,10.0,0.046729046890201666,0.9930935700734457,0.014563106796116505,1.0,0.9951456310679612,1.0,0.84585791218628,268.0,473.0,206.0,206.0,1907.0,779.0,1880.0378125871105,834.0925209718259,122.29216586646673,83.0,156.14326764152335,0.12125506618758664,156.1432205604243,0.6732307950181035,0.7926679253578186,0.9601982831954956,1.0,0.0,1.0,1.0,0.0,1.0
SNPT-067,0,,1.0,0.0,0.0,0.0,1.0,1.0,0.8675261422356159,0.0,210.0,211.0,211.0,34.0,468.5,7.502647221210772,534.6931380978862,70.5744836555202,10.0,0.07007924948508541,0.988706648349762,0.0967741935483871,1.0,1.0,1.0,0.8589839608438553,719.0,749.0,31.0,31.0,1899.5,901.0,1233.0483490527636,813.0460833861669,152.37633073249128,509.0,1927.1312098553437,1891.9973527787893,366.30686190211384,0.46315909640467257,0.6830122470855713,0.9250609874725342,0.0,0.0,0.0,0.0,1.0,1.0
SNPT-067,0,10.0,0.019583671507726774,0.9857677976412276,0.8763440860215054,1.0,0.9946236559139785,1.0,0.7492413036925818,0.0,185.0,186.0,186.0,1709.0,583.0,1906.8787449338124,622.8567794395757,82.33085205076718,,1.0,0.0,0.0,0.0,1.0,1.0,0.8708221199257034,582.0,749.0,168.0,168.0,1913.0,448.5,841.0652592752529,405.779249757481,66.80576889582417,397.0,174.46419776024584,6.121255066187587,-174.3567794395757,1.2323913549914014,0.6724315285682678,0.9246017336845398,0.0,0.0,0.0,0.0,1.0,1.0
SNPT-067,0,,1.0,0.0,0.0,1.0,0.9855072463768116,1.0,0.8614702056900562,0.0,482.0,483.0,483.0,213.0,460.0,1909.4294380626243,423.14266741556514,83.27829706887084,10.0,0.07007924948508541,0.988706648349762,0.0967741935483871,1.0,1.0,1.0,0.8589839608438553,719.0,749.0,31.0,31.0,1899.5,901.0,1233.0483490527636,813.0460833861669,152.37633073249128,237.0,477.96048376926586,-9.929438062624286,477.85733258443486,0.5465304005454265,0.7376049757003784,0.9533225893974304,0.0,0.0,0.0,1.0,0.0,1.0
SNPT-067,0,5.0,0.13315712880770056,0.9567620158195496,0.0064516129032258064,0.0,0.6666666666666666,1.0,0.8242976089959504,0.0,464.0,465.0,465.0,666.0,449.0,1894.38563119329,517.1204772331535,83.04664007254536,50.0,0.0004478747095245953,0.9999617609110746,0.9166666666666666,0.0,1.0,1.0,0.8259827122092247,726.0,749.0,24.0,24.0,1902.0,707.0,1664.6239794162861,666.3246477361492,114.25440589286139,262.0,190.03213354190916,7.61436880670999,189.87952276684655,0.726857222035007,0.8112901449203491,0.9584060311317444,0.0,1.0,1.0,1.0,0.0,0.0
SNPT-067,0,,1.0,0.0,0.0,1.0,0.9642105263157895,1.0,0.8285764260041086,0.0,483.0,484.0,475.0,670.5,439.5,1909.6098303051954,429.36444933406415,81.88297706386487,,1.0,0.0,0.0,0.0,0.75,1.0,0.7821618407964707,724.0,743.0,20.0,20.0,455.5,403.5,5.039577073710788,360.24332747463234,63.73648562158047,241.0,1454.3398393530854,-1454.1098303051954,-25.864449334064147,1.2847112021523226,0.665206253528595,0.9433426260948181,0.0,0.0,0.0,0.0,1.0,0.0
SNPT-067,0,,1.0,0.0,0.0,1.0,0.9855072463768116,1.0,0.8614702056900562,0.0,482.0,483.0,483.0,213.0,460.0,1909.4294380626243,423.14266741556514,83.27829706887084,,1.0,0.0,0.0,1.0,1.0,1.0,0.8963282446969639,706.0,749.0,44.0,44.0,1904.5,543.5,1482.5448224366987,497.1191384702011,85.2059552371429,224.0,120.4582370220215,-4.9294380626242855,120.35733258443486,0.9773764854474426,0.8130710124969482,0.9789132475852966,0.0,0.0,0.0,1.0,0.0,1.0
SNPT-067,0,,1.0,0.0,0.0,1.0,0.9642105263157895,1.0,0.8285764260041086,0.0,483.0,484.0,475.0,670.5,439.5,1909.6098303051954,429.36444933406415,81.88297706386487,,1.0,0.0,0.0,1.0,0.9946808510638298,1.0,0.890785664637038,562.0,749.0,188.0,188.0,1911.5,473.5,465.5827233917845,459.65087619466453,68.70984368525885,79.0,44.176006769065815,1.8901696948046265,44.13555066593585,1.191721195567677,0.7081570625305176,0.9880827069282532,0.0,0.0,0.0,1.0,0.0,1.0
SNPT-067,1,10.0,0.046729046890201666,0.9930935700734457,0.014563106796116505,1.0,0.9951456310679612,1.0,0.84585791218628,268.0,473.0,206.0,206.0,1907.0,779.0,1880.0378125871105,834.0925209718259,122.29216586646673,10.0,0.07007924948508541,0.988706648349762,0.0967741935483871,1.0,1.0,1.0,0.8589839608438553,719.0,749.0,31.0,31.0,1899.5,901.0,1233.0483490527636,813.0460833861669,152.37633073249128,246.0,69.68061056563718,19.462187412889534,66.90747902817407,0.8025666799994043,0.8474260568618774,0.9745782017707825,1.0,0.0,1.0,1.0,0.0,1.0
SNPT-067,0,5.0,0.13315712880770056,0.9567620158195496,0.0064516129032258064,0.0,0.6666666666666666,1.0,0.8242976089959504,0.0,464.0,465.0,465.0,666.0,449.0,1894.38563119329,517.1204772331535,83.04664007254536,,1.0,0.0,0.0,0.0,0.975609756097561,1.0,0.8179687203430548,556.0,596.0,41.0,41.0,1914.0,517.5,1913.1498607529668,493.24486412500517,78.86131572199608,92.0,19.618040198149068,19.61436880670999,0.3795227668465486,1.0530719569186937,0.8782825469970703,0.959848165512085,0.0,0.0,0.0,1.0,0.0,0.0
SNPT-067,0,,1.0,0.0,0.0,0.0,1.0,1.0,0.8744291909255427,0.0,481.0,482.0,482.0,475.5,447.5,1894.2450120081548,587.6480005882024,85.18931439698895,,1.0,0.0,0.0,1.0,0.9946808510638298,1.0,0.890785664637038,562.0,749.0,188.0,188.0,1911.5,473.5,465.5827233917845,459.65087619466453,68.70984368525885,81.0,115.44479481069287,17.254987991845155,-114.14800058820242,1.2398414816255163,0.6550041437149048,0.9690994024276733,0.0,0.0,0.0,0.0,1.0,1.0
SNPT-067,0,5.0,0.13315712880770056,0.9567620158195496,0.0064516129032258064,0.0,0.6666666666666666,1.0,0.8242976089959504,0.0,464.0,465.0,465.0,666.0,449.0,1894.38563119329,517.1204772331535,83.04664007254536,,1.0,0.0,0.0,1.0,0.9946808510638298,1.0,0.890785664637038,562.0,749.0,188.0,188.0,1911.5,473.5,465.5827233917845,459.65087619466453,68.70984368525885,98.0,46.85773846122054,17.11436880670999,-43.62047723315345,1.208657095087561,0.7337854504585266,0.9731420278549194,0.0,0.0,0.0,0.0,1.0,0.0
SNPT-067,1,5.0,0.13315712880770056,0.9567620158195496,0.0064516129032258064,0.0,0.6666666666666666,1.0,0.8242976089959504,0.0,464.0,465.0,465.0,666.0,449.0,1894.38563119329,517.1204772331535,83.04664007254536,11.0,0.28321234468603507,0.8607370257377625,0.08571428571428572,0.0,1.0,1.0,0.8617433752332415,715.0,749.0,35.0,35.0,1900.5,599.0,1353.4846664616894,526.9561610791087,93.52408697736016,251.0,82.10750120683865,6.11436880670999,81.87952276684655,0.8879706047560654,0.8927381038665771,0.9797257781028748,0.0,1.0,0.0,1.0,0.0,0.0
SNPT-067,0,10.0,0.019583671507726774,0.9857677976412276,0.8763440860215054,1.0,0.9946236559139785,1.0,0.7492413036925818,0.0,185.0,186.0,186.0,1709.0,583.0,1906.8787449338124,622.8567794395757,82.33085205076718,17.0,0.7588725179957692,0.6620425134897232,0.011560693641618497,1.0,0.9710982658959537,1.0,0.855358961689679,562.0,734.0,173.0,173.0,1911.0,624.5,19.53048837094981,699.2227555666532,103.36740021924231,377.0,4.436768771389606,4.121255066187587,1.6432205604243109,0.7964875954715258,0.7195653319358826,0.9448521137237549,0.0,1.0,0.0,1.0,0.0,1.0
SNPT-067,0,,1.0,0.0,0.0,0.0,1.0,1.0,0.8744291909255427,0.0,481.0,482.0,482.0,475.5,447.5,1894.2450120081548,587.6480005882024,85.18931439698895,,1.0,0.0,0.0,0.0,0.975609756097561,1.0,0.8179687203430548,556.0,596.0,41.0,41.0,1914.0,517.5,1913.1498607529668,493.24486412500517,78.86131572199608,75.0,72.87661858978086,19.754987991845155,-70.14800058820242,1.0802421138559302,0.9287415742874146,0.963323175907135,0.0,0.0,0.0,1.0,0.0,1.0
SNPT-067,1,,1.0,0.0,0.0,0.0,0.9811715481171548,1.0,0.8440718190689965,0.0,477.0,478.0,478.0,451.5,430.5,1806.558250060219,399.72565073969963,77.91017088104905,,1.0,0.0,0.0,0.0,1.0,1.0,0.8708221199257034,582.0,749.0,168.0,168.0,1913.0,448.5,841.0652592752529,405.779249757481,66.80576889582417,105.0,117.08451339100581,106.44174993978095,48.77434926030037,1.1662192078432763,0.9535662531852722,0.9939851760864258,0.0,0.0,0.0,1.0,0.0,1.0
SNPT-067,0,5.0,0.13315712880770056,0.9567620158195496,0.0064516129032258064,0.0,0.6666666666666666,1.0,0.8242976089959504,0.0,464.0,465.0,465.0,666.0,449.0,1894.38563119329,517.1204772331535,83.04664007254536,,1.0,0.0,0.0,1.0,1.0,1.0,0.8963282446969639,706.0,749.0,44.0,44.0,1904.5,543.5,1482.5448224366987,497.1191384702011,85.2059552371429,242.0,28.25207386661594,10.11436880670999,26.37952276684655,0.9746576966529182,0.855776309967041,0.9707042574882507,0.0,0.0,0.0,0.0,1.0,0.0
SNPT-067,0,,1.0,0.0,0.0,1.0,0.9520833333333333,1.0,0.8344840448349714,0.0,484.0,485.0,480.0,659.5,454.0,1909.3897133841474,590.7596383078468,87.7400629981714,17.0,0.7588725179957692,0.6620425134897232,0.011560693641618497,1.0,0.9710982658959537,1.0,0.855358961689679,562.0,734.0,173.0,173.0,1911.0,624.5,19.53048837094981,699.2227555666532,103.36740021924231,78.0,33.77876596476719,1.6102866158526012,33.740361692153215,0.8488175460742426,0.901606559753418,0.9710938930511475,0.0,0.0,0.0,1.0,0.0,1.0
SNPT-067,1,,1.0,0.0,0.0,0.0,1.0,1.0,0.8675261422356159,0.0,210.0,211.0,211.0,34.0,468.5,7.502647221210772,534.6931380978862,70.5744836555202,4.0,0.019905334508518346,0.9941394433931068,0.2471395881006865,0.0,0.9794050343249427,1.0,0.8453020280231327,313.0,749.0,437.0,437.0,7.0,522.0,36.45532556865824,714.2211562939437,102.10562683217819,103.0,12.703086593462238,-0.502647221210772,-12.693138097886163,0.6911909347710788,0.850037693977356,0.9802441596984863,0.0,0.0,0.0,1.0,0.0,1.0
SNPT-067,0,,1.0,0.0,0.0,1.0,0.9642105263157895,1.0,0.8285764260041086,0.0,483.0,484.0,475.0,670.5,439.5,1909.6098303051954,429.36444933406415,81.88297706386487,,1.0,0.0,0.0,1.0,1.0,1.0,0.8963282446969639,706.0,749.0,44.0,44.0,1904.5,543.5,1482.5448224366987,497.1191384702011,85.2059552371429,223.0,114.24987654944886,-5.1098303051953735,114.13555066593585,0.961000634708811,0.8958661556243896,0.9892071485519409,0.0,0.0,0.0,1.0,0.0,1.0
SNPT-067,0,10.0,0.019583671507726774,0.9857677976412276,0.8763440860215054,1.0,0.9946236559139785,1.0,0.7492413036925818,0.0,185.0,186.0,186.0,1709.0,583.0,1906.8787449338124,622.8567794395757,82.33085205076718,,1.0,0.0,0.0,0.0,1.0,1.0,0.8927680900876556,539.0,749.0,211.0,211.0,1911.5,606.5,919.8846649456917,543.3066564152138,86.39364006506814,354.0,16.997065394405308,4.621255066187587,-16.35677943957569,0.9529735289398498,0.6535507440567017,0.9214394092559814,0.0,0.0,0.0,0.0,1.0,1.0
SNPT-067,1,,1.0,0.0,0.0,0.0,1.0,1.0,0.8744291909255427,0.0,481.0,482.0,482.0,475.5,447.5,1894.2450120081548,587.6480005882024,85.18931439698895,,1.0,0.0,0.0,0.0,1.0,1.0,0.8927680900876556,539.0,749.0,211.0,211.0,1911.5,606.5,919.8846649456917,543.3066564152138,86.39364006506814,58.0,25.55645696142438,17.254987991845155,18.85199941179758,0.9860600193813788,0.9650090932846069,0.9945811629295349,0.0,0.0,0.0,1.0,0.0,1.0
SNPT-067,0,,1.0,0.0,0.0,1.0,0.9642105263157895,1.0,0.8285764260041086,0.0,483.0,484.0,475.0,670.5,439.5,1909.6098303051954,429.36444933406415,81.88297706386487,,1.0,0.0,0.0,0.0,1.0,1.0,0.8927680900876556,539.0,749.0,211.0,211.0,1911.5,606.5,919.8846649456917,543.3066564152138,86.39364006506814,56.0,177.14563514577344,1.8901696948046265,177.13555066593585,0.9477894090605973,0.8175304532051086,0.9664836525917053,0.0,0.0,0.0,0.0,1.0,1.0
SNPT-067,0,,1.0,0.0,0.0,0.0,0.9640591966173362,1.0,0.8482588658121121,0.0,472.0,473.0,473.0,491.0,436.5,1898.1152179742166,435.3086704687409,83.59943946252541,17.0,0.7588725179957692,0.6620425134897232,0.011560693641618497,1.0,0.9710982658959537,1.0,0.855358961689679,562.0,734.0,173.0,173.0,1911.0,624.5,19.53048837094981,699.2227555666532,103.36740021924231,90.0,189.62957780277165,12.884782025783352,189.1913295312591,0.8087602018161524,0.7794885039329529,0.965714693069458,0.0,0.0,0.0,0.0,1.0,1.0
SNPT-067,0,50.0,0.07247366668049765,0.9437368384429387,0.029787234042553193,0.0,0.997872340425532,1.0,0.8236338234962302,0.0,475.0,476.0,470.0,705.0,445.5,1901.078588253627,842.256416672966,90.7905934830369,11.0,0.28321234468603507,0.8607370257377625,0.08571428571428572,0.0,1.0,1.0,0.8617433752332415,715.0,749.0,35.0,35.0,1900.5,599.0,1353.4846664616894,526.9561610791087,93.52408697736016,240.0,243.25710476148254,-0.5785882536270037,-243.256416672966,0.970772304946586,0.8278462886810303,0.9711723327636719,0.0,1.0,0.0,1.0,0.0,1.0
SNPT-067,1,,1.0,0.0,0.0,0.0,0.975609756097561,1.0,0.8179687203430548,556.0,596.0,41.0,41.0,1914.0,517.5,1913.1498607529668,493.24486412500517,78.86131572199608,,1.0,0.0,0.0,1.0,0.7619047619047619,1.0,0.8911762776828948,708.0,749.0,42.0,42.0,1894.5,507.0,1409.1306085248402,492.04236851858553,79.87281412239214,112.0,23.173715046246272,-18.649860752966788,13.755135874994835,0.9873361366879335,0.9316504597663879,0.9635515213012695,0.0,0.0,0.0,0.0,1.0,0.0
SNPT-067,0,10.0,0.046729046890201666,0.9930935700734457,0.014563106796116505,1.0,0.9951456310679612,1.0,0.84585791218628,268.0,473.0,206.0,206.0,1907.0,779.0,1880.0378125871105,834.0925209718259,122.29216586646673,,1.0,0.0,0.0,0.0,1.0,1.0,0.8927680900876556,539.0,749.0,211.0,211.0,1911.5,606.5,919.8846649456917,543.3066564152138,86.39364006506814,66.0,229.75688202775302,31.462187412889534,-227.59252097182593,1.4155227835563047,0.8533672094345093,0.9681506156921387,0.0,0.0,0.0,0.0,1.0,1.0
SNPT-067,0,,1.0,0.0,0.0,0.0,0.9640591966173362,1.0,0.8482588658121121,0.0,472.0,473.0,473.0,491.0,436.5,1898.1152179742166,435.3086704687409,83.59943946252541,,1.0,0.0,0.0,1.0,0.9946808510638298,1.0,0.890785664637038,562.0,749.0,188.0,188.0,1911.5,473.5,465.5827233917845,459.65087619466453,68.70984368525885,90.0,40.46887743986676,13.384782025783352,38.1913295312591,1.2167025127501638,0.7079763412475586,0.971583366394043,0.0,0.0,0.0,0.0,1.0,1.0
SNPT-067,0,,1.0,0.0,0.0,1.0,0.9466950959488273,1.0,0.8131889202701512,0.0,479.0,480.0,469.0,694.0,442.5,1855.151475418737,408.40502138009793,81.41049436735541,,1.0,0.0,0.0,0.0,0.75,1.0,0.7821618407964707,724.0,743.0,20.0,20.0,455.5,403.5,5.039577073710788,360.24332747463234,63.73648562158047,245.0,1399.6600701158072,-1399.651475418737,-4.905021380097935,1.2772981373762897,0.6894811987876892,0.9571782946586609,0.0,0.0,0.0,0.0,1.0,0.0
SNPT-067,0,,1.0,0.0,0.0,1.0,0.9520833333333333,1.0,0.8344840448349714,0.0,484.0,485.0,480.0,659.5,454.0,1909.3897133841474,590.7596383078468,87.7400629981714,,1.0,0.0,0.0,0.0,0.975609756097561,1.0,0.8179687203430548,556.0,596.0,41.0,41.0,1914.0,517.5,1913.1498607529668,493.24486412500517,78.86131572199608,72.0,73.40455944746785,4.610286615852601,-73.25963830784679,1.1125868519297206,0.7871673703193665,0.9352224469184875,0.0,0.0,0.0,0.0,1.0,1.0
SNPT-067,1,10.0,0.019583671507726774,0.9857677976412276,0.8763440860215054,1.0,0.9946236559139785,1.0,0.7492413036925818,0.0,185.0,186.0,186.0,1709.0,583.0,1906.8787449338124,622.8567794395757,82.33085205076718,10.0,0.07007924948508541,0.988706648349762,0.0967741935483871,1.0,1.0,1.0,0.8589839608438553,719.0,749.0,31.0,31.0,1899.5,901.0,1233.0483490527636,813.0460833861669,152.37633073249128,534.0,278.24107716245476,-7.378744933812413,278.1432205604243,0.5403126040310389,0.8320329189300537,0.9737383127212524,1.0,0.0,1.0,1.0,0.0,1.0
SNPT-067,0,,1.0,0.0,0.0,0.0,0.9811715481171548,1.0,0.8440718190689965,0.0,477.0,478.0,478.0,451.5,430.5,1806.558250060219,399.72565073969963,77.91017088104905,,1.0,0.0,0.0,0.0,1.0,1.0,0.8927680900876556,539.0,749.0,211.0,211.0,1911.5,606.5,919.8846649456917,543.3066564152138,86.39364006506814,62.0,231.88014661122713,104.94174993978095,206.77434926030037,0.9018044710509977,0.8895877599716187,0.9928807616233826,0.0,0.0,0.0,1.0,0.0,1.0
SNPT-067,0,,1.0,0.0,0.0,1.0,0.9520833333333333,1.0,0.8344840448349714,0.0,484.0,485.0,480.0,659.5,454.0,1909.3897133841474,590.7596383078468,87.7400629981714,11.0,0.28321234468603507,0.8607370257377625,0.08571428571428572,0.0,1.0,1.0,0.8617433752332415,715.0,749.0,35.0,35.0,1900.5,599.0,1353.4846664616894,526.9561610791087,93.52408697736016,231.0,12.121491858257201,-8.889713384147399,8.240361692153215,0.9381547132281662,0.7724764347076416,0.9593169093132019,0.0,0.0,0.0,0.0,1.0,1.0
SNPT-067,0,5.0,0.13315712880770056,0.9567620158195496,0.0064516129032258064,0.0,0.6666666666666666,1.0,0.8242976089959504,0.0,464.0,465.0,465.0,666.0,449.0,1894.38563119329,517.1204772331535,83.04664007254536,,1.0,0.0,0.0,0.0,1.0,1.0,0.8708221199257034,582.0,749.0,168.0,168.0,1913.0,448.5,841.0652592752529,405.779249757481,66.80576889582417,118.0,71.10038411835725,18.61436880670999,-68.62047723315345,1.2431058192301765,0.8607776165008545,0.9845787286758423,0.0,0.0,0.0,1.0,0.0,0.0
SNPT-068,0,8.0,0.02039659474388772,0.9857678115367889,0.518796992481203,1.0,0.9887218045112782,1.0,0.8770187259616709,118.0,383.0,266.0,266.0,18.5,864.5,11.360332927030782,690.0374397115665,136.1590499188832,,1.0,0.0,0.0,1.0,1.0,1.0,0.8547893816774542,739.0,749.0,11.0,11.0,1904.5,359.0,1779.4822544853482,376.91942201336497,132.0,356.0,1921.8646116560712,1893.1396670729691,-331.03743971156655,1.0315079539309333,0.7853805422782898,0.9304956793785095,0.0,0.0,0.0,1.0,0.0,1.0
SNPT-068,0,,1.0,0.0,0.0,1.0,0.7142857142857143,1.0,0.8657521690641131,0.0,6.0,7.0,7.0,47.5,661.5,14.054878650022125,648.605172488991,119.12162940024537,10.0,0.032373276871512646,0.9823385022935414,0.1346153846153846,0.0,0.9983974358974359,1.0,0.8935248646407555,125.0,749.0,625.0,624.0,11.0,352.5,925.1704136706676,385.0467983435562,107.02093329601638,119.0,296.1209304630483,-3.0548786500221254,-296.105172488991,1.113068497270145,0.8499661087989807,0.9667352437973022,0.0,0.0,0.0,0.0,1.0,0.0
SNPT-068,0,10.0,0.1076690724735149,0.9540020576337489,0.07167832167832168,1.0,0.9825174825174825,1.0,0.9198286596920107,0.0,571.0,572.0,572.0,884.0,608.0,1907.7435139183476,594.7552017707533,99.08259401216293,,1.0,0.0,0.0,0.0,1.0,1.0,0.8767495534636758,739.0,749.0,11.0,11.0,1905.0,228.0,1816.9596579100748,258.83671031986154,119.62493649805059,168.0,366.76546306124044,-2.7435139183476167,-366.7552017707533,0.8282770876436585,0.7665809392929077,0.9562302827835083,0.0,0.0,0.0,0.0,1.0,1.0
SNPT-068,0,4.0,0.005973236030504533,0.9990502376000858,0.6518987341772152,1.0,0.9873417721518988,1.0,0.8521349098108992,154.0,331.0,178.0,158.0,12.5,737.5,10.911769667481305,737.4688650575345,153.8210250561317,,1.0,0.0,0.0,1.0,0.984251968503937,1.0,0.9021386257776125,496.0,749.0,254.0,254.0,9.0,514.5,425.1799145104206,267.57559670496687,91.60682933416012,165.0,222.97706081188377,-1.9117696674813054,-222.96886505753446,1.679143642173542,0.794651448726654,0.942782998085022,0.0,0.0,0.0,1.0,0.0,1.0
SNPT-068,1,8.0,0.0206127115336827,0.9943532550588567,0.07952622673434856,0.0,0.9120135363790186,1.0,0.9035816943988381,0.0,590.0,591.0,591.0,1194.5,541.0,1905.107152652409,589.8614027556728,97.59247090786842,,1.0,0.0,0.0,0.0,1.0,1.0,0.8767495534636758,739.0,749.0,11.0,11.0,1905.0,228.0,1816.9596579100748,258.83671031986154,119.62493649805059,149.0,361.8614186204356,-0.10715265240901317,-361.86140275567277,0.8158204615595244,0.8872083425521851,0.9847548007965088,0.0,0.0,0.0,1.0,0.0,1.0
SNPT-068,0,,1.0,0.0,0.0,0.0,1.0,1.0,0.8505927483240764,220.0,249.0,30.0,30.0,1910.0,576.5,1904.0734686470023,606.664669903193,105.92087349038675,,1.0,0.0,0.0,1.0,1.0,1.0,0.8547893816774542,739.0,749.0,11.0,11.0,1904.5,359.0,1779.4822544853482,376.91942201336497,132.0,490.0,247.66503719187466,0.4265313529976993,-247.66466990319304,0.8024308597756572,0.764053463935852,0.9572901725769043,0.0,0.0,0.0,0.0,1.0,1.0
SNPT-068,0,27.0,0.0024511916633855437,0.9347947495324271,0.0958904109589041,1.0,0.821917808219178,1.0,0.8917587309667508,568.0,640.0,73.0,73.0,11.0,643.5,13.643175765141567,354.59035152307547,101.3208743352176,,1.0,0.0,0.0,0.0,1.0,1.0,0.8767495534636758,739.0,749.0,11.0,11.0,1905.0,228.0,1816.9596579100748,258.83671031986154,119.62493649805059,99.0,1895.588497981169,1891.3568242348583,-126.59035152307547,0.8469879048744049,0.7284912467002869,0.9744411706924438,0.0,0.0,0.0,0.0,1.0,0.0
SNPT-068,0,,1.0,0.0,0.0,1.0,0.7142857142857143,1.0,0.8657521690641131,0.0,6.0,7.0,7.0,47.5,661.5,14.054878650022125,648.605172488991,119.12162940024537,,1.0,0.0,0.0,1.0,0.9375,1.0,0.8779287009189526,224.0,319.0,96.0,96.0,10.0,523.0,8.755008624755977,620.2305569926373,107.25636221621888,218.0,125.67060673385637,-4.054878650022125,-125.605172488991,1.1106252994121433,0.8569524884223938,0.9643480181694031,0.0,0.0,0.0,1.0,0.0,0.0
SNPT-068,0,10.0,0.1076690724735149,0.9540020576337489,0.07167832167832168,1.0,0.9825174825174825,1.0,0.9198286596920107,0.0,571.0,572.0,572.0,884.0,608.0,1907.7435139183476,594.7552017707533,99.08259401216293,27.0,0.001965134292018489,0.9967590249501742,0.8,0.0,1.0,1.0,0.876039484831003,579.0,643.0,65.0,65.0,16.5,661.5,8.774098905549293,357.9823467237093,108.99382507030214,8.0,1892.420909055087,-1891.2435139183476,66.74479822924673,0.9090661232253628,0.8186230659484863,0.9667916893959045,0.0,1.0,1.0,0.0,1.0,1.0
SNPT-068,1,,1.0,0.0,0.0,1.0,0.7142857142857143,1.0,0.8657521690641131,0.0,6.0,7.0,7.0,47.5,661.5,14.054878650022125,648.605172488991,119.12162940024537,,1.0,0.0,0.0,1.0,0.9481132075471698,1.0,0.8808343396434244,498.0,749.0,252.0,212.0,13.0,805.0,70.36276862323227,386.4255532088676,127.14228098280333,492.0,156.39838503374813,-1.0548786500221254,156.394827511009,0.936915937636491,0.9251407384872437,0.9748841524124146,0.0,0.0,0.0,1.0,0.0,0.0
SNPT-068,0,8.0,0.0206127115336827,0.9943532550588567,0.07952622673434856,0.0,0.9120135363790186,1.0,0.9035816943988381,0.0,590.0,591.0,591.0,1194.5,541.0,1905.107152652409,589.8614027556728,97.59247090786842,,1.0,0.0,0.0,1.0,1.0,1.0,0.836565825674269,741.0,749.0,9.0,9.0,1903.0,172.0,1834.052618873956,217.639220910419,101.9436507854157,151.0,417.8667155986932,-2.107152652409013,-417.86140275567277,0.9573177942517851,0.8410027027130127,0.9351187944412231,0.0,0.0,0.0,0.0,1.0,1.0
SNPT-068,1,27.0,0.00835888905507963,0.9851634090855008,0.6774193548387096,0.0,1.0,1.0,0.8238070386071359,145.0,330.0,186.0,186.0,29.0,734.5,26.995599474357924,737.7013566331757,150.91327525700888,27.0,0.001965134292018489,0.9967590249501742,0.8,0.0,1.0,1.0,0.876039484831003,579.0,643.0,65.0,65.0,16.5,661.5,8.774098905549293,357.9823467237093,108.99382507030214,249.0,76.92076677375604,-10.495599474357924,-76.20135663317569,1.3846038998967902,0.8711893558502197,0.9748853445053101,1.0,0.0,1.0,1.0,0.0,1.0
SNPT-068,0,,1.0,0.0,0.0,1.0,0.7142857142857143,1.0,0.8657521690641131,0.0,6.0,7.0,7.0,47.5,661.5,14.054878650022125,648.605172488991,119.12162940024537,,1.0,0.0,0.0,0.0,1.0,1.0,0.8218615278601646,742.0,749.0,8.0,8.0,1907.5,362.0,1856.843031369483,368.5689010339985,130.06174600812284,736.0,1915.0135645633104,1893.4451213499779,-286.605172488991,0.9158852088054068,0.8743778467178345,0.9632588624954224,0.0,0.0,0.0,0.0,1.0,0.0
SNPT-068,0,,1.0,0.0,0.0,1.0,0.9375,1.0,0.8779287009189526,224.0,319.0,96.0,96.0,10.0,523.0,8.755008624755977,620.2305569926373,107.25636221621888,27.0,0.001965134292018489,0.9967590249501742,0.8,0.0,1.0,1.0,0.876039484831003,579.0,643.0,65.0,65.0,16.5,661.5,8.774098905549293,357.9823467237093,108.99382507030214,260.0,41.98990137569466,7.744991375244023,41.269443007362725,0.9840590707504523,0.7651031613349915,0.9538885354995728,0.0,0.0,0.0,0.0,1.0,1.0
SNPT-068,0,,1.0,0.0,0.0,1.0,0.9375,1.0,0.8779287009189526,224.0,319.0,96.0,96.0,10.0,523.0,8.755008624755977,620.2305569926373,107.25636221621888,,1.0,0.0,0.0,0.0,1.0,1.0,0.8218615278601646,742.0,749.0,8.0,8.0,1907.5,362.0,1856.843031369483,368.5689010339985,130.06174600812284,423.0,1916.2242986762544,1898.7449913752441,-258.2305569926373,0.8246572532520078,0.7547010779380798,0.9001298546791077,0.0,0.0,0.0,0.0,1.0,1.0
SNPT-068,1,,1.0,0.0,0.0,1.0,0.9918367346938776,1.0,0.9093555406648286,126.0,370.0,245.0,245.0,26.0,345.5,7.037816884766628,400.4888918410841,69.97709739429453,,1.0,0.0,0.0,1.0,0.984251968503937,1.0,0.9021386257776125,496.0,749.0,254.0,254.0,9.0,514.5,425.1799145104206,267.57559670496687,91.60682933416012,126.0,114.02799194146023,1.9621831152333717,114.01110815891587,0.7638851590314798,0.9298616647720337,0.9888865351676941,0.0,0.0,0.0,1.0,0.0,1.0
SNPT-068,0,,1.0,0.0,0.0,0.0,1.0,0.015384615384615385,0.5464609543482463,360.0,554.0,195.0,195.0,1903.5,359.5,1911.9741914274796,408.27401171768486,80.34343856445902,,1.0,0.0,0.0,0.0,1.0,1.0,0.8218615278601646,742.0,749.0,8.0,8.0,1907.5,362.0,1856.843031369483,368.5689010339985,130.06174600812284,188.0,46.489811242660124,-4.474191427479582,-46.27401171768486,0.6177330462674342,0.6884390115737915,0.9344682097434998,0.0,0.0,0.0,1.0,0.0,1.0
SNPT-068,0,24.0,0.0502560530195171,0.9276072434757067,0.7263157894736842,1.0,0.9052631578947369,1.0,0.8825086461870294,0.0,94.0,95.0,95.0,1600.5,755.5,1911.342583743663,753.1151617605428,127.45492730518991,,1.0,0.0,0.0,1.0,1.0,1.0,0.836565825674269,741.0,749.0,9.0,9.0,1903.0,172.0,1834.052618873956,217.639220910419,101.9436507854157,647.0,581.1750424196671,-8.342583743662999,-581.1151617605428,1.2502488023846985,0.793129026889801,0.9190903902053833,0.0,0.0,0.0,1.0,0.0,1.0
SNPT-068,1,,1.0,0.0,0.0,1.0,0.9917491749174917,1.0,0.8993519552470041,0.0,605.0,606.0,606.0,1024.0,380.5,1913.4025981836062,420.7426992010845,82.88172285456871,,1.0,0.0,0.0,1.0,1.0,1.0,0.836565825674269,741.0,749.0,9.0,9.0,1903.0,172.0,1834.052618873956,217.639220910419,101.9436507854157,136.0,248.96012623472615,-10.402598183606187,-248.74269920108452,0.8130150550427998,0.887316882610321,0.959863007068634,0.0,0.0,0.0,1.0,0.0,1.0
SNPT-068,0,,1.0,0.0,0.0,1.0,0.9375,1.0,0.8779287009189526,224.0,319.0,96.0,96.0,10.0,523.0,8.755008624755977,620.2305569926373,107.25636221621888,,1.0,0.0,0.0,1.0,1.0,1.0,0.8547893816774542,739.0,749.0,11.0,11.0,1904.5,359.0,1779.4822544853482,376.91942201336497,132.0,420.0,1913.6589236933023,1895.7449913752441,-261.2305569926373,0.8125481986077188,0.7296958565711975,0.9110289216041565,0.0,0.0,0.0,1.0,0.0,1.0
SNPT-068,1,,1.0,0.0,0.0,1.0,0.7142857142857143,1.0,0.8657521690641131,0.0,6.0,7.0,7.0,47.5,661.5,14.054878650022125,648.605172488991,119.12162940024537,8.0,0.02039659474388772,0.9857678115367889,0.518796992481203,1.0,0.9887218045112782,1.0,0.8770187259616709,118.0,383.0,266.0,266.0,18.5,864.5,11.360332927030782,690.0374397115665,136.1590499188832,112.0,215.94058360999296,4.445121349977875,215.894827511009,0.8748711853616202,0.9078050255775452,0.9517011046409607,0.0,0.0,0.0,1.0,0.0,0.0
SNPT-068,0,24.0,0.0502560530195171,0.9276072434757067,0.7263157894736842,1.0,0.9052631578947369,1.0,0.8825086461870294,0.0,94.0,95.0,95.0,1600.5,755.5,1911.342583743663,753.1151617605428,127.45492730518991,,1.0,0.0,0.0,0.0,1.0,1.0,0.8767495534636758,739.0,749.0,11.0,11.0,1905.0,228.0,1816.9596579100748,258.83671031986154,119.62493649805059,645.0,525.1534646932707,-6.342583743662999,-525.1151617605428,1.0654545033532112,0.7133135795593262,0.9442316293716431,0.0,0.0,0.0,0.0,1.0,1.0
SNPT-068,1,,1.0,0.0,0.0,0.0,1.0,0.01593625498007968,0.5459157397072628,0.0,250.0,251.0,251.0,1678.0,317.5,1912.1426613233127,354.96048892258966,82.53886195633093,,1.0,0.0,0.0,0.0,1.0,0.015384615384615385,0.5464609543482463,360.0,554.0,195.0,195.0,1903.5,359.5,1911.9741914274796,408.27401171768486,80.34343856445902,110.0,9.762313023634142,-8.642661323312723,4.539511077410339,1.0273254845834179,0.9577499032020569,0.9944227337837219,0.0,0.0,0.0,1.0,0.0,1.0
SNPT-068,0,50.0,0.0011075040690400328,0.9937660146403957,0.17452830188679244,0.0,0.9575471698113207,1.0,0.8942899763021829,340.0,592.0,253.0,212.0,1911.5,657.5,1910.7889244648475,588.5859628160999,115.45938445108509,,1.0,0.0,0.0,1.0,1.0,1.0,0.8547893816774542,739.0,749.0,11.0,11.0,1904.5,359.0,1779.4822544853482,376.91942201336497,132.0,147.0,229.67208122259913,-6.288924464847469,-229.58596281609994,0.8746923064476143,0.7768163681030273,0.9311814308166504,0.0,0.0,0.0,0.0,1.0,1.0
SNPT-068,0,24.0,0.0502560530195171,0.9276072434757067,0.7263157894736842,1.0,0.9052631578947369,1.0,0.8825086461870294,0.0,94.0,95.0,95.0,1600.5,755.5,1911.342583743663,753.1151617605428,127.45492730518991,,1.0,0.0,0.0,0.0,1.0,0.015384615384615385,0.5464609543482463,360.0,554.0,195.0,195.0,1903.5,359.5,1911.9741914274796,408.27401171768486,80.34343856445902,266.0,393.6932837724752,-7.842583743662999,-393.61516176054283,1.5863763062982879,0.6897231340408325,0.9235963821411133,0.0,0.0,0.0,0.0,1.0,1.0
SNPT-068,1,10.0,0.1076690724735149,0.9540020576337489,0.07167832167832168,1.0,0.9825174825174825,1.0,0.9198286596920107,0.0,571.0,572.0,572.0,884.0,608.0,1907.7435139183476,594.7552017707533,99.08259401216293,,1.0,0.0,0.0,1.0,1.0,1.0,0.8547893816774542,739.0,749.0,11.0,11.0,1904.5,359.0,1779.4822544853482,376.91942201336497,132.0,168.0,235.77751280498975,-3.2435139183476167,-235.75520177075327,0.7506257122133555,0.8901770114898682,0.9484672546386719,0.0,0.0,0.0,1.0,0.0,1.0
SNPT-068,0,,1.0,0.0,0.0,0.0,1.0,0.01593625498007968,0.5459157397072628,0.0,250.0,251.0,251.0,1678.0,317.5,1912.1426613233127,354.96048892258966,82.53886195633093,,1.0,0.0,0.0,0.0,1.0,1.0,0.8218615278601646,742.0,749.0,8.0,8.0,1907.5,362.0,1856.843031369483,368.5689010339985,130.06174600812284,492.0,8.432616460622807,-4.642661323312723,7.039511077410339,0.6346129010998828,0.7222570180892944,0.9186081886291504,0.0,0.0,0.0,1.0,0.0,1.0
SNPT-068,0,4.0,0.005973236030504533,0.9990502376000858,0.6518987341772152,1.0,0.9873417721518988,1.0,0.8521349098108992,154.0,331.0,178.0,158.0,12.5,737.5,10.911769667481305,737.4688650575345,153.8210250561317,,1.0,0.0,0.0,1.0,1.0,1.0,0.8547893816774542,739.0,749.0,11.0,11.0,1904.5,359.0,1779.4822544853482,376.91942201336497,132.0,408.0,1931.0398928742457,1893.5882303325186,-378.46886505753446,1.1653107958797857,0.7316389083862305,0.9006069898605347,0.0,0.0,0.0,1.0,0.0,1.0
SNPT-068,1,,1.0,0.0,0.0,1.0,0.9,1.0,0.8816148579120636,0.0,19.0,20.0,20.0,295.5,479.0,7.8563139432475095,497.585454633751,115.23351088596262,17.0,0.2812490215030266,0.8869182268778483,0.0187207488299532,1.0,0.9937597503900156,1.0,0.9013838821007941,109.0,749.0,641.0,641.0,13.5,509.5,450.27261452192613,295.5135864992802,104.95068911229815,90.0,13.183610415648213,5.6436860567524905,11.914545366249001,1.0979776489381767,0.9419280290603638,0.9757333993911743,0.0,0.0,0.0,1.0,0.0,0.0
SNPT-068,0,27.0,0.0024511916633855437,0.9347947495324271,0.0958904109589041,1.0,0.821917808219178,1.0,0.8917587309667508,568.0,640.0,73.0,73.0,11.0,643.5,13.643175765141567,354.59035152307547,101.3208743352176,,1.0,0.0,0.0,0.0,1.0,1.0,0.8218615278601646,742.0,749.0,8.0,8.0,1907.5,362.0,1856.843031369483,368.5689010339985,130.06174600812284,102.0,1893.8713191744296,1893.8568242348583,7.409648476924531,0.7790213298296774,0.8066349029541016,0.9525764584541321,0.0,0.0,0.0,0.0,1.0,0.0
SNPT-068,0,24.0,0.0502560530195171,0.9276072434757067,0.7263157894736842,1.0,0.9052631578947369,1.0,0.8825086461870294,0.0,94.0,95.0,95.0,1600.5,755.5,1911.342583743663,753.1151617605428,127.45492730518991,,1.0,0.0,0.0,0.0,1.0,1.0,0.8505927483240764,220.0,249.0,30.0,30.0,1910.0,576.5,1904.0734686470023,606.664669903193,105.92087349038675,126.0,176.62026467767356,-1.342583743662999,-176.61516176054283,1.2033032121544727,0.7691994905471802,0.9155629873275757,0.0,0.0,0.0,0.0,1.0,1.0
SNPT-068,0,,1.0,0.0,0.0,0.0,1.0,0.01593625498007968,0.5459157397072628,0.0,250.0,251.0,251.0,1678.0,317.5,1912.1426613233127,354.96048892258966,82.53886195633093,,1.0,0.0,0.0,1.0,1.0,1.0,0.8547893816774542,739.0,749.0,11.0,11.0,1904.5,359.0,1779.4822544853482,376.91942201336497,132.0,489.0,8.64453132606858,-7.642661323312723,4.039511077410339,0.6252944087600828,0.7050122022628784,0.9313277006149292,0.0,0.0,0.0,0.0,1.0,1.0
SNPT-068,0,,1.0,0.0,0.0,1.0,0.7142857142857143,1.0,0.8657521690641131,0.0,6.0,7.0,7.0,47.5,661.5,14.054878650022125,648.605172488991,119.12162940024537,27.0,0.0024511916633855437,0.9347947495324271,0.0958904109589041,1.0,0.821917808219178,1.0,0.8917587309667508,568.0,640.0,73.0,73.0,11.0,643.5,13.643175765141567,354.59035152307547,101.3208743352176,562.0,5.9493755730086155,-3.0548786500221254,-5.105172488991002,1.1756869468588913,0.8515477180480957,0.9691758155822754,0.0,0.0,0.0,1.0,0.0,0.0
SNPT-068,0,,1.0,0.0,0.0,1.0,0.9,1.0,0.8816148579120636,0.0,19.0,20.0,20.0,295.5,479.0,7.8563139432475095,497.585454633751,115.23351088596262,,1.0,0.0,0.0,1.0,0.9918367346938776,1.0,0.9093555406648286,126.0,370.0,245.0,245.0,26.0,345.5,7.037816884766628,400.4888918410841,69.97709739429453,107.0,153.16389540254167,18.14368605675249,-152.085454633751,1.6467317904980436,0.864776074886322,0.9778832793235779,0.0,0.0,0.0,1.0,0.0,0.0
SNPT-068,0,,1.0,0.0,0.0,1.0,0.7142857142857143,1.0,0.8657521690641131,0.0,6.0,7.0,7.0,47.5,661.5,14.054878650022125,648.605172488991,119.12162940024537,,1.0,0.0,0.0,0.0,1.0,1.0,0.8505927483240764,220.0,249.0,30.0,30.0,1910.0,576.5,1904.0734686470023,606.664669903193,105.92087349038675,214.0,1897.3157510204908,1895.9451213499779,-72.105172488991,1.124628465333197,0.7838519811630249,0.966843843460083,0.0,0.0,0.0,0.0,1.0,0.0
SNPT-068,0,4.0,0.005973236030504533,0.9990502376000858,0.6518987341772152,1.0,0.9873417721518988,1.0,0.8521349098108992,154.0,331.0,178.0,158.0,12.5,737.5,10.911769667481305,737.4688650575345,153.8210250561317,,1.0,0.0,0.0,1.0,1.0,1.0,0.836565825674269,741.0,749.0,9.0,9.0,1903.0,172.0,1834.052618873956,217.639220910419,101.9436507854157,410.0,1974.779205053643,1892.0882303325186,-565.4688650575345,1.508882837440404,0.6989816427230835,0.8832322359085083,0.0,0.0,0.0,1.0,0.0,1.0
SNPT-068,1,8.0,0.02039659474388772,0.9857678115367889,0.518796992481203,1.0,0.9887218045112782,1.0,0.8770187259616709,118.0,383.0,266.0,266.0,18.5,864.5,11.360332927030782,690.0374397115665,136.1590499188832,,1.0,0.0,0.0,1.0,0.9481132075471698,1.0,0.8808343396434244,498.0,749.0,252.0,212.0,13.0,805.0,70.36276862323227,386.4255532088676,127.14228098280333,115.0,114.97425266633341,1.6396670729692175,114.96256028843345,1.0709187287374484,0.951130747795105,0.9866601228713989,0.0,0.0,0.0,1.0,0.0,1.0
SNPT-068,0,,1.0,0.0,0.0,1.0,0.7142857142857143,1.0,0.8657521690641131,0.0,6.0,7.0,7.0,47.5,661.5,14.054878650022125,648.605172488991,119.12162940024537,,1.0,0.0,0.0,0.0,1.0,1.0,0.8767495534636758,739.0,749.0,11.0,11.0,1905.0,228.0,1816.9596579100748,258.83671031986154,119.62493649805059,733.0,1937.1582700135207,1890.9451213499779,-420.605172488991,0.9957926239081981,0.7612941265106201,0.967812180519104,0.0,0.0,0.0,0.0,1.0,0.0
SNPT-068,0,8.0,0.0206127115336827,0.9943532550588567,0.07952622673434856,0.0,0.9120135363790186,1.0,0.9035816943988381,0.0,590.0,591.0,591.0,1194.5,541.0,1905.107152652409,589.8614027556728,97.59247090786842,,1.0,0.0,0.0,1.0,1.0,1.0,0.8547893816774542,739.0,749.0,11.0,11.0,1904.5,359.0,1779.4822544853482,376.91942201336497,132.0,149.0,230.8622011431501,-0.6071526524090132,-230.86140275567277,0.739336900817185,0.8228548765182495,0.9557729959487915,0.0,0.0,0.0,0.0,1.0,1.0
SNPT-068,0,,1.0,0.0,0.0,1.0,0.9,1.0,0.8816148579120636,0.0,19.0,20.0,20.0,295.5,479.0,7.8563139432475095,497.585454633751,115.23351088596262,27.0,0.0024511916633855437,0.9347947495324271,0.0958904109589041,1.0,0.821917808219178,1.0,0.8917587309667508,568.0,640.0,73.0,73.0,11.0,643.5,13.643175765141567,354.59035152307547,101.3208743352176,549.0,145.94840633409655,3.1436860567524905,145.914545366249,1.1373126381116236,0.7638698816299438,0.9623286128044128,0.0,0.0,0.0,1.0,0.0,0.0
SNPT-069,0,,1.0,0.0,0.0,1.0,1.0,1.0,0.8595020293425291,0.0,467.0,468.0,468.0,1747.5,355.5,1908.598751661967,372.9962558795462,76.13528746039619,,1.0,0.0,0.0,1.0,1.0,1.0,0.8223517855008443,660.0,749.0,90.0,90.0,1891.5,429.5,1594.3588456621264,429.0460212433271,121.2774620203269,193.0,59.03423081592018,-17.09875166196707,56.5037441204538,0.6277777106486233,0.8827852010726929,0.9721581339836121,0.0,0.0,0.0,1.0,0.0,1.0
SNPT-069,0,,1.0,0.0,0.0,0.0,1.0,1.0,0.8587902775667247,0.0,205.0,206.0,206.0,198.0,457.5,11.813822958954072,486.78636671645825,104.20110653441743,4.0,0.08696142921689898,0.9102311611175538,0.06666666666666667,1.0,0.9933333333333333,1.0,0.8486007368564605,208.0,357.0,150.0,150.0,1908.0,492.0,1912.4532665871534,490.7268556339521,96.16064361803608,3.0,1896.1933445652508,1896.186177041046,5.213633283541753,1.0836149032895332,0.7293839454650879,0.9544668197631836,0.0,0.0,0.0,0.0,1.0,1.0
SNPT-069,1,,1.0,0.0,0.0,0.0,1.0,1.0,0.7482251485188802,0.0,14.0,15.0,15.0,32.5,603.0,20.60656341095463,598.8125255627696,140.0,15.0,0.00016913085320645197,0.999986944122052,0.9931662870159453,0.0,1.0,1.0,0.813142849399723,311.0,749.0,439.0,439.0,16.0,645.0,322.97705145040044,511.46547119084283,132.79684790706713,297.0,46.416626561491526,-4.606563410954632,46.187474437230435,1.0542418905753976,0.8884338140487671,0.8499104380607605,0.0,0.0,0.0,1.0,0.0,1.0
SNPT-069,0,,1.0,0.0,0.0,1.0,1.0,1.0,0.8595020293425291,0.0,467.0,468.0,468.0,1747.5,355.5,1908.598751661967,372.9962558795462,76.13528746039619,4.0,0.007405521874254012,0.9959066929295659,0.5470085470085471,0.0,1.0,1.0,0.8447902666197883,633.0,749.0,117.0,117.0,1902.5,453.0,1528.5155951776067,431.0268699229913,125.89403702625114,166.0,80.23586383360868,-6.098751661967071,80.0037441204538,0.6047568992050086,0.678404688835144,0.9547566771507263,0.0,0.0,0.0,0.0,1.0,1.0
SNPT-069,0,,1.0,0.0,0.0,0.0,1.0,1.0,0.7482251485188802,0.0,14.0,15.0,15.0,32.5,603.0,20.60656341095463,598.8125255627696,140.0,4.0,0.007405521874254012,0.9959066929295659,0.5470085470085471,0.0,1.0,1.0,0.8447902666197883,633.0,749.0,117.0,117.0,1902.5,453.0,1528.5155951776067,431.0268699229913,125.89403702625114,619.0,1887.5338935467942,1881.8934365890455,-145.81252556276957,1.1120463153533438,0.7412484884262085,0.9524554014205933,0.0,0.0,0.0,1.0,0.0,1.0
SNPT-069,1,4.0,0.01774175637864016,0.9870871901512146,0.2,0.0,0.9777777777777777,1.0,0.8340335947094542,0.0,494.0,495.0,495.0,679.5,431.5,1911.0375593173972,407.00867639420267,88.03475355929861,4.0,0.007405521874254012,0.9959066929295659,0.5470085470085471,0.0,1.0,1.0,0.8447902666197883,633.0,749.0,117.0,117.0,1902.5,453.0,1528.5155951776067,431.0268699229913,125.89403702625114,139.0,46.77704315271804,-8.537559317397154,45.991323605797334,0.6992765951332691,0.906302809715271,0.9851968288421631,1.0,0.0,1.0,1.0,0.0,1.0
SNPT-069,1,,1.0,0.0,0.0,0.0,1.0,1.0,0.8587902775667247,0.0,205.0,206.0,206.0,198.0,457.5,11.813822958954072,486.78636671645825,104.20110653441743,5.0,0.0023742288974501163,0.9993337295976357,0.6196868008948546,0.0,1.0,1.0,0.842424067341508,303.0,749.0,447.0,447.0,10.0,513.0,547.5560518289359,367.07314104924325,101.43475644774209,98.0,26.27631107386341,-1.8138229589540718,26.213633283541753,1.0272722110601265,0.9202955961227417,0.9775418639183044,0.0,0.0,0.0,1.0,0.0,1.0
SNPT-069,0,17.0,0.0626934648646511,0.974792716079864,0.2822085889570552,1.0,0.9754601226993865,1.0,0.8788831327834256,0.0,549.0,550.0,489.0,1754.0,586.5,1904.460187174317,432.23881161546774,122.09997523865542,,1.0,0.0,0.0,1.0,1.0,1.0,0.8223517855008443,660.0,749.0,90.0,90.0,1891.5,429.5,1594.3588456621264,429.0460212433271,121.2774620203269,111.0,13.246416143936958,-12.96018717431707,-2.738811615467739,1.0067820780928831,0.8584243059158325,0.9784573912620544,0.0,0.0,0.0,1.0,0.0,1.0
SNPT-069,0,44.0,0.011616526525879451,0.9790547357905994,0.9166666666666666,0.0,0.9933333333333333,1.0,0.8004694696267446,0.0,299.0,300.0,300.0,952.0,764.0,1903.0968987367255,671.9424435803421,154.2453078640366,5.0,0.0023742288974501163,0.9993337295976357,0.6196868008948546,0.0,1.0,1.0,0.842424067341508,303.0,749.0,447.0,447.0,10.0,513.0,547.5560518289359,367.07314104924325,101.43475644774209,4.0,1899.7575025191763,-1893.0968987367255,-158.94244358034211,1.5206356604553177,0.8438087105751038,0.9614692330360413,0.0,1.0,1.0,1.0,0.0,1.0
SNPT-069,0,3.0,0.024923880817368627,0.996231734752655,0.05194805194805195,1.0,0.987012987012987,1.0,0.879630391473894,218.0,294.0,77.0,77.0,1907.5,588.0,1910.1000967207724,580.53535207953,100.79303252219233,4.0,0.007405521874254012,0.9959066929295659,0.5470085470085471,0.0,1.0,1.0,0.8447902666197883,633.0,749.0,117.0,117.0,1902.5,453.0,1528.5155951776067,431.0268699229913,125.89403702625114,339.0,127.76160417048136,-7.600096720772399,-127.53535207952996,0.8006180030685266,0.6597860455513,0.9380806684494019,0.0,1.0,1.0,0.0,1.0,1.0
SNPT-069,0,10.0,0.011086987920441273,0.9891340026093013,0.5353260869565217,0.0,0.9293478260869565,1.0,0.8666210070900295,0.0,367.0,368.0,368.0,941.5,508.0,1913.3886885120912,602.4908025801991,93.23109123140098,4.0,0.007405521874254012,0.9959066929295659,0.5470085470085471,0.0,1.0,1.0,0.8447902666197883,633.0,749.0,117.0,117.0,1902.5,453.0,1528.5155951776067,431.0268699229913,125.89403702625114,266.0,149.88683595828357,-10.888688512091221,-149.4908025801991,0.740552082001792,0.8347541689872742,0.9710630178451538,0.0,1.0,1.0,1.0,0.0,1.0
SNPT-069,0,28.0,0.001875864403302785,0.9997613549232482,0.2564102564102564,1.0,0.9743589743589743,1.0,0.9006374745796888,216.0,293.0,78.0,78.0,1912.0,703.0,1910.567983995058,699.1391577741299,108.6446983124648,5.0,0.0023742288974501163,0.9993337295976357,0.6196868008948546,0.0,1.0,1.0,0.842424067341508,303.0,749.0,447.0,447.0,10.0,513.0,547.5560518289359,367.07314104924325,101.43475644774209,10.0,1909.6613437580763,-1900.567983995058,-186.1391577741299,1.071079599510225,0.7740634679794312,0.9477890133857727,0.0,1.0,1.0,0.0,1.0,1.0
SNPT-070,1,36.0,0.016403391459492083,0.9871806298913403,0.7343358395989975,0.0,1.0,1.0,0.8058636526117349,0.0,398.0,399.0,399.0,738.5,828.0,11.717580820310864,736.9536830346689,163.49875428809688,36.0,0.006902352095512653,0.9984712233447065,0.43612334801762115,0.0,1.0,1.0,0.8662489017200891,523.0,749.0,227.0,227.0,9.0,758.0,1057.7211875199582,789.7841368191575,118.83952959579392,125.0,21.22104387913343,-2.7175808203108645,21.04631696533113,1.3757943576872218,0.9462631940841675,0.9842560887336731,1.0,0.0,1.0,1.0,0.0,1.0
SNPT-070,0,9.0,0.08797084697212804,0.9448357351775308,0.8046875,1.0,1.0,1.0,0.8630206841044128,0.0,127.0,128.0,128.0,189.0,580.5,20.597264124855695,554.4035849472116,144.0922360970742,17.0,0.1480925255885571,0.9073866307735443,0.2,1.0,1.0,1.0,0.8504087848990571,134.0,676.0,543.0,510.0,1899.5,534.5,1905.543613097013,400.80531078092736,108.32960272661416,7.0,1879.008154206057,1878.9027358751443,-19.903584947211584,1.3301279841366387,0.8195593953132629,0.9751245379447937,0.0,1.0,1.0,1.0,0.0,1.0
SNPT-070,0,5.0,0.03362150138622787,0.95028797464986,0.23308270676691728,0.0,1.0,1.0,0.8090185366178814,0.0,132.0,133.0,133.0,283.5,365.0,7.384008052996711,367.3341608137741,102.49765363003486,15.0,0.0011104880315709214,0.9998747001231556,0.4226190476190476,0.0,0.9821428571428571,1.0,0.8708210012742451,582.0,749.0,168.0,168.0,12.5,602.5,1077.2604255808444,634.2338596457337,94.3366111848635,450.0,235.22148136121342,5.115991947003289,235.16583918622592,1.0865098114366103,0.7485443353652954,0.9788987636566162,0.0,1.0,1.0,1.0,0.0,1.0
SNPT-070,1,8.0,0.006492288204513761,0.9979930638142351,0.5023696682464455,0.0,1.0,1.0,0.7858054355422467,0.0,222.0,223.0,211.0,940.0,522.5,5.422572861586448,448.6703257070271,124.75232494302182,8.0,0.03750517849779995,0.9774372629952013,0.2893401015228426,0.0,0.9949238578680203,1.0,0.8375650511175243,553.0,749.0,197.0,197.0,7.5,520.5,1312.7442320930681,629.5929533324224,83.06110889536887,331.0,71.85970924342787,2.077427138413552,71.82967429297292,1.5019342578266188,0.8814282417297363,0.9781243205070496,1.0,0.0,1.0,1.0,0.0,1.0
SNPT-070,0,50.0,0.08328947983682156,0.9489163955052694,0.0057692307692307696,1.0,0.9384615384615385,1.0,0.8285743471521597,119.0,638.0,520.0,520.0,1911.5,386.0,1905.2495683594093,335.10501617150504,75.79864676373805,,1.0,0.0,0.0,0.0,1.0,1.0,0.7313313484191895,656.0,749.0,94.0,94.0,7.5,415.0,700.8095384753135,464.55059580120195,72.44354215810041,18.0,1899.4306074845904,-1897.7495683594093,79.89498382849496,1.0463133704632426,0.7542465925216675,0.9575304388999939,0.0,0.0,0.0,0.0,1.0,1.0
SNPT-070,0,5.0,0.03362150138622787,0.95028797464986,0.23308270676691728,0.0,1.0,1.0,0.8090185366178814,0.0,132.0,133.0,133.0,283.5,365.0,7.384008052996711,367.3341608137741,102.49765363003486,,1.0,0.0,0.0,0.0,0.9766355140186916,1.0,0.8016371902461364,536.0,749.0,214.0,214.0,19.0,402.0,1845.2643849915198,521.1596650206345,71.69050164376085,404.0,36.560247200998546,11.61599194700329,34.665839186225924,1.429724318841548,0.7551875114440918,0.96257483959198,0.0,0.0,0.0,1.0,0.0,1.0
SNPT-070,0,15.0,0.0003839072679462284,0.9755076293538256,0.9318181818181818,0.0,1.0,1.0,0.7823537134311416,0.0,128.0,129.0,88.0,27.0,591.0,14.91523297767526,575.9257588555064,153.7738891590445,3.0,0.4207583799958229,0.8377038505342271,0.03501945525291829,1.0,0.9922178988326849,1.0,0.8438093543980372,364.0,620.0,257.0,257.0,1906.5,560.5,1905.82013489468,465.63575309120597,96.4345349611537,236.0,1891.6476640397839,1891.5847670223247,-15.425758855506388,1.5945935677606426,0.8036973476409912,0.8953437209129333,0.0,1.0,0.0,0.0,1.0,1.0
SNPT-070,1,4.0,0.012533427154320473,0.9860603550008236,0.3841642228739003,0.0,0.9824046920821115,1.0,0.8562458793788362,75.0,415.0,341.0,341.0,1909.5,347.5,9.536502621287225,555.1877282400485,105.14806730228877,4.0,0.027921279011025035,0.9539037810431586,0.0967741935483871,0.0,0.989247311827957,1.0,0.8660073280334473,522.0,707.0,186.0,186.0,11.0,521.0,1901.6593445017638,945.7424136950107,101.4651720965071,107.0,34.21903836744845,1.4634973787127752,-34.1877282400485,1.0362971365413811,0.9578069448471069,0.9912518262863159,1.0,0.0,1.0,1.0,0.0,1.0
SNPT-070,0,5.0,0.03362150138622787,0.95028797464986,0.23308270676691728,0.0,1.0,1.0,0.8090185366178814,0.0,132.0,133.0,133.0,283.5,365.0,7.384008052996711,367.3341608137741,102.49765363003486,,1.0,0.0,0.0,0.0,1.0,1.0,0.7313313484191895,656.0,749.0,94.0,94.0,7.5,415.0,700.8095384753135,464.55059580120195,72.44354215810041,524.0,47.665980315723296,0.1159919470032893,47.665839186225924,1.4148625340039904,0.7130383849143982,0.9641519784927368,0.0,0.0,0.0,1.0,0.0,1.0
SNPT-070,0,36.0,0.016403391459492083,0.9871806298913403,0.7343358395989975,0.0,1.0,1.0,0.8058636526117349,0.0,398.0,399.0,399.0,738.5,828.0,11.717580820310864,736.9536830346689,163.49875428809688,,1.0,0.0,0.0,0.0,0.9766355140186916,1.0,0.8016371902461364,536.0,749.0,214.0,214.0,19.0,402.0,1845.2643849915198,521.1596650206345,71.69050164376085,138.0,335.0328392972816,7.2824191796891355,-334.95368303466887,2.2806194759320113,0.8628746271133423,0.9301695227622986,0.0,0.0,0.0,1.0,0.0,1.0
SNPT-070,0,14.0,0.00046976508410857283,0.999944620119418,0.6559139784946236,0.0,1.0,1.0,0.8451340367289855,89.0,367.0,279.0,279.0,1900.5,519.5,8.987195647882618,445.1227170220661,109.61797729290154,9.0,0.04961957602677103,0.9756803986977558,0.28654970760233917,1.0,0.9707602339181286,1.0,0.879836734972502,535.0,749.0,215.0,171.0,5.0,430.0,404.5650697068645,571.6835444602295,73.79381715911101,168.0,15.639510838385664,-3.9871956478826185,-15.122717022066126,1.4854628953066358,0.8271864056587219,0.9621977210044861,0.0,1.0,1.0,0.0,1.0,1.0
SNPT-070,1,5.0,0.03362150138622787,0.95028797464986,0.23308270676691728,0.0,1.0,1.0,0.8090185366178814,0.0,132.0,133.0,133.0,283.5,365.0,7.384008052996711,367.3341608137741,102.49765363003486,5.0,0.0002499961752551759,0.9999765555063883,0.16463414634146342,0.0,0.9695121951219512,1.0,0.8288403091634192,586.0,749.0,164.0,164.0,12.0,439.0,1701.2260946391739,556.8461267099254,71.36634594966065,454.0,71.81434319076374,4.615991947003289,71.66583918622592,1.4362183220412204,0.8036468029022217,0.9764565229415894,1.0,0.0,1.0,1.0,0.0,1.0
SNPT-070,0,5.0,0.03362150138622787,0.95028797464986,0.23308270676691728,0.0,1.0,1.0,0.8090185366178814,0.0,132.0,133.0,133.0,283.5,365.0,7.384008052996711,367.3341608137741,102.49765363003486,27.0,0.008738444863969231,0.9978810724886981,0.40930232558139534,0.0,1.0,1.0,0.8591132244398427,371.0,677.0,307.0,215.0,1909.0,652.5,1912.0079011846851,417.9071622399565,108.95258113565654,239.0,1922.8788148677936,1901.6159919470033,285.1658391862259,0.9407547077972878,0.8161369562149048,0.9798901081085205,0.0,1.0,1.0,1.0,0.0,1.0
SNPT-070,0,30.0,0.02915270953627067,0.9809532034728262,0.4235294117647059,1.0,0.8988235294117647,1.0,0.8155638192681706,0.0,424.0,425.0,425.0,990.5,549.0,9.405084856925553,473.024007684455,110.3333405720162,4.0,0.027921279011025035,0.9539037810431586,0.0967741935483871,0.0,0.989247311827957,1.0,0.8660073280334473,522.0,707.0,186.0,186.0,11.0,521.0,1901.6593445017638,945.7424136950107,101.4651720965071,98.0,48.00249569527444,1.5949151430744468,47.975992315545,1.0874011081070682,0.8128746151924133,0.9601135849952698,0.0,1.0,1.0,0.0,1.0,0.0
SNPT-070,1,14.0,0.00046976508410857283,0.999944620119418,0.6559139784946236,0.0,1.0,1.0,0.8451340367289855,89.0,367.0,279.0,279.0,1900.5,519.5,8.987195647882618,445.1227170220661,109.61797729290154,,1.0,0.0,0.0,0.0,0.9766355140186916,1.0,0.8016371902461364,536.0,749.0,214.0,214.0,19.0,402.0,1845.2643849915198,521.1596650206345,71.69050164376085,169.0,44.26991048510232,10.012804352117382,-43.122717022066126,1.5290446402175717,0.9473626613616943,0.9738667011260986,0.0,0.0,0.0,1.0,0.0,1.0
SNPT-070,0,36.0,0.016403391459492083,0.9871806298913403,0.7343358395989975,0.0,1.0,1.0,0.8058636526117349,0.0,398.0,399.0,399.0,738.5,828.0,11.717580820310864,736.9536830346689,163.49875428809688,4.0,0.027921279011025035,0.9539037810431586,0.0967741935483871,0.0,0.989247311827957,1.0,0.8660073280334473,522.0,707.0,186.0,186.0,11.0,521.0,1901.6593445017638,945.7424136950107,101.4651720965071,124.0,215.95487523663806,-0.7175808203108645,-215.95368303466887,1.6113780808708178,0.877930223941803,0.9492998719215393,0.0,1.0,1.0,1.0,0.0,1.0
SNPT-070,0,9.0,0.08797084697212804,0.9448357351775308,0.8046875,1.0,1.0,1.0,0.8630206841044128,0.0,127.0,128.0,128.0,189.0,580.5,20.597264124855695,554.4035849472116,144.0922360970742,3.0,0.4207583799958229,0.8377038505342271,0.03501945525291829,1.0,0.9922178988326849,1.0,0.8438093543980372,364.0,620.0,257.0,257.0,1906.5,560.5,1905.82013489468,465.63575309120597,96.4345349611537,237.0,1885.91258955919,1885.9027358751443,6.096415052788416,1.4941974486123486,0.8477544784545898,0.9766499400138855,0.0,1.0,0.0,1.0,0.0,1.0
SNPT-070,0,5.0,0.03362150138622787,0.95028797464986,0.23308270676691728,0.0,1.0,1.0,0.8090185366178814,0.0,132.0,133.0,133.0,283.5,365.0,7.384008052996711,367.3341608137741,102.49765363003486,4.0,0.2234802624284168,0.808472934997443,0.07096774193548387,1.0,0.9978494623655914,1.0,0.8484658774509225,159.0,623.0,465.0,465.0,1900.0,412.0,1912.2792831489344,379.68325249554425,91.26157215062797,27.0,1893.1429766828887,1892.6159919470033,44.665839186225924,1.1231195257173703,0.702293336391449,0.9584504961967468,0.0,1.0,0.0,0.0,1.0,1.0
SNPT-070,0,9.0,0.08797084697212804,0.9448357351775308,0.8046875,1.0,1.0,1.0,0.8630206841044128,0.0,127.0,128.0,128.0,189.0,580.5,20.597264124855695,554.4035849472116,144.0922360970742,9.0,0.04961957602677103,0.9756803986977558,0.28654970760233917,1.0,0.9707602339181286,1.0,0.879836734972502,535.0,749.0,215.0,171.0,5.0,430.0,404.5650697068645,571.6835444602295,73.79381715911101,408.0,125.3775362491168,-15.597264124855695,-124.40358494721158,1.9526329121366468,0.9041173458099365,0.9722853302955627,1.0,0.0,1.0,1.0,0.0,1.0
SNPT-070,0,9.0,0.08797084697212804,0.9448357351775308,0.8046875,1.0,1.0,1.0,0.8630206841044128,0.0,127.0,128.0,128.0,189.0,580.5,20.597264124855695,554.4035849472116,144.0922360970742,36.0,0.006902352095512653,0.9984712233447065,0.43612334801762115,0.0,1.0,1.0,0.8662489017200891,523.0,749.0,227.0,227.0,9.0,758.0,1057.7211875199582,789.7841368191575,118.83952959579392,396.0,203.92644938194985,-11.597264124855695,203.59641505278842,1.21249416408136,0.7208594083786011,0.9331334233283997,0.0,1.0,1.0,0.0,1.0,1.0
SNPT-071,1,,1.0,0.0,0.0,0.0,1.0,0.9946236559139785,0.7899884914839139,0.0,185.0,186.0,186.0,632.0,466.5,12.792744905377477,510.90789454264996,80.9711445136067,30.0,0.01588749754891443,0.9897504912482368,0.09944751381215469,0.0,0.9833333333333333,0.994475138121547,0.839814616501002,316.0,496.0,181.0,181.0,29.5,516.5,12.015402755511756,628.1066820963949,121.62745488896189,131.0,17.618286416190266,16.707255094622525,5.592105457350044,0.6657308137174143,0.8873270750045776,0.9462440013885498,0.0,0.0,0.0,1.0,0.0,1.0
SNPT-071,0,44.0,0.022862752301662334,0.9858490755318334,0.574468085106383,1.0,0.9969604863221885,1.0,0.854552309020312,0.0,328.0,329.0,329.0,1143.0,582.5,1386.8750299518897,523.552285882532,104.8269345948481,,1.0,0.0,0.0,1.0,1.0,1.0,0.7732163371682979,340.0,486.0,147.0,147.0,32.5,497.5,7.32383188736469,469.30665696613835,106.37272507200483,12.0,1354.6255731222882,-1354.3750299518897,-26.052285882532033,0.9854681688740194,0.7927384972572327,0.9850725531578064,0.0,0.0,0.0,1.0,0.0,1.0
SNPT-071,0,9.0,0.024735144134438645,0.9741472043525213,0.47540983606557374,0.0,0.7213114754098361,1.0,0.8141068014942232,0.0,182.0,183.0,183.0,1101.0,549.5,810.7690178476382,525.6098318473515,93.56164575357438,30.0,0.01588749754891443,0.9897504912482368,0.09944751381215469,0.0,0.9833333333333333,0.994475138121547,0.839814616501002,316.0,496.0,181.0,181.0,29.5,516.5,12.015402755511756,628.1066820963949,121.62745488896189,134.0,781.3221277327939,-781.2690178476382,-9.10983184735153,0.7692477478788831,0.8678305745124817,0.9584921598434448,0.0,1.0,1.0,1.0,0.0,0.0
SNPT-071,1,,1.0,0.0,0.0,0.0,1.0,0.9946236559139785,0.7899884914839139,0.0,185.0,186.0,186.0,632.0,466.5,12.792744905377477,510.90789454264996,80.9711445136067,30.0,0.018637851088492932,0.9796227388083935,0.7453416149068323,0.0,1.0,1.0,0.8264619933892481,589.0,749.0,161.0,161.0,33.5,620.5,695.8079352200957,577.4338944806502,137.40782640869202,404.0,111.53125119054616,20.707255094622525,109.59210545735004,0.5892760742228341,0.9206545352935791,0.9543769359588623,0.0,0.0,0.0,1.0,0.0,1.0
SNPT-071,0,8.0,0.002008290997529454,0.9996776280759954,0.8963414634146342,1.0,1.0,1.0,0.7465595355847987,0.0,163.0,164.0,164.0,308.5,716.5,13.897377986910747,731.3784298947295,131.00182072740935,,1.0,0.0,0.0,1.0,1.0,1.0,0.7732163371682979,340.0,486.0,147.0,147.0,32.5,497.5,7.32383188736469,469.30665696613835,106.37272507200483,177.0,234.61708700728892,18.602622013089253,-233.8784298947295,1.2315358155836735,0.8166601657867432,0.9184190630912781,0.0,0.0,0.0,1.0,0.0,1.0
SNPT-071,0,,1.0,0.0,0.0,1.0,1.0,1.0,0.7868772577821163,0.0,186.0,187.0,171.0,144.0,443.5,11.552372899100021,509.88880430036124,79.39033053981504,25.0,0.021000984303771893,0.959991394847381,0.4296028880866426,0.0,0.6064981949458483,1.0,0.8194859369997514,196.0,749.0,554.0,554.0,739.0,578.0,1143.4866169863499,546.5560359018535,119.1345164362135,10.0,730.6293076207419,727.4476271009,68.11119569963876,0.6663923513914783,0.7956219911575317,0.9675156474113464,0.0,0.0,0.0,0.0,1.0,0.0
SNPT-071,0,30.0,0.01588749754891443,0.9897504912482368,0.09944751381215469,0.0,0.9833333333333333,0.994475138121547,0.839814616501002,316.0,496.0,181.0,181.0,29.5,516.5,12.015402755511756,628.1066820963949,121.62745488896189,10.0,0.0059538285396400275,0.9986628606767938,0.5941176470588235,1.0,0.9176470588235294,1.0,0.8250046067378101,580.0,749.0,170.0,170.0,24.0,358.0,430.4183213088298,316.93690594831065,95.09029847018304,84.0,270.372428853675,11.984597244488244,-270.10668209639493,1.2790732266667557,0.7563267350196838,0.9339441061019897,0.0,1.0,1.0,0.0,1.0,1.0
SNPT-071,1,30.0,0.01588749754891443,0.9897504912482368,0.09944751381215469,0.0,0.9833333333333333,0.994475138121547,0.839814616501002,316.0,496.0,181.0,181.0,29.5,516.5,12.015402755511756,628.1066820963949,121.62745488896189,30.0,0.018637851088492932,0.9796227388083935,0.7453416149068323,0.0,1.0,1.0,0.8264619933892481,589.0,749.0,161.0,161.0,33.5,620.5,695.8079352200957,577.4338944806502,137.40782640869202,93.0,22.791435480756515,21.484597244488242,-7.606682096394934,0.8851566760630172,0.9374498128890991,0.9815570116043091,1.0,0.0,1.0,1.0,0.0,1.0
SNPT-071,0,5.0,0.02277250522165835,0.987632584922454,0.8343558282208589,1.0,0.9938650306748467,1.0,0.7970732618694657,0.0,162.0,163.0,163.0,1061.0,550.0,1037.820734354852,542.3033737797272,93.60890506284075,,1.0,0.0,0.0,1.0,1.0,1.0,0.7732163371682979,340.0,486.0,147.0,147.0,32.5,497.5,7.32383188736469,469.30665696613835,106.37272507200483,178.0,1006.3185982708582,-1005.320734354852,-44.80337377972717,0.8800085266169113,0.831558883190155,0.9339348077774048,0.0,0.0,0.0,1.0,0.0,1.0
SNPT-071,0,,1.0,0.0,0.0,1.0,1.0,1.0,0.7868772577821163,0.0,186.0,187.0,171.0,144.0,443.5,11.552372899100021,509.88880430036124,79.39033053981504,27.0,0.021653236896498746,0.9842962635488346,0.2755344418052256,1.0,0.9263657957244655,1.0,0.8007705949264581,329.0,749.0,421.0,421.0,1418.5,550.0,1508.397033546691,611.8382643908353,140.13309732399838,143.0,1407.519283500339,1406.9476271009,40.111195699638756,0.5665351873031005,0.8460750579833984,0.9754946231842041,0.0,0.0,0.0,1.0,0.0,1.0
SNPT-071,0,9.0,0.024735144134438645,0.9741472043525213,0.47540983606557374,0.0,0.7213114754098361,1.0,0.8141068014942232,0.0,182.0,183.0,183.0,1101.0,549.5,810.7690178476382,525.6098318473515,93.56164575357438,25.0,0.021000984303771893,0.959991394847381,0.4296028880866426,0.0,0.6064981949458483,1.0,0.8194859369997514,196.0,749.0,554.0,554.0,739.0,578.0,1143.4866169863499,546.5560359018535,119.1345164362135,14.0,88.85674786912583,-71.76901784763822,52.39016815264847,0.7853445714338276,0.8641864061355591,0.9785079956054688,0.0,1.0,1.0,1.0,0.0,0.0
SNPT-071,1,,1.0,0.0,0.0,0.0,0.9032258064516129,0.08781869688385269,0.5589422619038871,0.0,352.0,353.0,353.0,1768.0,480.0,1912.611313953791,506.34376101706954,98.44203161604051,1.0,0.048473469686642706,0.985921845986293,0.07975460122699386,0.0,0.9642857142857143,0.08588957055214724,0.5477213960118089,424.0,749.0,326.0,326.0,1890.5,401.0,1471.0517825705188,522.0263173928006,124.41625481385786,72.0,107.63929668101969,-22.11131395379107,-105.34376101706954,0.7912312724998996,0.9884142875671387,0.9970948696136475,0.0,0.0,0.0,1.0,0.0,1.0
SNPT-071,0,,1.0,0.0,0.0,0.0,1.0,0.9946236559139785,0.7899884914839139,0.0,185.0,186.0,186.0,632.0,466.5,12.792744905377477,510.90789454264996,80.9711445136067,10.0,0.0059538285396400275,0.9986628606767938,0.5941176470588235,1.0,0.9176470588235294,1.0,0.8250046067378101,580.0,749.0,170.0,170.0,24.0,358.0,430.4183213088298,316.93690594831065,95.09029847018304,395.0,153.31805758038453,11.207255094622523,-152.90789454264996,0.851518459993018,0.7645105123519897,0.953117847442627,0.0,0.0,0.0,0.0,1.0,1.0
SNPT-071,0,8.0,0.002008290997529454,0.9996776280759954,0.8963414634146342,1.0,1.0,1.0,0.7465595355847987,0.0,163.0,164.0,164.0,308.5,716.5,13.897377986910747,731.3784298947295,131.00182072740935,5.0,0.08205823889418752,0.9457584038957373,0.13628318584070798,1.0,0.5203539823008849,1.0,0.8306976538843813,183.0,749.0,567.0,565.0,807.0,542.0,768.8964059608579,613.4934526770235,116.31830329260093,20.0,815.3992634001027,793.1026220130892,-189.3784298947295,1.1262356569788656,0.8959650993347168,0.9382246732711792,0.0,1.0,1.0,1.0,0.0,0.0
SNPT-071,1,,1.0,0.0,0.0,1.0,1.0,1.0,0.7732163371682979,340.0,486.0,147.0,147.0,32.5,497.5,7.32383188736469,469.30665696613835,106.37272507200483,10.0,0.0059538285396400275,0.9986628606767938,0.5941176470588235,1.0,0.9176470588235294,1.0,0.8250046067378101,580.0,749.0,170.0,170.0,24.0,358.0,430.4183213088298,316.93690594831065,95.09029847018304,94.0,112.54895142958227,16.67616811263531,-111.30665696613835,1.1186496076185894,0.8266857862472534,0.9690038561820984,0.0,0.0,0.0,1.0,0.0,1.0
SNPT-071,0,4.0,0.00011520757258646579,0.9999912609844088,0.8784530386740331,1.0,1.0,1.0,0.8252267063651955,0.0,180.0,181.0,181.0,620.5,540.0,11.289605395483385,640.3400702768306,97.71231465061922,30.0,0.018637851088492932,0.9796227388083935,0.7453416149068323,0.0,1.0,1.0,0.8264619933892481,589.0,749.0,161.0,161.0,33.5,620.5,695.8079352200957,577.4338944806502,137.40782640869202,409.0,29.78137030221944,22.210394604516615,-19.840070276830602,0.7111117117884795,0.6815888285636902,0.9258610010147095,0.0,1.0,1.0,0.0,1.0,1.0
SNPT-071,0,5.0,0.02277250522165835,0.987632584922454,0.8343558282208589,1.0,0.9938650306748467,1.0,0.7970732618694657,0.0,162.0,163.0,163.0,1061.0,550.0,1037.820734354852,542.3033737797272,93.60890506284075,30.0,0.018637851088492932,0.9796227388083935,0.7453416149068323,0.0,1.0,1.0,0.8264619933892481,589.0,749.0,161.0,161.0,33.5,620.5,695.8079352200957,577.4338944806502,137.40782640869202,427.0,1007.3603376187203,-1004.320734354852,78.19662622027283,0.6812487142065681,0.7758996486663818,0.9090516567230225,0.0,1.0,1.0,0.0,1.0,1.0
SNPT-071,0,9.0,0.024735144134438645,0.9741472043525213,0.47540983606557374,0.0,0.7213114754098361,1.0,0.8141068014942232,0.0,182.0,183.0,183.0,1101.0,549.5,810.7690178476382,525.6098318473515,93.56164575357438,10.0,0.0059538285396400275,0.9986628606767938,0.5941176470588235,1.0,0.9176470588235294,1.0,0.8250046067378101,580.0,749.0,170.0,170.0,24.0,358.0,430.4183213088298,316.93690594831065,95.09029847018304,398.0,804.4243551614003,-786.7690178476382,-167.60983184735153,0.9839241989855779,0.8078811764717102,0.9775271415710449,0.0,1.0,1.0,0.0,1.0,0.0
SNPT-071,0,8.0,0.002008290997529454,0.9996776280759954,0.8963414634146342,1.0,1.0,1.0,0.7465595355847987,0.0,163.0,164.0,164.0,308.5,716.5,13.897377986910747,731.3784298947295,131.00182072740935,27.0,0.021653236896498746,0.9842962635488346,0.2755344418052256,1.0,0.9263657957244655,1.0,0.8007705949264581,329.0,749.0,421.0,421.0,1418.5,550.0,1508.397033546691,611.8382643908353,140.13309732399838,166.0,1416.2650389659143,1404.6026220130893,-181.3784298947295,0.9348385444198324,0.9238499402999878,0.9495357275009155,0.0,1.0,1.0,1.0,0.0,1.0
SNPT-071,0,,1.0,0.0,0.0,1.0,1.0,1.0,0.7868772577821163,0.0,186.0,187.0,171.0,144.0,443.5,11.552372899100021,509.88880430036124,79.39033053981504,1.0,0.048473469686642706,0.985921845986293,0.07975460122699386,0.0,0.9642857142857143,0.08588957055214724,0.5477213960118089,424.0,749.0,326.0,326.0,1890.5,401.0,1471.0517825705188,522.0263173928006,124.41625481385786,238.0,1882.100145340323,1878.9476271009,-108.88880430036124,0.6381025586937399,0.6623259782791138,0.9178797602653503,0.0,0.0,0.0,0.0,1.0,1.0
SNPT-072,0,9.0,0.0028649933853710664,0.9966399131367385,0.9826839826839827,0.0,0.9913419913419913,1.0,0.8094571529528796,0.0,230.0,231.0,231.0,139.5,904.0,8.28950044367436,634.1865449281986,151.87479398961142,5.0,0.00036391268586157823,0.9999563455581665,0.25316455696202533,1.0,1.0,1.0,0.8866390751886971,571.0,649.0,79.0,79.0,6.5,530.5,22.169708291589707,578.6701381525297,112.92722607104216,341.0,103.70198605130598,-1.7895004436743598,-103.6865449281986,1.3448908582423469,0.7995675206184387,0.9009169340133667,0.0,1.0,1.0,0.0,1.0,1.0
SNPT-072,0,8.0,0.010409923745707298,0.99843723376592,0.3,1.0,1.0,1.0,0.8314338934421539,156.0,206.0,51.0,50.0,8.5,502.5,8.376713634590129,469.9797690079792,91.88585818355969,,1.0,0.0,0.0,0.0,0.9925373134328358,1.0,0.7735475617558208,616.0,749.0,134.0,134.0,1913.0,549.0,1414.173285461981,487.3777465729066,145.86472800051223,410.0,1906.2618025526838,1904.62328636541,79.0202309920208,0.6299388443190804,0.8044840097427368,0.9337146282196045,0.0,0.0,0.0,0.0,1.0,1.0
SNPT-072,1,9.0,0.0028649933853710664,0.9966399131367385,0.9826839826839827,0.0,0.9913419913419913,1.0,0.8094571529528796,0.0,230.0,231.0,231.0,139.5,904.0,8.28950044367436,634.1865449281986,151.87479398961142,9.0,0.02661330559825122,0.9882543798755197,0.9042553191489362,0.0,1.0,1.0,0.812471311777196,470.0,657.0,188.0,188.0,8.0,643.0,22.954270242452587,604.538129398793,139.76420531414058,240.0,8.818208480726087,-0.2895004436743598,8.8134550718014,1.0866501451373083,0.9770872592926025,0.9917887449264526,1.0,0.0,1.0,1.0,0.0,1.0
SNPT-072,0,9.0,0.0028649933853710664,0.9966399131367385,0.9826839826839827,0.0,0.9913419913419913,1.0,0.8094571529528796,0.0,230.0,231.0,231.0,139.5,904.0,8.28950044367436,634.1865449281986,151.87479398961142,3.0,0.2324045699886439,0.8988146397375292,0.41150442477876104,0.0,0.915929203539823,1.0,0.8657530382671187,238.0,464.0,227.0,226.0,1911.5,564.5,1878.577041364627,573.3262629198776,119.76997913154818,8.0,1904.4858676728134,1903.2104995563257,-69.6865449281986,1.2680539404853801,0.8983582258224487,0.9449925422668457,0.0,1.0,0.0,1.0,0.0,1.0
SNPT-072,0,44.0,0.003762249504070656,0.9961116459720578,0.6294277929155313,1.0,1.0,1.0,0.8067720855614146,143.0,552.0,410.0,367.0,1912.5,670.5,1907.2590258285295,604.4416749035189,124.44804369400285,15.0,0.0010485187864516423,0.9768670456750053,0.603448275862069,1.0,0.9827586206896551,1.0,0.8782465077679733,578.0,668.0,91.0,58.0,8.5,611.0,12.579110878331349,867.402750087771,135.24639769896413,26.0,1898.770352041915,-1898.7590258285295,6.558325096481099,0.9201579177805784,0.8632341623306274,0.981123685836792,0.0,1.0,1.0,1.0,0.0,1.0
SNPT-072,0,,1.0,0.0,0.0,1.0,1.0,1.0,0.7326640412211418,162.0,169.0,8.0,8.0,1914.0,562.5,1912.446386954306,563.3747649580637,77.1397285072916,8.0,0.05107816433148543,0.9501618643601736,0.16913946587537093,1.0,0.9762611275964391,1.0,0.8469772984436782,413.0,749.0,337.0,337.0,9.5,427.0,700.5227142402932,468.42830878208895,95.0836156430225,244.0,1907.82678148196,-1902.946386954306,-136.37476495806368,0.8112830794834454,0.760696291923523,0.9154034852981567,0.0,0.0,0.0,1.0,0.0,1.0
SNPT-072,0,28.0,0.0018057519624877527,0.9997932314872742,0.325,0.0,0.925,1.0,0.8735770419239998,0.0,79.0,80.0,40.0,1808.5,609.0,1911.0371355750044,526.5043794835051,111.30833190545687,3.0,0.2324045699886439,0.8988146397375292,0.41150442477876104,0.0,0.915929203539823,1.0,0.8657530382671187,238.0,464.0,227.0,226.0,1911.5,564.5,1878.577041364627,573.3262629198776,119.76997913154818,159.0,37.99843972993385,0.4628644249955869,37.99562051649491,0.9293508499588403,0.8763507604598999,0.9866271615028381,0.0,1.0,0.0,1.0,0.0,1.0
SNPT-072,1,3.0,0.17722195828060522,0.9363693973775638,0.7468354430379747,0.0,0.9620253164556962,1.0,0.8485399356371239,0.0,78.0,79.0,79.0,1635.5,526.5,1906.71595544704,536.2495429617475,114.98921297204882,,1.0,0.0,0.0,1.0,1.0,1.0,0.7326640412211418,162.0,169.0,8.0,8.0,1914.0,562.5,1912.446386954306,563.3747649580637,77.1397285072916,84.0,27.24231634363438,7.28404455296004,26.250457038252534,1.490661364736065,0.6650272011756897,0.8396174907684326,0.0,0.0,0.0,0.0,1.0,1.0
SNPT-072,0,44.0,0.003762249504070656,0.9961116459720578,0.6294277929155313,1.0,1.0,1.0,0.8067720855614146,143.0,552.0,410.0,367.0,1912.5,670.5,1907.2590258285295,604.4416749035189,124.44804369400285,,1.0,0.0,0.0,0.0,0.9925373134328358,1.0,0.7735475617558208,616.0,749.0,134.0,134.0,1913.0,549.0,1414.173285461981,487.3777465729066,145.86472800051223,64.0,55.7381207123542,5.740974171470498,-55.4416749035189,0.8531743444759711,0.7788253426551819,0.9110345840454102,0.0,0.0,0.0,0.0,1.0,1.0
SNPT-072,1,,1.0,0.0,0.0,1.0,1.0,1.0,0.7326640412211418,162.0,169.0,8.0,8.0,1914.0,562.5,1912.446386954306,563.3747649580637,77.1397285072916,3.0,0.03354255428338157,0.9936834987666872,0.28346456692913385,0.0,0.968503937007874,1.0,0.8380114623880762,623.0,749.0,127.0,127.0,1906.5,619.0,1595.9994225499486,590.4006162933398,158.91007362663416,454.0,55.942169168535116,-5.9463869543060355,55.62523504193632,0.48543007215851275,0.7220643162727356,0.9031438231468201,0.0,0.0,0.0,0.0,1.0,1.0
SNPT-072,1,3.0,0.17722195828060522,0.9363693973775638,0.7468354430379747,0.0,0.9620253164556962,1.0,0.8485399356371239,0.0,78.0,79.0,79.0,1635.5,526.5,1906.71595544704,536.2495429617475,114.98921297204882,3.0,0.03354255428338157,0.9936834987666872,0.28346456692913385,0.0,0.968503937007874,1.0,0.8380114623880762,623.0,749.0,127.0,127.0,1906.5,619.0,1595.9994225499486,590.4006162933398,158.91007362663416,545.0,82.75073882929858,-0.21595544703995984,82.75045703825253,0.7236118538477351,0.9579973220825195,0.9613431692123413,1.0,0.0,0.0,1.0,0.0,1.0
SNPT-072,0,4.0,0.07788830887971467,0.9504324509983971,0.21560574948665298,0.0,0.973305954825462,1.0,0.8645754139526179,0.0,550.0,551.0,487.0,1393.0,474.0,1907.4914263614078,477.71302295264593,110.72910784193263,3.0,0.03354255428338157,0.9936834987666872,0.28346456692913385,0.0,0.968503937007874,1.0,0.8380114623880762,623.0,749.0,127.0,127.0,1906.5,619.0,1595.9994225499486,590.4006162933398,158.91007362663416,73.0,141.2904554788102,-0.9914263614077754,141.28697704735407,0.6968035777397932,0.8809792399406433,0.9932995438575745,0.0,1.0,1.0,1.0,0.0,1.0
SNPT-072,0,15.0,0.0002712299123107765,0.986622169342908,0.9166666666666666,1.0,0.9916666666666667,1.0,0.7118930747111638,0.0,161.0,162.0,120.0,212.5,536.0,8.705846907639824,704.4122092006006,150.61423224144497,28.0,0.012959074366004,0.9960370309212628,0.6538461538461539,0.0,0.9846153846153847,1.0,0.8663011381259331,260.0,389.0,130.0,130.0,1913.5,582.5,1914.2249915702591,631.68702262435,120.05664580498292,99.0,1908.6915288770506,1904.7941530923601,-121.91220920060061,1.2545264048614104,0.7594274878501892,0.9070594906806946,0.0,1.0,1.0,0.0,1.0,1.0
SNPT-072,1,44.0,0.0005978073280896345,0.9999372286999479,0.8703703703703703,1.0,0.9444444444444444,1.0,0.793508482200128,0.0,53.0,54.0,54.0,1756.5,718.0,1913.8660903374125,689.5353812877686,136.50522961266037,,1.0,0.0,0.0,1.0,1.0,1.0,0.8891503743722405,608.0,749.0,142.0,142.0,1906.0,645.5,1306.7561932589201,714.7252798825034,157.6484592359712,555.0,44.73242875538388,-7.8660903374125155,-44.03538128776859,0.8658836900418847,0.844916820526123,0.9460088014602661,0.0,0.0,0.0,1.0,0.0,1.0
SNPT-072,1,8.0,0.010409923745707298,0.99843723376592,0.3,1.0,1.0,1.0,0.8314338934421539,156.0,206.0,51.0,50.0,8.5,502.5,8.376713634590129,469.9797690079792,91.88585818355969,8.0,0.05107816433148543,0.9501618643601736,0.16913946587537093,1.0,0.9762611275964391,1.0,0.8469772984436782,413.0,749.0,337.0,337.0,9.5,427.0,700.5227142402932,468.42830878208895,95.0836156430225,207.0,42.99444517885962,1.1232863654098715,-42.9797690079792,0.966368995984878,0.9452218413352966,0.9863278269767761,1.0,0.0,1.0,1.0,0.0,1.0
SNPT-072,0,44.0,0.0005978073280896345,0.9999372286999479,0.8703703703703703,1.0,0.9444444444444444,1.0,0.793508482200128,0.0,53.0,54.0,54.0,1756.5,718.0,1913.8660903374125,689.5353812877686,136.50522961266037,8.0,0.010409923745707298,0.99843723376592,0.3,1.0,1.0,1.0,0.8314338934421539,156.0,206.0,51.0,50.0,8.5,502.5,8.376713634590129,469.9797690079792,91.88585818355969,103.0,1914.5240066557371,-1905.3660903374125,-187.0353812877686,1.4855956325723694,0.8135727047920227,0.9265672564506531,0.0,1.0,1.0,1.0,0.0,1.0
SNPT-072,0,8.0,0.010409923745707298,0.99843723376592,0.3,1.0,1.0,1.0,0.8314338934421539,156.0,206.0,51.0,50.0,8.5,502.5,8.376713634590129,469.9797690079792,91.88585818355969,3.0,0.03354255428338157,0.9936834987666872,0.28346456692913385,0.0,0.968503937007874,1.0,0.8380114623880762,623.0,749.0,127.0,127.0,1906.5,619.0,1595.9994225499486,590.4006162933398,158.91007362663416,417.0,1903.9640331391608,1898.12328636541,149.0202309920208,0.5782255088462758,0.7669991254806519,0.9499955177307129,0.0,1.0,1.0,0.0,1.0,1.0
SNPT-072,0,15.0,0.0002712299123107765,0.986622169342908,0.9166666666666666,1.0,0.9916666666666667,1.0,0.7118930747111638,0.0,161.0,162.0,120.0,212.5,536.0,8.705846907639824,704.4122092006006,150.61423224144497,,1.0,0.0,0.0,0.0,0.9925373134328358,1.0,0.7735475617558208,616.0,749.0,134.0,134.0,1913.0,549.0,1414.173285461981,487.3777465729066,145.86472800051223,455.0,1910.6253364462536,1904.2941530923601,-155.4122092006006,1.032561019418732,0.7708547115325928,0.8319300413131714,0.0,0.0,0.0,0.0,1.0,1.0
SNPT-072,0,8.0,0.010409923745707298,0.99843723376592,0.3,1.0,1.0,1.0,0.8314338934421539,156.0,206.0,51.0,50.0,8.5,502.5,8.376713634590129,469.9797690079792,91.88585818355969,3.0,0.2324045699886439,0.8988146397375292,0.41150442477876104,0.0,0.915929203539823,1.0,0.8657530382671187,238.0,464.0,227.0,226.0,1911.5,564.5,1878.577041364627,573.3262629198776,119.76997913154818,32.0,1905.4690543729812,1903.12328636541,94.5202309920208,0.7671860582244717,0.775037407875061,0.9587103128433228,0.0,1.0,0.0,0.0,1.0,1.0
SNPT-072,0,15.0,0.0002712299123107765,0.986622169342908,0.9166666666666666,1.0,0.9916666666666667,1.0,0.7118930747111638,0.0,161.0,162.0,120.0,212.5,536.0,8.705846907639824,704.4122092006006,150.61423224144497,3.0,0.2324045699886439,0.8988146397375292,0.41150442477876104,0.0,0.915929203539823,1.0,0.8657530382671187,238.0,464.0,227.0,226.0,1911.5,564.5,1878.577041364627,573.3262629198776,119.76997913154818,77.0,1907.93108243612,1902.7941530923601,-139.9122092006006,1.257529084780246,0.8144521713256836,0.9139575958251953,0.0,1.0,0.0,0.0,1.0,1.0
SNPT-072,0,44.0,0.0005978073280896345,0.9999372286999479,0.8703703703703703,1.0,0.9444444444444444,1.0,0.793508482200128,0.0,53.0,54.0,54.0,1756.5,718.0,1913.8660903374125,689.5353812877686,136.50522961266037,15.0,0.0010485187864516423,0.9768670456750053,0.603448275862069,1.0,0.9827586206896551,1.0,0.8782465077679733,578.0,668.0,91.0,58.0,8.5,611.0,12.579110878331349,867.402750087771,135.24639769896413,525.0,1906.9839391881862,-1905.3660903374125,-78.53538128776859,1.0093076927379478,0.8184483051300049,0.9422568678855896,0.0,1.0,1.0,1.0,0.0,1.0
SNPT-072,0,28.0,0.012959074366004,0.9960370309212628,0.6538461538461539,0.0,0.9846153846153847,1.0,0.8663011381259331,260.0,389.0,130.0,130.0,1913.5,582.5,1914.2249915702591,631.68702262435,120.05664580498292,8.0,0.05107816433148543,0.9501618643601736,0.16913946587537093,1.0,0.9762611275964391,1.0,0.8469772984436782,413.0,749.0,337.0,337.0,9.5,427.0,700.5227142402932,468.42830878208895,95.0836156430225,24.0,1915.6915385163513,-1904.7249915702591,-204.68702262435,1.2626428327643535,0.7847738265991211,0.9548342227935791,0.0,1.0,1.0,0.0,1.0,1.0
SNPT-072,0,,1.0,0.0,0.0,1.0,1.0,1.0,0.7326640412211418,162.0,169.0,8.0,8.0,1914.0,562.5,1912.446386954306,563.3747649580637,77.1397285072916,3.0,0.2324045699886439,0.8988146397375292,0.41150442477876104,0.0,0.915929203539823,1.0,0.8657530382671187,238.0,464.0,227.0,226.0,1911.5,564.5,1878.577041364627,573.3262629198776,119.76997913154818,69.0,1.4703068274622437,-0.9463869543060355,1.125235041936321,0.6440656420467931,0.6996760964393616,0.890465497970581,0.0,0.0,0.0,0.0,1.0,1.0
SNPT-072,0,8.0,0.010409923745707298,0.99843723376592,0.3,1.0,1.0,1.0,0.8314338934421539,156.0,206.0,51.0,50.0,8.5,502.5,8.376713634590129,469.9797690079792,91.88585818355969,,1.0,0.0,0.0,1.0,1.0,1.0,0.8891503743722405,608.0,749.0,142.0,142.0,1906.0,645.5,1306.7561932589201,714.7252798825034,157.6484592359712,402.0,1905.7233504482624,1897.62328636541,175.5202309920208,0.5828528780355741,0.8411626219749451,0.9649510383605957,0.0,0.0,0.0,1.0,0.0,1.0
SNPT-073,1,27.0,0.00020925160884078837,0.9999828216357108,0.5342465753424658,1.0,1.0,1.0,0.8289749565189832,0.0,72.0,73.0,73.0,1479.0,548.5,1907.1974598298216,570.7253160536449,89.23990487268304,27.0,0.01908752959271079,0.9699666491520088,0.40942028985507245,1.0,0.9764492753623188,1.0,0.8764656568350999,198.0,749.0,552.0,552.0,1907.0,620.0,1051.8417843412076,497.52513662491333,92.80769120938635,126.0,49.275079587937576,-0.1974598298215824,49.27468394635514,0.9615572126597363,0.9544000625610352,0.9711789488792419,1.0,0.0,1.0,1.0,0.0,1.0
SNPT-073,0,,1.0,0.0,0.0,0.0,0.985981308411215,1.0,0.8841453464788811,0.0,244.0,245.0,214.0,73.5,547.5,5.5110309208650605,533.8781308530121,83.79348711080652,,1.0,0.0,0.0,,0.0,0.0,0.5529439395952434,291.0,749.0,459.0,458.0,1910.5,475.5,1771.0567512733628,480.0496887676321,72.27008338776473,47.0,1905.8832541567378,1904.988969079135,-58.37813085301207,1.1594491549319659,0.616337776184082,0.907958984375,0.0,0.0,0.0,0.0,0.0,0.0
SNPT-073,0,,1.0,0.0,0.0,0.0,1.0,1.0,0.8731480162143708,0.0,249.0,250.0,250.0,554.5,404.5,19.499512209246525,399.41580754155063,59.57997545670667,9.0,0.02547808736562729,0.9967206120491028,0.0049504950495049506,0.0,1.0,1.0,0.876547904888002,548.0,749.0,202.0,202.0,16.5,599.0,139.4988894807459,563.6459902320679,75.05464114004558,299.0,199.60673073016545,-2.999512209246525,199.58419245844937,0.7938213353859824,0.7439287900924683,0.9865573048591614,0.0,0.0,0.0,1.0,0.0,1.0
SNPT-073,1,,1.0,0.0,0.0,1.0,1.0,1.0,0.8135610877403191,0.0,115.0,116.0,112.0,1045.0,430.0,1913.4870595430168,460.6763541261404,58.968827119467356,,1.0,0.0,0.0,1.0,1.0,1.0,0.8447353666027387,534.0,749.0,216.0,216.0,689.5,424.0,739.1937057638827,453.0201644146704,51.221296113863126,419.0,1224.5364334640055,-1223.9870595430168,-36.67635412614038,1.1512560515528882,0.9191645979881287,0.9863219261169434,0.0,0.0,0.0,1.0,0.0,1.0
SNPT-073,0,,1.0,0.0,0.0,0.0,0.985981308411215,1.0,0.8841453464788811,0.0,244.0,245.0,214.0,73.5,547.5,5.5110309208650605,533.8781308530121,83.79348711080652,36.0,0.034485136915054684,0.9470881422360738,0.12558139534883722,1.0,1.0,1.0,0.9251626186592634,535.0,749.0,215.0,215.0,23.5,825.5,175.73100949755104,726.2273714134726,98.22810462929172,291.0,292.17617557445203,17.98896907913494,291.62186914698793,0.8530500250110621,0.7768369317054749,0.9600619077682495,0.0,0.0,0.0,0.0,1.0,1.0
SNPT-073,0,,1.0,0.0,0.0,0.0,0.9814814814814815,1.0,0.8591393740088852,0.0,53.0,54.0,54.0,1765.0,468.0,1915.8214331004087,487.86874973589977,61.43507698895275,,1.0,0.0,0.0,1.0,1.0,1.0,0.9004563856124878,550.0,749.0,200.0,200.0,7.0,641.0,129.21640153293498,609.0397677646049,87.71736830966995,497.0,1914.9539010824633,-1908.8214331004087,153.13125026410023,0.7003752868196818,0.7394153475761414,0.9806123375892639,0.0,0.0,0.0,0.0,1.0,1.0
SNPT-073,0,29.0,0.23782815398863022,0.9423440843820572,0.012578616352201259,0.0,0.9874213836477987,1.0,0.8937660384478059,0.0,336.0,337.0,318.0,620.0,490.0,5.738388117841232,708.1776834591936,89.16529525372411,,1.0,0.0,0.0,1.0,1.0,1.0,0.8447353666027387,534.0,749.0,216.0,216.0,689.5,424.0,739.1937057638827,453.0201644146704,51.221296113863126,198.0,740.463974586152,683.7616118821587,-284.17768345919364,1.7407856110378936,0.7917790412902832,0.9652813673019409,0.0,0.0,0.0,0.0,1.0,1.0
SNPT-073,1,,1.0,0.0,0.0,0.0,0.9814814814814815,1.0,0.8591393740088852,0.0,53.0,54.0,54.0,1765.0,468.0,1915.8214331004087,487.86874973589977,61.43507698895275,4.0,0.06740281355774237,0.9233270362019539,0.022181146025878003,0.0,0.9944547134935305,1.0,0.8741283031135743,209.0,749.0,541.0,541.0,1911.0,487.5,976.3618595915398,488.6661368426935,83.40552229544532,156.0,4.835513779263087,-4.82143310040874,-0.3687497358997689,0.7365828460534399,0.9345281720161438,0.9894024133682251,0.0,0.0,0.0,1.0,0.0,1.0
SNPT-073,0,,1.0,0.0,0.0,1.0,1.0,1.0,0.8541676259260573,0.0,243.0,244.0,217.0,124.5,586.0,5.1694485349375,379.8525305045997,84.77183617197105,14.0,0.02384001366339209,0.9928389860090808,0.46120689655172414,1.0,1.0,1.0,0.9116517677903175,518.0,749.0,232.0,232.0,11.0,761.0,720.6374885330044,619.6703710580061,86.79598413396792,275.0,381.19206291990633,5.8305514650625,381.1474694954003,0.9766792440664923,0.9118883609771729,0.9921991229057312,0.0,0.0,0.0,1.0,0.0,1.0
SNPT-073,0,,1.0,0.0,0.0,0.0,1.0,1.0,0.8731480162143708,0.0,249.0,250.0,250.0,554.5,404.5,19.499512209246525,399.41580754155063,59.57997545670667,36.0,0.034485136915054684,0.9470881422360738,0.12558139534883722,1.0,1.0,1.0,0.9251626186592634,535.0,749.0,215.0,215.0,23.5,825.5,175.73100949755104,726.2273714134726,98.22810462929172,286.0,426.10297225615886,4.000487790753475,426.08419245844937,0.6065471351764214,0.6311766505241394,0.9755347967147827,0.0,0.0,0.0,0.0,1.0,1.0
SNPT-073,0,,1.0,0.0,0.0,0.0,0.9814814814814815,1.0,0.8591393740088852,0.0,53.0,54.0,54.0,1765.0,468.0,1915.8214331004087,487.86874973589977,61.43507698895275,,1.0,0.0,0.0,1.0,1.0,1.0,0.6441054954248316,81.0,165.0,85.0,85.0,8.5,473.0,6.924844146946597,422.75894554254955,71.13728164686003,28.0,1907.3793877681771,-1907.3214331004087,-14.868749735899769,0.8636129405946238,0.6633769273757935,0.9416629076004028,0.0,0.0,0.0,0.0,1.0,1.0
SNPT-073,1,,1.0,0.0,0.0,1.0,1.0,1.0,0.8585973933891013,0.0,242.0,243.0,243.0,498.5,522.5,15.613019239801208,529.9234112179283,76.96665019698523,,1.0,0.0,0.0,1.0,0.9952830188679245,1.0,0.8734220541873068,538.0,749.0,212.0,212.0,20.5,602.0,347.67059964015004,574.1263876633806,77.01898019664691,296.0,72.24207383104677,4.886980760198792,72.07658878207167,0.9993205570947827,0.9217774271965027,0.9931721687316895,0.0,0.0,0.0,1.0,0.0,1.0
SNPT-073,0,,1.0,0.0,0.0,0.0,0.9814814814814815,1.0,0.8591393740088852,0.0,53.0,54.0,54.0,1765.0,468.0,1915.8214331004087,487.86874973589977,61.43507698895275,,1.0,0.0,0.0,0.0,0.995049504950495,1.0,0.8800981339841786,548.0,749.0,202.0,202.0,8.0,493.0,264.5520468210358,491.61951784925947,60.259867047664514,495.0,1907.8283335579672,-1907.8214331004087,5.131250264100231,1.019502365319835,0.6478726863861084,0.9688498973846436,0.0,0.0,0.0,1.0,0.0,1.0
SNPT-073,0,,1.0,0.0,0.0,0.0,0.9814814814814815,1.0,0.8591393740088852,0.0,53.0,54.0,54.0,1765.0,468.0,1915.8214331004087,487.86874973589977,61.43507698895275,,1.0,0.0,0.0,1.0,0.624561403508772,1.0,0.8387776242013563,180.0,749.0,570.0,570.0,1911.0,416.0,685.3866241930358,441.0672183858532,72.15455936034697,127.0,72.03029505522736,-4.82143310040874,-71.86874973589977,0.8514372138583778,0.8511184453964233,0.9864310622215271,0.0,0.0,0.0,0.0,1.0,0.0
SNPT-073,1,,1.0,0.0,0.0,1.0,1.0,1.0,0.8664425112916239,53.0,211.0,159.0,159.0,6.0,703.0,7.181464834555358,678.1822046489249,94.31118297199,36.0,0.034485136915054684,0.9470881422360738,0.12558139534883722,1.0,1.0,1.0,0.9251626186592634,535.0,749.0,215.0,215.0,23.5,825.5,175.73100949755104,726.2273714134726,98.22810462929172,324.0,148.21884973594655,16.318535165444644,147.31779535107512,0.9601242264412613,0.9070326089859009,0.9897279143333435,0.0,0.0,0.0,1.0,0.0,1.0
SNPT-073,0,,1.0,0.0,0.0,1.0,1.0,1.0,0.8135610877403191,0.0,115.0,116.0,112.0,1045.0,430.0,1913.4870595430168,460.6763541261404,58.968827119467356,,1.0,0.0,0.0,1.0,0.9952830188679245,1.0,0.8734220541873068,538.0,749.0,212.0,212.0,20.5,602.0,347.67059964015004,574.1263876633806,77.01898019664691,423.0,1898.2550883588847,-1892.9870595430168,141.32364587385962,0.7656401963374039,0.869818925857544,0.9829047918319702,0.0,0.0,0.0,1.0,0.0,1.0
SNPT-073,0,,1.0,0.0,0.0,0.0,0.9814814814814815,1.0,0.8591393740088852,0.0,53.0,54.0,54.0,1765.0,468.0,1915.8214331004087,487.86874973589977,61.43507698895275,10.0,0.03628808177448934,0.9720688212302423,0.3205317577548006,0.0,0.9985228951255539,1.0,0.8576621230983311,73.0,749.0,677.0,677.0,8.0,787.0,761.1735920773932,778.6553652783475,131.38097664588403,20.0,1931.1297536628297,-1907.8214331004087,299.13125026410023,0.4676101408085964,0.8362958431243896,0.9707493782043457,0.0,0.0,0.0,1.0,0.0,1.0
SNPT-073,0,,1.0,0.0,0.0,1.0,1.0,1.0,0.8135610877403191,0.0,115.0,116.0,112.0,1045.0,430.0,1913.4870595430168,460.6763541261404,58.968827119467356,3.0,0.1646411736804078,0.890783214233291,0.13003663003663005,0.0,0.9963369963369964,1.0,0.8542469320716438,204.0,749.0,546.0,546.0,1913.5,651.5,1073.3103438087765,552.0641108758932,100.11640351047251,89.0,190.82364631262973,0.012940456983187687,190.82364587385962,0.589002651431631,0.7871278524398804,0.9547989964485168,0.0,0.0,0.0,0.0,1.0,1.0
SNPT-073,0,,1.0,0.0,0.0,1.0,1.0,1.0,0.8664425112916239,53.0,211.0,159.0,159.0,6.0,703.0,7.181464834555358,678.1822046489249,94.31118297199,9.0,0.02547808736562729,0.9967206120491028,0.0049504950495049506,0.0,1.0,1.0,0.876547904888002,548.0,749.0,202.0,202.0,16.5,599.0,139.4988894807459,563.6459902320679,75.05464114004558,337.0,79.72864372792158,9.318535165444642,-79.18220464892488,1.2565669696030302,0.7390782833099365,0.960127592086792,0.0,0.0,0.0,0.0,1.0,1.0
SNPT-073,0,,1.0,0.0,0.0,1.0,1.0,1.0,0.8135610877403191,0.0,115.0,116.0,112.0,1045.0,430.0,1913.4870595430168,460.6763541261404,58.968827119467356,,1.0,0.0,0.0,1.0,0.624561403508772,1.0,0.8387776242013563,180.0,749.0,570.0,570.0,1911.0,416.0,685.3866241930358,441.0672183858532,72.15455936034697,65.0,44.74552584532683,-2.4870595430168123,-44.67635412614038,0.8172571164210322,0.9309159517288208,0.9848754405975342,0.0,0.0,0.0,1.0,0.0,0.0
SNPT-074,0,,1.0,0.0,0.0,0.0,1.0,0.03428571428571429,0.5232928402083261,0.0,174.0,175.0,175.0,1845.0,443.5,1785.324406185116,449.2549506169383,45.25040225558376,,1.0,0.0,0.0,1.0,0.9506172839506173,1.0,0.8755516542328728,669.0,749.0,81.0,81.0,12.0,526.0,153.23776383260724,505.09840023870424,93.56166112737081,495.0,1774.9842963183091,-1773.324406185116,76.74504938306171,0.48364257015468987,0.6750363111495972,0.9131815433502197,0.0,0.0,0.0,0.0,1.0,1.0
SNPT-074,0,,1.0,0.0,0.0,0.0,1.0,0.03428571428571429,0.5232928402083261,0.0,174.0,175.0,175.0,1845.0,443.5,1785.324406185116,449.2549506169383,45.25040225558376,8.0,0.009056834872882424,0.9717094232427314,0.5164835164835165,0.0,1.0,1.0,0.89124454836269,659.0,749.0,91.0,91.0,105.5,487.0,507.4062410128089,428.3515794223834,82.1070639262049,485.0,1680.2484115059021,-1679.824406185116,37.74504938306171,0.5511146068534775,0.6887000203132629,0.9212017059326172,0.0,0.0,0.0,1.0,0.0,1.0
SNPT-074,0,,1.0,0.0,0.0,1.0,0.9387755102040817,1.0,0.7884703229884712,0.0,52.0,53.0,49.0,50.5,570.0,5.801334808922348,614.9625552205168,70.10622046158625,36.0,0.026856243380281426,0.986502682541403,0.599609375,0.0,1.0,1.0,0.870397535036318,166.0,749.0,584.0,512.0,22.5,735.0,1287.4840897803524,726.0315422367252,125.77018924573336,114.0,121.19337262553253,16.69866519107765,120.03744477948317,0.557415241894967,0.7864211797714233,0.962379515171051,0.0,0.0,0.0,0.0,1.0,1.0
SNPT-074,0,15.0,0.0025787196742730256,0.9968164781729381,0.16853932584269662,0.0,1.0,1.0,0.8911570350775558,0.0,359.0,360.0,356.0,202.5,582.5,48.04646278522489,503.6394040537664,88.35523251223402,,1.0,0.0,0.0,0.0,1.0,0.17647058823529413,0.5762412057203405,599.0,649.0,51.0,51.0,1900.5,416.5,1837.7143273359193,411.95125965324024,100.22252748767423,240.0,1854.501923233939,1852.4535372147752,-87.13940405376638,0.8815905438335738,0.6939601898193359,0.9184433221817017,0.0,0.0,0.0,1.0,0.0,1.0
SNPT-074,0,15.0,0.0025787196742730256,0.9968164781729381,0.16853932584269662,0.0,1.0,1.0,0.8911570350775558,0.0,359.0,360.0,356.0,202.5,582.5,48.04646278522489,503.6394040537664,88.35523251223402,8.0,0.009056834872882424,0.9717094232427314,0.5164835164835165,0.0,1.0,1.0,0.89124454836269,659.0,749.0,91.0,91.0,105.5,487.0,507.4062410128089,428.3515794223834,82.1070639262049,300.0,59.81453590686837,57.45353721477511,-16.639404053766384,1.076097820178356,0.9345530271530151,0.994737982749939,0.0,1.0,1.0,1.0,0.0,1.0
SNPT-074,0,5.0,0.2367340613855049,0.8921905010938644,0.01098901098901099,0.0,0.9972527472527473,1.0,0.8962969377145662,0.0,363.0,364.0,364.0,214.5,518.0,10.601446274145799,445.1561799330508,68.1176478133925,,1.0,0.0,0.0,1.0,0.9506172839506173,1.0,0.8755516542328728,669.0,749.0,81.0,81.0,12.0,526.0,153.23776383260724,505.09840023870424,93.56166112737081,306.0,80.85591626802184,1.3985537258542013,80.8438200669492,0.7280508596428196,0.7331811189651489,0.9711840152740479,0.0,0.0,0.0,0.0,1.0,1.0
SNPT-074,0,8.0,0.03934221116996576,0.9756399899362082,0.36323851203501095,0.0,0.9671772428884027,1.0,0.8798713411491862,0.0,456.0,457.0,457.0,294.0,583.0,9.012872422788778,497.2435105496005,85.17818403416634,,1.0,0.0,0.0,0.0,1.0,0.17647058823529413,0.5762412057203405,599.0,649.0,51.0,51.0,1900.5,416.5,1837.7143273359193,411.95125965324024,100.22252748767423,143.0,1893.2097264397735,1891.4871275772111,-80.7435105496005,0.8498906001411898,0.7014690637588501,0.9227681756019592,0.0,0.0,0.0,1.0,0.0,1.0
SNPT-074,0,9.0,0.06921372417268538,0.903285073267447,0.2,1.0,0.9891891891891892,1.0,0.8538289095904376,174.0,358.0,185.0,185.0,21.0,599.0,9.160348847158293,499.93215583532435,89.03662857836133,15.0,0.002325693709076404,0.9873231918346591,0.6212121212121212,0.0,1.0,1.0,0.8398267888661587,669.0,734.0,66.0,66.0,23.5,688.0,16.914120652083838,701.1734568597465,138.77203141519192,311.0,188.61373121788858,14.339651152841707,188.06784416467565,0.6416035541914978,0.7682629227638245,0.9482973217964172,0.0,1.0,1.0,0.0,1.0,1.0
SNPT-074,0,,1.0,0.0,0.0,0.0,1.0,0.17647058823529413,0.5762412057203405,599.0,649.0,51.0,51.0,1900.5,416.5,1837.7143273359193,411.95125965324024,100.22252748767423,15.0,0.002325693709076404,0.9873231918346591,0.6212121212121212,0.0,1.0,1.0,0.8398267888661587,669.0,734.0,66.0,66.0,23.5,688.0,16.914120652083838,701.1734568597465,138.77203141519192,20.0,1835.0957829383062,-1814.2143273359193,276.04874034675976,0.7222098463617538,0.6488454341888428,0.9256214499473572,0.0,0.0,0.0,1.0,0.0,1.0
SNPT-074,1,,1.0,0.0,0.0,1.0,0.9387755102040817,1.0,0.7884703229884712,0.0,52.0,53.0,49.0,50.5,570.0,5.801334808922348,614.9625552205168,70.10622046158625,9.0,0.06921372417268538,0.903285073267447,0.2,1.0,0.9891891891891892,1.0,0.8538289095904376,174.0,358.0,185.0,185.0,21.0,599.0,9.160348847158293,499.93215583532435,89.03662857836133,122.0,22.040929943142704,15.198665191077652,-15.962555220516833,0.7873862878791015,0.9632809162139893,0.9874560832977295,0.0,0.0,0.0,1.0,0.0,1.0
SNPT-074,1,,1.0,0.0,0.0,0.0,1.0,0.03428571428571429,0.5232928402083261,0.0,174.0,175.0,175.0,1845.0,443.5,1785.324406185116,449.2549506169383,45.25040225558376,,1.0,0.0,0.0,0.0,1.0,0.17647058823529413,0.5762412057203405,599.0,649.0,51.0,51.0,1900.5,416.5,1837.7143273359193,411.95125965324024,100.22252748767423,425.0,119.74265823226578,115.175593814884,-32.75495061693829,0.45149931247891184,0.8406055569648743,0.9583182334899902,0.0,0.0,0.0,1.0,0.0,1.0
SNPT-074,0,8.0,0.03934221116996576,0.9756399899362082,0.36323851203501095,0.0,0.9671772428884027,1.0,0.8798713411491862,0.0,456.0,457.0,457.0,294.0,583.0,9.012872422788778,497.2435105496005,85.17818403416634,,1.0,0.0,0.0,,0.0,0.0,0.5179832631891425,739.0,749.0,11.0,11.0,1898.5,438.5,1836.49321078004,434.8309531733833,72.42148175540153,283.0,1890.4000648835345,1889.4871275772111,-58.7435105496005,1.1761452813386182,0.6482681632041931,0.9129976630210876,0.0,0.0,0.0,0.0,0.0,0.0
SNPT-074,1,,1.0,0.0,0.0,0.0,1.0,0.03428571428571429,0.5232928402083261,0.0,174.0,175.0,175.0,1845.0,443.5,1785.324406185116,449.2549506169383,45.25040225558376,,1.0,0.0,0.0,,0.0,0.0,0.5179832631891425,739.0,749.0,11.0,11.0,1898.5,438.5,1836.49321078004,434.8309531733833,72.42148175540153,565.0,113.68546080358908,113.175593814884,-10.754950616938288,0.6248201660442936,0.8318700790405273,0.9705237150192261,0.0,0.0,0.0,0.0,0.0,0.0
SNPT-074,0,,1.0,0.0,0.0,0.0,1.0,0.03428571428571429,0.5232928402083261,0.0,174.0,175.0,175.0,1845.0,443.5,1785.324406185116,449.2549506169383,45.25040225558376,9.0,0.06921372417268538,0.903285073267447,0.2,1.0,0.9891891891891892,1.0,0.8538289095904376,174.0,358.0,185.0,185.0,21.0,599.0,9.160348847158293,499.93215583532435,89.03662857836133,0.0,1770.6677243557579,-1764.324406185116,149.7450493830617,0.5082223235323738,0.6441060900688171,0.9018157124519348,0.0,0.0,0.0,0.0,1.0,1.0
SNPT-074,0,9.0,0.06921372417268538,0.903285073267447,0.2,1.0,0.9891891891891892,1.0,0.8538289095904376,174.0,358.0,185.0,185.0,21.0,599.0,9.160348847158293,499.93215583532435,89.03662857836133,,1.0,0.0,0.0,0.0,1.0,0.17647058823529413,0.5762412057203405,599.0,649.0,51.0,51.0,1900.5,416.5,1837.7143273359193,411.95125965324024,100.22252748767423,241.0,1893.1789668835545,1891.3396511528417,-83.43215583532435,0.8883893752261578,0.6410828232765198,0.9131183624267578,0.0,0.0,0.0,0.0,1.0,1.0
SNPT-074,0,15.0,0.0025787196742730256,0.9968164781729381,0.16853932584269662,0.0,1.0,1.0,0.8911570350775558,0.0,359.0,360.0,356.0,202.5,582.5,48.04646278522489,503.6394040537664,88.35523251223402,15.0,0.002325693709076404,0.9873231918346591,0.6212121212121212,0.0,1.0,1.0,0.8398267888661587,669.0,734.0,66.0,66.0,23.5,688.0,16.914120652083838,701.1734568597465,138.77203141519192,310.0,185.98752155162677,-24.54646278522489,184.36059594623362,0.6366933712160203,0.9521889090538025,0.98139488697052,1.0,0.0,1.0,1.0,0.0,1.0
SNPT-074,1,,1.0,0.0,0.0,1.0,0.9387755102040817,1.0,0.7884703229884712,0.0,52.0,53.0,49.0,50.5,570.0,5.801334808922348,614.9625552205168,70.10622046158625,,1.0,0.0,0.0,1.0,0.9506172839506173,1.0,0.8755516542328728,669.0,749.0,81.0,81.0,12.0,526.0,153.23776383260724,505.09840023870424,93.56166112737081,617.0,89.17824668333968,6.198665191077652,-88.96255522051683,0.7493049996851452,0.8996516466140747,0.987979531288147,0.0,0.0,0.0,1.0,0.0,1.0
SNPT-074,1,,1.0,0.0,0.0,0.0,0.9790209790209791,1.0,0.8470714317335115,0.0,142.0,143.0,143.0,116.0,727.5,8.788693664996497,756.5631425783358,92.4236423899949,36.0,0.026856243380281426,0.986502682541403,0.599609375,0.0,1.0,1.0,0.870397535036318,166.0,749.0,584.0,512.0,22.5,735.0,1287.4840897803524,726.0315422367252,125.77018924573336,24.0,25.553258877605938,13.711306335003503,-21.563142578335828,0.734861281073649,0.9494812488555908,0.9767281413078308,0.0,0.0,0.0,1.0,0.0,1.0
SNPT-074,0,,1.0,0.0,0.0,0.0,0.9790209790209791,1.0,0.8470714317335115,0.0,142.0,143.0,143.0,116.0,727.5,8.788693664996497,756.5631425783358,92.4236423899949,9.0,0.06921372417268538,0.903285073267447,0.2,1.0,0.9891891891891892,1.0,0.8538289095904376,174.0,358.0,185.0,185.0,21.0,599.0,9.160348847158293,499.93215583532435,89.03662857836133,32.0,158.03562858282393,12.211306335003503,-157.56314257833583,1.0380406790521346,0.7258630394935608,0.9551641941070557,0.0,0.0,0.0,0.0,1.0,1.0
SNPT-074,1,8.0,0.03934221116996576,0.9756399899362082,0.36323851203501095,0.0,0.9671772428884027,1.0,0.8798713411491862,0.0,456.0,457.0,457.0,294.0,583.0,9.012872422788778,497.2435105496005,85.17818403416634,8.0,0.009056834872882424,0.9717094232427314,0.5164835164835165,0.0,1.0,1.0,0.89124454836269,659.0,749.0,91.0,91.0,105.5,487.0,507.4062410128089,428.3515794223834,82.1070639262049,203.0,97.02935275719823,96.48712757721123,-10.2435105496005,1.0374038476241418,0.9573334455490112,0.9968463182449341,1.0,0.0,1.0,1.0,0.0,1.0
SNPT-074,0,9.0,0.06921372417268538,0.903285073267447,0.2,1.0,0.9891891891891892,1.0,0.8538289095904376,174.0,358.0,185.0,185.0,21.0,599.0,9.160348847158293,499.93215583532435,89.03662857836133,,1.0,0.0,0.0,,0.0,0.0,0.5179832631891425,739.0,749.0,11.0,11.0,1898.5,438.5,1836.49321078004,434.8309531733833,72.42148175540153,381.0,1890.338125095327,1889.3396511528417,-61.43215583532435,1.2294229063011481,0.6066816449165344,0.9130105972290039,0.0,0.0,0.0,0.0,0.0,0.0
SNPT-074,0,5.0,0.2367340613855049,0.8921905010938644,0.01098901098901099,0.0,0.9972527472527473,1.0,0.8962969377145662,0.0,363.0,364.0,364.0,214.5,518.0,10.601446274145799,445.1561799330508,68.1176478133925,,1.0,0.0,0.0,0.0,1.0,0.17647058823529413,0.5762412057203405,599.0,649.0,51.0,51.0,1900.5,416.5,1837.7143273359193,411.95125965324024,100.22252748767423,236.0,1890.1157954007556,1889.8985537258543,-28.656179933050794,0.6796640388237054,0.6177910566329956,0.9235188961029053,0.0,0.0,0.0,1.0,0.0,1.0
SNPT-074,0,,1.0,0.0,0.0,0.0,0.9790209790209791,1.0,0.8470714317335115,0.0,142.0,143.0,143.0,116.0,727.5,8.788693664996497,756.5631425783358,92.4236423899949,15.0,0.002325693709076404,0.9873231918346591,0.6212121212121212,0.0,1.0,1.0,0.8398267888661587,669.0,734.0,66.0,66.0,23.5,688.0,16.914120652083838,701.1734568597465,138.77203141519192,527.0,70.12365545448641,14.711306335003503,-68.56314257833583,0.6660105890752055,0.8881275057792664,0.9785829186439514,0.0,0.0,0.0,1.0,0.0,1.0
SNPT-074,0,,1.0,0.0,0.0,0.0,0.9790209790209791,1.0,0.8470714317335115,0.0,142.0,143.0,143.0,116.0,727.5,8.788693664996497,756.5631425783358,92.4236423899949,,1.0,0.0,0.0,1.0,0.9506172839506173,1.0,0.8755516542328728,669.0,749.0,81.0,81.0,12.0,526.0,153.23776383260724,505.09840023870424,93.56166112737081,527.0,230.58550519053716,3.2113063350035027,-230.56314257833583,0.987836698027126,0.772536039352417,0.9676619172096252,0.0,0.0,0.0,0.0,1.0,1.0
SNPT-074,0,,1.0,0.0,0.0,1.0,0.9387755102040817,1.0,0.7884703229884712,0.0,52.0,53.0,49.0,50.5,570.0,5.801334808922348,614.9625552205168,70.10622046158625,8.0,0.009056834872882424,0.9717094232427314,0.5164835164835165,0.0,1.0,1.0,0.89124454836269,659.0,749.0,91.0,91.0,105.5,487.0,507.4062410128089,428.3515794223834,82.1070639262049,607.0,162.2166433490917,99.69866519107765,-127.96255522051683,0.8538390865443123,0.7941135168075562,0.9639973640441895,0.0,0.0,0.0,0.0,1.0,1.0
SNPT-074,0,5.0,0.2367340613855049,0.8921905010938644,0.01098901098901099,0.0,0.9972527472527473,1.0,0.8962969377145662,0.0,363.0,364.0,364.0,214.5,518.0,10.601446274145799,445.1561799330508,68.1176478133925,8.0,0.009056834872882424,0.9717094232427314,0.5164835164835165,0.0,1.0,1.0,0.89124454836269,659.0,749.0,91.0,91.0,105.5,487.0,507.4062410128089,428.3515794223834,82.1070639262049,296.0,103.71422649306149,94.8985537258542,41.843820066949206,0.8296198226575776,0.8235716819763184,0.9932682514190674,0.0,1.0,0.0,1.0,0.0,1.0
SNPT-074,1,,1.0,0.0,0.0,0.0,1.0,0.17647058823529413,0.5762412057203405,599.0,649.0,51.0,51.0,1900.5,416.5,1837.7143273359193,411.95125965324024,100.22252748767423,,1.0,0.0,0.0,,0.0,0.0,0.5179832631891425,739.0,749.0,11.0,11.0,1898.5,438.5,1836.49321078004,434.8309531733833,72.42148175540153,90.0,66.33048782591939,60.78567266408072,26.548740346759757,1.3838784440529508,0.9503082036972046,0.9635128974914551,0.0,0.0,0.0,0.0,0.0,0.0
SNPT-074,0,,1.0,0.0,0.0,1.0,0.9387755102040817,1.0,0.7884703229884712,0.0,52.0,53.0,49.0,50.5,570.0,5.801334808922348,614.9625552205168,70.10622046158625,,1.0,0.0,0.0,,0.0,0.0,0.5179832631891425,739.0,749.0,11.0,11.0,1898.5,438.5,1836.49321078004,434.8309531733833,72.42148175540153,687.0,1900.9069600091009,1892.6986651910777,-176.46255522051683,0.9680307384259975,0.5928053259849548,0.9154140949249268,0.0,0.0,0.0,0.0,0.0,0.0
SNPT-074,0,,1.0,0.0,0.0,0.0,0.9790209790209791,1.0,0.8470714317335115,0.0,142.0,143.0,143.0,116.0,727.5,8.788693664996497,756.5631425783358,92.4236423899949,,1.0,0.0,0.0,0.0,1.0,0.17647058823529413,0.5762412057203405,599.0,649.0,51.0,51.0,1900.5,416.5,1837.7143273359193,411.95125965324024,100.22252748767423,457.0,1922.033976665329,1891.7113063350034,-340.0631425783358,0.9221843103224625,0.6682842969894409,0.9097403287887573,0.0,0.0,0.0,1.0,0.0,1.0
SNPT-074,0,,1.0,0.0,0.0,1.0,0.9387755102040817,1.0,0.7884703229884712,0.0,52.0,53.0,49.0,50.5,570.0,5.801334808922348,614.9625552205168,70.10622046158625,,1.0,0.0,0.0,0.0,1.0,0.17647058823529413,0.5762412057203405,599.0,649.0,51.0,51.0,1900.5,416.5,1837.7143273359193,411.95125965324024,100.22252748767423,547.0,1905.0644130058984,1894.6986651910777,-198.46255522051683,0.6995056123505585,0.6313315629959106,0.9124342203140259,0.0,0.0,0.0,0.0,1.0,1.0
SNPT-074,0,5.0,0.2367340613855049,0.8921905010938644,0.01098901098901099,0.0,0.9972527472527473,1.0,0.8962969377145662,0.0,363.0,364.0,364.0,214.5,518.0,10.601446274145799,445.1561799330508,68.1176478133925,,1.0,0.0,0.0,,0.0,0.0,0.5179832631891425,739.0,749.0,11.0,11.0,1898.5,438.5,1836.49321078004,434.8309531733833,72.42148175540153,376.0,1887.9102875643941,1887.8985537258543,-6.656179933050794,0.9405724125260937,0.5868702530860901,0.9210665225982666,0.0,0.0,0.0,0.0,0.0,0.0
SNPT-074,1,9.0,0.06921372417268538,0.903285073267447,0.2,1.0,0.9891891891891892,1.0,0.8538289095904376,174.0,358.0,185.0,185.0,21.0,599.0,9.160348847158293,499.93215583532435,89.03662857836133,,1.0,0.0,0.0,1.0,0.9506172839506173,1.0,0.8755516542328728,669.0,749.0,81.0,81.0,12.0,526.0,153.23776383260724,505.09840023870424,93.56166112737081,311.0,26.222054039751526,2.839651152841707,26.06784416467565,0.9516358250325494,0.9349841475486755,0.9921560287475586,0.0,0.0,0.0,1.0,0.0,1.0
SNPT-075,0,8.0,0.18480254563037307,0.9061537515372038,0.04177545691906005,1.0,1.0,1.0,0.8030523550417031,0.0,478.0,479.0,383.0,512.0,299.0,6.9246778992142435,636.90036902007,96.41685111251994,5.0,0.0015432360660327768,0.9997183763528172,0.5231788079470199,1.0,1.0,1.0,0.7933851547588576,599.0,749.0,151.0,151.0,13.0,484.5,155.3590351170351,475.50260338647774,73.8764058866688,121.0,152.52141494256406,6.0753221007857565,-152.40036902007,1.3051102033906419,0.791513204574585,0.9696545600891113,0.0,1.0,0.0,1.0,0.0,1.0
SNPT-075,0,4.0,0.00022327834456688955,0.9987966241531594,0.7107438016528925,1.0,1.0,1.0,0.8011751507432008,0.0,286.0,287.0,242.0,159.5,561.5,15.660964580721568,406.2642867401271,117.00320114907097,8.0,0.0005708889767422281,0.9999438714649942,0.9795918367346939,1.0,1.0,1.0,0.7306712334658824,603.0,749.0,147.0,147.0,5.0,596.5,86.44582516669055,540.9825705892873,89.6111866759886,317.0,190.53420366245,-10.660964580721568,190.2357132598729,1.305676283164567,0.7997171878814697,0.9545457363128662,0.0,1.0,1.0,1.0,0.0,1.0
SNPT-075,1,5.0,0.03646542355060338,0.9840938211121457,0.42152466367713004,1.0,1.0,1.0,0.8018428105944475,0.0,486.0,487.0,446.0,1018.0,547.0,10.177446285473017,535.8599437717934,115.91402725630766,5.0,0.0015432360660327768,0.9997183763528172,0.5231788079470199,1.0,1.0,1.0,0.7933851547588576,599.0,749.0,151.0,151.0,13.0,484.5,155.3590351170351,475.50260338647774,73.8764058866688,113.0,51.43744388782522,2.8225537145269826,-51.35994377179338,1.5690263469791328,0.929611086845398,0.9818433523178101,1.0,0.0,1.0,1.0,0.0,1.0
SNPT-075,0,8.0,0.18480254563037307,0.9061537515372038,0.04177545691906005,1.0,1.0,1.0,0.8030523550417031,0.0,478.0,479.0,383.0,512.0,299.0,6.9246778992142435,636.90036902007,96.41685111251994,8.0,0.0005708889767422281,0.9999438714649942,0.9795918367346939,1.0,1.0,1.0,0.7306712334658824,603.0,749.0,147.0,147.0,5.0,596.5,86.44582516669055,540.9825705892873,89.6111866759886,125.0,40.44618896723838,-1.9246778992142435,-40.40036902007,1.0759465942699642,0.8280900716781616,0.9325618743896484,1.0,0.0,0.0,1.0,0.0,1.0
SNPT-075,0,4.0,0.00022327834456688955,0.9987966241531594,0.7107438016528925,1.0,1.0,1.0,0.8011751507432008,0.0,286.0,287.0,242.0,159.5,561.5,15.660964580721568,406.2642867401271,117.00320114907097,,1.0,0.0,0.0,1.0,1.0,1.0,0.7546493244171143,408.0,482.0,75.0,75.0,9.0,323.5,9.078830964057726,403.859003919604,93.90998746478921,122.0,83.03189512920684,-6.6609645807215685,-82.76428674012709,1.2459079625896061,0.7690234184265137,0.9257963299751282,0.0,0.0,0.0,1.0,0.0,1.0
SNPT-075,1,,1.0,0.0,0.0,1.0,1.0,1.0,0.7546493244171143,408.0,482.0,75.0,75.0,9.0,323.5,9.078830964057726,403.859003919604,93.90998746478921,,1.0,0.0,0.0,1.0,0.9408602150537635,1.0,0.7852966689294384,564.0,749.0,186.0,186.0,13.5,447.5,1178.603896355114,536.5058990671985,77.9395472468143,82.0,43.86437363662582,4.421169035942274,43.64099608039601,1.2049080445309834,0.8986521363258362,0.9898021817207336,0.0,0.0,0.0,1.0,0.0,1.0
SNPT-075,1,8.0,0.0008541127433806251,0.9987190617248416,0.89198606271777,1.0,1.0,1.0,0.7040103229496122,0.0,286.0,287.0,287.0,755.0,590.0,14.587280862234886,560.5479964280034,130.99830218344192,8.0,0.0005708889767422281,0.9999438714649942,0.9795918367346939,1.0,1.0,1.0,0.7306712334658824,603.0,749.0,147.0,147.0,5.0,596.5,86.44582516669055,540.9825705892873,89.6111866759886,317.0,37.208366198641784,-9.587280862234886,35.952003571996556,1.461852108454926,0.9342490434646606,0.9744188785552979,1.0,0.0,1.0,1.0,0.0,1.0
SNPT-075,0,15.0,0.007077112762794112,0.9784698545265553,0.5929203539823009,1.0,0.9646017699115044,1.0,0.8364658910880046,0.0,451.0,452.0,452.0,966.0,575.0,22.28870550579102,834.0280883211725,139.77676298562892,8.0,0.0005708889767422281,0.9999438714649942,0.9795918367346939,1.0,1.0,1.0,0.7306712334658824,603.0,749.0,147.0,147.0,5.0,596.5,86.44582516669055,540.9825705892873,89.6111866759886,152.0,238.15644454764748,-17.28870550579102,-237.5280883211725,1.5598137706961337,0.9339706301689148,0.9486844539642334,0.0,1.0,1.0,1.0,0.0,1.0
SNPT-075,0,15.0,0.007077112762794112,0.9784698545265553,0.5929203539823009,1.0,0.9646017699115044,1.0,0.8364658910880046,0.0,451.0,452.0,452.0,966.0,575.0,22.28870550579102,834.0280883211725,139.77676298562892,5.0,0.0015432360660327768,0.9997183763528172,0.5231788079470199,1.0,1.0,1.0,0.7933851547588576,599.0,749.0,151.0,151.0,13.0,484.5,155.3590351170351,475.50260338647774,73.8764058866688,148.0,349.6514901661749,-9.288705505791022,-349.5280883211725,1.8920352351744822,0.8263756036758423,0.9679614305496216,0.0,1.0,1.0,1.0,0.0,1.0
SNPT-075,0,8.0,0.0008541127433806251,0.9987190617248416,0.89198606271777,1.0,1.0,1.0,0.7040103229496122,0.0,286.0,287.0,287.0,755.0,590.0,14.587280862234886,560.5479964280034,130.99830218344192,5.0,0.0015432360660327768,0.9997183763528172,0.5231788079470199,1.0,1.0,1.0,0.7933851547588576,599.0,749.0,151.0,151.0,13.0,484.5,155.3590351170351,475.50260338647774,73.8764058866688,313.0,76.06455956126507,-1.587280862234886,-76.04799642800344,1.7732089238938045,0.836810827255249,0.930781364440918,0.0,1.0,1.0,1.0,0.0,1.0
SNPT-075,0,15.0,0.007077112762794112,0.9784698545265553,0.5929203539823009,1.0,0.9646017699115044,1.0,0.8364658910880046,0.0,451.0,452.0,452.0,966.0,575.0,22.28870550579102,834.0280883211725,139.77676298562892,,1.0,0.0,0.0,1.0,0.9408602150537635,1.0,0.7852966689294384,564.0,749.0,186.0,186.0,13.5,447.5,1178.603896355114,536.5058990671985,77.9395472468143,113.0,386.6279922686505,-8.788705505791022,-386.5280883211725,1.7933997299598394,0.8643009662628174,0.9404631853103638,0.0,0.0,0.0,1.0,0.0,1.0
SNPT-075,0,,1.0,0.0,0.0,1.0,1.0,1.0,0.7546493244171143,408.0,482.0,75.0,75.0,9.0,323.5,9.078830964057726,403.859003919604,93.90998746478921,5.0,0.0015432360660327768,0.9997183763528172,0.5231788079470199,1.0,1.0,1.0,0.7933851547588576,599.0,749.0,151.0,151.0,13.0,484.5,155.3590351170351,475.50260338647774,73.8764058866688,117.0,80.73627323233886,3.921169035942274,80.64099608039601,1.2711769926768395,0.7836930155754089,0.9361222982406616,0.0,0.0,0.0,1.0,0.0,1.0
SNPT-076,0,,1.0,0.0,0.0,0.0,1.0,1.0,0.8120113027388932,231.0,474.0,244.0,244.0,15.0,741.5,7.554865152537852,804.4795624884223,89.93137379609183,,1.0,0.0,0.0,0.0,0.9770114942528736,1.0,0.8681699845982694,663.0,749.0,87.0,87.0,20.0,614.0,229.4217583915954,573.6967734483758,84.75656285279719,189.0,190.88568596715754,12.445134847462148,-190.4795624884223,1.061054988181648,0.8830468654632568,0.9464143514633179,0.0,0.0,0.0,1.0,0.0,1.0
SNPT-076,0,5.0,0.00010581229236611927,0.9999922622333873,0.021696252465483234,1.0,0.9506903353057199,1.0,0.8705371446628307,0.0,506.0,507.0,507.0,1132.5,634.5,25.49404928908479,1072.6679757148404,100.53943532702566,,1.0,0.0,0.0,0.0,0.9770114942528736,1.0,0.8681699845982694,663.0,749.0,87.0,87.0,20.0,614.0,229.4217583915954,573.6967734483758,84.75656285279719,157.0,458.7008791401433,-5.4940492890847885,-458.6679757148404,1.1862141637531918,0.7450286149978638,0.9331337213516235,0.0,0.0,0.0,0.0,1.0,1.0
SNPT-076,1,,1.0,0.0,0.0,0.0,0.9493243243243243,1.0,0.8711634772653515,0.0,591.0,592.0,592.0,55.0,539.0,6.802248676722007,658.71368270834,88.29944419341977,,1.0,0.0,0.0,0.0,0.9770114942528736,1.0,0.8681699845982694,663.0,749.0,87.0,87.0,20.0,614.0,229.4217583915954,573.6967734483758,84.75656285279719,72.0,46.62074711255912,13.197751323277993,-44.71368270834,1.0418006726721063,0.9391955733299255,0.9805053472518921,0.0,0.0,0.0,1.0,0.0,1.0
SNPT-076,0,5.0,0.00010581229236611927,0.9999922622333873,0.021696252465483234,1.0,0.9506903353057199,1.0,0.8705371446628307,0.0,506.0,507.0,507.0,1132.5,634.5,25.49404928908479,1072.6679757148404,100.53943532702566,,1.0,0.0,0.0,0.0,1.0,1.0,0.8660895857092452,677.0,749.0,73.0,73.0,8.0,739.5,173.97246730795604,691.1893919962529,107.93320475127874,171.0,333.6269500541786,-17.49404928908479,-333.1679757148404,0.9314968045163554,0.7902584075927734,0.9381091594696045,0.0,0.0,0.0,0.0,1.0,1.0
SNPT-076,0,5.0,0.00010581229236611927,0.9999922622333873,0.021696252465483234,1.0,0.9506903353057199,1.0,0.8705371446628307,0.0,506.0,507.0,507.0,1132.5,634.5,25.49404928908479,1072.6679757148404,100.53943532702566,,1.0,0.0,0.0,1.0,0.967032967032967,1.0,0.8814900104816144,659.0,749.0,91.0,91.0,7.5,662.0,321.57001206014695,591.7405214076241,94.2871980333763,153.0,411.0620051616821,-17.99404928908479,-410.6679757148404,1.0663105641492936,0.8346098065376282,0.9657368659973145,0.0,0.0,0.0,1.0,0.0,1.0
SNPT-076,1,,1.0,0.0,0.0,0.0,1.0,1.0,0.8120113027388932,231.0,474.0,244.0,244.0,15.0,741.5,7.554865152537852,804.4795624884223,89.93137379609183,,1.0,0.0,0.0,0.0,1.0,1.0,0.8660895857092452,677.0,749.0,73.0,73.0,8.0,739.5,173.97246730795604,691.1893919962529,107.93320475127874,203.0,64.9810871424848,0.44513484746214793,-64.97956248842229,0.8332132266741239,0.9618401527404785,0.9865329265594482,0.0,0.0,0.0,1.0,0.0,1.0
SNPT-076,1,,1.0,0.0,0.0,1.0,0.9817073170731707,1.0,0.8665223950293006,174.0,501.0,328.0,328.0,11.5,652.0,7.550470452575292,694.9774195674356,85.69532614974872,,1.0,0.0,0.0,1.0,0.967032967032967,1.0,0.8814900104816144,659.0,749.0,91.0,91.0,7.5,662.0,321.57001206014695,591.7405214076241,94.2871980333763,158.0,32.97745818878812,-0.0504704525752917,-32.97741956743562,0.9088755200829473,0.9390063881874084,0.9904345273971558,0.0,0.0,0.0,1.0,0.0,1.0
SNPT-076,0,,1.0,0.0,0.0,0.0,0.9493243243243243,1.0,0.8711634772653515,0.0,591.0,592.0,592.0,55.0,539.0,6.802248676722007,658.71368270834,88.29944419341977,,1.0,0.0,0.0,0.0,1.0,1.0,0.8660895857092452,677.0,749.0,73.0,73.0,8.0,739.5,173.97246730795604,691.1893919962529,107.93320475127874,86.0,80.7951958335468,1.197751323277993,80.78631729166,0.8180934161725023,0.9233840703964233,0.9925174117088318,0.0,0.0,0.0,1.0,0.0,1.0
SNPT-076,0,,1.0,0.0,0.0,1.0,0.9817073170731707,1.0,0.8665223950293006,174.0,501.0,328.0,328.0,11.5,652.0,7.550470452575292,694.9774195674356,85.69532614974872,,1.0,0.0,0.0,0.0,1.0,1.0,0.8660895857092452,677.0,749.0,73.0,73.0,8.0,739.5,173.97246730795604,691.1893919962529,107.93320475127874,176.0,44.524849749192555,0.4495295474247083,44.52258043256438,0.7939662900515649,0.7994320392608643,0.9641005992889404,0.0,0.0,0.0,0.0,1.0,1.0
SNPT-076,0,,1.0,0.0,0.0,0.0,1.0,0.00423728813559322,0.5235211931295314,163.0,634.0,472.0,472.0,1913.0,425.0,1911.5161741228958,482.2733538604491,44.80904313146213,,1.0,0.0,0.0,1.0,0.967032967032967,1.0,0.8814900104816144,659.0,749.0,91.0,91.0,7.5,662.0,321.57001206014695,591.7405214076241,94.2871980333763,25.0,1912.4798714376475,-1904.0161741228958,179.7266461395509,0.47523994843499734,0.6039059162139893,0.9102230668067932,0.0,0.0,0.0,0.0,1.0,1.0
SNPT-076,0,,1.0,0.0,0.0,0.0,1.0,1.0,0.8120113027388932,231.0,474.0,244.0,244.0,15.0,741.5,7.554865152537852,804.4795624884223,89.93137379609183,,1.0,0.0,0.0,1.0,0.967032967032967,1.0,0.8814900104816144,659.0,749.0,91.0,91.0,7.5,662.0,321.57001206014695,591.7405214076241,94.2871980333763,185.0,142.47957305198943,-0.05486515253785207,-142.4795624884223,0.9538025911455915,0.7926139831542969,0.943810224533081,0.0,0.0,0.0,0.0,1.0,1.0
SNPT-076,0,,1.0,0.0,0.0,1.0,0.9817073170731707,1.0,0.8665223950293006,174.0,501.0,328.0,328.0,11.5,652.0,7.550470452575292,694.9774195674356,85.69532614974872,,1.0,0.0,0.0,0.0,0.9770114942528736,1.0,0.8681699845982694,663.0,749.0,87.0,87.0,20.0,614.0,229.4217583915954,573.6967734483758,84.75656285279719,162.0,81.92883049179152,12.449529547424708,-80.97741956743562,1.01107599536076,0.7864313125610352,0.9500856399536133,0.0,0.0,0.0,0.0,1.0,1.0
SNPT-077,0,,1.0,0.0,0.0,0.0,1.0,0.9634146341463414,0.81783780266967,0.0,81.0,82.0,82.0,1894.0,402.5,1913.4538253645915,485.5643040622227,147.28690749870492,11.0,0.24132271261403634,0.8621708580425808,0.6829268292682927,1.0,0.9512195121951219,1.0,0.8691419566549906,637.0,677.0,41.0,41.0,1911.0,612.0,1909.2622529434152,570.405464844969,122.5340992832637,556.0,126.45950524254788,-2.4538253645914665,126.43569593777733,1.202007509421682,0.6472650766372681,0.9162932634353638,0.0,0.0,0.0,0.0,1.0,1.0
SNPT-077,0,,1.0,0.0,0.0,0.0,1.0,0.9634146341463414,0.81783780266967,0.0,81.0,82.0,82.0,1894.0,402.5,1913.4538253645915,485.5643040622227,147.28690749870492,,1.0,0.0,0.0,0.0,1.0,1.0,0.6218587468339972,166.0,749.0,584.0,584.0,19.5,204.0,1696.1834013125872,337.5255518537341,67.96832673028823,85.0,1914.7687980367796,-1893.9538253645915,-281.5643040622227,2.16699328325631,0.8098053336143494,0.9407790899276733,0.0,0.0,0.0,1.0,0.0,1.0
SNPT-077,1,17.0,0.09579363725840397,0.9490104948773104,0.02992957746478873,1.0,0.9876760563380281,1.0,0.8526225294655477,0.0,567.0,568.0,568.0,1416.0,786.0,1910.2993920621382,702.262019117312,147.37784926851796,11.0,0.24132271261403634,0.8621708580425808,0.6829268292682927,1.0,0.9512195121951219,1.0,0.8691419566549906,637.0,677.0,41.0,41.0,1911.0,612.0,1909.2622529434152,570.405464844969,122.5340992832637,70.0,90.26473811304494,0.7006079378618324,-90.26201911731198,1.202749684623075,0.8545433282852173,0.9843372702598572,0.0,1.0,0.0,1.0,0.0,1.0
SNPT-077,0,,1.0,0.0,0.0,0.0,1.0,1.0,0.7791846750937786,0.0,96.0,97.0,97.0,105.5,345.0,8.620241935147583,320.8892897602526,149.30101783406346,11.0,0.24132271261403634,0.8621708580425808,0.6829268292682927,1.0,0.9512195121951219,1.0,0.8691419566549906,637.0,677.0,41.0,41.0,1911.0,612.0,1909.2622529434152,570.405464844969,122.5340992832637,541.0,1924.5244060575528,1902.3797580648525,291.1107102397474,1.2184446509777032,0.7878619432449341,0.9196886420249939,0.0,0.0,0.0,0.0,1.0,1.0
SNPT-077,0,,1.0,0.0,0.0,0.0,1.0,1.0,0.8665266568870112,152.0,504.0,353.0,353.0,1905.0,430.0,1907.835036927024,853.5768939558982,120.64068162024401,11.0,0.24132271261403634,0.8621708580425808,0.6829268292682927,1.0,0.9512195121951219,1.0,0.8691419566549906,637.0,677.0,41.0,41.0,1911.0,612.0,1909.2622529434152,570.405464844969,122.5340992832637,133.0,241.5976255773897,3.1649630729759792,-241.57689395589819,0.9845478305704712,0.7104567289352417,0.9379631280899048,0.0,0.0,0.0,0.0,1.0,1.0
SNPT-077,1,,1.0,0.0,0.0,0.0,1.0,0.9634146341463414,0.81783780266967,0.0,81.0,82.0,82.0,1894.0,402.5,1913.4538253645915,485.5643040622227,147.28690749870492,,1.0,0.0,0.0,0.0,1.0,1.0,0.8665266568870112,152.0,504.0,353.0,353.0,1905.0,430.0,1907.835036927024,853.5768939558982,120.64068162024401,71.0,56.20372807220305,-8.453825364591466,-55.564304062222675,1.2208726403116539,0.9148929119110107,0.957275927066803,0.0,0.0,0.0,1.0,0.0,1.0
SNPT-077,1,,1.0,0.0,0.0,1.0,0.9980952380952381,1.0,0.8488780998048329,0.0,524.0,525.0,525.0,1032.0,534.5,1898.710671089651,1011.3293487003989,129.9509444994368,6.0,0.11539961374364793,0.9712290018796921,0.4444444444444444,1.0,0.8888888888888888,1.0,0.8624242080582513,741.0,749.0,9.0,9.0,1908.5,952.5,1832.2265004941803,912.785377264014,191.8902894967755,217.0,59.638269835971265,9.789328910349013,-58.829348700398896,0.6772148024802499,0.9273079633712769,0.9744924306869507,0.0,0.0,0.0,1.0,0.0,0.0
SNPT-077,0,,1.0,0.0,0.0,0.0,0.9796511627906976,0.9956584659913169,0.8212397978378274,0.0,694.0,695.0,691.0,597.0,25.0,1907.5464172823365,406.25516518694803,58.73269059446221,6.0,0.11539961374364793,0.9712290018796921,0.4444444444444444,1.0,0.8888888888888888,1.0,0.8624242080582513,741.0,749.0,9.0,9.0,1908.5,952.5,1832.2265004941803,912.785377264014,191.8902894967755,47.0,546.2456671498071,0.9535827176634939,546.244834813052,0.3060743237632624,0.7199655771255493,0.9362743496894836,0.0,0.0,0.0,0.0,1.0,0.0
SNPT-077,0,,1.0,0.0,0.0,0.0,0.9637404580152672,1.0,0.8477702348969365,0.0,523.0,524.0,524.0,1464.0,111.5,1906.1813958137068,573.6957718462219,85.76946501126152,11.0,0.24132271261403634,0.8621708580425808,0.6829268292682927,1.0,0.9512195121951219,1.0,0.8691419566549906,637.0,677.0,41.0,41.0,1911.0,612.0,1909.2622529434152,570.405464844969,122.5340992832637,114.0,38.606124394464295,4.818604186293214,38.304228153778126,0.6999640550095946,0.7926958799362183,0.9509900808334351,0.0,0.0,0.0,0.0,1.0,1.0
SNPT-077,0,,1.0,0.0,0.0,0.0,1.0,1.0,0.7791846750937786,0.0,96.0,97.0,97.0,105.5,345.0,8.620241935147583,320.8892897602526,149.30101783406346,8.0,0.002295550211177518,0.9997603495915731,0.061855670103092786,1.0,0.9278350515463918,1.0,0.8688340365272207,170.0,266.0,97.0,97.0,1911.0,571.0,1913.5382941869748,684.3673313805848,93.97074067201368,74.0,1918.7506641748732,1902.3797580648525,250.1107102397474,1.5888032462697,0.7316351532936096,0.9139271974563599,0.0,0.0,0.0,0.0,1.0,1.0
SNPT-077,0,8.0,0.002295550211177518,0.9997603495915731,0.061855670103092786,1.0,0.9278350515463918,1.0,0.8688340365272207,170.0,266.0,97.0,97.0,1911.0,571.0,1913.5382941869748,684.3673313805848,93.97074067201368,6.0,0.11539961374364793,0.9712290018796921,0.4444444444444444,1.0,0.8888888888888888,1.0,0.8624242080582513,741.0,749.0,9.0,9.0,1908.5,952.5,1832.2265004941803,912.785377264014,191.8902894967755,475.0,268.17999998002017,-5.038294186974781,268.1326686194152,0.48971076607601216,0.8240607976913452,0.9644172787666321,0.0,1.0,1.0,1.0,0.0,0.0
SNPT-077,0,,1.0,0.0,0.0,0.0,1.0,0.9634146341463414,0.81783780266967,0.0,81.0,82.0,82.0,1894.0,402.5,1913.4538253645915,485.5643040622227,147.28690749870492,36.0,0.14753489619366178,0.9084724060126713,0.0847750865051903,0.0,0.7024221453287197,1.0,0.8503760586147903,157.0,749.0,593.0,578.0,31.5,420.5,241.69681057163234,555.4980162470731,84.41815792574745,76.0,1883.0782151752276,-1881.9538253645915,-65.06430406222267,1.7447301755654936,0.8440517783164978,0.9552206993103027,0.0,0.0,0.0,1.0,0.0,0.0
SNPT-097,0,62.0,0.00545989119692874,0.990017368169866,0.9351081530782029,0.0,1.0,0.9983361064891847,0.7166457001368205,0.0,600.0,601.0,601.0,1334.5,764.0,14.449869971307475,1014.1802371202964,180.31293418385434,24.0,0.019241649148170836,0.9162320196628571,0.375,0.0,1.0,1.0,0.8928939290344715,690.0,749.0,60.0,16.0,5.5,856.0,168.33469857517605,777.2976397477407,106.3124647369761,90.0,158.4332275374598,-8.949869971307475,-158.1802371202964,1.6960657871112308,0.8534574508666992,0.9027776718139648,0.0,1.0,1.0,1.0,0.0,1.0
SNPT-097,0,20.0,0.024055080159983002,0.9712459595971986,0.21529745042492918,1.0,0.990084985835694,1.0,0.8627717776102655,0.0,705.0,706.0,706.0,1528.5,509.0,1908.3921543613337,707.1017772167418,114.0220939734424,33.0,0.014656383706236599,0.9973650070337149,0.3023255813953488,0.0,1.0,1.0,0.8947031941524771,707.0,749.0,43.0,43.0,6.0,548.5,595.2953995776583,516.7558156700564,93.55517452266734,2.0,1908.9919938836479,-1902.3921543613337,-158.60177721674177,1.2187684385732844,0.6653399467468262,0.8980741500854492,0.0,1.0,1.0,0.0,1.0,1.0
SNPT-097,1,33.0,0.01790706081818409,0.97713836230854,0.1732418524871355,0.0,0.9433962264150944,1.0,0.8893941923030245,0.0,582.0,583.0,583.0,783.5,298.5,9.586897129391133,487.1702905010725,81.62471703744166,33.0,0.014656383706236599,0.9973650070337149,0.3023255813953488,0.0,1.0,1.0,0.8947031941524771,707.0,749.0,43.0,43.0,6.0,548.5,595.2953995776583,516.7558156700564,93.55517452266734,125.0,61.43451064539925,-3.586897129391133,61.329709498927514,0.8724767759122177,0.9135717153549194,0.9859921932220459,1.0,0.0,1.0,1.0,0.0,1.0
SNPT-097,0,14.0,0.06305262626293497,0.9271562956273556,0.43243243243243246,0.0,0.9909502262443439,0.9954954954954955,0.872596495323353,210.0,534.0,325.0,222.0,8.5,720.0,4.9793301323637325,750.4917688094697,134.34402594002026,33.0,0.014656383706236599,0.9973650070337149,0.3023255813953488,0.0,1.0,1.0,0.8947031941524771,707.0,749.0,43.0,43.0,6.0,548.5,595.2953995776583,516.7558156700564,93.55517452266734,173.0,201.9943475292241,1.0206698676362675,-201.9917688094697,1.4359871233789452,0.6662247180938721,0.9775736331939697,0.0,1.0,1.0,1.0,0.0,1.0
SNPT-098,0,33.0,0.0007072649519669181,0.9898514705044883,0.4666666666666667,1.0,1.0,1.0,0.8438178944587708,0.0,149.0,150.0,150.0,1058.0,715.0,1908.8816718675512,925.651210487243,127.29633585623752,10.0,0.020654292164973994,0.9931285260688691,0.9379652605459057,1.0,0.9801488833746899,1.0,0.8761855992430788,298.0,700.0,403.0,403.0,1911.0,710.0,1901.2738477547664,724.3586464384468,137.76682359910237,149.0,215.66161433757728,2.1183281324488235,-215.65121048724302,0.9239984818599456,0.9104341268539429,0.973763108253479,0.0,1.0,1.0,1.0,0.0,1.0
SNPT-098,0,,1.0,0.0,0.0,1.0,0.9918032786885246,1.0,0.8353370687023538,0.0,121.0,122.0,122.0,1512.5,416.0,1909.4250764432136,478.39726442475495,62.32042604397677,14.0,0.019292615083572086,0.9826657620310052,0.5451505016722408,1.0,0.9966555183946488,1.0,0.8646890507095235,413.0,711.0,299.0,299.0,1912.5,615.0,1903.2936824029184,750.8500911359823,132.60441868319052,292.0,136.637339411745,3.074923556786416,136.60273557524505,0.46997246896325906,0.794155478477478,0.9381074905395508,0.0,0.0,0.0,1.0,0.0,1.0
SNPT-098,0,,1.0,0.0,0.0,0.0,1.0,0.003816793893129771,0.53909832239151,0.0,261.0,262.0,262.0,286.5,435.0,4.6422395689513465,476.7414762162622,68.95503699147785,20.0,0.0005924530531303579,0.9880909471396815,0.8113879003558719,1.0,0.693950177935943,1.0,0.7676741090533572,432.0,749.0,318.0,281.0,1910.0,719.5,1589.6931514125695,883.2991402968917,144.68485956306597,171.0,1920.760239099217,1905.3577604310487,242.75852378373781,0.4765877867229182,0.6444247961044312,0.9032646417617798,0.0,0.0,0.0,0.0,1.0,0.0
SNPT-098,0,,1.0,0.0,0.0,0.0,1.0,1.0,0.9372238508042168,0.0,135.0,136.0,136.0,1463.5,619.5,1912.477401986348,766.9328815430301,115.98346812728535,7.0,0.010693157655936453,0.9776969868034574,0.6567656765676567,0.0,0.966996699669967,1.0,0.8763210755763667,406.0,708.0,303.0,303.0,1913.0,664.0,1907.653992553161,728.2174440339758,134.59120120712612,271.0,102.93420816927357,0.5225980136519865,-102.93288154303013,0.8617462886655954,0.7249592542648315,0.9665179252624512,0.0,0.0,0.0,1.0,0.0,1.0
SNPT-098,0,,1.0,0.0,0.0,1.0,0.9918032786885246,1.0,0.8353370687023538,0.0,121.0,122.0,122.0,1512.5,416.0,1909.4250764432136,478.39726442475495,62.32042604397677,36.0,0.10462047129626359,0.8613010843594869,0.5714285714285714,0.0,1.0,1.0,0.9091049035390218,708.0,749.0,42.0,42.0,11.0,982.5,526.8457673323907,945.6569741276509,196.61356015615613,587.0,1964.2141784649828,-1898.4250764432136,504.10273557524505,0.3169691144114378,0.5816605687141418,0.9026022553443909,0.0,0.0,0.0,0.0,1.0,1.0
SNPT-098,0,,1.0,0.0,0.0,0.0,1.0,1.0,0.9372238508042168,0.0,135.0,136.0,136.0,1463.5,619.5,1912.477401986348,766.9328815430301,115.98346812728535,16.0,0.037076045607213844,0.96137013367086,0.9124293785310734,1.0,0.596045197740113,1.0,0.8386009305210437,345.0,749.0,405.0,354.0,1910.5,637.5,1355.2567588647544,647.3174439676485,132.6229587696431,210.0,129.44798547350084,-1.9774019863480135,-129.43288154303013,0.8745353685611901,0.7028601765632629,0.9421073198318481,0.0,0.0,0.0,0.0,1.0,0.0
SNPT-098,0,,1.0,0.0,0.0,0.0,1.0,1.0,0.9372238508042168,0.0,135.0,136.0,136.0,1463.5,619.5,1912.477401986348,766.9328815430301,115.98346812728535,31.0,0.03953732484676818,0.9389358750030176,0.17091836734693877,1.0,0.9591836734693877,1.0,0.8218687435193938,358.0,749.0,392.0,392.0,1913.0,408.0,1896.7583986256827,606.1253039392084,89.91504020900798,223.0,358.93326198816794,0.5225980136519865,-358.93288154303013,1.2899228856227074,0.6480867862701416,0.92744380235672,0.0,0.0,0.0,0.0,1.0,1.0
SNPT-098,0,,1.0,0.0,0.0,0.0,0.6271186440677966,1.0,0.7396729537996195,518.0,576.0,59.0,59.0,1903.5,613.5,1910.1209322951536,621.9001973622521,117.04887836746474,3.0,0.1930117400895272,0.8679121732711792,0.2826086956521739,0.0,1.0,1.0,0.8925837835539943,704.0,749.0,46.0,46.0,16.5,822.5,673.0966657557432,814.3832796333213,180.37903885381903,128.0,1904.216509760555,-1893.6209322951536,200.59980263774787,0.6489051006770378,0.647685170173645,0.9512013792991638,0.0,0.0,0.0,1.0,0.0,0.0
SNPT-098,1,33.0,0.008548800726003804,0.9963049941723889,0.9619047619047619,1.0,0.9952380952380953,1.0,0.8177486663772946,227.0,436.0,210.0,210.0,1893.0,984.0,22.02116332071845,983.1148692165725,167.76869027200016,33.0,0.0019058498882901296,0.9971097219321463,0.6545454545454545,1.0,0.8727272727272727,1.0,0.7833593314344233,640.0,749.0,110.0,110.0,401.5,1070.5,1382.7955400600717,985.6696434814008,108.16618877128846,204.0,389.41025740149365,379.4788366792815,87.38513078342748,1.5510271017012345,0.8669888973236084,0.9864082932472229,1.0,0.0,1.0,1.0,0.0,0.0
SNPT-098,0,,1.0,0.0,0.0,1.0,0.9918032786885246,1.0,0.8353370687023538,0.0,121.0,122.0,122.0,1512.5,416.0,1909.4250764432136,478.39726442475495,62.32042604397677,14.0,0.018197448647991474,0.9701811603847004,0.984375,0.0,1.0,1.0,0.9146815561689436,622.0,749.0,128.0,128.0,12.0,634.0,865.8505690038504,524.2610919484443,123.81482466661525,501.0,1903.7946664580281,-1897.4250764432136,155.60273557524505,0.5033357371524874,0.6401660442352295,0.9165830612182617,0.0,0.0,0.0,0.0,1.0,1.0
SNPT-098,0,14.0,0.0006463406469495577,0.9985342565036955,0.39622641509433965,0.0,1.0,1.0,0.8990579539874815,227.0,438.0,212.0,212.0,1906.0,655.0,9.04782156642155,498.08863343691627,95.7415218971149,3.0,0.1930117400895272,0.8679121732711792,0.2826086956521739,0.0,1.0,1.0,0.8925837835539943,704.0,749.0,46.0,46.0,16.5,822.5,673.0966657557432,814.3832796333213,180.37903885381903,266.0,324.496948704812,7.45217843357845,324.41136656308373,0.530779643274986,0.8770188093185425,0.9667346477508545,0.0,1.0,0.0,1.0,0.0,1.0
SNPT-098,0,,1.0,0.0,0.0,1.0,0.9918032786885246,1.0,0.8353370687023538,0.0,121.0,122.0,122.0,1512.5,416.0,1909.4250764432136,478.39726442475495,62.32042604397677,10.0,0.020654292164973994,0.9931285260688691,0.9379652605459057,1.0,0.9801488833746899,1.0,0.8761855992430788,298.0,700.0,403.0,403.0,1911.0,710.0,1901.2738477547664,724.3586464384468,137.76682359910237,177.0,231.60809033828372,1.5749235567864162,231.60273557524505,0.4523616384255725,0.7135642170906067,0.9360216856002808,0.0,0.0,0.0,1.0,0.0,1.0
SNPT-098,1,,1.0,0.0,0.0,0.0,1.0,1.0,0.9372238508042168,0.0,135.0,136.0,136.0,1463.5,619.5,1912.477401986348,766.9328815430301,115.98346812728535,14.0,0.0006463406469495577,0.9985342565036955,0.39622641509433965,0.0,1.0,1.0,0.8990579539874815,227.0,438.0,212.0,212.0,1906.0,655.0,9.04782156642155,498.08863343691627,95.7415218971149,92.0,112.1201440733054,-6.4774019863480135,-111.93288154303013,1.2114228584325484,0.918971061706543,0.9869767427444458,0.0,0.0,0.0,1.0,0.0,1.0
SNPT-098,1,33.0,0.0007072649519669181,0.9898514705044883,0.4666666666666667,1.0,1.0,1.0,0.8438178944587708,0.0,149.0,150.0,150.0,1058.0,715.0,1908.8816718675512,925.651210487243,127.29633585623752,33.0,0.008548800726003804,0.9963049941723889,0.9619047619047619,1.0,0.9952380952380953,1.0,0.8177486663772946,227.0,436.0,210.0,210.0,1893.0,984.0,22.02116332071845,983.1148692165725,167.76869027200016,78.0,60.471553137922506,-15.881671867551177,58.34878951275698,0.7587609800723509,0.9464881420135498,0.9654141664505005,1.0,0.0,1.0,1.0,0.0,1.0
SNPT-098,0,24.0,0.007257319605956445,0.9944738478304069,0.9469026548672567,0.0,1.0,1.0,0.8516030548948103,407.0,519.0,113.0,113.0,1904.0,1006.0,1912.1525467468568,964.4890950573651,173.69078163442325,14.0,0.018197448647991474,0.9701811603847004,0.984375,0.0,1.0,1.0,0.9146815561689436,622.0,749.0,128.0,128.0,12.0,634.0,865.8505690038504,524.2610919484443,123.81482466661525,103.0,1928.679014989379,-1900.1525467468568,-330.48909505736515,1.4028270209331102,0.683829665184021,0.9197647571563721,0.0,1.0,1.0,1.0,0.0,1.0
SNPT-098,0,,1.0,0.0,0.0,1.0,0.9918032786885246,1.0,0.8353370687023538,0.0,121.0,122.0,122.0,1512.5,416.0,1909.4250764432136,478.39726442475495,62.32042604397677,33.0,0.0019058498882901296,0.9971097219321463,0.6545454545454545,1.0,0.8727272727272727,1.0,0.7833593314344233,640.0,749.0,110.0,110.0,401.5,1070.5,1382.7955400600717,985.6696434814008,108.16618877128846,519.0,1620.0073103668267,-1507.9250764432136,592.1027355752451,0.5761544041803112,0.7066348791122437,0.8737360835075378,0.0,0.0,0.0,1.0,0.0,0.0
SNPT-098,0,,1.0,0.0,0.0,0.0,1.0,1.0,0.9372238508042168,0.0,135.0,136.0,136.0,1463.5,619.5,1912.477401986348,766.9328815430301,115.98346812728535,24.0,0.007257319605956445,0.9944738478304069,0.9469026548672567,0.0,1.0,1.0,0.8516030548948103,407.0,519.0,113.0,113.0,1904.0,1006.0,1912.1525467468568,964.4890950573651,173.69078163442325,272.0,239.21737702716538,-8.477401986348013,239.06711845696987,0.667758340632045,0.714828610420227,0.9144672751426697,0.0,0.0,0.0,1.0,0.0,1.0
SNPT-098,1,33.0,0.0007072649519669181,0.9898514705044883,0.4666666666666667,1.0,1.0,1.0,0.8438178944587708,0.0,149.0,150.0,150.0,1058.0,715.0,1908.8816718675512,925.651210487243,127.29633585623752,33.0,0.0019058498882901296,0.9971097219321463,0.6545454545454545,1.0,0.8727272727272727,1.0,0.7833593314344233,640.0,749.0,110.0,110.0,401.5,1070.5,1382.7955400600717,985.6696434814008,108.16618877128846,491.0,1514.325155475377,-1507.3816718675512,144.84878951275698,1.1768588438056065,0.8979986906051636,0.9657862186431885,1.0,0.0,1.0,1.0,0.0,0.0
SNPT-098,0,33.0,0.008548800726003804,0.9963049941723889,0.9619047619047619,1.0,0.9952380952380953,1.0,0.8177486663772946,227.0,436.0,210.0,210.0,1893.0,984.0,22.02116332071845,983.1148692165725,167.76869027200016,3.0,0.1930117400895272,0.8679121732711792,0.2826086956521739,0.0,1.0,1.0,0.8925837835539943,704.0,749.0,46.0,46.0,16.5,822.5,673.0966657557432,814.3832796333213,180.37903885381903,268.0,160.70973666169309,-5.5211633207184505,-160.61486921657252,0.9300897229414864,0.6327592134475708,0.7946866154670715,0.0,1.0,0.0,0.0,1.0,1.0
SNPT-098,1,,1.0,0.0,0.0,0.0,1.0,1.0,0.9372238508042168,0.0,135.0,136.0,136.0,1463.5,619.5,1912.477401986348,766.9328815430301,115.98346812728535,14.0,0.018197448647991474,0.9701811603847004,0.984375,0.0,1.0,1.0,0.9146815561689436,622.0,749.0,128.0,128.0,12.0,634.0,865.8505690038504,524.2610919484443,123.81482466661525,487.0,1905.1208640021011,-1900.477401986348,-132.93288154303013,0.9367494436920888,0.7688862085342407,0.9675266146659851,0.0,0.0,0.0,1.0,0.0,1.0
SNPT-098,0,36.0,0.0315724224501598,0.9724281725864257,0.6169154228855721,0.0,1.0,1.0,0.9078821493915065,0.0,401.0,402.0,402.0,741.5,590.5,20.275383266506083,772.2849851820458,118.12708277950635,14.0,0.019292615083572086,0.9826657620310052,0.5451505016722408,1.0,0.9966555183946488,1.0,0.8646890507095235,413.0,711.0,299.0,299.0,1912.5,615.0,1903.2936824029184,750.8500911359823,132.60441868319052,12.0,1898.7502644465737,1892.2246167334938,-157.28498518204583,0.890823126050781,0.6521139144897461,0.8920110464096069,0.0,1.0,1.0,0.0,1.0,1.0
SNPT-098,1,36.0,0.0315724224501598,0.9724281725864257,0.6169154228855721,0.0,1.0,1.0,0.9078821493915065,0.0,401.0,402.0,402.0,741.5,590.5,20.275383266506083,772.2849851820458,118.12708277950635,36.0,0.10462047129626359,0.8613010843594869,0.5714285714285714,0.0,1.0,1.0,0.9091049035390218,708.0,749.0,42.0,42.0,11.0,982.5,526.8457673323907,945.6569741276509,196.61356015615613,307.0,210.4195456454872,-9.275383266506083,210.21501481795417,0.600808421787828,0.9255800247192383,0.9822104573249817,1.0,0.0,1.0,1.0,0.0,1.0
SNPT-098,0,36.0,0.0315724224501598,0.9724281725864257,0.6169154228855721,0.0,1.0,1.0,0.9078821493915065,0.0,401.0,402.0,402.0,741.5,590.5,20.275383266506083,772.2849851820458,118.12708277950635,20.0,0.0005924530531303579,0.9880909471396815,0.8113879003558719,1.0,0.693950177935943,1.0,0.7676741090533572,432.0,749.0,318.0,281.0,1910.0,719.5,1589.6931514125695,883.2991402968917,144.68485956306597,31.0,1890.4616848138496,1889.7246167334938,-52.78498518204583,0.8164439813276836,0.7454791069030762,0.9162464737892151,0.0,1.0,1.0,0.0,1.0,0.0
SNPT-098,1,36.0,0.10704240610357374,0.9828022718429565,0.0024509803921568627,0.0,1.0,1.0,0.9067778414955326,0.0,407.0,408.0,408.0,1080.5,371.0,19.307343957102972,565.7220205846335,78.07760194933034,3.0,0.1930117400895272,0.8679121732711792,0.2826086956521739,0.0,1.0,1.0,0.8925837835539943,704.0,749.0,46.0,46.0,16.5,822.5,673.0966657557432,814.3832796333213,180.37903885381903,297.0,256.79332524957084,-2.8073439571029724,256.77797941536653,0.43285296587374106,0.8730941414833069,0.9651575088500977,0.0,1.0,0.0,1.0,0.0,1.0
SNPT-098,0,,1.0,0.0,0.0,0.0,1.0,1.0,0.9372238508042168,0.0,135.0,136.0,136.0,1463.5,619.5,1912.477401986348,766.9328815430301,115.98346812728535,27.0,0.04291305989741482,0.9782354527331413,0.09073359073359073,0.0,0.971042471042471,1.0,0.866511247563086,232.0,749.0,518.0,518.0,1912.5,471.5,180.7046795116562,641.6125879571086,82.83583619405336,97.0,295.43288240730465,0.022598013651986548,-295.43288154303013,1.40016052781286,0.8569107055664062,0.9785402417182922,0.0,0.0,0.0,1.0,0.0,1.0
SNPT-098,0,,1.0,0.0,0.0,0.0,1.0,1.0,0.9372238508042168,0.0,135.0,136.0,136.0,1463.5,619.5,1912.477401986348,766.9328815430301,115.98346812728535,6.0,0.13698247253893495,0.8171822231363606,0.6342857142857142,0.0,1.0,1.0,0.912993050643376,575.0,749.0,175.0,175.0,16.5,820.5,1318.0711259364598,809.1981860046203,171.76110948462346,440.0,1896.7339679097554,-1895.977401986348,53.567118456969865,0.6752603571046943,0.6650505065917969,0.9703367352485657,0.0,0.0,0.0,1.0,0.0,1.0
SNPT-098,0,,1.0,0.0,0.0,1.0,0.9918032786885246,1.0,0.8353370687023538,0.0,121.0,122.0,122.0,1512.5,416.0,1909.4250764432136,478.39726442475495,62.32042604397677,24.0,0.11499940599933325,0.9435639878114065,0.20588235294117646,1.0,0.9950980392156863,1.0,0.8836161599439734,546.0,749.0,204.0,204.0,8.5,624.5,806.9492250401645,639.6924149985441,115.33118764390707,425.0,1906.5314462639233,-1900.9250764432136,146.10273557524505,0.5403605678317936,0.8453517556190491,0.9709354043006897,0.0,0.0,0.0,1.0,0.0,1.0
SNPT-098,0,36.0,0.10704240610357374,0.9828022718429565,0.0024509803921568627,0.0,1.0,1.0,0.9067778414955326,0.0,407.0,408.0,408.0,1080.5,371.0,19.307343957102972,565.7220205846335,78.07760194933034,33.0,0.0019058498882901296,0.9971097219321463,0.6545454545454545,1.0,0.8727272727272727,1.0,0.7833593314344233,640.0,749.0,110.0,110.0,401.5,1070.5,1382.7955400600717,985.6696434814008,108.16618877128846,233.0,633.1445607724861,382.19265604289706,504.77797941536653,0.7218300176446191,0.7073308229446411,0.8301337957382202,0.0,1.0,1.0,0.0,1.0,0.0
SNPT-098,0,9.0,0.019245205671828254,0.9807735397235343,0.7342995169082126,1.0,1.0,1.0,0.8803689858475745,0.0,413.0,414.0,414.0,1355.0,597.5,22.189852248553077,609.7078402605096,107.45879214470021,20.0,0.0005924530531303579,0.9880909471396815,0.8113879003558719,1.0,0.693950177935943,1.0,0.7676741090533572,432.0,749.0,318.0,281.0,1910.0,719.5,1589.6931514125695,883.2991402968917,144.68485956306597,19.0,1891.0001248793194,1887.810147751447,109.79215973949044,0.7427093095242666,0.8726441860198975,0.9552770853042603,0.0,1.0,1.0,1.0,0.0,0.0
SNPT-098,0,16.0,0.07370982533443567,0.9215619055951227,0.28773584905660377,1.0,0.9858490566037735,1.0,0.8642587583020048,251.0,462.0,212.0,212.0,1911.0,599.5,9.359725950942224,604.4286876120163,95.42155199933833,33.0,0.0019058498882901296,0.9971097219321463,0.6545454545454545,1.0,0.8727272727272727,1.0,0.7833593314344233,640.0,749.0,110.0,110.0,401.5,1070.5,1382.7955400600717,985.6696434814008,108.16618877128846,178.0,609.0947896364962,392.1402740490578,466.07131238798365,0.8821754106646211,0.833004355430603,0.8784438371658325,0.0,1.0,1.0,1.0,0.0,0.0
SNPT-098,0,20.0,0.4170553703249122,0.8694858103990555,0.014134275618374558,1.0,0.9929328621908127,1.0,0.8401472056712362,195.0,477.0,283.0,283.0,1911.5,510.5,13.59923414595849,545.3953293096488,75.74957284741562,3.0,0.1930117400895272,0.8679121732711792,0.2826086956521739,0.0,1.0,1.0,0.8925837835539943,704.0,749.0,46.0,46.0,16.5,822.5,673.0966657557432,814.3832796333213,180.37903885381903,227.0,277.1198530617176,2.9007658540415093,277.1046706903512,0.41994664861699277,0.6264302730560303,0.9047690629959106,0.0,1.0,0.0,0.0,1.0,1.0
SNPT-098,1,,1.0,0.0,0.0,1.0,0.9918032786885246,1.0,0.8353370687023538,0.0,121.0,122.0,122.0,1512.5,416.0,1909.4250764432136,478.39726442475495,62.32042604397677,20.0,0.4170553703249122,0.8694858103990555,0.014134275618374558,1.0,0.9929328621908127,1.0,0.8401472056712362,195.0,477.0,283.0,283.0,1911.5,510.5,13.59923414595849,545.3953293096488,75.74957284741562,74.0,32.1697208439957,2.074923556786416,32.10273557524505,0.8227165342504368,0.9615427255630493,0.9930776357650757,0.0,0.0,0.0,1.0,0.0,1.0
SNPT-098,0,33.0,0.0007072649519669181,0.9898514705044883,0.4666666666666667,1.0,1.0,1.0,0.8438178944587708,0.0,149.0,150.0,150.0,1058.0,715.0,1908.8816718675512,925.651210487243,127.29633585623752,9.0,0.025652238541068517,0.9435309560009928,0.625,0.0,0.9848484848484849,1.0,0.887362230907787,388.0,651.0,264.0,264.0,1899.0,514.0,1906.2653776209054,752.0025076482405,127.9767810722809,239.0,411.7697979873104,-9.881671867551177,-411.651210487243,0.9946830572675596,0.7102358937263489,0.9024252891540527,0.0,1.0,1.0,0.0,1.0,1.0
SNPT-098,1,14.0,0.0006463406469495577,0.9985342565036955,0.39622641509433965,0.0,1.0,1.0,0.8990579539874815,227.0,438.0,212.0,212.0,1906.0,655.0,9.04782156642155,498.08863343691627,95.7415218971149,14.0,0.018197448647991474,0.9701811603847004,0.984375,0.0,1.0,1.0,0.9146815561689436,622.0,749.0,128.0,128.0,12.0,634.0,865.8505690038504,524.2610919484443,123.81482466661525,184.0,135.94342543333457,2.9521784335784496,135.91136656308373,0.7732638006386493,0.8766891956329346,0.9713305234909058,1.0,0.0,1.0,1.0,0.0,1.0
SNPT-098,0,36.0,0.0315724224501598,0.9724281725864257,0.6169154228855721,0.0,1.0,1.0,0.9078821493915065,0.0,401.0,402.0,402.0,741.5,590.5,20.275383266506083,772.2849851820458,118.12708277950635,24.0,0.007257319605956445,0.9944738478304069,0.9469026548672567,0.0,1.0,1.0,0.8516030548948103,407.0,519.0,113.0,113.0,1904.0,1006.0,1912.1525467468568,964.4890950573651,173.69078163442325,6.0,1898.1678376368893,1883.7246167334938,233.71501481795417,0.6800998974610816,0.7643067836761475,0.9339719414710999,0.0,1.0,1.0,1.0,0.0,1.0
SNPT-098,0,33.0,0.0007072649519669181,0.9898514705044883,0.4666666666666667,1.0,1.0,1.0,0.8438178944587708,0.0,149.0,150.0,150.0,1058.0,715.0,1908.8816718675512,925.651210487243,127.29633585623752,14.0,0.018197448647991474,0.9701811603847004,0.984375,0.0,1.0,1.0,0.9146815561689436,622.0,749.0,128.0,128.0,12.0,634.0,865.8505690038504,524.2610919484443,123.81482466661525,473.0,1919.1718280669165,-1896.8816718675512,-291.651210487243,1.0281186941789613,0.6484392881393433,0.9046449661254883,0.0,1.0,1.0,0.0,1.0,1.0
SNPT-099,1,4.0,0.07328471233267919,0.8674737598214831,0.6363636363636364,1.0,0.9696969696969697,1.0,0.878804062352036,0.0,32.0,33.0,33.0,172.0,572.5,9.993441946487133,564.7845805623086,99.97481650502118,,1.0,0.0,0.0,1.0,0.976271186440678,0.9966216216216216,0.8837806584464537,113.0,408.0,296.0,296.0,7.0,521.0,1909.9952596964945,436.2481981193022,80.80184549150364,81.0,43.88678832751702,-2.993441946487133,-43.78458056230863,1.2372838255969487,0.815876841545105,0.9833735823631287,0.0,0.0,0.0,1.0,0.0,1.0
SNPT-099,0,,1.0,0.0,0.0,1.0,0.976271186440678,0.9966216216216216,0.8837806584464537,113.0,408.0,296.0,296.0,7.0,521.0,1909.9952596964945,436.2481981193022,80.80184549150364,33.0,0.034219527115640073,0.9838407512634031,0.9393939393939394,1.0,0.9939393939393939,1.0,0.888795216517015,585.0,749.0,165.0,165.0,1912.0,855.5,1554.094569994794,752.9935414371016,142.08878100187275,177.0,419.2565948961285,2.004740303505514,419.2518018806978,0.5686715370613157,0.7676680088043213,0.9411289691925049,0.0,0.0,0.0,1.0,0.0,1.0
SNPT-099,0,4.0,0.07328471233267919,0.8674737598214831,0.6363636363636364,1.0,0.9696969696969697,1.0,0.878804062352036,0.0,32.0,33.0,33.0,172.0,572.5,9.993441946487133,564.7845805623086,99.97481650502118,33.0,0.034219527115640073,0.9838407512634031,0.9393939393939394,1.0,0.9939393939393939,1.0,0.888795216517015,585.0,749.0,165.0,165.0,1912.0,855.5,1554.094569994794,752.9935414371016,142.08878100187275,553.0,1924.0957361777516,1902.006558053513,290.71541943769137,0.7036080948833215,0.8824999332427979,0.9356287121772766,0.0,1.0,1.0,1.0,0.0,1.0
SNPT-099,1,24.0,0.09533665899497797,0.947698247219835,0.332541567695962,0.0,1.0,1.0,0.8872125427683288,0.0,420.0,421.0,421.0,1186.0,737.5,1895.1334143138565,604.8382597939828,112.55354809011438,24.0,0.006362487830483587,0.9989575513771602,0.8641975308641975,0.0,1.0,1.0,0.8566365359741964,669.0,749.0,81.0,81.0,1906.5,789.5,1734.2771469769693,761.5954757750917,143.24619300608862,249.0,185.01123632383795,11.36658568614348,184.66174020601716,0.785735004387379,0.8737189173698425,0.9849593639373779,1.0,0.0,1.0,1.0,0.0,1.0
SNPT-099,0,24.0,0.09533665899497797,0.947698247219835,0.332541567695962,0.0,1.0,1.0,0.8872125427683288,0.0,420.0,421.0,421.0,1186.0,737.5,1895.1334143138565,604.8382597939828,112.55354809011438,33.0,0.5810169734759256,0.7677418523364596,0.0743801652892562,0.0,1.0,1.0,0.8719317366269009,629.0,749.0,121.0,121.0,1912.5,603.0,1823.05814371942,577.7984769224615,98.44873950922434,209.0,17.463604938967713,17.36658568614348,-1.838259793982843,1.1432705858013394,0.801114559173584,0.9926681518554688,0.0,1.0,0.0,1.0,0.0,1.0
SNPT-099,0,,1.0,0.0,0.0,0.0,1.0,0.9925373134328358,0.9036238051172513,157.0,424.0,268.0,268.0,16.0,523.0,1891.583065692911,450.3076705774273,84.2342133644497,,1.0,0.0,0.0,0.0,1.0,0.00411522633744856,0.5566713378262618,507.0,749.0,243.0,243.0,19.0,485.0,656.6207041994952,503.6266334957862,88.70791112077981,83.0,1872.9044010948946,-1872.583065692911,34.6923294225727,0.9495682211450232,0.6490301489830017,0.9177917242050171,0.0,0.0,0.0,1.0,0.0,1.0
SNPT-099,0,,1.0,0.0,0.0,0.0,1.0,0.002570694087403599,0.5601399343240537,0.0,425.0,426.0,389.0,1072.5,441.5,1910.421929852395,453.3556042215009,79.99807266976926,,1.0,0.0,0.0,0.0,1.0,0.00411522633744856,0.5566713378262618,507.0,749.0,243.0,243.0,19.0,485.0,656.6207041994952,503.6266334957862,88.70791112077981,82.0,1891.6866242881626,-1891.421929852395,31.644395778499074,0.9018144115787856,0.7086957693099976,0.91678386926651,0.0,0.0,0.0,1.0,0.0,1.0
SNPT-099,1,10.0,0.05991050262029715,0.9818448097738501,0.2840466926070039,1.0,1.0,0.933852140077821,0.864596094370816,128.0,384.0,257.0,257.0,18.0,793.5,1904.8124444760274,810.2444782230689,114.82279374371514,10.0,0.0002874619990728667,0.9999730579264752,0.6844444444444444,1.0,0.9078947368421053,0.3377777777777778,0.6927668979432848,525.0,749.0,225.0,225.0,1578.0,1070.5,923.7157233180003,886.1965314014424,144.8413782257314,141.0,417.7790211101787,-326.8124444760274,260.2555217769311,0.7927485581141522,0.9061800241470337,0.9117741584777832,1.0,0.0,1.0,1.0,0.0,1.0
SNPT-099,0,14.0,0.08029067442103868,0.8473972638151539,0.16708229426433915,1.0,0.9900249376558603,1.0,0.8986898507560578,0.0,400.0,401.0,401.0,447.5,611.5,1899.064388367784,495.50170255156314,104.76010632620795,33.0,0.5810169734759256,0.7677418523364596,0.0743801652892562,0.0,1.0,1.0,0.8719317366269009,629.0,749.0,121.0,121.0,1912.5,603.0,1823.05814371942,577.7984769224615,98.44873950922434,229.0,108.33466487807281,13.435611632216023,107.49829744843686,1.0641081526126828,0.600056529045105,0.9206697940826416,0.0,1.0,0.0,0.0,1.0,1.0
SNPT-099,0,14.0,0.08029067442103868,0.8473972638151539,0.16708229426433915,1.0,0.9900249376558603,1.0,0.8986898507560578,0.0,400.0,401.0,401.0,447.5,611.5,1899.064388367784,495.50170255156314,104.76010632620795,10.0,0.0002874619990728667,0.9999730579264752,0.6844444444444444,1.0,0.9078947368421053,0.3377777777777778,0.6927668979432848,525.0,749.0,225.0,225.0,1578.0,1070.5,923.7157233180003,886.1965314014424,144.8413782257314,125.0,658.5631203966559,-321.064388367784,574.9982974484369,0.7232747134105706,0.824515700340271,0.9071872234344482,0.0,1.0,1.0,1.0,0.0,1.0
SNPT-099,0,4.0,0.07328471233267919,0.8674737598214831,0.6363636363636364,1.0,0.9696969696969697,1.0,0.878804062352036,0.0,32.0,33.0,33.0,172.0,572.5,9.993441946487133,564.7845805623086,99.97481650502118,,1.0,0.0,0.0,1.0,1.0,0.9792099792099792,0.87582449729626,269.0,749.0,481.0,481.0,23.5,626.0,1434.8554174002697,660.7586594566967,99.16376909528267,237.0,62.687755482114646,13.506558053512867,61.21541943769137,1.0081788683219493,0.8262925148010254,0.9838085770606995,0.0,0.0,0.0,1.0,0.0,1.0
SNPT-099,1,33.0,0.0679336410429472,0.9519415956606968,0.36675461741424803,1.0,0.9155672823218998,1.0,0.909955974619118,38.0,416.0,379.0,379.0,25.5,996.5,1892.6326556279864,608.2102917018357,119.36922064681974,33.0,0.034219527115640073,0.9838407512634031,0.9393939393939394,1.0,0.9939393939393939,1.0,0.888795216517015,585.0,749.0,165.0,165.0,1912.0,855.5,1554.094569994794,752.9935414371016,142.08878100187275,169.0,248.04695897796321,19.367344372013577,247.28970829816433,0.840103066583747,0.9226647019386292,0.9698983430862427,1.0,0.0,1.0,1.0,0.0,1.0
SNPT-099,0,24.0,0.09533665899497797,0.947698247219835,0.332541567695962,0.0,1.0,1.0,0.8872125427683288,0.0,420.0,421.0,421.0,1186.0,737.5,1895.1334143138565,604.8382597939828,112.55354809011438,62.0,0.006446977327604823,0.9959792529543241,0.967741935483871,0.0,1.0,1.0,0.8416576995964973,626.0,749.0,124.0,124.0,1896.0,1002.0,1128.905468341669,752.5002198886639,157.10207795605353,206.0,397.162685626713,0.8665856861434804,397.16174020601716,0.7164357693702765,0.8384517431259155,0.97568678855896,0.0,1.0,1.0,1.0,0.0,1.0
SNPT-099,0,,1.0,0.0,0.0,1.0,0.9851851851851852,1.0,0.8844916858054973,160.0,429.0,270.0,270.0,16.0,485.5,1897.8055790605388,389.0293543971983,76.34117450525217,33.0,0.034219527115640073,0.9838407512634031,0.9393939393939394,1.0,0.9939393939393939,1.0,0.888795216517015,585.0,749.0,165.0,165.0,1912.0,855.5,1554.094569994794,752.9935414371016,142.08878100187275,156.0,466.68655947530914,14.194420939461224,466.4706456028017,0.5372779889233196,0.7272239923477173,0.929206132888794,0.0,0.0,0.0,1.0,0.0,1.0
SNPT-099,1,,1.0,0.0,0.0,0.0,1.0,0.9925373134328358,0.9036238051172513,157.0,424.0,268.0,268.0,16.0,523.0,1891.583065692911,450.3076705774273,84.2342133644497,33.0,0.5810169734759256,0.7677418523364596,0.0743801652892562,0.0,1.0,1.0,0.8719317366269009,629.0,749.0,121.0,121.0,1912.5,603.0,1823.05814371942,577.7984769224615,98.44873950922434,205.0,154.11834934652828,20.916934307088923,152.6923294225727,0.8556149503220122,0.8988882303237915,0.9796899557113647,0.0,0.0,0.0,1.0,0.0,1.0
SNPT-099,0,10.0,0.05991050262029715,0.9818448097738501,0.2840466926070039,1.0,1.0,0.933852140077821,0.864596094370816,128.0,384.0,257.0,257.0,18.0,793.5,1904.8124444760274,810.2444782230689,114.82279374371514,62.0,0.006446977327604823,0.9959792529543241,0.967741935483871,0.0,1.0,1.0,0.8416576995964973,626.0,749.0,124.0,124.0,1896.0,1002.0,1128.905468341669,752.5002198886639,157.10207795605353,242.0,191.95791025531136,-8.812444476027395,191.75552177693112,0.7308801719085775,0.6651133894920349,0.9031906127929688,0.0,1.0,1.0,0.0,1.0,1.0
SNPT-099,0,,1.0,0.0,0.0,1.0,0.976271186440678,0.9966216216216216,0.8837806584464537,113.0,408.0,296.0,296.0,7.0,521.0,1909.9952596964945,436.2481981193022,80.80184549150364,3.0,0.02690269207097892,0.9567259607776519,0.18181818181818182,0.0,1.0,0.8475073313782991,0.8292456734215409,409.0,749.0,341.0,341.0,12.5,553.5,1355.627627610816,643.6608645730438,114.45678452996383,1.0,1901.1144746213831,-1897.4952596964945,117.25180188069783,0.7059594223560456,0.6738734245300293,0.9234050512313843,0.0,0.0,0.0,0.0,1.0,1.0
SNPT-099,0,20.0,0.06328132104897083,0.9434718204216218,0.18441558441558442,1.0,0.9584415584415584,1.0,0.8934927993006521,0.0,421.0,422.0,385.0,1171.0,669.0,1906.9217365600184,606.8812003658777,97.34872780748903,33.0,0.5810169734759256,0.7677418523364596,0.0743801652892562,0.0,1.0,1.0,0.8719317366269009,629.0,749.0,121.0,121.0,1912.5,603.0,1823.05814371942,577.7984769224615,98.44873950922434,208.0,6.795641197556297,5.578263439981583,-3.881200365877703,0.9888265537251267,0.6305477023124695,0.9345247745513916,0.0,1.0,0.0,0.0,1.0,1.0
SNPT-099,0,4.0,0.07328471233267919,0.8674737598214831,0.6363636363636364,1.0,0.9696969696969697,1.0,0.878804062352036,0.0,32.0,33.0,33.0,172.0,572.5,9.993441946487133,564.7845805623086,99.97481650502118,33.0,0.0679336410429472,0.9519415956606968,0.36675461741424803,1.0,0.9155672823218998,1.0,0.909955974619118,38.0,416.0,379.0,379.0,25.5,996.5,1892.6326556279864,608.2102917018357,119.36922064681974,6.0,431.99381560727085,15.506558053512867,431.71541943769137,0.8375259213664367,0.9047166109085083,0.9762318134307861,0.0,1.0,1.0,1.0,0.0,1.0
SNPT-099,0,62.0,0.023117181094687758,0.9582779362797738,0.3977272727272727,0.0,0.9801136363636364,1.0,0.8841882212595507,43.0,394.0,352.0,352.0,19.5,1031.5,1898.3941872153932,538.8033474162587,115.86418350358332,10.0,0.0002874619990728667,0.9999730579264752,0.6844444444444444,1.0,0.9078947368421053,0.3377777777777778,0.6927668979432848,525.0,749.0,225.0,225.0,1578.0,1070.5,923.7157233180003,886.1965314014424,144.8413782257314,131.0,620.7686892636968,-320.39418721539323,531.6966525837413,0.7999384217610254,0.7324893474578857,0.8339771032333374,0.0,1.0,1.0,0.0,1.0,1.0
SNPT-100,0,,1.0,0.0,0.0,1.0,0.8987341772151899,1.0,0.7899847422974019,0.0,78.0,79.0,79.0,1870.5,631.0,1912.1047095688846,681.9715081798963,93.80970816234188,24.0,0.06737685048594885,0.9691313879333273,0.40175953079178883,1.0,0.9824046920821115,1.0,0.885210712983811,290.0,632.0,343.0,341.0,1905.5,677.5,6.734294151768989,449.6333299747233,77.12695234876837,212.0,7.9759998678657915,-6.604709568884573,-4.471508179896318,1.2163025415309296,0.8040854930877686,0.978434681892395,0.0,0.0,0.0,1.0,0.0,0.0
SNPT-100,0,27.0,0.059017607839774215,0.9606447582309311,0.37468354430379747,0.0,0.9898734177215189,1.0,0.8947839901417116,0.0,394.0,395.0,395.0,1136.5,601.0,4.96058033877568,564.4682864049614,110.92568229687171,,1.0,0.0,0.0,,0.0,0.0,0.5293790848000245,591.0,749.0,159.0,159.0,1898.0,614.0,852.5840567979936,425.5613602010908,108.89529774752297,197.0,1893.6873118450592,1893.0394196612244,49.53171359503858,1.018645291315115,0.6703248023986816,0.9359574317932129,0.0,0.0,0.0,0.0,0.0,0.0
SNPT-100,1,,1.0,0.0,0.0,1.0,0.8987341772151899,1.0,0.7899847422974019,0.0,78.0,79.0,79.0,1870.5,631.0,1912.1047095688846,681.9715081798963,93.80970816234188,,1.0,0.0,0.0,1.0,0.7878787878787878,1.0,0.7847987449530399,145.0,177.0,33.0,33.0,1913.0,635.0,1907.0953357268713,644.8582367910326,103.05903325498116,67.0,46.9800396514319,0.895290431115427,-46.97150817989632,0.9102521651861872,0.9749797582626343,0.9881658554077148,0.0,0.0,0.0,1.0,0.0,0.0
SNPT-100,0,,1.0,0.0,0.0,1.0,0.8987341772151899,1.0,0.7899847422974019,0.0,78.0,79.0,79.0,1870.5,631.0,1912.1047095688846,681.9715081798963,93.80970816234188,,1.0,0.0,0.0,,0.0,0.0,0.5293790848000245,591.0,749.0,159.0,159.0,1898.0,614.0,852.5840567979936,425.5613602010908,108.89529774752297,513.0,69.41951279195422,-14.104709568884573,-67.97150817989632,0.8614670247731221,0.5845940113067627,0.9356086850166321,0.0,0.0,0.0,0.0,0.0,0.0
SNPT-101,0,36.0,0.012774542705003,0.9971431313703457,0.3983402489626556,0.0,0.9336099585062241,1.0,0.9037982880821861,153.0,393.0,241.0,241.0,6.5,626.5,10.881187161655788,542.7498784869754,103.2168145074985,,1.0,0.0,0.0,0.0,1.0,1.0,0.9332455886261803,722.0,749.0,28.0,28.0,10.0,529.5,213.68383087631656,535.5480794823177,107.321756613247,329.0,13.279147967150598,-0.881187161655788,-13.249878486975376,0.9617510723334375,0.7241628170013428,0.9859374761581421,0.0,0.0,0.0,1.0,0.0,1.0
SNPT-101,0,33.0,0.005515098714665958,0.9990162235039931,0.7471264367816092,1.0,0.9425287356321839,1.0,0.8729247649510702,272.0,394.0,123.0,87.0,18.0,727.0,15.35053213125126,574.8793111221569,126.56488533890611,,1.0,0.0,0.0,0.0,1.0,1.0,0.9235230349004269,722.0,749.0,28.0,16.0,7.5,566.5,108.4237175410604,565.1407023306389,99.56889201411133,328.0,11.482321613058502,-7.85053213125126,-8.379311122156878,1.2711287911185032,0.6686259508132935,0.8570195436477661,0.0,0.0,0.0,0.0,1.0,1.0
SNPT-101,0,,1.0,0.0,0.0,1.0,1.0,1.0,0.8902476310729981,0.0,64.0,65.0,65.0,1894.5,487.5,1904.3613093598497,512.1741221348667,102.77763642202264,36.0,0.012774542705003,0.9971431313703457,0.3983402489626556,0.0,0.9336099585062241,1.0,0.9037982880821861,153.0,393.0,241.0,241.0,6.5,626.5,10.881187161655788,542.7498784869754,103.2168145074985,89.0,1901.3016477967708,-1897.8613093598497,114.3258778651333,0.9957450916541902,0.6685500144958496,0.9297620058059692,0.0,0.0,0.0,0.0,1.0,1.0
SNPT-101,0,9.0,0.00775878895940098,0.9776522812764507,0.5330396475770925,1.0,1.0,1.0,0.8872509866559033,166.0,392.0,227.0,227.0,9.5,617.5,66.50615334757204,571.3958721416692,113.28452918877156,14.0,0.035896220010165,0.9801481642325719,0.7692307692307693,1.0,0.9846153846153847,1.0,0.9175670067469279,419.0,613.0,195.0,195.0,1906.0,708.5,17.077717707707066,578.3332524848336,115.15505254719531,27.0,1844.5962034407257,1839.493846652428,137.1041278583308,0.9837564803536768,0.9084982872009277,0.9882674217224121,0.0,1.0,1.0,1.0,0.0,1.0
SNPT-101,0,14.0,0.05565228943750956,0.9337702960308109,0.27586206896551724,0.0,1.0,1.0,0.9166037152553427,0.0,405.0,406.0,406.0,1216.0,505.5,10.506126823832757,688.6074076406007,125.4367916379715,,1.0,0.0,0.0,0.0,1.0,1.0,0.9235022068023682,723.0,749.0,27.0,27.0,14.0,561.0,326.0576120167844,570.630222349863,98.89479540604803,318.0,127.65522956199479,3.4938731761672432,-127.60740764060074,1.2683861786957118,0.8754306435585022,0.9811558723449707,0.0,0.0,0.0,1.0,0.0,1.0
SNPT-101,0,,1.0,0.0,0.0,0.0,0.9191919191919192,1.0,0.9305173556009928,0.0,98.0,99.0,99.0,1825.0,430.5,1907.6816251840187,524.8736680429704,81.25649530265015,,1.0,0.0,0.0,0.0,1.0,1.0,0.9332455886261803,722.0,749.0,28.0,28.0,10.0,529.5,213.68383087631656,535.5480794823177,107.321756613247,624.0,1897.6872644111925,-1897.6816251840187,4.626331957029606,0.7571297551108146,0.8258652687072754,0.9873354434967041,0.0,0.0,0.0,1.0,0.0,1.0
SNPT-101,1,,1.0,0.0,0.0,1.0,1.0,1.0,0.8902476310729981,0.0,64.0,65.0,65.0,1894.5,487.5,1904.3613093598497,512.1741221348667,102.77763642202264,,1.0,0.0,0.0,1.0,0.9864864864864865,1.0,0.8655631719408808,676.0,749.0,74.0,74.0,7.0,609.5,545.2449797868471,489.90310257191175,108.87733519172414,612.0,1899.8558536788894,-1897.3613093598497,97.3258778651333,0.9439764138334169,0.8321369290351868,0.9429070353507996,0.0,0.0,0.0,1.0,0.0,1.0
SNPT-101,0,6.0,0.006594510156308674,0.9843735190782141,0.33451957295373663,0.0,0.9857651245551602,1.0,0.9167586925615195,0.0,280.0,281.0,281.0,699.5,558.0,1901.0010867231708,523.9323464477901,100.94696327459161,9.0,0.07003866909273292,0.9357644667228063,0.4126984126984127,0.0,0.9947089947089947,1.0,0.9298991075268498,414.0,614.0,201.0,189.0,1904.0,607.0,7.438811492004703,596.5141511125425,103.64534943076112,134.0,83.1217693959405,2.998913276829171,83.06765355220989,0.9739651979467527,0.8547025322914124,0.9936498403549194,0.0,1.0,1.0,1.0,0.0,1.0
SNPT-101,1,50.0,0.2352724697973047,0.9463327328364054,0.2,0.0,1.0,1.0,0.8990419894456864,352.0,411.0,60.0,60.0,1906.5,1010.5,8.019709118993806,969.3088203309619,170.02763334331127,11.0,0.8650807366551211,0.692142903804779,0.06060606060606061,0.0,1.0,1.0,0.8868305948045518,651.0,749.0,99.0,99.0,8.0,1031.5,458.028528075149,881.2268283190522,157.81095702550684,240.0,62.191182792064254,-0.019709118993805674,62.19117966903809,1.0774133593007098,0.9205117225646973,0.9622181057929993,0.0,1.0,0.0,1.0,0.0,1.0
SNPT-101,1,,1.0,0.0,0.0,1.0,1.0,1.0,0.8902476310729981,0.0,64.0,65.0,65.0,1894.5,487.5,1904.3613093598497,512.1741221348667,102.77763642202264,14.0,0.035896220010165,0.9801481642325719,0.7692307692307693,1.0,0.9846153846153847,1.0,0.9175670067469279,419.0,613.0,195.0,195.0,1906.0,708.5,17.077717707707066,578.3332524848336,115.15505254719531,355.0,196.33271664837054,1.6386906401503438,196.3258778651333,0.8925152144748499,0.8530915975570679,0.9570342302322388,0.0,0.0,0.0,1.0,0.0,1.0
SNPT-101,1,,1.0,0.0,0.0,1.0,0.9801980198019802,1.0,0.9025210425405219,0.0,100.0,101.0,101.0,1321.5,500.5,1910.8321544194814,622.7294238866681,99.46398099033503,16.0,0.12942033208465936,0.8897790795770185,0.26605504587155965,1.0,0.981651376146789,1.0,0.9147974903430414,373.0,481.0,109.0,109.0,1896.5,717.5,9.237002261155869,713.1273197034203,130.86684486468317,273.0,95.84817550249299,-14.332154419481412,94.77057611333191,0.7600395737604981,0.9502990245819092,0.9841445684432983,0.0,0.0,0.0,1.0,0.0,1.0
SNPT-101,0,,1.0,0.0,0.0,1.0,0.9801980198019802,1.0,0.9025210425405219,0.0,100.0,101.0,101.0,1321.5,500.5,1910.8321544194814,622.7294238866681,99.46398099033503,14.0,0.035896220010165,0.9801481642325719,0.7692307692307693,1.0,0.9846153846153847,1.0,0.9175670067469279,419.0,613.0,195.0,195.0,1906.0,708.5,17.077717707707066,578.3332524848336,115.15505254719531,319.0,85.9065855633116,-4.832154419481412,85.77057611333191,0.8637396170660473,0.8480935096740723,0.9807207584381104,0.0,0.0,0.0,1.0,0.0,1.0
SNPT-101,0,,1.0,0.0,0.0,1.0,1.0,1.0,0.8902476310729981,0.0,64.0,65.0,65.0,1894.5,487.5,1904.3613093598497,512.1741221348667,102.77763642202264,34.0,0.061771132700683934,0.8638004403508884,0.3697916666666667,1.0,1.0,1.0,0.8956928057596087,366.0,749.0,384.0,384.0,1904.0,641.0,710.7771903963857,546.608926679271,113.56891644878401,302.0,128.82638453428612,-0.3613093598496562,128.8258778651333,0.9049803382457391,0.816201388835907,0.9787198305130005,0.0,0.0,0.0,1.0,0.0,1.0
SNPT-101,0,34.0,0.10441781710733691,0.9155979613142629,0.5961538461538461,1.0,0.9846153846153847,1.0,0.9259063922441922,0.0,259.0,260.0,260.0,1542.5,557.5,1905.0212220946833,652.175338850448,117.48905317089607,33.0,0.005515098714665958,0.9990162235039931,0.7471264367816092,1.0,0.9425287356321839,1.0,0.8729247649510702,272.0,394.0,123.0,87.0,18.0,727.0,15.35053213125126,574.8793111221569,126.56488533890611,13.0,1888.5041229904311,-1887.0212220946833,74.82466114955196,0.9282910726485673,0.8474289178848267,0.9676447510719299,0.0,1.0,1.0,1.0,0.0,1.0
SNPT-101,0,24.0,0.02417446227887845,0.9765572738452036,0.8519553072625698,0.0,1.0,1.0,0.8688015185254913,0.0,357.0,358.0,358.0,538.0,732.0,22.636379828839544,607.1703942395094,131.80987159885498,,1.0,0.0,0.0,0.0,1.0,1.0,0.9235022068023682,723.0,749.0,27.0,27.0,14.0,561.0,326.0576120167844,570.630222349863,98.89479540604803,366.0,46.97118649533679,-8.636379828839544,-46.17039423950939,1.3328292055983564,0.7017414569854736,0.9307785630226135,0.0,0.0,0.0,1.0,0.0,1.0
SNPT-101,0,9.0,0.00775878895940098,0.9776522812764507,0.5330396475770925,1.0,1.0,1.0,0.8872509866559033,166.0,392.0,227.0,227.0,9.5,617.5,66.50615334757204,571.3958721416692,113.28452918877156,16.0,0.0009966841893082026,0.9887663915753364,0.9302325581395349,1.0,1.0,1.0,0.7173386160717454,707.0,749.0,43.0,43.0,6.0,728.5,269.3073718715911,627.9918845283041,124.90269964387322,315.0,168.35290785444323,-60.50615334757204,157.1041278583308,0.906982231062837,0.8694915771484375,0.9470573663711548,0.0,1.0,1.0,1.0,0.0,1.0
SNPT-101,0,31.0,0.08345474867383018,0.9851109385490417,0.005449591280653951,1.0,0.8991825613079019,1.0,0.8686296298328472,0.0,459.0,460.0,367.0,1313.5,401.0,5.3289155745791845,501.23296918283734,82.05525896887482,,1.0,0.0,0.0,1.0,0.9864864864864865,1.0,0.8655631719408808,676.0,749.0,74.0,74.0,7.0,609.5,545.2449797868471,489.90310257191175,108.87733519172414,217.0,108.27992651050948,1.6710844254208155,108.26703081716266,0.7536486709964216,0.8036767244338989,0.9389536380767822,0.0,0.0,0.0,1.0,0.0,0.0
SNPT-101,0,,1.0,0.0,0.0,0.0,0.9191919191919192,1.0,0.9305173556009928,0.0,98.0,99.0,99.0,1825.0,430.5,1907.6816251840187,524.8736680429704,81.25649530265015,33.0,0.005515098714665958,0.9990162235039931,0.7471264367816092,1.0,0.9425287356321839,1.0,0.8729247649510702,272.0,394.0,123.0,87.0,18.0,727.0,15.35053213125126,574.8793111221569,126.56488533890611,174.0,1900.4609174167506,-1889.6816251840187,202.1263319570296,0.6420145294254999,0.7298790812492371,0.8686309456825256,0.0,0.0,0.0,0.0,1.0,1.0
SNPT-101,1,16.0,0.12942033208465936,0.8897790795770185,0.26605504587155965,1.0,0.981651376146789,1.0,0.9147974903430414,373.0,481.0,109.0,109.0,1896.5,717.5,9.237002261155869,713.1273197034203,130.86684486468317,16.0,0.0009966841893082026,0.9887663915753364,0.9302325581395349,1.0,1.0,1.0,0.7173386160717454,707.0,749.0,43.0,43.0,6.0,728.5,269.3073718715911,627.9918845283041,124.90269964387322,226.0,15.709789404685779,-3.237002261155869,15.372680296579688,1.0477503307599845,0.9649847745895386,0.9149690270423889,1.0,0.0,1.0,1.0,0.0,1.0
SNPT-101,0,36.0,0.012774542705003,0.9971431313703457,0.3983402489626556,0.0,0.9336099585062241,1.0,0.9037982880821861,153.0,393.0,241.0,241.0,6.5,626.5,10.881187161655788,542.7498784869754,103.2168145074985,,1.0,0.0,0.0,0.0,1.0,1.0,0.7988800115363542,578.0,749.0,172.0,172.0,1911.5,567.5,1570.0431100227602,508.47281090312424,93.41084799734607,185.0,1900.7799557628828,1900.6188128383442,24.750121513024624,1.1049767422133994,0.7763504385948181,0.9677293300628662,0.0,0.0,0.0,1.0,0.0,1.0
SNPT-101,0,33.0,0.005515098714665958,0.9990162235039931,0.7471264367816092,1.0,0.9425287356321839,1.0,0.8729247649510702,272.0,394.0,123.0,87.0,18.0,727.0,15.35053213125126,574.8793111221569,126.56488533890611,9.0,0.07003866909273292,0.9357644667228063,0.4126984126984127,0.0,0.9947089947089947,1.0,0.9298991075268498,414.0,614.0,201.0,189.0,1904.0,607.0,7.438811492004703,596.5141511125425,103.64534943076112,20.0,1888.922590032449,1888.6494678687488,32.12068887784312,1.221134243205539,0.6746373176574707,0.869972825050354,0.0,1.0,1.0,0.0,1.0,1.0
SNPT-101,0,,1.0,0.0,0.0,1.0,0.8602150537634409,1.0,0.8383359325829373,366.0,458.0,93.0,93.0,1895.5,487.5,13.980920739983489,499.7375248178736,84.93105454804018,,1.0,0.0,0.0,1.0,0.9864864864864865,1.0,0.8655631719408808,676.0,749.0,74.0,74.0,7.0,609.5,545.2449797868471,489.90310257191175,108.87733519172414,218.0,109.98424529215468,-6.980920739983489,109.76247518212642,0.7800618411396962,0.8440946340560913,0.9350600242614746,0.0,0.0,0.0,1.0,0.0,0.0
SNPT-101,1,,1.0,0.0,0.0,0.0,0.9191919191919192,1.0,0.9305173556009928,0.0,98.0,99.0,99.0,1825.0,430.5,1907.6816251840187,524.8736680429704,81.25649530265015,,1.0,0.0,0.0,0.0,1.0,1.0,0.9235022068023682,723.0,749.0,27.0,27.0,14.0,561.0,326.0576120167844,570.630222349863,98.89479540604803,625.0,1894.0261902677735,-1893.6816251840187,36.126331957029606,0.8216458203793484,0.8876851797103882,0.9899508357048035,0.0,0.0,0.0,1.0,0.0,1.0
SNPT-101,0,16.0,0.12942033208465936,0.8897790795770185,0.26605504587155965,1.0,0.981651376146789,1.0,0.9147974903430414,373.0,481.0,109.0,109.0,1896.5,717.5,9.237002261155869,713.1273197034203,130.86684486468317,11.0,0.8650807366551211,0.692142903804779,0.06060606060606061,0.0,1.0,1.0,0.8868305948045518,651.0,749.0,99.0,99.0,8.0,1031.5,458.028528075149,881.2268283190522,157.81095702550684,170.0,318.37508340607036,-1.2370022611558689,318.3726802965797,0.8292633625150077,0.6422070264816284,0.9044415950775146,0.0,1.0,0.0,0.0,1.0,1.0
SNPT-101,0,24.0,0.02417446227887845,0.9765572738452036,0.8519553072625698,0.0,1.0,1.0,0.8688015185254913,0.0,357.0,358.0,358.0,538.0,732.0,22.636379828839544,607.1703942395094,131.80987159885498,,1.0,0.0,0.0,0.0,1.0,1.0,0.7988800115363542,578.0,749.0,172.0,172.0,1911.5,567.5,1570.0431100227602,508.47281090312424,93.41084799734607,221.0,1889.2801580986395,1888.8636201711604,-39.67039423950939,1.411076704951869,0.741762638092041,0.9353364706039429,0.0,0.0,0.0,1.0,0.0,1.0
SNPT-101,1,34.0,0.10441781710733691,0.9155979613142629,0.5961538461538461,1.0,0.9846153846153847,1.0,0.9259063922441922,0.0,259.0,260.0,260.0,1542.5,557.5,1905.0212220946833,652.175338850448,117.48905317089607,34.0,0.061771132700683934,0.8638004403508884,0.3697916666666667,1.0,1.0,1.0,0.8956928057596087,366.0,749.0,384.0,384.0,1904.0,641.0,710.7771903963857,546.608926679271,113.56891644878401,107.0,11.221902378340431,-1.021222094683253,-11.175338850448043,1.0345176906207423,0.9537379145622253,0.9941014051437378,1.0,0.0,1.0,1.0,0.0,1.0
SNPT-101,0,33.0,0.055404908541611064,0.9656746706492464,0.34299516908212563,1.0,0.9902912621359223,0.9951690821256038,0.9167093646179125,2.0,208.0,207.0,207.0,1907.0,773.0,16.04669845180561,932.3827343599193,159.98859201000374,,1.0,0.0,0.0,1.0,0.8602150537634409,1.0,0.8383359325829373,366.0,458.0,93.0,93.0,1895.5,487.5,13.980920739983489,499.7375248178736,84.93105454804018,158.0,1931.3894894691662,1879.4533015481943,-444.88273435991925,1.8837466797201747,0.6937609910964966,0.9255578517913818,0.0,0.0,0.0,1.0,0.0,0.0
SNPT-101,0,,1.0,0.0,0.0,0.0,1.0,1.0,0.9134418991479006,17.0,65.0,49.0,22.0,1913.5,530.5,1913.0401847681708,520.0210462191014,107.64770328544559,16.0,0.0009966841893082026,0.9887663915753364,0.9302325581395349,1.0,1.0,1.0,0.7173386160717454,707.0,749.0,43.0,43.0,6.0,728.5,269.3073718715911,627.9918845283041,124.90269964387322,642.0,1918.401871477975,-1907.0401847681708,208.47895378089856,0.8618524947208854,0.6482539176940918,0.8372347354888916,0.0,0.0,0.0,0.0,1.0,1.0
SNPT-101,1,,1.0,0.0,0.0,0.0,0.96,1.0,0.9205734578768412,0.0,74.0,75.0,75.0,1882.0,461.5,1910.6202807193058,492.40442847733834,103.33645249129036,,1.0,0.0,0.0,0.0,1.0,1.0,0.9332455886261803,722.0,749.0,28.0,28.0,10.0,529.5,213.68383087631656,535.5480794823177,107.321756613247,648.0,1900.9822547588722,-1900.6202807193058,37.09557152266166,0.9628658321693485,0.9238433837890625,0.9868506193161011,0.0,0.0,0.0,1.0,0.0,1.0
SNPT-101,0,14.0,0.05565228943750956,0.9337702960308109,0.27586206896551724,0.0,1.0,1.0,0.9166037152553427,0.0,405.0,406.0,406.0,1216.0,505.5,10.506126823832757,688.6074076406007,125.4367916379715,14.0,0.035896220010165,0.9801481642325719,0.7692307692307693,1.0,0.9846153846153847,1.0,0.9175670067469279,419.0,613.0,195.0,195.0,1906.0,708.5,17.077717707707066,578.3332524848336,115.15505254719531,14.0,1895.5982534490702,1895.4938731761672,19.89259235939926,1.0892860440193217,0.7022061347961426,0.9081020951271057,1.0,0.0,1.0,0.0,1.0,1.0
SNPT-101,0,,1.0,0.0,0.0,0.0,0.96,1.0,0.9205734578768412,0.0,74.0,75.0,75.0,1882.0,461.5,1910.6202807193058,492.40442847733834,103.33645249129036,34.0,0.061771132700683934,0.8638004403508884,0.3697916666666667,1.0,1.0,1.0,0.8956928057596087,366.0,749.0,384.0,384.0,1904.0,641.0,710.7771903963857,546.608926679271,113.56891644878401,292.0,148.7429729195597,-6.620280719305811,148.59557152266166,0.9099008401466244,0.7360968589782715,0.9149201512336731,0.0,0.0,0.0,0.0,1.0,1.0
SNPT-101,1,,1.0,0.0,0.0,1.0,0.9879518072289156,1.0,0.8787503486656281,0.0,82.0,83.0,83.0,1701.0,442.0,1912.8187341986447,471.95580296403216,86.31141663298618,4.0,0.25088698003248017,0.873202809492747,0.22865853658536586,1.0,0.9847560975609756,1.0,0.8954327388144121,422.0,749.0,328.0,328.0,1910.5,575.0,672.0322332026371,485.918904951775,103.20048876707094,340.0,103.07028219167408,-2.3187341986447336,103.04419703596784,0.8363469753306663,0.9502630829811096,0.9634419679641724,0.0,0.0,0.0,1.0,0.0,1.0
SNPT-101,0,,1.0,0.0,0.0,0.0,1.0,1.0,0.9134418991479006,17.0,65.0,49.0,22.0,1913.5,530.5,1913.0401847681708,520.0210462191014,107.64770328544559,,1.0,0.0,0.0,0.0,0.9928057553956835,1.0,0.7288500379315384,269.0,428.0,160.0,139.0,13.5,544.5,6.77981261966049,446.03686925427627,90.10056061663612,204.0,1899.6979056490281,-1899.5401847681708,24.478953780898564,1.1947506491493414,0.5771746039390564,0.9518709778785706,0.0,0.0,0.0,1.0,0.0,1.0
SNPT-101,0,14.0,0.035896220010165,0.9801481642325719,0.7692307692307693,1.0,0.9846153846153847,1.0,0.9175670067469279,419.0,613.0,195.0,195.0,1906.0,708.5,17.077717707707066,578.3332524848336,115.15505254719531,16.0,0.0009966841893082026,0.9887663915753364,0.9302325581395349,1.0,1.0,1.0,0.7173386160717454,707.0,749.0,43.0,43.0,6.0,728.5,269.3073718715911,627.9918845283041,124.90269964387322,94.0,150.57479167807404,-11.077717707707066,150.16674751516643,0.9219580751699464,0.8552695512771606,0.9360502362251282,0.0,1.0,1.0,1.0,0.0,1.0
SNPT-101,0,10.0,0.0055698483795429115,0.9988653293783734,0.5863746958637469,1.0,0.9878345498783455,1.0,0.8288829971984065,0.0,410.0,411.0,411.0,782.5,695.5,12.637083242604717,514.0843345173278,106.14045251081465,9.0,0.07003866909273292,0.9357644667228063,0.4126984126984127,0.0,0.9947089947089947,1.0,0.9298991075268498,414.0,614.0,201.0,189.0,1904.0,607.0,7.438811492004703,596.5141511125425,103.64534943076112,4.0,1893.6438429063503,1891.3629167573954,92.91566548267224,1.0240734687446864,0.7043616771697998,0.9052371978759766,0.0,1.0,1.0,0.0,1.0,1.0
SNPT-101,1,14.0,0.035896220010165,0.9801481642325719,0.7692307692307693,1.0,0.9846153846153847,1.0,0.9175670067469279,419.0,613.0,195.0,195.0,1906.0,708.5,17.077717707707066,578.3332524848336,115.15505254719531,,1.0,0.0,0.0,1.0,0.9864864864864865,1.0,0.8655631719408808,676.0,749.0,74.0,74.0,7.0,609.5,545.2449797868471,489.90310257191175,108.87733519172414,63.0,32.75555746541899,-10.077717707707066,31.166747515166435,1.0576586242161108,0.7497121095657349,0.9729831218719482,0.0,0.0,0.0,1.0,0.0,1.0
SNPT-101,0,,1.0,0.0,0.0,1.0,0.9053030303030303,1.0,0.8656260138659766,0.0,283.0,284.0,264.0,227.5,445.5,1906.007764514643,454.90825165996296,76.024509375982,50.0,0.2352724697973047,0.9463327328364054,0.2,0.0,1.0,1.0,0.8990419894456864,352.0,411.0,60.0,60.0,1906.5,1010.5,8.019709118993806,969.3088203309619,170.02763334331127,69.0,555.5919663919846,0.4922354853570141,555.591748340037,0.4471303157086068,0.5937244296073914,0.9450093507766724,0.0,0.0,0.0,0.0,1.0,1.0
SNPT-101,0,,1.0,0.0,0.0,0.0,0.9191919191919192,1.0,0.9305173556009928,0.0,98.0,99.0,99.0,1825.0,430.5,1907.6816251840187,524.8736680429704,81.25649530265015,50.0,0.2352724697973047,0.9463327328364054,0.2,0.0,1.0,1.0,0.8990419894456864,352.0,411.0,60.0,60.0,1906.5,1010.5,8.019709118993806,969.3088203309619,170.02763334331127,254.0,485.62776951911906,-1.181625184018685,485.6263319570296,0.4779017016521139,0.7095341086387634,0.981252908706665,0.0,0.0,0.0,1.0,0.0,1.0
SNPT-101,0,16.0,0.12942033208465936,0.8897790795770185,0.26605504587155965,1.0,0.981651376146789,1.0,0.9147974903430414,373.0,481.0,109.0,109.0,1896.5,717.5,9.237002261155869,713.1273197034203,130.86684486468317,,1.0,0.0,0.0,0.0,1.0,1.0,0.9332455886261803,722.0,749.0,28.0,28.0,10.0,529.5,213.68383087631656,535.5480794823177,107.321756613247,241.0,183.628904878866,0.7629977388441311,-183.6273197034203,1.219387838910288,0.5691570043563843,0.9388412833213806,0.0,0.0,0.0,0.0,1.0,1.0
SNPT-101,0,,1.0,0.0,0.0,1.0,0.8602150537634409,1.0,0.8383359325829373,366.0,458.0,93.0,93.0,1895.5,487.5,13.980920739983489,499.7375248178736,84.93105454804018,,1.0,0.0,0.0,0.0,1.0,1.0,0.9332455886261803,722.0,749.0,28.0,28.0,10.0,529.5,213.68383087631656,535.5480794823177,107.321756613247,264.0,30.027531681853606,-3.980920739983489,29.762475182126423,0.7913684720434115,0.6828947067260742,0.9490662217140198,0.0,0.0,0.0,0.0,1.0,0.0
SNPT-101,1,,1.0,0.0,0.0,1.0,0.9801980198019802,1.0,0.9025210425405219,0.0,100.0,101.0,101.0,1321.5,500.5,1910.8321544194814,622.7294238866681,99.46398099033503,16.0,0.0009966841893082026,0.9887663915753364,0.9302325581395349,1.0,1.0,1.0,0.7173386160717454,707.0,749.0,43.0,43.0,6.0,728.5,269.3073718715911,627.9918845283041,124.90269964387322,607.0,1907.7664823771565,-1904.8321544194814,105.77057611333191,0.7963317147982396,0.9252733588218689,0.912558913230896,0.0,0.0,0.0,1.0,0.0,1.0
SNPT-101,0,,1.0,0.0,0.0,1.0,0.9053030303030303,1.0,0.8656260138659766,0.0,283.0,284.0,264.0,227.5,445.5,1906.007764514643,454.90825165996296,76.024509375982,,1.0,0.0,0.0,1.0,0.9864864864864865,1.0,0.8655631719408808,676.0,749.0,74.0,74.0,7.0,609.5,545.2449797868471,489.90310257191175,108.87733519172414,393.0,1905.2897675528861,-1899.007764514643,154.59174834003704,0.6982583587494038,0.7172608971595764,0.9422889947891235,0.0,0.0,0.0,1.0,0.0,1.0
SNPT-101,0,34.0,0.10441781710733691,0.9155979613142629,0.5961538461538461,1.0,0.9846153846153847,1.0,0.9259063922441922,0.0,259.0,260.0,260.0,1542.5,557.5,1905.0212220946833,652.175338850448,117.48905317089607,16.0,0.12942033208465936,0.8897790795770185,0.26605504587155965,1.0,0.981651376146789,1.0,0.9147974903430414,373.0,481.0,109.0,109.0,1896.5,717.5,9.237002261155869,713.1273197034203,130.86684486468317,114.0,65.87808877229743,-8.521222094683253,65.32466114955196,0.8977755465288416,0.9040571451187134,0.9748982787132263,0.0,1.0,1.0,1.0,0.0,1.0
SNPT-101,0,,1.0,0.0,0.0,0.0,1.0,1.0,0.8670834374951792,355.0,460.0,106.0,91.0,1895.5,538.5,7.313463067752366,502.44411604410146,98.56370108342476,,1.0,0.0,0.0,1.0,0.9864864864864865,1.0,0.8655631719408808,676.0,749.0,74.0,74.0,7.0,609.5,545.2449797868471,489.90310257191175,108.87733519172414,216.0,107.05634286988165,-0.313463067752366,107.05588395589854,0.9052729010116025,0.6161588430404663,0.8533110618591309,0.0,0.0,0.0,0.0,1.0,1.0
SNPT-102,0,,1.0,0.0,0.0,0.0,1.0,1.0,0.8666719624942,0.0,175.0,176.0,176.0,192.0,577.5,7.730970204511451,568.0364129689842,93.7998386151684,10.0,0.0007742847791758259,0.9999114706598479,0.10861423220973783,1.0,0.9962546816479401,1.0,0.8573266004355212,483.0,749.0,267.0,267.0,12.0,678.5,495.7185561771608,553.3374898342098,114.40892520244758,308.0,110.54604775908348,4.269029795488549,110.46358703101578,0.8198646954264169,0.7076253294944763,0.9050341844558716,0.0,0.0,0.0,0.0,1.0,1.0
SNPT-102,0,10.0,0.004436772926939005,0.9982348394587757,0.7909967845659164,1.0,1.0,0.9967845659163987,0.782749088630799,0.0,310.0,311.0,311.0,971.0,462.0,13.969143938857947,616.3793219203842,79.21389452882251,,1.0,0.0,0.0,1.0,1.0,1.0,0.8676085223754247,642.0,749.0,108.0,108.0,7.0,404.0,557.463732405883,372.0830163472646,76.39067162003018,332.0,212.49363601435857,-6.969143938857947,-212.3793219203842,1.0369576919396015,0.7530064582824707,0.9582052230834961,0.0,0.0,0.0,1.0,0.0,1.0
SNPT-102,0,9.0,0.11201558700219418,0.9500561249561799,0.12580645161290321,1.0,0.9806451612903225,1.0,0.9014438577236668,0.0,310.0,311.0,310.0,935.5,395.5,5.993596568672945,487.5678688291307,64.24638446334764,,1.0,0.0,0.0,0.0,1.0,1.0,0.8662701294972346,737.0,749.0,13.0,13.0,12.0,447.0,50.23111409386729,445.09023876196625,88.74067096380749,427.0,41.01010684596435,6.006403431327055,-40.5678688291307,0.7239790252380474,0.6735407710075378,0.9300937652587891,0.0,0.0,0.0,0.0,1.0,1.0
SNPT-102,0,6.0,0.0028829006044099677,0.9989550641541991,0.8041543026706232,0.0,1.0,1.0,0.8238372963684603,0.0,336.0,337.0,337.0,672.5,476.0,12.294488999444944,543.0171287851663,80.23653460320888,33.0,0.017457958528870346,0.9964188172899443,0.27884615384615385,1.0,1.0,1.0,0.7968504165227597,646.0,749.0,104.0,104.0,12.0,934.5,396.1397990950568,780.0556149407719,158.315012238341,310.0,391.4829819779921,-0.294488999444944,391.4828712148337,0.5068157054014177,0.6700604557991028,0.8812621831893921,0.0,1.0,1.0,0.0,1.0,1.0
SNPT-102,0,9.0,0.11201558700219418,0.9500561249561799,0.12580645161290321,1.0,0.9806451612903225,1.0,0.9014438577236668,0.0,310.0,311.0,310.0,935.5,395.5,5.993596568672945,487.5678688291307,64.24638446334764,27.0,0.0993499313481152,0.9849315285682678,0.0030864197530864196,0.0,0.9875776397515528,0.9938271604938271,0.8425561754423895,426.0,749.0,324.0,324.0,20.0,783.0,846.5178829528123,754.3163910586916,148.09206399964435,116.0,295.7639657991534,14.006403431327055,295.4321311708693,0.4338273282726475,0.655258297920227,0.9138864278793335,0.0,1.0,1.0,0.0,1.0,1.0
SNPT-102,0,6.0,0.0028829006044099677,0.9989550641541991,0.8041543026706232,0.0,1.0,1.0,0.8238372963684603,0.0,336.0,337.0,337.0,672.5,476.0,12.294488999444944,543.0171287851663,80.23653460320888,,1.0,0.0,0.0,0.0,1.0,1.0,0.6330697926453182,346.0,696.0,351.0,350.0,1906.5,481.5,1913.4389802996893,294.74499938877887,67.16743793649773,10.0,1895.2041776649937,1894.2055110005551,-61.51712878516628,1.1945748872998116,0.6694087386131287,0.9421610832214355,0.0,0.0,0.0,1.0,0.0,1.0
SNPT-102,0,6.0,0.0028829006044099677,0.9989550641541991,0.8041543026706232,0.0,1.0,1.0,0.8238372963684603,0.0,336.0,337.0,337.0,672.5,476.0,12.294488999444944,543.0171287851663,80.23653460320888,,1.0,0.0,0.0,0.0,1.0,1.0,0.9197816476225853,487.0,518.0,32.0,32.0,12.5,361.0,5.805025248821311,362.87405300333785,72.07820567237565,151.0,182.0172448038019,0.205511000555056,-182.01712878516628,1.113187181266916,0.7127504348754883,0.9624793529510498,0.0,0.0,0.0,1.0,0.0,1.0
SNPT-102,0,,1.0,0.0,0.0,0.0,1.0,1.0,0.9197816476225853,487.0,518.0,32.0,32.0,12.5,361.0,5.805025248821311,362.87405300333785,72.07820567237565,,1.0,0.0,0.0,1.0,1.0,1.0,0.8510382334391277,720.0,749.0,30.0,30.0,6.5,455.5,135.85502127454245,453.67705835458924,85.74879275391076,202.0,92.62855416626799,0.6949747511786892,92.62594699666215,0.8405739994408068,0.6442388296127319,0.8940407633781433,0.0,0.0,0.0,0.0,1.0,1.0
SNPT-102,1,,1.0,0.0,0.0,0.0,1.0,1.0,0.9197816476225853,487.0,518.0,32.0,32.0,12.5,361.0,5.805025248821311,362.87405300333785,72.07820567237565,,1.0,0.0,0.0,0.0,1.0,1.0,0.9143253672739555,634.0,749.0,116.0,116.0,8.5,394.5,643.631149884914,358.03930065194254,69.53979858959642,116.0,31.740564146611735,2.6949747511786892,31.62594699666215,1.0365029398166676,0.9485516548156738,0.9891311526298523,0.0,0.0,0.0,1.0,0.0,1.0
SNPT-102,0,10.0,0.004436772926939005,0.9982348394587757,0.7909967845659164,1.0,1.0,0.9967845659163987,0.782749088630799,0.0,310.0,311.0,311.0,971.0,462.0,13.969143938857947,616.3793219203842,79.21389452882251,,1.0,0.0,0.0,1.0,1.0,1.0,0.8510382334391277,720.0,749.0,30.0,30.0,6.5,455.5,135.85502127454245,453.67705835458924,85.74879275391076,410.0,161.05261355452134,-7.469143938857947,-160.8793219203842,0.9237902014102675,0.7609565258026123,0.9577053189277649,0.0,0.0,0.0,1.0,0.0,1.0
SNPT-102,0,,1.0,0.0,0.0,1.0,1.0,0.008450704225352112,0.5770639678122292,0.0,354.0,355.0,355.0,962.0,279.5,6.389718551167547,396.0326830913843,39.659488518679794,33.0,0.017457958528870346,0.9964188172899443,0.27884615384615385,1.0,1.0,1.0,0.7968504165227597,646.0,749.0,104.0,104.0,12.0,934.5,396.1397990950568,780.0556149407719,158.315012238341,292.0,538.4965428270627,5.610281448832453,538.4673169086157,0.250509967172115,0.5225043296813965,0.9127164483070374,0.0,0.0,0.0,1.0,0.0,1.0
SNPT-102,0,33.0,0.009639350270515256,0.997876004261129,0.24878048780487805,0.0,0.9071618037135278,0.9195121951219513,0.7945718209917952,0.0,409.0,410.0,410.0,1067.0,377.5,4.672544124604817,406.9281625880899,54.361191886915485,,1.0,0.0,0.0,0.0,1.0,1.0,0.8061112787412561,681.0,749.0,69.0,69.0,13.0,845.5,255.83844490049816,768.0615970091103,149.90417708328667,272.0,438.6508897656718,8.327455875395183,438.5718374119101,0.3626396071452528,0.5370404720306396,0.9311279058456421,0.0,0.0,0.0,1.0,0.0,1.0
SNPT-102,1,,1.0,0.0,0.0,0.0,1.0,1.0,0.885203360112881,0.0,340.0,341.0,341.0,511.5,335.5,4.883538848412018,444.9678908668027,51.48812378594774,,1.0,0.0,0.0,0.0,1.0,1.0,0.9055842882708499,693.0,749.0,57.0,57.0,10.0,372.0,310.77351723531245,359.81420566886914,70.45860125162592,353.0,73.14705238261715,5.116461151587982,-72.96789086680269,0.7307571094417602,0.7222968339920044,0.9844071865081787,0.0,0.0,0.0,1.0,0.0,1.0
SNPT-102,1,24.0,0.007105842970279448,0.9952459907531739,0.21929824561403508,0.0,1.0,1.0,0.8692202627310279,0.0,341.0,342.0,342.0,846.5,566.0,12.490652584608753,685.0397531386852,94.93857372660244,27.0,0.0993499313481152,0.9849315285682678,0.0030864197530864196,0.0,0.9875776397515528,0.9938271604938271,0.8425561754423895,426.0,749.0,324.0,324.0,20.0,783.0,846.5178829528123,754.3163910586916,148.09206399964435,85.0,98.2476476244331,7.509347415391247,97.96024686131477,0.6410780642967502,0.9198398590087891,0.9878813624382019,0.0,1.0,1.0,1.0,0.0,1.0
SNPT-102,0,,1.0,0.0,0.0,0.0,1.0,1.0,0.6330697926453182,346.0,696.0,351.0,350.0,1906.5,481.5,1913.4389802996893,294.74499938877887,67.16743793649773,,1.0,0.0,0.0,0.0,1.0,1.0,0.8662701294972346,737.0,749.0,13.0,13.0,12.0,447.0,50.23111409386729,445.09023876196625,88.74067096380749,41.0,1907.5250407305916,-1901.4389802996893,152.25500061122113,0.7568957638813852,0.6054661273956299,0.9507843255996704,0.0,0.0,0.0,1.0,0.0,1.0
SNPT-102,0,10.0,0.004436772926939005,0.9982348394587757,0.7909967845659164,1.0,1.0,0.9967845659163987,0.782749088630799,0.0,310.0,311.0,311.0,971.0,462.0,13.969143938857947,616.3793219203842,79.21389452882251,,1.0,0.0,0.0,0.0,1.0,1.0,0.8662701294972346,737.0,749.0,13.0,13.0,12.0,447.0,50.23111409386729,445.09023876196625,88.74067096380749,427.0,169.39076781826418,-1.9691439388579468,-169.3793219203842,0.8926447554259486,0.6455843448638916,0.9012424945831299,0.0,0.0,0.0,0.0,1.0,1.0
SNPT-102,0,6.0,0.0028829006044099677,0.9989550641541991,0.8041543026706232,0.0,1.0,1.0,0.8238372963684603,0.0,336.0,337.0,337.0,672.5,476.0,12.294488999444944,543.0171287851663,80.23653460320888,,1.0,0.0,0.0,1.0,1.0,1.0,0.8442077919379952,653.0,749.0,97.0,97.0,8.5,253.0,554.6570019861604,238.48426295167326,45.535004567676324,317.0,290.04195064776167,-3.794488999444944,-290.0171287851663,1.762084694291783,0.618355393409729,0.9052609205245972,0.0,0.0,0.0,0.0,1.0,1.0
SNPT-102,1,10.0,0.004436772926939005,0.9982348394587757,0.7909967845659164,1.0,1.0,0.9967845659163987,0.782749088630799,0.0,310.0,311.0,311.0,971.0,462.0,13.969143938857947,616.3793219203842,79.21389452882251,10.0,0.0007742847791758259,0.9999114706598479,0.10861423220973783,1.0,0.9962546816479401,1.0,0.8573266004355212,483.0,749.0,267.0,267.0,12.0,678.5,495.7185561771608,553.3374898342098,114.40892520244758,173.0,62.15187988245569,-1.9691439388579468,62.1206780796158,0.6923751305997573,0.8852193355560303,0.9725417494773865,1.0,0.0,1.0,1.0,0.0,1.0
SNPT-102,0,14.0,0.047805333235785785,0.9160217162782112,0.1712121212121212,1.0,0.9924242424242424,1.0,0.8414981698448007,0.0,668.0,669.0,660.0,1721.0,477.5,1901.1754455667196,490.87508069170735,95.9121013349048,,1.0,0.0,0.0,0.0,1.0,1.0,0.9055842882708499,693.0,749.0,57.0,57.0,10.0,372.0,310.77351723531245,359.81420566886914,70.45860125162592,25.0,1894.9078739410895,-1891.1754455667196,-118.87508069170735,1.3612546890106125,0.6241066455841064,0.9130219221115112,0.0,0.0,0.0,0.0,1.0,1.0
SNPT-102,1,6.0,0.0028829006044099677,0.9989550641541991,0.8041543026706232,0.0,1.0,1.0,0.8238372963684603,0.0,336.0,337.0,337.0,672.5,476.0,12.294488999444944,543.0171287851663,80.23653460320888,6.0,0.25530546127508086,0.7695567905902863,0.0410958904109589,0.0,1.0,1.0,0.8499111141244026,491.0,749.0,259.0,219.0,16.0,678.0,432.9677562503226,574.0517772894515,132.13900168423334,155.0,135.03372294792,3.705511000555056,134.98287121483372,0.6072131133164343,0.8798007369041443,0.9732048511505127,1.0,0.0,0.0,1.0,0.0,1.0
SNPT-102,0,36.0,0.0007121188594913923,0.9950037501027099,0.3704918032786885,0.0,1.0,1.0,0.9013339081748587,0.0,311.0,312.0,305.0,477.0,477.0,4.851055194328342,616.1435264888171,75.38826578337073,,1.0,0.0,0.0,1.0,1.0,1.0,0.8676085223754247,642.0,749.0,108.0,108.0,7.0,404.0,557.463732405883,372.0830163472646,76.39067162003018,331.0,212.1544102649984,2.1489448056716576,-212.1435264888171,0.9868779025579792,0.711230456829071,0.9114789962768555,0.0,0.0,0.0,0.0,1.0,1.0
SNPT-102,1,3.0,0.013475305058776475,0.9904515935315026,0.2903225806451613,0.0,1.0,1.0,0.8814904468674813,0.0,309.0,310.0,310.0,292.0,409.5,15.497150209305364,483.8401370263381,63.910586337988995,,1.0,0.0,0.0,0.0,1.0,1.0,0.8061112787412561,681.0,749.0,69.0,69.0,13.0,845.5,255.83844490049816,768.0615970091103,149.90417708328667,372.0,361.6684838983012,-2.4971502093053637,361.6598629736619,0.4263429317415239,0.6519581079483032,0.9418618679046631,0.0,0.0,0.0,1.0,0.0,1.0
SNPT-102,0,36.0,0.0007121188594913923,0.9950037501027099,0.3704918032786885,0.0,1.0,1.0,0.9013339081748587,0.0,311.0,312.0,305.0,477.0,477.0,4.851055194328342,616.1435264888171,75.38826578337073,33.0,0.017457958528870346,0.9964188172899443,0.27884615384615385,1.0,1.0,1.0,0.7968504165227597,646.0,749.0,104.0,104.0,12.0,934.5,396.1397990950568,780.0556149407719,158.315012238341,335.0,318.43673098169916,7.148944805671658,318.3564735111829,0.476191516631883,0.672400951385498,0.8806140422821045,0.0,1.0,1.0,0.0,1.0,1.0
SNPT-102,1,,1.0,0.0,0.0,0.0,1.0,1.0,0.8666719624942,0.0,175.0,176.0,176.0,192.0,577.5,7.730970204511451,568.0364129689842,93.7998386151684,,1.0,0.0,0.0,0.0,1.0,1.0,0.8662701294972346,737.0,749.0,13.0,13.0,12.0,447.0,50.23111409386729,445.09023876196625,88.74067096380749,562.0,121.1116752414616,4.269029795488549,-121.03641296898422,1.05701069866177,0.8550918102264404,0.9777642488479614,0.0,0.0,0.0,1.0,0.0,1.0
SNPT-102,0,,1.0,0.0,0.0,0.0,1.0,1.0,0.885203360112881,0.0,340.0,341.0,341.0,511.5,335.5,4.883538848412018,444.9678908668027,51.48812378594774,,1.0,0.0,0.0,0.0,1.0,1.0,0.8061112787412561,681.0,749.0,69.0,69.0,13.0,845.5,255.83844490049816,768.0615970091103,149.90417708328667,341.0,400.61433747222867,8.116461151587982,400.5321091331973,0.3434735761722035,0.5607956051826477,0.9296830892562866,0.0,0.0,0.0,1.0,0.0,1.0
SNPT-102,0,36.0,0.0007121188594913923,0.9950037501027099,0.3704918032786885,0.0,1.0,1.0,0.9013339081748587,0.0,311.0,312.0,305.0,477.0,477.0,4.851055194328342,616.1435264888171,75.38826578337073,,1.0,0.0,0.0,0.0,1.0,1.0,0.6330697926453182,346.0,696.0,351.0,350.0,1906.5,481.5,1913.4389802996893,294.74499938877887,67.16743793649773,35.0,1906.4096066968057,1901.6489448056716,-134.6435264888171,1.122393053828333,0.6720894575119019,0.9614696502685547,0.0,0.0,0.0,1.0,0.0,1.0
SNPT-102,0,10.0,0.004436772926939005,0.9982348394587757,0.7909967845659164,1.0,1.0,0.9967845659163987,0.782749088630799,0.0,310.0,311.0,311.0,971.0,462.0,13.969143938857947,616.3793219203842,79.21389452882251,,1.0,0.0,0.0,0.0,1.0,1.0,0.8061112787412561,681.0,749.0,69.0,69.0,13.0,845.5,255.83844490049816,768.0615970091103,149.90417708328667,371.0,229.12272773262185,-0.9691439388579468,229.1206780796158,0.5284302016801794,0.5957714319229126,0.8611463308334351,0.0,0.0,0.0,0.0,1.0,1.0
SNPT-102,0,3.0,0.013475305058776475,0.9904515935315026,0.2903225806451613,0.0,1.0,1.0,0.8814904468674813,0.0,309.0,310.0,310.0,292.0,409.5,15.497150209305364,483.8401370263381,63.910586337988995,,1.0,0.0,0.0,1.0,1.0,1.0,0.8442077919379952,653.0,749.0,97.0,97.0,8.5,253.0,554.6570019861604,238.48426295167326,45.535004567676324,344.0,230.94616033480642,-6.997150209305364,-230.84013702633808,1.4035484775894114,0.6146955490112305,0.9290739893913269,0.0,0.0,0.0,0.0,1.0,1.0
SNPT-102,0,24.0,0.007105842970279448,0.9952459907531739,0.21929824561403508,0.0,1.0,1.0,0.8692202627310279,0.0,341.0,342.0,342.0,846.5,566.0,12.490652584608753,685.0397531386852,94.93857372660244,,1.0,0.0,0.0,0.0,1.0,1.0,0.8061112787412561,681.0,749.0,69.0,69.0,13.0,845.5,255.83844490049816,768.0615970091103,149.90417708328667,340.0,160.46105526757464,0.5093474153912467,160.46024686131477,0.6333284073455446,0.7328273057937622,0.9625592231750488,0.0,0.0,0.0,1.0,0.0,1.0
SNPT-102,0,33.0,0.0065333194439025815,0.9976688550443066,0.7808764940239044,1.0,0.9920318725099602,1.0,0.7001955302588019,0.0,250.0,251.0,251.0,973.0,781.0,9.178034997465303,787.2531571120633,136.79883948450134,,1.0,0.0,0.0,0.0,1.0,1.0,0.9197816476225853,487.0,518.0,32.0,32.0,12.5,361.0,5.805025248821311,362.87405300333785,72.07820567237565,237.0,426.26610163075287,3.3219650025346965,-426.25315711206326,1.8979223776228134,0.6341714262962341,0.8180812001228333,0.0,0.0,0.0,0.0,1.0,1.0
SNPT-102,0,,1.0,0.0,0.0,1.0,1.0,0.008450704225352112,0.5770639678122292,0.0,354.0,355.0,355.0,962.0,279.5,6.389718551167547,396.0326830913843,39.659488518679794,27.0,0.0993499313481152,0.9849315285682678,0.0030864197530864196,0.0,0.9875776397515528,0.9938271604938271,0.8425561754423895,426.0,749.0,324.0,324.0,20.0,783.0,846.5178829528123,754.3163910586916,148.09206399964435,72.0,387.2065910035229,13.610281448832453,386.9673169086157,0.267802929121003,0.49666547775268555,0.9014158248901367,0.0,0.0,0.0,0.0,1.0,1.0
SNPT-102,1,,1.0,0.0,0.0,1.0,1.0,0.008450704225352112,0.5770639678122292,0.0,354.0,355.0,355.0,962.0,279.5,6.389718551167547,396.0326830913843,39.659488518679794,,1.0,0.0,0.0,1.0,1.0,1.0,0.8442077919379952,653.0,749.0,97.0,97.0,8.5,253.0,554.6570019861604,238.48426295167326,45.535004567676324,299.0,143.04824962268378,2.1102814488324526,-143.03268309138429,0.8709670482131158,0.832033634185791,0.9668422937393188,0.0,0.0,0.0,1.0,0.0,1.0
SNPT-102,0,,1.0,0.0,0.0,0.0,1.0,1.0,0.8666719624942,0.0,175.0,176.0,176.0,192.0,577.5,7.730970204511451,568.0364129689842,93.7998386151684,33.0,0.017457958528870346,0.9964188172899443,0.27884615384615385,1.0,1.0,1.0,0.7968504165227597,646.0,749.0,104.0,104.0,12.0,934.5,396.1397990950568,780.0556149407719,158.315012238341,471.0,366.4884517075997,4.269029795488549,366.4635870310158,0.592488591504854,0.6190123558044434,0.8829583525657654,0.0,0.0,0.0,0.0,1.0,1.0
SNPT-102,1,33.0,0.0065333194439025815,0.9976688550443066,0.7808764940239044,1.0,0.9920318725099602,1.0,0.7001955302588019,0.0,250.0,251.0,251.0,973.0,781.0,9.178034997465303,787.2531571120633,136.79883948450134,33.0,0.017457958528870346,0.9964188172899443,0.27884615384615385,1.0,1.0,1.0,0.7968504165227597,646.0,749.0,104.0,104.0,12.0,934.5,396.1397990950568,780.0556149407719,158.315012238341,396.0,147.27388168626595,2.8219650025346965,147.24684288793674,0.8640926564724805,0.9366510510444641,0.9755774140357971,1.0,0.0,1.0,1.0,0.0,1.0
SNPT-102,0,36.0,0.0007121188594913923,0.9950037501027099,0.3704918032786885,0.0,1.0,1.0,0.9013339081748587,0.0,311.0,312.0,305.0,477.0,477.0,4.851055194328342,616.1435264888171,75.38826578337073,,1.0,0.0,0.0,0.0,1.0,1.0,0.9143253672739555,634.0,749.0,116.0,116.0,8.5,394.5,643.631149884914,358.03930065194254,69.53979858959642,323.0,221.6735609688124,3.6489448056716576,-221.6435264888171,1.0841024465470523,0.7331752777099609,0.9877492189407349,0.0,0.0,0.0,1.0,0.0,1.0
SNPT-102,0,24.0,0.007105842970279448,0.9952459907531739,0.21929824561403508,0.0,1.0,1.0,0.8692202627310279,0.0,341.0,342.0,342.0,846.5,566.0,12.490652584608753,685.0397531386852,94.93857372660244,,1.0,0.0,0.0,0.0,1.0,1.0,0.9143253672739555,634.0,749.0,116.0,116.0,8.5,394.5,643.631149884914,358.03930065194254,69.53979858959642,293.0,290.5671582645554,-3.9906525846087533,-290.5397531386852,1.3652408498750792,0.7672895789146423,0.9750118255615234,0.0,0.0,0.0,1.0,0.0,1.0
SNPT-103,1,24.0,0.04567985737546231,0.9806358721412596,0.5951219512195122,0.0,1.0,1.0,0.8151824599359093,0.0,204.0,205.0,205.0,1771.0,624.0,1912.4579795065083,693.4472857010353,114.76342965578213,24.0,0.039028060919119936,0.9841702785712994,0.3333333333333333,0.0,0.9867549668874173,1.0,0.8456457461216066,297.0,749.0,453.0,453.0,1909.0,615.0,1183.023730141735,527.9650005854241,91.26852812197644,93.0,78.52346309306084,-3.457979506508309,-78.4472857010353,1.2574261031404579,0.9116712808609009,0.9820502996444702,1.0,0.0,1.0,1.0,0.0,1.0
SNPT-103,0,10.0,0.00760614626497348,0.9961819292359813,0.7393822393822393,0.0,0.9961389961389961,1.0,0.8142982900833071,0.0,517.0,518.0,518.0,701.5,698.0,11.483127364145371,893.2880759019183,137.23951770009435,31.0,0.03330956994919428,0.9661730457754696,0.07692307692307693,0.0,1.0,0.9909502262443439,0.8571391299838933,529.0,749.0,221.0,221.0,1906.5,708.5,965.7529687533099,583.012658443093,81.08657422997328,12.0,1904.005141949493,1895.0168726358547,-184.78807590191832,1.6925060529855804,0.8626102209091187,0.9424123764038086,0.0,1.0,1.0,1.0,0.0,1.0
SNPT-103,0,24.0,0.04567985737546231,0.9806358721412596,0.5951219512195122,0.0,1.0,1.0,0.8151824599359093,0.0,204.0,205.0,205.0,1771.0,624.0,1912.4579795065083,693.4472857010353,114.76342965578213,,1.0,0.0,0.0,1.0,1.0,1.0,0.8494891881942749,735.0,749.0,15.0,15.0,6.0,561.0,27.208113786312687,534.0339428676311,81.41053705489989,531.0,1911.053194213497,-1906.4579795065083,-132.4472857010353,1.4096876621559495,0.637012779712677,0.876347541809082,0.0,0.0,0.0,0.0,1.0,1.0
SNPT-103,1,10.0,0.00760614626497348,0.9961819292359813,0.7393822393822393,0.0,0.9961389961389961,1.0,0.8142982900833071,0.0,517.0,518.0,518.0,701.5,698.0,11.483127364145371,893.2880759019183,137.23951770009435,10.0,0.04753568176086371,0.978314299106598,0.7530120481927711,0.0,0.9939759036144579,1.0,0.8259698946073831,584.0,749.0,166.0,166.0,19.0,923.5,1724.869153691308,778.730003591688,144.13158733342843,67.0,31.13300068949199,7.516872635854629,30.21192409808168,0.9521821013641498,0.9216136932373047,0.9905726909637451,1.0,0.0,1.0,1.0,0.0,1.0
SNPT-103,0,3.0,0.04194488152193285,0.9671271741390228,0.2701688555347092,1.0,0.99609375,0.9606003752345216,0.8603130116024339,0.0,539.0,540.0,533.0,985.0,652.0,12.433587343629322,467.13776240824416,116.21276025581805,,1.0,0.0,0.0,1.0,1.0,1.0,0.8494891881942749,735.0,749.0,15.0,15.0,6.0,561.0,27.208113786312687,534.0339428676311,81.41053705489989,196.0,94.08246750505288,-6.433587343629322,93.86223759175584,1.4274904018560766,0.8968511819839478,0.9508100748062134,0.0,0.0,0.0,1.0,0.0,1.0
SNPT-103,0,27.0,0.13863610363910084,0.8974539577960968,0.074487895716946,1.0,0.9906890130353817,1.0,0.8714282197437251,0.0,536.0,537.0,537.0,508.0,539.0,27.03775046272407,469.8715051582543,101.07641712014056,,1.0,0.0,0.0,1.0,1.0,1.0,0.8494891881942749,735.0,749.0,15.0,15.0,6.0,561.0,27.208113786312687,534.0339428676311,81.41053705489989,199.0,93.52534157464446,-21.03775046272407,91.12849484174569,1.2415643082169918,0.9112155437469482,0.9517227411270142,0.0,0.0,0.0,1.0,0.0,1.0
SNPT-103,0,,1.0,0.0,0.0,0.0,1.0,1.0,0.85366686947586,290.0,547.0,258.0,258.0,1911.0,429.0,16.733338021978696,447.4277101947564,79.95764852104656,10.0,0.04753568176086371,0.978314299106598,0.7530120481927711,0.0,0.9939759036144579,1.0,0.8259698946073831,584.0,749.0,166.0,166.0,19.0,923.5,1724.869153691308,778.730003591688,144.13158733342843,37.0,476.0776857582494,2.266661978021304,476.0722898052436,0.5547545128749303,0.6511531472206116,0.9594590663909912,0.0,0.0,0.0,1.0,0.0,1.0
SNPT-103,1,,1.0,0.0,0.0,0.0,0.9869565217391304,1.0,0.7032911168492358,0.0,229.0,230.0,230.0,1640.5,419.0,1912.1690260853225,458.25932454638655,77.37808395246051,,1.0,0.0,0.0,0.0,0.9523809523809523,1.0,0.835888473760514,624.0,749.0,126.0,126.0,24.0,462.5,350.46109957020695,562.5087201422205,90.13448835613481,395.0,1888.1737881869608,-1888.1690260853225,4.2406754536134486,0.8584736582375456,0.7899987697601318,0.9692109823226929,0.0,0.0,0.0,1.0,0.0,1.0
SNPT-103,0,,1.0,0.0,0.0,0.0,0.9869565217391304,1.0,0.7032911168492358,0.0,229.0,230.0,230.0,1640.5,419.0,1912.1690260853225,458.25932454638655,77.37808395246051,10.0,0.04753568176086371,0.978314299106598,0.7530120481927711,0.0,0.9939759036144579,1.0,0.8259698946073831,584.0,749.0,166.0,166.0,19.0,923.5,1724.869153691308,778.730003591688,144.13158733342843,355.0,1949.4968190344355,-1893.1690260853225,465.24067545361345,0.5368572245961397,0.6092756986618042,0.9219611883163452,0.0,0.0,0.0,1.0,0.0,1.0
SNPT-103,0,3.0,0.04194488152193285,0.9671271741390228,0.2701688555347092,1.0,0.99609375,0.9606003752345216,0.8603130116024339,0.0,539.0,540.0,533.0,985.0,652.0,12.433587343629322,467.13776240824416,116.21276025581805,,1.0,0.0,0.0,0.0,0.9523809523809523,1.0,0.835888473760514,624.0,749.0,126.0,126.0,24.0,462.5,350.46109957020695,562.5087201422205,90.13448835613481,85.0,12.461570602968731,11.566412656370678,-4.637762408244157,1.2893262321148826,0.6913076639175415,0.9285792112350464,0.0,0.0,0.0,0.0,1.0,1.0
SNPT-103,0,,1.0,0.0,0.0,0.0,0.9869565217391304,1.0,0.7032911168492358,0.0,229.0,230.0,230.0,1640.5,419.0,1912.1690260853225,458.25932454638655,77.37808395246051,31.0,0.03330956994919428,0.9661730457754696,0.07692307692307693,0.0,1.0,0.9909502262443439,0.8571391299838933,529.0,749.0,221.0,221.0,1906.5,708.5,965.7529687533099,583.012658443093,81.08657422997328,300.0,250.30488111148924,-5.669026085322457,250.24067545361345,0.9542650517335343,0.7070855498313904,0.9626281261444092,0.0,0.0,0.0,1.0,0.0,1.0
SNPT-103,1,,1.0,0.0,0.0,0.0,0.9869565217391304,1.0,0.7032911168492358,0.0,229.0,230.0,230.0,1640.5,419.0,1912.1690260853225,458.25932454638655,77.37808395246051,,1.0,0.0,0.0,0.0,1.0,1.0,0.85366686947586,290.0,547.0,258.0,258.0,1911.0,429.0,16.733338021978696,447.4277101947564,79.95764852104656,61.0,29.282668848637122,-1.1690260853224572,-29.25932454638655,0.9677383637925888,0.8314669132232666,0.9701865911483765,0.0,0.0,0.0,1.0,0.0,1.0
SNPT-103,0,9.0,0.01035159829982514,0.9932827209204751,0.5484496124031008,0.0,0.9960861056751468,0.9903100775193798,0.8346171635527944,0.0,560.0,561.0,516.0,914.5,693.0,7.8643232936824745,566.1597207878772,117.90662612534996,10.0,0.04753568176086371,0.978314299106598,0.7530120481927711,0.0,0.9939759036144579,1.0,0.8259698946073831,584.0,749.0,166.0,166.0,19.0,923.5,1724.869153691308,778.730003591688,144.13158733342843,24.0,357.5137458100115,11.135676706317525,357.3402792121228,0.818048481299171,0.8333070278167725,0.9755566120147705,0.0,1.0,1.0,1.0,0.0,1.0
SNPT-103,0,,1.0,0.0,0.0,0.0,0.9869565217391304,1.0,0.7032911168492358,0.0,229.0,230.0,230.0,1640.5,419.0,1912.1690260853225,458.25932454638655,77.37808395246051,24.0,0.039028060919119936,0.9841702785712994,0.3333333333333333,0.0,0.9867549668874173,1.0,0.8456457461216066,297.0,749.0,453.0,453.0,1909.0,615.0,1183.023730141735,527.9650005854241,91.26852812197644,68.0,156.77270830085328,-3.169026085322457,156.74067545361345,0.8478068568066316,0.7822463512420654,0.9653406143188477,0.0,0.0,0.0,1.0,0.0,1.0
SNPT-103,1,,1.0,0.0,0.0,0.0,1.0,1.0,0.85366686947586,290.0,547.0,258.0,258.0,1911.0,429.0,16.733338021978696,447.4277101947564,79.95764852104656,,1.0,0.0,0.0,0.0,0.9523809523809523,1.0,0.835888473760514,624.0,749.0,126.0,126.0,24.0,462.5,350.46109957020695,562.5087201422205,90.13448835613481,77.0,16.7325519953195,7.266661978021304,15.0722898052436,0.887092720880846,0.9153894186019897,0.9918839931488037,0.0,0.0,0.0,1.0,0.0,1.0
SNPT-103,0,,1.0,0.0,0.0,1.0,1.0,0.007075471698113208,0.5678044450732896,0.0,423.0,424.0,424.0,538.5,553.0,5.583786347312239,456.901255678643,102.95056655092817,,1.0,0.0,0.0,0.0,0.9523809523809523,1.0,0.835888473760514,624.0,749.0,126.0,126.0,24.0,462.5,350.46109957020695,562.5087201422205,90.13448835613481,201.0,19.248450931889824,18.41621365268776,5.598744321357003,1.1421883945705125,0.6604558229446411,0.9131700396537781,0.0,0.0,0.0,0.0,1.0,1.0
SNPT-103,0,,1.0,0.0,0.0,1.0,1.0,0.007075471698113208,0.5678044450732896,0.0,423.0,424.0,424.0,538.5,553.0,5.583786347312239,456.901255678643,102.95056655092817,10.0,0.04753568176086371,0.978314299106598,0.7530120481927711,0.0,0.9939759036144579,1.0,0.8259698946073831,584.0,749.0,166.0,166.0,19.0,923.5,1724.869153691308,778.730003591688,144.13158733342843,161.0,466.7915841047712,13.41621365268776,466.598744321357,0.7142817785858857,0.5889263153076172,0.9026423096656799,0.0,0.0,0.0,0.0,1.0,1.0
SNPT-103,0,9.0,0.01035159829982514,0.9932827209204751,0.5484496124031008,0.0,0.9960861056751468,0.9903100775193798,0.8346171635527944,0.0,560.0,561.0,516.0,914.5,693.0,7.8643232936824745,566.1597207878772,117.90662612534996,,1.0,0.0,0.0,0.0,0.9523809523809523,1.0,0.835888473760514,624.0,749.0,126.0,126.0,24.0,462.5,350.46109957020695,562.5087201422205,90.13448835613481,64.0,104.90804438455353,16.135676706317525,-103.65972078787718,1.3081188818588871,0.9291403293609619,0.9399593472480774,0.0,0.0,0.0,1.0,0.0,1.0
SNPT-103,0,24.0,0.04567985737546231,0.9806358721412596,0.5951219512195122,0.0,1.0,1.0,0.8151824599359093,0.0,204.0,205.0,205.0,1771.0,624.0,1912.4579795065083,693.4472857010353,114.76342965578213,,1.0,0.0,0.0,0.0,1.0,1.0,0.85366686947586,290.0,547.0,258.0,258.0,1911.0,429.0,16.733338021978696,447.4277101947564,79.95764852104656,86.0,264.45130481600273,-1.457979506508309,-264.4472857010353,1.4353027106040261,0.7662628889083862,0.9685511589050293,0.0,0.0,0.0,1.0,0.0,1.0
SNPT-103,0,3.0,0.04194488152193285,0.9671271741390228,0.2701688555347092,1.0,0.99609375,0.9606003752345216,0.8603130116024339,0.0,539.0,540.0,533.0,985.0,652.0,12.433587343629322,467.13776240824416,116.21276025581805,10.0,0.04753568176086371,0.978314299106598,0.7530120481927711,0.0,0.9939759036144579,1.0,0.8259698946073831,584.0,749.0,166.0,166.0,19.0,923.5,1724.869153691308,778.730003591688,144.13158733342843,45.0,456.4094758820504,6.566412656370678,456.36223759175584,0.8062962630597827,0.6836673021316528,0.9005445241928101,0.0,1.0,1.0,0.0,1.0,1.0
SNPT-104,1,,1.0,0.0,0.0,1.0,1.0,1.0,0.8975448250770569,0.0,34.0,35.0,35.0,29.0,594.0,7.669086846129426,622.2175713399172,127.00048272965743,3.0,0.06780523578582735,0.9158411544205537,0.38953488372093026,1.0,1.0,1.0,0.8988413880037707,99.0,442.0,344.0,344.0,5.5,589.0,8.175820228561392,703.2841986485232,108.194594967112,65.0,33.28831602031769,-2.169086846129426,-33.217571339917185,1.1738154088775126,0.9488354921340942,0.9908775091171265,0.0,0.0,0.0,1.0,0.0,1.0
SNPT-104,1,,1.0,0.0,0.0,0.0,0.5,0.027777777777777776,0.5872908789250586,73.0,144.0,72.0,72.0,1900.0,489.0,1916.3820146527837,476.7389323204179,71.66151368921543,,1.0,0.0,0.0,1.0,0.927007299270073,0.5229007633587787,0.6134739870788487,488.0,749.0,262.0,262.0,1913.0,503.5,382.2802476614767,517.6242461438654,83.02262030178277,344.0,26.973927531281323,-3.3820146527837096,26.761067679582084,0.8631564919142478,0.8697566986083984,0.9590861201286316,0.0,0.0,0.0,0.0,1.0,0.0
SNPT-104,0,3.0,0.06780523578582735,0.9158411544205537,0.38953488372093026,1.0,1.0,1.0,0.8988413880037707,99.0,442.0,344.0,344.0,5.5,589.0,8.175820228561392,703.2841986485232,108.194594967112,,1.0,0.0,0.0,1.0,0.927007299270073,0.5229007633587787,0.6134739870788487,488.0,749.0,262.0,262.0,1913.0,503.5,382.2802476614767,517.6242461438654,83.02262030178277,46.0,1915.2725346204822,1904.8241797714386,-199.78419864852322,1.3031941725499683,0.7151581048965454,0.9558889865875244,0.0,0.0,0.0,1.0,0.0,1.0
SNPT-104,0,,1.0,0.0,0.0,1.0,1.0,1.0,0.8975448250770569,0.0,34.0,35.0,35.0,29.0,594.0,7.669086846129426,622.2175713399172,127.00048272965743,,1.0,0.0,0.0,0.0,0.5,0.027777777777777776,0.5872908789250586,73.0,144.0,72.0,72.0,1900.0,489.0,1916.3820146527837,476.7389323204179,71.66151368921543,39.0,1897.0142872923934,1892.3309131538706,-133.21757133991719,1.772227185716985,0.5212339162826538,0.9219557642936707,0.0,0.0,0.0,0.0,1.0,0.0
SNPT-104,0,27.0,0.005851454576458082,0.9909343549838433,0.22807017543859648,1.0,1.0,1.0,0.892997848360162,0.0,284.0,285.0,285.0,254.0,470.5,4.439956420614626,550.6915112217122,77.03049435824612,,1.0,0.0,0.0,1.0,0.927007299270073,0.5229007633587787,0.6134739870788487,488.0,749.0,262.0,262.0,1913.0,503.5,382.2802476614767,517.6242461438654,83.02262030178277,204.0,1909.143388716294,1908.5600435793854,-47.191511221712176,0.9278253815435409,0.7488884329795837,0.9588345289230347,0.0,0.0,0.0,1.0,0.0,1.0
SNPT-104,0,,1.0,0.0,0.0,1.0,1.0,1.0,0.8975448250770569,0.0,34.0,35.0,35.0,29.0,594.0,7.669086846129426,622.2175713399172,127.00048272965743,,1.0,0.0,0.0,1.0,0.927007299270073,0.5229007633587787,0.6134739870788487,488.0,749.0,262.0,262.0,1913.0,503.5,382.2802476614767,517.6242461438654,83.02262030178277,454.0,1909.0258642471586,1905.3309131538706,-118.71757133991719,1.5297094004985328,0.6633001565933228,0.9420050382614136,0.0,0.0,0.0,1.0,0.0,1.0
SNPT-105,1,16.0,0.0031452883190727986,0.9937683832951081,0.21311475409836064,1.0,1.0,1.0,0.8751580558839391,0.0,228.0,229.0,183.0,941.5,577.5,8.272914317304945,768.2010543475005,119.69090835651315,16.0,0.0013784100026961305,0.9998040846415929,0.9210526315789473,1.0,0.9866666666666667,0.9868421052631579,0.7109235736884569,344.0,420.0,77.0,76.0,7.5,703.5,9.86263707072328,712.213677783317,164.9573010593038,116.0,64.70567077328009,-0.7729143173049451,-64.70105434750053,0.7255872131023959,0.9086969494819641,0.9366757273674011,1.0,0.0,1.0,1.0,0.0,1.0
SNPT-105,0,16.0,0.0013784100026961305,0.9998040846415929,0.9210526315789473,1.0,0.9866666666666667,0.9868421052631579,0.7109235736884569,344.0,420.0,77.0,76.0,7.5,703.5,9.86263707072328,712.213677783317,164.9573010593038,,1.0,0.0,0.0,1.0,0.9833333333333333,1.0,0.902285719414552,511.0,637.0,127.0,120.0,21.0,571.0,5.538552471630634,587.8451203180912,86.1813288033822,91.0,141.6521925213617,11.13736292927672,-141.21367778331705,1.9140723791303393,0.7847025394439697,0.8950306177139282,0.0,0.0,0.0,1.0,0.0,1.0
SNPT-105,0,6.0,0.3119371645152569,0.9347415963808695,0.023076923076923078,0.0,1.0,1.0,0.9239464117930486,0.0,129.0,130.0,130.0,337.0,578.5,18.921870161672885,655.9862841795323,116.57756234108156,27.0,0.03917467371281707,0.9619055512000103,0.14540059347181009,0.0,0.9436201780415431,1.0,0.8627508303885644,330.0,666.0,337.0,337.0,10.0,431.0,10.70141513276939,462.9713165932558,101.4917733729094,201.0,225.16311384437506,-8.921870161672885,-224.98628417953228,1.148640510130242,0.7283841371536255,0.9822521209716797,0.0,1.0,0.0,1.0,0.0,1.0
SNPT-105,1,62.0,0.00037512625196491723,0.9879099341034889,0.702247191011236,0.0,1.0,1.0,0.8399428469076585,0.0,355.0,356.0,356.0,1326.5,672.0,1909.9072538202604,695.0583096467149,147.11365296700748,62.0,0.018824491262077282,0.9085490651227333,0.4365781710914454,0.0,1.0,1.0,0.876717385465065,411.0,749.0,339.0,339.0,1909.5,826.0,102.42426488806355,775.0372288302738,155.29768405155497,56.0,130.94232367057538,-0.4072538202603937,130.94169035328514,0.9473010100921364,0.9453364610671997,0.9828771948814392,1.0,0.0,1.0,1.0,0.0,1.0
SNPT-105,0,,1.0,0.0,0.0,1.0,0.9772727272727273,1.0,0.893129849524209,0.0,134.0,135.0,132.0,551.5,416.5,2.060351358574664,743.4419265308156,86.47776339497997,16.0,0.0013784100026961305,0.9998040846415929,0.9210526315789473,1.0,0.9866666666666667,0.9868421052631579,0.7109235736884569,344.0,420.0,77.0,76.0,7.5,703.5,9.86263707072328,712.213677783317,164.9573010593038,210.0,40.31063472999693,5.439648641425336,-39.941926530815635,0.5242433213907298,0.7675645351409912,0.9136365652084351,0.0,0.0,0.0,1.0,0.0,1.0
SNPT-105,0,,1.0,0.0,0.0,1.0,0.9333333333333333,1.0,0.8535074353218078,0.0,14.0,15.0,15.0,1805.5,627.5,1911.8512545569072,702.3198559155041,104.51505435693038,33.0,0.02007085553352213,0.9895729797703403,0.45110410094637227,0.0,0.9968454258675079,1.0,0.8639932984621367,116.0,749.0,634.0,634.0,1903.0,420.5,165.2992356772761,452.15609729334295,101.0929610362628,102.0,281.958819502896,-8.851254556907179,-281.81985591550415,1.0338509554531699,0.5687021017074585,0.912341296672821,0.0,0.0,0.0,0.0,1.0,1.0
SNPT-105,0,,1.0,0.0,0.0,1.0,1.0,1.0,0.8107100833546032,0.0,32.0,33.0,33.0,1679.5,340.0,1915.0107456341539,378.58018125263317,60.50742969550534,62.0,0.018824491262077282,0.9085490651227333,0.4365781710914454,0.0,1.0,1.0,0.876717385465065,411.0,749.0,339.0,339.0,1909.5,826.0,102.42426488806355,775.0372288302738,155.29768405155497,379.0,447.45375462205135,-5.510745634153864,447.41981874736683,0.3896222282066896,0.5579742193222046,0.8962263464927673,0.0,0.0,0.0,0.0,1.0,1.0
SNPT-105,1,,1.0,0.0,0.0,1.0,0.9411764705882353,1.0,0.8160498107180876,0.0,16.0,17.0,17.0,1771.5,397.0,1905.8417279644073,422.2052425456764,67.04153247249211,4.0,0.017858772924555115,0.9471700746234101,0.15955766192733017,1.0,0.9620253164556962,0.9984202211690363,0.865957831036988,117.0,749.0,633.0,633.0,1890.5,415.0,373.0618690273515,431.42572934663133,94.27094259681189,101.0,16.949458312167415,-15.341727964407255,-7.205242545676413,0.7111579732391405,0.7992153167724609,0.9473736882209778,0.0,0.0,0.0,1.0,0.0,1.0
SNPT-105,0,,1.0,0.0,0.0,1.0,1.0,1.0,0.8107100833546032,0.0,32.0,33.0,33.0,1679.5,340.0,1915.0107456341539,378.58018125263317,60.50742969550534,33.0,0.02007085553352213,0.9895729797703403,0.45110410094637227,0.0,0.9968454258675079,1.0,0.8639932984621367,116.0,749.0,634.0,634.0,1903.0,420.5,165.2992356772761,452.15609729334295,101.0929610362628,84.0,43.606527200643185,-12.010745634153864,41.91981874736683,0.5985325691845238,0.5791054964065552,0.9199840426445007,0.0,0.0,0.0,0.0,1.0,1.0
SNPT-105,0,,1.0,0.0,0.0,0.0,1.0,1.0,0.8363203592598438,0.0,15.0,16.0,16.0,1778.0,446.5,1914.7690622821638,458.69498955301856,74.08832254774528,33.0,0.02007085553352213,0.9895729797703403,0.45110410094637227,0.0,0.9968454258675079,1.0,0.8639932984621367,116.0,749.0,634.0,634.0,1903.0,420.5,165.2992356772761,452.15609729334295,101.0929610362628,101.0,39.96708713374852,-11.769062282163759,-38.19498955301856,0.7328732068810334,0.7523775696754456,0.9216465353965759,0.0,0.0,0.0,1.0,0.0,1.0
SNPT-105,0,,1.0,0.0,0.0,1.0,0.9411764705882353,1.0,0.8160498107180876,0.0,16.0,17.0,17.0,1771.5,397.0,1905.8417279644073,422.2052425456764,67.04153247249211,9.0,0.025960381395171598,0.9717100100083784,0.3847376788553259,0.0,0.9840764331210191,0.9984101748807631,0.8877703951159418,115.0,749.0,635.0,629.0,1911.5,435.5,637.741694068638,440.6610476207808,104.7327698493526,99.0,14.448758361813082,5.658272035592745,13.294757454323587,0.6401199220542387,0.6511223912239075,0.9025152921676636,0.0,0.0,0.0,0.0,1.0,1.0
SNPT-105,1,,1.0,0.0,0.0,1.0,1.0,1.0,0.8107100833546032,0.0,32.0,33.0,33.0,1679.5,340.0,1915.0107456341539,378.58018125263317,60.50742969550534,31.0,0.02352949104962701,0.9738592083861188,0.0629800307219662,1.0,0.9216589861751152,1.0,0.8745392469400268,99.0,749.0,651.0,651.0,1908.0,367.0,552.4430902661076,442.61840177071485,83.88543929616758,67.0,13.537028927746448,-7.010745634153864,-11.580181252633167,0.7213102798672439,0.8470765352249146,0.9624679684638977,0.0,0.0,0.0,1.0,0.0,1.0
SNPT-105,0,,1.0,0.0,0.0,0.0,1.0,1.0,0.8363203592598438,0.0,15.0,16.0,16.0,1778.0,446.5,1914.7690622821638,458.69498955301856,74.08832254774528,14.0,0.003199413662367724,0.9994529697202867,0.7560975609756098,0.0,0.975609756097561,1.0,0.8241656160936123,360.0,419.0,60.0,41.0,6.5,613.5,5.444541345289345,683.6948198518594,148.3496164712186,345.0,1914.5379090847846,-1908.2690622821638,154.80501044698144,0.4994170144155323,0.7401443719863892,0.8911710381507874,0.0,0.0,0.0,1.0,0.0,1.0
SNPT-105,0,,1.0,0.0,0.0,1.0,0.9333333333333333,1.0,0.8535074353218078,0.0,14.0,15.0,15.0,1805.5,627.5,1911.8512545569072,702.3198559155041,104.51505435693038,,1.0,0.0,0.0,1.0,0.9833333333333333,1.0,0.902285719414552,511.0,637.0,127.0,120.0,21.0,571.0,5.538552471630634,587.8451203180912,86.1813288033822,497.0,1895.405859286369,-1890.8512545569072,-131.31985591550415,1.2127343104139823,0.6702920198440552,0.9774292707443237,0.0,0.0,0.0,1.0,0.0,1.0
SNPT-105,1,,1.0,0.0,0.0,1.0,0.9333333333333333,1.0,0.8535074353218078,0.0,14.0,15.0,15.0,1805.5,627.5,1911.8512545569072,702.3198559155041,104.51505435693038,20.0,0.014224975548258034,0.9823784850487093,0.45865834633385333,1.0,1.0,1.0,0.8693768579204815,109.0,749.0,641.0,641.0,1902.0,784.5,1079.3802789650485,762.6695592869389,123.1972293457934,95.0,82.7684921820706,-9.851254556907179,82.18014408449585,0.8483555589028274,0.8017675876617432,0.9519031643867493,0.0,0.0,0.0,1.0,0.0,1.0
SNPT-105,0,6.0,0.3119371645152569,0.9347415963808695,0.023076923076923078,0.0,1.0,1.0,0.9239464117930486,0.0,129.0,130.0,130.0,337.0,578.5,18.921870161672885,655.9862841795323,116.57756234108156,,1.0,0.0,0.0,1.0,0.9833333333333333,1.0,0.902285719414552,511.0,637.0,127.0,120.0,21.0,571.0,5.538552471630634,587.8451203180912,86.1813288033822,382.0,85.01168815091937,2.078129838327115,-84.98628417953228,1.3527009151488791,0.6419991254806519,0.9060999155044556,0.0,0.0,0.0,0.0,1.0,1.0
SNPT-105,0,,1.0,0.0,0.0,0.0,1.0,1.0,0.8577346678661264,133.0,224.0,92.0,92.0,546.0,293.5,4.9045991220082,435.9917621180311,55.199035246366705,16.0,0.0013784100026961305,0.9998040846415929,0.9210526315789473,1.0,0.9866666666666667,0.9868421052631579,0.7109235736884569,344.0,420.0,77.0,76.0,7.5,703.5,9.86263707072328,712.213677783317,164.9573010593038,120.0,267.520828049768,2.5954008779918,267.5082378819689,0.3346262026105901,0.6423356533050537,0.8201894760131836,0.0,0.0,0.0,0.0,1.0,1.0
SNPT-105,0,24.0,0.7604660338256508,0.779605507850647,0.013333333333333334,1.0,0.9955555555555555,1.0,0.8660592826207479,0.0,224.0,225.0,225.0,888.5,332.5,7.100123708609063,467.429221970067,60.79680907777187,14.0,0.003199413662367724,0.9994529697202867,0.7560975609756098,0.0,0.975609756097561,1.0,0.8241656160936123,360.0,419.0,60.0,41.0,6.5,613.5,5.444541345289345,683.6948198518594,148.3496164712186,136.0,146.0720108122552,-0.600123708609063,146.07077802993302,0.4098211409233208,0.653184175491333,0.8906294703483582,0.0,1.0,0.0,0.0,1.0,1.0
SNPT-105,0,24.0,0.7604660338256508,0.779605507850647,0.013333333333333334,1.0,0.9955555555555555,1.0,0.8660592826207479,0.0,224.0,225.0,225.0,888.5,332.5,7.100123708609063,467.429221970067,60.79680907777187,27.0,0.03917467371281707,0.9619055512000103,0.14540059347181009,0.0,0.9436201780415431,1.0,0.8627508303885644,330.0,666.0,337.0,337.0,10.0,431.0,10.70141513276939,462.9713165932558,101.4917733729094,106.0,36.5444591675644,2.899876291390937,-36.429221970066976,0.5990318925100189,0.671075165271759,0.9378662109375,0.0,1.0,0.0,0.0,1.0,1.0
SNPT-105,0,16.0,0.0031452883190727986,0.9937683832951081,0.21311475409836064,1.0,1.0,1.0,0.8751580558839391,0.0,228.0,229.0,183.0,941.5,577.5,8.272914317304945,768.2010543475005,119.69090835651315,14.0,0.003199413662367724,0.9994529697202867,0.7560975609756098,0.0,0.975609756097561,1.0,0.8241656160936123,360.0,419.0,60.0,41.0,6.5,613.5,5.444541345289345,683.6948198518594,148.3496164712186,132.0,154.71121304354386,-1.772914317304945,-154.70105434750053,0.8068164327188163,0.6889797449111938,0.896912693977356,0.0,1.0,1.0,0.0,1.0,1.0
SNPT-106,0,,1.0,0.0,0.0,0.0,0.8846153846153846,1.0,0.906592288842568,0.0,42.0,43.0,26.0,1515.5,489.5,1912.75547145095,531.2091594036265,91.50281355703052,4.0,0.12618365833934928,0.8186061499374253,0.07756232686980609,0.0,0.9553072625698324,0.9916897506925207,0.8980040441259453,389.0,749.0,361.0,361.0,1910.5,536.5,827.6096781381384,657.1415557061997,101.10259595051647,347.0,5.7515342024788785,-2.2554714509499263,5.290840596373528,0.9050491008343202,0.7789977788925171,0.9739431142807007,0.0,0.0,0.0,1.0,0.0,0.0
SNPT-106,0,,1.0,0.0,0.0,0.0,0.9666666666666667,1.0,0.9075464606285095,0.0,29.0,30.0,30.0,1468.5,679.0,1900.176042975319,721.4370110629153,137.40593148761823,7.0,0.008544629354357867,0.9877421748179656,0.4213938411669368,1.0,0.9951377633711507,1.0,0.8675541350288948,133.0,749.0,617.0,617.0,1908.5,702.0,1580.5201694251218,621.1800286790302,100.52992423481355,104.0,21.14440019505468,8.323957024681022,-19.437011062915303,1.366816224457419,0.6629625558853149,0.8997687101364136,0.0,0.0,0.0,0.0,1.0,1.0
SNPT-106,1,,1.0,0.0,0.0,1.0,1.0,1.0,0.89144622362577,0.0,12.0,13.0,13.0,1811.5,675.5,1911.2190785807309,684.8982487455473,126.87742962802423,7.0,0.008544629354357867,0.9877421748179656,0.4213938411669368,1.0,0.9951377633711507,1.0,0.8675541350288948,133.0,749.0,617.0,617.0,1908.5,702.0,1580.5201694251218,621.1800286790302,100.52992423481355,121.0,17.316560983560294,-2.7190785807308657,17.101751254452665,1.262086195665176,0.8953736424446106,0.9832348227500916,0.0,0.0,0.0,1.0,0.0,1.0
SNPT-106,0,,1.0,0.0,0.0,1.0,1.0,1.0,0.8652519583702087,0.0,40.0,41.0,41.0,1415.5,503.5,1905.6751875573127,522.9480435896429,101.28950440591875,14.0,0.1672517360935412,0.9091875592867533,0.07042253521126761,0.0,0.839622641509434,0.9953051643192489,0.8897198094448573,537.0,749.0,213.0,213.0,1913.0,500.0,760.697834078376,448.258325819899,94.04997953306645,497.0,24.088702370877048,7.324812442687289,-22.948043589642907,1.0769752945061195,0.7651310563087463,0.9252462387084961,0.0,0.0,0.0,0.0,1.0,0.0
SNPT-106,0,10.0,0.043173682785327065,0.9779628328530185,0.4797687861271676,0.0,0.9707602339181286,0.9884393063583815,0.871791768280757,0.0,172.0,173.0,173.0,344.0,651.0,1909.1562363828575,603.8235257119536,130.30306151769776,33.0,0.0007457804870985759,0.8981379071871439,0.02564102564102564,0.0,0.9145299145299145,1.0,0.879376072404731,516.0,749.0,234.0,234.0,1914.0,488.0,668.1815797574922,690.2495365595961,100.95525701136235,344.0,115.92476506047502,4.843763617142486,-115.82352571195361,1.290701102400565,0.954623818397522,0.9874130487442017,0.0,1.0,1.0,1.0,0.0,1.0
SNPT-106,0,,1.0,0.0,0.0,1.0,1.0,1.0,0.8828274863106864,0.0,6.0,7.0,7.0,1822.0,584.5,1899.4886453967254,587.7110145196165,128.1197283618331,3.0,0.003378921776629795,0.9994635060429573,0.07476635514018691,1.0,0.7990654205607477,1.0,0.8519782880756342,536.0,749.0,214.0,214.0,1913.0,503.0,953.6641423011276,463.87356758206755,100.82186067837411,530.0,85.78177361280252,13.51135460327464,-84.71101451961647,1.2707534606065276,0.7416178584098816,0.9762561917304993,0.0,0.0,0.0,1.0,0.0,0.0
SNPT-106,0,,1.0,0.0,0.0,1.0,1.0,1.0,0.8828274863106864,0.0,6.0,7.0,7.0,1822.0,584.5,1899.4886453967254,587.7110145196165,128.1197283618331,20.0,0.0009717339926282875,0.9428136249383291,0.06072874493927125,1.0,0.8927125506072875,1.0,0.8419145881405726,256.0,749.0,494.0,494.0,1913.5,558.0,1473.934467823699,459.02048407703035,87.11927463972215,250.0,32.84908585643695,14.01135460327464,-29.71101451961647,1.4706243697696806,0.8376243710517883,0.9797747731208801,0.0,0.0,0.0,1.0,0.0,0.0
SNPT-106,1,,1.0,0.0,0.0,1.0,1.0,1.0,0.8828274863106864,0.0,6.0,7.0,7.0,1822.0,584.5,1899.4886453967254,587.7110145196165,128.1197283618331,9.0,0.03871754656930388,0.9818393752194833,0.2648752399232246,1.0,1.0,0.9942418426103646,0.8348673163357256,229.0,749.0,521.0,521.0,1909.5,552.5,712.9654856509571,538.5152435289508,91.15067900532084,223.0,36.60659454924959,10.01135460327464,-35.21101451961647,1.4055817220445963,0.788144052028656,0.9621113538742065,0.0,0.0,0.0,1.0,0.0,1.0
SNPT-106,0,,1.0,0.0,0.0,0.0,0.8846153846153846,1.0,0.906592288842568,0.0,42.0,43.0,26.0,1515.5,489.5,1912.75547145095,531.2091594036265,91.50281355703052,9.0,0.03871754656930388,0.9818393752194833,0.2648752399232246,1.0,1.0,0.9942418426103646,0.8348673163357256,229.0,749.0,521.0,521.0,1909.5,552.5,712.9654856509571,538.5152435289508,91.15067900532084,187.0,21.5382911965675,-3.2554714509499263,21.290840596373528,1.0038632136979377,0.705477237701416,0.9279282689094543,0.0,0.0,0.0,0.0,1.0,0.0
SNPT-106,1,33.0,0.037276587931523636,0.9554110768048659,0.25669642857142855,0.0,0.9841628959276018,0.9866071428571429,0.9015426736857209,15.0,462.0,448.0,448.0,5.5,707.5,1911.0149372505296,572.1857761551712,100.29643643729696,33.0,0.03376964881285858,0.9887525781989097,0.5970149253731343,0.0,0.9701492537313433,1.0,0.9042081050018766,579.0,645.0,67.0,67.0,1909.0,584.5,1906.5150814520116,655.3017340486294,115.36877176471874,117.0,12.477983852534907,-2.014937250529556,12.314223844828803,0.8693551548060158,0.8753131628036499,0.9921358823776245,1.0,0.0,1.0,1.0,0.0,1.0
SNPT-106,1,,1.0,0.0,0.0,1.0,1.0,1.0,0.8652519583702087,0.0,40.0,41.0,41.0,1415.5,503.5,1905.6751875573127,522.9480435896429,101.28950440591875,,1.0,0.0,0.0,1.0,0.9110738255033557,0.9644012944983819,0.8371990323066711,132.0,749.0,618.0,618.0,1908.5,540.5,941.4809576399618,433.60102609323485,75.21962322486539,92.0,17.777815927932103,2.824812442687289,17.551956410357093,1.3465835118997969,0.8306806087493896,0.9748435616493225,0.0,0.0,0.0,1.0,0.0,1.0
SNPT-106,0,,1.0,0.0,0.0,1.0,1.0,1.0,0.89144622362577,0.0,12.0,13.0,13.0,1811.5,675.5,1911.2190785807309,684.8982487455473,126.87742962802423,14.0,0.1672517360935412,0.9091875592867533,0.07042253521126761,0.0,0.839622641509434,0.9953051643192489,0.8897198094448573,537.0,749.0,213.0,213.0,1913.0,500.0,760.697834078376,448.258325819899,94.04997953306645,525.0,184.90682537503017,1.7809214192691343,-184.89824874554733,1.3490426075363067,0.7300800681114197,0.9355317950248718,0.0,0.0,0.0,0.0,1.0,0.0
SNPT-106,0,10.0,0.043173682785327065,0.9779628328530185,0.4797687861271676,0.0,0.9707602339181286,0.9884393063583815,0.871791768280757,0.0,172.0,173.0,173.0,344.0,651.0,1909.1562363828575,603.8235257119536,130.30306151769776,9.0,0.03871754656930388,0.9818393752194833,0.2648752399232246,1.0,1.0,0.9942418426103646,0.8348673163357256,229.0,749.0,521.0,521.0,1909.5,552.5,712.9654856509571,538.5152435289508,91.15067900532084,57.0,51.324676958847334,0.3437636171424856,-51.32352571195361,1.4295347323752952,0.7140662670135498,0.9306548833847046,0.0,1.0,1.0,0.0,1.0,1.0
SNPT-106,1,,1.0,0.0,0.0,0.0,0.9666666666666667,1.0,0.9075464606285095,0.0,29.0,30.0,30.0,1468.5,679.0,1900.176042975319,721.4370110629153,137.40593148761823,20.0,0.0005149932306060791,0.9919049807133213,0.2743362831858407,0.0,0.9690265486725663,1.0,0.8795053345703445,234.0,685.0,452.0,452.0,1914.0,564.5,1913.5710114091853,577.0526508413582,78.55399769143298,205.0,157.54468327805236,13.823957024681022,-156.9370110629153,1.7491908181091027,0.8581212759017944,0.9615010619163513,0.0,0.0,0.0,1.0,0.0,1.0
SNPT-106,1,36.0,1.6679364135488868,0.5087276895840963,0.005128205128205128,0.0,0.9572649572649573,1.0,0.8902917627595429,0.0,584.0,585.0,585.0,1478.0,549.0,14.39534380924691,581.4782634538502,90.75718655954003,,1.0,0.0,0.0,0.0,1.0,1.0,0.9018564351061558,656.0,749.0,94.0,94.0,24.5,733.0,1391.775461552322,866.7980879101455,182.21363356132287,72.0,151.85829158361472,10.10465619075309,151.52173654614978,0.4980812071287534,0.8822621703147888,0.9785857200622559,0.0,0.0,0.0,1.0,0.0,1.0
SNPT-106,0,,1.0,0.0,0.0,1.0,1.0,1.0,0.8652519583702087,0.0,40.0,41.0,41.0,1415.5,503.5,1905.6751875573127,522.9480435896429,101.28950440591875,33.0,0.0007457804870985759,0.8981379071871439,0.02564102564102564,0.0,0.9145299145299145,1.0,0.879376072404731,516.0,749.0,234.0,234.0,1914.0,488.0,668.1815797574922,690.2495365595961,100.95525701136235,476.0,35.92587163799233,8.32481244268729,-34.94804358964291,1.0033108468489043,0.7168474197387695,0.9143116474151611,0.0,0.0,0.0,0.0,1.0,1.0
SNPT-106,0,,1.0,0.0,0.0,0.0,0.9666666666666667,1.0,0.9075464606285095,0.0,29.0,30.0,30.0,1468.5,679.0,1900.176042975319,721.4370110629153,137.40593148761823,14.0,0.1672517360935412,0.9091875592867533,0.07042253521126761,0.0,0.839622641509434,0.9953051643192489,0.8897198094448573,537.0,749.0,213.0,213.0,1913.0,500.0,760.697834078376,448.258325819899,94.04997953306645,508.0,221.80803353857257,12.823957024681022,-221.4370110629153,1.4609884251948033,0.7176046371459961,0.9730332493782043,0.0,0.0,0.0,1.0,0.0,0.0
SNPT-106,0,,1.0,0.0,0.0,0.0,0.8846153846153846,1.0,0.906592288842568,0.0,42.0,43.0,26.0,1515.5,489.5,1912.75547145095,531.2091594036265,91.50281355703052,20.0,0.0005149932306060791,0.9919049807133213,0.2743362831858407,0.0,0.9690265486725663,1.0,0.8795053345703445,234.0,685.0,452.0,452.0,1914.0,564.5,1913.5710114091853,577.0526508413582,78.55399769143298,192.0,33.31409489874447,1.2445285490500737,33.29084059637353,1.1648396802981513,0.7401619553565979,0.9655028581619263,0.0,0.0,0.0,1.0,0.0,0.0
SNPT-106,0,33.0,0.037276587931523636,0.9554110768048659,0.25669642857142855,0.0,0.9841628959276018,0.9866071428571429,0.9015426736857209,15.0,462.0,448.0,448.0,5.5,707.5,1911.0149372505296,572.1857761551712,100.29643643729696,33.0,0.0007457804870985759,0.8981379071871439,0.02564102564102564,0.0,0.9145299145299145,1.0,0.879376072404731,516.0,749.0,234.0,234.0,1914.0,488.0,668.1815797574922,690.2495365595961,100.95525701136235,54.0,84.23868177070952,2.985062749470444,-84.1857761551712,0.9934741330608347,0.9126381874084473,0.9892133474349976,1.0,0.0,1.0,1.0,0.0,1.0
SNPT-106,0,6.0,0.02044860831367846,0.9892330653715453,0.20926966292134833,1.0,0.976056338028169,0.9971910112359551,0.8425950317570333,0.0,711.0,712.0,712.0,1195.5,586.0,15.460224818891954,563.5795678038405,96.83821102749704,,1.0,0.0,0.0,0.0,0.9565217391304348,1.0,0.8306745342586351,727.0,749.0,23.0,23.0,1910.0,788.5,1711.1096332947666,825.6774012921977,188.271604966166,16.0,1907.8443753520858,1894.539775181108,224.92043219615948,0.5143537765288594,0.6561182141304016,0.8903424739837646,0.0,0.0,0.0,0.0,1.0,1.0
SNPT-106,0,,1.0,0.0,0.0,1.0,1.0,1.0,0.89144622362577,0.0,12.0,13.0,13.0,1811.5,675.5,1911.2190785807309,684.8982487455473,126.87742962802423,,1.0,0.0,0.0,0.0,1.0,1.0,0.9018564351061558,656.0,749.0,94.0,94.0,24.5,733.0,1391.775461552322,866.7980879101455,182.21363356132287,644.0,1887.332154114444,-1886.7190785807309,48.101751254452665,0.696311396399021,0.5990473031997681,0.9123913049697876,0.0,0.0,0.0,0.0,1.0,1.0
SNPT-106,0,,1.0,0.0,0.0,1.0,1.0,1.0,0.89144622362577,0.0,12.0,13.0,13.0,1811.5,675.5,1911.2190785807309,684.8982487455473,126.87742962802423,20.0,0.0005149932306060791,0.9919049807133213,0.2743362831858407,0.0,0.9690265486725663,1.0,0.8795053345703445,234.0,685.0,452.0,452.0,1914.0,564.5,1913.5710114091853,577.0526508413582,78.55399769143298,222.0,120.43036089348416,2.7809214192691343,-120.39824874554733,1.6151619695589516,0.6221668720245361,0.9138578176498413,0.0,0.0,0.0,0.0,1.0,1.0
SNPT-106,0,20.0,0.0005149932306060791,0.9919049807133213,0.2743362831858407,0.0,0.9690265486725663,1.0,0.8795053345703445,234.0,685.0,452.0,452.0,1914.0,564.5,1913.5710114091853,577.0526508413582,78.55399769143298,,1.0,0.0,0.0,0.0,0.9565217391304348,1.0,0.8306745342586351,727.0,749.0,23.0,23.0,1910.0,788.5,1711.1096332947666,825.6774012921977,188.271604966166,42.0,211.47750137709951,-3.571011409185303,211.44734915864183,0.4172376270205473,0.7110434770584106,0.930658757686615,0.0,0.0,0.0,1.0,0.0,1.0
SNPT-106,0,10.0,0.043173682785327065,0.9779628328530185,0.4797687861271676,0.0,0.9707602339181286,0.9884393063583815,0.871791768280757,0.0,172.0,173.0,173.0,344.0,651.0,1909.1562363828575,603.8235257119536,130.30306151769776,33.0,0.03376964881285858,0.9887525781989097,0.5970149253731343,0.0,0.9701492537313433,1.0,0.9042081050018766,579.0,645.0,67.0,67.0,1909.0,584.5,1906.5150814520116,655.3017340486294,115.36877176471874,407.0,19.324157310161304,-0.1562363828575144,-19.323525711953607,1.1294482859142834,0.8026008009910583,0.9869913458824158,0.0,1.0,1.0,1.0,0.0,1.0
SNPT-107,1,24.0,0.01037060387369417,0.9782974790289717,0.9298245614035088,1.0,1.0,0.2149122807017544,0.617633381956502,0.0,227.0,228.0,228.0,960.5,902.5,1889.8145496821082,1024.0176416579993,143.98067721107134,24.0,0.12347958702926976,0.9157132171640647,0.7628635346756152,1.0,1.0,0.9977628635346756,0.8244361988116697,303.0,749.0,447.0,447.0,1896.5,742.5,1621.1372185753717,777.2618628993782,117.45860166473446,76.0,281.5970131422468,6.685450317891764,-281.5176416579993,1.2257993469225832,0.8326365351676941,0.9076918959617615,1.0,0.0,1.0,1.0,0.0,1.0
SNPT-107,1,34.0,0.20056650042533875,0.9526110291481018,0.0027397260273972603,1.0,0.989041095890411,1.0,0.8791691355509301,0.0,364.0,365.0,365.0,735.5,372.0,4.988812526990905,562.277218117672,64.83224480366478,,1.0,0.0,0.0,1.0,1.0,1.0,0.8721224665641785,679.0,749.0,71.0,71.0,26.0,688.0,939.6317695311991,685.378626441287,79.95268212844746,315.0,127.46641864921665,21.011187473009095,125.72278188232804,0.8108826755743973,0.8370064496994019,0.9593439102172852,0.0,0.0,0.0,1.0,0.0,1.0
SNPT-107,0,6.0,0.019853052322530935,0.9949912428855896,0.0914396887159533,0.0,1.0,1.0,0.8796470453998921,0.0,513.0,514.0,514.0,1328.5,387.0,7.645210249631226,535.1299250449674,69.13086725219382,4.0,0.1592115469143859,0.9551671147346497,0.175,1.0,1.0,1.0,0.8867982611060142,710.0,749.0,40.0,40.0,8.0,597.5,165.09996756089876,583.2890821487038,106.32407070068771,197.0,62.371084050730985,0.3547897503687736,62.37007495503258,0.6501901855018676,0.6422544717788696,0.8880401849746704,0.0,1.0,0.0,0.0,1.0,1.0
SNPT-107,1,6.0,0.019853052322530935,0.9949912428855896,0.0914396887159533,0.0,1.0,1.0,0.8796470453998921,0.0,513.0,514.0,514.0,1328.5,387.0,7.645210249631226,535.1299250449674,69.13086725219382,6.0,4.3720131341413234e-06,0.9999997350904677,0.08333333333333333,0.0,1.0,1.0,0.8715927021370994,642.0,749.0,108.0,108.0,18.0,577.5,1665.949779102914,610.2884678763429,103.55502213336567,129.0,43.617025603191024,10.354789750368774,42.37007495503258,0.6675761911688076,0.8528348207473755,0.9917563796043396,1.0,0.0,1.0,1.0,0.0,1.0
SNPT-107,0,6.0,0.019853052322530935,0.9949912428855896,0.0914396887159533,0.0,1.0,1.0,0.8796470453998921,0.0,513.0,514.0,514.0,1328.5,387.0,7.645210249631226,535.1299250449674,69.13086725219382,,1.0,0.0,0.0,1.0,1.0,1.0,0.9179954005254282,676.0,749.0,74.0,74.0,29.0,483.5,671.0862155872899,445.30802420835744,78.00677974750674,163.0,55.87196260586708,21.354789750368774,-51.62992504496742,0.8862161401349655,0.5763669013977051,0.9167664051055908,0.0,0.0,0.0,0.0,1.0,1.0
SNPT-107,0,6.0,0.019853052322530935,0.9949912428855896,0.0914396887159533,0.0,1.0,1.0,0.8796470453998921,0.0,513.0,514.0,514.0,1328.5,387.0,7.645210249631226,535.1299250449674,69.13086725219382,16.0,0.05676858219753897,0.9730907364895469,0.3917525773195876,1.0,0.9896907216494846,1.0,0.8633770617013125,653.0,749.0,97.0,97.0,7.5,723.5,928.4689390800893,708.642914864476,125.9470080536457,140.0,188.37013092468027,-0.14521024963122642,188.37007495503258,0.5488885232013476,0.6073466539382935,0.9113245010375977,0.0,1.0,1.0,0.0,1.0,1.0
SNPT-107,0,14.0,0.049818596851291565,0.9686832956357855,0.40350877192982454,0.0,0.9961013645224172,1.0,0.847491473714743,0.0,512.0,513.0,513.0,1270.0,435.0,12.973963690741101,655.5670339055727,87.18274717975214,,1.0,0.0,0.0,0.0,1.0,1.0,0.8702446784771664,679.0,749.0,71.0,71.0,29.0,592.0,643.10644136264,586.6702171524266,105.02704474870475,167.0,65.55609536372577,16.0260363092589,-63.56703390557266,0.8300980703432325,0.7027759552001953,0.98929762840271,0.0,0.0,0.0,1.0,0.0,1.0
SNPT-107,0,,1.0,0.0,0.0,0.0,1.0,0.9950738916256158,0.8965419617486118,0.0,405.0,406.0,406.0,1036.0,334.5,4.499218537289927,472.03617515290614,55.09661354427414,31.0,0.004053080587558118,0.974133875221014,0.45714285714285713,1.0,1.0,1.0,0.8613898396492005,715.0,749.0,35.0,35.0,14.5,657.0,198.48668416080392,608.5103928914143,112.7047360207511,310.0,185.2339929168815,10.000781462710073,184.96382484709386,0.48885801510710075,0.534911036491394,0.9049819707870483,0.0,0.0,0.0,0.0,1.0,1.0
SNPT-107,0,31.0,0.06212842603579555,0.9647277815609562,0.5885885885885885,1.0,0.990990990990991,1.0,0.8638415653426368,0.0,332.0,333.0,333.0,317.5,563.5,7.353592812089052,751.728238180787,93.40881832905686,,1.0,0.0,0.0,0.0,1.0,1.0,0.8991181070421949,669.0,749.0,81.0,81.0,14.5,558.0,632.0392789364662,493.9590138116508,85.04022030510933,337.0,193.86000465368602,7.146407187910948,-193.728238180787,1.0984075299184606,0.6762988567352295,0.9210469126701355,0.0,0.0,0.0,0.0,1.0,1.0
SNPT-107,1,,1.0,0.0,0.0,0.0,1.0,0.9950738916256158,0.8965419617486118,0.0,405.0,406.0,406.0,1036.0,334.5,4.499218537289927,472.03617515290614,55.09661354427414,,1.0,0.0,0.0,0.0,1.0,1.0,0.8991181070421949,669.0,749.0,81.0,81.0,14.5,558.0,632.0392789364662,493.9590138116508,85.04022030510933,264.0,86.54360064272065,10.000781462710073,85.96382484709386,0.6478888853603295,0.7920563220977783,0.9902254343032837,0.0,0.0,0.0,1.0,0.0,1.0
SNPT-107,0,,1.0,0.0,0.0,1.0,1.0,1.0,0.8858094492941412,0.0,261.0,262.0,262.0,179.5,445.0,12.556929061229472,495.81190412055366,65.42637036985407,31.0,0.004053080587558118,0.974133875221014,0.45714285714285713,1.0,1.0,1.0,0.8613898396492005,715.0,749.0,35.0,35.0,14.5,657.0,198.48668416080392,608.5103928914143,112.7047360207511,454.0,161.1998070033419,1.9430709387705285,161.18809587944634,0.5805112782288743,0.8540109395980835,0.9628587365150452,0.0,0.0,0.0,1.0,0.0,1.0
SNPT-107,1,,1.0,0.0,0.0,1.0,0.9966777408637874,1.0,0.8861213595764186,0.0,300.0,301.0,301.0,368.5,382.0,6.68997273866844,539.5687894473546,60.10393948512625,,1.0,0.0,0.0,1.0,1.0,1.0,0.919907976873219,686.0,749.0,64.0,64.0,10.5,533.0,536.9507359218471,500.16223944608936,95.16087869687233,386.0,7.59376734801418,3.81002726133156,-6.568789447354561,0.6316034520507395,0.8729793429374695,0.9605920910835266,0.0,0.0,0.0,1.0,0.0,1.0
SNPT-107,0,,1.0,0.0,0.0,1.0,1.0,1.0,0.8858094492941412,0.0,261.0,262.0,262.0,179.5,445.0,12.556929061229472,495.81190412055366,65.42637036985407,33.0,0.0009093458449916355,0.9999143963768369,0.525,0.0,1.0,1.0,0.8230538904666901,710.0,749.0,40.0,40.0,25.0,672.5,301.106886933533,573.2772792960618,107.46064240173318,449.0,177.1256989820836,12.443070938770528,176.68809587944634,0.6088403056931553,0.6512060165405273,0.9108999371528625,0.0,0.0,0.0,0.0,1.0,1.0
SNPT-107,0,,1.0,0.0,0.0,0.0,1.0,1.0,0.8622766978600446,0.0,16.0,17.0,17.0,1899.0,534.0,1911.962878023808,560.437309678847,68.78957823260522,33.0,0.0009093458449916355,0.9999143963768369,0.525,0.0,1.0,1.0,0.8230538904666901,710.0,749.0,40.0,40.0,25.0,672.5,301.106886933533,573.2772792960618,107.46064240173318,694.0,1890.2875309332987,-1886.962878023808,112.06269032115301,0.6401374186415225,0.7817565202713013,0.9065734148025513,0.0,0.0,0.0,1.0,0.0,1.0
SNPT-107,1,9.0,0.022368028996998537,0.9899279209119933,0.7593220338983051,0.0,0.9966101694915255,1.0,0.7956556805109574,0.0,294.0,295.0,295.0,1025.5,476.5,5.907596106304869,533.1330486357289,80.58810301862536,16.0,0.05316631628193136,0.9201949147077707,0.18840579710144928,0.0,0.7536231884057971,1.0,0.8806146124134893,681.0,749.0,69.0,69.0,21.5,692.0,903.0021184099977,682.166572508484,95.73036832571862,387.0,159.63029566771405,15.592403893695131,158.86695136427113,0.8418238060510503,0.8250417113304138,0.9744118452072144,0.0,1.0,1.0,1.0,0.0,0.0
SNPT-107,0,,1.0,0.0,0.0,1.0,0.9761431411530815,1.0,0.8960190930849989,0.0,502.0,503.0,503.0,953.0,358.5,13.563688282805634,464.29216930131156,58.226084527710725,4.0,0.1592115469143859,0.9551671147346497,0.175,1.0,1.0,1.0,0.8867982611060142,710.0,749.0,40.0,40.0,8.0,597.5,165.09996756089876,583.2890821487038,106.32407070068771,208.0,133.32396928819165,-5.563688282805634,133.20783069868844,0.5476284358188528,0.7880713939666748,0.952643632888794,0.0,0.0,0.0,1.0,0.0,1.0
SNPT-107,1,,1.0,0.0,0.0,1.0,0.9761431411530815,1.0,0.8960190930849989,0.0,502.0,503.0,503.0,953.0,358.5,13.563688282805634,464.29216930131156,58.226084527710725,,1.0,0.0,0.0,1.0,0.9882352941176471,0.9550561797752809,0.8952423983745361,661.0,749.0,89.0,89.0,18.5,551.0,973.767734930276,548.1255134525657,90.7178727527397,159.0,86.84823013649574,4.936311717194366,86.70783069868844,0.6418369695066762,0.8885229229927063,0.9912915825843811,0.0,0.0,0.0,1.0,0.0,1.0
SNPT-107,1,,1.0,0.0,0.0,1.0,1.0,1.0,0.86172104786055,0.0,324.0,325.0,323.0,642.5,328.0,9.862804198058306,448.95953395091476,46.79314963381148,,1.0,0.0,0.0,1.0,1.0,1.0,0.9179954005254282,676.0,749.0,74.0,74.0,29.0,483.5,671.0862155872899,445.30802420835744,78.00677974750674,352.0,39.48766969637313,19.137195801941694,34.54046604908524,0.5998600350542875,0.8390262126922607,0.9888069033622742,0.0,0.0,0.0,1.0,0.0,1.0
SNPT-107,0,,1.0,0.0,0.0,1.0,1.0,1.0,0.8858094492941412,0.0,261.0,262.0,262.0,179.5,445.0,12.556929061229472,495.81190412055366,65.42637036985407,,1.0,0.0,0.0,0.0,1.0,1.0,0.8702446784771664,679.0,749.0,71.0,71.0,29.0,592.0,643.10644136264,586.6702171524266,105.02704474870475,418.0,97.58342262295886,16.44307093877053,96.18809587944634,0.6229478371632554,0.6462600231170654,0.9202896356582642,0.0,0.0,0.0,0.0,1.0,1.0
SNPT-107,0,3.0,0.013529464710463549,0.9754194594636748,0.19899244332493704,0.0,1.0,1.0,0.8977007152751951,288.0,684.0,397.0,397.0,1911.5,474.5,1914.7658101225536,637.308391534953,90.995308666175,33.0,0.0009093458449916355,0.9999143963768369,0.525,0.0,1.0,1.0,0.8230538904666901,710.0,749.0,40.0,40.0,25.0,672.5,301.106886933533,573.2772792960618,107.46064240173318,26.0,1890.0934544129052,-1889.7658101225536,35.19160846504701,0.846778007579707,0.7769879102706909,0.9771248698234558,0.0,1.0,1.0,1.0,0.0,1.0
SNPT-107,0,,1.0,0.0,0.0,1.0,0.9761431411530815,1.0,0.8960190930849989,0.0,502.0,503.0,503.0,953.0,358.5,13.563688282805634,464.29216930131156,58.226084527710725,16.0,0.05676858219753897,0.9730907364895469,0.3917525773195876,1.0,0.9896907216494846,1.0,0.8633770617013125,653.0,749.0,97.0,97.0,7.5,723.5,928.4689390800893,708.642914864476,125.9470080536457,151.0,259.27874539019,-6.063688282805634,259.20783069868844,0.4623062145542194,0.7919207811355591,0.9722864627838135,0.0,0.0,0.0,1.0,0.0,1.0
SNPT-107,0,31.0,0.06212842603579555,0.9647277815609562,0.5885885885885885,1.0,0.990990990990991,1.0,0.8638415653426368,0.0,332.0,333.0,333.0,317.5,563.5,7.353592812089052,751.728238180787,93.40881832905686,,1.0,0.0,0.0,1.0,1.0,1.0,0.8721224665641785,679.0,749.0,71.0,71.0,26.0,688.0,939.6317695311991,685.378626441287,79.95268212844746,347.0,66.40012682702115,18.64640718791095,-63.728238180787,1.1683012482181838,0.7984621524810791,0.9734819531440735,0.0,0.0,0.0,1.0,0.0,1.0
SNPT-107,0,24.0,0.01037060387369417,0.9782974790289717,0.9298245614035088,1.0,1.0,0.2149122807017544,0.617633381956502,0.0,227.0,228.0,228.0,960.5,902.5,1889.8145496821082,1024.0176416579993,143.98067721107134,16.0,0.05676858219753897,0.9730907364895469,0.3917525773195876,1.0,0.9896907216494846,1.0,0.8633770617013125,653.0,749.0,97.0,97.0,7.5,723.5,928.4689390800893,708.642914864476,125.9470080536457,426.0,1906.1529101550702,-1882.3145496821082,-300.5176416579993,1.1431845776736864,0.8124948143959045,0.8731119632720947,0.0,1.0,1.0,1.0,0.0,1.0
SNPT-107,0,9.0,0.022368028996998537,0.9899279209119933,0.7593220338983051,0.0,0.9966101694915255,1.0,0.7956556805109574,0.0,294.0,295.0,295.0,1025.5,476.5,5.907596106304869,533.1330486357289,80.58810301862536,,1.0,0.0,0.0,1.0,1.0,1.0,0.9179954005254282,676.0,749.0,74.0,74.0,29.0,483.5,671.0862155872899,445.30802420835744,78.00677974750674,382.0,54.74211024856617,23.09240389369513,-49.63304863572887,1.0330910118258168,0.5918738842010498,0.9013702869415283,0.0,0.0,0.0,0.0,1.0,1.0
SNPT-107,1,14.0,0.049818596851291565,0.9686832956357855,0.40350877192982454,0.0,0.9961013645224172,1.0,0.847491473714743,0.0,512.0,513.0,513.0,1270.0,435.0,12.973963690741101,655.5670339055727,87.18274717975214,14.0,0.00012027820960481352,0.9999901362827845,0.3431372549019608,0.0,0.9901960784313726,1.0,0.8603479172669205,648.0,749.0,102.0,102.0,19.0,746.0,1172.3442920474838,696.1039788327731,133.24592800151393,136.0,90.63351736657003,6.026036309258899,90.43296609442734,0.6542995233502489,0.9615874290466309,0.9882504940032959,1.0,0.0,1.0,1.0,0.0,1.0
SNPT-107,0,,1.0,0.0,0.0,0.0,1.0,1.0,0.8622766978600446,0.0,16.0,17.0,17.0,1899.0,534.0,1911.962878023808,560.437309678847,68.78957823260522,,1.0,0.0,0.0,1.0,1.0,1.0,0.8721224665641785,679.0,749.0,71.0,71.0,26.0,688.0,939.6317695311991,685.378626441287,79.95268212844746,663.0,1890.2719955725458,-1885.962878023808,127.56269032115301,0.8603786189698023,0.8185282945632935,0.8866251707077026,0.0,0.0,0.0,0.0,1.0,1.0
SNPT-107,0,,1.0,0.0,0.0,1.0,1.0,1.0,0.86172104786055,0.0,324.0,325.0,323.0,642.5,328.0,9.862804198058306,448.95953395091476,46.79314963381148,,1.0,0.0,0.0,1.0,0.9882352941176471,0.9550561797752809,0.8952423983745361,661.0,749.0,89.0,89.0,18.5,551.0,973.767734930276,548.1255134525657,90.7178727527397,337.0,102.40536051806858,8.637195801941694,102.04046604908524,0.5158095997395212,0.7338372468948364,0.9840131998062134,0.0,0.0,0.0,1.0,0.0,1.0
SNPT-107,0,,1.0,0.0,0.0,1.0,0.9966777408637874,1.0,0.8861213595764186,0.0,300.0,301.0,301.0,368.5,382.0,6.68997273866844,539.5687894473546,60.10393948512625,,1.0,0.0,0.0,1.0,1.0,1.0,0.8998444244402264,641.0,749.0,109.0,109.0,15.0,465.5,1474.2614077949488,438.14202078803373,70.6060128168546,341.0,74.53349665271728,8.310027261331559,-74.06878944735456,0.8512580881890364,0.8880205750465393,0.9886876344680786,0.0,0.0,0.0,1.0,0.0,1.0
SNPT-107,0,,1.0,0.0,0.0,1.0,0.9966777408637874,1.0,0.8861213595764186,0.0,300.0,301.0,301.0,368.5,382.0,6.68997273866844,539.5687894473546,60.10393948512625,,1.0,0.0,0.0,0.0,1.0,1.0,0.8702446784771664,679.0,749.0,71.0,71.0,29.0,592.0,643.10644136264,586.6702171524266,105.02704474870475,379.0,56.98042783638252,22.31002726133156,52.43121055264544,0.5722710719789864,0.6786608695983887,0.9200336933135986,0.0,0.0,0.0,0.0,1.0,1.0
SNPT-107,0,,1.0,0.0,0.0,1.0,0.9761431411530815,1.0,0.8960190930849989,0.0,502.0,503.0,503.0,953.0,358.5,13.563688282805634,464.29216930131156,58.226084527710725,33.0,0.0009093458449916355,0.9999143963768369,0.525,0.0,1.0,1.0,0.8230538904666901,710.0,749.0,40.0,40.0,25.0,672.5,301.106886933533,573.2772792960618,107.46064240173318,208.0,208.52167750607262,11.436311717194366,208.20783069868844,0.5418363712180044,0.6505296230316162,0.9223456382751465,0.0,0.0,0.0,0.0,1.0,1.0
SNPT-107,0,33.0,0.009222300871477873,0.9977269045592565,0.46462264150943394,0.0,1.0,1.0,0.8283176332149865,0.0,423.0,424.0,424.0,1411.0,624.0,14.503451704946201,701.9504086736852,103.260097500832,,1.0,0.0,0.0,1.0,1.0,1.0,0.9179954005254282,676.0,749.0,74.0,74.0,29.0,483.5,671.0862155872899,445.30802420835744,78.00677974750674,253.0,218.9308817005287,14.496548295053799,-218.45040867368516,1.3237323452533933,0.5666636228561401,0.9088407754898071,0.0,0.0,0.0,0.0,1.0,1.0
SNPT-107,1,7.0,0.012367972289212048,0.83903435866038,0.008130081300813009,0.0,0.997289972899729,1.0,0.8614900188071295,0.0,368.0,369.0,369.0,1053.0,362.0,7.8383582239908085,575.424037267105,66.15166383969569,,1.0,0.0,0.0,0.0,1.0,1.0,0.8702446784771664,679.0,749.0,71.0,71.0,29.0,592.0,643.10644136264,586.6702171524266,105.02704474870475,311.0,26.88080399055175,21.16164177600919,16.57596273289505,0.6298536153042762,0.8987438678741455,0.9905834197998047,0.0,0.0,0.0,1.0,0.0,1.0
SNPT-107,0,,1.0,0.0,0.0,1.0,1.0,1.0,0.86172104786055,0.0,324.0,325.0,323.0,642.5,328.0,9.862804198058306,448.95953395091476,46.79314963381148,,1.0,0.0,0.0,1.0,1.0,1.0,0.919907976873219,686.0,749.0,64.0,64.0,10.5,533.0,536.9507359218471,500.16223944608936,95.16087869687233,362.0,84.04288162740174,0.6371958019416937,84.04046604908524,0.4917267502632827,0.7698397636413574,0.9631329774856567,0.0,0.0,0.0,1.0,0.0,1.0
SNPT-107,0,,1.0,0.0,0.0,1.0,1.0,1.0,0.86172104786055,0.0,324.0,325.0,323.0,642.5,328.0,9.862804198058306,448.95953395091476,46.79314963381148,,1.0,0.0,0.0,1.0,1.0,1.0,0.8998444244402264,641.0,749.0,109.0,109.0,15.0,465.5,1474.2614077949488,438.14202078803373,70.6060128168546,317.0,17.319867142343465,5.137195801941694,16.54046604908524,0.6627360442401491,0.8882339000701904,0.9900406002998352,0.0,0.0,0.0,1.0,0.0,1.0
SNPT-107,0,6.0,0.019853052322530935,0.9949912428855896,0.0914396887159533,0.0,1.0,1.0,0.8796470453998921,0.0,513.0,514.0,514.0,1328.5,387.0,7.645210249631226,535.1299250449674,69.13086725219382,,1.0,0.0,0.0,1.0,0.9882352941176471,0.9550561797752809,0.8952423983745361,661.0,749.0,89.0,89.0,18.5,551.0,973.767734930276,548.1255134525657,90.7178727527397,148.0,19.22721351634353,10.854789750368774,15.870074955032578,0.7620424195860133,0.6691771149635315,0.9310798645019531,0.0,0.0,0.0,0.0,1.0,1.0
SNPT-107,0,,1.0,0.0,0.0,1.0,0.9947735191637631,1.0,0.8736453422893631,0.0,596.0,597.0,574.0,961.0,316.0,4.8550066321072975,480.460227784067,55.22656691918749,33.0,0.0009093458449916355,0.9999143963768369,0.525,0.0,1.0,1.0,0.8230538904666901,710.0,749.0,40.0,40.0,25.0,672.5,301.106886933533,573.2772792960618,107.46064240173318,114.0,193.09348738510025,20.144993367892702,192.039772215933,0.5139236625138282,0.6497747302055359,0.9153800010681152,0.0,0.0,0.0,0.0,1.0,1.0
SNPT-107,0,,1.0,0.0,0.0,1.0,0.9761431411530815,1.0,0.8960190930849989,0.0,502.0,503.0,503.0,953.0,358.5,13.563688282805634,464.29216930131156,58.226084527710725,,1.0,0.0,0.0,1.0,1.0,1.0,0.8998444244402264,641.0,749.0,109.0,109.0,15.0,465.5,1474.2614077949488,438.14202078803373,70.6060128168546,139.0,1.8766582921896127,1.436311717194366,1.20783069868844,0.8246618411769512,0.8036436438560486,0.9928096532821655,0.0,0.0,0.0,1.0,0.0,1.0
SNPT-107,1,31.0,0.06212842603579555,0.9647277815609562,0.5885885885885885,1.0,0.990990990990991,1.0,0.8638415653426368,0.0,332.0,333.0,333.0,317.5,563.5,7.353592812089052,751.728238180787,93.40881832905686,31.0,0.004053080587558118,0.974133875221014,0.45714285714285713,1.0,1.0,1.0,0.8613898396492005,715.0,749.0,35.0,35.0,14.5,657.0,198.48668416080392,608.5103928914143,112.7047360207511,383.0,94.9974223046675,7.146407187910948,-94.728238180787,0.8287923083539143,0.9586890935897827,0.9885574579238892,1.0,0.0,1.0,1.0,0.0,1.0
SNPT-107,0,7.0,0.012367972289212048,0.83903435866038,0.008130081300813009,0.0,0.997289972899729,1.0,0.8614900188071295,0.0,368.0,369.0,369.0,1053.0,362.0,7.8383582239908085,575.424037267105,66.15166383969569,,1.0,0.0,0.0,1.0,1.0,1.0,0.8998444244402264,641.0,749.0,109.0,109.0,15.0,465.5,1474.2614077949488,438.14202078803373,70.6060128168546,273.0,110.1570836670423,7.1616417760091915,-109.92403726710495,0.9369126112713222,0.7047480344772339,0.9368141889572144,0.0,0.0,0.0,0.0,1.0,1.0
SNPT-107,1,,1.0,0.0,0.0,1.0,1.0,1.0,0.8858094492941412,0.0,261.0,262.0,262.0,179.5,445.0,12.556929061229472,495.81190412055366,65.42637036985407,4.0,0.1592115469143859,0.9551671147346497,0.175,1.0,1.0,1.0,0.8867982611060142,710.0,749.0,40.0,40.0,8.0,597.5,165.09996756089876,583.2890821487038,106.32407070068771,449.0,101.79014906196251,-4.5569290612294715,101.68809587944634,0.6153486218001892,0.9028029441833496,0.9482324719429016,0.0,0.0,0.0,1.0,0.0,1.0
SNPT-107,0,16.0,0.045751392507742725,0.9714176308724188,0.06666666666666667,1.0,0.9612903225806452,1.0,0.8846219485805881,0.0,514.0,515.0,465.0,955.0,376.0,6.5762207775554415,664.9212545831631,70.11138390148444,31.0,0.004053080587558118,0.974133875221014,0.45714285714285713,1.0,1.0,1.0,0.8613898396492005,715.0,749.0,35.0,35.0,14.5,657.0,198.48668416080392,608.5103928914143,112.7047360207511,201.0,11.2041309942952,7.9237792224445585,-7.9212545831630905,0.6220801926955013,0.8100545406341553,0.9716402292251587,0.0,1.0,1.0,1.0,0.0,1.0
SNPT-107,0,7.0,0.012367972289212048,0.83903435866038,0.008130081300813009,0.0,0.997289972899729,1.0,0.8614900188071295,0.0,368.0,369.0,369.0,1053.0,362.0,7.8383582239908085,575.424037267105,66.15166383969569,,1.0,0.0,0.0,1.0,1.0,1.0,0.8721224665641785,679.0,749.0,71.0,71.0,26.0,688.0,939.6317695311991,685.378626441287,79.95268212844746,311.0,114.03154220319156,18.16164177600919,112.57596273289505,0.8273851743137292,0.7484885454177856,0.9370965957641602,0.0,0.0,0.0,0.0,1.0,1.0
SNPT-107,0,,1.0,0.0,0.0,1.0,1.0,1.0,0.86172104786055,0.0,324.0,325.0,323.0,642.5,328.0,9.862804198058306,448.95953395091476,46.79314963381148,27.0,0.09214426484284932,0.9609625991937276,0.2605633802816901,0.0,1.0,1.0,0.8751529449588257,324.0,749.0,426.0,426.0,1907.5,581.5,1755.263585546607,797.9533506312075,119.2248747444572,0.0,1902.2602088125498,1897.6371958019417,132.54046604908524,0.39247807753295133,0.6051439046859741,0.9049646258354187,0.0,0.0,0.0,0.0,1.0,1.0
SNPT-107,0,,1.0,0.0,0.0,0.0,1.0,0.9950738916256158,0.8965419617486118,0.0,405.0,406.0,406.0,1036.0,334.5,4.499218537289927,472.03617515290614,55.09661354427414,14.0,0.00012027820960481352,0.9999901362827845,0.3431372549019608,0.0,0.9901960784313726,1.0,0.8603479172669205,648.0,749.0,102.0,102.0,19.0,746.0,1172.3442920474838,696.1039788327731,133.24592800151393,243.0,274.3473163489638,14.500781462710073,273.96382484709386,0.4134956645252839,0.7708890438079834,0.9809036254882812,0.0,0.0,0.0,1.0,0.0,1.0
SNPT-107,0,,1.0,0.0,0.0,1.0,0.9761431411530815,1.0,0.8960190930849989,0.0,502.0,503.0,503.0,953.0,358.5,13.563688282805634,464.29216930131156,58.226084527710725,14.0,0.00012027820960481352,0.9999901362827845,0.3431372549019608,0.0,0.9901960784313726,1.0,0.8603479172669205,648.0,749.0,102.0,102.0,19.0,746.0,1172.3442920474838,696.1039788327731,133.24592800151393,146.0,281.76027995806544,5.436311717194366,281.70783069868844,0.4369820931942413,0.7380818128585815,0.9249575734138489,0.0,0.0,0.0,0.0,1.0,1.0
SNPT-107,1,,1.0,0.0,0.0,0.0,1.0,1.0,0.8622766978600446,0.0,16.0,17.0,17.0,1899.0,534.0,1911.962878023808,560.437309678847,68.78957823260522,27.0,0.09214426484284932,0.9609625991937276,0.2605633802816901,0.0,1.0,1.0,0.8751529449588257,324.0,749.0,426.0,426.0,1907.5,581.5,1755.263585546607,797.9533506312075,119.2248747444572,308.0,21.530308957843133,-4.462878023807889,21.062690321153013,0.576973373887342,0.8914089798927307,0.9557689428329468,0.0,0.0,0.0,1.0,0.0,1.0
SNPT-107,0,,1.0,0.0,0.0,0.0,1.0,1.0,0.871763693581661,0.0,202.0,203.0,203.0,1786.0,433.5,1912.8097987149395,462.8259690101693,64.90385697932341,4.0,0.1592115469143859,0.9551671147346497,0.175,1.0,1.0,1.0,0.8867982611060142,710.0,749.0,40.0,40.0,8.0,597.5,165.09996756089876,583.2890821487038,106.32407070068771,508.0,1909.5647315300673,-1904.8097987149395,134.67403098983073,0.6104342746811668,0.6319055557250977,0.8925256729125977,0.0,0.0,0.0,0.0,1.0,1.0
SNPT-107,0,,1.0,0.0,0.0,0.0,0.75,0.012269938650306749,0.5504194247576356,331.0,663.0,333.0,326.0,1898.5,430.5,1910.2758196863042,580.6564549980571,75.02372071378375,,1.0,0.0,0.0,0.0,1.0,1.0,0.8991181070421949,669.0,749.0,81.0,81.0,14.5,558.0,632.0392789364662,493.9590138116508,85.04022030510933,6.0,1895.911198727503,-1895.7758196863042,-22.656454998057143,0.8822145620579516,0.6722368597984314,0.9486039876937866,0.0,0.0,0.0,1.0,0.0,0.0
SNPT-107,0,,1.0,0.0,0.0,1.0,0.9761431411530815,1.0,0.8960190930849989,0.0,502.0,503.0,503.0,953.0,358.5,13.563688282805634,464.29216930131156,58.226084527710725,,1.0,0.0,0.0,1.0,1.0,1.0,0.919907976873219,686.0,749.0,64.0,64.0,10.5,533.0,536.9507359218471,500.16223944608936,95.16087869687233,184.0,68.77610184659956,-3.063688282805634,68.70783069868844,0.6118699756145112,0.7105737924575806,0.9650305509567261,0.0,0.0,0.0,1.0,0.0,1.0
SNPT-107,0,36.0,0.020725027932060602,0.9818580968905304,0.08416547788873038,0.0,0.9714693295292439,1.0,0.8729270703442257,0.0,700.0,701.0,701.0,1584.0,375.0,1914.298090996574,506.2602966571271,68.15025216814219,33.0,0.0009093458449916355,0.9999143963768369,0.525,0.0,1.0,1.0,0.8230538904666901,710.0,749.0,40.0,40.0,25.0,672.5,301.106886933533,573.2772792960618,107.46064240173318,10.0,1896.5977210813119,-1889.298090996574,166.23970334287287,0.634188021260545,0.7348568439483643,0.9695250391960144,0.0,1.0,1.0,1.0,0.0,1.0
SNPT-107,1,33.0,0.009222300871477873,0.9977269045592565,0.46462264150943394,0.0,1.0,1.0,0.8283176332149865,0.0,423.0,424.0,424.0,1411.0,624.0,14.503451704946201,701.9504086736852,103.260097500832,33.0,0.0009093458449916355,0.9999143963768369,0.525,0.0,1.0,1.0,0.8230538904666901,710.0,749.0,40.0,40.0,25.0,672.5,301.106886933533,573.2772792960618,107.46064240173318,287.0,31.265061924734244,10.496548295053799,-29.45040867368516,0.960910852503582,0.9626718759536743,0.9913082122802734,1.0,0.0,1.0,1.0,0.0,1.0
SNPT-107,0,24.0,0.01037060387369417,0.9782974790289717,0.9298245614035088,1.0,1.0,0.2149122807017544,0.617633381956502,0.0,227.0,228.0,228.0,960.5,902.5,1889.8145496821082,1024.0176416579993,143.98067721107134,,1.0,0.0,0.0,1.0,1.0,1.0,0.9179954005254282,676.0,749.0,74.0,74.0,29.0,483.5,671.0862155872899,445.30802420835744,78.00677974750674,449.0,1937.7280792856754,-1860.8145496821082,-540.5176416579993,1.8457456861712493,0.5904091596603394,0.8171542882919312,0.0,0.0,0.0,1.0,0.0,1.0
SNPT-107,0,,1.0,0.0,0.0,1.0,1.0,1.0,0.8858094492941412,0.0,261.0,262.0,262.0,179.5,445.0,12.556929061229472,495.81190412055366,65.42637036985407,3.0,0.013529464710463549,0.9754194594636748,0.19899244332493704,0.0,1.0,1.0,0.8977007152751951,288.0,684.0,397.0,397.0,1911.5,474.5,1914.7658101225536,637.308391534953,90.995308666175,27.0,1899.0626592936874,1898.9430709387705,-21.311904120553663,0.7190081700791517,0.647240400314331,0.9344086647033691,0.0,0.0,0.0,0.0,1.0,1.0
SNPT-107,0,9.0,0.022368028996998537,0.9899279209119933,0.7593220338983051,0.0,0.9966101694915255,1.0,0.7956556805109574,0.0,294.0,295.0,295.0,1025.5,476.5,5.907596106304869,533.1330486357289,80.58810301862536,24.0,0.12347958702926976,0.9157132171640647,0.7628635346756152,1.0,1.0,0.9977628635346756,0.8244361988116697,303.0,749.0,447.0,447.0,1896.5,742.5,1621.1372185753717,777.2618628993782,117.45860166473446,9.0,1902.1498778971413,1890.592403893695,209.36695136427113,0.6860979262178717,0.599592387676239,0.9061553478240967,0.0,1.0,1.0,0.0,1.0,1.0
SNPT-107,0,6.0,0.019853052322530935,0.9949912428855896,0.0914396887159533,0.0,1.0,1.0,0.8796470453998921,0.0,513.0,514.0,514.0,1328.5,387.0,7.645210249631226,535.1299250449674,69.13086725219382,,1.0,0.0,0.0,0.0,1.0,1.0,0.8991181070421949,669.0,749.0,81.0,81.0,14.5,558.0,632.0392789364662,493.9590138116508,85.04022030510933,156.0,23.875269024045974,6.854789750368774,22.870074955032578,0.8129196632389292,0.7709330916404724,0.9948534965515137,0.0,0.0,0.0,1.0,0.0,1.0
SNPT-107,0,36.0,0.020725027932060602,0.9818580968905304,0.08416547788873038,0.0,0.9714693295292439,1.0,0.8729270703442257,0.0,700.0,701.0,701.0,1584.0,375.0,1914.298090996574,506.2602966571271,68.15025216814219,31.0,0.004053080587558118,0.974133875221014,0.45714285714285713,1.0,1.0,1.0,0.8613898396492005,715.0,749.0,35.0,35.0,14.5,657.0,198.48668416080392,608.5103928914143,112.7047360207511,15.0,1905.7689379140706,-1899.798090996574,150.73970334287287,0.6046795775786602,0.6313174366950989,0.9251227378845215,0.0,1.0,1.0,0.0,1.0,1.0
SNPT-108,0,,1.0,0.0,0.0,1.0,0.9949748743718593,1.0,0.8837838601227381,170.0,374.0,205.0,199.0,11.5,476.5,1912.815781629524,463.88084735429516,85.0099188311466,,1.0,0.0,0.0,0.0,1.0,1.0,0.8588507879864086,717.0,749.0,33.0,33.0,1906.0,451.5,1599.7009697051762,402.1073006784443,60.74724583865067,343.0,14.1329494597453,-6.815781629524054,-12.380847354295156,1.3994036710230362,0.6167852878570557,0.9513919949531555,0.0,0.0,0.0,0.0,1.0,1.0
SNPT-108,0,,1.0,0.0,0.0,1.0,0.9836065573770492,1.0,0.9493188291299538,0.0,67.0,68.0,61.0,236.0,413.0,9.591846660219822,455.8947351123819,65.5672814477572,14.0,0.019496697019083815,0.9309557099705157,0.9387755102040817,1.0,1.0,1.0,0.8611249570943871,701.0,749.0,49.0,49.0,1888.5,794.0,1421.4050394146502,606.6061354908156,130.80424944106352,634.0,1909.0864356627308,1878.9081533397803,338.1052648876181,0.5012626250900194,0.777362585067749,0.9513843655586243,0.0,0.0,0.0,1.0,0.0,1.0
SNPT-108,0,16.0,0.0002857958900979914,0.9999773661295573,0.6521739130434783,0.0,0.8695652173913043,1.0,0.9143514892329341,0.0,36.0,37.0,23.0,69.0,584.0,7.240551532605419,628.2404067532134,82.99916355786284,20.0,0.14366878681489148,0.8763658968178002,0.06902985074626866,0.0,0.9720149253731343,1.0,0.9235508620961389,214.0,749.0,536.0,536.0,13.0,459.5,935.8886722529585,450.8356520121754,89.09935566196494,178.0,168.83866890581814,5.759448467394581,-168.7404067532134,0.9315349470399575,0.7894567251205444,0.9876463413238525,0.0,1.0,1.0,1.0,0.0,0.0
SNPT-108,0,,1.0,0.0,0.0,1.0,0.9836065573770492,1.0,0.9493188291299538,0.0,67.0,68.0,61.0,236.0,413.0,9.591846660219822,455.8947351123819,65.5672814477572,,1.0,0.0,0.0,0.0,0.9801980198019802,1.0,0.877266917783435,177.0,410.0,234.0,202.0,17.0,498.5,1912.4675019722868,584.6356464355567,93.52789386797988,110.0,43.24452950431764,7.408153339780178,42.60526488761809,0.70104520412177,0.6387308835983276,0.9357584714889526,0.0,0.0,0.0,0.0,1.0,1.0
SNPT-108,0,16.0,0.0002857958900979914,0.9999773661295573,0.6521739130434783,0.0,0.8695652173913043,1.0,0.9143514892329341,0.0,36.0,37.0,23.0,69.0,584.0,7.240551532605419,628.2404067532134,82.99916355786284,7.0,0.0016101800009914215,0.996151885908583,0.18661257606490872,1.0,0.9452332657200812,1.0,0.8972616056641507,219.0,749.0,531.0,493.0,19.5,499.0,758.2795926280972,491.1080165636867,106.48094556482314,183.0,129.82055620917956,12.25944846739458,-129.2404067532134,0.7794743286472308,0.7037304043769836,0.9399915933609009,0.0,1.0,1.0,0.0,1.0,0.0
SNPT-108,0,9.0,0.013253577200331441,0.997140223565309,0.46938775510204084,0.0,0.9795918367346939,1.0,0.9156999064951526,0.0,48.0,49.0,49.0,224.0,495.5,6.243293669747587,506.09277646845305,80.67489506591426,4.0,0.07033014340140653,0.9071417172108928,0.18271119842829076,0.0,0.9862475442043221,1.0,0.8990693112253441,241.0,749.0,509.0,509.0,15.0,539.0,277.3090636806931,531.725639865726,109.53975594415057,193.0,34.052390023454734,8.756706330252413,32.90722353154695,0.7364896367584275,0.896358847618103,0.970566987991333,0.0,1.0,1.0,1.0,0.0,1.0
SNPT-108,1,,1.0,0.0,0.0,0.0,0.9701492537313433,1.0,0.8956525841755654,0.0,66.0,67.0,67.0,344.0,414.5,11.50721659394901,443.04917887533907,64.51089363151056,,1.0,0.0,0.0,0.0,1.0,1.0,0.8588507879864086,717.0,749.0,33.0,33.0,1906.0,451.5,1599.7009697051762,402.1073006784443,60.74724583865067,651.0,1894.5116317286856,1894.4927834060509,8.450821124660933,1.0619558589183848,0.8453793525695801,0.9770546555519104,0.0,0.0,0.0,1.0,0.0,1.0
SNPT-108,0,3.0,0.0033246362446705873,0.9842410691579183,0.28517110266159695,1.0,1.0,1.0,0.9034682709454583,0.0,262.0,263.0,263.0,634.5,491.0,1909.7506854225007,550.9113289213195,86.89930835091077,6.0,7.615743281045677e-06,0.9999995430310568,0.8,1.0,1.0,1.0,0.8673731486002604,735.0,749.0,15.0,15.0,1911.5,585.5,1870.006412559237,550.8202014597161,101.66451191656671,473.0,34.63287843192071,1.7493145774992627,34.58867107868048,0.85476541137803,0.675433874130249,0.964574933052063,0.0,1.0,1.0,1.0,0.0,1.0
SNPT-108,1,6.0,1.928046353896207e-05,0.9999987840652466,0.04484304932735426,1.0,1.0,1.0,0.8997016525054726,192.0,414.0,223.0,223.0,13.5,485.5,1907.7606332036842,484.73799173146375,91.82548208176662,6.0,7.615743281045677e-06,0.9999995430310568,0.8,1.0,1.0,1.0,0.8673731486002604,735.0,749.0,15.0,15.0,1911.5,585.5,1870.006412559237,550.8202014597161,101.66451191656671,321.0,100.83136999141664,3.739366796315835,100.76200826853625,0.9032206061946699,0.8238452672958374,0.9658596515655518,1.0,0.0,1.0,1.0,0.0,1.0
SNPT-108,1,,1.0,0.0,0.0,1.0,1.0,1.0,0.9603738714666927,0.0,101.0,102.0,102.0,338.5,448.0,8.07931580555879,476.9445970700632,70.73399270271207,,1.0,0.0,0.0,1.0,0.9949748743718593,1.0,0.8837838601227381,170.0,374.0,205.0,199.0,11.5,476.5,1912.815781629524,463.88084735429516,85.0099188311466,69.0,3.4494560314357807,3.4206841944412094,-0.44459707006319604,0.8320675242992468,0.9692374467849731,0.9752506017684937,0.0,0.0,0.0,1.0,0.0,1.0
SNPT-108,1,14.0,0.14586401042652142,0.88315100222826,0.05454545454545454,1.0,0.990909090909091,1.0,0.9163326309485869,188.0,407.0,220.0,220.0,12.0,555.0,1900.9357951981315,609.3664373947441,106.55451212127528,14.0,0.019496697019083815,0.9309557099705157,0.9387755102040817,1.0,1.0,1.0,0.8611249570943871,701.0,749.0,49.0,49.0,1888.5,794.0,1421.4050394146502,606.6061354908156,130.80424944106352,294.0,185.05188851378634,-12.435795198131473,184.63356260525586,0.8146104776915949,0.8892582654953003,0.9713035225868225,1.0,0.0,1.0,1.0,0.0,1.0
SNPT-108,0,,1.0,0.0,0.0,0.0,0.9801980198019802,1.0,0.877266917783435,177.0,410.0,234.0,202.0,17.0,498.5,1912.4675019722868,584.6356464355567,93.52789386797988,10.0,0.21579635868935534,0.7548759244382381,0.16326530612244897,0.0,1.0,1.0,0.900786752603492,701.0,749.0,49.0,49.0,1898.5,613.5,1543.739713713902,513.6603415675304,89.1987614594435,291.0,32.06621302927776,-13.967501972286755,28.864353564443263,1.0485335484226956,0.8494677543640137,0.9790462255477905,0.0,0.0,0.0,1.0,0.0,1.0
SNPT-108,0,,1.0,0.0,0.0,1.0,1.0,1.0,0.9603738714666927,0.0,101.0,102.0,102.0,338.5,448.0,8.07931580555879,476.9445970700632,70.73399270271207,4.0,0.07033014340140653,0.9071417172108928,0.18271119842829076,0.0,0.9862475442043221,1.0,0.8990693112253441,241.0,749.0,509.0,509.0,15.0,539.0,277.3090636806931,531.725639865726,109.53975594415057,140.0,62.440122537643994,6.920684194441209,62.055402929936804,0.6457380892721376,0.6004961729049683,0.9070775508880615,0.0,0.0,0.0,0.0,1.0,1.0
SNPT-108,0,24.0,0.15098388229518997,0.8531381750106811,0.6880733944954128,0.0,0.963302752293578,1.0,0.8733361757129704,0.0,108.0,109.0,109.0,573.5,663.0,5.166391368268395,702.922263333201,109.84873744700138,,1.0,0.0,0.0,1.0,1.0,1.0,0.9043106359464151,175.0,390.0,216.0,216.0,22.0,450.5,1902.3714846288215,386.29269547147175,80.92398760863847,67.0,252.98294291477876,16.833608631731604,-252.42226333320104,1.3574310991476062,0.5464038848876953,0.9218265414237976,0.0,0.0,0.0,0.0,1.0,1.0
SNPT-108,0,,1.0,0.0,0.0,1.0,0.9949748743718593,1.0,0.8837838601227381,170.0,374.0,205.0,199.0,11.5,476.5,1912.815781629524,463.88084735429516,85.0099188311466,1.0,0.04735030879965052,0.9062025785446167,0.033112582781456956,1.0,1.0,1.0,0.6302955671651473,448.0,749.0,302.0,302.0,29.0,405.0,313.6750149016127,454.4581264086586,88.46328082793009,74.0,1884.7357515847186,-1883.815781629524,-58.880847354295156,0.9609627637087006,0.6929466724395752,0.9347087144851685,0.0,0.0,0.0,1.0,0.0,1.0
SNPT-108,0,,1.0,0.0,0.0,1.0,1.0,0.15306122448979592,0.6136894119637353,0.0,195.0,196.0,196.0,1324.5,403.0,1916.276496591051,440.3812654932841,57.80604600668376,20.0,0.14366878681489148,0.8763658968178002,0.06902985074626866,0.0,0.9720149253731343,1.0,0.9235508620961389,214.0,749.0,536.0,536.0,13.0,459.5,935.8886722529585,450.8356520121754,89.09935566196494,19.0,1903.3725196306275,-1903.276496591051,19.118734506715896,0.6487818635411324,0.6406378149986267,0.9419764280319214,0.0,0.0,0.0,0.0,1.0,1.0
SNPT-108,0,6.0,1.928046353896207e-05,0.9999987840652466,0.04484304932735426,1.0,1.0,1.0,0.8997016525054726,192.0,414.0,223.0,223.0,13.5,485.5,1907.7606332036842,484.73799173146375,91.82548208176662,10.0,0.21579635868935534,0.7548759244382381,0.16326530612244897,0.0,1.0,1.0,0.900786752603492,701.0,749.0,49.0,49.0,1898.5,613.5,1543.739713713902,513.6603415675304,89.1987614594435,287.0,129.09459361522377,-9.260633203684165,128.76200826853625,1.0294479494933058,0.5931677222251892,0.9314098358154297,0.0,1.0,0.0,0.0,1.0,1.0
SNPT-108,0,,1.0,0.0,0.0,1.0,0.9836065573770492,1.0,0.9493188291299538,0.0,67.0,68.0,61.0,236.0,413.0,9.591846660219822,455.8947351123819,65.5672814477572,,1.0,0.0,0.0,0.0,0.9743589743589743,1.0,0.9004906321692671,176.0,415.0,240.0,234.0,6.0,518.5,1906.7885743950856,398.8907528345327,79.22054464602662,109.0,62.708217596096276,-3.5918466602198222,62.60526488761809,0.8276550198023132,0.6569802761077881,0.9250727295875549,0.0,0.0,0.0,0.0,1.0,1.0
SNPT-108,1,,1.0,0.0,0.0,0.0,0.966183574879227,1.0,0.9138435499679639,200.0,406.0,207.0,207.0,28.5,473.5,1904.2669591647818,454.9986129635953,84.46539108517118,10.0,0.21579635868935534,0.7548759244382381,0.16326530612244897,0.0,1.0,1.0,0.900786752603492,701.0,749.0,49.0,49.0,1898.5,613.5,1543.739713713902,513.6603415675304,89.1987614594435,295.0,158.60626567217457,-5.766959164781838,158.5013870364047,0.9469345728928705,0.904564619064331,0.9889898896217346,0.0,0.0,0.0,1.0,0.0,1.0
SNPT-108,0,,1.0,0.0,0.0,1.0,1.0,0.15306122448979592,0.6136894119637353,0.0,195.0,196.0,196.0,1324.5,403.0,1916.276496591051,440.3812654932841,57.80604600668376,,1.0,0.0,0.0,0.0,0.966183574879227,1.0,0.9138435499679639,200.0,406.0,207.0,207.0,28.5,473.5,1904.2669591647818,454.9986129635953,84.46539108517118,5.0,1888.0669881275157,-1887.776496591051,33.118734506715896,0.6843755207194233,0.7163312435150146,0.9470269680023193,0.0,0.0,0.0,0.0,1.0,1.0
SNPT-108,0,24.0,0.15098388229518997,0.8531381750106811,0.6880733944954128,0.0,0.963302752293578,1.0,0.8733361757129704,0.0,108.0,109.0,109.0,573.5,663.0,5.166391368268395,702.922263333201,109.84873744700138,4.0,0.07033014340140653,0.9071417172108928,0.18271119842829076,0.0,0.9862475442043221,1.0,0.8990693112253441,241.0,749.0,509.0,509.0,15.0,539.0,277.3090636806931,531.725639865726,109.53975594415057,133.0,164.2169548950454,9.833608631731604,-163.92226333320104,1.0028207247696292,0.8237603902816772,0.9724875688552856,0.0,1.0,0.0,1.0,0.0,1.0
SNPT-108,0,14.0,0.14586401042652142,0.88315100222826,0.05454545454545454,1.0,0.990909090909091,1.0,0.9163326309485869,188.0,407.0,220.0,220.0,12.0,555.0,1900.9357951981315,609.3664373947441,106.55451212127528,1.0,0.04735030879965052,0.9062025785446167,0.033112582781456956,1.0,1.0,1.0,0.6302955671651473,448.0,749.0,302.0,302.0,29.0,405.0,313.6750149016127,454.4581264086586,88.46328082793009,41.0,1883.0584861011303,-1871.9357951981315,-204.36643739474414,1.2045055431364164,0.766011118888855,0.9680210947990417,0.0,1.0,1.0,1.0,0.0,1.0
SNPT-108,1,14.0,0.003974688607740973,0.9995615184307098,0.12121212121212122,1.0,1.0,1.0,0.9213782115416094,0.0,32.0,33.0,33.0,199.5,580.5,14.77421364363854,603.7125290122491,103.6270885481613,14.0,0.14586401042652142,0.88315100222826,0.05454545454545454,1.0,0.990909090909091,1.0,0.9163326309485869,188.0,407.0,220.0,220.0,12.0,555.0,1900.9357951981315,609.3664373947441,106.55451212127528,156.0,48.79146179517232,-2.7742136436385394,-48.71252901224909,0.9725265170396339,0.893031895160675,0.9857393503189087,1.0,0.0,1.0,1.0,0.0,1.0
SNPT-108,0,,1.0,0.0,0.0,1.0,1.0,0.15306122448979592,0.6136894119637353,0.0,195.0,196.0,196.0,1324.5,403.0,1916.276496591051,440.3812654932841,57.80604600668376,7.0,0.0016101800009914215,0.996151885908583,0.18661257606490872,1.0,0.9452332657200812,1.0,0.8972616056641507,219.0,749.0,531.0,493.0,19.5,499.0,758.2795926280972,491.1080165636867,106.48094556482314,24.0,1897.682068750029,-1896.776496591051,58.618734506715896,0.5428769034690133,0.7059895396232605,0.9559130668640137,0.0,0.0,0.0,1.0,0.0,1.0
SNPT-108,0,,1.0,0.0,0.0,0.0,0.966183574879227,1.0,0.9138435499679639,200.0,406.0,207.0,207.0,28.5,473.5,1904.2669591647818,454.9986129635953,84.46539108517118,6.0,7.615743281045677e-06,0.9999995430310568,0.8,1.0,1.0,1.0,0.8673731486002604,735.0,749.0,15.0,15.0,1911.5,585.5,1870.006412559237,550.8202014597161,101.66451191656671,329.0,130.70167901809614,7.233040835218162,130.5013870364047,0.8308247341460668,0.692457914352417,0.9175081253051758,0.0,0.0,0.0,0.0,1.0,1.0
SNPT-108,1,14.0,0.14586401042652142,0.88315100222826,0.05454545454545454,1.0,0.990909090909091,1.0,0.9163326309485869,188.0,407.0,220.0,220.0,12.0,555.0,1900.9357951981315,609.3664373947441,106.55451212127528,14.0,0.03415865111823163,0.9588406442692785,0.7252747252747253,1.0,0.989010989010989,1.0,0.8572493817780044,533.0,623.0,91.0,91.0,1899.0,835.0,1905.2742053361553,831.6772933329063,182.1221194788547,126.0,225.64186641000163,-1.9357951981314727,225.63356260525586,0.5850717772568356,0.8857707977294922,0.9641703963279724,1.0,0.0,1.0,1.0,0.0,1.0
SNPT-108,0,14.0,0.003974688607740973,0.9995615184307098,0.12121212121212122,1.0,1.0,1.0,0.9213782115416094,0.0,32.0,33.0,33.0,199.5,580.5,14.77421364363854,603.7125290122491,103.6270885481613,24.0,0.0991317883718027,0.9330912329192854,0.40695652173913044,0.0,0.9043478260869565,1.0,0.8772648134438887,175.0,749.0,575.0,575.0,10.5,649.5,1146.06248563383,754.0810333452225,126.41791808164601,143.0,45.98653500455973,-4.274213643638539,45.78747098775091,0.8197183605035685,0.7065398693084717,0.9097487926483154,0.0,1.0,1.0,0.0,1.0,1.0
SNPT-108,0,24.0,0.15098388229518997,0.8531381750106811,0.6880733944954128,0.0,0.963302752293578,1.0,0.8733361757129704,0.0,108.0,109.0,109.0,573.5,663.0,5.166391368268395,702.922263333201,109.84873744700138,20.0,0.14366878681489148,0.8763658968178002,0.06902985074626866,0.0,0.9720149253731343,1.0,0.9235508620961389,214.0,749.0,536.0,536.0,13.0,459.5,935.8886722529585,450.8356520121754,89.09935566196494,106.0,243.54827798704184,7.833608631731605,-243.42226333320104,1.2328791452068157,0.7572475671768188,0.9864054322242737,0.0,1.0,0.0,1.0,0.0,1.0
SNPT-108,1,14.0,0.003974688607740973,0.9995615184307098,0.12121212121212122,1.0,1.0,1.0,0.9213782115416094,0.0,32.0,33.0,33.0,199.5,580.5,14.77421364363854,603.7125290122491,103.6270885481613,14.0,0.03415865111823163,0.9588406442692785,0.7252747252747253,1.0,0.989010989010989,1.0,0.8572493817780044,533.0,623.0,91.0,91.0,1899.0,835.0,1905.2742053361553,831.6772933329063,182.1221194788547,501.0,1898.3679064412563,1884.2257863563614,231.2874709877509,0.5689978177537788,0.9301900863647461,0.9602192640304565,1.0,0.0,1.0,1.0,0.0,1.0
SNPT-108,0,24.0,0.15098388229518997,0.8531381750106811,0.6880733944954128,0.0,0.963302752293578,1.0,0.8733361757129704,0.0,108.0,109.0,109.0,573.5,663.0,5.166391368268395,702.922263333201,109.84873744700138,,1.0,0.0,0.0,0.0,1.0,1.0,0.8588507879864086,717.0,749.0,33.0,33.0,1906.0,451.5,1599.7009697051762,402.1073006784443,60.74724583865067,609.0,1917.3892568290664,1900.8336086317315,-251.42226333320104,1.8082916506003914,0.7872679233551025,0.9581729173660278,0.0,0.0,0.0,1.0,0.0,1.0
SNPT-108,0,6.0,1.928046353896207e-05,0.9999987840652466,0.04484304932735426,1.0,1.0,1.0,0.8997016525054726,192.0,414.0,223.0,223.0,13.5,485.5,1907.7606332036842,484.73799173146375,91.82548208176662,1.0,0.04735030879965052,0.9062025785446167,0.033112582781456956,1.0,1.0,1.0,0.6302955671651473,448.0,749.0,302.0,302.0,29.0,405.0,313.6750149016127,454.4581264086586,88.46328082793009,34.0,1880.451984019075,-1878.7606332036842,-79.73799173146375,1.0380067438418472,0.7449283599853516,0.9497720003128052,0.0,1.0,1.0,1.0,0.0,1.0
SNPT-108,1,14.0,0.003974688607740973,0.9995615184307098,0.12121212121212122,1.0,1.0,1.0,0.9213782115416094,0.0,32.0,33.0,33.0,199.5,580.5,14.77421364363854,603.7125290122491,103.6270885481613,14.0,0.019496697019083815,0.9309557099705157,0.9387755102040817,1.0,1.0,1.0,0.8611249570943871,701.0,749.0,49.0,49.0,1888.5,794.0,1421.4050394146502,606.6061354908156,130.80424944106352,669.0,1883.3633860919351,1873.7257863563614,190.2874709877509,0.7922302906133991,0.9097832441329956,0.9590057730674744,1.0,0.0,1.0,1.0,0.0,1.0
SNPT-108,0,,1.0,0.0,0.0,1.0,1.0,1.0,0.9603738714666927,0.0,101.0,102.0,102.0,338.5,448.0,8.07931580555879,476.9445970700632,70.73399270271207,,1.0,0.0,0.0,0.0,0.966183574879227,1.0,0.9138435499679639,200.0,406.0,207.0,207.0,28.5,473.5,1904.2669591647818,454.9986129635953,84.46539108517118,99.0,20.709166857799687,20.420684194441208,-3.444597070063196,0.8374316603990744,0.6498783230781555,0.9437441229820251,0.0,0.0,0.0,0.0,1.0,1.0
SNPT-108,0,,1.0,0.0,0.0,0.0,0.966183574879227,1.0,0.9138435499679639,200.0,406.0,207.0,207.0,28.5,473.5,1904.2669591647818,454.9986129635953,84.46539108517118,1.0,0.04735030879965052,0.9062025785446167,0.033112582781456956,1.0,1.0,1.0,0.6302955671651473,448.0,749.0,302.0,302.0,29.0,405.0,313.6750149016127,454.4581264086586,88.46328082793009,42.0,1875.9333755316075,-1875.2669591647818,-49.99861296359529,0.9548073539061341,0.7811008095741272,0.9323102831840515,0.0,0.0,0.0,0.0,1.0,1.0
SNPT-108,0,,1.0,0.0,0.0,0.0,0.9801980198019802,1.0,0.877266917783435,177.0,410.0,234.0,202.0,17.0,498.5,1912.4675019722868,584.6356464355567,93.52789386797988,6.0,7.615743281045677e-06,0.9999995430310568,0.8,1.0,1.0,1.0,0.8673731486002604,735.0,749.0,15.0,15.0,1911.5,585.5,1870.006412559237,550.8202014597161,101.66451191656671,325.0,1.2973693193322147,-0.9675019722867546,0.8643535644432632,0.9199659950636037,0.6694823503494263,0.9115368127822876,0.0,0.0,0.0,0.0,1.0,1.0
SNPT-108,1,14.0,0.03415865111823163,0.9588406442692785,0.7252747252747253,1.0,0.989010989010989,1.0,0.8572493817780044,533.0,623.0,91.0,91.0,1899.0,835.0,1905.2742053361553,831.6772933329063,182.1221194788547,14.0,0.019496697019083815,0.9309557099705157,0.9387755102040817,1.0,1.0,1.0,0.8611249570943871,701.0,749.0,49.0,49.0,1888.5,794.0,1421.4050394146502,606.6061354908156,130.80424944106352,78.0,41.24260415581642,-16.77420533615532,-37.67729333290629,1.3923257100367636,0.9291068315505981,0.9832843542098999,1.0,0.0,1.0,1.0,0.0,1.0
SNPT-108,0,,1.0,0.0,0.0,0.0,0.9743589743589743,1.0,0.9004906321692671,176.0,415.0,240.0,234.0,6.0,518.5,1906.7885743950856,398.8907528345327,79.22054464602662,,1.0,0.0,0.0,0.0,1.0,1.0,0.8588507879864086,717.0,749.0,33.0,33.0,1906.0,451.5,1599.7009697051762,402.1073006784443,60.74724583865067,302.0,52.61515691218467,-0.7885743950855613,52.60924716546731,1.3041010098868095,0.7515572309494019,0.9739171266555786,0.0,0.0,0.0,1.0,0.0,1.0
SNPT-108,0,,1.0,0.0,0.0,1.0,1.0,1.0,0.9603738714666927,0.0,101.0,102.0,102.0,338.5,448.0,8.07931580555879,476.9445970700632,70.73399270271207,24.0,0.0991317883718027,0.9330912329192854,0.40695652173913044,0.0,0.9043478260869565,1.0,0.8772648134438887,175.0,749.0,575.0,575.0,10.5,649.5,1146.06248563383,754.0810333452225,126.41791808164601,74.0,172.57238131370286,2.4206841944412094,172.5554029299368,0.559525056068627,0.594900906085968,0.9326776266098022,0.0,0.0,0.0,0.0,1.0,1.0
SNPT-108,0,,1.0,0.0,0.0,1.0,1.0,1.0,0.9603738714666927,0.0,101.0,102.0,102.0,338.5,448.0,8.07931580555879,476.9445970700632,70.73399270271207,33.0,0.025044271578960716,0.9814951327078196,0.3769230769230769,1.0,0.9807692307692307,1.0,0.8808569420988743,220.0,749.0,530.0,520.0,6.5,580.0,504.3005326940744,564.6700213913547,114.8379786038762,119.0,103.06750366369273,-1.5793158055587906,103.0554029299368,0.6159459924551872,0.724621057510376,0.9784913063049316,0.0,0.0,0.0,1.0,0.0,1.0
SNPT-108,0,6.0,1.928046353896207e-05,0.9999987840652466,0.04484304932735426,1.0,1.0,1.0,0.8997016525054726,192.0,414.0,223.0,223.0,13.5,485.5,1907.7606332036842,484.73799173146375,91.82548208176662,14.0,0.019496697019083815,0.9309557099705157,0.9387755102040817,1.0,1.0,1.0,0.8611249570943871,701.0,749.0,49.0,49.0,1888.5,794.0,1421.4050394146502,606.6061354908156,130.80424944106352,287.0,309.86119755415496,-19.260633203684165,309.26200826853625,0.702006872667699,0.7521570920944214,0.9689090251922607,0.0,1.0,1.0,1.0,0.0,1.0
SNPT-108,1,16.0,0.04925135828526436,0.9767318654663956,0.3368869936034115,0.0,0.9936034115138592,1.0,0.8884708946193459,189.0,657.0,469.0,469.0,17.5,546.0,1911.5757581214875,809.4511753947708,126.01735926094888,,1.0,0.0,0.0,0.0,1.0,1.0,0.9083976735328806,692.0,749.0,58.0,58.0,1889.0,758.5,1299.135994321933,600.1513745932882,116.3440377827404,35.0,55.72869215106885,-22.575758121487524,-50.95117539477076,1.0831441100254087,0.9584634304046631,0.9845993518829346,0.0,0.0,0.0,1.0,0.0,1.0
SNPT-108,0,9.0,0.013253577200331441,0.997140223565309,0.46938775510204084,0.0,0.9795918367346939,1.0,0.9156999064951526,0.0,48.0,49.0,49.0,224.0,495.5,6.243293669747587,506.09277646845305,80.67489506591426,6.0,1.928046353896207e-05,0.9999987840652466,0.04484304932735426,1.0,1.0,1.0,0.8997016525054726,192.0,414.0,223.0,223.0,13.5,485.5,1907.7606332036842,484.73799173146375,91.82548208176662,144.0,21.83396962174307,7.256706330252413,-20.592776468453053,0.8785676180178041,0.6376696825027466,0.9243655800819397,0.0,1.0,1.0,0.0,1.0,1.0
SNPT-108,0,24.0,0.15098388229518997,0.8531381750106811,0.6880733944954128,0.0,0.963302752293578,1.0,0.8733361757129704,0.0,108.0,109.0,109.0,573.5,663.0,5.166391368268395,702.922263333201,109.84873744700138,24.0,0.04344199725245254,0.9789232836050146,0.16252390057361377,1.0,0.9866156787762906,1.0,0.9119726749952619,197.0,749.0,553.0,523.0,14.5,504.0,1082.6717244305867,466.20708565521454,98.0365199674298,89.0,199.14111353433202,9.333608631731604,-198.92226333320104,1.1204879312678164,0.5998827219009399,0.9207323789596558,1.0,0.0,0.0,0.0,1.0,1.0
SNPT-108,0,24.0,0.15098388229518997,0.8531381750106811,0.6880733944954128,0.0,0.963302752293578,1.0,0.8733361757129704,0.0,108.0,109.0,109.0,573.5,663.0,5.166391368268395,702.922263333201,109.84873744700138,,1.0,0.0,0.0,0.0,0.9743589743589743,1.0,0.9004906321692671,176.0,415.0,240.0,234.0,6.0,518.5,1906.7885743950856,398.8907528345327,79.22054464602662,68.0,184.4241473242901,0.8336086317316047,-184.42226333320104,1.3866193162118199,0.6983366012573242,0.9730899333953857,0.0,0.0,0.0,1.0,0.0,1.0
SNPT-109,0,,1.0,0.0,0.0,0.0,1.0,1.0,0.824961159402961,0.0,150.0,151.0,151.0,1173.5,473.0,1191.8788201386728,477.5806068767248,86.56830039337903,62.0,0.004616891447214864,0.9863160565933761,0.5,1.0,0.9779411764705882,1.0,0.8616784633520771,478.0,749.0,272.0,272.0,1894.0,536.5,1801.6818015413694,507.51911935729527,93.18088992150665,328.0,704.5889908988624,702.1211798613272,58.9193931232752,0.9290349176349582,0.6711091995239258,0.8916897177696228,0.0,0.0,0.0,0.0,1.0,1.0
SNPT-109,0,,1.0,0.0,0.0,0.0,0.9833333333333333,1.0,0.8864393929640452,0.0,262.0,263.0,240.0,1106.5,488.5,7.7641328720758125,499.35045011109867,91.78733934069548,31.0,0.03295560073112545,0.8696110561306094,0.6585365853658537,0.0,0.9349593495934959,1.0,0.8124433111369125,627.0,749.0,123.0,123.0,16.5,1004.0,1486.2353030808526,968.8871531534753,171.32069616081472,365.0,504.7251564738451,8.735867127924188,504.64954988890133,0.5357632872010797,0.7320876121520996,0.9713400602340698,0.0,0.0,0.0,1.0,0.0,1.0
SNPT-109,1,33.0,0.04938560850222775,0.9768280673183893,0.31865828092243187,1.0,0.9958071278825996,1.0,0.8474472853622597,0.0,476.0,477.0,477.0,1026.0,593.5,34.807803651570765,530.6595233567068,99.50106148907267,33.0,0.10607762282256308,0.8826720215631335,0.6496350364963503,1.0,1.0,1.0,0.8810242236095623,613.0,749.0,137.0,137.0,22.5,839.5,1773.8648745582245,711.6340742450591,148.4636381100996,137.0,309.08562251256876,-12.307803651570765,308.8404766432932,0.6702049252981621,0.9153565764427185,0.988422155380249,1.0,0.0,1.0,1.0,0.0,1.0
SNPT-109,0,,1.0,0.0,0.0,0.0,0.5025,1.0,0.8625378899276257,0.0,471.0,472.0,400.0,1208.5,468.0,27.93633094491173,593.3069937608567,101.79316720145671,33.0,0.10607762282256308,0.8826720215631335,0.6496350364963503,1.0,1.0,1.0,0.8810242236095623,613.0,749.0,137.0,137.0,22.5,839.5,1773.8648745582245,711.6340742450591,148.4636381100996,142.0,246.2530203169282,-5.436330944911731,246.1930062391433,0.6856437609724181,0.7618492841720581,0.9613168835639954,0.0,0.0,0.0,0.0,1.0,0.0
SNPT-109,0,33.0,0.04938560850222775,0.9768280673183893,0.31865828092243187,1.0,0.9958071278825996,1.0,0.8474472853622597,0.0,476.0,477.0,477.0,1026.0,593.5,34.807803651570765,530.6595233567068,99.50106148907267,,1.0,0.0,0.0,0.0,1.0,1.0,0.8161454945802689,742.0,749.0,8.0,8.0,15.5,553.5,71.6266983411605,539.4513398295691,111.73061156123062,266.0,29.907836015673734,-19.307803651570765,22.840476643293186,0.8905443199381764,0.5956779718399048,0.9012017846107483,0.0,0.0,0.0,0.0,1.0,1.0
SNPT-109,1,27.0,0.035772374335584056,0.9874085623484391,0.14942528735632185,1.0,1.0,1.0,0.8744768311922577,231.0,404.0,174.0,174.0,1843.0,747.0,1912.5498283636502,761.3652839473617,130.3597981289866,27.0,0.012180796309990277,0.9980070979306193,0.9166666666666666,1.0,0.9861111111111112,1.0,0.8007662561204698,466.0,537.0,72.0,72.0,1909.5,879.0,1907.7024192560243,777.0597570977461,143.18638071661655,62.0,117.67424473448963,-3.0498283636502492,117.63471605263828,0.9104203729192978,0.9033459424972534,0.935187816619873,1.0,0.0,1.0,1.0,0.0,1.0
SNPT-109,1,,1.0,0.0,0.0,0.0,1.0,1.0,0.824961159402961,0.0,150.0,151.0,151.0,1173.5,473.0,1191.8788201386728,477.5806068767248,86.56830039337903,,1.0,0.0,0.0,0.0,0.9787234042553191,1.0,0.891421950243889,166.0,259.0,94.0,94.0,1083.5,471.5,113.8359143599937,557.8591435993886,100.92793662131616,16.0,108.54926270887366,-108.37882013867284,-6.080606876724801,0.8577238700339748,0.9084774255752563,0.9437331557273865,0.0,0.0,0.0,1.0,0.0,1.0
SNPT-109,0,27.0,0.035772374335584056,0.9874085623484391,0.14942528735632185,1.0,1.0,1.0,0.8744768311922577,231.0,404.0,174.0,174.0,1843.0,747.0,1912.5498283636502,761.3652839473617,130.3597981289866,9.0,0.07200993535109007,0.9149311762589675,0.6989247311827957,1.0,0.967741935483871,1.0,0.8684819347114974,657.0,749.0,93.0,93.0,17.0,683.0,943.4298624464257,583.1948878817282,127.44128428992741,253.0,1897.1690144891188,-1895.5498283636502,-78.36528394736172,1.0229008508139295,0.7244312763214111,0.9875175356864929,0.0,1.0,1.0,1.0,0.0,1.0
SNPT-109,0,7.0,0.059393447324064076,0.9511390133337541,0.15406162464985995,1.0,0.8599439775910365,1.0,0.86511540279335,0.0,472.0,473.0,357.0,990.0,537.5,10.31933025091946,602.3355792120376,105.75432081007814,,1.0,0.0,0.0,0.0,1.0,1.0,0.8161454945802689,742.0,749.0,8.0,8.0,15.5,553.5,71.6266983411605,539.4513398295691,111.73061156123062,270.0,49.10960329736168,5.18066974908054,-48.8355792120376,0.9465116079859873,0.6377213001251221,0.9185299277305603,0.0,0.0,0.0,0.0,1.0,0.0
SNPT-109,0,,1.0,0.0,0.0,0.0,1.0,0.004310344827586207,0.5473446118934401,0.0,231.0,232.0,232.0,504.0,449.0,13.737734625901567,511.0344557241241,92.4979998716083,9.0,0.07200993535109007,0.9149311762589675,0.6989247311827957,1.0,0.967741935483871,1.0,0.8684819347114974,657.0,749.0,93.0,93.0,17.0,683.0,943.4298624464257,583.1948878817282,127.44128428992741,426.0,171.99648482881642,3.2622653740984333,171.9655442758759,0.725808754886497,0.6513515710830688,0.9291009902954102,0.0,0.0,0.0,0.0,1.0,1.0
SNPT-109,0,,1.0,0.0,0.0,0.0,0.9787234042553191,1.0,0.891421950243889,166.0,259.0,94.0,94.0,1083.5,471.5,113.8359143599937,557.8591435993886,100.92793662131616,33.0,0.10607762282256308,0.8826720215631335,0.6496350364963503,1.0,1.0,1.0,0.8810242236095623,613.0,749.0,137.0,137.0,22.5,839.5,1773.8648745582245,711.6340742450591,148.4636381100996,354.0,296.08076811242887,-91.3359143599937,281.64085640061137,0.6798158653937115,0.693061888217926,0.9332575798034668,0.0,0.0,0.0,0.0,1.0,1.0
SNPT-109,0,,1.0,0.0,0.0,0.0,0.8481012658227848,1.0,0.8772593250003042,229.0,386.0,158.0,158.0,1884.5,761.0,1910.135236609439,569.1191394299864,113.14804887525965,10.0,0.04990150983100724,0.9474609848998842,0.1891891891891892,0.0,0.9819819819819819,1.0,0.885051557072648,465.0,736.0,272.0,222.0,1908.0,539.5,1911.0465916205653,560.3246507881718,92.3562809502676,79.0,29.696004040127395,-2.135236609439062,-29.619139429986376,1.2251256515643811,0.9456741213798523,0.9935809373855591,0.0,0.0,0.0,1.0,0.0,0.0
SNPT-110,0,24.0,0.028535853086800164,0.992430137263404,0.5346534653465347,0.0,0.9900990099009901,1.0,0.8189693282146265,0.0,100.0,101.0,101.0,1667.0,599.0,1911.3362963341078,606.2132806940094,86.47567966794595,27.0,0.019803227059493087,0.979988569021225,0.6818181818181818,1.0,0.9696969696969697,1.0,0.8397614088925448,297.0,428.0,132.0,132.0,1903.5,783.5,1900.9205467385063,674.0510372783153,123.52206812140734,197.0,177.45982188235467,-7.836296334107828,177.28671930599057,0.7000828352626897,0.6422889232635498,0.9280455112457275,0.0,1.0,1.0,0.0,1.0,1.0
SNPT-110,0,24.0,0.028535853086800164,0.992430137263404,0.5346534653465347,0.0,0.9900990099009901,1.0,0.8189693282146265,0.0,100.0,101.0,101.0,1667.0,599.0,1911.3362963341078,606.2132806940094,86.47567966794595,21.0,0.2056722960771858,0.8356110085692026,0.39718804920913886,0.0,0.9244288224956063,1.0,0.8506325250769751,181.0,749.0,569.0,569.0,1910.5,585.0,1205.1459381170607,676.3301719449128,129.41045494856508,81.0,21.229759050947216,-0.8362963341078284,-21.213280694009427,0.6682279241064117,0.931102454662323,0.9819419980049133,0.0,1.0,0.0,1.0,0.0,1.0
SNPT-110,1,3.0,0.0610590755307688,0.9589875886837641,0.13399503722084366,1.0,0.9230769230769231,1.0,0.8204294227193071,0.0,402.0,403.0,403.0,1475.0,487.5,1896.8471962689023,667.6833491997069,96.54225343566188,3.0,0.004863105245749466,0.9990774154663086,0.5555555555555556,1.0,1.0,1.0,0.8837597873475816,705.0,749.0,45.0,45.0,1909.5,487.5,1599.3349114301113,463.1900223291026,113.41435778355873,303.0,180.62705437193284,12.65280373109772,-180.18334919970687,0.8512348464724743,0.8524986505508423,0.9834551811218262,1.0,0.0,1.0,1.0,0.0,1.0
SNPT-110,0,34.0,0.09771705422528092,0.8911101832276299,0.16122840690978887,0.0,0.8963531669865643,1.0,0.8394176857027578,0.0,527.0,528.0,521.0,1616.5,481.5,25.37398434090035,546.6797163403933,96.72739673730706,,1.0,0.0,0.0,0.0,0.8108108108108109,1.0,0.8501554083179783,646.0,742.0,97.0,37.0,10.5,566.0,13.028235444160522,489.65645592516364,128.7879995182678,119.0,24.38255054052007,-14.87398434090035,19.32028365960673,0.7510590823610616,0.8625680804252625,0.9708372354507446,0.0,0.0,0.0,1.0,0.0,0.0
SNPT-110,0,27.0,0.019803227059493087,0.979988569021225,0.6818181818181818,1.0,0.9696969696969697,1.0,0.8397614088925448,297.0,428.0,132.0,132.0,1903.5,783.5,1900.9205467385063,674.0510372783153,123.52206812140734,3.0,0.004863105245749466,0.9990774154663086,0.5555555555555556,1.0,1.0,1.0,0.8837597873475816,705.0,749.0,45.0,45.0,1909.5,487.5,1599.3349114301113,463.1900223291026,113.41435778355873,277.0,186.74821693360704,8.579453261493654,-186.55103727831533,1.089121964232591,0.7820134162902832,0.9865750074386597,0.0,1.0,1.0,1.0,0.0,1.0
SNPT-110,1,33.0,0.02590193745682108,0.9851390566144671,0.5982905982905983,1.0,0.9572649572649573,1.0,0.849654072879726,387.0,503.0,117.0,117.0,8.5,588.0,30.122164820704562,574.425088024059,119.37051057515072,10.0,0.40858616136635345,0.8093537439902624,0.21428571428571427,1.0,1.0,1.0,0.8563205535922732,651.0,678.0,28.0,28.0,11.0,662.5,6.348900123510118,625.5981584224944,130.23660534144022,148.0,90.12684010326744,-19.122164820704562,88.07491197594095,0.9165665080274324,0.8831145763397217,0.9764007329940796,0.0,1.0,0.0,1.0,0.0,1.0
SNPT-110,1,27.0,0.019803227059493087,0.979988569021225,0.6818181818181818,1.0,0.9696969696969697,1.0,0.8397614088925448,297.0,428.0,132.0,132.0,1903.5,783.5,1900.9205467385063,674.0510372783153,123.52206812140734,27.0,0.037387477721151884,0.9681631143083049,0.9294117647058824,1.0,1.0,1.0,0.8274598240852356,495.0,749.0,255.0,255.0,1900.5,814.5,1614.4811803833468,674.8918552805302,156.28581827300425,67.0,140.44959234243595,-0.4205467385063457,140.44896272168467,0.7903600562505018,0.9642013311386108,0.9915435910224915,1.0,0.0,1.0,1.0,0.0,1.0
SNPT-110,0,6.0,0.00030258565296639587,0.9933452533512581,0.24550898203592814,0.0,0.5508982035928144,1.0,0.8399357365039056,0.0,500.0,501.0,501.0,1743.0,508.5,38.199049977304526,484.9355110861954,95.29711716955559,,1.0,0.0,0.0,0.0,0.9487179487179487,1.0,0.8626689482957889,639.0,696.0,58.0,39.0,8.5,507.5,14.804423547068831,571.9479679429857,131.85192870120989,139.0,37.298655867144106,-29.699049977304526,22.56448891380461,0.7227586134557706,0.8564462661743164,0.9765472412109375,0.0,0.0,0.0,1.0,0.0,0.0
SNPT-110,0,4.0,0.16212338288236283,0.8509358408359381,0.15789473684210525,0.0,0.7955465587044535,1.0,0.8224467941623951,0.0,507.0,508.0,494.0,1507.5,490.0,27.83671413521565,529.0862797672985,94.07039696429705,10.0,0.40858616136635345,0.8093537439902624,0.21428571428571427,1.0,1.0,1.0,0.8563205535922732,651.0,678.0,28.0,28.0,11.0,662.5,6.348900123510118,625.5981584224944,130.23660534144022,144.0,134.47191412782269,-16.83671413521565,133.4137202327015,0.7223038155645525,0.7125823497772217,0.9351738095283508,0.0,1.0,0.0,0.0,1.0,0.0
SNPT-110,0,3.0,0.0610590755307688,0.9589875886837641,0.13399503722084366,1.0,0.9230769230769231,1.0,0.8204294227193071,0.0,402.0,403.0,403.0,1475.0,487.5,1896.8471962689023,667.6833491997069,96.54225343566188,,1.0,0.0,0.0,1.0,1.0,0.16129032258064516,0.5555379467625772,441.0,471.0,31.0,31.0,7.0,465.0,10.16596139310779,430.5475425413766,94.74725105680444,39.0,1900.6848674328528,-1889.8471962689023,-202.68334919970687,1.0189451657840845,0.7669249773025513,0.9726431965827942,0.0,0.0,0.0,1.0,0.0,1.0
SNPT-110,0,27.0,0.019803227059493087,0.979988569021225,0.6818181818181818,1.0,0.9696969696969697,1.0,0.8397614088925448,297.0,428.0,132.0,132.0,1903.5,783.5,1900.9205467385063,674.0510372783153,123.52206812140734,62.0,0.004503990726590246,0.9774870081049092,0.48623853211009177,1.0,0.9587155963302753,1.0,0.8627416893429712,532.0,749.0,218.0,218.0,1907.5,583.5,1480.319226568234,446.19487583719865,116.33826012536981,104.0,90.78975469401287,6.579453261493654,-90.55103727831533,1.0617493160744886,0.8316017985343933,0.9937256574630737,0.0,1.0,1.0,1.0,0.0,1.0
SNPT-110,0,9.0,0.010854009883459925,0.9870368404821916,0.9090909090909091,0.0,0.9752066115702479,1.0,0.7380976484826773,302.0,430.0,129.0,121.0,1902.5,758.0,1910.7026379633085,660.6724118748017,118.65847792981035,,1.0,0.0,0.0,1.0,1.0,0.16129032258064516,0.5555379467625772,441.0,471.0,31.0,31.0,7.0,465.0,10.16596139310779,430.5475425413766,94.74725105680444,11.0,1913.7323288687376,-1903.7026379633085,-195.6724118748017,1.2523685553543948,0.6608192920684814,0.8675074577331543,0.0,0.0,0.0,0.0,1.0,1.0
SNPT-111,0,14.0,0.3830903845834352,0.8318592041146522,0.29310344827586204,0.0,0.9770114942528736,1.0,0.8751297219731342,145.0,318.0,174.0,174.0,26.5,628.5,1906.2340120382883,557.2320943215695,84.58755521158349,14.0,0.10193013516706059,0.938971435221342,0.4262295081967213,1.0,1.0,1.0,0.9156239716733088,628.0,749.0,122.0,122.0,1910.0,733.5,1560.2881522679643,697.0218210889914,132.5940731047654,310.0,176.30813151295038,3.765987961711744,176.26790567843045,0.6379437121955599,0.7239792943000793,0.9222291707992554,1.0,0.0,0.0,0.0,1.0,1.0
SNPT-111,0,27.0,0.02108124879052246,0.9904568690274443,0.9824561403508771,1.0,1.0,1.0,0.8458496185771206,0.0,113.0,114.0,114.0,1117.0,792.0,1897.0405572844334,686.9425658242349,158.7977850647965,24.0,0.006899294163790475,0.9764791825762043,0.24600638977635783,1.0,1.0,1.0,0.9254879378282224,124.0,749.0,626.0,626.0,97.5,597.5,1528.2551829448967,492.45463255683944,99.2756671024296,11.0,1801.761968155836,-1799.5405572844334,-89.44256582423486,1.5995640190556846,0.7329941391944885,0.9478733539581299,0.0,1.0,1.0,1.0,0.0,1.0
SNPT-111,1,27.0,0.02108124879052246,0.9904568690274443,0.9824561403508771,1.0,1.0,1.0,0.8458496185771206,0.0,113.0,114.0,114.0,1117.0,792.0,1897.0405572844334,686.9425658242349,158.7977850647965,7.0,0.3587891161441803,0.8974310755729675,0.019230769230769232,1.0,1.0,1.0,0.9025108252580349,225.0,276.0,52.0,52.0,1910.5,616.5,1890.764931405034,572.0642913910747,126.37924148310236,112.0,71.71688558572019,13.459442715566638,-70.44256582423486,1.256517947103114,0.8451895713806152,0.9094013571739197,0.0,1.0,0.0,1.0,0.0,1.0
SNPT-111,0,,1.0,0.0,0.0,1.0,1.0,1.0,0.8219210803508759,0.0,13.0,14.0,14.0,699.0,1058.0,649.3112879391458,1072.759318100804,23.369302299769092,14.0,0.10193013516706059,0.938971435221342,0.4262295081967213,1.0,1.0,1.0,0.9156239716733088,628.0,749.0,122.0,122.0,1910.0,733.5,1560.2881522679643,697.0218210889914,132.5940731047654,615.0,1305.5393190692794,1260.6887120608542,-339.25931810080397,0.17624696000781653,0.6153960227966309,0.9047926664352417,0.0,0.0,0.0,1.0,0.0,1.0
SNPT-111,0,27.0,0.02108124879052246,0.9904568690274443,0.9824561403508771,1.0,1.0,1.0,0.8458496185771206,0.0,113.0,114.0,114.0,1117.0,792.0,1897.0405572844334,686.9425658242349,158.7977850647965,4.0,0.009976635278941645,0.9950500801205635,0.11374407582938388,0.0,1.0,1.0,0.9003040763721647,328.0,749.0,422.0,422.0,42.5,677.5,902.7427074384632,521.469358699685,106.85238956527407,215.0,1854.5645959799303,-1854.5405572844334,-9.442565824234862,1.4861416362409938,0.6677514910697937,0.8857133388519287,0.0,1.0,1.0,0.0,1.0,1.0
SNPT-111,0,,1.0,0.0,0.0,1.0,1.0,1.0,0.6276230793446302,233.0,264.0,32.0,32.0,1903.0,391.5,1909.3104618613597,380.9024908943137,92.54100945834531,,1.0,0.0,0.0,0.0,1.0,1.0,0.8424700861391814,681.0,749.0,69.0,69.0,1911.0,585.5,1638.84283616019,571.4243730637886,105.99194713070356,417.0,204.60448497374958,1.6895381386402732,204.5975091056863,0.8730947205284258,0.5776139497756958,0.8722344636917114,0.0,0.0,0.0,0.0,1.0,1.0
SNPT-111,0,24.0,0.04858006639324837,0.9670307040214539,0.8888888888888888,0.0,0.9555555555555556,1.0,0.9136254800690545,0.0,89.0,90.0,90.0,1271.0,661.5,1896.47898616961,573.8311996756046,114.63672921478089,,1.0,0.0,0.0,1.0,1.0,1.0,0.6952394332517596,478.0,749.0,272.0,272.0,5.5,317.5,511.8450769600479,430.4648376738804,82.95882256102651,389.0,1908.2733583169318,-1890.97898616961,-256.3311996756046,1.381850967453779,0.6712291240692139,0.8843398094177246,0.0,0.0,0.0,0.0,1.0,1.0
SNPT-111,1,27.0,0.02108124879052246,0.9904568690274443,0.9824561403508771,1.0,1.0,1.0,0.8458496185771206,0.0,113.0,114.0,114.0,1117.0,792.0,1897.0405572844334,686.9425658242349,158.7977850647965,27.0,0.0011775164603022859,0.9648552611470222,0.5333333333333333,1.0,1.0,1.0,0.8615593791007996,735.0,749.0,15.0,15.0,1907.5,899.5,1879.9791667193854,874.2511383930893,156.11766967031085,622.0,212.81462065681708,10.459442715566638,212.55743417576514,1.017167277734452,0.8037089109420776,0.9504378437995911,1.0,0.0,1.0,1.0,0.0,1.0
SNPT-111,0,27.0,0.02108124879052246,0.9904568690274443,0.9824561403508771,1.0,1.0,1.0,0.8458496185771206,0.0,113.0,114.0,114.0,1117.0,792.0,1897.0405572844334,686.9425658242349,158.7977850647965,16.0,0.13763697350474435,0.9044216275215149,0.06228373702422145,0.0,0.9792387543252595,1.0,0.8986101202073806,461.0,749.0,289.0,289.0,1910.5,626.0,1189.4770667616056,606.5390537676825,112.69400192611326,348.0,62.411160279671286,13.459442715566638,-60.94256582423486,1.4091059182449723,0.6250032186508179,0.8600542545318604,0.0,1.0,1.0,0.0,1.0,1.0
SNPT-111,1,7.0,0.3587891161441803,0.8974310755729675,0.019230769230769232,1.0,1.0,1.0,0.9025108252580349,225.0,276.0,52.0,52.0,1910.5,616.5,1890.764931405034,572.0642913910747,126.37924148310236,27.0,0.0011775164603022859,0.9648552611470222,0.5333333333333333,1.0,1.0,1.0,0.8615593791007996,735.0,749.0,15.0,15.0,1907.5,899.5,1879.9791667193854,874.2511383930893,156.11766967031085,459.0,327.863090013358,16.735068594965924,327.4357086089253,0.809512733247876,0.8410180807113647,0.9632626175880432,0.0,1.0,0.0,1.0,0.0,1.0
SNPT-111,1,16.0,0.010905831943379966,0.9897179341677463,0.5515320334261838,0.0,0.9777158774373259,1.0,0.8906020532079394,0.0,385.0,386.0,359.0,922.5,789.0,1907.2437804748413,597.6823805598242,142.47041179879852,16.0,0.13763697350474435,0.9044216275215149,0.06228373702422145,0.0,0.9792387543252595,1.0,0.8986101202073806,461.0,749.0,289.0,289.0,1910.5,626.0,1189.4770667616056,606.5390537676825,112.69400192611326,76.0,28.504219623674096,3.2562195251587127,28.317619440175804,1.264223555502163,0.9415417909622192,0.9783746004104614,1.0,0.0,1.0,1.0,0.0,1.0
SNPT-111,0,24.0,0.04858006639324837,0.9670307040214539,0.8888888888888888,0.0,0.9555555555555556,1.0,0.9136254800690545,0.0,89.0,90.0,90.0,1271.0,661.5,1896.47898616961,573.8311996756046,114.63672921478089,4.0,0.009976635278941645,0.9950500801205635,0.11374407582938388,0.0,1.0,1.0,0.9003040763721647,328.0,749.0,422.0,422.0,42.5,677.5,902.7427074384632,521.469358699685,106.85238956527407,239.0,1856.8751442461592,-1853.97898616961,103.66880032439542,1.0728513389469079,0.7423841953277588,0.9563913345336914,0.0,1.0,1.0,1.0,0.0,1.0
SNPT-111,0,,1.0,0.0,0.0,1.0,0.9496402877697842,1.0,0.8947033736345579,198.0,394.0,197.0,139.0,1896.5,481.0,1907.4719925463492,626.9380624879524,112.82960245181766,24.0,0.4026646027214156,0.8665747046470642,0.12,0.0,0.98,1.0,0.8822396588325501,650.0,749.0,100.0,100.0,1911.0,906.0,1341.1008049757424,799.0181840375087,142.7276677284063,256.0,279.0842378289591,3.5280074536508437,279.0619375120476,0.7905236892577754,0.6665850281715393,0.9385953545570374,0.0,0.0,0.0,0.0,1.0,1.0
SNPT-111,1,14.0,0.010060696895732961,0.9955087166083486,0.6597222222222222,1.0,1.0,1.0,0.8820268184774451,0.0,143.0,144.0,144.0,1106.5,635.5,1897.187876144696,532.6998442577811,127.2224095415643,14.0,0.10193013516706059,0.938971435221342,0.4262295081967213,1.0,1.0,1.0,0.9156239716733088,628.0,749.0,122.0,122.0,1910.0,733.5,1560.2881522679643,697.0218210889914,132.5940731047654,485.0,201.20848159007363,12.81212385530398,200.80015574221886,0.959487905926558,0.8214259147644043,0.9809538125991821,1.0,0.0,1.0,1.0,0.0,1.0
SNPT-111,1,14.0,0.3830903845834352,0.8318592041146522,0.29310344827586204,0.0,0.9770114942528736,1.0,0.8751297219731342,145.0,318.0,174.0,174.0,26.5,628.5,1906.2340120382883,557.2320943215695,84.58755521158349,,1.0,0.0,0.0,0.0,1.0,1.0,0.8424700861391814,681.0,749.0,69.0,69.0,1911.0,585.5,1638.84283616019,571.4243730637886,105.99194713070356,363.0,28.666864716878646,4.765987961711744,28.267905678430452,0.7980564326011925,0.9108594655990601,0.9440169334411621,0.0,0.0,0.0,1.0,0.0,1.0
SNPT-111,0,,1.0,0.0,0.0,0.0,0.9442379182156134,1.0,0.8741912079566473,62.0,330.0,269.0,269.0,17.0,435.5,1905.75895710729,392.97033601553625,90.97851498928908,27.0,0.0011775164603022859,0.9648552611470222,0.5333333333333333,1.0,1.0,1.0,0.8615593791007996,735.0,749.0,15.0,15.0,1907.5,899.5,1879.9791667193854,874.2511383930893,156.11766967031085,405.0,506.5326561304493,1.7410428927100838,506.52966398446375,0.5827560402446272,0.5355320572853088,0.894368052482605,0.0,0.0,0.0,0.0,1.0,1.0
SNPT-111,0,9.0,0.08529472557431571,0.9505677302678426,0.14150943396226415,0.0,0.9591194968553459,1.0,0.8973075200176839,0.0,389.0,390.0,318.0,624.5,486.0,1913.9905930699301,385.60531898942696,96.75012357837777,,1.0,0.0,0.0,0.0,1.0,1.0,0.8424700861391814,681.0,749.0,69.0,69.0,1911.0,585.5,1638.84283616019,571.4243730637886,105.99194713070356,292.0,199.91705065658772,-2.990593069930128,199.89468101057304,0.9128063612141281,0.7992587685585022,0.9711867570877075,0.0,0.0,0.0,1.0,0.0,1.0
SNPT-111,0,27.0,0.02108124879052246,0.9904568690274443,0.9824561403508771,1.0,1.0,1.0,0.8458496185771206,0.0,113.0,114.0,114.0,1117.0,792.0,1897.0405572844334,686.9425658242349,158.7977850647965,20.0,0.05184821771203015,0.9583731346774376,0.29896907216494845,0.0,1.0,1.0,0.9076318633310574,168.0,749.0,582.0,582.0,29.5,481.5,1281.6618275629057,479.4600227248925,89.645626723604,55.0,1878.80663745759,-1867.5405572844334,-205.44256582423486,1.771394666628891,0.6378791332244873,0.8725823760032654,0.0,1.0,1.0,0.0,1.0,1.0
SNPT-111,0,14.0,0.010060696895732961,0.9955087166083486,0.6597222222222222,1.0,1.0,1.0,0.8820268184774451,0.0,143.0,144.0,144.0,1106.5,635.5,1897.187876144696,532.6998442577811,127.2224095415643,9.0,0.0223850358178543,0.9879721466531145,0.1902834008097166,1.0,0.9635627530364372,1.0,0.911521991496144,243.0,749.0,507.0,494.0,12.0,734.0,1333.1498388778919,480.87504182042346,101.36769670197916,100.0,1895.9048185667948,-1885.187876144696,201.30015574221886,1.255058698981767,0.8097910284996033,0.987063467502594,0.0,1.0,1.0,1.0,0.0,1.0
SNPT-111,0,6.0,0.01571996093825758,0.9717231318354607,0.36056338028169016,1.0,0.9859154929577465,1.0,0.9003937298143414,0.0,354.0,355.0,355.0,269.0,590.5,1892.378794765336,541.4777893993712,122.22614172825278,27.0,0.0011775164603022859,0.9648552611470222,0.5333333333333333,1.0,1.0,1.0,0.8615593791007996,735.0,749.0,15.0,15.0,1907.5,899.5,1879.9791667193854,874.2511383930893,156.11766967031085,381.0,358.3413932705931,15.121205234664103,358.0222106006288,0.7829103648957215,0.7477377653121948,0.9722741842269897,0.0,1.0,1.0,1.0,0.0,1.0
SNPT-111,0,24.0,0.04858006639324837,0.9670307040214539,0.8888888888888888,0.0,0.9555555555555556,1.0,0.9136254800690545,0.0,89.0,90.0,90.0,1271.0,661.5,1896.47898616961,573.8311996756046,114.63672921478089,20.0,0.05184821771203015,0.9583731346774376,0.29896907216494845,0.0,1.0,1.0,0.9076318633310574,168.0,749.0,582.0,582.0,29.5,481.5,1281.6618275629057,479.4600227248925,89.645626723604,79.0,1869.2607055283756,-1866.97898616961,-92.33119967560458,1.2787765940688844,0.7654687166213989,0.9451938271522522,0.0,1.0,1.0,1.0,0.0,1.0
SNPT-111,0,24.0,0.04858006639324837,0.9670307040214539,0.8888888888888888,0.0,0.9555555555555556,1.0,0.9136254800690545,0.0,89.0,90.0,90.0,1271.0,661.5,1896.47898616961,573.8311996756046,114.63672921478089,,1.0,0.0,0.0,0.0,1.0,1.0,0.9005924397343706,307.0,749.0,443.0,443.0,38.5,567.5,1191.2557709804973,476.4864462440924,100.91793235845346,218.0,1857.9897731519363,-1857.97898616961,-6.33119967560458,1.135940130120772,0.6741570830345154,0.9478676319122314,0.0,0.0,0.0,1.0,0.0,1.0
SNPT-111,0,3.0,0.029098818741462595,0.965588891612632,0.3888888888888889,1.0,1.0,1.0,0.90531508376201,0.0,143.0,144.0,144.0,968.5,511.0,1879.6538362165447,458.6386182173203,106.0980943338329,,1.0,0.0,0.0,1.0,1.0,1.0,0.6276230793446302,233.0,264.0,32.0,32.0,1903.0,391.5,1909.3104618613597,380.9024908943137,92.54100945834531,90.0,71.08190641460745,23.346163783455268,-67.1386182173203,1.146498130448749,0.7797837257385254,0.944170355796814,0.0,0.0,0.0,1.0,0.0,1.0
SNPT-111,0,9.0,0.007467389971809878,0.9972920393457219,0.8828828828828829,1.0,1.0,1.0,0.8489016455573004,140.0,259.0,120.0,111.0,82.5,958.5,5.2513773182891175,777.564292899574,181.82046114236016,24.0,0.4026646027214156,0.8665747046470642,0.12,0.0,0.98,1.0,0.8822396588325501,650.0,749.0,100.0,100.0,1911.0,906.0,1341.1008049757424,799.0181840375087,142.7276677284063,391.0,1910.0716069591801,1905.748622681711,128.43570710042604,1.273897794563159,0.6779558658599854,0.8793413639068604,0.0,1.0,0.0,0.0,1.0,1.0
SNPT-112,1,33.0,0.04518144879220127,0.9694263296029002,0.97,1.0,1.0,1.0,0.8063391780853272,0.0,99.0,100.0,100.0,1299.0,810.0,1910.4290731018295,765.2803041879773,144.38964805095762,33.0,0.000953759996870455,0.99990623527103,0.5699208443271768,1.0,1.0,1.0,0.7971169044285776,244.0,622.0,379.0,379.0,1905.5,799.0,5.915458284497506,1049.7665688768182,140.73101276706305,145.0,34.07805228146878,-4.929073101829545,33.71969581202268,1.0259973634237274,0.9375408887863159,0.986443281173706,1.0,0.0,1.0,1.0,0.0,1.0
SNPT-112,0,,1.0,0.0,0.0,1.0,0.95,1.0,0.8767218515276909,66.0,153.0,88.0,80.0,1914.0,475.0,1904.098986993336,428.9869146606155,75.62157918709286,33.0,0.000953759996870455,0.99990623527103,0.5699208443271768,1.0,1.0,1.0,0.7971169044285776,244.0,622.0,379.0,379.0,1905.5,799.0,5.915458284497506,1049.7665688768182,140.73101276706305,91.0,370.0157377191076,1.4010130066640158,370.0130853393845,0.5373483619581503,0.7162603139877319,0.9279190301895142,0.0,0.0,0.0,1.0,0.0,1.0
SNPT-112,1,31.0,0.055928698362451824,0.9050253393749396,0.4873096446700508,0.0,0.9543147208121827,1.0,0.8838793169423408,0.0,196.0,197.0,197.0,761.5,825.5,1910.490060490011,955.4709469794436,167.97567905303038,31.0,0.03267703216452335,0.938975325990014,0.16367265469061876,0.0,0.9620758483033932,1.0,0.9174362796985223,249.0,749.0,501.0,501.0,1881.5,644.5,1473.5833138436774,722.4044791822175,98.20012317889115,53.0,312.319313319728,-28.990060490011047,-310.9709469794436,1.710544484216472,0.8182158470153809,0.9776567220687866,1.0,0.0,1.0,1.0,0.0,1.0
SNPT-112,0,33.0,0.04518144879220127,0.9694263296029002,0.97,1.0,1.0,1.0,0.8063391780853272,0.0,99.0,100.0,100.0,1299.0,810.0,1910.4290731018295,765.2803041879773,144.38964805095762,27.0,0.021231832333377307,0.9915011434995827,0.259825327510917,1.0,1.0,1.0,0.8635188950201309,292.0,749.0,458.0,458.0,1904.5,661.5,1738.9857228362648,784.1446492656264,113.48043414571264,193.0,103.94953316487738,-5.929073101829545,-103.78030418797732,1.2723748295283797,0.6559526920318604,0.9789423942565918,0.0,1.0,1.0,1.0,0.0,1.0
SNPT-112,0,24.0,0.1147610694367719,0.921785463045523,0.6710097719869706,0.0,0.9804560260586319,1.0,0.8399277494474032,314.0,623.0,310.0,307.0,1911.0,919.0,21.731741873933426,1013.6644915128519,139.98357694412152,,1.0,0.0,0.0,1.0,1.0,1.0,0.7777295013268789,744.0,749.0,6.0,6.0,1645.5,580.0,1830.4877891827412,598.2605469514042,100.57482780800808,121.0,1680.6808880024967,1623.7682581260665,-433.6644915128519,1.3918351141633831,0.6075721979141235,0.8781170845031738,0.0,0.0,0.0,0.0,1.0,1.0
SNPT-112,0,4.0,0.06060734545240874,0.9107258127381405,0.5,0.0,0.9761904761904762,1.0,0.8499220998159477,0.0,366.0,367.0,336.0,300.5,647.5,11.355173248275246,842.183540850692,128.459113051291,,1.0,0.0,0.0,1.0,1.0,1.0,0.7777295013268789,744.0,749.0,6.0,6.0,1645.5,580.0,1830.4877891827412,598.2605469514042,100.57482780800808,378.0,1655.043662231432,1634.1448267517248,-262.183540850692,1.2772491472370455,0.5911757946014404,0.8738113045692444,0.0,0.0,0.0,0.0,1.0,1.0
SNPT-112,0,9.0,0.67119300365448,0.8649738430976868,0.004081632653061225,0.0,0.9959183673469387,1.0,0.8949925792460539,254.0,743.0,490.0,490.0,1899.5,379.0,1537.0610112952863,525.4447032836134,73.60292169973171,,1.0,0.0,0.0,1.0,1.0,1.0,0.7777295013268789,744.0,749.0,6.0,6.0,1645.5,580.0,1830.4877891827412,598.2605469514042,100.57482780800808,1.0,121.38902203706066,108.43898870471367,54.55529671638658,0.731822497774848,0.5992723703384399,0.9106406569480896,0.0,0.0,0.0,0.0,1.0,1.0
SNPT-112,0,14.0,0.01315521926771429,0.982036957941433,0.36727272727272725,0.0,0.9854545454545455,1.0,0.9009815942157399,0.0,274.0,275.0,275.0,616.5,461.5,50.792795842162406,361.2960779697715,88.27878797189172,,1.0,0.0,0.0,1.0,1.0,0.004608294930875576,0.5320979675389654,311.0,744.0,434.0,434.0,1907.0,283.0,1912.4059939910146,511.6008772733152,60.52095691278747,37.0,1857.857761130519,1856.2072041578376,-78.29607796977149,1.4586482513669459,0.6319986581802368,0.9260395169258118,0.0,0.0,0.0,0.0,1.0,1.0
SNPT-113,1,33.0,0.0015327607081771367,0.999821639166469,0.6726190476190477,1.0,1.0,1.0,0.7620220901001067,0.0,167.0,168.0,168.0,1311.5,767.5,1911.7898304889404,637.0884744389894,116.35674080921265,,1.0,0.0,0.0,1.0,1.0,1.0,0.6621590165768639,468.0,526.0,59.0,59.0,1911.5,623.5,1912.0052568330314,595.1251579656823,74.24253916597704,301.0,13.591565005229766,-0.2898304889404244,-13.588474438989351,1.5672516338521891,0.8816476464271545,0.9610627889633179,0.0,0.0,0.0,1.0,0.0,1.0
SNPT-113,1,9.0,0.005725387887699374,0.9924372923679841,0.21787709497206703,0.0,0.9551820728291317,0.9972067039106145,0.8291744090325339,0.0,357.0,358.0,358.0,1665.5,445.0,1913.2882647498554,325.7394658903612,69.74945911503926,9.0,0.023217463336646017,0.9688669592142105,0.05970149253731343,0.0,0.9940298507462687,1.0,0.8202756235848612,415.0,749.0,335.0,335.0,1913.5,315.0,1145.3179857923549,364.3889679432533,56.24572101596464,58.0,10.741552933649096,0.21173525014455663,-10.739465890361203,1.24008471853782,0.9183981418609619,0.993428111076355,1.0,0.0,1.0,1.0,0.0,1.0
SNPT-113,0,,1.0,0.0,0.0,1.0,0.9969418960244648,0.993920972644377,0.9112170423780169,0.0,328.0,329.0,329.0,1623.0,409.0,1912.231169511351,358.8887220820972,65.09232239374286,9.0,0.023217463336646017,0.9688669592142105,0.05970149253731343,0.0,0.9940298507462687,1.0,0.8202756235848612,415.0,749.0,335.0,335.0,1913.5,315.0,1145.3179857923549,364.3889679432533,56.24572101596464,87.0,43.907059304951105,1.2688304886489732,-43.88872208209722,1.1572848781735277,0.6035419702529907,0.9401036500930786,0.0,0.0,0.0,0.0,1.0,1.0
SNPT-113,0,8.0,0.0009628211293403021,0.9984006127532647,0.5051546391752577,0.0,0.8591065292096219,1.0,0.8221195209067302,0.0,329.0,330.0,291.0,1412.0,596.5,1910.9804783090403,460.39846635393144,86.42904646327284,,1.0,0.0,0.0,1.0,1.0,1.0,0.9004507993950563,716.0,749.0,34.0,34.0,1909.0,590.0,1706.8176813456969,582.9544833065054,94.0040837362642,387.0,129.61666489207946,-1.9804783090403362,129.60153364606856,0.9194179979005622,0.6530570983886719,0.9169855117797852,0.0,0.0,0.0,0.0,1.0,0.0
SNPT-113,0,,1.0,0.0,0.0,1.0,1.0,1.0,0.6621590165768639,468.0,526.0,59.0,59.0,1911.5,623.5,1912.0052568330314,595.1251579656823,74.24253916597704,,1.0,0.0,0.0,0.0,0.9947916666666666,0.96,0.805651393532753,550.0,749.0,200.0,200.0,1908.0,782.5,1163.4566173284265,1053.8082981225264,125.44228237035342,24.0,187.4176446060617,-4.005256833031353,187.37484203431768,0.5918462081771182,0.675655722618103,0.8937326669692993,0.0,0.0,0.0,0.0,1.0,1.0
SNPT-113,0,8.0,0.0009628211293403021,0.9984006127532647,0.5051546391752577,0.0,0.8591065292096219,1.0,0.8221195209067302,0.0,329.0,330.0,291.0,1412.0,596.5,1910.9804783090403,460.39846635393144,86.42904646327284,,1.0,0.0,0.0,1.0,1.0,1.0,0.9367090111429041,459.0,524.0,66.0,66.0,1912.5,389.0,1889.3646281791066,402.74705658712617,65.41620890556601,130.0,71.41463396155424,1.5195216909596638,-71.39846635393144,1.3212175989599257,0.7338520288467407,0.9225292801856995,0.0,0.0,0.0,0.0,1.0,0.0
SNPT-113,0,33.0,0.0015327607081771367,0.999821639166469,0.6726190476190477,1.0,1.0,1.0,0.7620220901001067,0.0,167.0,168.0,168.0,1311.5,767.5,1911.7898304889404,637.0884744389894,116.35674080921265,,1.0,0.0,0.0,0.0,0.9947916666666666,0.96,0.805651393532753,550.0,749.0,200.0,200.0,1908.0,782.5,1163.4566173284265,1053.8082981225264,125.44228237035342,383.0,145.46090396087658,-3.7898304889404244,145.41152556101065,0.9275719367548113,0.7514299154281616,0.9163715243339539,0.0,0.0,0.0,0.0,1.0,1.0
SNPT-113,0,9.0,0.005725387887699374,0.9924372923679841,0.21787709497206703,0.0,0.9551820728291317,0.9972067039106145,0.8291744090325339,0.0,357.0,358.0,358.0,1665.5,445.0,1913.2882647498554,325.7394658903612,69.74945911503926,,1.0,0.0,0.0,1.0,1.0,1.0,0.9367090111429041,459.0,524.0,66.0,66.0,1912.5,389.0,1889.3646281791066,402.74705658712617,65.41620890556601,102.0,63.265445048246036,-0.7882647498554434,63.2605341096388,1.0662412310644396,0.7000488638877869,0.9319058656692505,0.0,0.0,0.0,0.0,1.0,1.0
SNPT-113,1,,1.0,0.0,0.0,1.0,0.9473684210526315,0.23076923076923078,0.5956801711789027,111.0,357.0,247.0,247.0,6.0,402.0,5.362785890189864,334.9710182744509,68.36232673835437,1.0,0.05166669934988022,0.9926978945732117,0.0047169811320754715,1.0,0.9693877551020408,0.46226415094339623,0.6077585349667747,419.0,673.0,255.0,212.0,8.0,345.0,7.2649627715957905,312.7938479299968,68.44676190966275,62.0,10.36992636002684,2.6372141098101363,10.028981725549102,0.9987664110185399,0.9793620705604553,0.9948238134384155,0.0,0.0,0.0,1.0,0.0,1.0
SNPT-113,0,9.0,0.005725387887699374,0.9924372923679841,0.21787709497206703,0.0,0.9551820728291317,0.9972067039106145,0.8291744090325339,0.0,357.0,358.0,358.0,1665.5,445.0,1913.2882647498554,325.7394658903612,69.74945911503926,,1.0,0.0,0.0,1.0,1.0,1.0,0.8880814922812544,426.0,749.0,324.0,324.0,1912.0,330.5,1174.729770883438,363.6100815568223,56.42289092358852,69.0,4.931765512953203,-1.2882647498554434,4.760534109638797,1.2361908079027435,0.6227649450302124,0.9290226697921753,0.0,0.0,0.0,0.0,1.0,1.0
SNPT-113,0,14.0,0.00018128689946479427,0.9999853253364563,0.09259259259259259,1.0,0.9969135802469136,1.0,0.9036079772092678,0.0,323.0,324.0,324.0,1507.5,588.5,1908.7783570033503,451.4606837732741,90.26066307250481,,1.0,0.0,0.0,0.0,1.0,1.0,0.8221588361830938,708.0,749.0,42.0,42.0,1903.5,444.5,1527.6194661731902,460.6953207075038,75.3595911689086,385.0,8.735683788138083,-5.278357003350266,-6.960683773274127,1.1977329185637091,0.5789313316345215,0.9095084071159363,0.0,0.0,0.0,0.0,1.0,1.0
SNPT-113,0,,1.0,0.0,0.0,1.0,0.9969418960244648,0.993920972644377,0.9112170423780169,0.0,328.0,329.0,329.0,1623.0,409.0,1912.231169511351,358.8887220820972,65.09232239374286,31.0,0.07623860304499011,0.9564705808957418,0.5263157894736842,0.0,1.0,0.5789473684210527,0.7274271699420193,693.0,749.0,57.0,57.0,1891.5,795.5,1340.4615267849504,802.8358043152773,138.98068896696248,365.0,437.1031793460355,-20.731169511351027,436.6112779179028,0.4683551569471364,0.5903744697570801,0.9100042581558228,0.0,0.0,0.0,0.0,1.0,1.0
SNPT-113,0,9.0,0.005725387887699374,0.9924372923679841,0.21787709497206703,0.0,0.9551820728291317,0.9972067039106145,0.8291744090325339,0.0,357.0,358.0,358.0,1665.5,445.0,1913.2882647498554,325.7394658903612,69.74945911503926,,1.0,0.0,0.0,,0.0,0.0,0.5912716260978154,722.0,749.0,28.0,28.0,1900.0,350.5,1701.12350379302,349.8420644490793,50.93638587532897,365.0,28.100925775796732,-13.288264749855443,24.760534109638797,1.369344485605179,0.42647749185562134,0.9175287485122681,0.0,0.0,0.0,0.0,0.0,0.0
SNPT-113,0,14.0,0.00018128689946479427,0.9999853253364563,0.09259259259259259,1.0,0.9969135802469136,1.0,0.9036079772092678,0.0,323.0,324.0,324.0,1507.5,588.5,1908.7783570033503,451.4606837732741,90.26066307250481,,1.0,0.0,0.0,0.0,0.9947916666666666,0.96,0.805651393532753,550.0,749.0,200.0,200.0,1908.0,782.5,1163.4566173284265,1053.8082981225264,125.44228237035342,227.0,331.04023128236673,-0.7783570033502656,331.0393162267259,0.7195393878917232,0.6859229207038879,0.9227988123893738,0.0,0.0,0.0,0.0,1.0,1.0
SNPT-113,1,,1.0,0.0,0.0,0.0,0.8974358974358975,1.0,0.8175187462415451,478.0,516.0,39.0,39.0,1912.0,421.0,1905.5721319022273,420.0460389295158,72.67675367466339,,1.0,0.0,0.0,0.0,1.0,1.0,0.8221588361830938,708.0,749.0,42.0,42.0,1903.5,444.5,1527.6194661731902,460.6953207075038,75.3595911689086,192.0,24.541596171744494,-2.0721319022272837,24.453961070484183,0.9643995216450687,0.9240206480026245,0.9849354028701782,0.0,0.0,0.0,1.0,0.0,0.0
SNPT-113,0,,1.0,0.0,0.0,1.0,1.0,0.9896551724137931,0.8354136361130353,0.0,579.0,580.0,580.0,190.0,468.5,36.64103067475113,1013.6350134240533,111.4331846882717,,1.0,0.0,0.0,1.0,1.0,1.0,0.9004507993950563,716.0,749.0,34.0,34.0,1909.0,590.0,1706.8176813456969,582.9544833065054,94.0040837362642,137.0,1919.6861031459039,1872.3589693252488,-423.63501342405334,1.1854079127126667,0.6672857999801636,0.9789190292358398,0.0,0.0,0.0,1.0,0.0,1.0
SNPT-114,0,33.0,0.07454381647876289,0.9821719646453857,0.2631578947368421,1.0,0.7894736842105263,1.0,0.8549701100901553,0.0,31.0,32.0,19.0,1683.0,719.0,1907.0706955760297,578.9904153725431,135.4230540123522,8.0,0.03252461423511271,0.9835932310034589,0.35223367697594504,1.0,1.0,1.0,0.9151929845310158,168.0,749.0,582.0,582.0,1899.5,708.5,784.0896453513265,678.194546428299,123.2307638548108,137.0,129.73067463742464,-7.5706955760297205,129.5095846274569,1.0989386884910186,0.9258589148521423,0.9056077599525452,0.0,1.0,1.0,1.0,0.0,0.0
SNPT-114,0,,1.0,0.0,0.0,0.0,1.0,1.0,0.891357057624393,0.0,17.0,18.0,18.0,1705.5,561.0,1911.5272346842878,571.1628011156258,106.14072146948364,20.0,0.09439393070206278,0.9113703839706652,0.05670103092783505,1.0,0.9948453608247423,1.0,0.9054290316358874,168.0,749.0,582.0,582.0,1908.0,549.0,1406.4345286479615,513.1048811392113,92.55690119452215,151.0,22.441727603035115,-3.527234684287805,-22.162801115625825,1.1467618308267804,0.6046820878982544,0.8613669276237488,0.0,0.0,0.0,0.0,1.0,1.0
SNPT-114,0,,1.0,0.0,0.0,1.0,0.972972972972973,1.0,0.8644000066293253,0.0,36.0,37.0,37.0,1210.5,480.5,1910.655005803282,469.861129704823,94.53537606349639,33.0,0.12642832447865937,0.9354089171114103,0.3183856502242152,1.0,1.0,0.8609865470852018,0.8357209630076661,527.0,749.0,223.0,223.0,1897.5,829.0,1201.609503180522,1043.1176330276685,174.323429036868,491.0,359.3797188693045,-13.155005803281938,359.138870295177,0.5422987408279063,0.6481695175170898,0.9270504117012024,0.0,0.0,0.0,1.0,0.0,1.0
SNPT-114,0,,1.0,0.0,0.0,1.0,0.9935064935064936,1.0,0.8993400114697295,16.0,169.0,154.0,154.0,10.0,654.5,10.481555376341952,561.4167284457412,109.87483748335666,33.0,0.12642832447865937,0.9354089171114103,0.3183856502242152,1.0,1.0,0.8609865470852018,0.8357209630076661,527.0,749.0,223.0,223.0,1897.5,829.0,1201.609503180522,1043.1176330276685,174.323429036868,358.0,1905.8959618944498,1887.018444623658,267.5832715542588,0.630293002440418,0.9156410098075867,0.9723787903785706,0.0,0.0,0.0,1.0,0.0,1.0
SNPT-114,0,10.0,0.0005861298754005146,0.9999405033006443,0.7650602409638554,1.0,0.9879518072289156,1.0,0.866983020521072,0.0,165.0,166.0,166.0,49.5,812.5,11.565825313279085,617.6117854480957,127.86020928901036,36.0,0.0009169297025157273,0.9907140224727232,0.8170731707317073,0.0,0.9390243902439024,1.0,0.8900171409292919,202.0,293.0,92.0,82.0,1909.5,763.5,1907.156416498698,664.9023481291946,121.28173770867278,37.0,1903.53290031691,1897.934174686721,145.8882145519043,1.0542412378369737,0.7509447336196899,0.9139086604118347,0.0,1.0,1.0,0.0,1.0,1.0
SNPT-114,0,,1.0,0.0,0.0,1.0,1.0,1.0,0.8578002088599734,0.0,17.0,18.0,18.0,1586.0,472.0,1891.7129089961868,468.57223927570874,85.96083984840794,33.0,0.12642832447865937,0.9354089171114103,0.3183856502242152,1.0,1.0,0.8609865470852018,0.8357209630076661,527.0,749.0,223.0,223.0,1897.5,829.0,1201.609503180522,1043.1176330276685,174.323429036868,510.0,360.47421700173425,5.787091003813202,360.42776072429126,0.4931112262037246,0.6278447508811951,0.9217604398727417,0.0,0.0,0.0,1.0,0.0,1.0
SNPT-114,0,,1.0,0.0,0.0,1.0,1.0,1.0,0.8578002088599734,0.0,17.0,18.0,18.0,1586.0,472.0,1891.7129089961868,468.57223927570874,85.96083984840794,9.0,0.00015035000382482253,0.9999849284306551,0.9176470588235294,1.0,0.9882352941176471,1.0,0.8536146745962255,207.0,291.0,85.0,85.0,1912.5,677.5,1898.1810248837364,649.6433646835737,125.16871784575622,190.0,209.95931118592364,20.787091003813202,208.92776072429126,0.6867597697560214,0.6907922029495239,0.8808887004852295,0.0,0.0,0.0,1.0,0.0,1.0
SNPT-114,0,,1.0,0.0,0.0,1.0,1.0,1.0,0.8578002088599734,0.0,17.0,18.0,18.0,1586.0,472.0,1891.7129089961868,468.57223927570874,85.96083984840794,10.0,0.03720051430848583,0.961036367341876,0.17817371937639198,1.0,1.0,1.0,0.9132494441915993,301.0,749.0,449.0,449.0,13.0,806.5,537.5432044259262,610.5447308170008,120.98144757722957,284.0,1908.8628462770835,-1878.7129089961868,337.92776072429126,0.710529106485803,0.6536413431167603,0.9093636870384216,0.0,0.0,0.0,1.0,0.0,1.0
SNPT-114,0,33.0,0.0028211538717316997,0.9996114434867069,0.7631578947368421,1.0,0.75,0.3157894736842105,0.6387491147769125,239.0,276.0,38.0,38.0,1904.0,925.5,1904.7240961432135,988.1221730951436,174.0102180098301,10.0,0.03720051430848583,0.961036367341876,0.17817371937639198,1.0,1.0,1.0,0.9132494441915993,301.0,749.0,449.0,449.0,13.0,806.5,537.5432044259262,610.5447308170008,120.98144757722957,25.0,1900.4227607794694,-1891.7240961432135,-181.62217309514358,1.43832150709512,0.857292115688324,0.8791106939315796,0.0,1.0,1.0,1.0,0.0,0.0
SNPT-114,1,10.0,0.0005861298754005146,0.9999405033006443,0.7650602409638554,1.0,0.9879518072289156,1.0,0.866983020521072,0.0,165.0,166.0,166.0,49.5,812.5,11.565825313279085,617.6117854480957,127.86020928901036,10.0,0.03720051430848583,0.961036367341876,0.17817371937639198,1.0,1.0,1.0,0.9132494441915993,301.0,749.0,449.0,449.0,13.0,806.5,537.5432044259262,610.5447308170008,120.98144757722957,136.0,188.8936591144294,1.4341746867209153,188.8882145519043,1.05685798814227,0.9596066474914551,0.9768527746200562,1.0,0.0,1.0,1.0,0.0,1.0
SNPT-114,1,,1.0,0.0,0.0,0.0,1.0,1.0,0.891357057624393,0.0,17.0,18.0,18.0,1705.5,561.0,1911.5272346842878,571.1628011156258,106.14072146948364,3.0,0.000440565484002166,0.9999584496021271,0.35175879396984927,0.0,0.8743718592964824,1.0,0.9100149103145504,186.0,384.0,199.0,199.0,1909.5,551.0,1905.03865251365,458.42360694852925,106.35618343563509,169.0,20.264457290869192,-2.027234684287805,-20.162801115625825,0.9979741472550879,0.9392256736755371,0.8899946808815002,0.0,0.0,0.0,1.0,0.0,0.0
SNPT-114,0,,1.0,0.0,0.0,1.0,0.9935064935064936,1.0,0.8993400114697295,16.0,169.0,154.0,154.0,10.0,654.5,10.481555376341952,561.4167284457412,109.87483748335666,24.0,0.04621996592065077,0.9794340821504592,0.4355400696864111,0.0,1.0,1.0,0.9160305616747627,176.0,749.0,574.0,574.0,1891.5,645.5,939.4031312674047,801.6716380595866,123.79327313391501,7.0,1882.8968069359705,1881.018444623658,84.08327155425877,0.8875671084687946,0.697028636932373,0.9020166397094727,0.0,0.0,0.0,0.0,1.0,1.0
SNPT-114,1,,1.0,0.0,0.0,0.0,1.0,1.0,0.9007305381249409,0.0,48.0,49.0,49.0,1139.0,496.0,1912.2622489263333,495.6169812487776,95.9169496007259,14.0,0.08744780157148853,0.9754802882671356,0.07194244604316546,0.0,1.0,1.0,0.9116737038540326,164.0,441.0,278.0,278.0,1904.0,528.0,1902.3751886234663,451.8087124243157,100.01934570032002,116.0,33.42042280945464,-8.262248926333314,32.38301875122238,0.9589839738415626,0.8891546726226807,0.962094783782959,0.0,0.0,0.0,1.0,0.0,1.0
SNPT-114,0,,1.0,0.0,0.0,0.0,1.0,1.0,0.891357057624393,0.0,17.0,18.0,18.0,1705.5,561.0,1911.5272346842878,571.1628011156258,106.14072146948364,9.0,0.00015035000382482253,0.9999849284306551,0.9176470588235294,1.0,0.9882352941176471,1.0,0.8536146745962255,207.0,291.0,85.0,85.0,1912.5,677.5,1898.1810248837364,649.6433646835737,125.16871784575622,190.0,106.34164818609123,0.9727653157121949,106.33719888437417,0.8479812152448463,0.5986584424972534,0.7801808714866638,0.0,0.0,0.0,0.0,1.0,1.0
SNPT-114,0,,1.0,0.0,0.0,0.0,1.0,1.0,0.9007305381249409,0.0,48.0,49.0,49.0,1139.0,496.0,1912.2622489263333,495.6169812487776,95.9169496007259,24.0,0.04621996592065077,0.9794340821504592,0.4355400696864111,0.0,1.0,1.0,0.9160305616747627,176.0,749.0,574.0,574.0,1891.5,645.5,939.4031312674047,801.6716380595866,123.79327313391501,128.0,151.31421047098752,-20.762248926333314,149.88301875122238,0.7748155224635387,0.7396783828735352,0.9471603631973267,0.0,0.0,0.0,1.0,0.0,1.0
SNPT-114,0,8.0,0.5382894277572632,0.7704548041025797,0.1,1.0,1.0,1.0,0.8494914333025615,0.0,29.0,30.0,30.0,1475.5,600.0,1893.4837955445369,583.8364212506192,109.83032493055697,9.0,0.00015035000382482253,0.9999849284306551,0.9176470588235294,1.0,0.9882352941176471,1.0,0.8536146745962255,207.0,291.0,85.0,85.0,1912.5,677.5,1898.1810248837364,649.6433646835737,125.16871784575622,178.0,95.57448412643113,19.01620445546314,93.6635787493808,0.8774582565102205,0.7834709882736206,0.8603466749191284,0.0,1.0,0.0,1.0,0.0,1.0
SNPT-114,1,,1.0,0.0,0.0,1.0,0.9629629629629629,1.0,0.8358789042190269,0.0,26.0,27.0,27.0,1527.5,497.0,1906.4688600775648,487.2861672103685,93.88651960960384,,1.0,0.0,0.0,1.0,0.9962546816479401,1.0,0.9175196732028147,176.0,442.0,267.0,267.0,1900.0,469.5,1904.5853900088691,380.2012542669661,88.67143676218777,150.0,18.926011062511282,-6.468860077564841,-17.78616721036849,1.0588135597870445,0.8928861021995544,0.926378607749939,0.0,0.0,0.0,1.0,0.0,1.0
SNPT-114,1,,1.0,0.0,0.0,1.0,1.0,1.0,0.8578002088599734,0.0,17.0,18.0,18.0,1586.0,472.0,1891.7129089961868,468.57223927570874,85.96083984840794,,1.0,0.0,0.0,1.0,0.9969135802469136,1.0,0.9145169559820199,173.0,496.0,324.0,324.0,1902.0,414.0,1911.7429616968293,313.10927188241254,77.32736035589454,156.0,55.533355210053195,10.287091003813202,-54.57223927570874,1.111648444389907,0.8842134475708008,0.952167272567749,0.0,0.0,0.0,1.0,0.0,1.0
SNPT-114,0,34.0,0.0120892461919478,0.9855768404901027,0.7547169811320755,0.0,1.0,1.0,0.9072342683684151,194.0,299.0,106.0,106.0,1909.5,632.0,1911.6950072043603,576.0004473069708,115.80602068845926,33.0,0.12642832447865937,0.9354089171114103,0.3183856502242152,1.0,1.0,0.8609865470852018,0.8357209630076661,527.0,749.0,223.0,223.0,1897.5,829.0,1201.609503180522,1043.1176330276685,174.323429036868,228.0,253.39745833848588,-14.195007204360309,252.99955269302916,0.6643170188211891,0.6702088713645935,0.9040251970291138,0.0,1.0,1.0,0.0,1.0,1.0
SNPT-114,1,,1.0,0.0,0.0,0.0,1.0,1.0,0.9201604263349012,0.0,21.0,22.0,22.0,1615.0,660.0,1882.2894172602269,656.9796931195858,118.64731362996581,24.0,0.04621996592065077,0.9794340821504592,0.4355400696864111,0.0,1.0,1.0,0.9160305616747627,176.0,749.0,574.0,574.0,1891.5,645.5,939.4031312674047,801.6716380595866,123.79327313391501,155.0,14.717954631200389,9.210582739773145,-11.479693119585818,0.9584310247748075,0.9139462113380432,0.9570968151092529,0.0,0.0,0.0,1.0,0.0,1.0
SNPT-114,0,33.0,0.07454381647876289,0.9821719646453857,0.2631578947368421,1.0,0.7894736842105263,1.0,0.8549701100901553,0.0,31.0,32.0,19.0,1683.0,719.0,1907.0706955760297,578.9904153725431,135.4230540123522,34.0,0.0120892461919478,0.9855768404901027,0.7547169811320755,0.0,1.0,1.0,0.9072342683684151,194.0,299.0,106.0,106.0,1909.5,632.0,1911.6950072043603,576.0004473069708,115.80602068845926,163.0,53.06522008208234,2.4293044239702795,53.00958462745689,1.169395625609713,0.729790449142456,0.884480893611908,0.0,1.0,1.0,0.0,1.0,0.0
SNPT-114,0,,1.0,0.0,0.0,0.0,1.0,1.0,0.9201604263349012,0.0,21.0,22.0,22.0,1615.0,660.0,1882.2894172602269,656.9796931195858,118.64731362996581,33.0,0.0028211538717316997,0.9996114434867069,0.7631578947368421,1.0,0.75,0.3157894736842105,0.6387491147769125,239.0,276.0,38.0,38.0,1904.0,925.5,1904.7240961432135,988.1221730951436,174.0102180098301,218.0,269.3965564183261,21.710582739773145,268.5203068804142,0.6818410722482011,0.5827763080596924,0.794560968875885,0.0,0.0,0.0,0.0,1.0,0.0
SNPT-114,0,33.0,0.07454381647876289,0.9821719646453857,0.2631578947368421,1.0,0.7894736842105263,1.0,0.8549701100901553,0.0,31.0,32.0,19.0,1683.0,719.0,1907.0706955760297,578.9904153725431,135.4230540123522,10.0,0.03720051430848583,0.961036367341876,0.17817371937639198,1.0,1.0,1.0,0.9132494441915993,301.0,749.0,449.0,449.0,13.0,806.5,537.5432044259262,610.5447308170008,120.98144757722957,270.0,1907.6856163784491,-1894.0706955760297,227.5095846274569,1.1193704218649203,0.8993430137634277,0.9122985601425171,0.0,1.0,1.0,1.0,0.0,0.0
SNPT-114,0,,1.0,0.0,0.0,1.0,0.9629629629629629,1.0,0.8358789042190269,0.0,26.0,27.0,27.0,1527.5,497.0,1906.4688600775648,487.2861672103685,93.88651960960384,14.0,0.08676667006897046,0.9400792810651991,0.2073732718894009,1.0,0.9723502304147466,1.0,0.9041098988001248,171.0,387.0,217.0,217.0,1903.5,480.5,1910.7314663421757,474.5124226961052,109.62430461981918,145.0,7.4071719007485415,-2.968860077564841,-6.78616721036849,0.8564389068209416,0.7801285982131958,0.9198706150054932,0.0,0.0,0.0,1.0,0.0,1.0
SNPT-114,0,,1.0,0.0,0.0,0.0,1.0,1.0,0.9007305381249409,0.0,48.0,49.0,49.0,1139.0,496.0,1912.2622489263333,495.6169812487776,95.9169496007259,8.0,0.020543919876217842,0.997445821762085,0.0043859649122807015,0.0,0.8201754385964912,1.0,0.9017810638536486,172.0,444.0,273.0,228.0,1893.5,468.5,1909.2944050121655,444.76300063116423,91.81439313430124,124.0,32.97503080848072,-18.762248926333314,-27.11698124877762,1.0446831518063149,0.7742375731468201,0.9721693992614746,0.0,0.0,0.0,1.0,0.0,0.0
SNPT-114,0,,1.0,0.0,0.0,1.0,0.9969135802469136,1.0,0.9145169559820199,173.0,496.0,324.0,324.0,1902.0,414.0,1911.7429616968293,313.10927188241254,77.32736035589454,27.0,0.016840908265007497,0.9952987513026675,0.9173553719008265,0.0,1.0,1.0,0.8520347495709569,629.0,749.0,121.0,121.0,1898.5,999.5,1818.6565812929837,1015.106596097462,147.88179836744217,133.0,686.5184685646087,-13.242961696829298,686.3907281175875,0.522899783540359,0.5918298959732056,0.8284578323364258,0.0,0.0,0.0,0.0,1.0,1.0
SNPT-114,1,33.0,0.0028211538717316997,0.9996114434867069,0.7631578947368421,1.0,0.75,0.3157894736842105,0.6387491147769125,239.0,276.0,38.0,38.0,1904.0,925.5,1904.7240961432135,988.1221730951436,174.0102180098301,33.0,0.12642832447865937,0.9354089171114103,0.3183856502242152,1.0,1.0,0.8609865470852018,0.8357209630076661,527.0,749.0,223.0,223.0,1897.5,829.0,1201.609503180522,1043.1176330276685,174.323429036868,251.0,159.28607451879535,-7.224096143213501,-159.12217309514358,0.9982032763537961,0.910488486289978,0.9345195293426514,1.0,0.0,1.0,1.0,0.0,0.0
SNPT-114,0,,1.0,0.0,0.0,0.0,1.0,1.0,0.891357057624393,0.0,17.0,18.0,18.0,1705.5,561.0,1911.5272346842878,571.1628011156258,106.14072146948364,,1.0,0.0,0.0,0.0,1.0,1.0,0.6816214052548849,501.0,749.0,249.0,249.0,14.0,339.0,767.9991332368683,536.5088595020303,83.11131652895844,484.0,1911.6770576094839,-1897.5272346842878,-232.16280111562583,1.2770910858150235,0.6230093240737915,0.8962501287460327,0.0,0.0,0.0,1.0,0.0,1.0
SNPT-114,0,,1.0,0.0,0.0,1.0,0.9629629629629629,1.0,0.8358789042190269,0.0,26.0,27.0,27.0,1527.5,497.0,1906.4688600775648,487.2861672103685,93.88651960960384,27.0,0.016840908265007497,0.9952987513026675,0.9173553719008265,0.0,1.0,1.0,0.8520347495709569,629.0,749.0,121.0,121.0,1898.5,999.5,1818.6565812929837,1015.106596097462,147.88179836744217,603.0,512.275817535808,-7.968860077564841,512.2138327896315,0.6348754251440994,0.5845906734466553,0.793067991733551,0.0,0.0,0.0,0.0,1.0,1.0
SNPT-114,0,,1.0,0.0,0.0,0.0,1.0,1.0,0.9201604263349012,0.0,21.0,22.0,22.0,1615.0,660.0,1882.2894172602269,656.9796931195858,118.64731362996581,3.0,0.000440565484002166,0.9999584496021271,0.35175879396984927,0.0,0.8743718592964824,1.0,0.9100149103145504,186.0,384.0,199.0,199.0,1909.5,551.0,1905.03865251365,458.42360694852925,106.35618343563509,165.0,109.41714292906585,27.210582739773145,-105.97969311958582,1.1155657320269403,0.7298598289489746,0.9527837038040161,0.0,0.0,0.0,1.0,0.0,0.0
SNPT-114,0,10.0,0.0005861298754005146,0.9999405033006443,0.7650602409638554,1.0,0.9879518072289156,1.0,0.866983020521072,0.0,165.0,166.0,166.0,49.5,812.5,11.565825313279085,617.6117854480957,127.86020928901036,27.0,0.016840908265007497,0.9952987513026675,0.9173553719008265,0.0,1.0,1.0,0.8520347495709569,629.0,749.0,121.0,121.0,1898.5,999.5,1818.6565812929837,1015.106596097462,147.88179836744217,464.0,1925.1906887408059,1886.934174686721,381.8882145519043,0.8646108628684367,0.6327232122421265,0.8667077422142029,0.0,1.0,1.0,0.0,1.0,1.0
SNPT-114,1,,1.0,0.0,0.0,1.0,0.9935064935064936,1.0,0.8993400114697295,16.0,169.0,154.0,154.0,10.0,654.5,10.481555376341952,561.4167284457412,109.87483748335666,11.0,0.9523882225621492,0.658294585843881,0.026373626373626374,1.0,1.0,1.0,0.9065424409541455,295.0,749.0,455.0,455.0,15.0,601.5,801.0728731122007,524.6890056147485,96.89449513916566,126.0,40.33714169731805,4.518444623658048,40.08327155425877,1.1339636717808155,0.9752407073974609,0.9861840605735779,0.0,0.0,0.0,1.0,0.0,1.0
SNPT-115,1,31.0,0.005333874242351557,0.9973077265464741,0.9019607843137255,1.0,0.9607843137254902,1.0,0.7904236290384742,0.0,204.0,205.0,204.0,1487.5,932.5,5.088295888503421,1006.2108008825628,160.3838020767146,31.0,0.005033899989136297,0.9911053894750224,0.5467889908256881,1.0,0.998165137614679,1.0,0.848501972430343,205.0,749.0,545.0,545.0,8.5,1027.5,160.65678416432337,677.7635560626858,146.71178297467995,1.0,21.56083773897228,3.4117041114965794,21.289199117437192,1.0931896458813688,0.9784610867500305,0.9650198221206665,1.0,0.0,1.0,1.0,0.0,1.0
SNPT-115,1,20.0,0.021236763935926772,0.956838778530558,0.39779005524861877,1.0,0.9972375690607734,1.0,0.8498085047329328,47.0,408.0,362.0,362.0,1912.0,614.0,27.02535656022371,631.7027783590837,117.59230566338147,20.0,0.11395756146812346,0.8913300846304212,0.058333333333333334,1.0,0.9958333333333333,1.0,0.8620851402481396,510.0,749.0,240.0,240.0,7.0,591.5,232.0373872204134,516.9997938821375,80.8234282891993,102.0,44.914121311161196,-20.02535656022371,-40.20277835908371,1.4549284551827866,0.893493115901947,0.9784185886383057,1.0,0.0,1.0,1.0,0.0,1.0
SNPT-115,0,27.0,0.06403958733122728,0.9802776942650477,0.821917808219178,0.0,1.0,1.0,0.8094999251300341,155.0,227.0,73.0,73.0,1906.0,686.0,1911.7540811047431,811.3455618661446,155.0690235013187,15.0,1.1592526137828827,0.6545859575271606,0.0026455026455026454,0.0,0.5157894736842106,0.25132275132275134,0.6180295458546391,372.0,749.0,378.0,378.0,1902.0,583.0,1179.982124118595,414.63231510776393,68.24499244902775,145.0,228.55379612284543,-9.754081104743136,-228.34556186614464,2.272240320301008,0.709405779838562,0.916796088218689,0.0,1.0,0.0,1.0,0.0,0.0
SNPT-115,0,27.0,0.06403958733122728,0.9802776942650477,0.821917808219178,0.0,1.0,1.0,0.8094999251300341,155.0,227.0,73.0,73.0,1906.0,686.0,1911.7540811047431,811.3455618661446,155.0690235013187,14.0,0.01758220432027038,0.9844673483395109,0.25888324873096447,1.0,1.0,1.0,0.8762595700430991,356.0,749.0,394.0,394.0,1907.0,695.5,1026.8084625387896,483.7466447768521,97.81956696956179,129.0,115.94307004402297,-4.754081104743136,-115.84556186614464,1.5852556733314005,0.6807003021240234,0.8818833827972412,0.0,1.0,1.0,0.0,1.0,1.0
SNPT-115,0,27.0,0.06403958733122728,0.9802776942650477,0.821917808219178,0.0,1.0,1.0,0.8094999251300341,155.0,227.0,73.0,73.0,1906.0,686.0,1911.7540811047431,811.3455618661446,155.0690235013187,20.0,0.11395756146812346,0.8913300846304212,0.058333333333333334,1.0,0.9958333333333333,1.0,0.8620851402481396,510.0,749.0,240.0,240.0,7.0,591.5,232.0373872204134,516.9997938821375,80.8234282891993,283.0,1917.3993273591745,-1904.7540811047431,-219.84556186614464,1.918614772766835,0.6386868953704834,0.8614602088928223,0.0,1.0,1.0,0.0,1.0,1.0
SNPT-115,0,,1.0,0.0,0.0,1.0,1.0,1.0,0.8356852751594406,0.0,110.0,111.0,111.0,274.5,549.5,9.563510043993912,497.2497377190487,104.42061636558512,,1.0,0.0,0.0,0.0,1.0,0.13043478260869565,0.5904822137044824,130.0,244.0,115.0,115.0,1887.0,438.5,1898.8988745694842,596.0584787844812,105.0958814620508,20.0,1878.3554790029457,1877.4364899560062,-58.74973771904871,0.9935747710845404,0.5566943883895874,0.8558791875839233,0.0,0.0,0.0,0.0,1.0,1.0
SNPT-115,0,31.0,0.005333874242351557,0.9973077265464741,0.9019607843137255,1.0,0.9607843137254902,1.0,0.7904236290384742,0.0,204.0,205.0,204.0,1487.5,932.5,5.088295888503421,1006.2108008825628,160.3838020767146,33.0,0.026544504322308576,0.9908523857593536,0.16138328530259366,1.0,1.0,1.0,0.8617607973494515,403.0,749.0,347.0,347.0,1895.0,949.0,1171.9869639406902,722.804235283804,142.47146274236044,199.0,1890.7774393289246,1889.9117041114966,-57.21080088256281,1.1257258049406433,0.8142723441123962,0.9501701593399048,0.0,1.0,1.0,1.0,0.0,1.0
SNPT-115,0,14.0,0.04454766227912511,0.9652499152968327,0.3018867924528302,1.0,0.9622641509433962,1.0,0.8684474507217887,108.0,266.0,159.0,159.0,1906.5,564.5,1911.437592017312,661.1544609959462,125.34278756600652,36.0,0.011038247363834281,0.9777519806767955,0.17010309278350516,0.0,0.9742268041237113,1.0,0.8706269069123513,362.0,749.0,388.0,388.0,1906.5,659.0,1016.0536426963349,552.6259152505154,95.4264867776533,96.0,5.3871622504317465,-4.937592017311999,-2.1544609959462377,1.3135010184128348,0.7302865982055664,0.929370105266571,0.0,1.0,1.0,0.0,1.0,1.0
SNPT-115,1,,1.0,0.0,0.0,0.0,1.0,0.13043478260869565,0.5904822137044824,130.0,244.0,115.0,115.0,1887.0,438.5,1898.8988745694842,596.0584787844812,105.0958814620508,15.0,1.1592526137828827,0.6545859575271606,0.0026455026455026454,0.0,0.5157894736842106,0.25132275132275134,0.6180295458546391,372.0,749.0,378.0,378.0,1902.0,583.0,1179.982124118595,414.63231510776393,68.24499244902775,128.0,13.42165590009432,3.101125430515822,-13.058478784481167,1.539979384429517,0.8257333040237427,0.9762161374092102,0.0,0.0,0.0,1.0,0.0,0.0
SNPT-115,0,10.0,0.02212112829250284,0.984000965894892,0.6853333333333333,1.0,0.9973333333333333,1.0,0.8594702382087708,0.0,374.0,375.0,375.0,904.0,705.0,9.371031037312093,684.2100437721497,133.38253221345067,33.0,0.026544504322308576,0.9908523857593536,0.16138328530259366,1.0,1.0,1.0,0.8617607973494515,403.0,749.0,347.0,347.0,1895.0,949.0,1171.9869639406902,722.804235283804,142.47146274236044,29.0,1904.1298089968645,1885.6289689626878,264.7899562278503,0.9362052557476312,0.767127275466919,0.9806624054908752,0.0,1.0,1.0,1.0,0.0,1.0
SNPT-115,0,,1.0,0.0,0.0,0.0,1.0,0.13043478260869565,0.5904822137044824,130.0,244.0,115.0,115.0,1887.0,438.5,1898.8988745694842,596.0584787844812,105.0958814620508,33.0,0.026544504322308576,0.9908523857593536,0.16138328530259366,1.0,1.0,1.0,0.8617607973494515,403.0,749.0,347.0,347.0,1895.0,949.0,1171.9869639406902,722.804235283804,142.47146274236044,159.0,352.96305560332104,-3.898874569484178,352.94152121551883,0.7376626830321935,0.5083843469619751,0.8937019109725952,0.0,0.0,0.0,0.0,1.0,1.0
SNPT-115,0,36.0,0.003665004418729577,0.9995249509811401,0.2565789473684211,0.0,0.9539473684210527,1.0,0.9009964822938568,109.0,260.0,152.0,152.0,1898.5,558.5,1912.8722218860996,648.6306445164145,115.02481453038098,15.0,1.1592526137828827,0.6545859575271606,0.0026455026455026454,0.0,0.5157894736842106,0.25132275132275134,0.6180295458546391,372.0,749.0,378.0,378.0,1902.0,583.0,1179.982124118595,414.63231510776393,68.24499244902775,112.0,66.52508330231949,-10.872221886099624,-65.63064451641446,1.6854689318969904,0.733306884765625,0.9656099081039429,0.0,1.0,0.0,1.0,0.0,0.0
SNPT-115,0,,1.0,0.0,0.0,1.0,1.0,1.0,0.8356852751594406,0.0,110.0,111.0,111.0,274.5,549.5,9.563510043993912,497.2497377190487,104.42061636558512,14.0,0.01758220432027038,0.9844673483395109,0.25888324873096447,1.0,1.0,1.0,0.8762595700430991,356.0,749.0,394.0,394.0,1907.0,695.5,1026.8084625387896,483.7466447768521,97.81956696956179,246.0,1907.7652895235922,1897.4364899560062,198.2502622809513,1.0674818914101036,0.8667586445808411,0.923050045967102,0.0,0.0,0.0,1.0,0.0,1.0
SNPT-115,0,,1.0,0.0,0.0,0.0,1.0,1.0,0.8767210922123473,0.0,161.0,162.0,162.0,1012.5,548.0,13.275332455667208,568.4584284360309,110.58229495962854,31.0,0.005033899989136297,0.9911053894750224,0.5467889908256881,1.0,0.998165137614679,1.0,0.848501972430343,205.0,749.0,545.0,545.0,8.5,1027.5,160.65678416432337,677.7635560626858,146.71178297467995,44.0,459.0664093831967,-4.775332455667208,459.0415715639691,0.7537383345597622,0.5725793242454529,0.8990442752838135,0.0,0.0,0.0,0.0,1.0,1.0
SNPT-115,1,27.0,0.06403958733122728,0.9802776942650477,0.821917808219178,0.0,1.0,1.0,0.8094999251300341,155.0,227.0,73.0,73.0,1906.0,686.0,1911.7540811047431,811.3455618661446,155.0690235013187,27.0,0.06401630745747225,0.9846116756239245,0.16533333333333333,0.0,1.0,1.0,0.8629144179026286,375.0,749.0,375.0,375.0,1903.5,684.5,1072.6018975768338,636.593589502562,105.31488328383743,148.0,127.11383252825635,-8.254081104743136,-126.84556186614464,1.4724321830503988,0.8750748634338379,0.9584314227104187,1.0,0.0,1.0,1.0,0.0,1.0
SNPT-115,0,31.0,0.005333874242351557,0.9973077265464741,0.9019607843137255,1.0,0.9607843137254902,1.0,0.7904236290384742,0.0,204.0,205.0,204.0,1487.5,932.5,5.088295888503421,1006.2108008825628,160.3838020767146,7.0,0.00012539277232797322,0.9999906089570787,0.9285714285714286,0.0,0.9920634920634921,1.0,0.7973468360446748,242.0,410.0,169.0,126.0,13.0,702.5,7.127640699629745,640.418482573282,139.49093544105426,38.0,303.81383384348317,7.911704111496579,-303.7108008825628,1.149779385804529,0.6030460596084595,0.8231440782546997,0.0,1.0,1.0,0.0,1.0,1.0
SNPT-151,0,23.0,0.014686342987165278,0.9579165804953802,0.06306306306306306,0.0,0.9219219219219219,1.0,0.8582064647216339,0.0,349.0,350.0,333.0,1715.0,298.0,1903.9796584961998,394.4079703884332,86.72522464904928,3.0,0.00030391063487065405,0.9999735069946504,0.33490566037735847,0.0,0.9198113207547169,1.0,0.863347942817886,538.0,749.0,212.0,212.0,1876.0,720.5,1718.1817465140068,537.1452792098348,128.85874369646885,189.0,327.29019702055683,-27.979658496199818,326.0920296115668,0.6730255329303342,0.6435086131095886,0.9345504641532898,0.0,1.0,1.0,1.0,0.0,1.0
SNPT-151,0,23.0,0.014686342987165278,0.9579165804953802,0.06306306306306306,0.0,0.9219219219219219,1.0,0.8582064647216339,0.0,349.0,350.0,333.0,1715.0,298.0,1903.9796584961998,394.4079703884332,86.72522464904928,,1.0,0.0,0.0,1.0,1.0,1.0,0.6478189348595814,544.0,749.0,206.0,206.0,1911.5,319.5,1171.3759346372226,210.54187664220012,63.1045477036703,195.0,75.28452406735511,7.520341503800182,-74.90797038843323,1.3743102170115886,0.5163339972496033,0.9228651523590088,0.0,0.0,0.0,0.0,1.0,1.0
SNPT-151,1,10.0,0.011343461382674983,0.994541035965085,0.7441860465116279,1.0,1.0,1.0,0.7229753930208295,0.0,171.0,172.0,172.0,895.0,909.5,961.8473246982905,1071.5275594222903,166.62526982003513,10.0,0.06193023587395654,0.9738999786584274,0.22885572139303484,1.0,1.0,1.0,0.8867730344112833,549.0,749.0,201.0,201.0,1907.5,703.5,1668.2636801889903,548.5399245310539,128.75361262243322,378.0,1014.7429560236463,945.6526753017095,-368.0275594222903,1.2941405404185404,0.7744039297103882,0.9112114310264587,1.0,0.0,1.0,1.0,0.0,1.0
SNPT-151,0,10.0,0.0023760799405826,0.9943313702028624,0.2784090909090909,0.0,0.9886363636363636,1.0,0.9070147914303974,0.0,373.0,374.0,352.0,1530.5,409.0,1914.0627926396724,336.77291450487377,111.84440618250345,,1.0,0.0,0.0,0.0,0.95,1.0,0.8933593772351742,670.0,749.0,80.0,80.0,12.5,814.0,347.06217440002877,607.7133460274235,153.5137565432666,297.0,1960.5322607602666,-1901.5627926396724,477.22708549512623,0.7285627601131696,0.8153656125068665,0.9706698656082153,0.0,0.0,0.0,1.0,0.0,1.0
SNPT-151,0,,1.0,0.0,0.0,1.0,0.9806201550387597,1.0,0.8602303744748582,0.0,257.0,258.0,258.0,910.0,387.0,1912.5824437247386,496.6748675062433,100.81337924387535,10.0,0.06193023587395654,0.9738999786584274,0.22885572139303484,1.0,1.0,1.0,0.8867730344112833,549.0,749.0,201.0,201.0,1907.5,703.5,1668.2636801889903,548.5399245310539,128.75361262243322,292.0,206.88757010819947,-5.082443724738596,206.8251324937567,0.7829945676127014,0.7855331897735596,0.9705440998077393,0.0,0.0,0.0,1.0,0.0,1.0
SNPT-151,1,26.0,0.008981924776137785,0.9810237533279828,0.5029940119760479,0.0,0.9887640449438202,0.5329341317365269,0.7502434482117613,0.0,166.0,167.0,167.0,1719.0,479.0,1912.1332714653722,509.55882761036395,126.14302277567425,26.0,0.17413867598770594,0.8029318976402283,0.10330578512396695,0.0,0.9380165289256198,1.0,0.8860778037674171,508.0,749.0,242.0,242.0,1907.0,454.0,957.825341777687,404.58997355325766,102.42820111763963,342.0,55.795463985662344,-5.133271465372218,-55.55882761036395,1.231526292556851,0.9325059652328491,0.9640242457389832,1.0,0.0,0.0,1.0,0.0,1.0
SNPT-151,1,6.0,0.00032429876117540904,0.9999719228063311,0.14227642276422764,0.0,0.991869918699187,1.0,0.8851168921323327,0.0,245.0,246.0,246.0,1689.0,559.0,1910.0477666806732,666.8274277186445,147.89157634438737,6.0,0.0007834889772571582,0.9894754671388202,0.127208480565371,0.0,0.8551236749116607,1.0,0.8957797764889343,461.0,749.0,289.0,283.0,1912.0,697.0,1027.2358260465585,487.8660043829291,126.35558146886082,216.0,30.235663263879534,1.9522333193267514,30.172572281355542,1.1704396008880218,0.9129149317741394,0.9780024290084839,1.0,0.0,1.0,1.0,0.0,0.0
SNPT-151,0,10.0,0.011343461382674983,0.994541035965085,0.7441860465116279,1.0,1.0,1.0,0.7229753930208295,0.0,171.0,172.0,172.0,895.0,909.5,961.8473246982905,1071.5275594222903,166.62526982003513,,1.0,0.0,0.0,0.0,0.8686440677966102,1.0,0.9040434709039785,514.0,749.0,236.0,236.0,1909.5,273.0,441.45928800901504,226.97541928790625,65.42714409176146,343.0,1239.2303483063213,947.6526753017095,-798.5275594222903,2.546729986966013,0.7456064820289612,0.8612693548202515,0.0,0.0,0.0,0.0,1.0,0.0
SNPT-151,0,10.0,0.011343461382674983,0.994541035965085,0.7441860465116279,1.0,1.0,1.0,0.7229753930208295,0.0,171.0,172.0,172.0,895.0,909.5,961.8473246982905,1071.5275594222903,166.62526982003513,,1.0,0.0,0.0,1.0,1.0,1.0,0.8796172952165409,505.0,749.0,245.0,245.0,1903.0,189.0,83.53565885684927,189.63553853109164,63.527146499854496,334.0,1290.2027946673459,941.1526753017095,-882.5275594222903,2.6228986976522983,0.5873454809188843,0.8360320329666138,0.0,0.0,0.0,1.0,0.0,1.0
SNPT-151,0,14.0,0.0008299647701482556,0.9991667051784328,0.5555555555555556,0.0,0.9927140255009107,1.0,0.8721734240841127,0.0,548.0,549.0,549.0,1051.0,603.0,23.365030589473093,701.8666821539557,134.30956349348418,11.0,0.02443628739307878,0.9806381607055664,0.4807692307692308,1.0,1.0,1.0,0.876314089848445,594.0,749.0,156.0,156.0,14.0,976.5,1305.6748180329387,787.6595143344406,192.47678410689352,46.0,274.79294581387666,-9.365030589473093,274.6333178460443,0.6977961737915067,0.6799477338790894,0.9250674247741699,0.0,1.0,1.0,0.0,1.0,1.0
SNPT-151,0,,1.0,0.0,0.0,1.0,1.0,1.0,0.8833455864976092,180.0,220.0,41.0,41.0,9.0,400.0,5.25554109211777,433.9700530501269,117.25700274076485,,1.0,0.0,0.0,0.0,0.7777777777777778,0.07894736842105263,0.6061183543581712,402.0,535.0,134.0,114.0,7.0,247.0,6.635219615522459,313.9812250683883,81.13791977789855,182.0,186.97819090591437,1.7444589078822297,-186.97005305012692,1.4451566303614418,0.6178414821624756,0.9340897798538208,0.0,0.0,0.0,0.0,1.0,0.0
SNPT-151,0,23.0,0.014686342987165278,0.9579165804953802,0.06306306306306306,0.0,0.9219219219219219,1.0,0.8582064647216339,0.0,349.0,350.0,333.0,1715.0,298.0,1903.9796584961998,394.4079703884332,86.72522464904928,,1.0,0.0,0.0,1.0,1.0,1.0,0.9283421039581299,737.0,749.0,13.0,13.0,10.5,588.0,157.39047654710413,614.7760271069744,149.31589855176864,388.0,1903.3504908628918,-1893.4796584961998,193.59202961156677,0.5808170830447849,0.6846946477890015,0.9532597064971924,0.0,0.0,0.0,0.0,1.0,1.0
SNPT-153,0,,1.0,0.0,0.0,0.0,1.0,0.02564102564102564,0.5244449866123688,282.0,320.0,39.0,39.0,11.5,476.5,7.2501285049565105,429.9724170133263,98.315409934774,6.0,0.05819098955573875,0.9738687718356097,0.12735849056603774,1.0,0.9882075471698113,1.0,0.8994422089659942,326.0,749.0,424.0,424.0,1904.5,482.0,1143.0934765843638,548.0350575839927,90.87677772286145,6.0,1897.963104035322,1897.2498714950434,52.02758298667368,1.081854048947438,0.6946640610694885,0.9265856146812439,0.0,0.0,0.0,0.0,1.0,1.0
SNPT-153,0,,1.0,0.0,0.0,1.0,0.9452054794520548,1.0,0.8785674449515669,0.0,113.0,114.0,73.0,1267.0,465.5,1903.3291127569446,461.4849846844247,82.31298352632787,10.0,0.01867700647084659,0.9868999879071667,0.3642691415313225,0.0,1.0,0.9930394431554525,0.8492901774680808,315.0,745.0,431.0,431.0,1912.0,487.0,5.260643387278787,493.9474913496547,101.79203583217485,202.0,26.94810368348434,8.670887243055404,25.515015315575283,0.8086387393021375,0.7393856048583984,0.9214638471603394,0.0,0.0,0.0,0.0,1.0,1.0
SNPT-153,0,,1.0,0.0,0.0,1.0,0.9452054794520548,1.0,0.8785674449515669,0.0,113.0,114.0,73.0,1267.0,465.5,1903.3291127569446,461.4849846844247,82.31298352632787,25.0,0.0021514489119454083,0.99977707862854,0.014598540145985401,0.0,0.9890510948905109,1.0,0.7740237797698836,476.0,749.0,274.0,274.0,1909.5,296.5,829.9876803061366,481.51031282416966,60.157176732311946,363.0,165.10034833605397,6.170887243055404,-164.98498468442472,1.3682986469362595,0.6755485534667969,0.9437719583511353,0.0,0.0,0.0,0.0,1.0,1.0
SNPT-153,0,1.0,0.12626083435947602,0.9384216257071091,0.271889400921659,0.0,1.0,0.004608294930875576,0.5195307778323301,0.0,216.0,217.0,217.0,546.5,495.5,3.5300808484956505,480.32132313243244,111.1497133637291,6.0,0.009140017778970734,0.9941905926112022,0.6720183486238532,0.0,0.9885321100917431,1.0,0.8604683490521318,314.0,749.0,436.0,436.0,1903.5,738.5,666.9902024786818,546.0401459102654,119.5910656788692,98.0,1917.431073824992,1899.9699191515044,258.17867686756756,0.9294148583155271,0.6141749620437622,0.901668131351471,0.0,1.0,1.0,1.0,0.0,1.0
SNPT-153,1,5.0,0.0003858575565733618,0.9999654538491193,0.09042553191489362,1.0,0.9946808510638298,1.0,0.8686095729787299,0.0,187.0,188.0,188.0,705.5,583.5,8.404450135820408,652.9676170966867,146.69065581114089,,1.0,0.0,0.0,1.0,1.0,1.0,0.865338836946795,688.0,749.0,62.0,62.0,19.0,669.5,776.606764950214,624.9027286982068,154.9901871732201,501.0,19.636327594183243,10.595549864179592,16.532382903313305,0.9464512462792015,0.7419949173927307,0.8984320163726807,0.0,0.0,0.0,1.0,0.0,1.0
SNPT-153,0,1.0,0.12626083435947602,0.9384216257071091,0.271889400921659,0.0,1.0,0.004608294930875576,0.5195307778323301,0.0,216.0,217.0,217.0,546.5,495.5,3.5300808484956505,480.32132313243244,111.1497133637291,10.0,0.14388218359090388,0.9129821743283953,0.017369727047146403,0.0,0.6774193548387096,1.0,0.8820221947677083,347.0,749.0,403.0,403.0,1909.0,428.5,789.1394258699338,478.2961614928047,66.16585102319209,131.0,1906.1744574729871,1905.4699191515044,-51.82132313243244,1.6798652423403353,0.7645946741104126,0.9143228530883789,0.0,1.0,1.0,1.0,0.0,0.0
SNPT-153,0,5.0,0.0003858575565733618,0.9999654538491193,0.09042553191489362,1.0,0.9946808510638298,1.0,0.8686095729787299,0.0,187.0,188.0,188.0,705.5,583.5,8.404450135820408,652.9676170966867,146.69065581114089,,1.0,0.0,0.0,1.0,0.9891304347826086,1.0,0.865886188071707,658.0,749.0,92.0,92.0,11.5,512.0,1175.4823647143348,577.9248821271773,125.23824905689118,471.0,141.00160105076714,3.095549864179592,-140.9676170966867,1.1712927713042736,0.7355549335479736,0.8956570625305176,0.0,0.0,0.0,1.0,0.0,1.0
SNPT-153,0,1.0,0.12626083435947602,0.9384216257071091,0.271889400921659,0.0,1.0,0.004608294930875576,0.5195307778323301,0.0,216.0,217.0,217.0,546.5,495.5,3.5300808484956505,480.32132313243244,111.1497133637291,25.0,2.4240196347236633,0.25035834312438965,0.01,1.0,0.98,1.0,0.8892687660455704,363.0,462.0,100.0,100.0,1913.0,607.0,15.489070876754585,513.1526488779301,111.1372195505649,147.0,1913.667384713804,1909.4699191515044,126.67867686756756,1.000112417902974,0.7119505405426025,0.9096683859825134,0.0,1.0,0.0,0.0,1.0,1.0
SNPT-153,0,,1.0,0.0,0.0,1.0,0.9452054794520548,1.0,0.8785674449515669,0.0,113.0,114.0,73.0,1267.0,465.5,1903.3291127569446,461.4849846844247,82.31298352632787,,1.0,0.0,0.0,0.0,1.0,0.02564102564102564,0.5244449866123688,282.0,320.0,39.0,39.0,11.5,476.5,7.2501285049565105,429.9724170133263,98.315409934774,169.0,1891.8886971911575,-1891.8291127569446,15.015015315575283,0.8372337925553816,0.675641655921936,0.9169387221336365,0.0,0.0,0.0,0.0,1.0,1.0
SNPT-153,0,,1.0,0.0,0.0,1.0,0.9452054794520548,1.0,0.8785674449515669,0.0,113.0,114.0,73.0,1267.0,465.5,1903.3291127569446,461.4849846844247,82.31298352632787,6.0,0.05819098955573875,0.9738687718356097,0.12735849056603774,1.0,0.9882075471698113,1.0,0.8994422089659942,326.0,749.0,424.0,424.0,1904.5,482.0,1143.0934765843638,548.0350575839927,90.87677772286145,213.0,20.548402135792415,1.1708872430554038,20.515015315575283,0.905764768391659,0.8866332173347473,0.9725741147994995,0.0,0.0,0.0,1.0,0.0,1.0
SNPT-153,0,,1.0,0.0,0.0,1.0,0.9452054794520548,1.0,0.8785674449515669,0.0,113.0,114.0,73.0,1267.0,465.5,1903.3291127569446,461.4849846844247,82.31298352632787,26.0,0.050706351136697476,0.9329100130001704,0.35294117647058826,0.0,0.9929411764705882,1.0,0.8690786457061768,325.0,749.0,425.0,425.0,1901.5,530.0,412.91783169014036,530.5559430153093,106.52991334237491,212.0,68.53942644326062,-1.8291127569445962,68.51501531557528,0.7726748379282296,0.6644973754882812,0.9278908967971802,0.0,0.0,0.0,0.0,1.0,1.0
SNPT-153,1,1.0,0.12626083435947602,0.9384216257071091,0.271889400921659,0.0,1.0,0.004608294930875576,0.5195307778323301,0.0,216.0,217.0,217.0,546.5,495.5,3.5300808484956505,480.32132313243244,111.1497133637291,,1.0,0.0,0.0,0.0,1.0,0.02564102564102564,0.5244449866123688,282.0,320.0,39.0,39.0,11.5,476.5,7.2501285049565105,429.9724170133263,98.315409934774,66.0,8.838671945715548,7.9699191515043495,-3.8213231324324397,1.1305421341117314,0.9205660223960876,0.9696242809295654,0.0,0.0,0.0,1.0,0.0,1.0
SNPT-153,1,22.0,0.0004101842593627225,0.9999669631322224,0.0759493670886076,1.0,0.9974683544303797,1.0,0.8977412000487123,0.0,394.0,395.0,395.0,1172.0,489.0,5.805556666604755,484.10072248673487,99.72575867210848,,1.0,0.0,0.0,1.0,1.0,1.0,0.851366098631512,706.0,749.0,44.0,44.0,13.5,592.0,610.2586163093989,614.7428275441725,124.17898773167458,312.0,108.17328018552193,7.694443333395245,107.89927751326513,0.8030807827778035,0.8218200206756592,0.9449783563613892,0.0,0.0,0.0,1.0,0.0,1.0
SNPT-153,1,11.0,0.03220636393790402,0.9933125244246589,0.6666666666666666,1.0,0.9259259259259259,1.0,0.8838906751738654,290.0,316.0,27.0,27.0,7.0,1033.0,10.649184212147777,956.1912084898904,149.40310610535946,11.0,0.030297178482953248,0.9835290813446045,0.6859756097560976,1.0,0.9939024390243902,1.0,0.8823239363548232,422.0,749.0,328.0,328.0,12.5,1003.0,1514.748072004989,620.7147195174348,153.86135528762003,106.0,46.84536777225119,1.8508157878522233,46.808791510109586,0.9710242433915485,0.8339383602142334,0.9538642168045044,1.0,0.0,1.0,1.0,0.0,1.0
SNPT-153,1,11.0,0.022198223806089327,0.9956208375784067,0.11403508771929824,1.0,0.9911504424778761,0.9912280701754386,0.9134293114189553,0.0,113.0,114.0,114.0,927.0,654.0,12.290676747594183,887.3156666973738,158.92441576774237,11.0,0.03220636393790402,0.9933125244246589,0.6666666666666666,1.0,0.9259259259259259,1.0,0.8838906751738654,290.0,316.0,27.0,27.0,7.0,1033.0,10.649184212147777,956.1912084898904,149.40310610535946,177.0,145.78036983859732,-5.290676747594183,145.68433330262621,1.063728994065682,0.8427357077598572,0.9590055346488953,1.0,0.0,1.0,1.0,0.0,1.0
SNPT-153,0,11.0,0.03220636393790402,0.9933125244246589,0.6666666666666666,1.0,0.9259259259259259,1.0,0.8838906751738654,290.0,316.0,27.0,27.0,7.0,1033.0,10.649184212147777,956.1912084898904,149.40310610535946,,1.0,0.0,0.0,1.0,0.6244131455399061,1.0,0.8972607997941299,324.0,749.0,426.0,426.0,1908.0,446.5,1260.0076256065602,572.1274011812346,85.8907810608775,8.0,1964.6183461890794,1897.3508157878523,-509.6912084898904,1.7394545055943293,0.8230271935462952,0.9370603561401367,0.0,0.0,0.0,1.0,0.0,0.0
SNPT-153,0,,1.0,0.0,0.0,0.0,1.0,0.02564102564102564,0.5244449866123688,282.0,320.0,39.0,39.0,11.5,476.5,7.2501285049565105,429.9724170133263,98.315409934774,,1.0,0.0,0.0,1.0,1.0,1.0,0.851366098631512,706.0,749.0,44.0,44.0,13.5,592.0,610.2586163093989,614.7428275441725,124.17898773167458,386.0,162.14807597442527,6.2498714950434895,162.02758298667368,0.7917233964510446,0.6452096104621887,0.8875836133956909,0.0,0.0,0.0,0.0,1.0,1.0
SNPT-153,1,11.0,0.022198223806089327,0.9956208375784067,0.11403508771929824,1.0,0.9911504424778761,0.9912280701754386,0.9134293114189553,0.0,113.0,114.0,114.0,927.0,654.0,12.290676747594183,887.3156666973738,158.92441576774237,11.0,0.030297178482953248,0.9835290813446045,0.6859756097560976,1.0,0.9939024390243902,1.0,0.8823239363548232,422.0,749.0,328.0,328.0,12.5,1003.0,1514.748072004989,620.7147195174348,153.86135528762003,309.0,115.68452268085437,0.20932325240581662,115.68433330262621,1.0329066416362818,0.8959463834762573,0.9852617979049683,1.0,0.0,1.0,1.0,0.0,1.0
SNPT-153,0,5.0,0.0003858575565733618,0.9999654538491193,0.09042553191489362,1.0,0.9946808510638298,1.0,0.8686095729787299,0.0,187.0,188.0,188.0,705.5,583.5,8.404450135820408,652.9676170966867,146.69065581114089,3.0,0.0059921878776386175,0.9899672538409998,0.5510204081632653,0.0,0.9897959183673469,1.0,0.8440936797735642,456.0,749.0,294.0,294.0,1879.5,549.0,799.5276764177358,630.8364194780345,117.09996048103044,269.0,1873.981809443811,1871.0955498641797,-103.9676170966867,1.2526960317369533,0.7621889114379883,0.9003903865814209,0.0,1.0,1.0,0.0,1.0,1.0
SNPT-153,0,,1.0,0.0,0.0,1.0,0.9452054794520548,1.0,0.8785674449515669,0.0,113.0,114.0,73.0,1267.0,465.5,1903.3291127569446,461.4849846844247,82.31298352632787,55.0,0.055287271887516316,0.9523963645721475,0.25196850393700787,0.0,0.989501312335958,1.0,0.8730040000179621,369.0,749.0,381.0,381.0,1905.0,653.5,1191.9706611598172,565.6157363192385,108.23128914551066,256.0,192.02228508904795,1.6708872430554038,192.01501531557528,0.7605285327024319,0.7700923681259155,0.9385886192321777,0.0,0.0,0.0,0.0,1.0,1.0
SNPT-153,0,11.0,0.022198223806089327,0.9956208375784067,0.11403508771929824,1.0,0.9911504424778761,0.9912280701754386,0.9134293114189553,0.0,113.0,114.0,114.0,927.0,654.0,12.290676747594183,887.3156666973738,158.92441576774237,,1.0,0.0,0.0,1.0,1.0,1.0,0.865338836946795,688.0,749.0,62.0,62.0,19.0,669.5,776.606764950214,624.9027286982068,154.9901871732201,575.0,217.91897502816659,6.709323252405817,-217.81566669737379,1.0253837269718584,0.826559841632843,0.9351300597190857,0.0,0.0,0.0,1.0,0.0,1.0
SNPT-153,0,11.0,0.022198223806089327,0.9956208375784067,0.11403508771929824,1.0,0.9911504424778761,0.9912280701754386,0.9134293114189553,0.0,113.0,114.0,114.0,927.0,654.0,12.290676747594183,887.3156666973738,158.92441576774237,10.0,0.14388218359090388,0.9129821743283953,0.017369727047146403,0.0,0.6774193548387096,1.0,0.8820221947677083,347.0,749.0,403.0,403.0,1909.0,428.5,789.1394258699338,478.2961614928047,66.16585102319209,234.0,1951.4143775527418,1896.7093232524057,-458.8156666973738,2.4019099476561867,0.7954201698303223,0.9528012871742249,0.0,1.0,1.0,0.0,1.0,0.0
SNPT-153,0,11.0,0.022198223806089327,0.9956208375784067,0.11403508771929824,1.0,0.9911504424778761,0.9912280701754386,0.9134293114189553,0.0,113.0,114.0,114.0,927.0,654.0,12.290676747594183,887.3156666973738,158.92441576774237,9.0,0.04614017555112233,0.9722693424139704,0.20363636363636364,0.0,0.9745454545454545,1.0,0.8893940659002825,187.0,470.0,284.0,275.0,1912.5,536.5,9.118811670883556,341.8309397512436,93.9080567154522,74.0,1932.3216875498988,1900.2093232524057,-350.8156666973738,1.6923405863811467,0.6730169057846069,0.9399362802505493,0.0,1.0,1.0,0.0,1.0,1.0
SNPT-153,0,25.0,2.4240196347236633,0.25035834312438965,0.01,1.0,0.98,1.0,0.8892687660455704,363.0,462.0,100.0,100.0,1913.0,607.0,15.489070876754585,513.1526488779301,111.1372195505649,25.0,0.0021514489119454083,0.99977707862854,0.014598540145985401,0.0,0.9890510948905109,1.0,0.7740237797698836,476.0,749.0,274.0,274.0,1909.5,296.5,829.9876803061366,481.51031282416966,60.157176732311946,14.0,1906.3619199680115,1894.0109291232454,-216.65264887793012,1.8474473967603982,0.6657522916793823,0.9429589509963989,1.0,0.0,0.0,0.0,1.0,1.0
SNPT-153,0,14.0,0.6558280140161514,0.8584359884262085,0.008928571428571428,0.0,0.9642857142857143,1.0,0.8730336326573577,0.0,111.0,112.0,112.0,952.0,439.0,1899.2221116785622,449.440929626921,90.561813621634,25.0,0.036677585009577365,0.9714376309583354,0.23180592991913745,0.0,1.0,1.0,0.8822520195313219,379.0,749.0,371.0,371.0,1908.5,616.0,562.8418173383072,517.198528842698,104.44279702583326,268.0,166.81727469075065,9.277888321437786,166.559070373079,0.8670948710731494,0.8774926662445068,0.9885488152503967,0.0,1.0,0.0,1.0,0.0,1.0
SNPT-153,0,14.0,0.6558280140161514,0.8584359884262085,0.008928571428571428,0.0,0.9642857142857143,1.0,0.8730336326573577,0.0,111.0,112.0,112.0,952.0,439.0,1899.2221116785622,449.440929626921,90.561813621634,10.0,0.14388218359090388,0.9129821743283953,0.017369727047146403,0.0,0.6774193548387096,1.0,0.8820221947677083,347.0,749.0,403.0,403.0,1909.0,428.5,789.1394258699338,478.2961614928047,66.16585102319209,236.0,23.111244745062233,9.777888321437786,-20.94092962692099,1.3687092695277323,0.8967796564102173,0.9864170551300049,0.0,1.0,0.0,1.0,0.0,0.0
SNPT-153,0,5.0,0.0003858575565733618,0.9999654538491193,0.09042553191489362,1.0,0.9946808510638298,1.0,0.8686095729787299,0.0,187.0,188.0,188.0,705.5,583.5,8.404450135820408,652.9676170966867,146.69065581114089,11.0,0.030297178482953248,0.9835290813446045,0.6859756097560976,1.0,0.9939024390243902,1.0,0.8823239363548232,422.0,749.0,328.0,328.0,12.5,1003.0,1514.748072004989,620.7147195174348,153.86135528762003,235.0,350.05634205033584,4.095549864179592,350.0323829033133,0.9533950584077813,0.7574472427368164,0.9601631760597229,0.0,1.0,1.0,1.0,0.0,1.0
SNPT-153,1,25.0,2.4240196347236633,0.25035834312438965,0.01,1.0,0.98,1.0,0.8892687660455704,363.0,462.0,100.0,100.0,1913.0,607.0,15.489070876754585,513.1526488779301,111.1372195505649,,1.0,0.0,0.0,1.0,0.9891304347826086,1.0,0.865886188071707,658.0,749.0,92.0,92.0,11.5,512.0,1175.4823647143348,577.9248821271773,125.23824905689118,196.0,4.152262744042718,-3.9890708767545853,-1.152648877930119,0.887406366565212,0.9217342138290405,0.9742475152015686,0.0,0.0,0.0,1.0,0.0,1.0
SNPT-154,0,20.0,0.02539024934943062,0.9734782777928017,0.39572192513368987,0.0,0.9105691056910569,0.6577540106951871,0.7606597931627284,400.0,586.0,187.0,187.0,14.5,676.5,12.337118399478797,592.0627744236264,139.91134614290954,,1.0,0.0,0.0,1.0,0.631578947368421,1.0,0.7365344229497408,731.0,749.0,19.0,19.0,21.0,524.5,473.84789341443326,529.1479412363501,67.89876951862155,145.0,68.11588658633512,8.662881600521203,-67.56277442362637,2.0605873587228736,0.8344946503639221,0.9388796091079712,0.0,0.0,0.0,0.0,1.0,0.0
SNPT-154,0,20.0,0.02539024934943062,0.9734782777928017,0.39572192513368987,0.0,0.9105691056910569,0.6577540106951871,0.7606597931627284,400.0,586.0,187.0,187.0,14.5,676.5,12.337118399478797,592.0627744236264,139.91134614290954,,1.0,0.0,0.0,0.0,0.96,1.0,0.7943025207519532,725.0,749.0,25.0,25.0,53.5,619.5,824.9894925452479,607.4081720007241,121.74209022041741,139.0,49.469022316873605,41.1628816005212,27.437225576373635,1.1492438308689803,0.8756434321403503,0.9502050280570984,0.0,0.0,0.0,1.0,0.0,1.0
SNPT-154,0,,1.0,0.0,0.0,1.0,1.0,1.0,0.859144078071461,0.0,272.0,273.0,229.0,386.5,542.5,11.097193976432415,579.118641298566,128.80506322857798,,1.0,0.0,0.0,0.0,0.9029850746268657,1.0,0.8083394496743359,388.0,656.0,269.0,268.0,14.5,597.0,7.305657040180428,511.16115365778626,113.65217221394252,116.0,18.202254746140042,3.402806023567585,17.88135870143401,1.1333268930937033,0.6548926830291748,0.9386396408081055,0.0,0.0,0.0,0.0,1.0,1.0
SNPT-154,0,23.0,0.17797372699715197,0.9631166458129883,0.015384615384615385,0.0,0.9230769230769231,1.0,0.8140596765738267,324.0,417.0,94.0,65.0,1899.5,559.5,1909.4751338956216,482.0827028856983,106.29362909006691,6.0,0.010715102716767433,0.9427777756068666,0.3010204081632653,0.0,0.9795918367346939,1.0,0.8504133549880009,554.0,749.0,196.0,196.0,1904.0,774.5,1680.2595477071095,587.6380554256635,101.65936815400832,137.0,292.46855000633616,-5.475133895621639,292.4172971143017,1.0455861670223834,0.9039742946624756,0.988141655921936,0.0,1.0,0.0,1.0,0.0,1.0
SNPT-154,0,6.0,0.016549303228067764,0.9822826559757474,0.7305825242718447,0.0,0.9975728155339806,1.0,0.808311170599993,0.0,411.0,412.0,412.0,1311.0,625.5,1903.8754946099177,669.8515791143584,155.88797676399125,,1.0,0.0,0.0,0.0,0.9642857142857143,1.0,0.7936519086360931,554.0,749.0,196.0,196.0,1903.5,515.0,1211.9656680248409,504.49289064031325,101.2951310868603,143.0,154.85203437608587,-0.3754946099177232,-154.8515791143584,1.5389483689035137,0.8688147068023682,0.9391416311264038,0.0,0.0,0.0,1.0,0.0,1.0
SNPT-154,0,26.0,0.03943391504799365,0.9741787693717263,0.20496894409937888,0.0,0.9875776397515528,1.0,0.8164896476342811,223.0,383.0,161.0,161.0,1901.5,611.0,700.5948703112118,510.92698223687887,115.9323202404645,,1.0,0.0,0.0,1.0,0.9578059071729957,1.0,0.8394536031449394,389.0,625.0,237.0,237.0,37.0,556.5,22.055266273354135,494.7589571120686,120.16656797194274,6.0,665.1579149731226,-663.5948703112118,45.57301776312113,0.9647635128227439,0.6595299243927002,0.9555200338363647,0.0,0.0,0.0,0.0,1.0,1.0
SNPT-154,0,20.0,0.02539024934943062,0.9734782777928017,0.39572192513368987,0.0,0.9105691056910569,0.6577540106951871,0.7606597931627284,400.0,586.0,187.0,187.0,14.5,676.5,12.337118399478797,592.0627744236264,139.91134614290954,,1.0,0.0,0.0,1.0,1.0,1.0,0.8246473381596227,719.0,749.0,31.0,31.0,23.0,519.5,878.6566039532133,483.6470862752804,91.25327108054874,133.0,73.34202939707095,10.662881600521203,-72.56277442362637,1.5332200641817058,0.6740661263465881,0.8887444734573364,0.0,0.0,0.0,0.0,1.0,1.0
SNPT-154,0,26.0,0.03943391504799365,0.9741787693717263,0.20496894409937888,0.0,0.9875776397515528,1.0,0.8164896476342811,223.0,383.0,161.0,161.0,1901.5,611.0,700.5948703112118,510.92698223687887,115.9323202404645,,1.0,0.0,0.0,0.0,0.96,1.0,0.7943025207519532,725.0,749.0,25.0,25.0,53.5,619.5,824.9894925452479,607.4081720007241,121.74209022041741,342.0,656.1401308937559,-647.0948703112118,108.57301776312113,0.95227804969149,0.7941982746124268,0.9867962002754211,0.0,0.0,0.0,1.0,0.0,1.0
SNPT-154,0,11.0,0.7138978239090648,0.6358635127544403,0.020833333333333332,1.0,1.0,0.004166666666666667,0.5226708268125851,0.0,239.0,240.0,240.0,491.5,505.5,7.961550330074522,490.09711393976033,124.22073550086051,,1.0,0.0,0.0,1.0,0.9230769230769231,1.0,0.8325080573558807,724.0,749.0,26.0,26.0,14.0,619.5,762.1427190841707,567.9059167628369,112.85891725143532,485.0,129.54369839994376,6.038449669925478,129.40288606023967,1.1006727560934553,0.5866725444793701,0.8961830139160156,0.0,0.0,0.0,1.0,0.0,1.0
SNPT-154,1,10.0,0.0880738352397633,0.9787471615351163,0.16938110749185667,1.0,0.9869706840390879,1.0,0.8536907131586479,0.0,306.0,307.0,307.0,712.0,493.5,24.122800911449957,558.2028216862427,110.27639609867612,10.0,0.017191389338669275,0.9880574169831399,0.3268156424581006,1.0,1.0,1.0,0.8302891482521035,390.0,747.0,358.0,358.0,30.0,691.0,1909.2785972781137,866.3531121118233,162.20915296189955,84.0,132.92716816822022,5.877199088550043,132.79717831375729,0.6798407739949074,0.9359933137893677,0.9874420166015625,1.0,0.0,1.0,1.0,0.0,1.0
SNPT-154,1,10.0,0.037232477777771625,0.9621171527183973,0.4375,0.0,0.9259259259259259,0.84375,0.7909295796774901,0.0,415.0,416.0,416.0,1094.0,576.5,1899.6114524550328,488.90945224724544,121.77546069785568,,1.0,0.0,0.0,0.0,0.9642857142857143,1.0,0.7936519086360931,554.0,749.0,196.0,196.0,1903.5,515.0,1211.9656680248409,504.49289064031325,101.2951310868603,139.0,26.378731661098424,3.888547544967196,26.09054775275456,1.202184738706084,0.9573118090629578,0.9796772003173828,0.0,0.0,0.0,1.0,0.0,1.0
SNPT-154,0,9.0,0.026255546823094625,0.982037715192111,0.26044226044226043,1.0,0.8673218673218673,1.0,0.8487830286529785,0.0,406.0,407.0,407.0,800.5,492.5,1816.77863706283,556.8283020700683,114.82583498098636,30.0,0.14079830459255996,0.9633591420510236,0.10493827160493827,1.0,1.0,1.0,0.8445807080945851,582.0,749.0,168.0,162.0,1907.5,567.5,1584.188706831022,602.158096670061,125.57663417629595,176.0,91.34687093647719,90.72136293716994,10.671697929931725,0.9143885383946775,0.8724358081817627,0.9834104776382446,0.0,1.0,1.0,1.0,0.0,0.0
SNPT-154,1,6.0,0.016549303228067764,0.9822826559757474,0.7305825242718447,0.0,0.9975728155339806,1.0,0.808311170599993,0.0,411.0,412.0,412.0,1311.0,625.5,1903.8754946099177,669.8515791143584,155.88797676399125,6.0,0.010715102716767433,0.9427777756068666,0.3010204081632653,0.0,0.9795918367346939,1.0,0.8504133549880009,554.0,749.0,196.0,196.0,1904.0,774.5,1680.2595477071095,587.6380554256635,101.65936815400832,143.0,104.64849495071847,0.12450539008227679,104.6484208856416,1.5334344448003019,0.9501579403877258,0.967347264289856,1.0,0.0,1.0,1.0,0.0,1.0
SNPT-154,0,10.0,0.037232477777771625,0.9621171527183973,0.4375,0.0,0.9259259259259259,0.84375,0.7909295796774901,0.0,415.0,416.0,416.0,1094.0,576.5,1899.6114524550328,488.90945224724544,121.77546069785568,,1.0,0.0,0.0,1.0,1.0,1.0,0.8246473381596227,719.0,749.0,31.0,31.0,23.0,519.5,878.6566039532133,483.6470862752804,91.25327108054874,304.0,1876.8607633751635,-1876.6114524550328,30.59054775275456,1.3344777590533186,0.6976092457771301,0.9182373285293579,0.0,0.0,0.0,0.0,1.0,1.0
SNPT-154,0,20.0,0.08777865927627584,0.8973599826931057,0.4389438943894389,1.0,0.5443037974683544,0.7821782178217822,0.7866408262315756,0.0,316.0,317.0,303.0,1062.5,592.0,14.968520847029943,496.6922380578759,132.56995689261748,30.0,0.14079830459255996,0.9633591420510236,0.10493827160493827,1.0,1.0,1.0,0.8445807080945851,582.0,749.0,168.0,162.0,1907.5,567.5,1584.188706831022,602.158096670061,125.57663417629595,266.0,1893.85562774362,1892.53147915297,70.8077619421241,1.0556896811432583,0.7473076581954956,0.9584276676177979,0.0,1.0,1.0,1.0,0.0,0.0
SNPT-154,0,30.0,0.11822484045944748,0.9467121765694835,0.2233502538071066,1.0,0.9381443298969072,0.9847715736040609,0.8548271967674875,0.0,405.0,406.0,394.0,957.0,562.0,1879.2091212486782,445.6284957210544,123.56655435492453,,1.0,0.0,0.0,1.0,1.0,1.0,0.8303727805614471,734.0,749.0,16.0,16.0,20.0,638.0,240.04045576434777,612.0260237074754,103.08549493787552,329.0,1869.1349208103802,-1859.2091212486782,192.37150427894562,1.1986803228659078,0.904201865196228,0.9738315939903259,0.0,0.0,0.0,1.0,0.0,1.0
SNPT-154,1,22.0,0.03877106032484191,0.9216111141676996,0.3227848101265823,1.0,0.9208860759493671,1.0,0.838790924111499,0.0,315.0,316.0,316.0,847.0,565.5,14.85508620794629,493.27729768376696,133.05379869880088,,1.0,0.0,0.0,1.0,1.0,1.0,0.8080069780349731,730.0,749.0,20.0,20.0,22.0,550.5,505.6908000403549,541.1724717855157,110.04146420685663,415.0,57.66703957607068,7.1449137920537105,57.22270231623304,1.2091242120214387,0.8346989750862122,0.9395632743835449,0.0,0.0,0.0,1.0,0.0,1.0
SNPT-154,1,9.0,0.07491687230815912,0.9070664367892526,0.36789297658862874,0.0,0.9280575539568345,0.9297658862876255,0.7871547714124953,0.0,298.0,299.0,299.0,725.5,599.0,17.113339983024325,514.4590428549394,112.79810468661388,,1.0,0.0,0.0,1.0,0.631578947368421,1.0,0.7365344229497408,731.0,749.0,19.0,19.0,21.0,524.5,473.84789341443326,529.1479412363501,67.89876951862155,433.0,10.766937655457127,3.886660016975675,10.040957145060588,1.6612687606316412,0.831167459487915,0.9526246786117554,0.0,0.0,0.0,0.0,1.0,0.0
SNPT-154,0,22.0,0.03877106032484191,0.9216111141676996,0.3227848101265823,1.0,0.9208860759493671,1.0,0.838790924111499,0.0,315.0,316.0,316.0,847.0,565.5,14.85508620794629,493.27729768376696,133.05379869880088,23.0,0.17797372699715197,0.9631166458129883,0.015384615384615385,0.0,0.9230769230769231,1.0,0.8140596765738267,324.0,417.0,94.0,65.0,1899.5,559.5,1909.4751338956216,482.0827028856983,106.29362909006691,9.0,1885.8080224095777,1884.6449137920538,66.22270231623304,1.2517570416761195,0.7826423048973083,0.9461787343025208,0.0,1.0,0.0,0.0,1.0,1.0
SNPT-154,1,55.0,0.026767899677634915,0.9903617891097309,0.7764705882352941,0.0,0.9764705882352941,1.0,0.8361540118853251,0.0,254.0,255.0,255.0,1080.0,693.0,11.400808247642328,618.943198486749,160.94318969431282,55.0,0.11584030001896291,0.9374864472631823,0.3392857142857143,0.0,0.9702380952380952,1.0,0.8347997954558759,414.0,749.0,336.0,336.0,19.0,708.5,1886.1530244780706,759.0412680695197,150.23295775437145,160.0,89.8786315682039,7.599191752357672,89.556801513251,1.071290827925071,0.9755498170852661,0.9901353120803833,1.0,0.0,1.0,1.0,0.0,1.0
SNPT-154,0,23.0,0.17797372699715197,0.9631166458129883,0.015384615384615385,0.0,0.9230769230769231,1.0,0.8140596765738267,324.0,417.0,94.0,65.0,1899.5,559.5,1909.4751338956216,482.0827028856983,106.29362909006691,,1.0,0.0,0.0,0.0,0.7831325301204819,1.0,0.724056704575757,584.0,749.0,166.0,166.0,1898.5,450.0,1189.3202449257392,452.6928102066589,82.35182822896377,167.0,33.90801363216104,-10.975133895621639,-32.082702885698325,1.2907257965729366,0.7767479419708252,0.9796573519706726,0.0,0.0,0.0,1.0,0.0,0.0
SNPT-154,0,29.0,0.03009082734125007,0.9757720023922666,0.30286738351254483,1.0,0.9193548387096774,1.0,0.8341115195050461,0.0,608.0,609.0,558.0,829.0,511.5,16.768319992284454,505.9969251817599,128.60885612370748,,1.0,0.0,0.0,1.0,0.9230769230769231,1.0,0.8325080573558807,724.0,749.0,26.0,26.0,14.0,619.5,762.1427190841707,567.9059167628369,112.85891725143532,116.0,113.53682921754816,-2.7683199922844537,113.50307481824012,1.139554226248541,0.8571943044662476,0.9720851182937622,0.0,0.0,0.0,1.0,0.0,1.0
SNPT-154,0,20.0,0.02757510174531954,0.9374868695552533,0.4797047970479705,0.0,0.6519337016574586,0.6678966789667896,0.733224481674138,0.0,270.0,271.0,271.0,891.5,572.5,12.760245903153766,585.1726115865397,138.87836490152307,,1.0,0.0,0.0,1.0,0.8451327433628318,1.0,0.8368495523402121,484.0,749.0,266.0,226.0,1911.0,527.0,1185.4380342621675,591.8416705884856,102.62416375842557,214.0,1899.1309109096333,1898.2397540968461,-58.17261158653969,1.3532715864895024,0.7960768938064575,0.9333975315093994,0.0,0.0,0.0,0.0,1.0,0.0
SNPT-154,0,,1.0,0.0,0.0,1.0,1.0,1.0,0.859144078071461,0.0,272.0,273.0,229.0,386.5,542.5,11.097193976432415,579.118641298566,128.80506322857798,55.0,0.11584030001896291,0.9374864472631823,0.3392857142857143,0.0,0.9702380952380952,1.0,0.8347997954558759,414.0,749.0,336.0,336.0,19.0,708.5,1886.1530244780706,759.0412680695197,150.23295775437145,142.0,129.6224915764053,7.902806023567585,129.381358701434,0.8573688833256697,0.687049150466919,0.929710328578949,0.0,0.0,0.0,0.0,1.0,1.0
SNPT-154,0,6.0,0.03455752987043304,0.9570875584315031,0.19164619164619165,1.0,0.9557739557739557,1.0,0.8159041070820952,0.0,406.0,407.0,407.0,1220.0,578.0,1905.0337172108025,644.2411702697711,136.21343025139055,,1.0,0.0,0.0,1.0,0.9230769230769231,1.0,0.8325080573558807,724.0,749.0,26.0,26.0,14.0,619.5,762.1427190841707,567.9059167628369,112.85891725143532,318.0,1891.195559727873,-1891.0337172108025,-24.741170269771146,1.206935469245415,0.7991764545440674,0.9467307329177856,0.0,0.0,0.0,1.0,0.0,1.0
SNPT-154,0,11.0,0.7138978239090648,0.6358635127544403,0.020833333333333332,1.0,1.0,0.004166666666666667,0.5226708268125851,0.0,239.0,240.0,240.0,491.5,505.5,7.961550330074522,490.09711393976033,124.22073550086051,3.0,0.0036610358091038082,0.993192183902894,0.635036496350365,0.0,0.9927007299270073,1.0,0.8342760570727996,597.0,733.0,137.0,137.0,1897.0,735.0,1907.5141413114184,701.3145188581595,125.01743850646646,358.0,1904.8474185435405,1889.0384496699255,244.90288606023967,0.993627265002996,0.5640711784362793,0.9044519662857056,0.0,1.0,0.0,0.0,1.0,1.0
SNPT-154,1,5.0,0.0262985490669962,0.9945314288139343,0.045871559633027525,1.0,0.9908256880733946,1.0,0.8433539110039352,398.0,615.0,218.0,218.0,29.5,610.0,11.407587393210857,539.2180739880131,127.60759469919367,11.0,0.05238653841661289,0.9910926818847656,0.06666666666666667,1.0,1.0,1.0,0.8556789835294087,735.0,749.0,15.0,15.0,15.0,724.5,264.34451930220393,688.2329387311754,117.83215079214096,120.0,185.3167492026795,3.592412606789143,185.2819260119869,1.082960752573352,0.7878457307815552,0.967041552066803,0.0,1.0,1.0,1.0,0.0,1.0
SNPT-154,0,,1.0,0.0,0.0,1.0,1.0,1.0,0.859144078071461,0.0,272.0,273.0,229.0,386.5,542.5,11.097193976432415,579.118641298566,128.80506322857798,5.0,0.0262985490669962,0.9945314288139343,0.045871559633027525,1.0,0.9908256880733946,1.0,0.8433539110039352,398.0,615.0,218.0,218.0,29.5,610.0,11.407587393210857,539.2180739880131,127.60759469919367,126.0,35.948874596956294,18.402806023567585,30.88135870143401,1.0093839910720601,0.8547908067703247,0.9827607870101929,0.0,0.0,0.0,1.0,0.0,1.0
SNPT-154,0,,1.0,0.0,0.0,0.0,0.9230769230769231,1.0,0.8204053938388824,682.0,734.0,53.0,52.0,1904.5,542.5,1911.8011376555019,566.7420705535487,112.99011650043705,11.0,0.05238653841661289,0.9910926818847656,0.06666666666666667,1.0,1.0,1.0,0.8556789835294087,735.0,749.0,15.0,15.0,15.0,724.5,264.34451930220393,688.2329387311754,117.83215079214096,1.0,1903.350235798561,-1896.8011376555019,157.75792944645127,0.9589073588222505,0.6951855421066284,0.933343768119812,0.0,0.0,0.0,0.0,1.0,1.0
SNPT-154,0,6.0,0.03455752987043304,0.9570875584315031,0.19164619164619165,1.0,0.9557739557739557,1.0,0.8159041070820952,0.0,406.0,407.0,407.0,1220.0,578.0,1905.0337172108025,644.2411702697711,136.21343025139055,,1.0,0.0,0.0,1.0,1.0,1.0,0.8621973280875098,583.0,733.0,151.0,151.0,1893.0,536.0,1900.5251862297969,562.0012033933947,101.70241844000488,177.0,108.90804052630436,-12.033717210802479,-108.24117026977115,1.3393332463548446,0.8787968158721924,0.977534830570221,0.0,0.0,0.0,1.0,0.0,1.0
SNPT-154,0,,1.0,0.0,0.0,1.0,1.0,0.026881720430107527,0.5191247136362137,405.0,590.0,186.0,186.0,9.5,520.5,7.2080103107269355,481.0554716182146,117.55614062284448,,1.0,0.0,0.0,0.0,0.9230769230769231,1.0,0.8204053938388824,682.0,734.0,53.0,52.0,1904.5,542.5,1911.8011376555019,566.7420705535487,112.99011650043705,92.0,1898.2866812489467,1897.2919896892731,61.4445283817854,1.0404108276354398,0.5598666071891785,0.9355897903442383,0.0,0.0,0.0,0.0,1.0,1.0
SNPT-154,1,26.0,0.03943391504799365,0.9741787693717263,0.20496894409937888,0.0,0.9875776397515528,1.0,0.8164896476342811,223.0,383.0,161.0,161.0,1901.5,611.0,700.5948703112118,510.92698223687887,115.9323202404645,,1.0,0.0,0.0,0.0,0.989010989010989,1.0,0.8147894055633754,568.0,749.0,182.0,182.0,1903.5,595.0,1532.403709510113,531.7698585737453,103.38458852461991,185.0,1205.8395512452719,1202.9051296887883,84.07301776312113,1.1213694603316673,0.983169436454773,0.9937055110931396,0.0,0.0,0.0,1.0,0.0,1.0
SNPT-155,1,3.0,0.035052597655733334,0.966990432956002,0.7096774193548387,1.0,0.9838709677419355,1.0,0.8441956677744465,0.0,61.0,62.0,62.0,938.5,753.5,10.936236551165205,957.6774737438429,188.779198994502,3.0,0.013231086638188571,0.9952808225154877,0.5319148936170213,1.0,0.8829787234042553,1.0,0.7656199608711486,131.0,224.0,94.0,94.0,157.0,1063.5,269.9482542575932,1063.2553837609064,106.06648091689478,70.0,180.36914940219745,146.0637634488348,105.82252625615706,1.7798195750683414,0.9158870577812195,0.9337486028671265,1.0,0.0,1.0,1.0,0.0,0.0
SNPT-155,0,22.0,0.01060125081298443,0.9983998812161959,0.12037037037037036,0.0,0.8333333333333334,1.0,0.8599160854463224,0.0,107.0,108.0,108.0,526.0,297.5,26.20691045123438,493.32571901959585,93.88436092433246,9.0,0.061854262259558625,0.9741832059726381,0.12445414847161572,1.0,0.9956331877729258,1.0,0.9010824377620064,292.0,749.0,458.0,458.0,11.5,569.5,1879.6541372162842,496.2072918644105,116.20158319116322,185.0,77.58101763899587,-14.706910451234378,76.17428098040415,0.8079439052898556,0.6613569259643555,0.960167407989502,0.0,1.0,1.0,0.0,1.0,0.0
SNPT-155,0,22.0,0.01060125081298443,0.9983998812161959,0.12037037037037036,0.0,0.8333333333333334,1.0,0.8599160854463224,0.0,107.0,108.0,108.0,526.0,297.5,26.20691045123438,493.32571901959585,93.88436092433246,3.0,0.008014839051900874,0.9947018342071705,0.5114942528735632,1.0,0.953757225433526,0.9942528735632183,0.7777530054825579,375.0,548.0,174.0,174.0,1903.0,1069.0,1905.1490596523038,1022.9136114341457,180.1742880473413,268.0,1963.0978525688186,1876.7930895487657,575.6742809804041,0.5210752429873017,0.6914818286895752,0.9177823662757874,0.0,1.0,1.0,0.0,1.0,0.0
SNPT-155,1,3.0,0.035052597655733334,0.966990432956002,0.7096774193548387,1.0,0.9838709677419355,1.0,0.8441956677744465,0.0,61.0,62.0,62.0,938.5,753.5,10.936236551165205,957.6774737438429,188.779198994502,3.0,0.008014839051900874,0.9947018342071705,0.5114942528735632,1.0,0.953757225433526,0.9942528735632183,0.7777530054825579,375.0,548.0,174.0,174.0,1903.0,1069.0,1905.1490596523038,1022.9136114341457,180.1742880473413,314.0,1895.3358514543593,1892.0637634488348,111.32252625615706,1.047758817533941,0.9088780283927917,0.9761064648628235,1.0,0.0,1.0,1.0,0.0,1.0
SNPT-155,0,11.0,0.5726551120169461,0.8596023619174957,0.07692307692307693,0.0,1.0,1.0,0.8052277954725119,0.0,25.0,26.0,26.0,295.5,548.0,11.780810468563315,566.2654713423182,138.37365172974543,,1.0,0.0,0.0,1.0,0.9333333333333333,1.0,0.8689757923285166,35.0,65.0,31.0,30.0,1912.0,385.0,1908.824034816032,481.35700074788815,129.05280639690977,10.0,1908.8452371432481,1900.2191895314368,-181.26547134231816,1.07222504952096,0.7248757481575012,0.9316888451576233,0.0,0.0,0.0,0.0,1.0,1.0
SNPT-155,0,,1.0,0.0,0.0,1.0,0.9333333333333333,1.0,0.8689757923285166,35.0,65.0,31.0,30.0,1912.0,385.0,1908.824034816032,481.35700074788815,129.05280639690977,1.0,0.07307147230936348,0.8761012069880962,0.11188811188811189,0.0,0.875,0.018648018648018648,0.5423311973229433,321.0,749.0,429.0,429.0,11.5,515.0,609.5562753990678,487.30794369228386,108.07337376006166,256.0,1897.6222870975312,-1897.324034816032,33.64299925211185,1.1941221219152967,0.5704190731048584,0.9333951473236084,0.0,0.0,0.0,0.0,1.0,0.0
SNPT-155,0,14.0,0.015451177575322704,0.9874714684837005,0.8585858585858586,1.0,0.9949494949494949,1.0,0.8646530400622975,0.0,197.0,198.0,198.0,815.5,566.0,12.149786330775218,601.6224669890266,130.07222941002405,14.0,0.0010516496633629555,0.8457374833524227,0.035634743875278395,0.0,0.9710467706013363,1.0,0.8100254458680185,301.0,749.0,449.0,449.0,13.5,577.5,1099.7969663880617,642.7476184285274,134.75665238556306,104.0,24.16022538365984,1.3502136692247824,-24.122466989026634,0.9652379092786008,0.7500559091567993,0.9189484119415283,1.0,0.0,1.0,0.0,1.0,1.0
SNPT-155,1,22.0,0.01060125081298443,0.9983998812161959,0.12037037037037036,0.0,0.8333333333333334,1.0,0.8599160854463224,0.0,107.0,108.0,108.0,526.0,297.5,26.20691045123438,493.32571901959585,93.88436092433246,22.0,0.012730143089611238,0.9760045302914573,0.269811320754717,0.0,0.9849056603773585,1.0,0.8555572987727399,187.0,716.0,530.0,530.0,9.5,439.5,1912.2906412955122,453.68695420093457,120.27571607445556,80.0,56.358929060105886,-16.70691045123438,-53.82571901959585,0.780576195997987,0.9555761218070984,0.9902491569519043,1.0,0.0,1.0,1.0,0.0,0.0
SNPT-155,0,25.0,0.0020724988444449366,0.9983590199397161,0.4961832061068702,1.0,0.9694656488549618,1.0,0.824828790799352,136.0,310.0,175.0,131.0,1908.5,510.0,1912.0962634106645,675.5853799887745,106.99649982303058,14.0,0.0035373619501600645,0.9972567415237427,0.8522727272727273,1.0,0.9840909090909091,1.0,0.7976995567029173,310.0,749.0,440.0,440.0,6.5,608.0,924.4523078622482,664.4696764966325,139.63820778182998,0.0,1906.7944049406358,-1905.5962634106645,-67.58537998877455,0.7662408557276914,0.8703356981277466,0.9395079016685486,0.0,1.0,1.0,1.0,0.0,1.0
SNPT-155,0,9.0,0.06401057531729748,0.9849370270967484,0.037383177570093455,1.0,0.8785046728971962,1.0,0.8564559070863457,0.0,108.0,109.0,107.0,682.5,286.5,10.103662899710905,494.90049202452514,86.62702107081141,11.0,0.009033461235868926,0.9760221943661973,0.24025974025974026,0.0,0.9577922077922078,1.0,0.8310027306343054,308.0,615.0,308.0,308.0,11.5,606.5,6.956461325271973,810.2009784765252,142.56166529709668,200.0,111.60824314389023,1.3963371002890952,111.59950797547486,0.6076459677310995,0.7553890347480774,0.9342340230941772,0.0,1.0,1.0,0.0,1.0,0.0
SNPT-155,0,3.0,0.035052597655733334,0.966990432956002,0.7096774193548387,1.0,0.9838709677419355,1.0,0.8441956677744465,0.0,61.0,62.0,62.0,938.5,753.5,10.936236551165205,957.6774737438429,188.779198994502,14.0,0.0010516496633629555,0.8457374833524227,0.035634743875278395,0.0,0.9710467706013363,1.0,0.8100254458680185,301.0,749.0,449.0,449.0,13.5,577.5,1099.7969663880617,642.7476184285274,134.75665238556306,240.0,380.1861181385664,2.563763448834795,-380.17747374384294,1.400889645539507,0.6270763874053955,0.9104468822479248,0.0,1.0,1.0,0.0,1.0,1.0
SNPT-155,1,11.0,0.5726551120169461,0.8596023619174957,0.07692307692307693,0.0,1.0,1.0,0.8052277954725119,0.0,25.0,26.0,26.0,295.5,548.0,11.780810468563315,566.2654713423182,138.37365172974543,14.0,0.0010516496633629555,0.8457374833524227,0.035634743875278395,0.0,0.9710467706013363,1.0,0.8100254458680185,301.0,749.0,449.0,449.0,13.5,577.5,1099.7969663880617,642.7476184285274,134.75665238556306,276.0,11.36530891816302,1.719189531436685,11.234528657681835,1.0268409705951547,0.7982689738273621,0.918470025062561,0.0,1.0,0.0,1.0,0.0,1.0
SNPT-155,0,14.0,0.015451177575322704,0.9874714684837005,0.8585858585858586,1.0,0.9949494949494949,1.0,0.8646530400622975,0.0,197.0,198.0,198.0,815.5,566.0,12.149786330775218,601.6224669890266,130.07222941002405,14.0,0.0035373619501600645,0.9972567415237427,0.8522727272727273,1.0,0.9840909090909091,1.0,0.7976995567029173,310.0,749.0,440.0,440.0,6.5,608.0,924.4523078622482,664.4696764966325,139.63820778182998,113.0,8.52015333720406,-5.649786330775218,6.377533010973366,0.9314945492085392,0.9299210906028748,0.9628614187240601,1.0,0.0,1.0,1.0,0.0,1.0
SNPT-155,0,,1.0,0.0,0.0,1.0,0.9968553459119497,1.0,0.7863518438249264,0.0,317.0,318.0,318.0,1188.5,204.0,1909.0172748609539,460.96934727599455,71.92474297353161,3.0,0.008014839051900874,0.9947018342071705,0.5114942528735632,1.0,0.953757225433526,0.9942528735632183,0.7777530054825579,375.0,548.0,174.0,174.0,1903.0,1069.0,1905.1490596523038,1022.9136114341457,180.1742880473413,58.0,608.060426478103,-6.017274860953876,608.0306527240054,0.3991953777257784,0.6922969818115234,0.9348289966583252,0.0,0.0,0.0,1.0,0.0,1.0
SNPT-155,1,3.0,0.013231086638188571,0.9952808225154877,0.5319148936170213,1.0,0.8829787234042553,1.0,0.7656199608711486,131.0,224.0,94.0,94.0,157.0,1063.5,269.9482542575932,1063.2553837609064,106.06648091689478,3.0,0.008014839051900874,0.9947018342071705,0.5114942528735632,1.0,0.953757225433526,0.9942528735632183,0.7777530054825579,375.0,548.0,174.0,174.0,1903.0,1069.0,1905.1490596523038,1022.9136114341457,180.1742880473413,151.0,1633.0618496823863,1633.0517457424069,5.744616239093602,0.5886882199807861,0.8724643588066101,0.9733004570007324,1.0,0.0,1.0,1.0,0.0,0.0
SNPT-155,0,55.0,0.022990920951997396,0.9938417466931373,0.6883116883116883,1.0,0.9956709956709957,1.0,0.8387534997679971,0.0,230.0,231.0,231.0,1708.5,593.0,1912.9895574464126,637.1291671415131,143.20049781509857,11.0,0.009033461235868926,0.9760221943661973,0.24025974025974026,0.0,0.9577922077922078,1.0,0.8310027306343054,308.0,615.0,308.0,308.0,11.5,606.5,6.956461325271973,810.2009784765252,142.56166529709668,78.0,1901.736228544205,-1901.4895574464126,-30.629167141513108,1.0044810960693435,0.7227132320404053,0.927582859992981,0.0,1.0,1.0,0.0,1.0,1.0
SNPT-155,0,,1.0,0.0,0.0,1.0,0.9855072463768116,1.0,0.8327553799186928,0.0,246.0,247.0,207.0,1595.0,260.0,1913.5923846509422,442.90467151825976,85.61680595447666,14.0,0.0010516496633629555,0.8457374833524227,0.035634743875278395,0.0,0.9710467706013363,1.0,0.8100254458680185,301.0,749.0,449.0,449.0,13.5,577.5,1099.7969663880617,642.7476184285274,134.75665238556306,55.0,1904.8535304998156,-1900.0923846509422,134.59532848174024,0.6353438174577947,0.7547736763954163,0.8955855965614319,0.0,0.0,0.0,0.0,1.0,1.0
SNPT-155,0,,1.0,0.0,0.0,1.0,0.9333333333333333,1.0,0.8689757923285166,35.0,65.0,31.0,30.0,1912.0,385.0,1908.824034816032,481.35700074788815,129.05280639690977,14.0,0.0010516496633629555,0.8457374833524227,0.035634743875278395,0.0,0.9710467706013363,1.0,0.8100254458680185,301.0,749.0,449.0,449.0,13.5,577.5,1099.7969663880617,642.7476184285274,134.75665238556306,236.0,1897.7609631501316,-1895.324034816032,96.14299925211185,0.9576729913686669,0.7957980632781982,0.9343073964118958,0.0,0.0,0.0,0.0,1.0,1.0
SNPT-155,0,,1.0,0.0,0.0,1.0,0.9333333333333333,1.0,0.8689757923285166,35.0,65.0,31.0,30.0,1912.0,385.0,1908.824034816032,481.35700074788815,129.05280639690977,3.0,0.013231086638188571,0.9952808225154877,0.5319148936170213,1.0,0.8829787234042553,1.0,0.7656199608711486,131.0,224.0,94.0,94.0,157.0,1063.5,269.9482542575932,1063.2553837609064,106.06648091689478,66.0,1846.0167714669785,-1751.824034816032,582.1429992521118,1.2167162074324427,0.6775252223014832,0.9272733926773071,0.0,0.0,0.0,1.0,0.0,0.0
SNPT-155,0,3.0,0.035052597655733334,0.966990432956002,0.7096774193548387,1.0,0.9838709677419355,1.0,0.8441956677744465,0.0,61.0,62.0,62.0,938.5,753.5,10.936236551165205,957.6774737438429,188.779198994502,25.0,0.0020724988444449366,0.9983590199397161,0.4961832061068702,1.0,0.9694656488549618,1.0,0.824828790799352,136.0,310.0,175.0,131.0,1908.5,510.0,1912.0962634106645,675.5853799887745,106.99649982303058,75.0,1949.6572408635766,1897.5637634488348,-447.67747374384294,1.7643492946660673,0.7514944076538086,0.980734646320343,0.0,1.0,1.0,1.0,0.0,1.0
SNPT-156,1,30.0,0.038785868718994344,0.9790461297785298,0.31448763250883394,0.0,0.9787985865724381,1.0,0.8256432548849827,0.0,282.0,283.0,283.0,1606.0,519.0,1900.8021055805316,609.5578746139818,120.6202175868346,30.0,0.24609325723693473,0.8649315569760665,0.21285140562248997,0.0,0.9759036144578314,1.0,0.8393421036651335,375.0,623.0,249.0,249.0,1907.5,608.0,1897.4634273682295,701.2278214413986,132.25911157564437,93.0,6.876682555363082,6.697894419468412,-1.5578746139817667,0.9119993031092378,0.9157564640045166,0.9926779270172119,1.0,0.0,0.0,1.0,0.0,1.0
SNPT-156,0,30.0,0.038785868718994344,0.9790461297785298,0.31448763250883394,0.0,0.9787985865724381,1.0,0.8256432548849827,0.0,282.0,283.0,283.0,1606.0,519.0,1900.8021055805316,609.5578746139818,120.6202175868346,24.0,0.471151286377359,0.8046301156282425,0.33766233766233766,1.0,1.0,1.0,0.8428279401419999,399.0,629.0,231.0,231.0,1902.0,533.5,1903.1892141579,618.767043821495,121.12046412314066,117.0,76.06730731290786,1.1978944194684118,-76.05787461398177,0.9958698429705696,0.5341470241546631,0.9407100677490234,0.0,1.0,0.0,0.0,1.0,1.0
SNPT-156,1,,1.0,0.0,0.0,1.0,0.9946236559139785,1.0,0.8378655763082606,0.0,185.0,186.0,186.0,189.5,643.5,12.61313625540308,751.8732082385075,123.74716873216265,14.0,0.0004312285022600033,0.9977372200102419,0.8345864661654135,1.0,1.0,1.0,0.7782724311477259,484.0,749.0,266.0,266.0,14.0,712.5,1126.94344890817,540.2595018752667,127.33506815894468,299.0,39.39762579190463,1.3868637445969192,-39.37320823850746,0.9718231632600732,0.8305266499519348,0.9555330276489258,0.0,0.0,0.0,1.0,0.0,1.0
SNPT-156,0,25.0,0.0034677955441309123,0.9735053417583307,0.07973421926910298,1.0,0.9069767441860465,1.0,0.8561526719121838,0.0,300.0,301.0,301.0,1501.0,472.5,1884.2428436744117,591.2579179229493,115.79663180643772,6.0,0.03849858318130578,0.9778721755550753,0.48947368421052634,1.0,0.9947368421052631,1.0,0.8368453628138492,396.0,628.0,233.0,190.0,1892.0,703.0,1902.3363349786578,700.7915923292521,151.32654706658636,96.0,112.0110100890709,7.757156325588312,111.74208207705067,0.7652102955569663,0.7793999910354614,0.9869034290313721,0.0,1.0,1.0,1.0,0.0,1.0
SNPT-156,0,25.0,0.0034677955441309123,0.9735053417583307,0.07973421926910298,1.0,0.9069767441860465,1.0,0.8561526719121838,0.0,300.0,301.0,301.0,1501.0,472.5,1884.2428436744117,591.2579179229493,115.79663180643772,24.0,0.471151286377359,0.8046301156282425,0.33766233766233766,1.0,1.0,1.0,0.8428279401419999,399.0,629.0,231.0,231.0,1902.0,533.5,1903.1892141579,618.767043821495,121.12046412314066,99.0,60.42593552081368,17.757156325588312,-57.75791792294933,0.9560451460019975,0.7250628471374512,0.9915279746055603,0.0,1.0,0.0,1.0,0.0,1.0
SNPT-156,0,,1.0,0.0,0.0,1.0,0.9946236559139785,1.0,0.8378655763082606,0.0,185.0,186.0,186.0,189.5,643.5,12.61313625540308,751.8732082385075,123.74716873216265,30.0,0.24609325723693473,0.8649315569760665,0.21285140562248997,0.0,0.9759036144578314,1.0,0.8393421036651335,375.0,623.0,249.0,249.0,1907.5,608.0,1897.4634273682295,701.2278214413986,132.25911157564437,190.0,1900.3409500509838,1894.886863744597,-143.87320823850746,0.9356419172783162,0.585475504398346,0.9143942594528198,0.0,0.0,0.0,0.0,1.0,1.0
SNPT-156,0,30.0,0.038785868718994344,0.9790461297785298,0.31448763250883394,0.0,0.9787985865724381,1.0,0.8256432548849827,0.0,282.0,283.0,283.0,1606.0,519.0,1900.8021055805316,609.5578746139818,120.6202175868346,6.0,0.03849858318130578,0.9778721755550753,0.48947368421052634,1.0,0.9947368421052631,1.0,0.8368453628138492,396.0,628.0,233.0,190.0,1892.0,703.0,1902.3363349786578,700.7915923292521,151.32654706658636,114.0,93.85578223693615,-8.802105580531588,93.44212538601823,0.7970856397969589,0.6314985752105713,0.9204981327056885,0.0,1.0,1.0,0.0,1.0,1.0
SNPT-156,0,6.0,5.3614213750089824e-05,0.9999958810706934,0.3018867924528302,1.0,1.0,1.0,0.8197339381436882,0.0,317.0,318.0,318.0,1684.5,552.0,1905.6485948268273,792.4139561459759,142.52817119904498,24.0,0.471151286377359,0.8046301156282425,0.33766233766233766,1.0,1.0,1.0,0.8428279401419999,399.0,629.0,231.0,231.0,1902.0,533.5,1903.1892141579,618.767043821495,121.12046412314066,82.0,258.93966272352077,-3.6485948268273205,-258.91395614597593,1.1767472345064625,0.8059314489364624,0.9919962882995605,0.0,1.0,0.0,1.0,0.0,1.0
SNPT-157,1,,1.0,0.0,0.0,1.0,1.0,0.72,0.6831320023536682,46.0,71.0,26.0,25.0,1913.5,441.5,1913.890246308511,459.1236813704372,60.431686541546725,26.0,0.1625022164350542,0.9120369156201681,0.8181818181818182,1.0,1.0,1.0,0.9131167422641407,739.0,749.0,11.0,11.0,1906.5,522.0,1839.3805322936844,510.36302172138073,116.50029507637284,668.0,63.30913982125143,-7.390246308510996,62.876318629562775,0.5187256092521498,0.7557523846626282,0.9273719191551208,0.0,0.0,0.0,1.0,0.0,1.0
SNPT-157,0,,1.0,0.0,0.0,1.0,1.0,0.72,0.6831320023536682,46.0,71.0,26.0,25.0,1913.5,441.5,1913.890246308511,459.1236813704372,60.431686541546725,10.0,0.03504823911056779,0.9673657963673273,0.13452914798206278,0.0,0.9774774774774775,0.9955156950672646,0.8533623018072325,217.0,441.0,225.0,223.0,1897.5,994.5,1914.745983386702,819.2465068067363,141.8075018637734,146.0,535.6271489790233,-16.390246308510996,535.3763186295628,0.42615295909803197,0.7177759408950806,0.9271973967552185,0.0,0.0,0.0,0.0,1.0,1.0
SNPT-157,1,,1.0,0.0,0.0,,0.0,0.0,0.5373098957829359,0.0,204.0,205.0,205.0,683.0,346.0,19.22462201614249,422.1092444112128,71.26591192052065,,1.0,0.0,0.0,,0.0,0.0,0.5407881604956322,447.0,749.0,303.0,303.0,23.0,372.5,645.7974137253987,471.60687211317475,70.42302627657243,243.0,49.75269449961924,3.77537798385751,-49.609244411212785,1.011968892683452,0.9732376933097839,0.9915791749954224,0.0,0.0,0.0,0.0,0.0,0.0
SNPT-157,0,,1.0,0.0,0.0,,0.0,0.0,0.5373098957829359,0.0,204.0,205.0,205.0,683.0,346.0,19.22462201614249,422.1092444112128,71.26591192052065,,1.0,0.0,0.0,1.0,0.9207920792079208,0.905829596412556,0.8644404459427291,225.0,447.0,223.0,223.0,1899.5,485.5,1847.9776242361297,381.02264120042196,73.51772171810268,21.0,1881.3436381869356,1880.2753779838574,63.390755588787215,0.9693705171357677,0.6261045336723328,0.9353854656219482,0.0,0.0,0.0,0.0,0.0,0.0
SNPT-157,0,,1.0,0.0,0.0,,0.0,0.0,0.5373098957829359,0.0,204.0,205.0,205.0,683.0,346.0,19.22462201614249,422.1092444112128,71.26591192052065,,1.0,0.0,0.0,1.0,1.0,0.9702970297029703,0.8806721568107605,237.0,454.0,218.0,202.0,1911.0,608.0,1903.564558168031,484.06025143840884,108.20027218804783,33.0,1900.8864915505442,1891.7753779838574,185.89075558878721,0.6586481760107155,0.6432594060897827,0.910318911075592,0.0,0.0,0.0,0.0,0.0,0.0
SNPT-157,0,3.0,0.007333750112612354,0.9957201549162468,0.4528301886792453,1.0,0.9904761904761905,0.9905660377358491,0.8481120649936065,229.0,440.0,212.0,212.0,1909.5,898.0,1900.3713529456081,848.2155205656964,137.3318190094591,10.0,0.04875897112224082,0.9755799209370333,0.8031496062992126,0.0,1.0,0.968503937007874,0.8186106268815169,623.0,749.0,127.0,127.0,1902.0,1051.5,679.3583740709169,970.0287238592929,162.47190014614387,183.0,203.29100341653984,1.6286470543918767,203.28447943430365,0.8452650512853533,0.6544149518013,0.8912965655326843,0.0,1.0,1.0,0.0,1.0,1.0
SNPT-157,0,11.0,0.023607653423119344,0.9915247002527827,0.5915492957746479,0.0,1.0,1.0,0.7967998362343076,0.0,283.0,284.0,284.0,617.5,891.5,12.241898328986078,775.3215643003704,175.55782359858497,30.0,0.0770971945648753,0.9610356116781429,0.8235294117647058,0.0,1.0,0.9831932773109243,0.8582464982481564,631.0,749.0,119.0,119.0,1905.5,756.5,1313.7187594510347,583.5230344388292,137.89055146360184,348.0,1893.3516553523923,1893.258101671014,-18.82156430037037,1.273167898272754,0.8144067525863647,0.9625409841537476,0.0,1.0,1.0,1.0,0.0,1.0
SNPT-157,0,,1.0,0.0,0.0,0.0,1.0,0.9815668202764977,0.7894021901666843,227.0,448.0,222.0,217.0,1908.0,499.5,1881.846020284941,392.6561932508523,81.37075069170356,3.0,0.013260512811989242,0.9853559823830923,0.847457627118644,1.0,1.0,0.96045197740113,0.8534846642596573,507.0,683.0,177.0,177.0,1400.5,1041.5,10.031203708809493,607.3262560655874,123.39220480000152,59.0,807.8937286554935,-481.346020284941,648.8438067491477,0.6594480650020977,0.6935876607894897,0.9282492995262146,0.0,0.0,0.0,0.0,1.0,1.0
SNPT-158,0,6.0,0.00034805006175002537,0.9999653513614948,0.08843537414965986,0.0,0.9931972789115646,1.0,0.8942793919926598,0.0,293.0,294.0,294.0,1304.5,569.5,1913.3895069605953,613.9171185282663,110.48956646441991,6.0,0.04750583373409297,0.9819601567255126,0.16822429906542055,1.0,1.0,1.0,0.8690814431582656,493.0,749.0,257.0,214.0,1903.0,504.0,221.7977457351597,501.9259830291107,97.39844379919315,200.0,110.40704144410901,-10.389506960595327,-109.91711852826631,1.1344079243423724,0.7285208702087402,0.9317501783370972,1.0,0.0,1.0,0.0,1.0,1.0
SNPT-158,0,,1.0,0.0,0.0,0.0,0.9965277777777778,1.0,0.875062277333604,0.0,287.0,288.0,288.0,1250.5,497.0,1909.8056137004487,497.57523963628205,93.92429314069635,30.0,0.05864534283726167,0.939611407487016,0.5480769230769231,1.0,1.0,1.0,0.8608155078612841,542.0,749.0,208.0,208.0,1899.5,802.0,622.7433755651372,590.0637681124164,131.94209537791363,255.0,304.5991470707854,-10.305613700448703,304.42476036371795,0.7118599478936178,0.673124372959137,0.925283670425415,0.0,0.0,0.0,0.0,1.0,1.0
SNPT-158,0,10.0,0.006216399232898261,0.9946718346941602,0.6594202898550725,1.0,1.0,1.0,0.855937048792839,0.0,275.0,276.0,276.0,1361.0,613.0,1730.6331028856237,477.5859994886338,115.78591525315136,10.0,0.08721548127620983,0.973123380006888,0.527027027027027,0.0,0.8918918918918919,1.0,0.8154155233421841,447.0,594.0,148.0,148.0,1906.0,529.0,6.898363497729634,444.24183943703986,102.72002622598063,172.0,182.7483188762814,175.36689711437634,51.414000511366226,1.1271990429444225,0.7044295072555542,0.9332163333892822,1.0,0.0,1.0,0.0,1.0,0.0
SNPT-158,0,,1.0,0.0,0.0,1.0,0.95,0.06920415224913495,0.5599989783805135,0.0,288.0,289.0,289.0,1018.0,350.0,1916.239775150889,375.2945621471657,59.38696846953464,,1.0,0.0,0.0,0.0,0.8115942028985508,1.0,0.8606340173937849,543.0,749.0,207.0,207.0,1901.0,435.5,833.7623731045734,403.248343047283,91.25473072313285,255.0,62.104311393824716,-15.239775150889045,60.20543785283428,0.6507823539550502,0.5618218183517456,0.9303810000419617,0.0,0.0,0.0,0.0,1.0,0.0
SNPT-158,0,29.0,0.007496511746490756,0.995108918993885,0.5840978593272171,1.0,1.0,1.0,0.8727829784428308,232.0,558.0,327.0,327.0,9.5,613.5,9.513593978200422,524.9595439574456,125.95676501361564,,1.0,0.0,0.0,1.0,1.0,0.03418803418803419,0.5614177472571023,627.0,743.0,117.0,117.0,1908.0,441.5,1913.9158203914417,444.68300479051027,100.37312253735577,69.0,1900.3200070849,1898.4864060217997,-83.45954395744559,1.254885389928349,0.5875817537307739,0.9145841598510742,0.0,0.0,0.0,1.0,0.0,1.0
SNPT-158,0,11.0,0.01891177950152964,0.9896910197472986,0.6113074204946997,1.0,1.0,1.0,0.8292367784800041,0.0,282.0,283.0,283.0,1348.5,822.5,1909.5138447382844,807.0924356730806,156.86095892349147,1.0,0.019657793454825878,0.9973790347576141,0.017699115044247787,1.0,1.0,0.008849557522123894,0.5256317400299342,319.0,431.0,113.0,113.0,8.0,420.0,5.625669958762822,471.84639238303384,80.63964946430232,37.0,1940.5142244999622,-1901.5138447382844,-387.09243567308056,1.945208839144705,0.6187869906425476,0.8976638913154602,0.0,1.0,1.0,1.0,0.0,1.0
SNPT-158,0,26.0,0.07918720727117873,0.9307926682864919,0.10725552050473186,0.0,0.9873817034700315,1.0,0.8618097504606759,0.0,316.0,317.0,317.0,628.0,516.0,1910.070573095295,530.8576164468683,92.92060071431959,23.0,0.015952905623314164,0.975473415851593,0.2734375,0.0,0.765625,1.0,0.7925984039902687,455.0,582.0,128.0,128.0,1908.0,411.5,9.440022746255616,463.8241033994531,87.37801920964182,139.0,119.37557487535163,-2.0705730952950034,-119.35761644686829,1.0634322173335118,0.7671446800231934,0.9586671590805054,0.0,1.0,1.0,1.0,0.0,0.0
SNPT-158,0,10.0,0.006216399232898261,0.9946718346941602,0.6594202898550725,1.0,1.0,1.0,0.855937048792839,0.0,275.0,276.0,276.0,1361.0,613.0,1730.6331028856237,477.5859994886338,115.78591525315136,5.0,0.05652492379660293,0.9476457582786679,0.5614035087719298,1.0,1.0,1.0,0.8660627969524317,284.0,397.0,114.0,114.0,11.5,724.0,13.901477029341006,695.5158607324568,126.23824836309424,9.0,1736.703338248985,-1719.1331028856237,246.41400051136623,0.9172015356242964,0.6360429525375366,0.9843881130218506,0.0,1.0,1.0,1.0,0.0,1.0
SNPT-158,0,,1.0,0.0,0.0,1.0,0.95,0.06920415224913495,0.5599989783805135,0.0,288.0,289.0,289.0,1018.0,350.0,1916.239775150889,375.2945621471657,59.38696846953464,1.0,0.019657793454825878,0.9973790347576141,0.017699115044247787,1.0,1.0,0.008849557522123894,0.5256317400299342,319.0,431.0,113.0,113.0,8.0,420.0,5.625669958762822,471.84639238303384,80.63964946430232,31.0,1908.763373402143,-1908.239775150889,44.70543785283428,0.736448742821286,0.5925827026367188,0.940908670425415,0.0,0.0,0.0,1.0,0.0,1.0
SNPT-158,1,,1.0,0.0,0.0,0.0,0.9290540540540541,0.8433048433048433,0.8025884686032592,0.0,350.0,351.0,351.0,149.5,470.5,1905.2714217937455,432.7510744220375,85.35678984736043,10.0,0.08721548127620983,0.973123380006888,0.527027027027027,0.0,0.8918918918918919,1.0,0.8154155233421841,447.0,594.0,148.0,148.0,1906.0,529.0,6.898363497729634,444.24183943703986,102.72002622598063,97.0,96.25168310795813,0.7285782062544968,96.2489255779625,0.8309654210910961,0.8985044360160828,0.9736626148223877,0.0,0.0,0.0,1.0,0.0,0.0
SNPT-158,1,10.0,0.006216399232898261,0.9946718346941602,0.6594202898550725,1.0,1.0,1.0,0.855937048792839,0.0,275.0,276.0,276.0,1361.0,613.0,1730.6331028856237,477.5859994886338,115.78591525315136,10.0,0.05974980966400128,0.9733034059528477,0.6954022988505747,1.0,1.0,1.0,0.8537793926809026,576.0,749.0,174.0,174.0,1899.0,1046.5,1042.425880416636,762.3507169671784,172.05489136815393,301.0,593.3047716155414,168.36689711437634,568.9140005113662,0.672959160489072,0.9287736415863037,0.9856460690498352,1.0,0.0,1.0,1.0,0.0,1.0
SNPT-158,0,,1.0,0.0,0.0,0.0,0.9965277777777778,1.0,0.875062277333604,0.0,287.0,288.0,288.0,1250.5,497.0,1909.8056137004487,497.57523963628205,93.92429314069635,9.0,0.01535018722067889,0.9806868235270182,0.22340425531914893,1.0,0.973404255319149,1.0,0.8786551124872045,562.0,749.0,188.0,188.0,1911.0,634.0,1051.537423746075,484.6070376782641,94.48166599295782,275.0,136.42998863494208,1.1943862995512973,136.42476036371795,0.9941007300580093,0.7179375886917114,0.9245291352272034,0.0,0.0,0.0,0.0,1.0,1.0
SNPT-158,1,6.0,0.00034805006175002537,0.9999653513614948,0.08843537414965986,0.0,0.9931972789115646,1.0,0.8942793919926598,0.0,293.0,294.0,294.0,1304.5,569.5,1913.3895069605953,613.9171185282663,110.48956646441991,6.0,0.023354026039496916,0.8869875306753736,0.37254901960784315,0.0,0.8382352941176471,1.0,0.902426222375795,546.0,749.0,204.0,204.0,1901.0,755.5,669.1881504647239,629.8445529129216,130.42695403186607,253.0,142.12393256790227,-12.389506960595327,141.58288147173369,0.8471375206494891,0.9486031532287598,0.9902578592300415,1.0,0.0,1.0,1.0,0.0,0.0
SNPT-158,0,,1.0,0.0,0.0,1.0,0.996875,1.0,0.8152246672660113,20.0,339.0,320.0,320.0,5.5,344.5,1915.672316350316,338.3418286285313,47.45905391219859,10.0,0.05974980966400128,0.9733034059528477,0.6954022988505747,1.0,1.0,1.0,0.8537793926809026,576.0,749.0,174.0,174.0,1899.0,1046.5,1042.425880416636,762.3507169671784,172.05489136815393,237.0,708.3544041033891,-16.672316350315896,708.1581713714687,0.2758367026639668,0.6104999780654907,0.9396610260009766,0.0,0.0,0.0,1.0,0.0,1.0
SNPT-158,0,,1.0,0.0,0.0,0.0,0.9290540540540541,0.8433048433048433,0.8025884686032592,0.0,350.0,351.0,351.0,149.5,470.5,1905.2714217937455,432.7510744220375,85.35678984736043,3.0,0.021181233501733798,0.9676336330526015,0.4521276595744681,0.0,0.9946808510638298,1.0,0.8933659757071353,562.0,749.0,188.0,188.0,1893.5,754.0,1481.7520236978376,585.9398764690336,118.14568733036232,212.0,321.464521457721,-11.771421793745503,321.2489255779625,0.7224706358403363,0.8692651987075806,0.9734011888504028,0.0,0.0,0.0,1.0,0.0,1.0
SNPT-158,0,10.0,0.006216399232898261,0.9946718346941602,0.6594202898550725,1.0,1.0,1.0,0.855937048792839,0.0,275.0,276.0,276.0,1361.0,613.0,1730.6331028856237,477.5859994886338,115.78591525315136,,1.0,0.0,0.0,0.0,0.8115942028985508,1.0,0.8606340173937849,543.0,749.0,207.0,207.0,1901.0,435.5,833.7623731045734,403.248343047283,91.25473072313285,268.0,175.48820753924684,170.36689711437634,-42.085999488633774,1.2688209623284759,0.6881136894226074,0.9300891160964966,0.0,0.0,0.0,0.0,1.0,0.0
SNPT-158,1,26.0,0.07918720727117873,0.9307926682864919,0.10725552050473186,0.0,0.9873817034700315,1.0,0.8618097504606759,0.0,316.0,317.0,317.0,628.0,516.0,1910.070573095295,530.8576164468683,92.92060071431959,26.0,0.019130766809257693,0.986305015843089,0.15953307392996108,0.0,1.0,1.0,0.8815180285895381,493.0,749.0,257.0,257.0,1907.5,597.0,502.17843441313335,541.8989843348941,115.55890127538284,177.0,66.192316382854,-2.5705730952950034,66.14238355313171,0.8040973017983702,0.9777529239654541,0.9814997911453247,1.0,0.0,1.0,1.0,0.0,1.0
SNPT-158,1,,1.0,0.0,0.0,0.0,0.9927536231884058,1.0,0.8744482700375543,0.0,275.0,276.0,276.0,887.5,434.0,1376.371899803135,384.8172598411465,89.59556466677498,9.0,0.0023672518056462814,0.9997350763190876,0.10837438423645321,0.0,0.812807881773399,1.0,0.8940022593648563,547.0,749.0,203.0,203.0,1897.5,499.5,1144.1774620318943,466.56033139321653,102.98225407862951,272.0,533.5978145618074,521.128100196865,114.6827401588535,0.8700097455467088,0.939203679561615,0.9672799706459045,0.0,0.0,0.0,1.0,0.0,0.0
SNPT-158,0,6.0,0.007047271550362901,0.9926665122470548,0.3875,1.0,0.996875,1.0,0.8633370170369744,0.0,352.0,353.0,320.0,308.0,547.0,1910.0324175677918,433.2826426982518,92.82350921020092,9.0,0.01535018722067889,0.9806868235270182,0.22340425531914893,1.0,0.973404255319149,1.0,0.8786551124872045,562.0,749.0,188.0,188.0,1911.0,634.0,1051.537423746075,484.6070376782641,94.48166599295782,210.0,200.71968946259554,0.9675824322082462,200.71735730174822,0.9824499624839333,0.8429321050643921,0.9907772541046143,0.0,1.0,1.0,1.0,0.0,1.0
SNPT-158,1,11.0,0.01891177950152964,0.9896910197472986,0.6113074204946997,1.0,1.0,1.0,0.8292367784800041,0.0,282.0,283.0,283.0,1348.5,822.5,1909.5138447382844,807.0924356730806,156.86095892349147,,1.0,0.0,0.0,1.0,1.0,1.0,0.8397976726293563,518.0,557.0,40.0,40.0,638.5,1069.0,12.236959771468662,998.7972751337364,92.38612157921969,236.0,1297.7179068534329,-1271.0138447382844,261.90756432691944,1.6978844467346277,0.7278404235839844,0.9563714861869812,0.0,0.0,0.0,1.0,0.0,1.0
SNPT-158,0,3.0,0.0005638302683066632,0.9978123726323247,0.2277580071174377,0.0,0.9644128113879004,1.0,0.8648032089993622,0.0,280.0,281.0,281.0,1477.0,604.5,1894.881083715602,501.46771086493777,109.4781571886781,55.0,0.06763840637803595,0.9729624769904397,0.05945945945945946,0.0,0.9945945945945946,1.0,0.8980213822545232,565.0,749.0,185.0,185.0,1903.5,621.0,1128.7474043621924,499.6349195917762,82.93636980363631,285.0,119.84262123212082,8.618916284397983,119.53228913506223,1.320025912008004,0.8681337833404541,0.9611204862594604,0.0,1.0,1.0,1.0,0.0,1.0
SNPT-158,0,,1.0,0.0,0.0,0.0,0.9290540540540541,0.8433048433048433,0.8025884686032592,0.0,350.0,351.0,351.0,149.5,470.5,1905.2714217937455,432.7510744220375,85.35678984736043,30.0,0.05864534283726167,0.939611407487016,0.5480769230769231,1.0,1.0,1.0,0.8608155078612841,542.0,749.0,208.0,208.0,1899.5,802.0,622.7433755651372,590.0637681124164,131.94209537791363,192.0,369.29402696225804,-5.771421793745503,369.2489255779625,0.6469261353086612,0.6863282322883606,0.9410464763641357,0.0,0.0,0.0,0.0,1.0,1.0
SNPT-158,0,,1.0,0.0,0.0,1.0,1.0,1.0,0.8397976726293563,518.0,557.0,40.0,40.0,638.5,1069.0,12.236959771468662,998.7972751337364,92.38612157921969,3.0,0.021181233501733798,0.9676336330526015,0.4521276595744681,0.0,0.9946808510638298,1.0,0.8933659757071353,562.0,749.0,188.0,188.0,1893.5,754.0,1481.7520236978376,585.9398764690336,118.14568733036232,5.0,1897.1231727125148,1881.2630402285313,-244.79727513373643,0.7819677862712584,0.683263897895813,0.9168602228164673,0.0,0.0,0.0,0.0,1.0,1.0
SNPT-158,0,6.0,0.00034805006175002537,0.9999653513614948,0.08843537414965986,0.0,0.9931972789115646,1.0,0.8942793919926598,0.0,293.0,294.0,294.0,1304.5,569.5,1913.3895069605953,613.9171185282663,110.48956646441991,,1.0,0.0,0.0,1.0,1.0,1.0,0.8397976726293563,518.0,557.0,40.0,40.0,638.5,1069.0,12.236959771468662,998.7972751337364,92.38612157921969,225.0,1353.6778361068211,-1274.8895069605953,455.0828814717337,1.195954160384109,0.722427487373352,0.916533887386322,0.0,0.0,0.0,0.0,1.0,1.0
SNPT-158,0,,1.0,0.0,0.0,1.0,1.0,1.0,0.9069127112627029,276.0,295.0,20.0,20.0,1521.5,446.0,1912.95568381374,518.5960406058435,74.62812038703592,,1.0,0.0,0.0,0.0,0.8115942028985508,1.0,0.8606340173937849,543.0,749.0,207.0,207.0,1901.0,435.5,833.7623731045734,403.248343047283,91.25473072313285,248.0,83.95171433521845,-11.955683813740052,-83.09604060584354,0.8178000175515051,0.6636108160018921,0.908393144607544,0.0,0.0,0.0,0.0,1.0,0.0
SNPT-158,0,1.0,0.019657793454825878,0.9973790347576141,0.017699115044247787,1.0,1.0,0.008849557522123894,0.5256317400299342,319.0,431.0,113.0,113.0,8.0,420.0,5.625669958762822,471.84639238303384,80.63964946430232,,1.0,0.0,0.0,1.0,1.0,0.03418803418803419,0.5614177472571023,627.0,743.0,117.0,117.0,1908.0,441.5,1913.9158203914417,444.68300479051027,100.37312253735577,196.0,1902.6163552147111,1902.3743300412373,-30.346392383033844,0.8033988325339858,0.5875642895698547,0.9206888675689697,0.0,0.0,0.0,1.0,0.0,1.0
SNPT-158,1,,1.0,0.0,0.0,1.0,1.0,1.0,0.9069127112627029,276.0,295.0,20.0,20.0,1521.5,446.0,1912.95568381374,518.5960406058435,74.62812038703592,30.0,0.05864534283726167,0.939611407487016,0.5480769230769231,1.0,1.0,1.0,0.8608155078612841,542.0,749.0,208.0,208.0,1899.5,802.0,622.7433755651372,590.0637681124164,131.94209537791363,247.0,283.72320953207196,-13.455683813740052,283.40395939415646,0.5656126664752684,0.816797137260437,0.9311978220939636,0.0,0.0,0.0,1.0,0.0,1.0
SNPT-158,0,,1.0,0.0,0.0,1.0,1.0,1.0,0.8996602310223526,243.0,331.0,89.0,89.0,10.0,475.5,1889.7536092907403,478.8834412246463,81.94865509385448,10.0,0.05974980966400128,0.9733034059528477,0.6954022988505747,1.0,1.0,1.0,0.8537793926809026,576.0,749.0,174.0,174.0,1899.0,1046.5,1042.425880416636,762.3507169671784,172.05489136815393,245.0,567.6918649559133,9.246390709259686,567.6165587753537,0.4762936667607147,0.7984740138053894,0.9336816072463989,0.0,0.0,0.0,1.0,0.0,1.0
SNPT-158,0,,1.0,0.0,0.0,1.0,1.0,1.0,0.9069127112627029,276.0,295.0,20.0,20.0,1521.5,446.0,1912.95568381374,518.5960406058435,74.62812038703592,,1.0,0.0,0.0,1.0,1.0,0.03418803418803419,0.5614177472571023,627.0,743.0,117.0,117.0,1908.0,441.5,1913.9158203914417,444.68300479051027,100.37312253735577,332.0,77.25515050247226,-4.955683813740052,-77.09604060584354,0.7435070116430984,0.5344335436820984,0.9315041899681091,0.0,0.0,0.0,1.0,0.0,1.0
SNPT-158,0,,1.0,0.0,0.0,0.0,0.9927536231884058,1.0,0.8744482700375543,0.0,275.0,276.0,276.0,887.5,434.0,1376.371899803135,384.8172598411465,89.59556466677498,26.0,0.019130766809257693,0.986305015843089,0.15953307392996108,0.0,1.0,1.0,0.8815180285895381,493.0,749.0,257.0,257.0,1907.5,597.0,502.17843441313335,541.8989843348941,115.55890127538284,218.0,571.9428066162303,531.128100196865,212.1827401588535,0.7753237844764906,0.6984561085700989,0.9584418535232544,0.0,0.0,0.0,1.0,0.0,1.0
SNPT-158,0,14.0,0.0031120695057325065,0.9996890425682068,0.0034965034965034965,1.0,0.9825174825174825,1.0,0.8568716476430426,273.0,558.0,286.0,286.0,17.5,462.0,5.802270198484386,416.8237738796191,80.24785824175557,10.0,0.05974980966400128,0.9733034059528477,0.6954022988505747,1.0,1.0,1.0,0.8537793926809026,576.0,749.0,174.0,174.0,1899.0,1046.5,1042.425880416636,762.3507169671784,172.05489136815393,18.0,1995.1666080472621,1893.1977298015156,629.6762261203809,0.4664084676909618,0.7724753618240356,0.9539881348609924,0.0,1.0,1.0,1.0,0.0,1.0
SNPT-158,1,,1.0,0.0,0.0,0.0,0.9965277777777778,1.0,0.875062277333604,0.0,287.0,288.0,288.0,1250.5,497.0,1909.8056137004487,497.57523963628205,93.92429314069635,55.0,0.06763840637803595,0.9729624769904397,0.05945945945945946,0.0,0.9945945945945946,1.0,0.8980213822545232,565.0,749.0,185.0,185.0,1903.5,621.0,1128.7474043621924,499.6349195917762,82.93636980363631,278.0,123.58572828195207,-6.305613700448703,123.42476036371795,1.1324861862542996,0.8861398696899414,0.9646724462509155,0.0,0.0,0.0,1.0,0.0,1.0
SNPT-159,0,14.0,0.0043788497819105925,0.9871827882749064,0.9642857142857143,0.0,1.0,1.0,0.7901574511613164,0.0,55.0,56.0,56.0,77.0,588.0,16.77787171457163,579.5821401959322,131.10814118343833,5.0,0.24250414169260434,0.8355228925744692,0.07228915662650602,1.0,0.9156626506024096,1.0,0.8789751903120294,110.0,319.0,210.0,166.0,8.5,566.0,16.745786864810505,522.8346535673109,119.60613106999206,55.0,15.905901182418498,-8.277871714571631,-13.582140195932197,1.096165723366768,0.7732247114181519,0.8664558529853821,0.0,1.0,0.0,0.0,1.0,1.0
SNPT-159,0,,1.0,0.0,0.0,1.0,1.0,1.0,0.7716407592479999,418.0,430.0,13.0,13.0,1621.0,528.0,1883.3654708101612,501.9404307675789,95.66599755471658,,1.0,0.0,0.0,1.0,1.0,1.0,0.8405500767737861,623.0,749.0,127.0,127.0,1899.0,227.5,1735.351837649278,261.5478462941424,50.21683293352001,193.0,274.8854098399589,15.634529189838759,-274.4404307675789,1.90505836322583,0.7344008088111877,0.9651033878326416,0.0,0.0,0.0,1.0,0.0,1.0
SNPT-159,0,10.0,0.0011922271284333463,0.9998614245803777,0.8710691823899371,1.0,1.0,1.0,0.7671832127391167,0.0,317.0,318.0,318.0,647.5,776.0,8.807069708764455,601.5775465476698,150.1913774081029,,1.0,0.0,0.0,1.0,1.0,1.0,0.7716407592479999,418.0,430.0,13.0,13.0,1621.0,528.0,1883.3654708101612,501.9404307675789,95.66599755471658,101.0,1613.8710294930681,1612.1929302912356,-73.57754654766984,1.5699556921695224,0.7369149923324585,0.8681609034538269,0.0,0.0,0.0,1.0,0.0,1.0
SNPT-159,0,,1.0,0.0,0.0,1.0,1.0,1.0,0.7716407592479999,418.0,430.0,13.0,13.0,1621.0,528.0,1883.3654708101612,501.9404307675789,95.66599755471658,10.0,0.013085082516586544,0.9896248416467146,0.567741935483871,1.0,1.0,1.0,0.7940862224948022,595.0,749.0,155.0,155.0,1902.5,988.0,1289.888305406595,662.8186142758608,153.52434352489928,165.0,486.43605443030594,19.13452918983876,486.0595692324211,0.6231324320185159,0.69026780128479,0.8563529253005981,0.0,0.0,0.0,1.0,0.0,1.0
SNPT-159,1,5.0,0.24250414169260434,0.8355228925744692,0.07228915662650602,1.0,0.9156626506024096,1.0,0.8789751903120294,110.0,319.0,210.0,166.0,8.5,566.0,16.745786864810505,522.8346535673109,119.60613106999206,,1.0,0.0,0.0,1.0,1.0,1.0,0.8493518572794967,391.0,716.0,326.0,309.0,9.5,565.5,8.091638232709897,383.63579550073695,93.40288330843985,72.0,43.27624306142622,-7.245786864810505,42.66534643268915,1.2805400308149213,0.9505507349967957,0.9842382073402405,0.0,0.0,0.0,1.0,0.0,1.0
SNPT-159,0,22.0,0.01042344846305091,0.9956030465744354,0.23333333333333334,1.0,0.8948717948717949,1.0,0.8721536530898167,0.0,417.0,418.0,390.0,692.5,469.0,1334.4151495166602,456.3939637099836,109.83151772860137,10.0,0.013085082516586544,0.9896248416467146,0.567741935483871,1.0,1.0,1.0,0.7940862224948022,595.0,749.0,155.0,155.0,1902.5,988.0,1289.888305406595,662.8186142758608,153.52434352489928,178.0,778.0265902709629,568.0848504833398,531.6060362900164,0.7154013181680754,0.8225641250610352,0.9526253938674927,0.0,1.0,1.0,1.0,0.0,0.0
SNPT-159,0,9.0,0.0013710057133754195,0.999783726962837,0.9327731092436975,1.0,1.0,1.0,0.7687686476386896,66.0,184.0,119.0,119.0,1913.0,559.5,1913.608680269208,524.192281302783,132.05404110776664,,1.0,0.0,0.0,0.0,0.5714285714285714,0.023178807947019868,0.5584923263811907,379.0,749.0,371.0,302.0,10.5,567.5,325.0169110264718,264.85781405600335,81.46734117308684,195.0,1903.6013782866316,-1903.108680269208,43.307718697216956,1.6209445307316765,0.6029123663902283,0.8915468454360962,0.0,0.0,0.0,0.0,1.0,0.0
SNPT-159,0,14.0,0.00963738064155414,0.991131436945212,0.30275229357798167,1.0,0.6391437308868502,1.0,0.8620357371251518,185.0,594.0,410.0,327.0,17.5,584.5,1911.5312221603808,1026.5601094137633,137.40664224154355,3.0,0.06624775682400375,0.9743571301986431,0.2283464566929134,0.0,1.0,1.0,0.8871079523732343,623.0,749.0,127.0,127.0,1878.5,816.5,841.5536338020834,740.4833600713484,149.40379500132107,29.0,212.64127352028962,-33.03122216038082,-210.06010941376326,0.9196998124467224,0.729166567325592,0.9573853611946106,0.0,1.0,1.0,0.0,1.0,0.0
SNPT-159,0,30.0,0.011449561408260872,0.9905528467721664,0.49056603773584906,1.0,1.0,1.0,0.8069826523369213,0.0,423.0,424.0,424.0,1111.5,622.5,1712.598589768429,493.542479397565,118.72154273909504,,1.0,0.0,0.0,1.0,1.0,1.0,0.8405500767737861,623.0,749.0,127.0,127.0,1899.0,227.5,1735.351837649278,261.5478462941424,50.21683293352001,200.0,324.8447114858455,186.40141023157094,-266.042479397565,2.3641782208022875,0.6776522397994995,0.9443624019622803,0.0,0.0,0.0,1.0,0.0,1.0
SNPT-159,1,11.0,0.048529692363075104,0.9741672218823042,0.6224489795918368,1.0,1.0,1.0,0.8703668640584362,197.0,294.0,98.0,98.0,7.0,595.0,22.561700125752864,574.7462810253894,117.39922463870565,,1.0,0.0,0.0,1.0,0.9971181556195965,1.0,0.8567926971300878,403.0,749.0,347.0,347.0,17.0,595.5,571.1321161374103,649.4454117840849,114.9057667121131,109.0,21.486027077287023,-5.561700125752864,20.753718974610592,1.021700024271538,0.893637478351593,0.9826491475105286,0.0,0.0,0.0,1.0,0.0,1.0
SNPT-159,0,22.0,0.01042344846305091,0.9956030465744354,0.23333333333333334,1.0,0.8948717948717949,1.0,0.8721536530898167,0.0,417.0,418.0,390.0,692.5,469.0,1334.4151495166602,456.3939637099836,109.83151772860137,,1.0,0.0,0.0,0.0,0.6875,1.0,0.789345171302557,699.0,714.0,16.0,16.0,1907.5,463.0,1910.7818102551237,486.2561469055491,100.13046760513197,282.0,573.1229236114857,573.0848504833398,6.606036290016391,1.0968840988711432,0.6123121976852417,0.9322161674499512,0.0,0.0,0.0,0.0,1.0,0.0
SNPT-159,1,,1.0,0.0,0.0,0.0,0.8333333333333334,1.0,0.8481736580530802,424.0,447.0,24.0,24.0,1621.5,471.0,1913.928640438789,474.6903639768699,83.79991934380132,,1.0,0.0,0.0,0.0,0.9938650306748467,1.0,0.9374070701423598,587.0,749.0,163.0,163.0,1911.5,270.0,1356.0473260305903,329.36210860327236,63.43316203593574,140.0,204.7047713155812,-2.428640438788989,-204.6903639768699,1.3210742875521095,0.830382764339447,0.9690464735031128,0.0,0.0,0.0,1.0,0.0,0.0
SNPT-159,0,26.0,0.04253658102374768,0.9587795871524184,0.5311720698254364,0.0,0.9975062344139651,1.0,0.8255716852119142,0.0,418.0,419.0,401.0,1468.5,551.0,1883.856666238738,586.1739066246682,118.01851325730598,3.0,0.06624775682400375,0.9743571301986431,0.2283464566929134,0.0,1.0,1.0,0.8871079523732343,623.0,749.0,127.0,127.0,1878.5,816.5,841.5536338020834,740.4833600713484,149.40379500132107,205.0,230.38837462583757,-5.356666238737944,230.32609337533177,0.7899298224403365,0.7492887377738953,0.9751564264297485,0.0,1.0,1.0,1.0,0.0,1.0
SNPT-159,0,14.0,0.03286399261196493,0.9279894346886493,0.8103448275862069,0.0,0.6551724137931034,1.0,0.8113322073015673,0.0,57.0,58.0,58.0,223.5,574.0,10.596707664384457,568.9227230828003,123.37452062469002,,1.0,0.0,0.0,0.0,0.8333333333333334,1.0,0.8481736580530802,424.0,447.0,24.0,24.0,1621.5,471.0,1913.928640438789,474.6903639768699,83.79991934380132,367.0,1613.8767849354786,1610.9032923356156,-97.9227230828003,1.4722510664780972,0.698900580406189,0.9360275268554688,0.0,0.0,0.0,1.0,0.0,0.0
SNPT-159,0,14.0,0.03286399261196493,0.9279894346886493,0.8103448275862069,0.0,0.6551724137931034,1.0,0.8113322073015673,0.0,57.0,58.0,58.0,223.5,574.0,10.596707664384457,568.9227230828003,123.37452062469002,9.0,0.0013710057133754195,0.999783726962837,0.9327731092436975,1.0,1.0,1.0,0.7687686476386896,66.0,184.0,119.0,119.0,1913.0,559.5,1913.608680269208,524.192281302783,132.05404110776664,9.0,1902.4266278623427,1902.4032923356156,-9.422723082800303,0.9342729657474591,0.6572754383087158,0.9465854167938232,0.0,1.0,1.0,0.0,1.0,0.0
SNPT-159,1,,1.0,0.0,0.0,1.0,1.0,1.0,0.8493518572794967,391.0,716.0,326.0,309.0,9.5,565.5,8.091638232709897,383.63579550073695,93.40288330843985,,1.0,0.0,0.0,1.0,1.0,1.0,0.8936334667783795,717.0,749.0,33.0,33.0,15.0,361.5,343.0319947259266,430.9075868785013,77.6044587049438,1.0,23.188766779589674,6.908361767290103,-22.135795500736947,1.2035762489312953,0.8993924856185913,0.9871731400489807,0.0,0.0,0.0,1.0,0.0,1.0
SNPT-159,0,10.0,0.0011922271284333463,0.9998614245803777,0.8710691823899371,1.0,1.0,1.0,0.7671832127391167,0.0,317.0,318.0,318.0,647.5,776.0,8.807069708764455,601.5775465476698,150.1913774081029,,1.0,0.0,0.0,0.0,0.95,1.0,0.8921236157417297,681.0,740.0,60.0,60.0,1908.5,317.5,1911.7721872219863,315.23161154544687,61.27946108176169,364.0,1920.815785506524,1899.6929302912356,-284.07754654766984,2.450925232643791,0.7102782130241394,0.885303795337677,0.0,0.0,0.0,0.0,1.0,1.0
SNPT-159,0,14.0,0.0043788497819105925,0.9871827882749064,0.9642857142857143,0.0,1.0,1.0,0.7901574511613164,0.0,55.0,56.0,56.0,77.0,588.0,16.77787171457163,579.5821401959322,131.10814118343833,9.0,0.13129716366529465,0.9729874432086945,0.00546448087431694,0.0,0.9371584699453552,1.0,0.9018071920819621,312.0,749.0,438.0,366.0,6.0,437.0,997.8372405368943,379.3744378179164,80.22262590157185,257.0,142.9889129322558,-10.777871714571631,-142.5821401959322,1.6343037853722195,0.7840359807014465,0.8948130011558533,0.0,1.0,1.0,1.0,0.0,1.0
SNPT-159,1,10.0,0.0011922271284333463,0.9998614245803777,0.8710691823899371,1.0,1.0,1.0,0.7671832127391167,0.0,317.0,318.0,318.0,647.5,776.0,8.807069708764455,601.5775465476698,150.1913774081029,10.0,0.013085082516586544,0.9896248416467146,0.567741935483871,1.0,1.0,1.0,0.7940862224948022,595.0,749.0,155.0,155.0,1902.5,988.0,1289.888305406595,662.8186142758608,153.52434352489928,278.0,1932.7170581249404,1893.6929302912356,386.42245345233016,0.978290308622907,0.8437949419021606,0.9923505783081055,1.0,0.0,1.0,1.0,0.0,1.0
SNPT-159,0,9.0,0.0013710057133754195,0.999783726962837,0.9327731092436975,1.0,1.0,1.0,0.7687686476386896,66.0,184.0,119.0,119.0,1913.0,559.5,1913.608680269208,524.192281302783,132.05404110776664,,1.0,0.0,0.0,1.0,0.9971181556195965,1.0,0.8567926971300878,403.0,749.0,347.0,347.0,17.0,595.5,571.1321161374103,649.4454117840849,114.9057667121131,219.0,1897.9487023674556,-1896.608680269208,71.30771869721696,1.14923771788249,0.7540186643600464,0.9457288980484009,0.0,0.0,0.0,1.0,0.0,1.0
SNPT-159,1,5.0,0.24250414169260434,0.8355228925744692,0.07228915662650602,1.0,0.9156626506024096,1.0,0.8789751903120294,110.0,319.0,210.0,166.0,8.5,566.0,16.745786864810505,522.8346535673109,119.60613106999206,,1.0,0.0,0.0,1.0,1.0,1.0,0.8936334667783795,717.0,749.0,33.0,33.0,15.0,361.5,343.0319947259266,430.9075868785013,77.6044587049438,398.0,161.34409878722417,-1.7457868648105048,-161.33465356731085,1.541227566894588,0.8377847671508789,0.9730239510536194,0.0,0.0,0.0,1.0,0.0,1.0
SNPT-159,0,,1.0,0.0,0.0,1.0,1.0,1.0,0.8449293250838915,624.0,671.0,48.0,48.0,1908.5,524.0,1913.4438668997723,682.2599867089673,107.20128460905931,,1.0,0.0,0.0,1.0,1.0,1.0,0.8936334667783795,717.0,749.0,33.0,33.0,15.0,361.5,343.0319947259266,430.9075868785013,77.6044587049438,46.0,1925.3508991461522,-1898.4438668997723,-320.7599867089673,1.3813804824880513,0.8566358089447021,0.972549319267273,0.0,0.0,0.0,1.0,0.0,1.0
SNPT-159,1,14.0,0.0043788497819105925,0.9871827882749064,0.9642857142857143,0.0,1.0,1.0,0.7901574511613164,0.0,55.0,56.0,56.0,77.0,588.0,16.77787171457163,579.5821401959322,131.10814118343833,16.0,0.8651942610740662,0.7087706699967384,0.011527377521613832,0.0,0.9538904899135446,1.0,0.9040799369386019,403.0,749.0,347.0,347.0,51.0,579.0,172.43933995642587,541.0371068544354,97.72151253687673,348.0,34.22707921503143,34.22212828542837,-0.5821401959321975,1.3416507561112774,0.8860953450202942,0.9019379019737244,0.0,1.0,0.0,1.0,0.0,1.0
SNPT-159,0,,1.0,0.0,0.0,1.0,1.0,1.0,0.7716407592479999,418.0,430.0,13.0,13.0,1621.0,528.0,1883.3654708101612,501.9404307675789,95.66599755471658,,1.0,0.0,0.0,0.0,0.95,1.0,0.8921236157417297,681.0,740.0,60.0,60.0,1908.5,317.5,1911.7721872219863,315.23161154544687,61.27946108176169,251.0,186.1451505125098,25.13452918983876,-184.4404307675789,1.5611429321657202,0.7511354684829712,0.9444790482521057,0.0,0.0,0.0,0.0,1.0,1.0
SNPT-159,0,,1.0,0.0,0.0,0.0,0.8333333333333334,1.0,0.8481736580530802,424.0,447.0,24.0,24.0,1621.5,471.0,1913.928640438789,474.6903639768699,83.79991934380132,,1.0,0.0,0.0,1.0,1.0,1.0,0.861281652286135,605.0,749.0,145.0,145.0,1914.0,296.0,1557.1595883538705,339.23435861950816,59.29189640816685,158.0,178.6903782255027,0.07135956121101117,-178.6903639768699,1.4133452363695815,0.6288238763809204,0.936471700668335,0.0,0.0,0.0,0.0,1.0,0.0
SNPT-159,1,6.0,0.026736196035733923,0.9806905867522244,0.4426605504587156,0.0,1.0,1.0,0.8741949703715263,0.0,435.0,436.0,436.0,1820.5,656.5,1905.1389713130416,669.222010413617,145.53869318657567,,1.0,0.0,0.0,0.0,0.9885714285714285,1.0,0.8811464776311602,575.0,749.0,175.0,175.0,1897.5,625.0,1301.1023400125528,626.8136063800564,130.85637843387073,140.0,44.876943832479526,-7.638971313041566,-44.222010413617,1.112201750716529,0.9422325491905212,0.9945122003555298,0.0,0.0,0.0,1.0,0.0,1.0
SNPT-159,0,40.0,0.10280410433248714,0.9572603639135969,0.11298076923076923,1.0,0.9807692307692307,1.0,0.8335571885108948,0.0,429.0,430.0,416.0,1316.0,452.0,1897.1082178061874,549.5346580907019,91.3077028709656,,1.0,0.0,0.0,0.0,0.6875,1.0,0.789345171302557,699.0,714.0,16.0,16.0,1907.5,463.0,1910.7818102551237,486.2561469055491,100.13046760513197,270.0,87.15638925539722,10.39178219381256,-86.5346580907019,0.9118873111732659,0.6289200782775879,0.9359463453292847,0.0,0.0,0.0,0.0,1.0,0.0
SNPT-159,0,6.0,0.010055952120725829,0.9964854463817566,0.2828507795100223,1.0,0.9487750556792873,1.0,0.8479877075798528,0.0,448.0,449.0,449.0,1424.5,511.5,1911.5241213151264,486.7037976023724,88.41477005636148,10.0,0.013085082516586544,0.9896248416467146,0.567741935483871,1.0,1.0,1.0,0.7940862224948022,595.0,749.0,155.0,155.0,1902.5,988.0,1289.888305406595,662.8186142758608,153.52434352489928,147.0,501.37742001788763,-9.024121315126422,501.2962023976276,0.5759006554033691,0.8360482454299927,0.9428671598434448,0.0,1.0,1.0,1.0,0.0,1.0
SNPT-159,1,9.0,0.0013710057133754195,0.999783726962837,0.9327731092436975,1.0,1.0,1.0,0.7687686476386896,66.0,184.0,119.0,119.0,1913.0,559.5,1913.608680269208,524.192281302783,132.05404110776664,,1.0,0.0,0.0,1.0,1.0,1.0,0.8449293250838915,624.0,671.0,48.0,48.0,1908.5,524.0,1913.4438668997723,682.2599867089673,107.20128460905931,440.0,5.112297545369876,-5.10868026920798,-0.19228130278304434,1.2318326369813584,0.6988770961761475,0.9308695197105408,0.0,0.0,0.0,1.0,0.0,1.0
SNPT-159,0,,1.0,0.0,0.0,1.0,1.0,1.0,0.8449293250838915,624.0,671.0,48.0,48.0,1908.5,524.0,1913.4438668997723,682.2599867089673,107.20128460905931,,1.0,0.0,0.0,0.0,0.94,1.0,0.9364136648178101,686.0,744.0,59.0,50.0,1912.5,340.0,1910.3338280447028,341.1248337134219,73.53987058593262,15.0,342.26128818016645,-0.9438668997722743,-342.2599867089673,1.4577301231961342,0.7315051555633545,0.9238862991333008,0.0,0.0,0.0,0.0,1.0,1.0
SNPT-159,0,40.0,0.10280410433248714,0.9572603639135969,0.11298076923076923,1.0,0.9807692307692307,1.0,0.8335571885108948,0.0,429.0,430.0,416.0,1316.0,452.0,1897.1082178061874,549.5346580907019,91.3077028709656,3.0,0.06624775682400375,0.9743571301986431,0.2283464566929134,0.0,1.0,1.0,0.8871079523732343,623.0,749.0,127.0,127.0,1878.5,816.5,841.5536338020834,740.4833600713484,149.40379500132107,194.0,267.61307806359343,-18.60821780618744,266.9653419092981,0.6111471456943797,0.6127080321311951,0.9038749933242798,0.0,1.0,1.0,0.0,1.0,1.0
SNPT-159,0,,1.0,0.0,0.0,0.0,0.8333333333333334,1.0,0.8481736580530802,424.0,447.0,24.0,24.0,1621.5,471.0,1913.928640438789,474.6903639768699,83.79991934380132,,1.0,0.0,0.0,0.0,0.95,1.0,0.8921236157417297,681.0,740.0,60.0,60.0,1908.5,317.5,1911.7721872219863,315.23161154544687,61.27946108176169,234.0,157.28407632114093,-5.428640438788989,-157.1903639768699,1.3675041827145293,0.7386800646781921,0.9823709726333618,0.0,0.0,0.0,1.0,0.0,0.0
SNPT-159,0,10.0,0.16661305423125233,0.9267019536849614,0.17452830188679244,0.0,0.9056603773584906,1.0,0.8660239554801077,0.0,423.0,424.0,424.0,1354.5,440.5,1510.1083505770093,463.1954968044328,94.39537371580693,,1.0,0.0,0.0,0.0,0.6875,1.0,0.789345171302557,699.0,714.0,16.0,16.0,1907.5,463.0,1910.7818102551237,486.2561469055491,100.13046760513197,276.0,397.3916975103099,397.39164942299067,-0.19549680443282114,0.9427237880088447,0.6557811498641968,0.9629907011985779,0.0,0.0,0.0,1.0,0.0,0.0
SNPT-159,0,29.0,0.06731888489274916,0.9563686743225019,0.3108974358974359,1.0,0.8878205128205128,1.0,0.8651167939488704,0.0,311.0,312.0,312.0,1011.0,455.5,8.465140170435387,455.52488360969596,99.14083944196906,,1.0,0.0,0.0,1.0,1.0,1.0,0.861281652286135,605.0,749.0,145.0,145.0,1914.0,296.0,1557.1595883538705,339.23435861950816,59.29189640816685,294.0,1912.2006407582771,1905.5348598295645,-159.52488360969596,1.6720807639459045,0.6572645902633667,0.9738576412200928,0.0,0.0,0.0,1.0,0.0,0.0
SNPT-159,0,6.0,0.026736196035733923,0.9806905867522244,0.4426605504587156,0.0,1.0,1.0,0.8741949703715263,0.0,435.0,436.0,436.0,1820.5,656.5,1905.1389713130416,669.222010413617,145.53869318657567,,1.0,0.0,0.0,1.0,1.0,1.0,0.860963026881218,643.0,742.0,100.0,100.0,1909.5,297.5,1879.1159100655045,332.63402472479146,62.733994456407,208.0,371.7475912459281,4.361028686958434,-371.722010413617,2.319933465861297,0.6467038989067078,0.9201530814170837,0.0,0.0,0.0,0.0,1.0,1.0
SNPT-159,0,14.0,0.03286399261196493,0.9279894346886493,0.8103448275862069,0.0,0.6551724137931034,1.0,0.8113322073015673,0.0,57.0,58.0,58.0,223.5,574.0,10.596707664384457,568.9227230828003,123.37452062469002,,1.0,0.0,0.0,0.0,0.5714285714285714,0.023178807947019868,0.5584923263811907,379.0,749.0,371.0,302.0,10.5,567.5,325.0169110264718,264.85781405600335,81.46734117308684,322.0,1.4260060808718504,-0.0967076643844571,-1.422723082800303,1.514404654038807,0.6800264716148376,0.9320279359817505,0.0,0.0,0.0,1.0,0.0,0.0
SNPT-159,1,,1.0,0.0,0.0,0.0,0.9532710280373832,1.0,0.8639300136922676,315.0,421.0,107.0,107.0,1872.0,516.0,1906.3100485066166,513.8193401203756,101.35289154675088,,1.0,0.0,0.0,0.0,0.6875,1.0,0.789345171302557,699.0,714.0,16.0,16.0,1907.5,463.0,1910.7818102551237,486.2561469055491,100.13046760513197,278.0,50.83326976328617,1.1899514933834325,-50.819340120375614,1.012208311524516,0.61418616771698,0.9705515503883362,0.0,0.0,0.0,1.0,0.0,0.0
SNPT-159,0,10.0,0.0011922271284333463,0.9998614245803777,0.8710691823899371,1.0,1.0,1.0,0.7671832127391167,0.0,317.0,318.0,318.0,647.5,776.0,8.807069708764455,601.5775465476698,150.1913774081029,,1.0,0.0,0.0,1.0,1.0,1.0,0.860963026881218,643.0,742.0,100.0,100.0,1909.5,297.5,1879.1159100655045,332.63402472479146,62.733994456407,326.0,1924.8627924019765,1900.6929302912356,-304.07754654766984,2.394098745178244,0.7761982679367065,0.9127329587936401,0.0,0.0,0.0,1.0,0.0,1.0
SNPT-159,0,9.0,0.0013710057133754195,0.999783726962837,0.9327731092436975,1.0,1.0,1.0,0.7687686476386896,66.0,184.0,119.0,119.0,1913.0,559.5,1913.608680269208,524.192281302783,132.05404110776664,,1.0,0.0,0.0,1.0,0.875,0.0963855421686747,0.5728441606084984,214.0,296.0,83.0,83.0,10.5,504.0,4.075634827130425,516.8572569744099,93.71448601903774,30.0,1903.2157988888746,-1903.108680269208,-20.192281302783044,1.4091102316982282,0.5755589008331299,0.8706896305084229,0.0,0.0,0.0,1.0,0.0,0.0
SNPT-159,0,5.0,0.24250414169260434,0.8355228925744692,0.07228915662650602,1.0,0.9156626506024096,1.0,0.8789751903120294,110.0,319.0,210.0,166.0,8.5,566.0,16.745786864810505,522.8346535673109,119.60613106999206,10.0,0.013085082516586544,0.9896248416467146,0.567741935483871,1.0,1.0,1.0,0.7940862224948022,595.0,749.0,155.0,155.0,1902.5,988.0,1289.888305406595,662.8186142758608,153.52434352489928,276.0,1942.2790097920952,1885.7542131351895,465.16534643268915,0.7790694838606738,0.7462900280952454,0.9425449371337891,0.0,1.0,0.0,1.0,0.0,1.0
SNPT-160,0,,1.0,0.0,0.0,1.0,0.9905956112852664,1.0,0.8945504957605679,0.0,338.0,339.0,319.0,753.0,415.0,1909.9787268806358,407.0930899789686,95.11683004488316,,1.0,0.0,0.0,0.0,0.9166666666666666,1.0,0.9038368364175161,449.0,484.0,36.0,36.0,1902.0,455.5,1911.8075569778532,473.78591745769313,78.73917541211028,111.0,49.060055242732986,-7.978726880635804,48.40691002103142,1.2079988080527186,0.6607226133346558,0.9515137076377869,0.0,0.0,0.0,0.0,1.0,1.0
SNPT-160,0,,1.0,0.0,0.0,0.0,0.9908256880733946,1.0,0.869615849004973,0.0,238.0,239.0,218.0,1704.5,521.5,1902.8771792432,512.2403059422433,135.46298045924766,28.0,0.011956735629050504,0.9638736530354148,0.14728682170542637,0.0,1.0,1.0,0.8803466863410417,621.0,749.0,129.0,129.0,1904.5,597.5,921.2029779410773,735.8238170778114,97.2523154743488,383.0,85.27513692765893,1.6228207567999107,85.25969405775675,1.392902367398926,0.7782861590385437,0.9419211745262146,0.0,0.0,0.0,1.0,0.0,1.0
SNPT-160,1,9.0,0.02469091831189275,0.975713847243056,0.8672566371681416,1.0,0.8849557522123894,1.0,0.8256150892878,0.0,225.0,226.0,226.0,1028.5,657.5,1883.75659549872,662.8772172103952,146.76163568116607,9.0,0.005647848301498471,0.9983308814466,0.4968944099378882,1.0,0.968944099378882,1.0,0.8716089470045907,589.0,749.0,161.0,161.0,1909.5,580.0,1033.0264899122185,646.8428289886465,91.0552128861797,364.0,86.78338555193359,25.74340450128011,-82.8772172103952,1.611787299477518,0.8720832467079163,0.9671720266342163,1.0,0.0,1.0,1.0,0.0,0.0
SNPT-160,0,10.0,0.019758603957607982,0.9911725063693715,0.700374531835206,1.0,1.0,1.0,0.8149349202823996,0.0,266.0,267.0,267.0,687.5,717.0,1901.8619908638289,687.1506191193089,174.52365260765336,,1.0,0.0,0.0,0.0,0.9166666666666666,1.0,0.9038368364175161,449.0,484.0,36.0,36.0,1902.0,455.5,1911.8075569778532,473.78591745769313,78.73917541211028,183.0,231.65066022975367,0.1380091361711493,-231.65061911930889,2.2164780326212457,0.6457815766334534,0.854637086391449,0.0,0.0,0.0,0.0,1.0,1.0
SNPT-160,0,25.0,0.013496218175278261,0.9961792244797661,0.11965811965811966,1.0,1.0,1.0,0.8977600881177136,257.0,607.0,351.0,351.0,14.5,420.0,4.700197961832309,449.0061358847114,88.68956391794013,10.0,0.010785663178964124,0.9981622002845587,0.6013986013986014,1.0,1.0,1.0,0.8797410559820962,607.0,749.0,143.0,143.0,1907.5,685.5,605.6539082061734,767.0792833866701,123.51217520961754,0.0,1917.4400732228034,1902.7998020381676,236.4938641152886,0.7180633307398357,0.7294890880584717,0.9607506394386292,0.0,1.0,1.0,1.0,0.0,1.0
SNPT-160,0,,1.0,0.0,0.0,0.0,0.9852941176470589,1.0,0.9107180971140955,0.0,203.0,204.0,204.0,1787.5,379.5,1913.123951649563,408.31573310912256,82.8554898522155,10.0,0.2933524859448274,0.915474072098732,0.023255813953488372,0.0,1.0,1.0,0.8888147646604583,578.0,749.0,172.0,172.0,1908.5,737.5,62.2126657683019,1014.7473570171849,142.8244697054767,375.0,329.2167409129462,-4.623951649562969,329.18426689087744,0.5801211096605132,0.7367458343505859,0.9819686412811279,0.0,0.0,0.0,1.0,0.0,1.0
SNPT-160,0,,1.0,0.0,0.0,0.0,0.9166666666666666,1.0,0.9038368364175161,449.0,484.0,36.0,36.0,1902.0,455.5,1911.8075569778532,473.78591745769313,78.73917541211028,,1.0,0.0,0.0,,0.0,0.0,0.5771471187472343,622.0,749.0,128.0,128.0,1907.5,380.0,826.4170853958494,463.91269831196564,63.658471718508736,138.0,93.88478769480538,-4.30755697785321,-93.78591745769313,1.2369001844764178,0.5380951762199402,0.9432896375656128,0.0,0.0,0.0,0.0,0.0,0.0
SNPT-160,1,10.0,0.019758603957607982,0.9911725063693715,0.700374531835206,1.0,1.0,1.0,0.8149349202823996,0.0,266.0,267.0,267.0,687.5,717.0,1901.8619908638289,687.1506191193089,174.52365260765336,10.0,0.010785663178964124,0.9981622002845587,0.6013986013986014,1.0,1.0,1.0,0.8797410559820962,607.0,749.0,143.0,143.0,1907.5,685.5,605.6539082061734,767.0792833866701,123.51217520961754,341.0,5.87466513910175,5.638009136171149,-1.6506191193088853,1.4130076837482797,0.9213532209396362,0.9527636170387268,1.0,0.0,1.0,1.0,0.0,1.0
SNPT-160,0,,1.0,0.0,0.0,1.0,0.9905956112852664,1.0,0.8945504957605679,0.0,338.0,339.0,319.0,753.0,415.0,1909.9787268806358,407.0930899789686,95.11683004488316,,1.0,0.0,0.0,1.0,1.0,1.0,0.7501793889438405,624.0,640.0,17.0,17.0,557.5,294.5,236.42838167017194,333.5723613223067,35.0,286.0,1357.1572902857197,-1352.4787268806358,-112.59308997896858,2.7176237155680902,0.7644898891448975,0.8663998246192932,0.0,0.0,0.0,1.0,0.0,1.0
SNPT-160,1,,1.0,0.0,0.0,0.0,0.9166666666666666,1.0,0.9038368364175161,449.0,484.0,36.0,36.0,1902.0,455.5,1911.8075569778532,473.78591745769313,78.73917541211028,29.0,0.00029737161516355366,0.999975962298257,0.07368421052631578,0.0,1.0,1.0,0.9012474075744027,560.0,749.0,190.0,190.0,1895.0,436.5,101.77368411234161,590.2808915150492,91.28406525409511,76.0,40.89906615346722,-16.80755697785321,-37.28591745769313,0.8625730590868701,0.7300251722335815,0.9769842028617859,0.0,0.0,0.0,1.0,0.0,1.0
SNPT-160,1,,1.0,0.0,0.0,0.0,0.9852941176470589,1.0,0.9107180971140955,0.0,203.0,204.0,204.0,1787.5,379.5,1913.123951649563,408.31573310912256,82.8554898522155,,1.0,0.0,0.0,0.0,0.9166666666666666,1.0,0.9038368364175161,449.0,484.0,36.0,36.0,1902.0,455.5,1911.8075569778532,473.78591745769313,78.73917541211028,246.0,48.47780257325375,-11.123951649562969,47.18426689087744,1.0522778454125405,0.9092483520507812,0.9746922254562378,0.0,0.0,0.0,1.0,0.0,1.0
SNPT-160,0,,1.0,0.0,0.0,1.0,0.9905956112852664,1.0,0.8945504957605679,0.0,338.0,339.0,319.0,753.0,415.0,1909.9787268806358,407.0930899789686,95.11683004488316,,1.0,0.0,0.0,1.0,0.977859778597786,1.0,0.8713506961660632,404.0,722.0,319.0,271.0,1913.0,430.5,9.776440678156106,460.32759472523895,75.55661156088247,66.0,23.60109166954897,3.0212731193641957,23.406910021031422,1.2588816263714968,0.9753974676132202,0.9857758283615112,0.0,0.0,0.0,1.0,0.0,1.0
SNPT-160,0,,1.0,0.0,0.0,0.0,0.9852941176470589,1.0,0.9107180971140955,0.0,203.0,204.0,204.0,1787.5,379.5,1913.123951649563,408.31573310912256,82.8554898522155,,1.0,0.0,0.0,1.0,1.0,1.0,0.7501793889438405,624.0,640.0,17.0,17.0,557.5,294.5,236.42838167017194,333.5723613223067,35.0,421.0,1360.393442864653,-1355.623951649563,-113.81573310912256,2.3672997100632998,0.7105997800827026,0.8666002750396729,0.0,0.0,0.0,0.0,1.0,1.0
SNPT-160,1,,1.0,0.0,0.0,0.0,0.9852941176470589,1.0,0.9107180971140955,0.0,203.0,204.0,204.0,1787.5,379.5,1913.123951649563,408.31573310912256,82.8554898522155,29.0,0.00029737161516355366,0.999975962298257,0.07368421052631578,0.0,1.0,1.0,0.9012474075744027,560.0,749.0,190.0,190.0,1895.0,436.5,101.77368411234161,590.2808915150492,91.28406525409511,357.0,33.50866341070479,-18.12395164956297,28.18426689087744,0.9076665201268357,0.7974895238876343,0.989192008972168,0.0,0.0,0.0,1.0,0.0,1.0
SNPT-160,1,20.0,0.01922843075643262,0.9939386248588562,0.2523364485981308,1.0,1.0,1.0,0.8959334854767701,274.0,380.0,107.0,107.0,20.0,625.5,6.94945337523932,701.4479214078451,130.1886431436087,,1.0,0.0,0.0,1.0,1.0,1.0,0.9064170465631,524.0,641.0,118.0,118.0,23.0,686.5,15.767109224434304,766.558246837458,122.02982728541835,144.0,21.933089188911143,16.05054662476068,-14.947921407845115,1.0668591936880112,0.969141960144043,0.9890841245651245,0.0,0.0,0.0,1.0,0.0,1.0
SNPT-160,0,10.0,0.019758603957607982,0.9911725063693715,0.700374531835206,1.0,1.0,1.0,0.8149349202823996,0.0,266.0,267.0,267.0,687.5,717.0,1901.8619908638289,687.1506191193089,174.52365260765336,,1.0,0.0,0.0,1.0,1.0,1.0,0.9064170465631,524.0,641.0,118.0,118.0,23.0,686.5,15.767109224434304,766.558246837458,122.02982728541835,258.0,1878.8621035131953,-1878.8619908638289,-0.6506191193088853,1.430172085710291,0.8722244501113892,0.9329802393913269,0.0,0.0,0.0,1.0,0.0,1.0
SNPT-160,0,9.0,0.02469091831189275,0.975713847243056,0.8672566371681416,1.0,0.8849557522123894,1.0,0.8256150892878,0.0,225.0,226.0,226.0,1028.5,657.5,1883.75659549872,662.8772172103952,146.76163568116607,,1.0,0.0,0.0,1.0,1.0,1.0,0.9064170465631,524.0,641.0,118.0,118.0,23.0,686.5,15.767109224434304,766.558246837458,122.02982728541835,299.0,1860.9065381041337,-1860.75659549872,23.6227827896048,1.2026701909353845,0.7958439588546753,0.9399172067642212,0.0,0.0,0.0,1.0,0.0,0.0
SNPT-160,0,,1.0,0.0,0.0,0.0,0.9908256880733946,1.0,0.869615849004973,0.0,238.0,239.0,218.0,1704.5,521.5,1902.8771792432,512.2403059422433,135.46298045924766,,1.0,0.0,0.0,0.0,0.9939024390243902,1.0,0.8809382464827561,557.0,720.0,164.0,164.0,1914.0,444.5,20.371910229554025,457.59029245743284,58.46793980815991,319.0,68.64740483613795,11.12282075679991,-67.74030594224325,2.3168762385628328,0.7135191559791565,0.9642441272735596,0.0,0.0,0.0,1.0,0.0,1.0
SNPT-160,0,,1.0,0.0,0.0,0.0,0.9166666666666666,1.0,0.9038368364175161,449.0,484.0,36.0,36.0,1902.0,455.5,1911.8075569778532,473.78591745769313,78.73917541211028,22.0,0.02893423852073402,0.9939816101737644,0.1419753086419753,0.0,0.9506172839506173,1.0,0.9027255939112769,588.0,749.0,162.0,162.0,1908.0,553.0,1544.1859023967818,543.349673110924,82.69742261890372,104.0,79.30553803587114,-3.80755697785321,79.21408254230687,0.9521357851134695,0.754459798336029,0.965573787689209,0.0,0.0,0.0,1.0,0.0,1.0
SNPT-160,0,20.0,0.01922843075643262,0.9939386248588562,0.2523364485981308,1.0,1.0,1.0,0.8959334854767701,274.0,380.0,107.0,107.0,20.0,625.5,6.94945337523932,701.4479214078451,130.1886431436087,23.0,0.014585184965417957,0.9896783254495481,0.7321428571428571,1.0,1.0,1.0,0.8695413140313966,612.0,723.0,112.0,112.0,1904.0,932.0,6.208042028052802,934.6459352857354,159.59769726738676,232.0,1911.0089056287693,1897.0505466247607,230.55207859215488,0.8157300849115213,0.8114382028579712,0.9676050543785095,0.0,1.0,1.0,1.0,0.0,1.0
SNPT-160,0,,1.0,0.0,0.0,0.0,0.9908256880733946,1.0,0.869615849004973,0.0,238.0,239.0,218.0,1704.5,521.5,1902.8771792432,512.2403059422433,135.46298045924766,23.0,0.014585184965417957,0.9896783254495481,0.7321428571428571,1.0,1.0,1.0,0.8695413140313966,612.0,723.0,112.0,112.0,1904.0,932.0,6.208042028052802,934.6459352857354,159.59769726738676,374.0,419.7611957791161,1.1228207567999107,419.75969405775675,0.8487777880171774,0.5898705720901489,0.893503725528717,0.0,0.0,0.0,0.0,1.0,1.0
SNPT-160,0,20.0,0.01922843075643262,0.9939386248588562,0.2523364485981308,1.0,1.0,1.0,0.8959334854767701,274.0,380.0,107.0,107.0,20.0,625.5,6.94945337523932,701.4479214078451,130.1886431436087,,1.0,0.0,0.0,1.0,1.0,1.0,0.7501793889438405,624.0,640.0,17.0,17.0,557.5,294.5,236.42838167017194,333.5723613223067,35.0,244.0,684.6258212534702,550.5505466247607,-406.9479214078451,3.7196755183888195,0.6595548391342163,0.8890594244003296,0.0,0.0,0.0,1.0,0.0,1.0
SNPT-160,0,,1.0,0.0,0.0,1.0,0.9951923076923077,1.0,0.827884048032455,0.0,623.0,624.0,624.0,694.0,308.0,591.724437126858,293.60166885434285,60.212851985768935,,1.0,0.0,0.0,1.0,1.0,1.0,0.7501793889438405,624.0,640.0,17.0,17.0,557.5,294.5,236.42838167017194,333.5723613223067,35.0,1.0,34.23622490137477,-34.22443712685799,0.8983311456571528,1.7203671995933982,0.8407859206199646,0.9397985935211182,0.0,0.0,0.0,1.0,0.0,1.0
SNPT-160,0,10.0,0.019758603957607982,0.9911725063693715,0.700374531835206,1.0,1.0,1.0,0.8149349202823996,0.0,266.0,267.0,267.0,687.5,717.0,1901.8619908638289,687.1506191193089,174.52365260765336,9.0,0.005647848301498471,0.9983308814466,0.4968944099378882,1.0,0.968944099378882,1.0,0.8716089470045907,589.0,749.0,161.0,161.0,1909.5,580.0,1033.0264899122185,646.8428289886465,91.0552128861797,323.0,107.42250397945226,7.638009136171149,-107.15061911930889,1.916679419835198,0.790668249130249,0.9467983245849609,0.0,1.0,1.0,1.0,0.0,1.0
SNPT-161,0,10.0,0.0014682969457252887,0.9998457572039436,0.34,0.0,1.0,0.92,0.8752667331695556,180.0,229.0,50.0,50.0,1911.5,776.0,1911.6651198935274,736.5295118805161,163.8002906413549,,1.0,0.0,0.0,1.0,1.0,1.0,0.905284431847659,728.0,749.0,22.0,22.0,13.5,654.0,172.1786895876861,660.5428898433286,127.04917828620074,499.0,1899.958405521459,-1898.1651198935274,-82.52951188051611,1.2892668244761551,0.6405125856399536,0.8894070386886597,0.0,0.0,0.0,0.0,1.0,1.0
SNPT-161,0,10.0,0.011415089018959811,0.9985602299372355,0.10843373493975904,0.0,1.0,0.9879518072289156,0.9029921286077385,29.0,111.0,83.0,83.0,1902.0,715.0,1901.8329187219956,752.6387155075746,153.07085492652027,28.0,0.03357924448262138,0.984864513434115,0.42424242424242425,1.0,1.0,0.9949494949494949,0.8663225270280934,508.0,705.0,198.0,198.0,1911.0,912.5,1904.107031019938,915.8583185017868,169.3190364980535,397.0,160.12390720540674,9.167081278004389,159.8612844924254,0.9040380697434455,0.6753957271575928,0.8781018257141113,0.0,1.0,1.0,0.0,1.0,1.0
SNPT-161,0,9.0,0.028283549343920338,0.9905850281480884,0.5922330097087378,0.0,1.0,1.0,0.9048598663320819,0.0,102.0,103.0,103.0,1399.5,535.0,1878.503487621795,480.9961596786223,82.64481573583042,10.0,0.007269767008493187,0.984592607792686,0.20359281437125748,0.0,0.9939393939393939,0.9880239520958084,0.9153787904156896,461.0,627.0,167.0,167.0,1909.0,798.5,14.568327775745967,883.5026225599674,171.23063494283926,359.0,318.9650856850275,30.496512378204898,317.5038403213777,0.4826520427458508,0.8103880882263184,0.974687933921814,0.0,1.0,1.0,1.0,0.0,1.0
SNPT-161,0,28.0,0.007425507084659526,0.9982082956546062,0.3627450980392157,1.0,1.0,0.9803921568627451,0.8969517239168578,0.0,121.0,122.0,102.0,1769.5,626.0,1907.1758725253815,909.3288552792837,121.68719853252746,,1.0,0.0,0.0,0.0,0.9629629629629629,1.0,0.8816932671599917,696.0,749.0,54.0,54.0,1913.0,505.5,1684.4392718267543,473.3215851420388,86.40615995969591,575.0,403.87085165559705,5.824127474618535,-403.82885527928374,1.4083162426068738,0.5911856889724731,0.9308617115020752,0.0,0.0,0.0,0.0,1.0,1.0
SNPT-161,1,9.0,0.028283549343920338,0.9905850281480884,0.5922330097087378,0.0,1.0,1.0,0.9048598663320819,0.0,102.0,103.0,103.0,1399.5,535.0,1878.503487621795,480.9961596786223,82.64481573583042,,1.0,0.0,0.0,0.0,0.9629629629629629,1.0,0.8816932671599917,696.0,749.0,54.0,54.0,1913.0,505.5,1684.4392718267543,473.3215851420388,86.40615995969591,594.0,42.31368049171827,34.4965123782049,24.50384032137771,0.9564690269117391,0.8355823755264282,0.9727451801300049,0.0,0.0,0.0,1.0,0.0,1.0
SNPT-161,0,9.0,0.028283549343920338,0.9905850281480884,0.5922330097087378,0.0,1.0,1.0,0.9048598663320819,0.0,102.0,103.0,103.0,1399.5,535.0,1878.503487621795,480.9961596786223,82.64481573583042,,1.0,0.0,0.0,1.0,1.0,1.0,0.9190601613786485,705.0,749.0,45.0,45.0,1908.0,534.0,1756.6202925112318,503.9054238604613,90.48220395348682,603.0,60.65848111593053,29.496512378204898,53.00384032137771,0.9133819925331916,0.6316015720367432,0.9549973607063293,0.0,0.0,0.0,0.0,1.0,1.0
SNPT-161,0,29.0,0.9748463239520788,0.6880776683489481,0.011152416356877323,0.0,1.0,0.0037174721189591076,0.5847067926009791,344.0,612.0,269.0,269.0,8.5,444.5,14.26512607428997,494.5726140492711,91.05667896327103,,1.0,0.0,0.0,1.0,1.0,1.0,0.9351000248217115,699.0,749.0,51.0,51.0,1905.5,585.0,985.1744521995136,550.7588402017392,99.61926165955985,87.0,1893.3954844360112,1891.23487392571,90.42738595072888,0.914046916694176,0.6271171569824219,0.9221134185791016,0.0,0.0,0.0,0.0,1.0,1.0
SNPT-161,0,,1.0,0.0,0.0,1.0,0.9,0.8333333333333334,0.8676598171393076,0.0,25.0,26.0,12.0,223.5,839.5,14.16180204524738,1035.029179434534,148.7090167342683,,1.0,0.0,0.0,1.0,1.0,1.0,0.9190601613786485,705.0,749.0,45.0,45.0,1908.0,534.0,1756.6202925112318,503.9054238604613,90.48220395348682,680.0,1958.9929450300087,1893.8381979547526,-501.02917943453394,1.6435167385037779,0.6194241046905518,0.9609769582748413,0.0,0.0,0.0,1.0,0.0,0.0
SNPT-161,0,29.0,0.9748463239520788,0.6880776683489481,0.011152416356877323,0.0,1.0,0.0037174721189591076,0.5847067926009791,344.0,612.0,269.0,269.0,8.5,444.5,14.26512607428997,494.5726140492711,91.05667896327103,,1.0,0.0,0.0,0.0,0.9629629629629629,1.0,0.8816932671599917,696.0,749.0,54.0,54.0,1913.0,505.5,1684.4392718267543,473.3215851420388,86.40615995969591,84.0,1898.766317698257,1898.73487392571,10.927385950728876,1.0538216141736232,0.6061364412307739,0.9411692023277283,0.0,0.0,0.0,1.0,0.0,1.0
SNPT-161,1,,1.0,0.0,0.0,0.0,1.0,1.0,0.9152765274047852,0.0,22.0,23.0,23.0,639.5,899.5,38.74303661655344,964.959559497449,195.96726856273858,20.0,0.06139972052966645,0.9187674179762423,0.43832020997375326,0.0,0.9868766404199475,1.0,0.9153979176611412,228.0,608.0,381.0,381.0,15.5,671.0,16.39425503396295,625.1535106309186,114.96755129186076,206.0,294.8770275404524,-23.24303661655344,-293.95955949744905,1.70454416364187,0.8846122026443481,0.9755638241767883,0.0,0.0,0.0,1.0,0.0,1.0
SNPT-161,0,14.0,0.022297507677684243,0.9934944540262223,0.7272727272727273,0.0,0.9629629629629629,0.9818181818181818,0.8858118057250977,27.0,81.0,55.0,55.0,1912.5,684.0,1908.2956750717065,653.454912807263,123.33922531475895,,1.0,0.0,0.0,1.0,1.0,1.0,0.905284431847659,728.0,749.0,22.0,22.0,13.5,654.0,172.1786895876861,660.5428898433286,127.04917828620074,647.0,1894.7957534759496,-1894.7956750717065,0.5450871927370144,0.9707990793684279,0.598274827003479,0.9037817716598511,0.0,0.0,0.0,0.0,1.0,1.0
SNPT-161,1,10.0,0.0014682969457252887,0.9998457572039436,0.34,0.0,1.0,0.92,0.8752667331695556,180.0,229.0,50.0,50.0,1911.5,776.0,1911.6651198935274,736.5295118805161,163.8002906413549,10.0,0.007269767008493187,0.984592607792686,0.20359281437125748,0.0,0.9939393939393939,0.9880239520958084,0.9153787904156896,461.0,627.0,167.0,167.0,1909.0,798.5,14.568327775745967,883.5026225599674,171.23063494283926,232.0,62.02777008577665,-2.6651198935273896,61.97048811948389,0.9566062211708508,0.9137631058692932,0.9788035154342651,1.0,0.0,1.0,1.0,0.0,1.0
SNPT-161,0,,1.0,0.0,0.0,0.0,0.5,0.03389830508474576,0.58281989218825,25.0,104.0,80.0,59.0,1912.0,460.0,1908.441868211158,475.58298016169607,80.14262302895034,6.0,0.02883223490202813,0.9826366256694404,0.5121951219512195,0.0,1.0,0.9965156794425087,0.9031943992455247,463.0,749.0,287.0,287.0,1911.0,565.5,835.2195287725058,534.9637412467501,113.02663153240633,359.0,89.95340179699168,2.558131788842047,89.91701983830393,0.709059643221981,0.6224485039710999,0.924999475479126,0.0,0.0,0.0,1.0,0.0,0.0
SNPT-161,0,9.0,0.028283549343920338,0.9905850281480884,0.5922330097087378,0.0,1.0,1.0,0.9048598663320819,0.0,102.0,103.0,103.0,1399.5,535.0,1878.503487621795,480.9961596786223,82.64481573583042,,1.0,0.0,0.0,1.0,1.0,1.0,0.905284431847659,728.0,749.0,22.0,22.0,13.5,654.0,172.1786895876861,660.5428898433286,127.04917828620074,626.0,1873.010501200515,-1865.003487621795,173.0038403213777,0.6504946891483104,0.6056373715400696,0.91904616355896,0.0,0.0,0.0,0.0,1.0,1.0
SNPT-161,0,22.0,0.014355953962499285,0.9924085477613053,0.4818181818181818,1.0,1.0,0.990909090909091,0.9102317777546969,0.0,109.0,110.0,110.0,1432.5,551.0,1912.5259081270162,564.7658454102075,117.3328089063549,56.0,0.18687937422471027,0.9223484985968646,0.27419354838709675,0.0,0.964516129032258,1.0,0.9253039990701983,215.0,570.0,356.0,310.0,20.0,490.5,9.628407148942802,637.3975973881406,91.2712670712224,106.0,1893.9825048628302,-1892.5259081270162,-74.26584541020748,1.2855393890258553,0.6021761298179626,0.9427570104598999,0.0,1.0,0.0,0.0,1.0,1.0
SNPT-161,1,10.0,0.011415089018959811,0.9985602299372355,0.10843373493975904,0.0,1.0,0.9879518072289156,0.9029921286077385,29.0,111.0,83.0,83.0,1902.0,715.0,1901.8329187219956,752.6387155075746,153.07085492652027,10.0,0.007269767008493187,0.984592607792686,0.20359281437125748,0.0,0.9939393939393939,0.9880239520958084,0.9153787904156896,461.0,627.0,167.0,167.0,1909.0,798.5,14.568327775745967,883.5026225599674,171.23063494283926,350.0,46.417932626741354,7.167081278004389,45.8612844924254,0.8939454962461528,0.929487943649292,0.9797483682632446,1.0,0.0,1.0,1.0,0.0,1.0
SNPT-161,0,10.0,0.011415089018959811,0.9985602299372355,0.10843373493975904,0.0,1.0,0.9879518072289156,0.9029921286077385,29.0,111.0,83.0,83.0,1902.0,715.0,1901.8329187219956,752.6387155075746,153.07085492652027,,1.0,0.0,0.0,1.0,1.0,1.0,0.9351000248217115,699.0,749.0,51.0,51.0,1905.5,585.0,985.1744521995136,550.7588402017392,99.61926165955985,588.0,167.6788192412179,3.667081278004389,-167.6387155075746,1.5365588178080116,0.5303585529327393,0.9003405570983887,0.0,0.0,0.0,0.0,1.0,1.0
SNPT-161,0,,1.0,0.0,0.0,1.0,0.9,0.8333333333333334,0.8676598171393076,0.0,25.0,26.0,12.0,223.5,839.5,14.16180204524738,1035.029179434534,148.7090167342683,56.0,0.18687937422471027,0.9223484985968646,0.27419354838709675,0.0,0.964516129032258,1.0,0.9253039990701983,215.0,570.0,356.0,310.0,20.0,490.5,9.628407148942802,637.3975973881406,91.2712670712224,190.0,544.560475806871,5.838197954752619,-544.529179434534,1.6293081218892804,0.6661585569381714,0.9228256940841675,0.0,0.0,0.0,0.0,1.0,0.0
SNPT-161,1,6.0,0.03002618129346846,0.9890380744256225,0.3591549295774648,1.0,1.0,1.0,0.9081147521944113,0.0,567.0,568.0,568.0,1824.5,726.5,15.31180141133743,670.7251214895289,129.30522121937764,,1.0,0.0,0.0,1.0,1.0,1.0,0.905284431847659,728.0,749.0,22.0,22.0,13.5,654.0,172.1786895876861,660.5428898433286,127.04917828620074,161.0,16.822969808973234,-1.8118014113374308,-16.725121489528874,1.0177572414368141,0.891737163066864,0.954035222530365,0.0,0.0,0.0,1.0,0.0,1.0
SNPT-161,0,22.0,0.014355953962499285,0.9924085477613053,0.4818181818181818,1.0,1.0,0.990909090909091,0.9102317777546969,0.0,109.0,110.0,110.0,1432.5,551.0,1912.5259081270162,564.7658454102075,117.3328089063549,28.0,0.03357924448262138,0.984864513434115,0.42424242424242425,1.0,1.0,0.9949494949494949,0.8663225270280934,508.0,705.0,198.0,198.0,1911.0,912.5,1904.107031019938,915.8583185017868,169.3190364980535,399.0,347.7375025272509,-1.525908127016237,347.7341545897925,0.6929687962623374,0.7631747126579285,0.9591317176818848,0.0,1.0,1.0,1.0,0.0,1.0
SNPT-161,1,6.0,0.000807464798016912,0.9292178944401119,0.11855670103092783,0.0,0.9739583333333334,0.9896907216494846,0.918043399748114,0.0,387.0,388.0,388.0,984.0,500.5,1913.1936425132849,605.4209667143846,96.64922917363837,6.0,0.02883223490202813,0.9826366256694404,0.5121951219512195,0.0,1.0,0.9965156794425087,0.9031943992455247,463.0,749.0,287.0,287.0,1911.0,565.5,835.2195287725058,534.9637412467501,113.02663153240633,76.0,39.98119121395825,-2.1936425132848854,-39.920966714384576,0.8551013850742573,0.9543414115905762,0.9869651198387146,1.0,0.0,1.0,1.0,0.0,1.0
SNPT-161,0,28.0,0.007425507084659526,0.9982082956546062,0.3627450980392157,1.0,1.0,0.9803921568627451,0.8969517239168578,0.0,121.0,122.0,102.0,1769.5,626.0,1907.1758725253815,909.3288552792837,121.68719853252746,9.0,0.0455140010752953,0.9178753899203407,0.20361990950226244,1.0,0.9751131221719457,1.0,0.9097520954468671,122.0,563.0,442.0,442.0,11.5,668.0,11.76791152436039,560.0877083681946,107.45396504189003,1.0,1910.9753085964444,-1895.6758725253815,-241.32885527928374,1.132458895165839,0.8702312111854553,0.9807435274124146,0.0,1.0,1.0,1.0,0.0,1.0
SNPT-161,1,29.0,0.021806018468530718,0.9951337806203149,0.1685823754789272,1.0,1.0,1.0,0.9140180150667826,0.0,260.0,261.0,261.0,1181.5,617.0,1912.3138117538642,552.734810949797,121.88842734751883,,1.0,0.0,0.0,1.0,1.0,1.0,0.9351000248217115,699.0,749.0,51.0,51.0,1905.5,585.0,985.1744521995136,550.7588402017392,99.61926165955985,439.0,32.976816933452525,-6.813811753864229,32.26518905020305,1.2235427699119263,0.8670558929443359,0.9888229370117188,0.0,0.0,0.0,1.0,0.0,1.0
SNPT-161,0,14.0,0.022297507677684243,0.9934944540262223,0.7272727272727273,0.0,0.9629629629629629,0.9818181818181818,0.8858118057250977,27.0,81.0,55.0,55.0,1912.5,684.0,1908.2956750717065,653.454912807263,123.33922531475895,20.0,0.06139972052966645,0.9187674179762423,0.43832020997375326,0.0,0.9868766404199475,1.0,0.9153979176611412,228.0,608.0,381.0,381.0,15.5,671.0,16.39425503396295,625.1535106309186,114.96755129186076,147.0,1892.876989572951,-1892.7956750717065,17.545087192737014,1.0728177118571967,0.8856428861618042,0.990626335144043,0.0,1.0,1.0,1.0,0.0,1.0
SNPT-161,0,10.0,0.011415089018959811,0.9985602299372355,0.10843373493975904,0.0,1.0,0.9879518072289156,0.9029921286077385,29.0,111.0,83.0,83.0,1902.0,715.0,1901.8329187219956,752.6387155075746,153.07085492652027,,1.0,0.0,0.0,1.0,1.0,1.0,0.905284431847659,728.0,749.0,22.0,22.0,13.5,654.0,172.1786895876861,660.5428898433286,127.04917828620074,617.0,1890.9074033717557,-1888.3329187219956,-98.6387155075746,1.204815780718401,0.6384099721908569,0.9181278347969055,0.0,0.0,0.0,0.0,1.0,1.0
SNPT-161,1,5.0,0.07066379924071953,0.9496765213134961,0.23076923076923078,1.0,1.0,1.0,0.9182871678877159,0.0,212.0,213.0,169.0,1252.5,506.0,1910.9749958538462,491.78616471506484,106.32578227839625,,1.0,0.0,0.0,1.0,1.0,1.0,0.9190601613786485,705.0,749.0,45.0,45.0,1908.0,534.0,1756.6202925112318,503.9054238604613,90.48220395348682,493.0,42.31853600721602,-2.974995853846167,42.21383528493516,1.1751015960337787,0.849228024482727,0.9732065796852112,0.0,0.0,0.0,1.0,0.0,1.0
SNPT-161,0,11.0,0.047437150535022905,0.9911808859218251,0.043478260869565216,1.0,0.9644268774703557,1.0,0.9329233277927745,0.0,252.0,253.0,253.0,882.0,453.5,1913.5208001789824,454.1943684977604,82.82729866853174,,1.0,0.0,0.0,1.0,1.0,1.0,0.9190601613786485,705.0,749.0,45.0,45.0,1908.0,534.0,1756.6202925112318,503.9054238604613,90.48220395348682,453.0,79.99636275536223,-5.520800178982427,79.80563150223958,0.9153987751128371,0.7564104795455933,0.9847021102905273,0.0,0.0,0.0,1.0,0.0,1.0
SNPT-161,0,25.0,0.09905815663421436,0.9123911474432264,0.13916500994035785,0.0,0.9542743538767395,1.0,0.9239487576911274,120.0,622.0,503.0,503.0,16.0,594.0,13.764658974826864,562.2716716191504,109.46558662152061,,1.0,0.0,0.0,1.0,1.0,1.0,0.9190601613786485,705.0,749.0,45.0,45.0,1908.0,534.0,1756.6202925112318,503.9054238604613,90.48220395348682,83.0,1894.4463081874067,1894.235341025173,-28.271671619150425,1.2098023902887287,0.7042142152786255,0.966436505317688,0.0,0.0,0.0,0.0,1.0,1.0
SNPT-161,1,11.0,0.047437150535022905,0.9911808859218251,0.043478260869565216,1.0,0.9644268774703557,1.0,0.9329233277927745,0.0,252.0,253.0,253.0,882.0,453.5,1913.5208001789824,454.1943684977604,82.82729866853174,11.0,0.3658190550685343,0.8378249648071471,0.19090909090909092,1.0,1.0,1.0,0.9215091011740945,640.0,749.0,110.0,110.0,1911.0,558.5,1243.546126490607,495.1623569743801,92.86143567386847,388.0,104.33608770038941,-2.5208001789824266,104.30563150223958,0.891945058435486,0.9334383010864258,0.9829849004745483,1.0,0.0,0.0,1.0,0.0,1.0
SNPT-161,0,28.0,0.007425507084659526,0.9982082956546062,0.3627450980392157,1.0,1.0,0.9803921568627451,0.8969517239168578,0.0,121.0,122.0,102.0,1769.5,626.0,1907.1758725253815,909.3288552792837,121.68719853252746,28.0,0.03357924448262138,0.984864513434115,0.42424242424242425,1.0,1.0,0.9949494949494949,0.8663225270280934,508.0,705.0,198.0,198.0,1911.0,912.5,1904.107031019938,915.8583185017868,169.3190364980535,387.0,4.967907988465459,3.8241274746185354,3.1711447207162564,0.7186858669251073,0.8822066783905029,0.9438273906707764,1.0,0.0,1.0,1.0,0.0,1.0
SNPT-161,0,10.0,0.0014682969457252887,0.9998457572039436,0.34,0.0,1.0,0.92,0.8752667331695556,180.0,229.0,50.0,50.0,1911.5,776.0,1911.6651198935274,736.5295118805161,163.8002906413549,29.0,0.9748463239520788,0.6880776683489481,0.011152416356877323,0.0,1.0,0.0037174721189591076,0.5847067926009791,344.0,612.0,269.0,269.0,8.5,444.5,14.26512607428997,494.5726140492711,91.05667896327103,115.0,1925.4398742595201,-1903.1651198935274,-292.0295118805161,1.79888276737422,0.6442044973373413,0.9195365309715271,0.0,1.0,0.0,1.0,0.0,1.0
SNPT-161,0,9.0,0.028283549343920338,0.9905850281480884,0.5922330097087378,0.0,1.0,1.0,0.9048598663320819,0.0,102.0,103.0,103.0,1399.5,535.0,1878.503487621795,480.9961596786223,82.64481573583042,11.0,0.3658190550685343,0.8378249648071471,0.19090909090909092,1.0,1.0,1.0,0.9215091011740945,640.0,749.0,110.0,110.0,1911.0,558.5,1243.546126490607,495.1623569743801,92.86143567386847,538.0,84.04087446777572,32.4965123782049,77.50384032137771,0.8899799484694695,0.6234052777290344,0.9470581412315369,0.0,1.0,0.0,0.0,1.0,1.0
SNPT-161,0,28.0,0.007425507084659526,0.9982082956546062,0.3627450980392157,1.0,1.0,0.9803921568627451,0.8969517239168578,0.0,121.0,122.0,102.0,1769.5,626.0,1907.1758725253815,909.3288552792837,121.68719853252746,6.0,0.02883223490202813,0.9826366256694404,0.5121951219512195,0.0,1.0,0.9965156794425087,0.9031943992455247,463.0,749.0,287.0,287.0,1911.0,565.5,835.2195287725058,534.9637412467501,113.02663153240633,342.0,343.85012094458364,3.8241274746185354,-343.82885527928374,1.0766241272760395,0.5899351835250854,0.9185652732849121,0.0,1.0,1.0,0.0,1.0,1.0
SNPT-161,0,10.0,0.02050992555434512,0.9919381453877404,0.24705882352941178,1.0,1.0,1.0,0.9097659066611645,0.0,568.0,569.0,510.0,758.0,419.0,8.848663026789268,654.3585346410721,106.22627832858784,,1.0,0.0,0.0,1.0,1.0,1.0,0.9190601613786485,705.0,749.0,45.0,45.0,1908.0,534.0,1756.6202925112318,503.9054238604613,90.48220395348682,137.0,1902.961370492864,1899.1513369732106,-120.35853464107208,1.174001888627673,0.7577974796295166,0.9859389662742615,0.0,0.0,0.0,1.0,0.0,1.0
SNPT-161,0,14.0,0.022297507677684243,0.9934944540262223,0.7272727272727273,0.0,0.9629629629629629,0.9818181818181818,0.8858118057250977,27.0,81.0,55.0,55.0,1912.5,684.0,1908.2956750717065,653.454912807263,123.33922531475895,28.0,0.03357924448262138,0.984864513434115,0.42424242424242425,1.0,1.0,0.9949494949494949,0.8663225270280934,508.0,705.0,198.0,198.0,1911.0,912.5,1904.107031019938,915.8583185017868,169.3190364980535,427.0,259.0592028321143,2.704324928293545,259.045087192737,0.7284427543749746,0.5564637780189514,0.9208390116691589,0.0,1.0,1.0,0.0,1.0,1.0
SNPT-161,0,20.0,0.06139972052966645,0.9187674179762423,0.43832020997375326,0.0,0.9868766404199475,1.0,0.9153979176611412,228.0,608.0,381.0,381.0,15.5,671.0,16.39425503396295,625.1535106309186,114.96755129186076,,1.0,0.0,0.0,1.0,1.0,1.0,0.9190601613786485,705.0,749.0,45.0,45.0,1908.0,534.0,1756.6202925112318,503.9054238604613,90.48220395348682,97.0,1893.8007437132494,1891.605744966037,-91.15351063091862,1.270609537218621,0.6979931592941284,0.9534674882888794,0.0,0.0,0.0,0.0,1.0,1.0
SNPT-161,1,10.0,0.011415089018959811,0.9985602299372355,0.10843373493975904,0.0,1.0,0.9879518072289156,0.9029921286077385,29.0,111.0,83.0,83.0,1902.0,715.0,1901.8329187219956,752.6387155075746,153.07085492652027,10.0,0.0014682969457252887,0.9998457572039436,0.34,0.0,1.0,0.92,0.8752667331695556,180.0,229.0,50.0,50.0,1911.5,776.0,1911.6651198935274,736.5295118805161,163.8002906413549,69.0,25.282445957058396,9.667081278004389,23.361284492425398,0.9344968456843156,0.9523317813873291,0.9617155194282532,1.0,0.0,1.0,1.0,0.0,1.0
SNPT-161,0,,1.0,0.0,0.0,1.0,0.9,0.8333333333333334,0.8676598171393076,0.0,25.0,26.0,12.0,223.5,839.5,14.16180204524738,1035.029179434534,148.7090167342683,14.0,0.022297507677684243,0.9934944540262223,0.7272727272727273,0.0,0.9629629629629629,0.9818181818181818,0.8858118057250977,27.0,81.0,55.0,55.0,1912.5,684.0,1908.2956750717065,653.454912807263,123.33922531475895,2.0,1930.520499406463,1898.3381979547526,-351.02917943453394,1.2056911850610883,0.5973524451255798,0.9096686840057373,0.0,0.0,0.0,0.0,1.0,0.0
SNPT-161,0,23.0,0.030584922344725384,0.9837758175673939,0.5685279187817259,0.0,0.9966044142614601,0.9966159052453468,0.8977704739005836,0.0,632.0,633.0,591.0,1568.5,781.0,7.9148847400201685,670.0389832535852,137.15190389414184,,1.0,0.0,0.0,1.0,1.0,1.0,0.9351000248217115,699.0,749.0,51.0,51.0,1905.5,585.0,985.1744521995136,550.7588402017392,99.61926165955985,67.0,1899.4896415429685,1897.5851152599798,-85.03898325358523,1.3767608955268764,0.5882498621940613,0.8859089612960815,0.0,0.0,0.0,0.0,1.0,1.0
SNPT-161,0,9.0,0.028283549343920338,0.9905850281480884,0.5922330097087378,0.0,1.0,1.0,0.9048598663320819,0.0,102.0,103.0,103.0,1399.5,535.0,1878.503487621795,480.9961596786223,82.64481573583042,28.0,0.03357924448262138,0.984864513434115,0.42424242424242425,1.0,1.0,0.9949494949494949,0.8663225270280934,508.0,705.0,198.0,198.0,1911.0,912.5,1904.107031019938,915.8583185017868,169.3190364980535,406.0,432.72576480820254,32.4965123782049,431.5038403213777,0.48810114589082554,0.5822269320487976,0.9080359935760498,0.0,1.0,1.0,0.0,1.0,1.0
SNPT-162,1,23.0,0.006025949108569668,0.9929359307309159,0.5804878048780487,1.0,1.0,0.975609756097561,0.801358237862587,0.0,212.0,213.0,205.0,655.0,620.0,11.207106123580054,933.632557555314,170.0546931056481,23.0,0.019651258923903386,0.982954112350518,0.6878048780487804,1.0,1.0,1.0,0.8229821338886167,430.0,634.0,205.0,205.0,16.0,720.0,8.474379736801813,557.2409449919304,135.70175889974198,218.0,213.68631561083913,4.792893876419946,-213.63255755531395,1.2531502501105125,0.9558983445167542,0.9903873205184937,1.0,0.0,1.0,1.0,0.0,1.0
SNPT-162,0,,1.0,0.0,0.0,,0.0,0.0,0.5282117972126255,519.0,595.0,77.0,77.0,14.5,385.0,6.685008387527857,472.6076810041209,95.74155138022655,,1.0,0.0,0.0,0.0,1.0,1.0,0.8578923411835405,617.0,749.0,133.0,133.0,1898.0,393.0,1002.6241849441008,214.34702694941004,68.07784507812832,22.0,1892.9896408519883,1891.314991612472,-79.60768100412088,1.406354024137375,0.618592381477356,0.9312626123428345,0.0,0.0,0.0,0.0,0.0,0.0
SNPT-162,0,30.0,0.030874476025928743,0.9917116314172745,0.026058631921824105,0.0,1.0,1.0,0.8659017388906075,0.0,306.0,307.0,307.0,854.0,358.0,24.572286386787056,496.9399565166607,115.27892147839036,,1.0,0.0,0.0,1.0,1.0,0.984251968503937,0.8793543506795027,623.0,749.0,127.0,127.0,1909.5,407.5,1442.8798804885514,292.48768225393087,79.56847593835377,317.0,1887.0484867561927,1884.927713613213,-89.43995651666069,1.448801426933243,0.6864166259765625,0.9394019842147827,0.0,0.0,0.0,0.0,1.0,1.0
SNPT-162,1,10.0,0.0064862667268991495,0.9747955810565215,0.18055555555555555,0.0,0.9953596287703016,0.9976851851851852,0.8713866604699029,0.0,431.0,432.0,432.0,1105.5,510.5,1912.4204571084717,754.8291861233979,126.08304678875605,28.0,0.043517013884907516,0.9883280942837397,0.07547169811320754,0.0,1.0,1.0,0.8650810141233528,591.0,749.0,159.0,159.0,1907.5,870.0,1486.6420422746085,766.0971895442034,139.45793112380957,160.0,115.27587461023765,-4.920457108471737,115.1708138766021,0.9040937705925136,0.8562796115875244,0.9834403395652771,0.0,1.0,1.0,1.0,0.0,1.0
SNPT-162,0,14.0,0.031939282966328114,0.9524576470318726,0.6510989010989011,1.0,1.0,0.9972527472527473,0.8215211385881508,0.0,364.0,365.0,364.0,441.0,804.0,1914.0274897995905,487.0528913507046,178.41175882073767,,1.0,0.0,0.0,0.0,1.0,1.0,0.831083948932477,616.0,749.0,134.0,134.0,1896.0,602.5,1305.6134318851216,433.81034692227075,121.12269310760418,252.0,116.84616075830884,-18.027489799590512,115.44710864929539,1.4729837509659602,0.7332605719566345,0.9212230443954468,0.0,0.0,0.0,0.0,1.0,1.0
SNPT-162,0,10.0,0.3397325637439887,0.8707574407259623,0.006787330316742082,0.0,0.9614512471655329,0.997737556561086,0.8567734603428733,0.0,441.0,442.0,442.0,928.5,327.5,1770.6529057930748,381.20048767623115,107.2973839569625,,1.0,0.0,0.0,1.0,1.0,0.93,0.7840747773647309,584.0,732.0,149.0,100.0,1900.5,513.0,9.341125704469704,398.0404581293427,81.46926777589232,143.0,185.01724060953188,129.84709420692525,131.79951232376885,1.3170289470640488,0.7194857597351074,0.9178656339645386,0.0,0.0,0.0,0.0,1.0,1.0
SNPT-162,0,,1.0,0.0,0.0,0.0,1.0,1.0,0.8616297116011252,0.0,461.0,462.0,462.0,967.0,363.0,1896.0793070211616,383.396456736478,101.50882068416205,,1.0,0.0,0.0,1.0,1.0,0.984251968503937,0.8793543506795027,623.0,749.0,127.0,127.0,1909.5,407.5,1442.8798804885514,292.48768225393087,79.56847593835377,162.0,27.58796472900308,13.42069297883836,24.103543263522,1.2757416739112448,0.7545867562294006,0.9415647387504578,0.0,0.0,0.0,0.0,1.0,1.0
SNPT-162,1,30.0,0.030874476025928743,0.9917116314172745,0.026058631921824105,0.0,1.0,1.0,0.8659017388906075,0.0,306.0,307.0,307.0,854.0,358.0,24.572286386787056,496.9399565166607,115.27892147839036,,1.0,0.0,0.0,0.0,1.0,1.0,0.8793740698727228,428.0,613.0,186.0,186.0,25.5,360.5,16.31087073070941,468.8316467418176,89.712942442824,122.0,136.44311044100542,0.9277136132129442,-136.4399565166607,1.2849753707706122,0.9137368202209473,0.980276882648468,0.0,0.0,0.0,1.0,0.0,1.0
SNPT-162,0,28.0,0.005318424756742009,0.999136089036862,0.09696969696969697,0.0,0.9878787878787879,1.0,0.8438901142640547,0.0,494.0,495.0,495.0,1108.5,574.5,1902.4573916253692,683.4267943212321,140.70438231462933,,1.0,0.0,0.0,1.0,0.9919354838709677,0.9841269841269841,0.8948879904217191,576.0,749.0,174.0,126.0,1900.0,877.0,60.10745982399774,673.7187100886296,143.52694481477187,82.0,193.58880321535904,-2.457391625369155,193.57320567876786,0.980334267521787,0.6812266111373901,0.9197477698326111,0.0,0.0,0.0,0.0,1.0,1.0
SNPT-162,0,,1.0,0.0,0.0,0.0,1.0,1.0,0.8793740698727228,428.0,613.0,186.0,186.0,25.5,360.5,16.31087073070941,468.8316467418176,89.712942442824,14.0,0.0036366682699720296,0.9992030941206833,0.5,1.0,0.9380530973451328,0.9741379310344828,0.8611721663639463,622.0,749.0,128.0,116.0,1907.5,890.0,1665.3799871460521,457.5712234924197,129.80529043690296,9.0,1937.5188010578236,1891.1891292692906,421.1683532581824,0.691134715240536,0.584418535232544,0.9210894107818604,0.0,0.0,0.0,0.0,1.0,1.0
SNPT-162,0,,1.0,0.0,0.0,0.0,0.981651376146789,0.9954337899543378,0.8657233779016695,0.0,447.0,448.0,438.0,902.0,296.0,1915.69558330971,410.03737749621325,110.26164866982111,,1.0,0.0,0.0,0.0,1.0,0.9863945578231292,0.849734615306465,603.0,749.0,147.0,147.0,1906.5,510.0,497.0133191580568,289.2105400444893,89.62750274553002,156.0,100.38468334482302,-9.195583309709946,99.96262250378675,1.230221140745999,0.7399839162826538,0.9832848310470581,0.0,0.0,0.0,1.0,0.0,1.0
SNPT-162,1,28.0,0.005318424756742009,0.999136089036862,0.09696969696969697,0.0,0.9878787878787879,1.0,0.8438901142640547,0.0,494.0,495.0,495.0,1108.5,574.5,1902.4573916253692,683.4267943212321,140.70438231462933,10.0,0.08797268558676781,0.9625733978039509,0.29133858267716534,0.0,1.0,1.0,0.8653306449492146,623.0,749.0,127.0,127.0,1885.5,850.5,1082.5360099753093,483.9556248420952,131.63967959455266,129.0,167.93156101970828,-16.957391625369155,167.07320567876786,1.068859957331982,0.9202945232391357,0.9901577234268188,0.0,1.0,1.0,1.0,0.0,1.0
SNPT-162,0,10.0,0.07870277203402089,0.9372828335075055,0.13439635535307518,1.0,0.8767123287671232,0.9977220956719818,0.872682557833765,0.0,438.0,439.0,439.0,1016.0,339.5,1905.7875397904336,665.6738292539915,117.63005475498156,14.0,0.030601959054668743,0.8875893695013863,0.0546875,1.0,0.968503937007874,0.9921875,0.8875457947142422,622.0,749.0,128.0,128.0,1908.5,795.5,1177.863807755764,647.6395055388475,136.5518999580803,184.0,129.85450339114252,2.712460209566416,129.82617074600853,0.8614311100108639,0.943684458732605,0.9910334348678589,0.0,1.0,1.0,1.0,0.0,0.0
SNPT-162,0,,1.0,0.0,0.0,0.0,1.0,1.0,0.8616297116011252,0.0,461.0,462.0,462.0,967.0,363.0,1896.0793070211616,383.396456736478,101.50882068416205,,1.0,0.0,0.0,1.0,1.0,0.96,0.8398877930159521,585.0,697.0,113.0,100.0,1903.0,702.0,14.378139502701003,472.1748698260924,113.00939802766985,124.0,318.67869990223426,6.92069297883836,318.603543263522,0.8982334430213323,0.7118768095970154,0.9151530265808105,0.0,0.0,0.0,0.0,1.0,1.0
SNPT-162,1,26.0,0.024612673374576843,0.9067223348787853,0.08536585365853659,1.0,1.0,0.9817073170731707,0.861452809921125,222.0,432.0,211.0,164.0,20.5,627.5,1908.1143827705175,790.459845769922,138.98065863398392,36.0,0.3142195624079452,0.8497342240242731,0.1590909090909091,1.0,1.0,0.9848484848484849,0.895303924426888,618.0,749.0,132.0,132.0,1902.0,847.0,783.9560550374467,431.988721201662,120.38784945786597,186.0,56.869804967358604,-6.114382770517523,56.540154230077974,1.1544409112700793,0.9554943442344666,0.9932267665863037,0.0,1.0,0.0,1.0,0.0,1.0
SNPT-162,0,,1.0,0.0,0.0,0.0,0.981651376146789,0.9954337899543378,0.8657233779016695,0.0,447.0,448.0,438.0,902.0,296.0,1915.69558330971,410.03737749621325,110.26164866982111,,1.0,0.0,0.0,,0.0,0.0,0.5282117972126255,519.0,595.0,77.0,77.0,14.5,385.0,6.685008387527857,472.6076810041209,95.74155138022655,72.0,1901.3604382831354,-1901.19558330971,-25.037377496213253,1.1516593065421477,0.6686845421791077,0.9308011531829834,0.0,0.0,0.0,0.0,0.0,0.0
SNPT-162,0,,1.0,0.0,0.0,0.0,0.8571428571428571,1.0,0.8585711549333974,0.0,293.0,294.0,294.0,968.5,287.0,1046.2660360478208,381.49095258615785,97.78956570958105,,1.0,0.0,0.0,1.0,1.0,0.93,0.7840747773647309,584.0,732.0,149.0,100.0,1900.5,513.0,9.341125704469704,398.0404581293427,81.46926777589232,291.0,864.2975730158851,854.2339639521792,131.50904741384215,1.2003245933004212,0.7610747218132019,0.9135173559188843,0.0,0.0,0.0,0.0,1.0,0.0
SNPT-162,0,,1.0,0.0,0.0,1.0,0.8058455114822547,1.0,0.8780588050973689,0.0,478.0,479.0,479.0,889.0,327.5,1893.354793205118,459.7392296592982,106.18586256879402,,1.0,0.0,0.0,0.0,1.0,1.0,0.831083948932477,616.0,749.0,134.0,134.0,1896.0,602.5,1305.6134318851216,433.81034692227075,121.12269310760418,138.0,142.78527468635656,2.645206794881915,142.7607703407018,0.8766801649172346,0.7446833848953247,0.9443117380142212,0.0,0.0,0.0,0.0,1.0,0.0
SNPT-162,0,23.0,0.03409243988856112,0.9698569787309524,0.4912891986062718,1.0,1.0,0.9825783972125436,0.8282559916948192,0.0,352.0,353.0,287.0,215.5,426.5,5.000220778295429,611.0516012993287,137.36328490490055,,1.0,0.0,0.0,1.0,0.9919354838709677,0.9841269841269841,0.8948879904217191,576.0,749.0,174.0,126.0,1900.0,877.0,60.10745982399774,673.7187100886296,143.52694481477187,224.0,1913.5706712901303,1894.9997792217046,265.9483987006713,0.9570557297249949,0.8730179071426392,0.972731351852417,0.0,0.0,0.0,1.0,0.0,1.0
SNPT-162,0,23.0,0.03409243988856112,0.9698569787309524,0.4912891986062718,1.0,1.0,0.9825783972125436,0.8282559916948192,0.0,352.0,353.0,287.0,215.5,426.5,5.000220778295429,611.0516012993287,137.36328490490055,14.0,0.0036366682699720296,0.9992030941206833,0.5,1.0,0.9380530973451328,0.9741379310344828,0.8611721663639463,622.0,749.0,128.0,116.0,1907.5,890.0,1665.3799871460521,457.5712234924197,129.80529043690296,270.0,1922.8410280302173,1902.4997792217046,278.9483987006713,1.0582256273419877,0.871756911277771,0.9774794578552246,0.0,1.0,1.0,1.0,0.0,1.0
SNPT-163,0,10.0,0.006879421187342773,0.9923131530126814,0.6487455197132617,1.0,0.989247311827957,1.0,0.8753623449674217,0.0,278.0,279.0,279.0,141.0,764.0,14.137804336584315,593.183752973162,118.36568492370016,25.0,0.0002334087181945203,0.9999791512886683,0.38961038961038963,0.0,1.0,1.0,0.9101032657282693,596.0,749.0,154.0,154.0,17.0,597.0,230.35379089990533,520.5534328982727,111.02380780614972,318.0,4.770315019527079,2.862195663415685,3.8162470268380275,1.0661288534651012,0.6801055073738098,0.9381405711174011,0.0,1.0,1.0,0.0,1.0,1.0
SNPT-163,0,26.0,0.03140465716667524,0.9847342982094669,0.5728813559322034,0.0,0.9830508474576272,1.0,0.8576870617219957,0.0,300.0,301.0,295.0,1043.5,560.0,12.793114661436277,494.28194118342554,85.95851068867225,10.0,0.004372804349010551,0.9993453668430448,0.7852760736196319,1.0,1.0,1.0,0.8935042557540847,587.0,749.0,163.0,163.0,27.5,978.0,1728.1548313560297,828.4276404189111,175.45535583664346,287.0,483.9415800503576,14.706885338563723,483.71805881657446,0.48991671003023324,0.6039103269577026,0.9073458313941956,0.0,1.0,1.0,0.0,1.0,1.0
SNPT-163,0,40.0,0.13577237649466647,0.8001117215437048,0.05573770491803279,1.0,0.8721311475409836,1.0,0.8807890612570966,0.0,318.0,319.0,305.0,1308.0,402.0,7.10694094286045,411.95090852854787,76.02953271555579,26.0,0.05489606774495769,0.9685781598091125,0.16279069767441862,0.0,0.8895348837209303,1.0,0.887052891559379,578.0,749.0,172.0,172.0,18.5,558.5,1165.267353652917,505.54742085456223,91.7966504313717,260.0,146.9912854756618,11.39305905713955,146.54909147145213,0.8282386378835946,0.7403416633605957,0.9673802256584167,0.0,1.0,1.0,0.0,1.0,0.0
SNPT-163,0,5.0,0.04912843016594822,0.9354223817973942,0.2682926829268293,1.0,0.9965156794425087,1.0,0.9172658995053494,303.0,589.0,287.0,287.0,1911.0,501.5,1899.3432398760374,554.8255150917993,111.17630103382652,9.0,0.07706796928583312,0.9412710642814637,0.21367521367521367,1.0,0.9487179487179487,1.0,0.9090868682942839,633.0,749.0,117.0,117.0,10.5,667.5,516.0156517013174,636.6510731057508,135.06829929892123,44.0,1892.2009207202955,-1888.8432398760374,112.67448490820072,0.8231117265183072,0.878637433052063,0.9864659309387207,0.0,1.0,1.0,1.0,0.0,1.0
SNPT-163,0,25.0,0.002770883265903497,0.9868294351523922,0.20945945945945946,0.0,0.9662162162162162,1.0,0.8884605725069303,0.0,301.0,302.0,296.0,422.0,498.5,3.0735129377546233,444.8175811670143,77.37940715696179,,1.0,0.0,0.0,1.0,0.9753086419753086,1.0,0.8416629245987645,588.0,749.0,162.0,162.0,18.5,512.0,1057.5472073417288,429.6892374373524,82.89373175236265,287.0,68.93079067682554,15.426487062245377,67.18241883298572,0.9334771824258751,0.703930139541626,0.9555789232254028,0.0,0.0,0.0,0.0,1.0,1.0
SNPT-163,0,40.0,0.13577237649466647,0.8001117215437048,0.05573770491803279,1.0,0.8721311475409836,1.0,0.8807890612570966,0.0,318.0,319.0,305.0,1308.0,402.0,7.10694094286045,411.95090852854787,76.02953271555579,23.0,0.06696353768489537,0.8725234493613243,0.3971631205673759,0.0,1.0,1.0,0.9197478835464369,593.0,733.0,141.0,141.0,29.0,881.0,1905.0877730110033,1007.2619607488255,177.7491971905171,275.0,469.55974725808227,21.89305905713955,469.04909147145213,0.42773488666767356,0.6911646127700806,0.9398175477981567,0.0,1.0,1.0,0.0,1.0,0.0
SNPT-163,0,10.0,0.006879421187342773,0.9923131530126814,0.6487455197132617,1.0,0.989247311827957,1.0,0.8753623449674217,0.0,278.0,279.0,279.0,141.0,764.0,14.137804336584315,593.183752973162,118.36568492370016,,1.0,0.0,0.0,0.0,1.0,1.0,0.6265355069586571,471.0,564.0,94.0,94.0,1913.0,506.0,1904.7440620456218,506.4265533935113,82.82502022762976,193.0,1900.8626054773588,1898.8621956634156,-87.18375297316197,1.4291054152283118,0.6782331466674805,0.8967392444610596,0.0,0.0,0.0,0.0,1.0,1.0
SNPT-163,0,8.0,0.022207821980315356,0.9905276940185197,0.6644067796610169,1.0,0.9898305084745763,1.0,0.8981241470676358,0.0,294.0,295.0,295.0,653.0,616.5,19.63977858583609,563.2138646292311,104.41203665148576,26.0,0.05489606774495769,0.9685781598091125,0.16279069767441862,0.0,0.8895348837209303,1.0,0.887052891559379,578.0,749.0,172.0,172.0,18.5,558.5,1165.267353652917,505.54742085456223,91.7966504313717,284.0,4.84970256484321,-1.1397785858360905,-4.713864629231125,1.1374275222552426,0.5938788652420044,0.9405845403671265,0.0,1.0,1.0,0.0,1.0,0.0
SNPT-163,0,,1.0,0.0,0.0,1.0,0.9914529914529915,1.0,0.891358786668533,0.0,116.0,117.0,117.0,1173.5,402.0,1910.7235200038103,470.4566832556546,66.29291388470976,8.0,0.3735497295856476,0.782403826713562,0.0063025210084033615,0.0,0.9810924369747899,1.0,0.8754994492320454,274.0,749.0,476.0,476.0,1803.0,472.0,1762.4686490222152,470.5723522507078,86.19040032558578,158.0,107.73457471297087,-107.72352000381034,1.543316744345418,0.7691449817414363,0.6728827357292175,0.9589521288871765,0.0,0.0,0.0,0.0,1.0,1.0
SNPT-163,1,28.0,0.0005167438759569369,0.9999476706280428,0.9066666666666666,1.0,0.9733333333333334,1.0,0.8675358231862386,0.0,74.0,75.0,75.0,1680.5,876.0,1911.107637432941,737.1817601979498,146.29199421493237,28.0,0.04739519318807197,0.9411040354282298,0.16906474820143885,1.0,0.9928057553956835,1.0,0.9225936433394178,262.0,539.0,278.0,278.0,1906.0,714.0,1906.2727265233116,782.9127575222394,122.22130612525976,188.0,23.73777508574944,-5.107637432940919,-23.181760197949757,1.1969434696189838,0.8783833980560303,0.9310663938522339,1.0,0.0,1.0,1.0,0.0,1.0
SNPT-163,1,10.0,0.003174125580913182,0.9933866399473378,0.7804878048780488,0.0,1.0,1.0,0.833858140877315,0.0,286.0,287.0,287.0,809.5,755.0,10.168067019596162,617.3094954463756,123.59155036449064,10.0,0.018901589022298618,0.9431934663478065,0.3617021276595745,0.0,1.0,1.0,0.8111977504288896,562.0,749.0,188.0,188.0,11.0,695.0,1642.2073767866395,659.5113333278252,127.55766537331539,276.0,77.69495871857201,0.8319329804038382,77.69050455362435,0.9689072781536308,0.9493389129638672,0.960921049118042,1.0,0.0,1.0,1.0,0.0,1.0
SNPT-163,0,3.0,0.02834455829754006,0.9666766535777312,0.08333333333333333,0.0,0.9807692307692307,1.0,0.8829556885056007,0.0,311.0,312.0,312.0,1229.0,403.5,133.08500635439088,412.2825912628361,77.18362990212314,9.0,0.07706796928583312,0.9412710642814637,0.21367521367521367,1.0,0.9487179487179487,1.0,0.9090868682942839,633.0,749.0,117.0,117.0,10.5,667.5,516.0156517013174,636.6510731057508,135.06829929892123,322.0,283.13072864918536,-122.58500635439088,255.2174087371639,0.5714414877713618,0.7282577753067017,0.9330980181694031,0.0,1.0,1.0,0.0,1.0,1.0
SNPT-163,1,55.0,0.019252707243648328,0.9811431302511988,0.40468227424749165,0.0,1.0,1.0,0.8882748596245629,0.0,298.0,299.0,299.0,762.5,427.5,67.53170906802583,497.6862016046727,82.77384907159961,55.0,0.11873646997161624,0.953294923430995,0.35625,0.0,1.0,1.0,0.8987229768186807,590.0,749.0,160.0,160.0,10.5,544.0,698.2626900092873,456.84817281766993,87.69582752544036,292.0,73.46825002014789,-57.03170906802583,46.3137983953273,0.943874428319718,0.8419663310050964,0.9856836795806885,1.0,0.0,1.0,1.0,0.0,1.0
SNPT-163,0,,1.0,0.0,0.0,1.0,0.9914529914529915,1.0,0.891358786668533,0.0,116.0,117.0,117.0,1173.5,402.0,1910.7235200038103,470.4566832556546,66.29291388470976,23.0,0.06696353768489537,0.8725234493613243,0.3971631205673759,0.0,1.0,1.0,0.9197478835464369,593.0,733.0,141.0,141.0,29.0,881.0,1905.0877730110033,1007.2619607488255,177.7491971905171,477.0,1925.987855792185,-1881.7235200038103,410.5433167443454,0.37295759942957696,0.5997823476791382,0.9122671484947205,0.0,0.0,0.0,0.0,1.0,1.0
SNPT-163,0,28.0,0.0005167438759569369,0.9999476706280428,0.9066666666666666,1.0,0.9733333333333334,1.0,0.8675358231862386,0.0,74.0,75.0,75.0,1680.5,876.0,1911.107637432941,737.1817601979498,146.29199421493237,10.0,0.018901589022298618,0.9431934663478065,0.3617021276595745,0.0,1.0,1.0,0.8111977504288896,562.0,749.0,188.0,188.0,11.0,695.0,1642.2073767866395,659.5113333278252,127.55766537331539,488.0,1900.575790313133,-1900.107637432941,-42.18176019794976,1.1468694867281268,0.6758990287780762,0.9055856466293335,0.0,1.0,1.0,0.0,1.0,1.0
SNPT-163,0,23.0,0.023791761486791074,0.9973104000091553,0.01809954751131222,0.0,0.9623655913978495,0.8416289592760181,0.6219038591125972,58.0,296.0,239.0,221.0,5.5,484.5,8.081294236415463,567.2337892884466,78.55692026780721,55.0,0.11873646997161624,0.953294923430995,0.35625,0.0,1.0,1.0,0.8987229768186807,590.0,749.0,160.0,160.0,10.5,544.0,698.2626900092873,456.84817281766993,87.69582752544036,294.0,23.35934721413962,2.418705763584537,-23.233789288446587,0.8957885738066389,0.5958089828491211,0.9418323040008545,0.0,1.0,1.0,1.0,0.0,1.0
SNPT-163,1,29.0,0.0001701837204434144,0.9999849591936384,0.8974358974358975,1.0,0.9743589743589743,1.0,0.8582284679779639,0.0,38.0,39.0,39.0,1772.5,670.5,1913.775727769928,597.0810783692884,136.19476486912245,29.0,0.029219432523566336,0.972766101360321,0.1064516129032258,1.0,0.9870967741935484,1.0,0.9000535738083624,283.0,592.0,310.0,310.0,1908.5,559.5,1902.2174561289667,547.1716448977371,93.9174194868082,245.0,37.94958174869636,-5.275727769927926,-37.581078369288434,1.450154461369678,0.8471274971961975,0.9096575975418091,1.0,0.0,1.0,1.0,0.0,1.0
SNPT-163,1,10.0,0.006879421187342773,0.9923131530126814,0.6487455197132617,1.0,0.989247311827957,1.0,0.8753623449674217,0.0,278.0,279.0,279.0,141.0,764.0,14.137804336584315,593.183752973162,118.36568492370016,10.0,0.004372804349010551,0.9993453668430448,0.7852760736196319,1.0,1.0,1.0,0.8935042557540847,587.0,749.0,163.0,163.0,27.5,978.0,1728.1548313560297,828.4276404189111,175.45535583664346,309.0,385.0481687383642,13.362195663415685,384.816247026838,0.6746199587882842,0.8961927890777588,0.9824370741844177,1.0,0.0,1.0,1.0,0.0,1.0
SNPT-163,0,29.0,0.0001701837204434144,0.9999849591936384,0.8974358974358975,1.0,0.9743589743589743,1.0,0.8582284679779639,0.0,38.0,39.0,39.0,1772.5,670.5,1913.775727769928,597.0810783692884,136.19476486912245,22.0,0.06034514968661719,0.925675188317711,0.2862190812720848,1.0,0.9964664310954063,1.0,0.9147586809872739,291.0,573.0,283.0,283.0,1909.0,620.5,1907.5720747830976,624.910859345585,117.68875737043017,253.0,23.900909314874838,-4.775727769927926,23.418921630711566,1.1572453300738308,0.7434619665145874,0.923917293548584,0.0,1.0,1.0,1.0,0.0,1.0
SNPT-163,1,8.0,0.022207821980315356,0.9905276940185197,0.6644067796610169,1.0,0.9898305084745763,1.0,0.8981241470676358,0.0,294.0,295.0,295.0,653.0,616.5,19.63977858583609,563.2138646292311,104.41203665148576,,1.0,0.0,0.0,1.0,0.9753086419753086,1.0,0.8416629245987645,588.0,749.0,162.0,162.0,18.5,512.0,1057.5472073417288,429.6892374373524,82.89373175236265,294.0,51.226546101469125,-1.1397785858360905,-51.213864629231125,1.2595890478595781,0.7542893886566162,0.9600155353546143,0.0,0.0,0.0,1.0,0.0,1.0
SNPT-163,0,8.0,0.022207821980315356,0.9905276940185197,0.6644067796610169,1.0,0.9898305084745763,1.0,0.8981241470676358,0.0,294.0,295.0,295.0,653.0,616.5,19.63977858583609,563.2138646292311,104.41203665148576,25.0,0.0002334087181945203,0.9999791512886683,0.38961038961038963,0.0,1.0,1.0,0.9101032657282693,596.0,749.0,154.0,154.0,17.0,597.0,230.35379089990533,520.5534328982727,111.02380780614972,302.0,33.88910406419973,-2.6397785858360905,33.786135370768875,0.940447267254531,0.6462608575820923,0.928967297077179,0.0,1.0,1.0,0.0,1.0,1.0
SNPT-163,0,28.0,0.0005167438759569369,0.9999476706280428,0.9066666666666666,1.0,0.9733333333333334,1.0,0.8675358231862386,0.0,74.0,75.0,75.0,1680.5,876.0,1911.107637432941,737.1817601979498,146.29199421493237,14.0,0.18743615300358576,0.8734470643103123,0.49146757679180886,0.0,0.9931740614334471,1.0,0.8951546511145582,300.0,592.0,293.0,293.0,1912.0,520.5,1900.0141145394919,700.6769686978654,120.835569698446,226.0,216.68359770280927,0.8923625670590809,-216.68176019794976,1.2106699590196393,0.6194855570793152,0.8986165523529053,0.0,1.0,0.0,0.0,1.0,1.0
SNPT-163,0,55.0,0.019252707243648328,0.9811431302511988,0.40468227424749165,0.0,1.0,1.0,0.8882748596245629,0.0,298.0,299.0,299.0,762.5,427.5,67.53170906802583,497.6862016046727,82.77384907159961,26.0,0.05489606774495769,0.9685781598091125,0.16279069767441862,0.0,0.8895348837209303,1.0,0.887052891559379,578.0,749.0,172.0,172.0,18.5,558.5,1165.267353652917,505.54742085456223,91.7966504313717,280.0,78.1180297332123,-49.03170906802583,60.8137983953273,0.9017088170715156,0.7929805517196655,0.9875912666320801,0.0,1.0,1.0,1.0,0.0,0.0
SNPT-163,0,8.0,0.03076483344364747,0.9947810874265783,0.2809917355371901,0.0,1.0,1.0,0.903691900170539,0.0,120.0,121.0,121.0,1079.5,420.0,1908.978120218917,481.03258841079463,74.00241495994717,29.0,0.029219432523566336,0.972766101360321,0.1064516129032258,1.0,0.9870967741935484,1.0,0.9000535738083624,283.0,592.0,310.0,310.0,1908.5,559.5,1902.2174561289667,547.1716448977371,93.9174194868082,163.0,78.46886822462459,-0.4781202189169562,78.46741158920537,0.7879519620994451,0.7241509556770325,0.9424537420272827,0.0,1.0,1.0,0.0,1.0,1.0
SNPT-163,0,14.0,0.18743615300358576,0.8734470643103123,0.49146757679180886,0.0,0.9931740614334471,1.0,0.8951546511145582,300.0,592.0,293.0,293.0,1912.0,520.5,1900.0141145394919,700.6769686978654,120.835569698446,20.0,0.0009147722576017259,0.9999025506632668,0.2876712328767123,0.0,1.0,1.0,0.8193559164870275,604.0,749.0,146.0,146.0,18.0,684.0,193.19028003356604,696.5438131228609,135.41920577060273,12.0,1882.0880023555799,-1882.0141145394919,-16.67696869786539,0.8923074759656979,0.8872206211090088,0.9635648131370544,0.0,1.0,0.0,1.0,0.0,1.0
SNPT-163,0,28.0,0.04739519318807197,0.9411040354282298,0.16906474820143885,1.0,0.9928057553956835,1.0,0.9225936433394178,262.0,539.0,278.0,278.0,1906.0,714.0,1906.2727265233116,782.9127575222394,122.22130612525976,55.0,0.11873646997161624,0.953294923430995,0.35625,0.0,1.0,1.0,0.8987229768186807,590.0,749.0,160.0,160.0,10.5,544.0,698.2626900092873,456.84817281766993,87.69582752544036,51.0,1910.7677871307417,-1895.7727265233116,-238.91275752223942,1.3936957957298894,0.6881507635116577,0.921836793422699,0.0,1.0,1.0,0.0,1.0,1.0
SNPT-163,1,23.0,0.017008601390082496,0.9801189134873095,0.6511627906976745,0.0,0.9302325581395349,1.0,0.8888206481933594,23.0,280.0,258.0,258.0,14.0,633.0,14.061938193424892,571.967082520217,99.45375042181396,23.0,0.06696353768489537,0.8725234493613243,0.3971631205673759,0.0,1.0,1.0,0.9197478835464369,593.0,733.0,141.0,141.0,29.0,881.0,1905.0877730110033,1007.2619607488255,177.7491971905171,313.0,309.3937455356902,14.938061806575108,309.032917479783,0.5595172973704987,0.8453159928321838,0.9780213832855225,1.0,0.0,1.0,1.0,0.0,1.0
SNPT-163,0,8.0,0.03076483344364747,0.9947810874265783,0.2809917355371901,0.0,1.0,1.0,0.903691900170539,0.0,120.0,121.0,121.0,1079.5,420.0,1908.978120218917,481.03258841079463,74.00241495994717,9.0,0.04166127615994295,0.966636592991974,0.7666666666666667,0.0,0.9866666666666667,1.0,0.8966006920735041,283.0,595.0,313.0,300.0,1909.5,656.0,1913.0327563863993,542.5594800264283,105.5723433888436,163.0,174.9681898995709,0.5218797810830438,174.96741158920537,0.700964026983675,0.8066300749778748,0.9633386135101318,0.0,1.0,1.0,1.0,0.0,1.0
SNPT-163,0,23.0,0.017008601390082496,0.9801189134873095,0.6511627906976745,0.0,0.9302325581395349,1.0,0.8888206481933594,23.0,280.0,258.0,258.0,14.0,633.0,14.061938193424892,571.967082520217,99.45375042181396,25.0,0.0002334087181945203,0.9999791512886683,0.38961038961038963,0.0,1.0,1.0,0.9101032657282693,596.0,749.0,154.0,154.0,17.0,597.0,230.35379089990533,520.5534328982727,111.02380780614972,316.0,25.20474488521717,2.9380618065751083,25.03291747978301,0.8957876007591331,0.8607283234596252,0.9922369718551636,0.0,1.0,1.0,1.0,0.0,1.0
SNPT-163,0,8.0,0.03076483344364747,0.9947810874265783,0.2809917355371901,0.0,1.0,1.0,0.903691900170539,0.0,120.0,121.0,121.0,1079.5,420.0,1908.978120218917,481.03258841079463,74.00241495994717,26.0,0.05489606774495769,0.9685781598091125,0.16279069767441862,0.0,0.8895348837209303,1.0,0.887052891559379,578.0,749.0,172.0,172.0,18.5,558.5,1165.267353652917,505.54742085456223,91.7966504313717,458.0,1892.0646719615006,-1890.478120218917,77.46741158920537,0.806155939374632,0.8878003358840942,0.9860628843307495,0.0,1.0,1.0,1.0,0.0,0.0
SNPT-163,0,30.0,0.050256460350928754,0.962271738953951,0.7933333333333333,1.0,0.9366666666666666,1.0,0.883686945438385,0.0,299.0,300.0,300.0,956.5,586.5,13.42986216144974,461.9260162218744,97.02566506132253,8.0,0.2029283115378348,0.8991939512391885,0.3829787234042553,1.0,0.9308510638297872,1.0,0.897921825660036,562.0,749.0,188.0,188.0,21.5,663.0,1556.6862255728051,644.1245697658336,124.33987852915809,263.0,201.23586677612695,8.07013783855026,201.07398377812558,0.7803262011275788,0.904668927192688,0.9580404758453369,0.0,1.0,0.0,1.0,0.0,1.0
SNPT-163,1,8.0,0.03076483344364747,0.9947810874265783,0.2809917355371901,0.0,1.0,1.0,0.903691900170539,0.0,120.0,121.0,121.0,1079.5,420.0,1908.978120218917,481.03258841079463,74.00241495994717,8.0,0.3735497295856476,0.782403826713562,0.0063025210084033615,0.0,0.9810924369747899,1.0,0.8754994492320454,274.0,749.0,476.0,476.0,1803.0,472.0,1762.4686490222152,470.5723522507078,86.19040032558578,154.0,106.36235056886453,-105.97812021891696,-9.03258841079463,0.8585923105172005,0.9113363027572632,0.990063488483429,1.0,0.0,0.0,1.0,0.0,1.0
SNPT-164,0,10.0,0.05434132089249033,0.920637852870501,0.1598360655737705,0.0,0.9959016393442623,1.0,0.8773430644488726,0.0,274.0,275.0,244.0,1366.5,725.0,1910.4421716262498,712.0795646845838,136.48136911697915,,1.0,0.0,0.0,,0.0,0.0,0.5659480952635044,626.0,707.0,82.0,82.0,5.5,318.5,5.146024332490826,285.44840223160816,57.00519640446427,352.0,1945.1759691548316,-1904.9421716262498,-393.57956468458383,2.3941917180429333,0.5502868294715881,0.8728165626525879,0.0,0.0,0.0,0.0,0.0,0.0
SNPT-164,0,14.0,0.0039363548019556065,0.999175592760245,0.7643312101910829,0.0,1.0,1.0,0.8436388479676217,148.0,336.0,189.0,157.0,1886.5,821.5,1910.0871951592776,822.6180264650216,145.69511176845242,,1.0,0.0,0.0,0.0,1.0,1.0,0.8929982225773698,434.0,492.0,59.0,59.0,1911.0,464.5,1901.1504103521372,490.0272045381206,83.29599693848894,98.0,358.11918978446147,0.9128048407224014,-358.11802646502156,1.7491250134870582,0.6901366710662842,0.9630285501480103,0.0,0.0,0.0,1.0,0.0,1.0
SNPT-164,0,,1.0,0.0,0.0,1.0,0.98,1.0,0.8653210675716401,155.0,254.0,100.0,100.0,1904.5,439.5,1907.7700281668108,506.6968238496596,92.009498460719,10.0,0.003681615604953078,0.9983118069582972,0.43026706231454004,0.0,0.9821958456973294,1.0,0.8384591882235926,337.0,673.0,337.0,337.0,1898.5,767.5,1909.4781051682603,630.079074961578,126.55927847442459,83.0,260.96787180095356,-9.27002816681079,260.8031761503404,0.7270071350739606,0.7085741758346558,0.9159657955169678,0.0,0.0,0.0,0.0,1.0,1.0
SNPT-164,0,23.0,0.009342000155361968,0.9887676187400711,0.455470737913486,0.0,0.9923664122137404,1.0,0.8451269320555922,0.0,392.0,393.0,393.0,632.0,673.0,6.262467987809089,538.6919002276296,119.34609278565497,10.0,0.002539714968123816,0.9996989382637872,0.16791044776119404,1.0,1.0,1.0,0.8939366111559655,482.0,749.0,268.0,268.0,15.5,922.0,1430.5841544732252,624.4499602228129,144.50232455682956,90.0,383.41939354808557,9.237532012190911,383.3080997723704,0.8259112311976601,0.6969589591026306,0.9213235974311829,0.0,1.0,1.0,0.0,1.0,1.0
SNPT-164,0,22.0,0.01072749426310276,0.9984992823817513,0.19469026548672566,1.0,1.0,1.0,0.8986202815992642,152.0,264.0,113.0,113.0,1885.5,742.5,1907.2347657651162,760.9419676941064,146.55203233290456,10.0,0.003681615604953078,0.9983118069582972,0.43026706231454004,0.0,0.9821958456973294,1.0,0.8384591882235926,337.0,673.0,337.0,337.0,1898.5,767.5,1909.4781051682603,630.079074961578,126.55927847442459,73.0,10.922633413998192,-8.734765765116208,6.558032305893562,1.1579714589042964,0.7306549549102783,0.9099326133728027,0.0,1.0,1.0,0.0,1.0,1.0
SNPT-164,0,20.0,0.0902501023017286,0.9530596516349099,0.21428571428571427,0.0,1.0,1.0,0.8841218956105121,0.0,153.0,154.0,154.0,354.0,616.0,11.085462220511026,529.7987758281871,105.81791736012313,,1.0,0.0,0.0,1.0,0.8961038961038961,1.0,0.8489227318144464,589.0,665.0,77.0,77.0,1912.0,358.5,1912.985453996299,320.4960344948296,58.10660445255985,436.0,1908.6171304223494,1900.914537779489,-171.2987758281871,1.8210996556599064,0.6809528470039368,0.9317201375961304,0.0,0.0,0.0,0.0,1.0,0.0
SNPT-164,0,20.0,0.0902501023017286,0.9530596516349099,0.21428571428571427,0.0,1.0,1.0,0.8841218956105121,0.0,153.0,154.0,154.0,354.0,616.0,11.085462220511026,529.7987758281871,105.81791736012313,,1.0,0.0,0.0,,0.0,0.0,0.5659480952635044,626.0,707.0,82.0,82.0,5.5,318.5,5.146024332490826,285.44840223160816,57.00519640446427,473.0,211.37258586369998,-5.585462220511026,-211.2987758281871,1.856285462281754,0.5612682700157166,0.8990222811698914,0.0,0.0,0.0,0.0,0.0,0.0
SNPT-164,0,5.0,0.028517838343499795,0.9889914251509166,0.65625,1.0,0.9375,1.0,0.8835362307727337,456.0,521.0,66.0,32.0,1912.0,487.0,1908.5667356266517,447.95496100588343,93.90395454275554,,1.0,0.0,0.0,1.0,1.0,1.0,0.8526555781181042,611.0,636.0,26.0,26.0,1911.0,367.0,1914.2496371029224,365.747950843554,71.80640750622761,90.0,80.99152108075705,2.4332643733482655,-80.95496100588343,1.3077378162194155,0.8110600113868713,0.9511135816574097,0.0,0.0,0.0,1.0,0.0,1.0
SNPT-164,1,,1.0,0.0,0.0,1.0,1.0,1.0,0.8605694459832233,360.0,520.0,161.0,161.0,1906.0,358.5,1903.5446997625645,444.0750614820879,75.8106958423336,,1.0,0.0,0.0,1.0,0.8961038961038961,1.0,0.8489227318144464,589.0,665.0,77.0,77.0,1912.0,358.5,1912.985453996299,320.4960344948296,58.10660445255985,69.0,85.99176268555205,8.455300237435495,-85.5750614820879,1.3046829453651514,0.8799068927764893,0.9763379693031311,0.0,0.0,0.0,1.0,0.0,0.0
SNPT-164,0,14.0,0.0039363548019556065,0.999175592760245,0.7643312101910829,0.0,1.0,1.0,0.8436388479676217,148.0,336.0,189.0,157.0,1886.5,821.5,1910.0871951592776,822.6180264650216,145.69511176845242,,1.0,0.0,0.0,0.0,0.8484848484848485,1.0,0.8516443254369678,594.0,666.0,73.0,66.0,1910.0,347.5,1913.8999763572494,320.3149532152818,60.42421743996876,258.0,475.1180344661869,-0.08719515927759858,-475.11802646502156,2.411203950025501,0.7400987148284912,0.9303468465805054,0.0,0.0,0.0,1.0,0.0,0.0
SNPT-164,0,,1.0,0.0,0.0,0.0,0.9873417721518988,0.9875,0.881525257974863,157.0,254.0,98.0,80.0,1914.0,381.5,1914.5551774842397,415.05731118178676,70.0501872235337,10.0,0.003681615604953078,0.9983118069582972,0.43026706231454004,0.0,0.9821958456973294,1.0,0.8384591882235926,337.0,673.0,337.0,337.0,1898.5,767.5,1909.4781051682603,630.079074961578,126.55927847442459,83.0,352.8081881496833,-16.05517748423972,352.44268881821324,0.5534970495086191,0.7805377244949341,0.9584066867828369,0.0,0.0,0.0,1.0,0.0,1.0
SNPT-164,0,29.0,0.006570385303558186,0.9989407177154834,0.19548872180451127,1.0,0.9699248120300752,1.0,0.888276703823778,141.0,273.0,133.0,133.0,1906.5,667.0,1902.929319423142,716.2009390596502,134.89341737855787,10.0,0.002539714968123816,0.9996989382637872,0.16791044776119404,1.0,1.0,1.0,0.8939366111559655,482.0,749.0,268.0,268.0,15.5,922.0,1430.5841544732252,624.4499602228129,144.50232455682956,209.0,1898.6159931123605,-1887.429319423142,205.79906094034982,0.9335034421920824,0.7812280654907227,0.9933972358703613,0.0,1.0,1.0,1.0,0.0,1.0
SNPT-164,1,20.0,0.0902501023017286,0.9530596516349099,0.21428571428571427,0.0,1.0,1.0,0.8841218956105121,0.0,153.0,154.0,154.0,354.0,616.0,11.085462220511026,529.7987758281871,105.81791736012313,20.0,0.051297679224429474,0.962079179424771,0.3270321361058601,0.0,0.9924385633270322,1.0,0.8449045434340637,221.0,749.0,529.0,529.0,8.5,576.5,455.2839072808125,551.5123779302747,101.38327379303713,68.0,46.77273729470632,-2.585462220511026,46.701224171812896,1.0437413727252371,0.8530791997909546,0.992467999458313,1.0,0.0,1.0,1.0,0.0,1.0
SNPT-164,1,,1.0,0.0,0.0,1.0,0.98,1.0,0.8653210675716401,155.0,254.0,100.0,100.0,1904.5,439.5,1907.7700281668108,506.6968238496596,92.009498460719,,1.0,0.0,0.0,1.0,1.0,1.0,0.8526555781181042,611.0,636.0,26.0,26.0,1911.0,367.0,1914.2496371029224,365.747950843554,71.80640750622761,357.0,139.73415943041996,3.229971833189211,-139.6968238496596,1.2813549884491744,0.8884412050247192,0.9674466848373413,0.0,0.0,0.0,1.0,0.0,1.0
SNPT-164,0,,1.0,0.0,0.0,0.0,1.0,1.0,0.8929982225773698,434.0,492.0,59.0,59.0,1911.0,464.5,1901.1504103521372,490.0272045381206,83.29599693848894,,1.0,0.0,0.0,1.0,0.8961038961038961,1.0,0.8489227318144464,589.0,665.0,77.0,77.0,1912.0,358.5,1912.985453996299,320.4960344948296,58.10660445255985,97.0,131.9739335215088,10.849589647862786,-131.5272045381206,1.433503088388077,0.6487149000167847,0.9507537484169006,0.0,0.0,0.0,0.0,1.0,0.0
SNPT-164,0,14.0,0.0039363548019556065,0.999175592760245,0.7643312101910829,0.0,1.0,1.0,0.8436388479676217,148.0,336.0,189.0,157.0,1886.5,821.5,1910.0871951592776,822.6180264650216,145.69511176845242,,1.0,0.0,0.0,1.0,1.0,1.0,0.8526555781181042,611.0,636.0,26.0,26.0,1911.0,367.0,1914.2496371029224,365.747950843554,71.80640750622761,275.0,455.61894084043337,0.9128048407224014,-455.61802646502156,2.028998759697268,0.5465148091316223,0.8981019854545593,0.0,0.0,0.0,0.0,1.0,1.0
SNPT-164,0,23.0,0.009342000155361968,0.9887676187400711,0.455470737913486,0.0,0.9923664122137404,1.0,0.8451269320555922,0.0,392.0,393.0,393.0,632.0,673.0,6.262467987809089,538.6919002276296,119.34609278565497,,1.0,0.0,0.0,1.0,0.8961038961038961,1.0,0.8489227318144464,589.0,665.0,77.0,77.0,1912.0,358.5,1912.985453996299,320.4960344948296,58.10660445255985,197.0,1914.2373577557096,1905.737532012191,-180.19190022762962,2.053916141031663,0.6798344850540161,0.921542763710022,0.0,0.0,0.0,0.0,1.0,0.0
SNPT-164,1,,1.0,0.0,0.0,1.0,0.9595959595959596,1.0,0.878559517137932,155.0,253.0,99.0,99.0,1903.5,351.0,1911.0031334862713,401.0824838383003,66.17810305393692,,1.0,0.0,0.0,1.0,1.0,1.0,0.8605694459832233,360.0,520.0,161.0,161.0,1906.0,358.5,1903.5446997625645,444.0750614820879,75.8106958423336,107.0,42.87539241243809,-5.003133486271281,-42.58248383830028,0.8729388685677025,0.971072256565094,0.9871304035186768,0.0,0.0,0.0,1.0,0.0,1.0
SNPT-164,0,,1.0,0.0,0.0,0.0,0.9873417721518988,0.9875,0.881525257974863,157.0,254.0,98.0,80.0,1914.0,381.5,1914.5551774842397,415.05731118178676,70.0501872235337,23.0,0.0042632036688051555,0.9862134890749276,0.7178423236514523,0.0,1.0,1.0,0.7462283170074843,509.0,749.0,241.0,241.0,9.0,810.5,1088.635963205561,869.1469051518892,166.10159850447408,255.0,1946.154016149999,-1905.5551774842397,395.44268881821324,0.42173096378507663,0.7001468539237976,0.893294095993042,0.0,0.0,0.0,1.0,0.0,1.0
SNPT-164,1,23.0,0.009342000155361968,0.9887676187400711,0.455470737913486,0.0,0.9923664122137404,1.0,0.8451269320555922,0.0,392.0,393.0,393.0,632.0,673.0,6.262467987809089,538.6919002276296,119.34609278565497,23.0,0.0042632036688051555,0.9862134890749276,0.7178423236514523,0.0,1.0,1.0,0.7462283170074843,509.0,749.0,241.0,241.0,9.0,810.5,1088.635963205561,869.1469051518892,166.10159850447408,117.0,271.82188503390347,2.7375320121909112,271.8080997723704,0.7185126083084642,0.8848370313644409,0.9650563597679138,1.0,0.0,1.0,1.0,0.0,1.0
SNPT-164,0,,1.0,0.0,0.0,,0.0,0.0,0.5569853832621774,0.0,166.0,167.0,167.0,910.5,378.0,7.2129385622095405,302.7107057348451,55.22797136865719,10.0,0.002539714968123816,0.9996989382637872,0.16791044776119404,1.0,1.0,1.0,0.8939366111559655,482.0,749.0,268.0,268.0,15.5,922.0,1430.5841544732252,624.4499602228129,144.50232455682956,316.0,619.3447387188393,8.28706143779046,619.2892942651549,0.3821943455791069,0.6221636533737183,0.9114103317260742,0.0,0.0,0.0,0.0,0.0,0.0
SNPT-164,1,10.0,0.0024951698964608853,0.9968214095880588,0.6741573033707865,1.0,0.9915730337078652,1.0,0.8261971468670984,0.0,355.0,356.0,356.0,490.5,624.0,8.576970133031281,698.9669599786923,136.14165072181493,10.0,0.002539714968123816,0.9996989382637872,0.16791044776119404,1.0,1.0,1.0,0.8939366111559655,482.0,749.0,268.0,268.0,15.5,922.0,1430.5841544732252,624.4499602228129,144.50232455682956,127.0,223.1404608843613,6.923029866968719,223.03304002130767,0.9421415962638956,0.9232754111289978,0.9682692289352417,1.0,0.0,1.0,1.0,0.0,1.0
SNPT-164,0,,1.0,0.0,0.0,,0.0,0.0,0.5569853832621774,0.0,166.0,167.0,167.0,910.5,378.0,7.2129385622095405,302.7107057348451,55.22797136865719,23.0,0.0042632036688051555,0.9862134890749276,0.7178423236514523,0.0,1.0,1.0,0.7462283170074843,509.0,749.0,241.0,241.0,9.0,810.5,1088.635963205561,869.1469051518892,166.10159850447408,343.0,507.7924388555688,1.7870614377904595,507.7892942651549,0.3324951226593378,0.5225028395652771,0.8294011354446411,0.0,0.0,0.0,0.0,0.0,0.0
SNPT-164,1,29.0,0.006570385303558186,0.9989407177154834,0.19548872180451127,1.0,0.9699248120300752,1.0,0.888276703823778,141.0,273.0,133.0,133.0,1906.5,667.0,1902.929319423142,716.2009390596502,134.89341737855787,29.0,0.1320600506391808,0.8684013887327544,0.14080459770114942,1.0,0.9913793103448276,1.0,0.8692269422884645,348.0,695.0,348.0,348.0,1897.5,645.5,1911.742922088591,541.0091672730508,111.22444489093601,75.0,70.90909880484222,-5.429319423142033,-70.70093905965018,1.212803691767858,0.9644174575805664,0.9928236603736877,1.0,0.0,1.0,1.0,0.0,1.0
SNPT-164,0,20.0,0.0902501023017286,0.9530596516349099,0.21428571428571427,0.0,1.0,1.0,0.8841218956105121,0.0,153.0,154.0,154.0,354.0,616.0,11.085462220511026,529.7987758281871,105.81791736012313,5.0,0.028517838343499795,0.9889914251509166,0.65625,1.0,0.9375,1.0,0.8835362307727337,456.0,521.0,66.0,32.0,1912.0,487.0,1908.5667356266517,447.95496100588343,93.90395454275554,303.0,1901.3962804091627,1900.914537779489,-42.798775828187104,1.1268739200109301,0.669619083404541,0.9212324619293213,0.0,1.0,1.0,0.0,1.0,1.0
SNPT-164,0,,1.0,0.0,0.0,,0.0,0.0,0.5569853832621774,0.0,166.0,167.0,167.0,910.5,378.0,7.2129385622095405,302.7107057348451,55.22797136865719,,1.0,0.0,0.0,,0.0,0.0,0.564453616286769,231.0,395.0,165.0,165.0,13.5,283.5,9.280163636791194,290.01408288977893,54.799771657427414,65.0,20.21332125983658,6.2870614377904595,-19.210705734845078,1.007813895902826,0.9480618834495544,0.9827122688293457,0.0,0.0,0.0,0.0,0.0,0.0
SNPT-164,0,14.0,0.0039363548019556065,0.999175592760245,0.7643312101910829,0.0,1.0,1.0,0.8436388479676217,148.0,336.0,189.0,157.0,1886.5,821.5,1910.0871951592776,822.6180264650216,145.69511176845242,23.0,0.0042632036688051555,0.9862134890749276,0.7178423236514523,0.0,1.0,1.0,0.7462283170074843,509.0,749.0,241.0,241.0,9.0,810.5,1088.635963205561,869.1469051518892,166.10159850447408,173.0,1901.1258165003114,-1901.0871951592776,-12.118026465021558,0.8771445493616247,0.9762808084487915,0.9609172940254211,0.0,1.0,1.0,1.0,0.0,1.0
SNPT-164,0,10.0,0.05434132089249033,0.920637852870501,0.1598360655737705,0.0,0.9959016393442623,1.0,0.8773430644488726,0.0,274.0,275.0,244.0,1366.5,725.0,1910.4421716262498,712.0795646845838,136.48136911697915,5.0,0.028517838343499795,0.9889914251509166,0.65625,1.0,0.9375,1.0,0.8835362307727337,456.0,521.0,66.0,32.0,1912.0,487.0,1908.5667356266517,447.95496100588343,93.90395454275554,182.0,225.0849556675075,1.557828373750226,-225.07956468458383,1.4534144997571707,0.6820235848426819,0.9053336381912231,0.0,1.0,1.0,0.0,1.0,1.0
SNPT-164,0,,1.0,0.0,0.0,0.0,1.0,0.9523809523809523,0.7251948203359332,135.0,155.0,21.0,21.0,1909.0,370.0,1287.919014267628,324.89611237816086,78.10041025946241,,1.0,0.0,0.0,0.0,1.0,1.0,0.8929982225773698,434.0,492.0,59.0,59.0,1911.0,464.5,1901.1504103521372,490.0272045381206,83.29599693848894,279.0,638.5289031988729,623.080985732372,139.60388762183914,0.9376250135662187,0.6806696653366089,0.9541248083114624,0.0,0.0,0.0,1.0,0.0,1.0
SNPT-164,0,,1.0,0.0,0.0,,0.0,0.0,0.564453616286769,231.0,395.0,165.0,165.0,13.5,283.5,9.280163636791194,290.01408288977893,54.799771657427414,5.0,0.028517838343499795,0.9889914251509166,0.65625,1.0,0.9375,1.0,0.8835362307727337,456.0,521.0,66.0,32.0,1912.0,487.0,1908.5667356266517,447.95496100588343,93.90395454275554,61.0,1912.8894968684915,1902.7198363632087,196.98591711022107,0.583572565439472,0.529242217540741,0.9176640510559082,0.0,0.0,0.0,0.0,0.0,0.0
SNPT-164,0,,1.0,0.0,0.0,1.0,0.9595959595959596,1.0,0.878559517137932,155.0,253.0,99.0,99.0,1903.5,351.0,1911.0031334862713,401.0824838383003,66.17810305393692,5.0,0.028517838343499795,0.9889914251509166,0.65625,1.0,0.9375,1.0,0.8835362307727337,456.0,521.0,66.0,32.0,1912.0,487.0,1908.5667356266517,447.95496100588343,93.90395454275554,203.0,85.92329908844357,0.9968665137287189,85.91751616169972,0.7047424506899257,0.7905385494232178,0.9709122776985168,0.0,0.0,0.0,1.0,0.0,1.0
SNPT-164,1,,1.0,0.0,0.0,1.0,0.9595959595959596,1.0,0.878559517137932,155.0,253.0,99.0,99.0,1903.5,351.0,1911.0031334862713,401.0824838383003,66.17810305393692,,1.0,0.0,0.0,1.0,0.8961038961038961,1.0,0.8489227318144464,589.0,665.0,77.0,77.0,1912.0,358.5,1912.985453996299,320.4960344948296,58.10660445255985,336.0,42.59415068627731,0.9968665137287189,-42.58248383830028,1.1389084541666328,0.8484249114990234,0.9849570393562317,0.0,0.0,0.0,1.0,0.0,0.0
SNPT-164,0,10.0,0.0024951698964608853,0.9968214095880588,0.6741573033707865,1.0,0.9915730337078652,1.0,0.8261971468670984,0.0,355.0,356.0,356.0,490.5,624.0,8.576970133031281,698.9669599786923,136.14165072181493,,1.0,0.0,0.0,1.0,0.8961038961038961,1.0,0.8489227318144464,589.0,665.0,77.0,77.0,1912.0,358.5,1912.985453996299,320.4960344948296,58.10660445255985,234.0,1933.6331041500825,1903.4230298669688,-340.46695997869233,2.3429634549195772,0.8745800256729126,0.9224490523338318,0.0,0.0,0.0,1.0,0.0,0.0
SNPT-164,1,,1.0,0.0,0.0,,0.0,0.0,0.564453616286769,231.0,395.0,165.0,165.0,13.5,283.5,9.280163636791194,290.01408288977893,54.799771657427414,,1.0,0.0,0.0,,0.0,0.0,0.5659480952635044,626.0,707.0,82.0,82.0,5.5,318.5,5.146024332490826,285.44840223160816,57.00519640446427,231.0,28.735641818677095,-3.780163636791194,28.485917110221067,0.9613118647747674,0.9187310934066772,0.9840987920761108,0.0,0.0,0.0,0.0,0.0,0.0
SNPT-164,0,,1.0,0.0,0.0,,0.0,0.0,0.5569853832621774,0.0,166.0,167.0,167.0,910.5,378.0,7.2129385622095405,302.7107057348451,55.22797136865719,5.0,0.028517838343499795,0.9889914251509166,0.65625,1.0,0.9375,1.0,0.8835362307727337,456.0,521.0,66.0,32.0,1912.0,487.0,1908.5667356266517,447.95496100588343,93.90395454275554,290.0,1913.6813458362294,1904.7870614377905,184.28929426515492,0.5881325407175612,0.5417991876602173,0.9256858825683594,0.0,0.0,0.0,0.0,0.0,0.0
SNPT-164,0,,1.0,0.0,0.0,0.0,1.0,0.9523809523809523,0.7251948203359332,135.0,155.0,21.0,21.0,1909.0,370.0,1287.919014267628,324.89611237816086,78.10041025946241,,1.0,0.0,0.0,,0.0,0.0,0.564453616286769,231.0,395.0,165.0,165.0,13.5,283.5,9.280163636791194,290.01408288977893,54.799771657427414,76.0,1275.0911583282577,-1274.419014267628,-41.396112378160865,1.4251959067949307,0.664067804813385,0.9482308030128479,0.0,0.0,0.0,0.0,0.0,0.0
SNPT-165,1,22.0,0.09046996544864973,0.9259131742375237,0.6542056074766355,1.0,0.9904761904761905,0.9813084112149533,0.8350165312020283,0.0,106.0,107.0,107.0,1607.5,823.5,1894.1694534104286,800.1255149271336,195.61559468366895,22.0,0.017209385091293997,0.9890837556437442,0.2602739726027397,1.0,0.9972375690607734,0.9917808219178083,0.8827056946819776,385.0,749.0,365.0,365.0,1903.5,699.5,536.173103962571,562.9055052704492,129.22112388183703,279.0,101.05717863670525,9.33054658957144,-100.62551492713362,1.5138050870269837,0.8379896879196167,0.9607546329498291,1.0,0.0,1.0,1.0,0.0,1.0
SNPT-165,1,8.0,0.02725908577828443,0.9906671929032835,0.2802303262955854,0.0,1.0,0.9980806142034548,0.8426139661309358,0.0,520.0,521.0,521.0,911.0,514.0,12.893261132675537,1009.7605336819383,130.4204228677893,8.0,0.036734140777552965,0.9590820043251432,0.7435897435897436,0.0,1.0,0.9871794871794872,0.871047915556492,672.0,749.0,78.0,78.0,14.5,1037.0,1376.4274332615973,701.0500667170899,158.96931067503823,152.0,27.286812475637138,1.606738867324463,27.23946631806166,0.8204125834979057,0.9372994899749756,0.9796535968780518,1.0,0.0,1.0,1.0,0.0,1.0
SNPT-165,0,,1.0,0.0,0.0,,0.0,0.0,0.5244837699226809,0.0,426.0,427.0,427.0,1346.0,307.0,13.817156040599688,232.57042133207008,76.75593715846266,11.0,0.03317319444378578,0.9840269278077518,0.28619528619528617,1.0,1.0,1.0,0.8824206949885847,453.0,749.0,297.0,297.0,1894.0,341.0,287.8916993699355,463.5766974258788,84.77218564821808,27.0,1883.3067992893148,1880.1828439594003,108.42957866792992,0.9054377514457311,0.7016671895980835,0.9161161780357361,0.0,0.0,0.0,0.0,0.0,0.0
SNPT-165,0,,1.0,0.0,0.0,1.0,0.9965397923875432,1.0,0.8359839753296135,0.0,288.0,289.0,289.0,129.5,542.0,5.882279673140166,586.0869853838199,116.58218918872461,14.0,0.06635327046029645,0.9486078709984819,0.32653061224489793,0.0,0.9385665529010239,0.9965986394557823,0.9113144892819074,456.0,749.0,294.0,294.0,1910.0,331.0,1582.7389116239224,580.4651605301538,90.74633589727922,168.0,1921.1282265832654,1904.1177203268599,-255.08698538381987,1.2847040934048337,0.652748703956604,0.9262918829917908,0.0,0.0,0.0,0.0,1.0,1.0
SNPT-165,0,,1.0,0.0,0.0,0.0,0.8094218415417559,1.0,0.8398205174623771,0.0,466.0,467.0,467.0,1205.5,391.5,8.353256350137052,377.2279722073242,98.91586185079998,,1.0,0.0,0.0,0.0,0.9821428571428571,1.0,0.8654875946896416,694.0,749.0,56.0,56.0,22.0,559.0,722.7584786090238,573.7104482683048,101.12669940607285,228.0,182.28358044570652,13.646743649862948,181.77202779267577,0.9781379441012381,0.8618479371070862,0.9121585488319397,0.0,0.0,0.0,1.0,0.0,0.0
SNPT-165,0,22.0,0.09046996544864973,0.9259131742375237,0.6542056074766355,1.0,0.9904761904761905,0.9813084112149533,0.8350165312020283,0.0,106.0,107.0,107.0,1607.5,823.5,1894.1694534104286,800.1255149271336,195.61559468366895,1.0,0.15987312694449188,0.9017916235430488,0.5776892430278885,0.0,1.0,0.01195219123505976,0.5471946162531576,499.0,749.0,251.0,251.0,1907.0,362.5,344.4468634284053,514.931133941372,101.75315725139488,393.0,437.81356105199166,12.83054658957144,-437.6255149271336,1.922452334332725,0.5320103168487549,0.9075509905815125,0.0,1.0,0.0,0.0,1.0,1.0
SNPT-165,0,22.0,0.09046996544864973,0.9259131742375237,0.6542056074766355,1.0,0.9904761904761905,0.9813084112149533,0.8350165312020283,0.0,106.0,107.0,107.0,1607.5,823.5,1894.1694534104286,800.1255149271336,195.61559468366895,,1.0,0.0,0.0,1.0,1.0,1.0,0.8722662744777543,147.0,538.0,392.0,392.0,1910.5,427.5,4.4927131886411225,620.4038995032554,102.28217049983984,41.0,372.9831914800258,16.33054658957144,-372.6255149271336,1.9125092254859342,0.6789730787277222,0.9504716992378235,0.0,0.0,0.0,1.0,0.0,1.0
SNPT-165,0,10.0,0.051139813889191525,0.9194880916791803,0.035196687370600416,0.0,0.9875776397515528,1.0,0.8568241896096224,0.0,482.0,483.0,483.0,1269.0,461.0,22.628339103632456,503.87445589284073,107.77102286299252,,1.0,0.0,0.0,0.0,0.9821428571428571,1.0,0.8654875946896416,694.0,749.0,56.0,56.0,22.0,559.0,722.7584786090238,573.7104482683048,101.12669940607285,212.0,55.12912499885624,-0.6283391036324559,55.12554410715927,1.0657029597123455,0.7995002269744873,0.9067968130111694,0.0,0.0,0.0,1.0,0.0,1.0
SNPT-165,1,10.0,0.051139813889191525,0.9194880916791803,0.035196687370600416,0.0,0.9875776397515528,1.0,0.8568241896096224,0.0,482.0,483.0,483.0,1269.0,461.0,22.628339103632456,503.87445589284073,107.77102286299252,10.0,0.002828540181023224,0.9627399359430585,0.7777777777777778,0.0,1.0,1.0,0.87653562757704,741.0,749.0,9.0,9.0,16.5,894.5,119.26036668117065,909.9469211744909,184.46697504735454,259.0,390.67361345397177,-6.128339103632456,390.62554410715927,0.5842293604875702,0.8593740463256836,0.9651678800582886,1.0,0.0,1.0,1.0,0.0,1.0
SNPT-165,0,,1.0,0.0,0.0,0.0,0.8371134020618557,0.9979423868312757,0.8722355573447709,0.0,485.0,486.0,486.0,1725.0,348.5,9.713478762815544,338.4431600083493,82.4112321726826,8.0,0.036734140777552965,0.9590820043251432,0.7435897435897436,0.0,1.0,0.9871794871794872,0.871047915556492,672.0,749.0,78.0,78.0,14.5,1037.0,1376.4274332615973,701.0500667170899,158.96931067503823,187.0,698.5732384544048,4.786521237184456,698.5568399916507,0.5184096969580874,0.7900348901748657,0.9726898074150085,0.0,0.0,0.0,1.0,0.0,0.0
SNPT-165,0,,1.0,0.0,0.0,1.0,1.0,1.0,0.8722662744777543,147.0,538.0,392.0,392.0,1910.5,427.5,4.4927131886411225,620.4038995032554,102.28217049983984,,1.0,0.0,0.0,0.0,0.9821428571428571,1.0,0.8654875946896416,694.0,749.0,56.0,56.0,22.0,559.0,722.7584786090238,573.7104482683048,101.12669940607285,156.0,63.85095117303318,17.507286811358878,-61.40389950325539,1.0114259745502738,0.6319201588630676,0.9258411526679993,0.0,0.0,0.0,0.0,1.0,1.0
SNPT-165,0,22.0,0.09046996544864973,0.9259131742375237,0.6542056074766355,1.0,0.9904761904761905,0.9813084112149533,0.8350165312020283,0.0,106.0,107.0,107.0,1607.5,823.5,1894.1694534104286,800.1255149271336,195.61559468366895,10.0,0.002828540181023224,0.9627399359430585,0.7777777777777778,0.0,1.0,1.0,0.87653562757704,741.0,749.0,9.0,9.0,16.5,894.5,119.26036668117065,909.9469211744909,184.46697504735454,635.0,1880.0396590772723,-1877.6694534104286,94.37448507286638,1.0604369407231427,0.572978675365448,0.9218565225601196,0.0,1.0,1.0,0.0,1.0,1.0
SNPT-165,0,23.0,0.0076422015795287734,0.9313764452934266,0.011210762331838564,0.0,0.9955156950672646,1.0,0.8475510313639192,0.0,519.0,520.0,446.0,576.0,467.0,6.47169106031691,515.2488908856689,103.38117559921714,23.0,0.003669001394882798,0.9996550679206848,0.09090909090909091,0.0,1.0,1.0,0.8765771659937772,739.0,749.0,11.0,11.0,235.5,1071.0,401.70745257043814,1031.9531251758826,50.77977046043513,220.0,601.09338839949,229.0283089396831,555.7511091143311,2.03587323577538,0.7647520899772644,0.952612042427063,1.0,0.0,1.0,1.0,0.0,1.0
SNPT-165,0,,1.0,0.0,0.0,,0.0,0.0,0.5244837699226809,0.0,426.0,427.0,427.0,1346.0,307.0,13.817156040599688,232.57042133207008,76.75593715846266,8.0,0.036734140777552965,0.9590820043251432,0.7435897435897436,0.0,1.0,0.9871794871794872,0.871047915556492,672.0,749.0,78.0,78.0,14.5,1037.0,1376.4274332615973,701.0500667170899,158.96931067503823,246.0,804.4298684855854,0.6828439594003122,804.42957866793,0.4828349373380976,0.692662239074707,0.8970022797584534,0.0,0.0,0.0,0.0,0.0,0.0
SNPT-165,1,17.0,0.05932622955731945,0.9603872286236804,0.12534059945504086,0.0,1.0,1.0,0.8900154661742478,166.0,532.0,367.0,367.0,1910.0,356.5,12.835778944122094,445.53648865931723,78.49618333333592,,1.0,0.0,0.0,0.0,0.9821428571428571,1.0,0.8654875946896416,694.0,749.0,56.0,56.0,22.0,559.0,722.7584786090238,573.7104482683048,101.12669940607285,162.0,113.83299764707176,9.164221055877906,113.46351134068277,0.7762162099065015,0.8068597316741943,0.9500330686569214,0.0,0.0,0.0,1.0,0.0,1.0
SNPT-165,0,26.0,0.039200526168688805,0.9547140598297119,0.24324324324324326,0.0,1.0,0.9980694980694981,0.8294826034873609,0.0,517.0,518.0,518.0,1605.0,549.5,15.663015673246823,494.98292806390464,109.72667071473555,23.0,0.003669001394882798,0.9996550679206848,0.09090909090909091,0.0,1.0,1.0,0.8765771659937772,739.0,749.0,11.0,11.0,235.5,1071.0,401.70745257043814,1031.9531251758826,50.77977046043513,222.0,616.5419424821915,219.83698432675317,576.0170719360954,2.160834318859883,0.7497128844261169,0.9565379619598389,0.0,1.0,1.0,1.0,0.0,1.0
SNPT-166,0,,1.0,0.0,0.0,0.0,1.0,1.0,0.8988620173186064,0.0,95.0,96.0,96.0,1894.5,631.0,1910.5706964633082,686.4290272061589,114.72389287001363,,1.0,0.0,0.0,0.0,0.9545454545454546,1.0,0.8658463277600028,728.0,749.0,22.0,22.0,11.0,293.0,486.80792225558673,316.103999625524,74.13656079743018,633.0,1939.8853652498342,-1899.5706964633082,-393.42902720615893,1.5474671556923685,0.7244440317153931,0.9612511396408081,0.0,0.0,0.0,1.0,0.0,1.0
SNPT-166,0,,1.0,0.0,0.0,0.0,1.0,1.0,0.8921228820422911,0.0,264.0,265.0,265.0,396.0,301.0,5.788003888243779,467.4860217733277,71.03438041783852,,1.0,0.0,0.0,0.0,0.9545454545454546,1.0,0.8658463277600028,728.0,749.0,22.0,22.0,11.0,293.0,486.80792225558673,316.103999625524,74.13656079743018,464.0,174.56384705244997,5.211996111756221,-174.4860217733277,0.9581558633658767,0.8111624717712402,0.9671510457992554,0.0,0.0,0.0,1.0,0.0,1.0
SNPT-166,0,8.0,0.002532015546031679,0.9975621126316212,0.3562005277044855,1.0,1.0,0.6912928759894459,0.723631003286719,0.0,378.0,379.0,379.0,405.5,708.0,10.531407598743593,668.7024567949463,120.51881863136535,,1.0,0.0,0.0,0.0,1.0,0.01020408163265306,0.5171401056708121,587.0,684.0,98.0,98.0,1913.5,366.5,1907.6241078469225,316.22830271311364,64.23385650338025,209.0,1926.8149336556744,1902.9685924012565,-302.20245679494633,1.8762507062770417,0.46132123470306396,0.9038348197937012,0.0,0.0,0.0,0.0,1.0,1.0
SNPT-166,0,8.0,0.002532015546031679,0.9975621126316212,0.3562005277044855,1.0,1.0,0.6912928759894459,0.723631003286719,0.0,378.0,379.0,379.0,405.5,708.0,10.531407598743593,668.7024567949463,120.51881863136535,,1.0,0.0,0.0,1.0,1.0,1.0,0.8360135023083005,694.0,749.0,56.0,56.0,6.5,315.0,704.477243313889,268.5745225682681,61.99759871947789,316.0,353.7254305107396,-4.031407598743593,-353.70245679494633,1.943927202353109,0.6412765383720398,0.9410985708236694,0.0,0.0,0.0,1.0,0.0,1.0
SNPT-166,1,,1.0,0.0,0.0,1.0,1.0,1.0,0.8785048216058496,0.0,227.0,228.0,228.0,71.0,322.5,4.821384242038231,420.809234428306,69.4749460467292,,1.0,0.0,0.0,1.0,1.0,1.0,0.8445261986024918,549.0,579.0,31.0,31.0,6.0,381.0,9.75390259947365,403.7462113476546,72.49334669389982,322.0,39.82667800448263,1.1786157579617687,-39.80923442830601,0.9583630666147103,0.9496184587478638,0.9716507196426392,0.0,0.0,0.0,1.0,0.0,1.0
SNPT-166,0,,1.0,0.0,0.0,0.0,1.0,1.0,0.8988620173186064,0.0,95.0,96.0,96.0,1894.5,631.0,1910.5706964633082,686.4290272061589,114.72389287001363,,1.0,0.0,0.0,1.0,1.0,1.0,0.8445261986024918,549.0,579.0,31.0,31.0,6.0,381.0,9.75390259947365,403.7462113476546,72.49334669389982,454.0,1928.905500144274,-1904.5706964633082,-305.42902720615893,1.5825437519725851,0.7196134328842163,0.9448221921920776,0.0,0.0,0.0,0.0,1.0,1.0
SNPT-166,0,4.0,0.04514745686302293,0.952953216491961,0.42677824267782427,1.0,1.0,0.9874476987447699,0.8834587427861521,362.0,600.0,239.0,239.0,870.0,877.5,5.981056127190474,592.7770034234227,117.48560491904843,,1.0,0.0,0.0,0.0,1.0,1.0,0.8635840117931366,682.0,749.0,68.0,68.0,6.0,307.5,814.4426543941045,247.88083620260943,61.631871486366315,82.0,285.27700405240836,0.01894387280952614,-285.2770034234227,1.906247564541953,0.6832180023193359,0.9126664400100708,0.0,0.0,0.0,0.0,1.0,1.0
SNPT-166,0,,1.0,0.0,0.0,0.0,1.0,1.0,0.8562217156092325,375.0,581.0,207.0,207.0,6.5,371.0,10.71668555592923,376.42977706045036,68.17867069962975,,1.0,0.0,0.0,0.0,1.0,0.01020408163265306,0.5171401056708121,587.0,684.0,98.0,98.0,1913.5,366.5,1907.6241078469225,316.22830271311364,64.23385650338025,6.0,1902.8092238054853,1902.7833144440708,-9.929777060450363,1.0614133170727793,0.4709480106830597,0.9021947383880615,0.0,0.0,0.0,1.0,0.0,1.0
SNPT-166,0,4.0,0.04514745686302293,0.952953216491961,0.42677824267782427,1.0,1.0,0.9874476987447699,0.8834587427861521,362.0,600.0,239.0,239.0,870.0,877.5,5.981056127190474,592.7770034234227,117.48560491904843,,1.0,0.0,0.0,0.0,0.9545454545454546,1.0,0.8658463277600028,728.0,749.0,22.0,22.0,11.0,293.0,486.80792225558673,316.103999625524,74.13656079743018,128.0,299.8190147057474,5.018943872809526,-299.7770034234227,1.5847188439191917,0.7655831575393677,0.9171714186668396,0.0,0.0,0.0,0.0,1.0,1.0
SNPT-166,1,8.0,0.002532015546031679,0.9975621126316212,0.3562005277044855,1.0,1.0,0.6912928759894459,0.723631003286719,0.0,378.0,379.0,379.0,405.5,708.0,10.531407598743593,668.7024567949463,120.51881863136535,8.0,0.008708027158005279,0.997111394405365,0.48828125,1.0,1.0,1.0,0.8282283341977745,494.0,749.0,256.0,256.0,10.0,689.5,717.8876626449174,579.3050698538918,131.84582217287965,116.0,20.804331217370976,-0.5314075987435931,20.79754320505367,0.9140890218981528,0.9623149633407593,0.9881798028945923,1.0,0.0,1.0,1.0,0.0,1.0
SNPT-166,0,8.0,0.002532015546031679,0.9975621126316212,0.3562005277044855,1.0,1.0,0.6912928759894459,0.723631003286719,0.0,378.0,379.0,379.0,405.5,708.0,10.531407598743593,668.7024567949463,120.51881863136535,22.0,0.06313766254866746,0.961135983467102,0.09248554913294797,0.0,1.0,1.0,0.9081858930560206,577.0,749.0,173.0,173.0,1908.5,627.5,1511.1520602922776,533.9162547648194,116.15910941539248,199.0,1898.4157658920626,1897.9685924012565,-41.20245679494633,1.037532219710658,0.7550918459892273,0.9208927154541016,0.0,1.0,1.0,0.0,1.0,1.0
SNPT-166,1,,1.0,0.0,0.0,1.0,1.0,1.0,0.8445261986024918,549.0,579.0,31.0,31.0,6.0,381.0,9.75390259947365,403.7462113476546,72.49334669389982,,1.0,0.0,0.0,1.0,0.7096774193548387,1.0,0.8405180361963087,718.0,749.0,32.0,31.0,7.0,322.5,463.87309576929334,313.6048769800731,63.239124937119584,139.0,81.29287076906034,-2.7539025994736495,-81.2462113476546,1.1463369672806505,0.9357312321662903,0.9892541766166687,0.0,0.0,0.0,1.0,0.0,0.0
SNPT-166,0,,1.0,0.0,0.0,0.0,1.0,1.0,0.8562217156092325,375.0,581.0,207.0,207.0,6.5,371.0,10.71668555592923,376.42977706045036,68.17867069962975,,1.0,0.0,0.0,1.0,1.0,1.0,0.8360135023083005,694.0,749.0,56.0,56.0,6.5,315.0,704.477243313889,268.5745225682681,61.99759871947789,113.0,61.57432863437664,-4.21668555592923,-61.42977706045036,1.0996985707159321,0.6749927401542664,0.9215847253799438,0.0,0.0,0.0,0.0,1.0,1.0
SNPT-166,0,,1.0,0.0,0.0,0.0,1.0,1.0,0.8562217156092325,375.0,581.0,207.0,207.0,6.5,371.0,10.71668555592923,376.42977706045036,68.17867069962975,,1.0,0.0,0.0,0.0,1.0,1.0,0.8635840117931366,682.0,749.0,68.0,68.0,6.0,307.5,814.4426543941045,247.88083620260943,61.631871486366315,101.0,69.09096386819986,-4.71668555592923,-68.92977706045036,1.106224248191322,0.887427806854248,0.968246579170227,0.0,0.0,0.0,1.0,0.0,1.0
SNPT-166,0,,1.0,0.0,0.0,0.0,1.0,1.0,0.8921228820422911,0.0,264.0,265.0,265.0,396.0,301.0,5.788003888243779,467.4860217733277,71.03438041783852,8.0,0.008708027158005279,0.997111394405365,0.48828125,1.0,1.0,1.0,0.8282283341977745,494.0,749.0,256.0,256.0,10.0,689.5,717.8876626449174,579.3050698538918,131.84582217287965,230.0,222.05392912371258,4.211996111756221,222.0139782266723,0.5387685346957479,0.7415549755096436,0.9159030914306641,0.0,0.0,0.0,0.0,1.0,1.0
SNPT-166,1,,1.0,0.0,0.0,0.0,1.0,1.0,0.8562217156092325,375.0,581.0,207.0,207.0,6.5,371.0,10.71668555592923,376.42977706045036,68.17867069962975,,1.0,0.0,0.0,0.0,0.9545454545454546,1.0,0.8658463277600028,728.0,749.0,22.0,22.0,11.0,293.0,486.80792225558673,316.103999625524,74.13656079743018,147.0,83.43025810478275,0.2833144440707702,-83.42977706045036,0.9196362761677104,0.9324221014976501,0.9672682881355286,0.0,0.0,0.0,1.0,0.0,1.0
SNPT-166,0,,1.0,0.0,0.0,1.0,1.0,1.0,0.861341209176146,0.0,404.0,405.0,405.0,1358.5,261.0,1053.0117036603956,888.6884054627886,106.63556468422371,8.0,0.008708027158005279,0.997111394405365,0.48828125,1.0,1.0,1.0,0.8282283341977745,494.0,749.0,256.0,256.0,10.0,689.5,717.8876626449174,579.3050698538918,131.84582217287965,90.0,1061.8613067832207,-1043.0117036603956,-199.18840546278864,0.8087898647588575,0.7496439814567566,0.976965606212616,0.0,0.0,0.0,1.0,0.0,1.0
SNPT-166,0,,1.0,0.0,0.0,0.0,0.9788273615635179,1.0,0.8583318602766975,0.0,613.0,614.0,614.0,821.0,238.0,8.19017779473046,361.2849586895695,57.069933432648234,,1.0,0.0,0.0,1.0,1.0,1.0,0.8441749811172485,734.0,749.0,16.0,16.0,13.0,377.5,325.99281165278126,390.02311739512004,81.12738442999057,121.0,16.913366144717347,4.8098222052695405,16.21504131043048,0.703460783724602,0.7165918946266174,0.9378693103790283,0.0,0.0,0.0,0.0,1.0,1.0
SNPT-166,1,,1.0,0.0,0.0,0.0,1.0,1.0,0.8988620173186064,0.0,95.0,96.0,96.0,1894.5,631.0,1910.5706964633082,686.4290272061589,114.72389287001363,22.0,0.06313766254866746,0.961135983467102,0.09248554913294797,0.0,1.0,1.0,0.9081858930560206,577.0,749.0,173.0,173.0,1908.5,627.5,1511.1520602922776,533.9162547648194,116.15910941539248,482.0,58.965396897734664,-2.0706964633081952,-58.929027206158935,0.9876443909341073,0.9157242774963379,0.9872655868530273,0.0,0.0,0.0,1.0,0.0,1.0
SNPT-166,0,,1.0,0.0,0.0,0.0,1.0,1.0,0.8921228820422911,0.0,264.0,265.0,265.0,396.0,301.0,5.788003888243779,467.4860217733277,71.03438041783852,,1.0,0.0,0.0,0.0,1.0,1.0,0.8635840117931366,682.0,749.0,68.0,68.0,6.0,307.5,814.4426543941045,247.88083620260943,61.631871486366315,418.0,159.98616223038505,0.21199611175622124,-159.9860217733277,1.1525591987507982,0.7855847477912903,0.9724149703979492,0.0,0.0,0.0,1.0,0.0,1.0
SNPT-166,1,,1.0,0.0,0.0,1.0,1.0,1.0,0.8785048216058496,0.0,227.0,228.0,228.0,71.0,322.5,4.821384242038231,420.809234428306,69.4749460467292,,1.0,0.0,0.0,1.0,0.7096774193548387,1.0,0.8405180361963087,718.0,749.0,32.0,31.0,7.0,322.5,463.87309576929334,313.6048769800731,63.239124937119584,491.0,98.33337144886504,2.1786157579617687,-98.30923442830601,1.098607011336891,0.93154376745224,0.9685221314430237,0.0,0.0,0.0,1.0,0.0,0.0
SNPT-166,0,,1.0,0.0,0.0,0.0,1.0,1.0,0.8988620173186064,0.0,95.0,96.0,96.0,1894.5,631.0,1910.5706964633082,686.4290272061589,114.72389287001363,,1.0,0.0,0.0,0.0,1.0,1.0,0.8716382817788557,728.0,749.0,22.0,22.0,6.5,466.0,388.02391318635443,486.66559715784683,96.55887434409419,633.0,1916.787461656957,-1904.0706964633082,-220.42902720615893,1.1881237602375847,0.7996070384979248,0.9759512543678284,0.0,0.0,0.0,1.0,0.0,1.0
SNPT-166,1,,1.0,0.0,0.0,0.0,0.9788273615635179,1.0,0.8583318602766975,0.0,613.0,614.0,614.0,821.0,238.0,8.19017779473046,361.2849586895695,57.069933432648234,,1.0,0.0,0.0,0.0,1.0,1.0,0.8635840117931366,682.0,749.0,68.0,68.0,6.0,307.5,814.4426543941045,247.88083620260943,61.631871486366315,69.0,53.829533343799575,-2.1901777947304595,-53.78495868956952,0.9259808611405345,0.8801544308662415,0.9814186096191406,0.0,0.0,0.0,1.0,0.0,1.0
SNPT-166,0,,1.0,0.0,0.0,1.0,1.0,1.0,0.867019523627794,0.0,596.0,597.0,597.0,587.5,203.0,8.98561930363967,367.6349998639444,55.82927630409088,,1.0,0.0,0.0,0.0,1.0,1.0,0.8635840117931366,682.0,749.0,68.0,68.0,6.0,307.5,814.4426543941045,247.88083620260943,61.631871486366315,86.0,60.20907017437539,-2.9856193036396697,-60.134999863944415,0.9058507385491444,0.7062810659408569,0.9356015920639038,0.0,0.0,0.0,0.0,1.0,1.0
SNPT-166,0,,1.0,0.0,0.0,1.0,1.0,1.0,0.861341209176146,0.0,404.0,405.0,405.0,1358.5,261.0,1053.0117036603956,888.6884054627886,106.63556468422371,,1.0,0.0,0.0,0.0,0.9545454545454546,1.0,0.8658463277600028,728.0,749.0,22.0,22.0,11.0,293.0,486.80792225558673,316.103999625524,74.13656079743018,324.0,1200.2637489185615,-1042.0117036603956,-595.6884054627886,1.4383667590892624,0.6800727248191833,0.9074418544769287,0.0,0.0,0.0,0.0,1.0,1.0
SNPT-166,1,,1.0,0.0,0.0,0.0,1.0,1.0,0.8921228820422911,0.0,264.0,265.0,265.0,396.0,301.0,5.788003888243779,467.4860217733277,71.03438041783852,,1.0,0.0,0.0,0.0,1.0,1.0,0.8716382817788557,728.0,749.0,22.0,22.0,6.5,466.0,388.02391318635443,486.66559715784683,96.55887434409419,464.0,1.647786143272239,0.7119961117562212,-1.4860217733277068,0.735658746027865,0.9119827747344971,0.9636363387107849,0.0,0.0,0.0,1.0,0.0,1.0
SNPT-166,0,,1.0,0.0,0.0,0.0,1.0,1.0,0.8988620173186064,0.0,95.0,96.0,96.0,1894.5,631.0,1910.5706964633082,686.4290272061589,114.72389287001363,,1.0,0.0,0.0,1.0,1.0,1.0,0.8441749811172485,734.0,749.0,16.0,16.0,13.0,377.5,325.99281165278126,390.02311739512004,81.12738442999057,639.0,1922.5534301877772,-1897.5706964633082,-308.92902720615893,1.4141204437450512,0.7629645466804504,0.9375041723251343,0.0,0.0,0.0,0.0,1.0,1.0
SNPT-166,0,,1.0,0.0,0.0,1.0,1.0,1.0,0.867019523627794,0.0,596.0,597.0,597.0,587.5,203.0,8.98561930363967,367.6349998639444,55.82927630409088,,1.0,0.0,0.0,1.0,1.0,1.0,0.9070580139452097,701.0,749.0,49.0,49.0,6.5,443.5,546.166223360281,451.90312799115486,89.2990671306361,105.0,75.90570827656073,-2.4856193036396697,75.86500013605558,0.6251943956191381,0.8515392541885376,0.9813907146453857,0.0,0.0,0.0,1.0,0.0,1.0
SNPT-166,1,,1.0,0.0,0.0,1.0,1.0,1.0,0.867019523627794,0.0,596.0,597.0,597.0,587.5,203.0,8.98561930363967,367.6349998639444,55.82927630409088,,1.0,0.0,0.0,1.0,1.0,1.0,0.8360135023083005,694.0,749.0,56.0,56.0,6.5,315.0,704.477243313889,268.5745225682681,61.99759871947789,98.0,52.69365724639024,-2.4856193036396697,-52.634999863944415,0.900507075390178,0.9475612640380859,0.9847262501716614,0.0,0.0,0.0,1.0,0.0,1.0
SNPT-166,0,,1.0,0.0,0.0,0.0,1.0,1.0,0.8921228820422911,0.0,264.0,265.0,265.0,396.0,301.0,5.788003888243779,467.4860217733277,71.03438041783852,,1.0,0.0,0.0,1.0,1.0,1.0,0.8441749811172485,734.0,749.0,16.0,16.0,13.0,377.5,325.99281165278126,390.02311739512004,81.12738442999057,470.0,90.27456453789071,7.211996111756221,-89.9860217733277,0.8755906641996837,0.7480547428131104,0.9238901138305664,0.0,0.0,0.0,0.0,1.0,1.0
SNPT-166,0,4.0,0.04514745686302293,0.952953216491961,0.42677824267782427,1.0,1.0,0.9874476987447699,0.8834587427861521,362.0,600.0,239.0,239.0,870.0,877.5,5.981056127190474,592.7770034234227,117.48560491904843,,1.0,0.0,0.0,1.0,1.0,1.0,0.8441749811172485,734.0,749.0,16.0,16.0,13.0,377.5,325.99281165278126,390.02311739512004,81.12738442999057,134.0,215.39139670854541,7.018943872809526,-215.27700342342268,1.4481621186793399,0.8931517004966736,0.9581922292709351,0.0,0.0,0.0,1.0,0.0,1.0
SNPT-166,0,8.0,0.002532015546031679,0.9975621126316212,0.3562005277044855,1.0,1.0,0.6912928759894459,0.723631003286719,0.0,378.0,379.0,379.0,405.5,708.0,10.531407598743593,668.7024567949463,120.51881863136535,,1.0,0.0,0.0,0.0,0.989010989010989,1.0,0.8546936191045321,489.0,630.0,142.0,91.0,6.0,485.0,4.973995955210384,434.0617320563035,81.19147679108609,111.0,183.75833664714392,-4.531407598743593,-183.70245679494633,1.4843777129645332,0.7379770278930664,0.9220921397209167,0.0,0.0,0.0,0.0,1.0,1.0
SNPT-166,0,,1.0,0.0,0.0,0.0,1.0,0.01020408163265306,0.5171401056708121,587.0,684.0,98.0,98.0,1913.5,366.5,1907.6241078469225,316.22830271311364,64.23385650338025,,1.0,0.0,0.0,1.0,1.0,1.0,0.8360135023083005,694.0,749.0,56.0,56.0,6.5,315.0,704.477243313889,268.5745225682681,61.99759871947789,10.0,1901.124504645688,-1901.1241078469225,-1.228302713113635,1.0360700709396957,0.5448647737503052,0.9584643840789795,0.0,0.0,0.0,0.0,1.0,1.0
SNPT-166,0,,1.0,0.0,0.0,0.0,1.0,1.0,0.8988620173186064,0.0,95.0,96.0,96.0,1894.5,631.0,1910.5706964633082,686.4290272061589,114.72389287001363,4.0,0.04514745686302293,0.952953216491961,0.42677824267782427,1.0,1.0,0.9874476987447699,0.8834587427861521,362.0,600.0,239.0,239.0,870.0,877.5,5.981056127190474,592.7770034234227,117.48560491904843,267.0,1057.9676228422677,-1040.5706964633082,191.07097279384107,0.9764931878170291,0.7948169708251953,0.9373784065246582,0.0,0.0,0.0,0.0,1.0,1.0
SNPT-166,0,,1.0,0.0,0.0,1.0,1.0,1.0,0.8445261986024918,549.0,579.0,31.0,31.0,6.0,381.0,9.75390259947365,403.7462113476546,72.49334669389982,,1.0,0.0,0.0,0.0,1.0,0.01020408163265306,0.5171401056708121,587.0,684.0,98.0,98.0,1913.5,366.5,1907.6241078469225,316.22830271311364,64.23385650338025,8.0,1904.1104179189526,1903.7460974005264,-37.246211347654594,1.1285846847773326,0.48746684193611145,0.9465433359146118,0.0,0.0,0.0,0.0,1.0,1.0
SNPT-166,0,,1.0,0.0,0.0,1.0,1.0,1.0,0.867019523627794,0.0,596.0,597.0,597.0,587.5,203.0,8.98561930363967,367.6349998639444,55.82927630409088,,1.0,0.0,0.0,0.0,1.0,1.0,0.8716382817788557,728.0,749.0,22.0,22.0,6.5,466.0,388.02391318635443,486.66559715784683,96.55887434409419,132.0,98.39640011244741,-2.4856193036396697,98.36500013605558,0.5781889720994408,0.692221462726593,0.9281865358352661,0.0,0.0,0.0,0.0,1.0,1.0
SNPT-166,1,4.0,0.04514745686302293,0.952953216491961,0.42677824267782427,1.0,1.0,0.9874476987447699,0.8834587427861521,362.0,600.0,239.0,239.0,870.0,877.5,5.981056127190474,592.7770034234227,117.48560491904843,,1.0,0.0,0.0,1.0,1.0,1.0,0.9070580139452097,701.0,749.0,49.0,49.0,6.5,443.5,546.166223360281,451.90312799115486,89.2990671306361,101.0,149.27790544424073,0.5189438728095261,-149.27700342342268,1.3156420183782893,0.9477107524871826,0.9664565324783325,0.0,0.0,0.0,1.0,0.0,1.0
SNPT-166,0,,1.0,0.0,0.0,1.0,1.0,1.0,0.8445261986024918,549.0,579.0,31.0,31.0,6.0,381.0,9.75390259947365,403.7462113476546,72.49334669389982,,1.0,0.0,0.0,0.0,1.0,1.0,0.8716382817788557,728.0,749.0,22.0,22.0,6.5,466.0,388.02391318635443,486.66559715784683,96.55887434409419,149.0,62.338768705338985,-3.2539025994736495,62.253788652345406,0.7507683492204434,0.7059791088104248,0.9493768215179443,0.0,0.0,0.0,0.0,1.0,1.0
SNPT-166,0,,1.0,0.0,0.0,1.0,1.0,1.0,0.8785048216058496,0.0,227.0,228.0,228.0,71.0,322.5,4.821384242038231,420.809234428306,69.4749460467292,,1.0,0.0,0.0,0.0,1.0,0.01020408163265306,0.5171401056708121,587.0,684.0,98.0,98.0,1913.5,366.5,1907.6241078469225,316.22830271311364,64.23385650338025,360.0,1909.4511125441045,1908.6786157579618,-54.30923442830601,1.0815938794376005,0.4938380718231201,0.9334794282913208,0.0,0.0,0.0,0.0,1.0,1.0
SNPT-166,0,,1.0,0.0,0.0,0.0,0.9788273615635179,1.0,0.8583318602766975,0.0,613.0,614.0,614.0,821.0,238.0,8.19017779473046,361.2849586895695,57.069933432648234,,1.0,0.0,0.0,1.0,0.7096774193548387,1.0,0.8405180361963087,718.0,749.0,32.0,31.0,7.0,322.5,463.87309576929334,313.6048769800731,63.239124937119584,105.0,38.80321563652533,-1.1901777947304595,-38.78495868956952,0.9024466023113769,0.7561595439910889,0.9613134860992432,0.0,0.0,0.0,0.0,1.0,0.0
SNPT-168,1,14.0,0.00027937581869614175,0.9934240430593491,0.25101214574898784,1.0,0.9473684210526315,1.0,0.8786538157627167,0.0,493.0,494.0,494.0,1192.5,509.5,1908.0781651396585,440.8630375745224,80.40113096494888,,1.0,0.0,0.0,1.0,1.0,0.9801324503311258,0.8863843529429657,599.0,749.0,151.0,151.0,1907.5,511.0,1695.8992011936607,535.5054712471147,101.4708129214503,106.0,70.13934540043535,-0.5781651396584948,70.13696242547758,0.7923572173132021,0.9501221179962158,0.9871699810028076,0.0,0.0,0.0,1.0,0.0,1.0
SNPT-168,0,,1.0,0.0,0.0,1.0,1.0,1.0,0.893234485829318,137.0,352.0,216.0,216.0,9.5,500.0,40.410601095669136,360.3437713551742,72.45078712794458,,1.0,0.0,0.0,0.0,1.0,0.9166666666666666,0.7902426177805121,537.0,548.0,12.0,12.0,5.5,605.0,5.182505920513514,612.7465463860888,96.96663863070053,185.0,247.1344174403278,-34.910601095669136,244.65622864482577,0.7471723074146658,0.6099518537521362,0.9082797765731812,0.0,0.0,0.0,0.0,1.0,1.0
SNPT-168,0,,1.0,0.0,0.0,1.0,1.0,1.0,0.893234485829318,137.0,352.0,216.0,216.0,9.5,500.0,40.410601095669136,360.3437713551742,72.45078712794458,,1.0,0.0,0.0,1.0,1.0,1.0,0.8556578469773134,525.0,572.0,48.0,48.0,5.5,494.0,11.248502137261859,507.703590623879,104.43688559766908,173.0,138.1402820484267,-34.910601095669136,133.65622864482577,0.6937279555333811,0.7614878416061401,0.9829144477844238,0.0,0.0,0.0,1.0,0.0,1.0
SNPT-168,1,,1.0,0.0,0.0,1.0,1.0,1.0,0.893234485829318,137.0,352.0,216.0,216.0,9.5,500.0,40.410601095669136,360.3437713551742,72.45078712794458,,1.0,0.0,0.0,1.0,1.0,1.0,0.9208497163842753,451.0,749.0,299.0,299.0,6.5,390.5,215.60339902809568,432.1048155960789,94.0014428793412,99.0,45.379808205286714,-33.910601095669136,30.156228644825774,0.7707412238442052,0.9663159251213074,0.978904128074646,0.0,0.0,0.0,1.0,0.0,1.0
SNPT-168,0,,1.0,0.0,0.0,0.0,0.9666666666666667,1.0,0.8278488477071126,291.0,350.0,60.0,60.0,8.5,403.5,10.195306933736811,463.5359725061692,82.15384385506981,,1.0,0.0,0.0,1.0,1.0,0.9801324503311258,0.8863843529429657,599.0,749.0,151.0,151.0,1907.5,511.0,1695.8992011936607,535.5054712471147,101.4708129214503,249.0,1897.8982934386138,1897.304693066263,47.46402749383083,0.8096302916057845,0.6925286054611206,0.9557920098304749,0.0,0.0,0.0,0.0,1.0,1.0
SNPT-168,0,,1.0,0.0,0.0,0.0,1.0,0.9166666666666666,0.7902426177805121,537.0,548.0,12.0,12.0,5.5,605.0,5.182505920513514,612.7465463860888,96.96663863070053,,1.0,0.0,0.0,1.0,1.0,0.9801324503311258,0.8863843529429657,599.0,749.0,151.0,151.0,1907.5,511.0,1695.8992011936607,535.5054712471147,101.4708129214503,51.0,1905.0365371777923,1902.3174940794866,-101.74654638608877,0.9556111342654118,0.7184973955154419,0.9169425964355469,0.0,0.0,0.0,0.0,1.0,1.0
SNPT-168,0,,1.0,0.0,0.0,0.0,1.0,0.9166666666666666,0.7902426177805121,537.0,548.0,12.0,12.0,5.5,605.0,5.182505920513514,612.7465463860888,96.96663863070053,,1.0,0.0,0.0,1.0,1.0,0.06976744186046512,0.5573029850804528,707.0,749.0,43.0,43.0,1913.0,576.0,1633.5323304052192,558.3834109228058,114.55052859941995,159.0,1908.1713495876193,1907.8174940794866,-36.74654638608877,0.8464966492628786,0.5741052627563477,0.9274595379829407,0.0,0.0,0.0,0.0,1.0,1.0
SNPT-168,1,,1.0,0.0,0.0,1.0,1.0,0.16326530612244897,0.5776923177193622,340.0,388.0,49.0,49.0,1912.0,346.0,1912.0151424731357,370.62139710641236,60.471624045704516,,1.0,0.0,0.0,1.0,1.0,0.06976744186046512,0.5573029850804528,707.0,749.0,43.0,43.0,1913.0,576.0,1633.5323304052192,558.3834109228058,114.55052859941995,319.0,205.38096423687907,0.984857526864289,205.37860289358764,0.5279034918919678,0.813766598701477,0.9813544750213623,0.0,0.0,0.0,1.0,0.0,1.0
SNPT-168,0,,1.0,0.0,0.0,1.0,0.8153846153846154,1.0,0.882888674736023,284.0,354.0,71.0,65.0,7.0,388.5,4.229930120411887,367.15268275273735,80.80270126933424,,1.0,0.0,0.0,1.0,1.0,0.06976744186046512,0.5573029850804528,707.0,749.0,43.0,43.0,1913.0,576.0,1633.5323304052192,558.3834109228058,114.55052859941995,353.0,1920.1615509090652,1908.7700698795882,208.84731724726265,0.7053891610740537,0.6876876354217529,0.9331715703010559,0.0,0.0,0.0,1.0,0.0,0.0
SNPT-168,0,,1.0,0.0,0.0,0.0,0.9666666666666667,1.0,0.8278488477071126,291.0,350.0,60.0,60.0,8.5,403.5,10.195306933736811,463.5359725061692,82.15384385506981,,1.0,0.0,0.0,1.0,1.0,1.0,0.8556578469773134,525.0,572.0,48.0,48.0,5.5,494.0,11.248502137261859,507.703590623879,104.43688559766908,175.0,30.823738876827996,-4.695306933736811,30.464027493830827,0.78663628645111,0.7908393144607544,0.9378063678741455,0.0,0.0,0.0,0.0,1.0,1.0
SNPT-168,0,,1.0,0.0,0.0,1.0,0.8153846153846154,1.0,0.882888674736023,284.0,354.0,71.0,65.0,7.0,388.5,4.229930120411887,367.15268275273735,80.80270126933424,,1.0,0.0,0.0,1.0,1.0,0.9801324503311258,0.8863843529429657,599.0,749.0,151.0,151.0,1907.5,511.0,1695.8992011936607,535.5054712471147,101.4708129214503,245.0,1908.6982500067127,1903.2700698795882,143.84731724726265,0.7963147129991411,0.8398127555847168,0.990286111831665,0.0,0.0,0.0,1.0,0.0,0.0
SNPT-168,1,,1.0,0.0,0.0,0.0,0.9666666666666667,1.0,0.8278488477071126,291.0,350.0,60.0,60.0,8.5,403.5,10.195306933736811,463.5359725061692,82.15384385506981,,1.0,0.0,0.0,0.0,1.0,0.9166666666666666,0.7902426177805121,537.0,548.0,12.0,12.0,5.5,605.0,5.182505920513514,612.7465463860888,96.96663863070053,187.0,141.54192658706228,-4.695306933736811,141.46402749383083,0.8472382359045614,0.7544803619384766,0.9076621532440186,0.0,0.0,0.0,1.0,0.0,1.0
SNPT-168,0,,1.0,0.0,0.0,1.0,1.0,1.0,0.893234485829318,137.0,352.0,216.0,216.0,9.5,500.0,40.410601095669136,360.3437713551742,72.45078712794458,,1.0,0.0,0.0,1.0,1.0,1.0,0.807618226323809,743.0,749.0,7.0,7.0,6.5,475.0,9.713565107656972,467.41119349037774,64.0,391.0,119.56579625346106,-33.910601095669136,114.65622864482577,1.132043548874134,0.6886088252067566,0.9528094530105591,0.0,0.0,0.0,1.0,0.0,1.0
SNPT-168,0,,1.0,0.0,0.0,1.0,0.8153846153846154,1.0,0.882888674736023,284.0,354.0,71.0,65.0,7.0,388.5,4.229930120411887,367.15268275273735,80.80270126933424,,1.0,0.0,0.0,0.0,1.0,0.9166666666666666,0.7902426177805121,537.0,548.0,12.0,12.0,5.5,605.0,5.182505920513514,612.7465463860888,96.96663863070053,183.0,237.85070821676996,1.270069879588113,237.84731724726265,0.8333041385199812,0.7396130561828613,0.906818151473999,0.0,0.0,0.0,0.0,1.0,0.0
SNPT-168,1,,1.0,0.0,0.0,1.0,1.0,1.0,0.8556578469773134,525.0,572.0,48.0,48.0,5.5,494.0,11.248502137261859,507.703590623879,104.43688559766908,,1.0,0.0,0.0,1.0,1.0,1.0,0.807618226323809,743.0,749.0,7.0,7.0,6.5,475.0,9.713565107656972,467.41119349037774,64.0,171.0,33.04652950374436,-4.748502137261859,-32.703590623878995,1.6318263374635793,0.7961846590042114,0.9687885046005249,0.0,0.0,0.0,1.0,0.0,1.0
SNPT-168,0,,1.0,0.0,0.0,1.0,1.0,0.16326530612244897,0.5776923177193622,340.0,388.0,49.0,49.0,1912.0,346.0,1912.0151424731357,370.62139710641236,60.471624045704516,,1.0,0.0,0.0,1.0,1.0,1.0,0.807618226323809,743.0,749.0,7.0,7.0,6.5,475.0,9.713565107656972,467.41119349037774,64.0,355.0,1908.3717800618494,-1905.5151424731357,104.37860289358764,0.9448691257141331,0.4878745377063751,0.9540354013442993,0.0,0.0,0.0,1.0,0.0,1.0
SNPT-168,0,,1.0,0.0,0.0,1.0,1.0,0.16326530612244897,0.5776923177193622,340.0,388.0,49.0,49.0,1912.0,346.0,1912.0151424731357,370.62139710641236,60.471624045704516,,1.0,0.0,0.0,1.0,1.0,0.9801324503311258,0.8863843529429657,599.0,749.0,151.0,151.0,1907.5,511.0,1695.8992011936607,535.5054712471147,101.4708129214503,211.0,140.45119672650813,-4.515142473135711,140.37860289358764,0.5959509173590269,0.6135580539703369,0.9294485449790955,0.0,0.0,0.0,1.0,0.0,1.0
SNPT-168,0,,1.0,0.0,0.0,1.0,0.8153846153846154,1.0,0.882888674736023,284.0,354.0,71.0,65.0,7.0,388.5,4.229930120411887,367.15268275273735,80.80270126933424,,1.0,0.0,0.0,1.0,1.0,1.0,0.9208497163842753,451.0,749.0,299.0,299.0,6.5,390.5,215.60339902809568,432.1048155960789,94.0014428793412,97.0,23.45741758810081,2.270069879588113,23.34731724726265,0.8595900104751726,0.8520582914352417,0.9800306558609009,0.0,0.0,0.0,1.0,0.0,0.0
SNPT-168,0,14.0,0.00027937581869614175,0.9934240430593491,0.25101214574898784,1.0,0.9473684210526315,1.0,0.8786538157627167,0.0,493.0,494.0,494.0,1192.5,509.5,1908.0781651396585,440.8630375745224,80.40113096494888,,1.0,0.0,0.0,1.0,1.0,1.0,0.8556578469773134,525.0,572.0,48.0,48.0,5.5,494.0,11.248502137261859,507.703590623879,104.43688559766908,32.0,1903.320049608577,-1902.5781651396585,53.13696242547758,0.769853778239662,0.8189826607704163,0.9809772968292236,0.0,0.0,0.0,1.0,0.0,1.0
SNPT-168,0,,1.0,0.0,0.0,0.0,0.9666666666666667,1.0,0.8278488477071126,291.0,350.0,60.0,60.0,8.5,403.5,10.195306933736811,463.5359725061692,82.15384385506981,,1.0,0.0,0.0,1.0,1.0,1.0,0.9208497163842753,451.0,749.0,299.0,299.0,6.5,390.5,215.60339902809568,432.1048155960789,94.0014428793412,101.0,73.12939609525313,-3.695306933736811,-73.03597250616917,0.8739636471380681,0.6639185547828674,0.9323213696479797,0.0,0.0,0.0,0.0,1.0,1.0
SNPT-169,0,26.0,0.16038923860842738,0.9261066534302451,0.13253012048192772,0.0,1.0,1.0,0.9184873689369983,0.0,165.0,166.0,166.0,467.0,660.0,19.472046940001142,722.9300515503194,133.04060758391105,19.0,0.08074673606193085,0.9048512359611861,0.30324074074074076,1.0,0.9722222222222222,1.0,0.8946794924084787,318.0,749.0,432.0,432.0,349.5,445.5,1295.8582623931197,450.3767989218602,86.87305870574208,153.0,431.1448518818075,330.0279530599989,-277.4300515503194,1.5314368984583413,0.7620348334312439,0.9362678527832031,0.0,1.0,0.0,0.0,1.0,1.0
SNPT-169,0,,1.0,0.0,0.0,1.0,0.9857142857142858,1.0,0.8704284374203001,0.0,139.0,140.0,140.0,298.0,518.5,12.777733844283752,693.2009735016205,104.10390499061752,21.0,0.12716399035898143,0.8943892397310422,0.24572649572649571,1.0,0.9719827586206896,0.9914529914529915,0.8855538421716446,282.0,749.0,468.0,468.0,7.5,471.0,1678.1274289073153,473.74544100559547,89.24764912102498,143.0,222.26364322488502,-5.277733844283752,-222.20097350162052,1.1664610330457736,0.8873910903930664,0.9840945601463318,0.0,0.0,0.0,1.0,0.0,1.0
SNPT-169,1,10.0,0.00018376920167741315,0.9999857885496957,0.0880503144654088,1.0,0.9738562091503268,0.9622641509433962,0.8435106674830118,0.0,158.0,159.0,159.0,882.5,741.0,403.1324156266429,1072.0226083596203,138.1528547949988,10.0,0.022391707945953042,0.9836302612509046,0.3027027027027027,1.0,1.0,1.0,0.8674708057094265,565.0,749.0,185.0,185.0,5.0,681.5,269.61939555132477,605.7564384207424,117.31670105969337,407.0,557.689275504476,-398.1324156266429,-390.52260835962034,1.1776060317678343,0.8130506277084351,0.9762691855430603,1.0,0.0,1.0,1.0,0.0,1.0
SNPT-169,0,10.0,0.029803822854655267,0.9855586874241732,0.15555555555555556,0.0,1.0,1.0,0.8942746177552239,0.0,314.0,315.0,315.0,846.0,516.5,1900.8621450755077,578.6319626066814,101.98259139465647,10.0,0.022391707945953042,0.9836302612509046,0.3027027027027027,1.0,1.0,1.0,0.8674708057094265,565.0,749.0,185.0,185.0,5.0,681.5,269.61939555132477,605.7564384207424,117.31670105969337,251.0,1898.6508647583046,-1895.8621450755077,102.86803739331856,0.8692930373380123,0.7338100671768188,0.9394029378890991,1.0,0.0,1.0,0.0,1.0,1.0
SNPT-169,0,5.0,0.09099043279232266,0.9680376648902893,0.1,1.0,0.9444444444444444,1.0,0.8755264060364829,299.0,498.0,200.0,180.0,897.5,349.0,1914.798586611822,547.0148978369882,91.92857332437845,10.0,0.022391707945953042,0.9836302612509046,0.3027027027027027,1.0,1.0,1.0,0.8674708057094265,565.0,749.0,185.0,185.0,5.0,681.5,269.61939555132477,605.7564384207424,117.31670105969337,67.0,1914.5278488777092,-1909.798586611822,134.4851021630118,0.7835932351831401,0.7156482934951782,0.9638485908508301,0.0,1.0,1.0,1.0,0.0,1.0
SNPT-169,1,,1.0,0.0,0.0,1.0,0.9857142857142858,1.0,0.8704284374203001,0.0,139.0,140.0,140.0,298.0,518.5,12.777733844283752,693.2009735016205,104.10390499061752,8.0,0.04847617538539255,0.9753002365430196,0.47191011235955055,1.0,0.9977220956719818,0.9865168539325843,0.8724876145298561,305.0,749.0,445.0,445.0,69.5,502.5,1405.282271507596,454.24459534996674,99.92990893506449,166.0,198.95797740303274,56.72226615571625,-190.70097350162052,1.0417692370586003,0.928118884563446,0.9854013919830322,0.0,0.0,0.0,1.0,0.0,1.0
SNPT-169,1,10.0,0.029803822854655267,0.9855586874241732,0.15555555555555556,0.0,1.0,1.0,0.8942746177552239,0.0,314.0,315.0,315.0,846.0,516.5,1900.8621450755077,578.6319626066814,101.98259139465647,10.0,0.02007628721965678,0.9948543707529703,0.4,0.0,1.0,1.0,0.9052083189288775,630.0,749.0,120.0,120.0,1908.0,733.5,1526.2266151353306,611.2491819881028,126.0001608806173,316.0,155.03244169844393,7.137854924492331,154.86803739331856,0.8093846125425426,0.9045577049255371,0.990824818611145,1.0,0.0,1.0,1.0,0.0,1.0
SNPT-169,0,,1.0,0.0,0.0,1.0,0.9857142857142858,1.0,0.8704284374203001,0.0,139.0,140.0,140.0,298.0,518.5,12.777733844283752,693.2009735016205,104.10390499061752,26.0,0.004049791891572133,0.9948707942740392,0.4968421052631579,0.0,0.9894736842105263,1.0,0.866103666707089,275.0,749.0,475.0,475.0,7.5,574.0,1400.7193819985068,527.2585601471316,93.62600603354348,136.0,119.3177545810561,-5.277733844283752,-119.20097350162052,1.111912270970099,0.6115903258323669,0.9469912648200989,0.0,0.0,0.0,0.0,1.0,1.0
SNPT-169,0,,1.0,0.0,0.0,1.0,0.9857142857142858,1.0,0.8704284374203001,0.0,139.0,140.0,140.0,298.0,518.5,12.777733844283752,693.2009735016205,104.10390499061752,3.0,0.007262717331693379,0.9908700951981166,0.2903225806451613,0.0,0.9838709677419355,1.0,0.8836017744057739,307.0,749.0,443.0,434.0,213.5,401.0,1427.7441952788874,442.9334181988414,68.6848934432941,168.0,354.50082799054354,200.72226615571626,-292.2009735016205,1.515673968054783,0.7089388370513916,0.955504298210144,0.0,0.0,0.0,0.0,1.0,1.0
SNPT-169,0,17.0,0.12666655952545205,0.8610482980375704,0.152317880794702,0.0,0.8807947019867549,1.0,0.9193810935052026,0.0,150.0,151.0,151.0,437.0,507.5,13.52553328942259,525.7244252637931,88.06193689702947,23.0,0.0011988860181523146,0.9997924262514482,0.3432343234323432,0.0,0.9766666666666667,0.9900990099009901,0.877028209934927,447.0,749.0,303.0,303.0,7.5,616.0,885.6170695461421,504.66852838782904,95.40263266873974,297.0,90.4764413832375,-6.02553328942259,90.27557473620686,0.9230556268064543,0.9218443632125854,0.9845448732376099,0.0,1.0,1.0,1.0,0.0,0.0
SNPT-169,0,,1.0,0.0,0.0,1.0,0.9857142857142858,1.0,0.8704284374203001,0.0,139.0,140.0,140.0,298.0,518.5,12.777733844283752,693.2009735016205,104.10390499061752,,1.0,0.0,0.0,0.0,0.6666666666666666,1.0,0.7564437627792359,303.0,317.0,15.0,15.0,20.5,405.0,420.6131709755521,422.2156542883665,63.03124085615332,164.0,288.30441294205247,7.722266155716248,-288.2009735016205,1.6516239181804804,0.743330180644989,0.9462495446205139,0.0,0.0,0.0,0.0,1.0,0.0
SNPT-169,0,26.0,0.16038923860842738,0.9261066534302451,0.13253012048192772,0.0,1.0,1.0,0.9184873689369983,0.0,165.0,166.0,166.0,467.0,660.0,19.472046940001142,722.9300515503194,133.04060758391105,10.0,0.02007628721965678,0.9948543707529703,0.4,0.0,1.0,1.0,0.9052083189288775,630.0,749.0,120.0,120.0,1908.0,733.5,1526.2266151353306,611.2491819881028,126.0001608806173,465.0,1888.5575324302986,1888.527953059999,10.569948449680624,1.055876489792457,0.8187558650970459,0.9896357655525208,0.0,1.0,0.0,1.0,0.0,1.0
