sequence,label,A_jersey_mode,A_jersey_entropy_mean,A_jersey_conf_mean,A_jersey_coverage,A_team_mode,A_team_consistency,A_team_coverage,A_start_frame,A_end_frame,A_duration,A_n_frames,A_start_x,A_start_y,A_end_x,A_end_y,A_mean_bbox_height,B_jersey_mode,B_jersey_entropy_mean,B_jersey_conf_mean,B_jersey_coverage,B_team_mode,B_team_consistency,B_team_coverage,B_start_frame,B_end_frame,B_duration,B_n_frames,B_start_x,B_start_y,B_end_x,B_end_y,B_mean_bbox_height,pairwise_temporal_gap,pairwise_spatial_distance,pairwise_endpoint_dx,pairwise_endpoint_dy,pairwise_bbox_height_ratio,pairwise_reid_cosine_sim,pairwise_siglip_cosine_sim,pairwise_jersey_match,pairwise_jersey_conflict,pairwise_jersey_both_confident,pairwise_team_match,pairwise_team_conflict,pairwise_team_both_consistent
SNPT-060,0,9.0,0.0032645638333633543,0.9681119024753571,0.057692307692307696,0.0,1.0,0.8557692307692307,0.0,103.0,104.0,104.0,1001.5,516.0,1904.7562689137999,554.7464296508981,101.51156198141634,,1.0,0.0,0.0,1.0,0.9905660377358491,0.7361111111111112,606.0,749.0,144.0,144.0,45.5,558.0,1055.6309760859767,494.98472262633805,89.25461506128156,503.0,1859.2591156735741,-1859.2562689137999,3.253570349101892,1.137325637578732,0.8461756110191345,0.9656744003295898,0.0,0.0,0.0,0.0,1.0,1.0
SNPT-060,0,4.0,0.24117121197869656,0.8149431597441434,0.16129032258064516,0.0,1.0,0.8911290322580645,159.0,464.0,306.0,248.0,19.5,613.5,8.992304163750674,596.3188516725322,96.63602256792903,,1.0,0.0,0.0,1.0,1.0,0.91,650.0,749.0,100.0,100.0,57.5,442.5,783.4260359363057,405.75549353113263,76.01783280759354,186.0,161.28619186154327,48.507695836249326,-153.81885167253222,1.2712283289175264,0.7289371490478516,0.9511222243309021,0.0,0.0,0.0,0.0,1.0,1.0
SNPT-060,0,,1.0,0.0,0.0,1.0,1.0,0.864,170.0,294.0,125.0,125.0,13.0,489.5,4.793031370413237,400.0937568606839,60.51570456859938,8.0,0.20799878778052516,0.9086965971133288,0.23448275862068965,0.0,1.0,0.9241379310344827,605.0,749.0,145.0,145.0,54.5,821.0,666.9293266324069,558.8863315499773,113.98612328525796,311.0,423.83115534844273,49.70696862958676,420.9062431393161,0.5309041383673936,0.5988711714744568,0.9114149808883667,0.0,0.0,0.0,0.0,1.0,1.0
SNPT-060,1,10.0,0.3628765322888891,0.7609962195158004,0.020964360587002098,0.0,0.9908256880733946,0.9140461215932913,0.0,476.0,477.0,477.0,259.0,511.5,17.002605413636367,685.2239740661048,85.27812801599799,8.0,0.20799878778052516,0.9086965971133288,0.23448275862068965,0.0,1.0,0.9241379310344827,605.0,749.0,145.0,145.0,54.5,821.0,666.9293266324069,558.8863315499773,113.98612328525796,129.0,140.85873710624853,37.49739458636363,135.7760259338952,0.7481448228797442,0.923699140548706,0.9921351671218872,0.0,1.0,0.0,1.0,0.0,1.0
SNPT-060,0,4.0,0.24117121197869656,0.8149431597441434,0.16129032258064516,0.0,1.0,0.8911290322580645,159.0,464.0,306.0,248.0,19.5,613.5,8.992304163750674,596.3188516725322,96.63602256792903,8.0,0.20799878778052516,0.9086965971133288,0.23448275862068965,0.0,1.0,0.9241379310344827,605.0,749.0,145.0,145.0,54.5,821.0,666.9293266324069,558.8863315499773,113.98612328525796,141.0,229.24347055930332,45.507695836249326,224.68114832746778,0.8477876059184053,0.9228630065917969,0.9869698882102966,0.0,1.0,0.0,1.0,0.0,1.0
SNPT-060,1,,1.0,0.0,0.0,1.0,1.0,0.9642857142857143,0.0,55.0,56.0,56.0,1726.5,365.5,1906.6658716246436,348.3384072768496,81.27910957055971,,1.0,0.0,0.0,1.0,1.0,0.9680170575692963,281.0,749.0,469.0,469.0,1908.5,426.5,1283.3211966303722,409.290465861638,71.61140284974844,226.0,78.18310945413292,1.8341283753563857,78.16159272315042,1.1350023367241608,0.9432645440101624,0.9847163558006287,0.0,0.0,0.0,1.0,0.0,1.0
SNPT-060,1,,1.0,0.0,0.0,1.0,1.0,0.9411764705882353,406.0,456.0,51.0,51.0,40.5,529.5,8.86332702064093,540.822201917163,95.0528432321432,,1.0,0.0,0.0,1.0,0.8518518518518519,0.9310344827586207,681.0,749.0,69.0,29.0,15.0,666.0,433.3767811368689,557.9211132528628,115.54042727204903,225.0,125.3281288782494,6.136672979359069,125.17779808283694,0.8226803853540701,0.8831387758255005,0.9744545221328735,0.0,0.0,0.0,1.0,0.0,0.0
SNPT-060,0,9.0,0.0032645638333633543,0.9681119024753571,0.057692307692307696,0.0,1.0,0.8557692307692307,0.0,103.0,104.0,104.0,1001.5,516.0,1904.7562689137999,554.7464296508981,101.51156198141634,,1.0,0.0,0.0,1.0,1.0,0.864,170.0,294.0,125.0,125.0,13.0,489.5,4.793031370413237,400.0937568606839,60.51570456859938,67.0,1892.8811049711628,-1891.7562689137999,-65.24642965089811,1.677441627839677,0.5794466733932495,0.9156224727630615,0.0,0.0,0.0,0.0,1.0,1.0
SNPT-060,1,10.0,0.03501455568181296,0.9811250118763892,0.40176600441501104,1.0,1.0,0.8543046357615894,0.0,482.0,483.0,453.0,1279.0,743.5,19.3021239177299,692.7209824720784,105.44981244503698,10.0,0.001349318211956814,0.9998578837473099,0.6460176991150443,1.0,1.0,0.7699115044247787,637.0,749.0,113.0,113.0,38.0,818.5,1071.2976526083917,652.5230982038966,127.92911712979382,155.0,127.16120406899716,18.6978760822701,125.77901752792161,0.8242831249906158,0.9617104530334473,0.9844871163368225,1.0,0.0,1.0,1.0,0.0,1.0
SNPT-060,0,,1.0,0.0,0.0,1.0,1.0,0.864,170.0,294.0,125.0,125.0,13.0,489.5,4.793031370413237,400.0937568606839,60.51570456859938,17.0,0.2670841844192182,0.9279090762138367,0.015151515151515152,0.0,0.9921875,0.9696969696969697,618.0,749.0,132.0,132.0,59.0,571.0,1022.3126323981982,512.2470543901718,96.95753980957383,324.0,179.2967913600353,54.20696862958676,170.90624313931608,0.6241464530499969,0.6091334819793701,0.9274619817733765,0.0,0.0,0.0,0.0,1.0,1.0
SNPT-060,1,,1.0,0.0,0.0,0.0,1.0,0.8661800486618005,56.0,466.0,411.0,411.0,8.5,423.0,11.154101213880523,524.1536549961098,67.82726423707548,17.0,0.2670841844192182,0.9279090762138367,0.015151515151515152,0.0,0.9921875,0.9696969696969697,618.0,749.0,132.0,132.0,59.0,571.0,1022.3126323981982,512.2470543901718,96.95753980957383,152.0,66.96125798456221,47.84589878611948,46.84634500389018,0.6995563663258094,0.9286215305328369,0.9890522956848145,0.0,0.0,0.0,1.0,0.0,1.0
SNPT-060,1,,1.0,0.0,0.0,1.0,1.0,0.8136645962732919,0.0,482.0,483.0,483.0,989.0,370.5,15.335755697352253,393.26956938536847,62.48157725521255,,1.0,0.0,0.0,1.0,1.0,0.91,650.0,749.0,100.0,100.0,57.5,442.5,783.4260359363057,405.75549353113263,76.01783280759354,168.0,64.81866086333018,42.164244302647745,49.23043061463153,0.8219331563076496,0.9424181580543518,0.9906849265098572,0.0,0.0,0.0,1.0,0.0,1.0
SNPT-060,0,10.0,0.0009557500664619335,0.9998980606755903,0.4305555555555556,0.0,1.0,0.9444444444444444,0.0,71.0,72.0,72.0,941.5,941.0,1897.37971675374,993.1809126609758,170.4086390644626,,1.0,0.0,0.0,1.0,1.0,0.9211711711711712,306.0,749.0,444.0,444.0,1908.0,576.5,1750.6448903935725,601.5189993858639,97.1355554957339,235.0,416.8162345593253,10.620283246259987,-416.68091266097576,1.7543384417248407,0.7700079679489136,0.9364625215530396,0.0,0.0,0.0,0.0,1.0,1.0
SNPT-060,1,8.0,0.017127481471768326,0.9965966723181985,0.06547619047619048,1.0,1.0,0.9047619047619048,0.0,167.0,168.0,168.0,1545.0,519.0,1904.4767702773795,579.9500906605274,95.05360639732348,8.0,0.0017539038648890788,0.9888127305928398,0.09826589595375723,1.0,1.0,0.8882466281310212,231.0,749.0,519.0,519.0,1913.0,619.5,1505.6047139347816,545.0790053747068,99.25718525245127,64.0,40.45788889283602,8.5232297226205,39.549909339472606,0.9576496266296854,0.9806243777275085,0.9969847202301025,1.0,0.0,1.0,1.0,0.0,1.0
SNPT-060,0,,1.0,0.0,0.0,1.0,1.0,0.9642857142857143,0.0,55.0,56.0,56.0,1726.5,365.5,1906.6658716246436,348.3384072768496,81.27910957055971,15.0,0.058017853787639656,0.9391837932846763,0.04888888888888889,1.0,1.0,0.9266666666666666,300.0,749.0,450.0,450.0,1905.5,487.0,1773.476787776668,474.83201976389097,83.50777802195037,245.0,138.66649398166086,-1.1658716246436143,138.66159272315042,0.973311845864168,0.9003511071205139,0.990189790725708,0.0,0.0,0.0,1.0,0.0,1.0
SNPT-060,1,,1.0,0.0,0.0,1.0,1.0,0.90625,0.0,31.0,32.0,32.0,1903.0,450.5,1906.1172901723476,440.2776049511095,101.0,15.0,0.058017853787639656,0.9391837932846763,0.04888888888888889,1.0,1.0,0.9266666666666666,300.0,749.0,450.0,450.0,1905.5,487.0,1773.476787776668,474.83201976389097,83.50777802195037,269.0,46.72647264946784,-0.6172901723475661,46.72239504889052,1.2094681764068937,0.9131767749786377,0.9891924262046814,0.0,0.0,0.0,1.0,0.0,1.0
SNPT-060,0,,1.0,0.0,0.0,0.0,0.9811320754716981,0.8851774530271399,0.0,478.0,479.0,479.0,944.5,308.5,15.379287738261091,421.62037539717653,52.400291075714144,,1.0,0.0,0.0,0.0,1.0,0.7894736842105263,655.0,749.0,95.0,95.0,12.5,496.5,626.9823140911814,417.95819391071933,76.61261894313836,177.0,74.93496165702274,-2.879287738261091,74.87962460282347,0.683964231983839,0.933447003364563,0.9848296642303467,0.0,0.0,0.0,1.0,0.0,1.0
SNPT-060,0,,1.0,0.0,0.0,0.0,0.9954648526077098,0.8698224852071006,0.0,506.0,507.0,507.0,654.0,441.0,12.880119989059953,513.5535047674687,79.39453352599656,,1.0,0.0,0.0,1.0,0.8518518518518519,0.9310344827586207,681.0,749.0,69.0,29.0,15.0,666.0,433.3767811368689,557.9211132528628,115.54042727204903,175.0,152.46123376105476,2.1198800109400473,152.44649523253133,0.6871580398353201,0.8269153833389282,0.9462973475456238,0.0,0.0,0.0,0.0,1.0,0.0
SNPT-060,0,,1.0,0.0,0.0,1.0,1.0,0.90625,0.0,31.0,32.0,32.0,1903.0,450.5,1906.1172901723476,440.2776049511095,101.0,,1.0,0.0,0.0,0.0,1.0,0.8661800486618005,56.0,466.0,411.0,411.0,8.5,423.0,11.154101213880523,524.1536549961098,67.82726423707548,25.0,1897.6959439261839,-1897.6172901723476,-17.27760495110948,1.4890767176894593,0.7957253456115723,0.9609639644622803,0.0,0.0,0.0,0.0,1.0,1.0
SNPT-060,0,9.0,0.0032645638333633543,0.9681119024753571,0.057692307692307696,0.0,1.0,0.8557692307692307,0.0,103.0,104.0,104.0,1001.5,516.0,1904.7562689137999,554.7464296508981,101.51156198141634,,1.0,0.0,0.0,0.0,1.0,0.8900414937759336,268.0,749.0,482.0,482.0,1895.5,445.0,1326.462827980612,490.83728539138167,83.19435647072976,165.0,110.13608552751502,-9.256268913799886,-109.74642965089811,1.220173654653259,0.7950080633163452,0.9913546442985535,0.0,0.0,0.0,1.0,0.0,1.0
SNPT-060,0,,1.0,0.0,0.0,0.0,0.9811320754716981,0.8851774530271399,0.0,478.0,479.0,479.0,944.5,308.5,15.379287738261091,421.62037539717653,52.400291075714144,10.0,0.001349318211956814,0.9998578837473099,0.6460176991150443,1.0,1.0,0.7699115044247787,637.0,749.0,113.0,113.0,38.0,818.5,1071.2976526083917,652.5230982038966,127.92911712979382,159.0,397.5237515521638,22.62071226173891,396.87962460282347,0.4096041014849658,0.7577407956123352,0.9221595525741577,0.0,0.0,0.0,0.0,1.0,1.0
SNPT-060,1,4.0,0.24117121197869656,0.8149431597441434,0.16129032258064516,0.0,1.0,0.8911290322580645,159.0,464.0,306.0,248.0,19.5,613.5,8.992304163750674,596.3188516725322,96.63602256792903,,1.0,0.0,0.0,0.0,0.84,0.78125,681.0,749.0,69.0,32.0,14.5,614.0,422.89010964444554,502.81770865793465,99.23544972992977,217.0,18.51911767883543,5.507695836249326,17.68114832746778,0.9738054579379133,0.8868690133094788,0.9321885108947754,0.0,0.0,0.0,1.0,0.0,0.0
SNPT-060,1,9.0,0.0032645638333633543,0.9681119024753571,0.057692307692307696,0.0,1.0,0.8557692307692307,0.0,103.0,104.0,104.0,1001.5,516.0,1904.7562689137999,554.7464296508981,101.51156198141634,,1.0,0.0,0.0,0.0,0.997624703087886,0.9481981981981982,306.0,749.0,444.0,444.0,1874.0,500.5,1793.8647609322343,545.5316351709242,89.44116628886033,203.0,62.35882621865016,-30.756268913799886,-54.24642965089811,1.1349534693406536,0.9752132296562195,0.9931945204734802,0.0,0.0,0.0,1.0,0.0,1.0
SNPT-060,1,4.0,0.24117121197869656,0.8149431597441434,0.16129032258064516,0.0,1.0,0.8911290322580645,159.0,464.0,306.0,248.0,19.5,613.5,8.992304163750674,596.3188516725322,96.63602256792903,,1.0,0.0,0.0,0.0,1.0,0.7142857142857143,736.0,749.0,14.0,14.0,14.5,632.5,286.97033273736827,586.2007771876227,103.23874428368273,272.0,36.59795360015178,5.507695836249326,36.18114832746778,0.9360441493010557,0.9271823167800903,0.9525611400604248,0.0,0.0,0.0,1.0,0.0,1.0
SNPT-060,0,8.0,0.017127481471768326,0.9965966723181985,0.06547619047619048,1.0,1.0,0.9047619047619048,0.0,167.0,168.0,168.0,1545.0,519.0,1904.4767702773795,579.9500906605274,95.05360639732348,,1.0,0.0,0.0,1.0,1.0,0.9680170575692963,281.0,749.0,469.0,469.0,1908.5,426.5,1283.3211966303722,409.290465861638,71.61140284974844,114.0,153.50282310473986,4.023229722620499,-153.4500906605274,1.327352944010332,0.8828880786895752,0.9902575016021729,0.0,0.0,0.0,1.0,0.0,1.0
SNPT-060,0,,1.0,0.0,0.0,0.0,1.0,0.8661800486618005,56.0,466.0,411.0,411.0,8.5,423.0,11.154101213880523,524.1536549961098,67.82726423707548,,1.0,0.0,0.0,1.0,1.0,0.91,650.0,749.0,100.0,100.0,57.5,442.5,783.4260359363057,405.75549353113263,76.01783280759354,184.0,93.8896251378019,46.34589878611948,-81.65365499610982,0.8922546425225124,0.6948180794715881,0.9607813358306885,0.0,0.0,0.0,0.0,1.0,1.0
SNPT-060,0,8.0,0.017127481471768326,0.9965966723181985,0.06547619047619048,1.0,1.0,0.9047619047619048,0.0,167.0,168.0,168.0,1545.0,519.0,1904.4767702773795,579.9500906605274,95.05360639732348,17.0,0.2670841844192182,0.9279090762138367,0.015151515151515152,0.0,0.9921875,0.9696969696969697,618.0,749.0,132.0,132.0,59.0,571.0,1022.3126323981982,512.2470543901718,96.95753980957383,451.0,1845.4984729758678,-1845.4767702773795,-8.950090660527394,0.9803632248096464,0.8414633274078369,0.9778201580047607,0.0,1.0,0.0,0.0,1.0,1.0
SNPT-060,1,,1.0,0.0,0.0,0.0,0.9954648526077098,0.8698224852071006,0.0,506.0,507.0,507.0,654.0,441.0,12.880119989059953,513.5535047674687,79.39453352599656,,1.0,0.0,0.0,0.0,1.0,0.7894736842105263,655.0,749.0,95.0,95.0,12.5,496.5,626.9823140911814,417.95819391071933,76.61261894313836,149.0,17.05774064934039,-0.3801199890599527,-17.053504767468667,1.0363114408727228,0.9324400424957275,0.9697657823562622,0.0,0.0,0.0,1.0,0.0,1.0
SNPT-060,1,10.0,0.0009557500664619335,0.9998980606755903,0.4305555555555556,0.0,1.0,0.9444444444444444,0.0,71.0,72.0,72.0,941.5,941.0,1897.37971675374,993.1809126609758,170.4086390644626,10.0,0.021585600194925718,0.9894901333045374,0.3221343873517787,0.0,0.997716894977169,0.8656126482213439,244.0,749.0,506.0,506.0,1902.5,825.0,1177.5104268965342,693.5773380082167,123.43280805871265,173.0,168.25883835329628,5.120283246259987,-168.18091266097576,1.3805781602522174,0.957690954208374,0.9850541353225708,1.0,0.0,1.0,1.0,0.0,1.0
SNPT-060,0,10.0,0.0009557500664619335,0.9998980606755903,0.4305555555555556,0.0,1.0,0.9444444444444444,0.0,71.0,72.0,72.0,941.5,941.0,1897.37971675374,993.1809126609758,170.4086390644626,10.0,0.001349318211956814,0.9998578837473099,0.6460176991150443,1.0,1.0,0.7699115044247787,637.0,749.0,113.0,113.0,38.0,818.5,1071.2976526083917,652.5230982038966,127.92911712979382,566.0,1867.5669605996166,-1859.37971675374,-174.68091266097576,1.3320551480986933,0.8090589046478271,0.9277031421661377,1.0,0.0,1.0,0.0,1.0,1.0
SNPT-060,0,,1.0,0.0,0.0,0.0,0.9954648526077098,0.8698224852071006,0.0,506.0,507.0,507.0,654.0,441.0,12.880119989059953,513.5535047674687,79.39453352599656,17.0,0.2670841844192182,0.9279090762138367,0.015151515151515152,0.0,0.9921875,0.9696969696969697,618.0,749.0,132.0,132.0,59.0,571.0,1022.3126323981982,512.2470543901718,96.95753980957383,112.0,73.66914650465793,46.11988001094005,57.44649523253133,0.8188587878975551,0.9644500017166138,0.9872158765792847,0.0,0.0,0.0,1.0,0.0,1.0
SNPT-060,0,,1.0,0.0,0.0,0.0,1.0,0.8661800486618005,56.0,466.0,411.0,411.0,8.5,423.0,11.154101213880523,524.1536549961098,67.82726423707548,,1.0,0.0,0.0,1.0,0.9905660377358491,0.7361111111111112,606.0,749.0,144.0,144.0,45.5,558.0,1055.6309760859767,494.98472262633805,89.25461506128156,140.0,48.2204918426671,34.34589878611948,33.84634500389018,0.759930051689829,0.8561829328536987,0.959052562713623,0.0,0.0,0.0,0.0,1.0,1.0
SNPT-060,0,10.0,0.0009557500664619335,0.9998980606755903,0.4305555555555556,0.0,1.0,0.9444444444444444,0.0,71.0,72.0,72.0,941.5,941.0,1897.37971675374,993.1809126609758,170.4086390644626,,1.0,0.0,0.0,1.0,0.8518518518518519,0.9310344827586207,681.0,749.0,69.0,29.0,15.0,666.0,433.3767811368689,557.9211132528628,115.54042727204903,610.0,1910.602195030551,-1882.37971675374,-327.18091266097576,1.4748832342745457,0.8433670401573181,0.9199647903442383,0.0,0.0,0.0,0.0,1.0,0.0
SNPT-060,0,8.0,0.017127481471768326,0.9965966723181985,0.06547619047619048,1.0,1.0,0.9047619047619048,0.0,167.0,168.0,168.0,1545.0,519.0,1904.4767702773795,579.9500906605274,95.05360639732348,,1.0,0.0,0.0,1.0,0.8518518518518519,0.9310344827586207,681.0,749.0,69.0,29.0,15.0,666.0,433.3767811368689,557.9211132528628,115.54042727204903,514.0,1891.4351832180685,-1889.4767702773795,86.0499093394726,0.8226869905328659,0.8500707149505615,0.9763770699501038,0.0,0.0,0.0,1.0,0.0,0.0
SNPT-060,0,25.0,0.001321874780357272,0.9998774766921997,0.14423076923076922,0.0,0.9473684210526315,0.9134615384615384,0.0,103.0,104.0,104.0,949.0,360.0,1908.9278740960135,402.14317784877863,72.81336900683726,15.0,0.058017853787639656,0.9391837932846763,0.04888888888888889,1.0,1.0,0.9266666666666666,300.0,749.0,450.0,450.0,1905.5,487.0,1773.476787776668,474.83201976389097,83.50777802195037,197.0,84.92603008749516,-3.427874096013511,84.85682215122137,0.871935174561799,0.7387967109680176,0.9693789482116699,0.0,1.0,1.0,0.0,1.0,1.0
SNPT-060,1,27.0,0.0194862779420221,0.9918070634206136,0.3655913978494624,1.0,1.0,0.7634408602150538,0.0,278.0,279.0,279.0,982.5,623.5,8.136172424935399,475.6841173375944,86.68413495218982,,1.0,0.0,0.0,1.0,1.0,0.9411764705882353,406.0,456.0,51.0,51.0,40.5,529.5,8.86332702064093,540.822201917163,95.0528432321432,128.0,62.79782290846014,32.363827575064605,53.81588266240561,0.9119573071631863,0.9535990357398987,0.9801151752471924,0.0,0.0,0.0,1.0,0.0,1.0
SNPT-060,0,,1.0,0.0,0.0,1.0,1.0,0.9642857142857143,0.0,55.0,56.0,56.0,1726.5,365.5,1906.6658716246436,348.3384072768496,81.27910957055971,8.0,0.0017539038648890788,0.9888127305928398,0.09826589595375723,1.0,1.0,0.8882466281310212,231.0,749.0,519.0,519.0,1913.0,619.5,1505.6047139347816,545.0790053747068,99.25718525245127,176.0,271.2355628423957,6.334128375356386,271.1615927231504,0.8188738111385486,0.8742588758468628,0.986131489276886,0.0,0.0,0.0,1.0,0.0,1.0
SNPT-060,1,27.0,0.0194862779420221,0.9918070634206136,0.3655913978494624,1.0,1.0,0.7634408602150538,0.0,278.0,279.0,279.0,982.5,623.5,8.136172424935399,475.6841173375944,86.68413495218982,,1.0,0.0,0.0,1.0,0.8518518518518519,0.9310344827586207,681.0,749.0,69.0,29.0,15.0,666.0,433.3767811368689,557.9211132528628,115.54042727204903,403.0,190.43961594833874,6.863827575064601,190.3158826624056,0.7502493888834703,0.918751060962677,0.9588353633880615,0.0,0.0,0.0,1.0,0.0,0.0
SNPT-060,0,,1.0,0.0,0.0,1.0,1.0,0.90625,0.0,31.0,32.0,32.0,1903.0,450.5,1906.1172901723476,440.2776049511095,101.0,,1.0,0.0,0.0,1.0,0.9905660377358491,0.7361111111111112,606.0,749.0,144.0,144.0,45.5,558.0,1055.6309760859767,494.98472262633805,89.25461506128156,575.0,1864.3377544812895,-1860.6172901723476,117.72239504889052,1.1315941470438717,0.9426612854003906,0.987197995185852,0.0,0.0,0.0,1.0,0.0,1.0
SNPT-060,0,14.0,0.36558987725220504,0.8413046002388,0.0055762081784386614,1.0,1.0,0.9200743494423792,0.0,537.0,538.0,538.0,1107.5,421.0,18.016059927979036,559.6792991560302,82.77870650115783,,1.0,0.0,0.0,0.0,1.0,0.7142857142857143,736.0,749.0,14.0,14.0,14.5,632.5,286.97033273736827,586.2007771876227,103.23874428368273,199.0,72.9055357899802,-3.516059927979036,72.8207008439698,0.8018182231439763,0.8001562356948853,0.9495351910591125,0.0,0.0,0.0,0.0,1.0,1.0
SNPT-060,0,10.0,0.0009557500664619335,0.9998980606755903,0.4305555555555556,0.0,1.0,0.9444444444444444,0.0,71.0,72.0,72.0,941.5,941.0,1897.37971675374,993.1809126609758,170.4086390644626,,1.0,0.0,0.0,1.0,1.0,0.9680170575692963,281.0,749.0,469.0,469.0,1908.5,426.5,1283.3211966303722,409.290465861638,71.61140284974844,210.0,566.7900117978029,11.120283246259987,-566.6809126609758,2.379629951140682,0.7312914133071899,0.9204809665679932,0.0,0.0,0.0,0.0,1.0,1.0
SNPT-060,0,,1.0,0.0,0.0,1.0,1.0,0.9411764705882353,406.0,456.0,51.0,51.0,40.5,529.5,8.86332702064093,540.822201917163,95.0528432321432,24.0,0.0745531760966101,0.9617090934309466,0.5132743362831859,0.0,1.0,0.9026548672566371,637.0,749.0,113.0,113.0,35.0,885.5,486.73685198877007,697.4682171885784,136.3409536665471,181.0,345.66734032254607,26.13667297935907,344.67779808283694,0.6971701508309572,0.72474205493927,0.9300829172134399,0.0,0.0,0.0,0.0,1.0,1.0
SNPT-060,0,9.0,0.0032645638333633543,0.9681119024753571,0.057692307692307696,0.0,1.0,0.8557692307692307,0.0,103.0,104.0,104.0,1001.5,516.0,1904.7562689137999,554.7464296508981,101.51156198141634,,1.0,0.0,0.0,1.0,1.0,0.9211711711711712,306.0,749.0,444.0,444.0,1908.0,576.5,1750.6448903935725,601.5189993858639,97.1355554957339,203.0,21.99408134687389,3.243731086200114,21.753570349101892,1.0450505117652271,0.8365206718444824,0.9700862765312195,0.0,0.0,0.0,0.0,1.0,1.0
SNPT-060,1,25.0,0.001321874780357272,0.9998774766921997,0.14423076923076922,0.0,0.9473684210526315,0.9134615384615384,0.0,103.0,104.0,104.0,949.0,360.0,1908.9278740960135,402.14317784877863,72.81336900683726,,1.0,0.0,0.0,0.0,1.0,0.8900414937759336,268.0,749.0,482.0,482.0,1895.5,445.0,1326.462827980612,490.83728539138167,83.19435647072976,165.0,44.91119022737884,-13.427874096013511,42.856822151221365,0.8752200521252324,0.9411827325820923,0.9932204484939575,0.0,0.0,0.0,1.0,0.0,1.0
SNPT-060,0,25.0,0.001321874780357272,0.9998774766921997,0.14423076923076922,0.0,0.9473684210526315,0.9134615384615384,0.0,103.0,104.0,104.0,949.0,360.0,1908.9278740960135,402.14317784877863,72.81336900683726,,1.0,0.0,0.0,0.0,0.997624703087886,0.9481981981981982,306.0,749.0,444.0,444.0,1874.0,500.5,1793.8647609322343,545.5316351709242,89.44116628886033,203.0,104.37442623820243,-34.92787409601351,98.35682215122137,0.8140923472719294,0.8316856622695923,0.9905396103858948,0.0,0.0,0.0,1.0,0.0,1.0
SNPT-060,0,27.0,0.0194862779420221,0.9918070634206136,0.3655913978494624,1.0,1.0,0.7634408602150538,0.0,278.0,279.0,279.0,982.5,623.5,8.136172424935399,475.6841173375944,86.68413495218982,10.0,0.001349318211956814,0.9998578837473099,0.6460176991150443,1.0,1.0,0.7699115044247787,637.0,749.0,113.0,113.0,38.0,818.5,1071.2976526083917,652.5230982038966,127.92911712979382,359.0,344.11419267888016,29.8638275750646,342.8158826624056,0.6775950377601854,0.9167037606239319,0.9697238802909851,0.0,1.0,1.0,1.0,0.0,1.0
SNPT-060,0,,1.0,0.0,0.0,1.0,1.0,0.8136645962732919,0.0,482.0,483.0,483.0,989.0,370.5,15.335755697352253,393.26956938536847,62.48157725521255,24.0,0.0745531760966101,0.9617090934309466,0.5132743362831859,0.0,1.0,0.9026548672566371,637.0,749.0,113.0,113.0,35.0,885.5,486.73685198877007,697.4682171885784,136.3409536665471,155.0,492.6230600845435,19.664244302647745,492.23043061463153,0.45827446247754355,0.6891802549362183,0.9249334335327148,0.0,0.0,0.0,0.0,1.0,1.0
SNPT-060,0,25.0,0.001321874780357272,0.9998774766921997,0.14423076923076922,0.0,0.9473684210526315,0.9134615384615384,0.0,103.0,104.0,104.0,949.0,360.0,1908.9278740960135,402.14317784877863,72.81336900683726,,1.0,0.0,0.0,1.0,0.8518518518518519,0.9310344827586207,681.0,749.0,69.0,29.0,15.0,666.0,433.3767811368689,557.9211132528628,115.54042727204903,578.0,1912.2194473630861,-1893.9278740960135,263.85682215122137,0.6301981975139529,0.8106555342674255,0.9574817419052124,0.0,0.0,0.0,0.0,1.0,0.0
SNPT-060,1,14.0,0.36558987725220504,0.8413046002388,0.0055762081784386614,1.0,1.0,0.9200743494423792,0.0,537.0,538.0,538.0,1107.5,421.0,18.016059927979036,559.6792991560302,82.77870650115783,,1.0,0.0,0.0,1.0,0.9905660377358491,0.7361111111111112,606.0,749.0,144.0,144.0,45.5,558.0,1055.6309760859767,494.98472262633805,89.25461506128156,69.0,27.535195796251084,27.483940072020964,-1.679299156030197,0.9274445522432939,0.9843263626098633,0.9930613040924072,0.0,0.0,0.0,1.0,0.0,1.0
SNPT-060,0,,1.0,0.0,0.0,1.0,1.0,0.9631901840490797,491.0,653.0,163.0,163.0,1897.5,340.5,1901.636402124073,358.21487835394646,67.14424738854616,,1.0,0.0,0.0,0.0,0.84,0.78125,681.0,749.0,69.0,32.0,14.5,614.0,422.89010964444554,502.81770865793465,99.23544972992977,28.0,1904.392246538847,-1887.136402124073,255.78512164605354,0.6766155398225118,0.7913572788238525,0.9399884343147278,0.0,0.0,0.0,0.0,1.0,0.0
SNPT-060,1,24.0,0.00861245844134828,0.9971744132465159,0.43112244897959184,0.0,1.0,0.8520408163265306,81.0,472.0,392.0,392.0,157.0,1059.0,20.105009696201122,751.2865612436243,118.38499476776852,24.0,0.0745531760966101,0.9617090934309466,0.5132743362831859,0.0,1.0,0.9026548672566371,637.0,749.0,113.0,113.0,35.0,885.5,486.73685198877007,697.4682171885784,136.3409536665471,165.0,135.03743139945186,14.894990303798878,134.2134387563757,0.8683010613033119,0.9448421001434326,0.9860152006149292,1.0,0.0,1.0,1.0,0.0,1.0
SNPT-060,0,27.0,0.0194862779420221,0.9918070634206136,0.3655913978494624,1.0,1.0,0.7634408602150538,0.0,278.0,279.0,279.0,982.5,623.5,8.136172424935399,475.6841173375944,86.68413495218982,,1.0,0.0,0.0,0.0,0.997624703087886,0.9481981981981982,306.0,749.0,444.0,444.0,1874.0,500.5,1793.8647609322343,545.5316351709242,89.44116628886033,28.0,1866.0288451911413,1865.8638275750645,24.815882662405613,0.9691749174226288,0.8552865982055664,0.971184492111206,0.0,0.0,0.0,0.0,1.0,1.0
SNPT-060,0,27.0,0.0194862779420221,0.9918070634206136,0.3655913978494624,1.0,1.0,0.7634408602150538,0.0,278.0,279.0,279.0,982.5,623.5,8.136172424935399,475.6841173375944,86.68413495218982,,1.0,0.0,0.0,0.0,1.0,0.7894736842105263,655.0,749.0,95.0,95.0,12.5,496.5,626.9823140911814,417.95819391071933,76.61261894313836,377.0,21.268379395711673,4.363827575064601,20.815882662405613,1.1314602757089731,0.7850843071937561,0.9410216212272644,0.0,0.0,0.0,0.0,1.0,1.0
SNPT-060,0,10.0,0.03501455568181296,0.9811250118763892,0.40176600441501104,1.0,1.0,0.8543046357615894,0.0,482.0,483.0,453.0,1279.0,743.5,19.3021239177299,692.7209824720784,105.44981244503698,,1.0,0.0,0.0,0.0,1.0,0.7142857142857143,736.0,749.0,14.0,14.0,14.5,632.5,286.97033273736827,586.2007771876227,103.23874428368273,254.0,60.41214384561771,-4.802123917729901,-60.22098247207839,1.0214170385032832,0.7761410474777222,0.927463710308075,0.0,0.0,0.0,0.0,1.0,1.0
SNPT-061,0,44.0,0.001872029375734105,0.9997806768668326,0.15833333333333333,0.0,1.0,0.8333333333333334,0.0,163.0,164.0,120.0,496.0,575.0,11.817011132132848,579.6064246948794,104.35906996461536,,1.0,0.0,0.0,0.0,1.0,0.8609271523178808,599.0,749.0,151.0,151.0,7.0,414.5,228.84494166178405,519.4252149447208,101.5416554314937,436.0,165.17667835312878,-4.817011132132848,-165.10642469487937,1.0277463915784046,0.826895534992218,0.9837216138839722,0.0,0.0,0.0,1.0,0.0,1.0
SNPT-061,0,,1.0,0.0,0.0,1.0,1.0,0.9365079365079365,0.0,125.0,126.0,126.0,32.0,318.0,17.042534122808856,318.5421615359696,77.8867025358582,,1.0,0.0,0.0,1.0,1.0,0.85,655.0,714.0,60.0,60.0,7.0,369.5,9.412625859183487,298.09504226876413,78.02101780449385,530.0,51.93798025081447,-10.042534122808856,50.957838464030374,0.9982784732573956,0.5493510961532593,0.9029841423034668,0.0,0.0,0.0,1.0,0.0,1.0
SNPT-061,0,14.0,0.010186885218935654,0.9878937658273949,0.3878048780487805,0.0,1.0,0.8585365853658536,0.0,409.0,410.0,410.0,1353.0,466.0,30.42512421013874,394.72142331857225,97.66039870912735,4.0,0.012850320492621645,0.922017177939415,0.054945054945054944,0.0,1.0,0.9340659340659341,568.0,749.0,182.0,182.0,6.5,438.5,1237.3421778255051,529.6746774594278,98.14682855338033,159.0,49.88963163546326,-23.92512421013874,43.77857668142775,0.9950438557065711,0.8325315117835999,0.9928841590881348,0.0,1.0,1.0,1.0,0.0,1.0
SNPT-061,0,24.0,0.06540962070640591,0.9573770243870584,0.3275862068965517,1.0,1.0,0.8793103448275862,351.0,408.0,58.0,58.0,7.0,968.0,28.001841797062717,949.2123584487938,182.4428761332288,44.0,0.02193381970804554,0.9949813676731927,0.17177914110429449,0.0,1.0,0.9141104294478528,587.0,749.0,163.0,163.0,17.0,717.0,1215.5777721029544,645.4833873268856,116.54342086002525,179.0,232.47283699236496,-11.001841797062717,-232.2123584487938,1.565449810782131,0.8208550810813904,0.9165317416191101,0.0,1.0,1.0,0.0,1.0,1.0
SNPT-061,1,36.0,0.011700022565713605,0.9956147244998387,0.3595166163141994,0.0,1.0,0.8459214501510574,160.0,491.0,332.0,331.0,1910.0,380.0,8.72122421217231,461.64962211345573,95.79416647677739,,1.0,0.0,0.0,0.0,1.0,0.9225806451612903,595.0,749.0,155.0,155.0,7.0,370.0,77.88490493269944,298.93895780360396,81.02945349979369,104.0,91.66578339995684,-1.7212242121723094,-91.64962211345573,1.182214149784699,0.9377514123916626,0.986973762512207,0.0,0.0,0.0,1.0,0.0,1.0
SNPT-061,1,24.0,0.06540962070640591,0.9573770243870584,0.3275862068965517,1.0,1.0,0.8793103448275862,351.0,408.0,58.0,58.0,7.0,968.0,28.001841797062717,949.2123584487938,182.4428761332288,24.0,0.049811855033878694,0.9540182088696679,0.24293785310734464,1.0,1.0,0.9491525423728814,573.0,749.0,177.0,177.0,6.5,815.5,1386.7816101800186,521.0275316229546,115.42999449751682,165.0,135.43014436455655,-21.501841797062717,-133.7123584487938,1.5805499855339038,0.9396045207977295,0.9612176418304443,1.0,0.0,1.0,1.0,0.0,1.0
SNPT-061,0,,1.0,0.0,0.0,1.0,1.0,0.9365079365079365,0.0,125.0,126.0,126.0,32.0,318.0,17.042534122808856,318.5421615359696,77.8867025358582,,1.0,0.0,0.0,0.0,1.0,0.811046511627907,406.0,749.0,344.0,344.0,1910.0,457.0,676.6776278234366,288.9856143220214,84.521154950541,281.0,1898.0143678729962,1892.9574658771912,138.45783846403037,0.9215054217069671,0.6107903718948364,0.9119876027107239,0.0,0.0,0.0,0.0,1.0,1.0
SNPT-061,0,,1.0,0.0,0.0,1.0,1.0,0.9365079365079365,0.0,125.0,126.0,126.0,32.0,318.0,17.042534122808856,318.5421615359696,77.8867025358582,,1.0,0.0,0.0,0.0,1.0,0.8609271523178808,599.0,749.0,151.0,151.0,7.0,414.5,228.84494166178405,519.4252149447208,101.5416554314937,474.0,96.48191153940063,-10.042534122808856,95.95783846403037,0.7670418825149588,0.5737627148628235,0.9164108037948608,0.0,0.0,0.0,0.0,1.0,1.0
SNPT-061,0,50.0,0.0020522106344606616,0.9982890023125542,0.7730061349693251,0.0,1.0,0.803680981595092,0.0,325.0,326.0,326.0,1273.0,765.5,1891.9818439427431,649.4878215675105,157.6457612790239,24.0,0.049811855033878694,0.9540182088696679,0.24293785310734464,1.0,1.0,0.9491525423728814,573.0,749.0,177.0,177.0,6.5,815.5,1386.7816101800186,521.0275316229546,115.42999449751682,248.0,1892.7762221735636,-1885.4818439427431,166.01217843248946,1.365726143930599,0.8303913474082947,0.9098820686340332,0.0,1.0,1.0,0.0,1.0,1.0
SNPT-061,1,10.0,0.04025387481368463,0.9692154278357824,0.15789473684210525,0.0,0.9952380952380953,0.9210526315789473,0.0,227.0,228.0,228.0,672.5,413.0,30.403672795092735,455.5866703711631,91.66351562300719,10.0,0.2068282534222817,0.8998608372428201,0.22916666666666666,0.0,1.0,0.8958333333333334,346.0,393.0,48.0,48.0,12.0,472.0,7.39802913620267,501.0013435014674,105.6238243235781,119.0,24.65953287987612,-18.403672795092735,16.41332962883689,0.8678299257769385,0.9646207094192505,0.9889176487922668,1.0,0.0,0.0,1.0,0.0,1.0
SNPT-061,1,24.0,0.0003488248966823448,0.999972243309021,0.47468354430379744,1.0,1.0,0.879746835443038,0.0,157.0,158.0,158.0,450.5,825.0,8.140362059926021,934.5606411888496,142.4552833956321,24.0,0.049811855033878694,0.9540182088696679,0.24293785310734464,1.0,1.0,0.9491525423728814,573.0,749.0,177.0,177.0,6.5,815.5,1386.7816101800186,521.0275316229546,115.42999449751682,416.0,119.07194072487282,-1.6403620599260211,-119.06064118884956,1.2341270916260563,0.9719328880310059,0.9663082361221313,1.0,0.0,1.0,1.0,0.0,1.0
SNPT-061,0,14.0,0.010186885218935654,0.9878937658273949,0.3878048780487805,0.0,1.0,0.8585365853658536,0.0,409.0,410.0,410.0,1353.0,466.0,30.42512421013874,394.72142331857225,97.66039870912735,24.0,0.049811855033878694,0.9540182088696679,0.24293785310734464,1.0,1.0,0.9491525423728814,573.0,749.0,177.0,177.0,6.5,815.5,1386.7816101800186,521.0275316229546,115.42999449751682,164.0,421.45820927171263,-23.92512421013874,420.77857668142775,0.8460573799232769,0.8776617646217346,0.9696851968765259,0.0,1.0,1.0,0.0,1.0,1.0
SNPT-061,1,14.0,0.010186885218935654,0.9878937658273949,0.3878048780487805,0.0,1.0,0.8585365853658536,0.0,409.0,410.0,410.0,1353.0,466.0,30.42512421013874,394.72142331857225,97.66039870912735,,1.0,0.0,0.0,0.0,1.0,0.8609271523178808,599.0,749.0,151.0,151.0,7.0,414.5,228.84494166178405,519.4252149447208,101.5416554314937,190.0,30.658254024055996,-23.42512421013874,19.77857668142775,0.9617767042907344,0.9681920409202576,0.9915364384651184,0.0,0.0,0.0,1.0,0.0,1.0
SNPT-061,0,4.0,0.15698153689653346,0.9364828352744763,0.25,1.0,1.0,0.8653846153846154,0.0,155.0,156.0,156.0,425.5,552.5,4.896061173117788,757.0017087962054,130.45894545350208,9.0,0.07641909200017989,0.9423826847757611,0.1579861111111111,1.0,0.9607476635514018,0.9288194444444444,168.0,749.0,582.0,576.0,1910.5,481.5,243.0505328722656,320.7897003133651,98.0915911755716,13.0,1925.416205193609,1905.6039388268823,-275.50170879620543,1.3299707333730268,0.9561076164245605,0.9866544008255005,0.0,1.0,0.0,1.0,0.0,1.0
SNPT-061,0,10.0,0.04025387481368463,0.9692154278357824,0.15789473684210525,0.0,0.9952380952380953,0.9210526315789473,0.0,227.0,228.0,228.0,672.5,413.0,30.403672795092735,455.5866703711631,91.66351562300719,24.0,0.06540962070640591,0.9573770243870584,0.3275862068965517,1.0,1.0,0.8793103448275862,351.0,408.0,58.0,58.0,7.0,968.0,28.001841797062717,949.2123584487938,182.4428761332288,124.0,512.9475141587205,-23.403672795092735,512.4133296288369,0.502423101223585,0.7879087924957275,0.9263134002685547,0.0,1.0,1.0,0.0,1.0,1.0
SNPT-061,0,4.0,0.15698153689653346,0.9364828352744763,0.25,1.0,1.0,0.8653846153846154,0.0,155.0,156.0,156.0,425.5,552.5,4.896061173117788,757.0017087962054,130.45894545350208,44.0,0.02193381970804554,0.9949813676731927,0.17177914110429449,0.0,1.0,0.9141104294478528,587.0,749.0,163.0,163.0,17.0,717.0,1215.5777721029544,645.4833873268856,116.54342086002525,432.0,41.79284677718576,12.103938826882212,-40.001708796205435,1.1194020605435129,0.8238651156425476,0.9478799104690552,0.0,1.0,0.0,0.0,1.0,1.0
SNPT-061,1,44.0,0.001872029375734105,0.9997806768668326,0.15833333333333333,0.0,1.0,0.8333333333333334,0.0,163.0,164.0,120.0,496.0,575.0,11.817011132132848,579.6064246948794,104.35906996461536,44.0,0.02193381970804554,0.9949813676731927,0.17177914110429449,0.0,1.0,0.9141104294478528,587.0,749.0,163.0,163.0,17.0,717.0,1215.5777721029544,645.4833873268856,116.54342086002525,424.0,137.49130121112495,5.182988867867152,137.39357530512063,0.8954522631522552,0.9866207242012024,0.997344434261322,1.0,0.0,1.0,1.0,0.0,1.0
SNPT-061,1,4.0,0.023735844190607605,0.9805661209963805,0.607645875251509,0.0,1.0,0.8832997987927566,0.0,496.0,497.0,497.0,551.0,631.5,15.646761955894505,525.3281711495049,129.9887648300295,4.0,0.012850320492621645,0.922017177939415,0.054945054945054944,0.0,1.0,0.9340659340659341,568.0,749.0,182.0,182.0,6.5,438.5,1237.3421778255051,529.6746774594278,98.14682855338033,72.0,87.308616753706,-9.146761955894505,-86.8281711495049,1.324431637231466,0.9251272678375244,0.9851174354553223,1.0,0.0,1.0,1.0,0.0,1.0
SNPT-061,0,17.0,0.268913201345047,0.8975373816031676,0.10317460317460317,1.0,0.9978947368421053,0.9424603174603174,0.0,512.0,513.0,504.0,1243.0,383.5,20.394784196700066,363.8981736185049,103.71769748040089,4.0,0.012850320492621645,0.922017177939415,0.054945054945054944,0.0,1.0,0.9340659340659341,568.0,749.0,182.0,182.0,6.5,438.5,1237.3421778255051,529.6746774594278,98.14682855338033,56.0,75.8847647906192,-13.894784196700066,74.60182638149507,1.0567605597565555,0.7301133871078491,0.9697589874267578,0.0,1.0,0.0,0.0,1.0,1.0
SNPT-061,1,24.0,0.0003488248966823448,0.999972243309021,0.47468354430379744,1.0,1.0,0.879746835443038,0.0,157.0,158.0,158.0,450.5,825.0,8.140362059926021,934.5606411888496,142.4552833956321,24.0,0.06540962070640591,0.9573770243870584,0.3275862068965517,1.0,1.0,0.8793103448275862,351.0,408.0,58.0,58.0,7.0,968.0,28.001841797062717,949.2123584487938,182.4428761332288,194.0,33.45879769699717,-1.1403620599260211,33.43935881115044,0.7808212982325724,0.971037745475769,0.9751061201095581,1.0,0.0,1.0,1.0,0.0,1.0
SNPT-061,0,8.0,0.014057504679493247,0.9882088121440675,0.47058823529411764,0.0,1.0,0.8126361655773421,0.0,490.0,491.0,459.0,1524.5,571.5,11.959790469056749,478.5263039690403,116.44467041811275,,1.0,0.0,0.0,0.0,1.0,0.8609271523178808,599.0,749.0,151.0,151.0,7.0,414.5,228.84494166178405,519.4252149447208,101.5416554314937,109.0,64.2181214411703,-4.959790469056749,-64.02630396904033,1.146767500719678,0.927175760269165,0.9906177520751953,0.0,0.0,0.0,1.0,0.0,1.0
SNPT-061,0,17.0,0.268913201345047,0.8975373816031676,0.10317460317460317,1.0,0.9978947368421053,0.9424603174603174,0.0,512.0,513.0,504.0,1243.0,383.5,20.394784196700066,363.8981736185049,103.71769748040089,,1.0,0.0,0.0,0.0,1.0,0.926829268292683,586.0,749.0,164.0,164.0,7.0,404.5,416.62808084657684,382.13408466716726,87.94830891830063,74.0,42.754281062710376,-13.394784196700066,40.60182638149507,1.1793029195905198,0.8359992504119873,0.9678084850311279,0.0,0.0,0.0,0.0,1.0,1.0
SNPT-061,0,,1.0,0.0,0.0,1.0,0.96398891966759,0.878345498783455,0.0,410.0,411.0,411.0,1301.5,260.5,13.241046796253677,378.86255675789477,71.20077734902915,,1.0,0.0,0.0,0.0,1.0,0.8609271523178808,599.0,749.0,151.0,151.0,7.0,414.5,228.84494166178405,519.4252149447208,101.5416554314937,189.0,36.17980135306578,-6.241046796253677,35.637443242105235,0.7011977207429478,0.8005171418190002,0.9582963585853577,0.0,0.0,0.0,0.0,1.0,1.0
SNPT-061,0,17.0,0.268913201345047,0.8975373816031676,0.10317460317460317,1.0,0.9978947368421053,0.9424603174603174,0.0,512.0,513.0,504.0,1243.0,383.5,20.394784196700066,363.8981736185049,103.71769748040089,44.0,0.02193381970804554,0.9949813676731927,0.17177914110429449,0.0,1.0,0.9141104294478528,587.0,749.0,163.0,163.0,17.0,717.0,1215.5777721029544,645.4833873268856,116.54342086002525,75.0,353.11814503603415,-3.3947841967000656,353.1018263814951,0.8899489710789532,0.7572818994522095,0.9661630392074585,0.0,1.0,0.0,0.0,1.0,1.0
SNPT-061,0,3.0,0.006587403826415539,0.9993552565574646,0.005263157894736842,1.0,1.0,0.8842105263157894,0.0,251.0,252.0,190.0,488.5,418.0,6.999992312210754,572.7779341248579,97.99757731932935,44.0,0.02193381970804554,0.9949813676731927,0.17177914110429449,0.0,1.0,0.9141104294478528,587.0,749.0,163.0,163.0,17.0,717.0,1215.5777721029544,645.4833873268856,116.54342086002525,336.0,144.56833830078313,10.000007687789246,144.2220658751421,0.8408675204156704,0.752623438835144,0.9576740264892578,0.0,1.0,1.0,0.0,1.0,1.0
SNPT-061,1,25.0,0.03494960299042903,0.9839788713762837,0.24031007751937986,1.0,1.0,0.8023255813953488,155.0,412.0,258.0,258.0,1911.5,465.5,26.440556531614853,307.6096958036216,91.61333573132795,,1.0,0.0,0.0,1.0,1.0,0.85,655.0,714.0,60.0,60.0,7.0,369.5,9.412625859183487,298.09504226876413,78.02101780449385,243.0,64.87175804446159,-19.440556531614853,61.890304196378395,1.1742135428288556,0.8928498029708862,0.9740369319915771,0.0,0.0,0.0,1.0,0.0,1.0
SNPT-061,0,3.0,0.006587403826415539,0.9993552565574646,0.005263157894736842,1.0,1.0,0.8842105263157894,0.0,251.0,252.0,190.0,488.5,418.0,6.999992312210754,572.7779341248579,97.99757731932935,10.0,0.04746545349465926,0.9812607027235485,0.2892561983471074,1.0,1.0,0.9476584022038568,387.0,749.0,363.0,363.0,1908.0,786.0,1584.3699581619758,645.8972438585868,126.71949439171318,136.0,1912.920457992187,1901.0000076877893,213.2220658751421,0.7733425530913253,0.8653113842010498,0.9894901514053345,0.0,1.0,1.0,1.0,0.0,1.0
SNPT-061,0,27.0,0.004241350988438951,0.9971348484357198,0.18404907975460122,0.0,1.0,0.9141104294478528,0.0,162.0,163.0,163.0,594.5,502.5,20.919353735600836,557.4797608343714,111.6597207763024,,1.0,0.0,0.0,0.0,1.0,0.9225806451612903,595.0,749.0,155.0,155.0,7.0,370.0,77.88490493269944,298.93895780360396,81.02945349979369,433.0,187.9957689176272,-13.919353735600836,-187.4797608343714,1.3780139931042075,0.8224442005157471,0.9766286015510559,0.0,0.0,0.0,1.0,0.0,1.0
SNPT-061,0,50.0,0.0020522106344606616,0.9982890023125542,0.7730061349693251,0.0,1.0,0.803680981595092,0.0,325.0,326.0,326.0,1273.0,765.5,1891.9818439427431,649.4878215675105,157.6457612790239,,1.0,0.0,0.0,0.0,1.0,0.926829268292683,586.0,749.0,164.0,164.0,7.0,404.5,416.62808084657684,382.13408466716726,87.94830891830063,261.0,1900.8354964883674,-1884.9818439427431,-244.98782156751054,1.7924820069646656,0.8275625109672546,0.9223947525024414,0.0,0.0,0.0,1.0,0.0,1.0
SNPT-061,1,8.0,0.014057504679493247,0.9882088121440675,0.47058823529411764,0.0,1.0,0.8126361655773421,0.0,490.0,491.0,459.0,1524.5,571.5,11.959790469056749,478.5263039690403,116.44467041811275,,1.0,0.0,0.0,0.0,1.0,0.926829268292683,586.0,749.0,164.0,164.0,7.0,404.5,416.62808084657684,382.13408466716726,87.94830891830063,96.0,74.19227184022405,-4.959790469056749,-74.02630396904033,1.32401261434468,0.9412265419960022,0.985753059387207,0.0,0.0,0.0,1.0,0.0,1.0
SNPT-062,0,8.0,0.01794997023898759,0.9917494029533572,0.19838709677419356,0.0,1.0,0.8887096774193548,0.0,628.0,629.0,620.0,1262.0,421.0,1911.0692398747376,460.0459550835862,93.451781551462,,1.0,0.0,0.0,1.0,1.0,0.8409090909090909,706.0,749.0,44.0,44.0,1904.5,431.5,1871.0254393290516,447.9486294280632,111.61657748736492,78.0,29.292088764134984,-6.569239874737605,-28.545955083586193,0.8372571857620417,0.7579621076583862,0.9447924494743347,0.0,0.0,0.0,0.0,1.0,1.0
SNPT-062,0,24.0,0.0452635761743295,0.9740845852119978,0.3028169014084507,1.0,0.9962121212121212,0.9295774647887324,0.0,283.0,284.0,284.0,1443.0,741.5,12.286844353080319,832.2635491468031,140.20413925808214,50.0,0.0023127619050986445,0.9872464798390865,0.3137254901960784,0.0,1.0,0.8823529411764706,699.0,749.0,51.0,51.0,1895.0,836.0,1646.6793107331864,896.2889074063012,173.1519661687442,416.0,1882.716863341634,1882.7131556469196,3.7364508531968568,0.8097172810700113,0.815687894821167,0.9411400556564331,0.0,1.0,1.0,0.0,1.0,1.0
SNPT-062,1,50.0,0.0018102398850074948,0.9964097239328235,0.6013513513513513,0.0,0.9982363315696648,0.9577702702702703,0.0,591.0,592.0,592.0,1675.0,569.0,1907.9836579968864,1000.1984763636394,143.11121653168786,50.0,0.0023127619050986445,0.9872464798390865,0.3137254901960784,0.0,1.0,0.8823529411764706,699.0,749.0,51.0,51.0,1895.0,836.0,1646.6793107331864,896.2889074063012,173.1519661687442,108.0,164.7110045355828,-12.98365799688645,-164.19847636363943,0.8265064480539579,0.9625526666641235,0.951496958732605,1.0,0.0,1.0,1.0,0.0,1.0
SNPT-062,0,,1.0,0.0,0.0,0.0,1.0,0.9,0.0,9.0,10.0,10.0,76.5,292.5,7.39769036333946,302.0057050633817,81.39844881063425,,1.0,0.0,0.0,1.0,1.0,0.8409090909090909,706.0,749.0,44.0,44.0,1904.5,431.5,1871.0254393290516,447.9486294280632,111.61657748736492,697.0,1901.5167487166354,1897.1023096366605,129.4942949366183,0.7292684531547172,0.7689312100410461,0.94677734375,0.0,0.0,0.0,0.0,1.0,1.0
SNPT-062,0,8.0,0.01794997023898759,0.9917494029533572,0.19838709677419356,0.0,1.0,0.8887096774193548,0.0,628.0,629.0,620.0,1262.0,421.0,1911.0692398747376,460.0459550835862,93.451781551462,,1.0,0.0,0.0,0.0,1.0,0.8064516129032258,719.0,749.0,31.0,31.0,1907.5,628.0,1891.3109923250763,605.2084603960614,136.5611197980605,91.0,167.99196610870462,-3.5692398747376046,167.9540449164138,0.6843220214483716,0.8899941444396973,0.9703289270401001,0.0,0.0,0.0,1.0,0.0,1.0
SNPT-062,0,24.0,0.0452635761743295,0.9740845852119978,0.3028169014084507,1.0,0.9962121212121212,0.9295774647887324,0.0,283.0,284.0,284.0,1443.0,741.5,12.286844353080319,832.2635491468031,140.20413925808214,,1.0,0.0,0.0,0.0,1.0,0.9285714285714286,666.0,749.0,84.0,84.0,1906.505882521663,477.4880071215976,1183.1244028529363,505.2439214372938,116.52071056772077,383.0,1927.1563117141245,1894.2190381685825,-354.77554202520554,1.2032551001016834,0.8467460870742798,0.8942722082138062,0.0,0.0,0.0,0.0,1.0,1.0
SNPT-062,0,8.0,0.01794997023898759,0.9917494029533572,0.19838709677419356,0.0,1.0,0.8887096774193548,0.0,628.0,629.0,620.0,1262.0,421.0,1911.0692398747376,460.0459550835862,93.451781551462,,1.0,0.0,0.0,1.0,1.0,0.875,637.0,660.0,24.0,24.0,15.5,503.5,7.429215568479489,489.27816165076024,119.16719475555267,9.0,1896.067244899001,-1895.5692398747376,43.45404491641381,0.7842072790515828,0.854758620262146,0.9396868944168091,0.0,0.0,0.0,0.0,1.0,1.0
SNPT-062,1,5.0,0.010190397990909632,0.9915359506140584,0.15699658703071673,0.0,1.0,0.8242320819112628,0.0,585.0,586.0,586.0,1546.0,454.0,1903.7243909307836,544.3328442797288,103.21358054773954,,1.0,0.0,0.0,0.0,1.0,0.8064516129032258,719.0,749.0,31.0,31.0,1907.5,628.0,1891.3109923250763,605.2084603960614,136.5611197980605,134.0,83.75230247678965,3.7756090692164435,83.66715572027124,0.7558050248882436,0.965756893157959,0.9700373411178589,0.0,0.0,0.0,1.0,0.0,1.0
SNPT-062,0,44.0,0.001657564833956051,0.9997509279671837,0.11929824561403508,0.0,1.0,0.8912280701754386,0.0,284.0,285.0,285.0,825.5,517.0,21.29862101408401,908.5911877516637,137.43198033460868,,1.0,0.0,0.0,1.0,0.9948717948717949,0.8478260869565217,520.0,749.0,230.0,230.0,13.5,327.5,385.16894058407905,367.23824575608273,71.26328266538454,236.0,581.1435166741178,-7.798621014084009,-581.0911877516637,1.9285103800216175,0.7249829769134521,0.9486013650894165,0.0,0.0,0.0,0.0,1.0,1.0
SNPT-062,1,,1.0,0.0,0.0,1.0,1.0,0.8205128205128205,128.0,283.0,156.0,156.0,13.0,576.0,6.111817436618024,369.91702089189675,92.06078893236632,3.0,0.07131399326449768,0.983769436677297,0.06741573033707865,1.0,1.0,0.7359550561797753,562.0,739.0,178.0,178.0,17.0,416.0,9.561818660412268,439.0183426245083,98.33296631975799,279.0,47.35180548840155,10.888182563381976,46.082979108103245,0.9362149071452205,0.9704902172088623,0.9756811857223511,0.0,0.0,0.0,1.0,0.0,1.0
SNPT-062,1,9.0,0.10126190776252376,0.9366990334176003,0.07496012759170653,1.0,1.0,0.8676236044657097,0.0,626.0,627.0,627.0,1406.5,390.5,1904.5322759731475,446.13095817309886,92.63539619526026,,1.0,0.0,0.0,1.0,1.0,0.8409090909090909,706.0,749.0,44.0,44.0,1904.5,431.5,1871.0254393290516,447.9486294280632,111.61657748736492,80.0,14.630993773541528,-0.03227597314753439,-14.630958173098861,0.8299429912706887,0.8779293298721313,0.9777715802192688,0.0,0.0,0.0,1.0,0.0,1.0
SNPT-062,0,9.0,0.10126190776252376,0.9366990334176003,0.07496012759170653,1.0,1.0,0.8676236044657097,0.0,626.0,627.0,627.0,1406.5,390.5,1904.5322759731475,446.13095817309886,92.63539619526026,,1.0,0.0,0.0,0.0,1.0,0.8064516129032258,719.0,749.0,31.0,31.0,1907.5,628.0,1891.3109923250763,605.2084603960614,136.5611197980605,93.0,181.89325375322383,2.9677240268524656,181.86904182690114,0.6783438531570675,0.8001788854598999,0.9389277696609497,0.0,0.0,0.0,0.0,1.0,1.0
SNPT-062,0,,1.0,0.0,0.0,1.0,1.0,0.9710144927536232,0.0,137.0,138.0,138.0,1776.5,298.0,1909.989086987138,341.36140111384583,90.67876717440163,,1.0,0.0,0.0,1.0,0.9948717948717949,0.8478260869565217,520.0,749.0,230.0,230.0,13.5,327.5,385.16894058407905,367.23824575608273,71.26328266538454,383.0,1896.5397426635034,-1896.489086987138,-13.86140111384583,1.2724472376634985,0.756342351436615,0.9464386701583862,0.0,0.0,0.0,1.0,0.0,1.0
SNPT-062,1,,1.0,0.0,0.0,0.0,1.0,0.9285714285714286,666.0,749.0,84.0,84.0,1906.505882521663,477.4880071215976,1183.1244028529363,505.2439214372938,116.52071056772077,8.0,0.01794997023898759,0.9917494029533572,0.19838709677419356,0.0,1.0,0.8887096774193548,0.0,628.0,629.0,620.0,1262.0,421.0,1911.0692398747376,460.0459550835862,93.451781551462,38.0,18.029126701772302,-4.563357353074707,17.44205203801141,1.2468538173727075,0.9840232133865356,0.9448957443237305,0.0,0.0,0.0,1.0,0.0,1.0
SNPT-062,1,,1.0,0.0,0.0,0.0,1.0,0.9,0.0,9.0,10.0,10.0,76.5,292.5,7.39769036333946,302.0057050633817,81.39844881063425,,1.0,0.0,0.0,0.0,0.9958333333333333,0.7523510971786834,112.0,749.0,638.0,638.0,14.5,434.0,1097.8750987639055,417.0491338274078,71.0124164059194,103.0,132.1852363087118,7.10230963666054,131.9942949366183,1.1462565693490343,0.9491028785705566,0.9822762608528137,0.0,0.0,0.0,1.0,0.0,1.0
SNPT-062,0,,1.0,0.0,0.0,1.0,1.0,0.8728323699421965,149.0,321.0,173.0,173.0,20.0,418.5,7.2621238013075615,295.2922690659327,67.3133276981509,3.0,0.07131399326449768,0.983769436677297,0.06741573033707865,1.0,1.0,0.7359550561797753,562.0,739.0,178.0,178.0,17.0,416.0,9.561818660412268,439.0183426245083,98.33296631975799,241.0,121.0998866230363,9.737876198692438,120.70773093406729,0.6845448705296067,0.8053581714630127,0.9544727206230164,0.0,0.0,0.0,1.0,0.0,1.0
SNPT-062,0,5.0,0.010190397990909632,0.9915359506140584,0.15699658703071673,0.0,1.0,0.8242320819112628,0.0,585.0,586.0,586.0,1546.0,454.0,1903.7243909307836,544.3328442797288,103.21358054773954,,1.0,0.0,0.0,1.0,1.0,0.875,637.0,660.0,24.0,24.0,15.5,503.5,7.429215568479489,489.27816165076024,119.16719475555267,52.0,1888.665844366838,-1888.2243909307836,-40.83284427972876,0.8661241104102624,0.8243693113327026,0.9400412440299988,0.0,0.0,0.0,0.0,1.0,1.0
SNPT-062,0,,1.0,0.0,0.0,1.0,1.0,0.8205128205128205,128.0,283.0,156.0,156.0,13.0,576.0,6.111817436618024,369.91702089189675,92.06078893236632,,1.0,0.0,0.0,0.0,1.0,0.8064516129032258,719.0,749.0,31.0,31.0,1907.5,628.0,1891.3109923250763,605.2084603960614,136.5611197980605,436.0,1918.8235575208562,1901.388182563382,258.08297910810325,0.6741361601933334,0.7474461793899536,0.9460278749465942,0.0,0.0,0.0,0.0,1.0,1.0
SNPT-062,0,,1.0,0.0,0.0,0.0,1.0,0.9,0.0,9.0,10.0,10.0,76.5,292.5,7.39769036333946,302.0057050633817,81.39844881063425,,1.0,0.0,0.0,1.0,0.9948717948717949,0.8478260869565217,520.0,749.0,230.0,230.0,13.5,327.5,385.16894058407905,367.23824575608273,71.26328266538454,511.0,26.214447490209704,6.10230963666054,25.494294936618303,1.142221432498966,0.7987328767776489,0.9624795913696289,0.0,0.0,0.0,0.0,1.0,1.0
SNPT-062,1,,1.0,0.0,0.0,1.0,1.0,0.813953488372093,225.0,267.0,43.0,43.0,18.5,491.5,8.752736597203874,448.48255053036354,92.90949236201611,,1.0,0.0,0.0,1.0,1.0,0.875,637.0,660.0,24.0,24.0,15.5,503.5,7.429215568479489,489.27816165076024,119.16719475555267,370.0,55.42964287789263,6.747263402796126,55.01744946963646,0.7796566207050614,0.9391791820526123,0.9633593559265137,0.0,0.0,0.0,1.0,0.0,1.0
SNPT-062,0,,1.0,0.0,0.0,0.0,1.0,0.9285714285714286,666.0,749.0,84.0,84.0,1906.505882521663,477.4880071215976,1183.1244028529363,505.2439214372938,116.52071056772077,,1.0,0.0,0.0,1.0,1.0,0.9710144927536232,0.0,137.0,138.0,138.0,1776.5,298.0,1909.989086987138,341.36140111384583,90.67876717440163,529.0,136.1711627935151,-3.4832044654751826,136.12660600775177,1.2849834001780986,0.706452488899231,0.9335983991622925,0.0,0.0,0.0,0.0,1.0,1.0
SNPT-062,0,50.0,0.0018102398850074948,0.9964097239328235,0.6013513513513513,0.0,0.9982363315696648,0.9577702702702703,0.0,591.0,592.0,592.0,1675.0,569.0,1907.9836579968864,1000.1984763636394,143.11121653168786,,1.0,0.0,0.0,0.0,1.0,0.8064516129032258,719.0,749.0,31.0,31.0,1907.5,628.0,1891.3109923250763,605.2084603960614,136.5611197980605,128.0,372.19879061124396,-0.48365799688644984,-372.19847636363943,1.047964579840245,0.8522497415542603,0.9460631012916565,0.0,0.0,0.0,1.0,0.0,1.0
SNPT-062,0,15.0,0.17264980245211822,0.9016977488994599,0.015384615384615385,0.0,1.0,0.86,0.0,649.0,650.0,650.0,1184.5,355.5,1911.9904765108413,379.5238484280593,86.39935799694557,,1.0,0.0,0.0,1.0,1.0,0.8409090909090909,706.0,749.0,44.0,44.0,1904.5,431.5,1871.0254393290516,447.9486294280632,111.61657748736492,57.0,52.51311808099781,-7.49047651084129,51.976151571940704,0.77407281195955,0.724228024482727,0.9514420032501221,0.0,0.0,0.0,0.0,1.0,1.0
SNPT-062,1,,1.0,0.0,0.0,1.0,1.0,0.8728323699421965,149.0,321.0,173.0,173.0,20.0,418.5,7.2621238013075615,295.2922690659327,67.3133276981509,,1.0,0.0,0.0,1.0,0.9948717948717949,0.8478260869565217,520.0,749.0,230.0,230.0,13.5,327.5,385.16894058407905,367.23824575608273,71.26328266538454,199.0,32.80623464208425,6.2378761986924385,32.207730934067285,0.944572368553655,0.9514174461364746,0.9891932606697083,0.0,0.0,0.0,1.0,0.0,1.0
SNPT-063,0,10.0,0.19886334699913277,0.8985038924217225,0.07575757575757576,1.0,1.0,0.9424242424242424,0.0,329.0,330.0,330.0,773.0,629.5,1911.1349152405458,948.3584880838041,142.1300595084623,,1.0,0.0,0.0,0.0,1.0,1.0,727.0,749.0,23.0,23.0,97.0,354.5,511.65658400939094,384.14957294119654,72.54523180474465,398.0,1908.8618060414965,-1814.1349152405458,-593.8584880838041,1.9591922993782014,0.704771876335144,0.929161548614502,0.0,0.0,0.0,0.0,1.0,1.0
SNPT-063,0,44.0,0.0629374532246503,0.983515982274656,0.12980769230769232,0.0,1.0,0.8365384615384616,0.0,207.0,208.0,208.0,1396.0,564.0,10.729096143507386,571.294854750437,105.32433256226493,,1.0,0.0,0.0,1.0,1.0,0.8968253968253969,624.0,749.0,126.0,126.0,1911.5,405.5,1457.7827955801663,410.8472783411712,80.84467197171601,417.0,1907.9879357084903,1900.7709038564926,-165.79485475043703,1.3027986878234012,0.8383106589317322,0.9404640793800354,0.0,0.0,0.0,0.0,1.0,1.0
SNPT-063,1,10.0,0.19886334699913277,0.8985038924217225,0.07575757575757576,1.0,1.0,0.9424242424242424,0.0,329.0,330.0,330.0,773.0,629.5,1911.1349152405458,948.3584880838041,142.1300595084623,10.0,0.0409180618687401,0.9769235430728822,0.6774193548387096,1.0,1.0,0.9354838709677419,626.0,749.0,124.0,124.0,1895.0,954.5,947.8237306238125,752.9455596172318,174.44621791528687,297.0,17.264230606556776,-16.13491524054575,6.1415119161958955,0.8147500198455567,0.8764559030532837,0.943967342376709,1.0,0.0,0.0,1.0,0.0,1.0
SNPT-063,0,36.0,0.028504596800155203,0.99150239450987,0.06646058732612056,0.0,0.962432915921288,0.8639876352395672,0.0,674.0,675.0,647.0,1257.0,520.5,9.71050786871631,350.1867895466311,84.51397495402708,,1.0,0.0,0.0,1.0,1.0,0.8,740.0,749.0,10.0,10.0,7.5,422.0,68.76021983738434,423.4993353370106,77.79869544318476,66.0,71.84722361133736,-2.2105078687163093,71.81321045336892,1.0863160940243066,0.7047430872917175,0.9704136252403259,0.0,0.0,0.0,0.0,1.0,1.0
SNPT-063,1,,1.0,0.0,0.0,1.0,1.0,0.7989949748743719,0.0,198.0,199.0,199.0,1359.0,493.0,17.215802824602925,501.0153405576995,103.14505140598378,17.0,0.11035061779740517,0.9462549371131952,0.42073170731707316,1.0,1.0,0.8536585365853658,313.0,643.0,331.0,328.0,8.5,591.5,36.97364587748987,444.1988062686091,91.53269869483368,115.0,90.90345875304446,-8.715802824602925,90.48465944230048,1.1268656215399615,0.9189729690551758,0.9626553058624268,0.0,0.0,0.0,1.0,0.0,1.0
SNPT-063,0,10.0,0.03012194991312222,0.9763419670382822,0.5404255319148936,0.0,1.0,0.8127659574468085,0.0,234.0,235.0,235.0,1706.0,634.0,18.83148997917005,507.8551434455401,114.61156497797593,,1.0,0.0,0.0,1.0,1.0,0.8666666666666667,735.0,749.0,15.0,15.0,9.0,440.5,174.36631919346337,447.2440765392708,81.66671937818164,501.0,68.06888822200493,-9.831489979170051,-67.35514344554008,1.4034060122732928,0.7220114469528198,0.9433051943778992,0.0,0.0,0.0,0.0,1.0,1.0
SNPT-063,1,15.0,0.0005760149624896285,0.9999492999279138,0.13095238095238096,0.0,1.0,0.8928571428571429,179.0,430.0,252.0,252.0,1906.0,473.0,1912.3816834723848,429.3723178204804,87.91023842341762,,1.0,0.0,0.0,0.0,1.0,0.7985611510791367,611.0,749.0,139.0,139.0,1902.0,367.5,1085.9361001708396,410.4210349922752,88.19317081370782,181.0,62.737254197162045,-10.381683472384793,-61.87231782048042,0.9967919013719572,0.9712892174720764,0.9959375262260437,0.0,0.0,0.0,1.0,0.0,1.0
SNPT-063,1,44.0,0.0629374532246503,0.983515982274656,0.12980769230769232,0.0,1.0,0.8365384615384616,0.0,207.0,208.0,208.0,1396.0,564.0,10.729096143507386,571.294854750437,105.32433256226493,44.0,0.015098230442814428,0.9924496217207475,0.5481727574750831,0.0,1.0,0.8737541528239202,319.0,619.0,301.0,301.0,12.0,602.5,10.59302037817509,585.8527373663921,105.83625068031712,112.0,31.2310148195471,1.2709038564926143,31.205145249562975,0.9951631117432678,0.9750418663024902,0.9756602048873901,1.0,0.0,1.0,1.0,0.0,1.0
SNPT-063,0,14.0,0.019336968168109554,0.9872609461253544,0.16084977238239756,0.0,1.0,0.849772382397572,0.0,658.0,659.0,659.0,1293.5,388.5,15.997411350010708,399.9195124593454,84.26819145925649,,1.0,0.0,0.0,1.0,1.0,0.8666666666666667,735.0,749.0,15.0,15.0,9.0,440.5,174.36631919346337,447.2440765392708,81.66671937818164,77.0,41.1793605418841,-6.997411350010708,40.58048754065459,1.0318547396158766,0.725034236907959,0.9551024436950684,0.0,0.0,0.0,0.0,1.0,1.0
SNPT-063,0,,1.0,0.0,0.0,1.0,1.0,0.7989949748743719,0.0,198.0,199.0,199.0,1359.0,493.0,17.215802824602925,501.0153405576995,103.14505140598378,,1.0,0.0,0.0,0.0,1.0,0.8571428571428571,624.0,749.0,126.0,126.0,1904.5,621.5,1254.926671940241,659.5242832175006,116.33979364306145,426.0,1891.1261708487116,1887.2841971753971,120.48465944230048,0.8865844452366827,0.7984259128570557,0.9556798934936523,0.0,0.0,0.0,0.0,1.0,1.0
SNPT-063,0,10.0,0.19886334699913277,0.8985038924217225,0.07575757575757576,1.0,1.0,0.9424242424242424,0.0,329.0,330.0,330.0,773.0,629.5,1911.1349152405458,948.3584880838041,142.1300595084623,,1.0,0.0,0.0,0.0,1.0,0.8571428571428571,624.0,749.0,126.0,126.0,1904.5,621.5,1254.926671940241,659.5242832175006,116.33979364306145,295.0,326.9258223705793,-6.634915240545752,-326.8584880838041,1.2216805192600493,0.7746221423149109,0.9469495415687561,0.0,0.0,0.0,0.0,1.0,1.0
SNPT-063,1,30.0,0.20163949896232225,0.9499181012312571,0.07422680412371134,1.0,0.966824644549763,0.8701030927835052,0.0,484.0,485.0,485.0,1851.0,562.0,1912.559502115217,470.3804940761238,97.4396109904569,30.0,0.22937167808413506,0.8369981288909912,0.028901734104046242,1.0,0.9935064935064936,0.8901734104046243,577.0,749.0,173.0,173.0,1910.5,525.0,944.5222746476342,490.90659240552094,96.67075685791458,93.0,54.65832028457269,-2.059502115216901,54.619505923876204,1.0079533269163534,0.9714325666427612,0.9937319755554199,1.0,0.0,0.0,1.0,0.0,1.0
SNPT-063,0,,1.0,0.0,0.0,1.0,1.0,0.8662790697674418,0.0,214.0,215.0,172.0,825.5,501.0,8.182720341256623,595.3757482433582,108.38888566821109,,1.0,0.0,0.0,0.0,1.0,0.7985611510791367,611.0,749.0,139.0,139.0,1902.0,367.5,1085.9361001708396,410.4210349922752,88.19317081370782,397.0,1907.477718184806,1893.8172796587435,-227.8757482433582,1.2289940895442242,0.8057024478912354,0.9424340724945068,0.0,0.0,0.0,0.0,1.0,1.0
SNPT-063,1,36.0,0.028504596800155203,0.99150239450987,0.06646058732612056,0.0,0.962432915921288,0.8639876352395672,0.0,674.0,675.0,647.0,1257.0,520.5,9.71050786871631,350.1867895466311,84.51397495402708,,1.0,0.0,0.0,0.0,1.0,1.0,727.0,749.0,23.0,23.0,97.0,354.5,511.65658400939094,384.14957294119654,72.54523180474465,53.0,87.39599087459612,87.2894921312837,4.313210453368924,1.1649831815479794,0.9425203800201416,0.9896368980407715,0.0,0.0,0.0,1.0,0.0,1.0
SNPT-063,0,,1.0,0.0,0.0,1.0,1.0,0.7989949748743719,0.0,198.0,199.0,199.0,1359.0,493.0,17.215802824602925,501.0153405576995,103.14505140598378,5.0,0.013402814736764412,0.9978132098913193,0.029411764705882353,0.0,1.0,0.8088235294117647,614.0,749.0,136.0,136.0,1899.5,511.0,1258.695305589683,508.9488383772091,100.29963898259042,416.0,1882.3106790220386,1882.2841971753971,9.984659442300483,1.0283691192935127,0.7804650068283081,0.9574077129364014,0.0,0.0,0.0,0.0,1.0,1.0
SNPT-063,0,9.0,0.1335661124321632,0.8988343256971111,0.1411042944785276,1.0,1.0,0.9386503067484663,207.0,369.0,163.0,163.0,1912.5,587.5,1909.4031987830144,549.6227586626735,102.08958661888282,,1.0,0.0,0.0,0.0,1.0,1.0,727.0,749.0,23.0,23.0,97.0,354.5,511.65658400939094,384.14957294119654,72.54523180474465,358.0,1822.8763660509276,-1812.4031987830144,-195.1227586626735,1.4072542616399206,0.739136815071106,0.9493957757949829,0.0,0.0,0.0,0.0,1.0,1.0
SNPT-063,1,,1.0,0.0,0.0,1.0,1.0,0.8662790697674418,0.0,214.0,215.0,172.0,825.5,501.0,8.182720341256623,595.3757482433582,108.38888566821109,4.0,0.045308536583744875,0.9829123936593532,0.6349206349206349,1.0,1.0,0.8174603174603174,371.0,531.0,161.0,126.0,15.5,696.5,7.96967404961042,586.2836010065744,121.5834069772674,157.0,101.38864273154529,7.317279658743377,101.1242517566418,0.8914776149386626,0.8616409301757812,0.9469707012176514,0.0,0.0,0.0,1.0,0.0,1.0
SNPT-063,1,5.0,0.004766670694211657,0.9992283869672705,0.24770642201834864,0.0,1.0,0.8394495412844036,203.0,420.0,218.0,218.0,1906.5,584.0,1905.291512359876,538.9135395221028,98.09434221279331,5.0,0.013402814736764412,0.9978132098913193,0.029411764705882353,0.0,1.0,0.8088235294117647,614.0,749.0,136.0,136.0,1899.5,511.0,1258.695305589683,508.9488383772091,100.29963898259042,194.0,28.508021749440854,-5.791512359875924,-27.913539522102838,0.9780129141822743,0.9559282064437866,0.9924775958061218,1.0,0.0,1.0,1.0,0.0,1.0
SNPT-063,0,8.0,0.028665403010761467,0.9838639558716253,0.546583850931677,1.0,1.0,0.8664596273291926,314.0,635.0,322.0,322.0,18.5,557.0,22.61614856322811,512.9513157855049,103.5621009395946,,1.0,0.0,0.0,1.0,1.0,0.8,740.0,749.0,10.0,10.0,7.5,422.0,68.76021983738434,423.4993353370106,77.79869544318476,105.0,92.19891425879275,-15.116148563228109,-90.9513157855049,1.3311547237347248,0.7268614768981934,0.9452321529388428,0.0,0.0,0.0,1.0,0.0,1.0
SNPT-063,1,25.0,0.16110380506142974,0.9680684804916382,0.0044444444444444444,1.0,1.0,0.8755555555555555,0.0,272.0,273.0,225.0,1424.0,527.0,7.39883014321299,437.9785528175299,104.64444939501445,,1.0,0.0,0.0,1.0,1.0,0.8,740.0,749.0,10.0,10.0,7.5,422.0,68.76021983738434,423.4993353370106,77.79869544318476,468.0,15.97887309801646,0.10116985678700985,-15.978552817529874,1.345066890889382,0.9066978693008423,0.9887021780014038,0.0,0.0,0.0,1.0,0.0,1.0
SNPT-063,1,,1.0,0.0,0.0,1.0,1.0,0.7989949748743719,0.0,198.0,199.0,199.0,1359.0,493.0,17.215802824602925,501.0153405576995,103.14505140598378,,1.0,0.0,0.0,1.0,1.0,0.8666666666666667,735.0,749.0,15.0,15.0,9.0,440.5,174.36631919346337,447.2440765392708,81.66671937818164,537.0,61.070499088079394,-8.215802824602925,-60.51534055769952,1.2629998142614305,0.8384647369384766,0.9721267223358154,0.0,0.0,0.0,1.0,0.0,1.0
SNPT-063,0,27.0,0.022283781383597063,0.9603480100631714,0.049723756906077346,1.0,0.9161290322580645,0.856353591160221,0.0,180.0,181.0,181.0,648.0,535.0,15.746336403227936,500.3134194170614,104.54712729739092,24.0,0.000298452505749426,0.9999761966601858,0.6883116883116883,1.0,1.0,0.7987012987012987,318.0,625.0,308.0,308.0,16.0,917.0,10.345089501372644,904.3510454777054,168.11461785148535,138.0,416.6866577935057,0.2536635967720642,416.6865805829386,0.621880052035387,0.8126925826072693,0.9147713780403137,0.0,1.0,1.0,1.0,0.0,1.0
SNPT-063,1,8.0,0.046984178294223966,0.9826927594840527,0.08602150537634409,1.0,1.0,0.967741935483871,0.0,185.0,186.0,186.0,1032.5,547.0,13.075242251865593,557.4155942336707,108.15554792600908,8.0,0.028665403010761467,0.9838639558716253,0.546583850931677,1.0,1.0,0.8664596273291926,314.0,635.0,322.0,322.0,18.5,557.0,22.61614856322811,512.9513157855049,103.5621009395946,129.0,5.440653930641486,5.424757748134407,-0.41559423367073123,1.0443545171905477,0.9325028657913208,0.950181782245636,1.0,0.0,1.0,1.0,0.0,1.0
SNPT-063,0,44.0,0.0629374532246503,0.983515982274656,0.12980769230769232,0.0,1.0,0.8365384615384616,0.0,207.0,208.0,208.0,1396.0,564.0,10.729096143507386,571.294854750437,105.32433256226493,27.0,0.000427746508343202,0.9998348393747883,0.2366412213740458,0.0,1.0,0.7824427480916031,364.0,646.0,283.0,262.0,5.5,483.0,7.442979519182403,541.8640113996252,80.86514085581948,157.0,88.44956089138496,-5.229096143507386,-88.29485475043703,1.3024689185919502,0.9111337661743164,0.9809249043464661,0.0,1.0,1.0,1.0,0.0,1.0
SNPT-063,0,,1.0,0.0,0.0,1.0,0.996039603960396,0.7952755905511811,0.0,634.0,635.0,635.0,1107.5,434.5,10.1694560862197,361.02172571917464,68.37605651914875,,1.0,0.0,0.0,0.0,1.0,0.9230769230769231,737.0,749.0,13.0,13.0,17.5,549.5,140.02953496869964,550.1343423619486,96.16037947530869,103.0,188.62077496911598,7.3305439137803,188.47827428082536,0.7110626735484734,0.7051090598106384,0.9449124932289124,0.0,0.0,0.0,0.0,1.0,1.0
SNPT-063,1,4.0,0.008485690322870018,0.9953341596737141,0.4619718309859155,0.0,1.0,0.9042253521126761,290.0,644.0,355.0,355.0,9.0,609.5,27.40456163271319,534.8559984229412,100.02442763550913,,1.0,0.0,0.0,0.0,1.0,0.9230769230769231,737.0,749.0,13.0,13.0,17.5,549.5,140.02953496869964,550.1343423619486,96.16037947530869,93.0,17.6790023283305,-9.90456163271319,14.644001577058816,1.0401833705449615,0.9348502159118652,0.962138295173645,0.0,0.0,0.0,1.0,0.0,1.0
SNPT-063,0,,1.0,0.0,0.0,1.0,1.0,0.7989949748743719,0.0,198.0,199.0,199.0,1359.0,493.0,17.215802824602925,501.0153405576995,103.14505140598378,10.0,0.0409180618687401,0.9769235430728822,0.6774193548387096,1.0,1.0,0.9354838709677419,626.0,749.0,124.0,124.0,1895.0,954.5,947.8237306238125,752.9455596172318,174.44621791528687,428.0,1931.7665043972447,1877.7841971753971,453.4846594423005,0.5912713536505115,0.8459067344665527,0.9363818764686584,0.0,0.0,0.0,1.0,0.0,1.0
SNPT-063,0,,1.0,0.0,0.0,1.0,1.0,0.7596153846153846,0.0,103.0,104.0,104.0,86.0,485.5,7.117650705658029,509.3669260414371,82.03843764837808,,1.0,0.0,0.0,0.0,1.0,1.0,727.0,749.0,23.0,23.0,97.0,354.5,511.65658400939094,384.14957294119654,72.54523180474465,624.0,179.0603292083259,89.88234929434196,-154.86692604143713,1.1308591289526013,0.6038667559623718,0.8911694288253784,0.0,0.0,0.0,0.0,1.0,1.0
SNPT-063,0,27.0,0.001669547593622698,0.987974247833093,0.3508771929824561,0.0,0.9617834394904459,0.9181286549707602,0.0,170.0,171.0,171.0,589.0,520.5,29.04010793837199,533.9426827132025,117.00081878899039,10.0,0.0409180618687401,0.9769235430728822,0.6774193548387096,1.0,1.0,0.9354838709677419,626.0,749.0,124.0,124.0,1895.0,954.5,947.8237306238125,752.9455596172318,174.44621791528687,456.0,1912.7662627477805,1865.9598920616281,420.55731728679746,0.6706985120526222,0.8144099712371826,0.9378964900970459,0.0,1.0,1.0,0.0,1.0,1.0
SNPT-063,0,44.0,0.015098230442814428,0.9924496217207475,0.5481727574750831,0.0,1.0,0.8737541528239202,319.0,619.0,301.0,301.0,12.0,602.5,10.59302037817509,585.8527373663921,105.83625068031712,10.0,0.0409180618687401,0.9769235430728822,0.6774193548387096,1.0,1.0,0.9354838709677419,626.0,749.0,124.0,124.0,1895.0,954.5,947.8237306238125,752.9455596172318,174.44621791528687,7.0,1920.1277220785862,1884.4069796218248,368.64726263360785,0.6066984537991672,0.7135308980941772,0.937163233757019,0.0,1.0,1.0,0.0,1.0,1.0
SNPT-063,0,8.0,0.046984178294223966,0.9826927594840527,0.08602150537634409,1.0,1.0,0.967741935483871,0.0,185.0,186.0,186.0,1032.5,547.0,13.075242251865593,557.4155942336707,108.15554792600908,,1.0,0.0,0.0,1.0,1.0,0.8968253968253969,624.0,749.0,126.0,126.0,1911.5,405.5,1457.7827955801663,410.8472783411712,80.84467197171601,439.0,1904.493346956726,1898.4247577481344,-151.91559423367073,1.3378191201499086,0.9350641369819641,0.9737534523010254,0.0,0.0,0.0,1.0,0.0,1.0
SNPT-063,0,27.0,0.022283781383597063,0.9603480100631714,0.049723756906077346,1.0,0.9161290322580645,0.856353591160221,0.0,180.0,181.0,181.0,648.0,535.0,15.746336403227936,500.3134194170614,104.54712729739092,4.0,0.008485690322870018,0.9953341596737141,0.4619718309859155,0.0,1.0,0.9042253521126761,290.0,644.0,355.0,355.0,9.0,609.5,27.40456163271319,534.8559984229412,100.02442763550913,110.0,109.39480076429618,-6.746336403227936,109.18658058293857,1.0452159514310104,0.7431389093399048,0.9685203433036804,0.0,1.0,1.0,0.0,1.0,1.0
SNPT-063,0,10.0,0.01785122497015266,0.9861197938166913,0.328125,0.0,0.5853080568720379,0.82421875,0.0,638.0,639.0,512.0,522.5,570.5,30.67176041974801,384.18824195313846,85.95322703965618,,1.0,0.0,0.0,0.0,1.0,0.9230769230769231,737.0,749.0,13.0,13.0,17.5,549.5,140.02953496869964,550.1343423619486,96.16037947530869,99.0,165.83567957800676,-13.171760419748011,165.31175804686154,0.8938528270026906,0.8257772326469421,0.947683572769165,0.0,0.0,0.0,1.0,0.0,0.0
SNPT-063,1,50.0,0.014448697986485275,0.9932185411453247,0.5884615384615385,0.0,1.0,0.9461538461538461,107.0,421.0,315.0,260.0,1912.5,802.0,1911.0194310325833,555.1143735101457,115.50555604268182,,1.0,0.0,0.0,0.0,1.0,0.8571428571428571,624.0,749.0,126.0,126.0,1904.5,621.5,1254.926671940241,659.5242832175006,116.33979364306145,203.0,66.70498021466655,-6.51943103258327,66.3856264898543,0.9928293013572025,0.9596549272537231,0.9866506457328796,0.0,0.0,0.0,1.0,0.0,1.0
SNPT-063,0,4.0,0.04759248133371035,0.9705469100861936,0.3474178403755869,0.0,1.0,0.9624413145539906,0.0,212.0,213.0,213.0,1750.5,660.0,8.336861809272435,626.2934497932239,125.119491507166,,1.0,0.0,0.0,1.0,1.0,0.9214876033057852,380.0,644.0,265.0,242.0,15.5,438.0,13.335283465809397,435.7709432110896,77.9050836541986,168.0,188.42965208207752,7.163138190727565,-188.29344979322389,1.6060504095283497,0.7014104127883911,0.9581191539764404,0.0,0.0,0.0,0.0,1.0,1.0
SNPT-063,0,27.0,0.001669547593622698,0.987974247833093,0.3508771929824561,0.0,0.9617834394904459,0.9181286549707602,0.0,170.0,171.0,171.0,589.0,520.5,29.04010793837199,533.9426827132025,117.00081878899039,,1.0,0.0,0.0,1.0,1.0,0.9214876033057852,380.0,644.0,265.0,242.0,15.5,438.0,13.335283465809397,435.7709432110896,77.9050836541986,210.0,96.89340993684256,-13.540107938371989,-95.94268271320254,1.5018380483143832,0.8157867193222046,0.9662462472915649,0.0,0.0,0.0,0.0,1.0,1.0
SNPT-063,0,,1.0,0.0,0.0,1.0,1.0,0.7596153846153846,0.0,103.0,104.0,104.0,86.0,485.5,7.117650705658029,509.3669260414371,82.03843764837808,30.0,0.22937167808413506,0.8369981288909912,0.028901734104046242,1.0,0.9935064935064936,0.8901734104046243,577.0,749.0,173.0,173.0,1910.5,525.0,944.5222746476342,490.90659240552094,96.67075685791458,474.0,1903.4465478722122,1903.382349294342,15.633073958562875,0.8486375850864301,0.6745965480804443,0.879523754119873,0.0,0.0,0.0,1.0,0.0,1.0
SNPT-063,0,10.0,0.03012194991312222,0.9763419670382822,0.5404255319148936,0.0,1.0,0.8127659574468085,0.0,234.0,235.0,235.0,1706.0,634.0,18.83148997917005,507.8551434455401,114.61156497797593,44.0,0.015098230442814428,0.9924496217207475,0.5481727574750831,0.0,1.0,0.8737541528239202,319.0,619.0,301.0,301.0,12.0,602.5,10.59302037817509,585.8527373663921,105.83625068031712,85.0,94.89108560634025,-6.831489979170051,94.64485655445992,1.0829140700020168,0.9304676055908203,0.9934375882148743,0.0,1.0,1.0,1.0,0.0,1.0
SNPT-063,1,4.0,0.04759248133371035,0.9705469100861936,0.3474178403755869,0.0,1.0,0.9624413145539906,0.0,212.0,213.0,213.0,1750.5,660.0,8.336861809272435,626.2934497932239,125.119491507166,,1.0,0.0,0.0,0.0,1.0,0.9230769230769231,737.0,749.0,13.0,13.0,17.5,549.5,140.02953496869964,550.1343423619486,96.16037947530869,525.0,77.33819905225856,9.163138190727565,-76.79344979322389,1.3011543027374721,0.9403122067451477,0.9674519300460815,0.0,0.0,0.0,1.0,0.0,1.0
SNPT-063,0,4.0,0.04759248133371035,0.9705469100861936,0.3474178403755869,0.0,1.0,0.9624413145539906,0.0,212.0,213.0,213.0,1750.5,660.0,8.336861809272435,626.2934497932239,125.119491507166,,1.0,0.0,0.0,1.0,1.0,0.8,740.0,749.0,10.0,10.0,7.5,422.0,68.76021983738434,423.4993353370106,77.79869544318476,528.0,204.29516383435097,-0.8368618092724347,-204.29344979322389,1.6082466523945627,0.7656424045562744,0.9501976370811462,0.0,0.0,0.0,0.0,1.0,1.0
SNPT-063,0,25.0,0.16110380506142974,0.9680684804916382,0.0044444444444444444,1.0,1.0,0.8755555555555555,0.0,272.0,273.0,225.0,1424.0,527.0,7.39883014321299,437.9785528175299,104.64444939501445,33.0,0.5868193878377497,0.7448692470788956,0.0547945205479452,0.0,1.0,0.9726027397260274,677.0,749.0,73.0,73.0,1897.5,379.5,1657.460846805397,395.11553594676644,86.79672898771985,405.0,1891.005598467024,1890.101169856787,-58.478552817529874,1.2056266476334578,0.7221190929412842,0.9493692517280579,0.0,1.0,0.0,0.0,1.0,1.0
SNPT-063,0,44.0,0.0629374532246503,0.983515982274656,0.12980769230769232,0.0,1.0,0.8365384615384616,0.0,207.0,208.0,208.0,1396.0,564.0,10.729096143507386,571.294854750437,105.32433256226493,,1.0,0.0,0.0,1.0,1.0,0.8,740.0,749.0,10.0,10.0,7.5,422.0,68.76021983738434,423.4993353370106,77.79869544318476,533.0,149.32977170295985,-3.2290961435073857,-149.29485475043703,1.3538058956166141,0.7693008184432983,0.9573227763175964,0.0,0.0,0.0,0.0,1.0,1.0
SNPT-063,0,10.0,0.03012194991312222,0.9763419670382822,0.5404255319148936,0.0,1.0,0.8127659574468085,0.0,234.0,235.0,235.0,1706.0,634.0,18.83148997917005,507.8551434455401,114.61156497797593,5.0,0.013402814736764412,0.9978132098913193,0.029411764705882353,0.0,1.0,0.8088235294117647,614.0,749.0,136.0,136.0,1899.5,511.0,1258.695305589683,508.9488383772091,100.29963898259042,380.0,1880.671139435791,1880.66851002083,3.1448565544599205,1.1426916999957468,0.8913394212722778,0.9815771579742432,0.0,1.0,1.0,1.0,0.0,1.0
SNPT-063,0,8.0,0.046984178294223966,0.9826927594840527,0.08602150537634409,1.0,1.0,0.967741935483871,0.0,185.0,186.0,186.0,1032.5,547.0,13.075242251865593,557.4155942336707,108.15554792600908,27.0,0.000427746508343202,0.9998348393747883,0.2366412213740458,0.0,1.0,0.7824427480916031,364.0,646.0,283.0,262.0,5.5,483.0,7.442979519182403,541.8640113996252,80.86514085581948,179.0,74.80016684690469,-7.575242251865593,-74.41559423367073,1.3374804864168568,0.8436488509178162,0.9634406566619873,0.0,1.0,1.0,0.0,1.0,1.0
SNPT-063,0,17.0,0.11035061779740517,0.9462549371131952,0.42073170731707316,1.0,1.0,0.8536585365853658,313.0,643.0,331.0,328.0,8.5,591.5,36.97364587748987,444.1988062686091,91.53269869483368,,1.0,0.0,0.0,0.0,1.0,1.0,727.0,749.0,23.0,23.0,97.0,354.5,511.65658400939094,384.14957294119654,72.54523180474465,84.0,107.9307140495904,60.02635412251013,-89.69880626860908,1.261732803352173,0.8300081491470337,0.9486575126647949,0.0,0.0,0.0,0.0,1.0,1.0
SNPT-063,0,44.0,0.0629374532246503,0.983515982274656,0.12980769230769232,0.0,1.0,0.8365384615384616,0.0,207.0,208.0,208.0,1396.0,564.0,10.729096143507386,571.294854750437,105.32433256226493,4.0,0.008485690322870018,0.9953341596737141,0.4619718309859155,0.0,1.0,0.9042253521126761,290.0,644.0,355.0,355.0,9.0,609.5,27.40456163271319,534.8559984229412,100.02442763550913,83.0,38.24425312401454,-1.7290961435073857,38.205145249562975,1.0529861060147103,0.9077675342559814,0.9718767404556274,0.0,1.0,1.0,1.0,0.0,1.0
SNPT-063,1,27.0,0.001669547593622698,0.987974247833093,0.3508771929824561,0.0,0.9617834394904459,0.9181286549707602,0.0,170.0,171.0,171.0,589.0,520.5,29.04010793837199,533.9426827132025,117.00081878899039,27.0,0.000427746508343202,0.9998348393747883,0.2366412213740458,0.0,1.0,0.7824427480916031,364.0,646.0,283.0,262.0,5.5,483.0,7.442979519182403,541.8640113996252,80.86514085581948,194.0,56.11856737095334,-23.54010793837199,-50.942682713202544,1.4468634760384567,0.9436022043228149,0.9894924759864807,1.0,0.0,1.0,1.0,0.0,1.0
SNPT-063,1,17.0,0.11035061779740517,0.9462549371131952,0.42073170731707316,1.0,1.0,0.8536585365853658,313.0,643.0,331.0,328.0,8.5,591.5,36.97364587748987,444.1988062686091,91.53269869483368,,1.0,0.0,0.0,1.0,1.0,0.8666666666666667,735.0,749.0,15.0,15.0,9.0,440.5,174.36631919346337,447.2440765392708,81.66671937818164,92.0,28.217123019399192,-27.973645877489872,-3.6988062686090757,1.1208078320247534,0.8374446630477905,0.9731268286705017,0.0,0.0,0.0,1.0,0.0,1.0
SNPT-063,1,27.0,0.022283781383597063,0.9603480100631714,0.049723756906077346,1.0,0.9161290322580645,0.856353591160221,0.0,180.0,181.0,181.0,648.0,535.0,15.746336403227936,500.3134194170614,104.54712729739092,,1.0,0.0,0.0,1.0,1.0,0.9214876033057852,380.0,644.0,265.0,242.0,15.5,438.0,13.335283465809397,435.7709432110896,77.9050836541986,200.0,62.31390632170449,-0.24633640322793582,-62.313419417061425,1.3419808104109066,0.959522008895874,0.9931052923202515,0.0,0.0,0.0,1.0,0.0,1.0
SNPT-063,0,,1.0,0.0,0.0,1.0,1.0,0.8662790697674418,0.0,214.0,215.0,172.0,825.5,501.0,8.182720341256623,595.3757482433582,108.38888566821109,,1.0,0.0,0.0,1.0,1.0,0.8666666666666667,735.0,749.0,15.0,15.0,9.0,440.5,174.36631919346337,447.2440765392708,81.66671937818164,521.0,154.87790462161044,0.8172796587433773,-154.8757482433582,1.327209988273003,0.7558172941207886,0.9474060535430908,0.0,0.0,0.0,1.0,0.0,1.0
SNPT-063,0,4.0,0.04759248133371035,0.9705469100861936,0.3474178403755869,0.0,1.0,0.9624413145539906,0.0,212.0,213.0,213.0,1750.5,660.0,8.336861809272435,626.2934497932239,125.119491507166,,1.0,0.0,0.0,0.0,1.0,1.0,727.0,749.0,23.0,23.0,97.0,354.5,511.65658400939094,384.14957294119654,72.54523180474465,515.0,285.88954409759333,88.66313819072757,-271.7934497932239,1.724710065630845,0.7498696446418762,0.9720838069915771,0.0,0.0,0.0,1.0,0.0,1.0
SNPT-063,0,27.0,0.001669547593622698,0.987974247833093,0.3508771929824561,0.0,0.9617834394904459,0.9181286549707602,0.0,170.0,171.0,171.0,589.0,520.5,29.04010793837199,533.9426827132025,117.00081878899039,44.0,0.015098230442814428,0.9924496217207475,0.5481727574750831,0.0,1.0,0.8737541528239202,319.0,619.0,301.0,301.0,12.0,602.5,10.59302037817509,585.8527373663921,105.83625068031712,149.0,70.64326600684586,-17.04010793837199,68.55731728679746,1.10548907427188,0.8842201828956604,0.9934413433074951,0.0,1.0,1.0,1.0,0.0,1.0
SNPT-063,0,,1.0,0.0,0.0,1.0,1.0,0.7596153846153846,0.0,103.0,104.0,104.0,86.0,485.5,7.117650705658029,509.3669260414371,82.03843764837808,,1.0,0.0,0.0,1.0,1.0,0.8,740.0,749.0,10.0,10.0,7.5,422.0,68.76021983738434,423.4993353370106,77.79869544318476,637.0,87.36776268689057,0.38234929434197085,-87.36692604143713,1.0544963148937316,0.5025589466094971,0.8691052794456482,0.0,0.0,0.0,1.0,0.0,1.0
SNPT-063,0,10.0,0.19886334699913277,0.8985038924217225,0.07575757575757576,1.0,1.0,0.9424242424242424,0.0,329.0,330.0,330.0,773.0,629.5,1911.1349152405458,948.3584880838041,142.1300595084623,27.0,0.000427746508343202,0.9998348393747883,0.2366412213740458,0.0,1.0,0.7824427480916031,364.0,646.0,283.0,262.0,5.5,483.0,7.442979519182403,541.8640113996252,80.86514085581948,35.0,1961.632726229731,-1905.6349152405458,-465.3584880838041,1.7576184002681283,0.7713214159011841,0.9495445489883423,0.0,1.0,0.0,0.0,1.0,1.0
SNPT-063,0,4.0,0.045308536583744875,0.9829123936593532,0.6349206349206349,1.0,1.0,0.8174603174603174,371.0,531.0,161.0,126.0,15.5,696.5,7.96967404961042,586.2836010065744,121.5834069772674,,1.0,0.0,0.0,0.0,1.0,0.8571428571428571,624.0,749.0,126.0,126.0,1904.5,621.5,1254.926671940241,659.5242832175006,116.33979364306145,93.0,1896.8572618959909,1896.5303259503896,35.21639899342563,1.045071537175781,0.7291674017906189,0.9253162741661072,0.0,0.0,0.0,0.0,1.0,1.0
SNPT-063,1,4.0,0.04759248133371035,0.9705469100861936,0.3474178403755869,0.0,1.0,0.9624413145539906,0.0,212.0,213.0,213.0,1750.5,660.0,8.336861809272435,626.2934497932239,125.119491507166,4.0,0.008485690322870018,0.9953341596737141,0.4619718309859155,0.0,1.0,0.9042253521126761,290.0,644.0,355.0,355.0,9.0,609.5,27.40456163271319,534.8559984229412,100.02442763550913,78.0,16.806537662990934,0.6631381907275653,-16.793449793223886,1.2508893523800382,0.9619635343551636,0.9935086965560913,1.0,0.0,1.0,1.0,0.0,1.0
SNPT-063,0,25.0,0.16110380506142974,0.9680684804916382,0.0044444444444444444,1.0,1.0,0.8755555555555555,0.0,272.0,273.0,225.0,1424.0,527.0,7.39883014321299,437.9785528175299,104.64444939501445,44.0,0.015098230442814428,0.9924496217207475,0.5481727574750831,0.0,1.0,0.8737541528239202,319.0,619.0,301.0,301.0,12.0,602.5,10.59302037817509,585.8527373663921,105.83625068031712,47.0,164.5857750447022,4.60116985678701,164.52144718247013,0.9887391959027105,0.8377134799957275,0.9601012468338013,0.0,1.0,0.0,0.0,1.0,1.0
SNPT-063,1,9.0,0.1335661124321632,0.8988343256971111,0.1411042944785276,1.0,1.0,0.9386503067484663,207.0,369.0,163.0,163.0,1912.5,587.5,1909.4031987830144,549.6227586626735,102.08958661888282,,1.0,0.0,0.0,1.0,1.0,0.8968253968253969,624.0,749.0,126.0,126.0,1911.5,405.5,1457.7827955801663,410.8472783411712,80.84467197171601,255.0,144.13801073930077,2.0968012169855683,-144.1227586626735,1.2627868247718226,0.9697171449661255,0.9920433759689331,0.0,0.0,0.0,1.0,0.0,1.0
SNPT-063,0,8.0,0.046984178294223966,0.9826927594840527,0.08602150537634409,1.0,1.0,0.967741935483871,0.0,185.0,186.0,186.0,1032.5,547.0,13.075242251865593,557.4155942336707,108.15554792600908,4.0,0.008485690322870018,0.9953341596737141,0.4619718309859155,0.0,1.0,0.9042253521126761,290.0,644.0,355.0,355.0,9.0,609.5,27.40456163271319,534.8559984229412,100.02442763550913,105.0,52.243592175912106,-4.075242251865593,52.08440576632927,1.0812913453514565,0.7248451113700867,0.9542816877365112,0.0,1.0,1.0,0.0,1.0,1.0
SNPT-063,0,,1.0,0.0,0.0,1.0,1.0,0.7596153846153846,0.0,103.0,104.0,104.0,86.0,485.5,7.117650705658029,509.3669260414371,82.03843764837808,,1.0,0.0,0.0,0.0,1.0,0.6521739130434783,725.0,749.0,25.0,23.0,8.832849917444491,358.4701003977491,379.1707285017409,423.83301555689394,78.80630790577406,622.0,150.90657340778003,1.7151992117864623,-150.89682564368803,1.0410135917859338,0.6504848599433899,0.9041005969047546,0.0,0.0,0.0,0.0,1.0,1.0
SNPT-063,1,14.0,0.6285740882158279,0.7630031108856201,0.0030581039755351682,1.0,0.9818181818181818,0.8409785932721713,296.0,641.0,346.0,327.0,5.5,501.5,18.341682305095393,418.7128848713416,80.28034983415513,,1.0,0.0,0.0,1.0,1.0,0.8,740.0,749.0,10.0,10.0,7.5,422.0,68.76021983738434,423.4993353370106,77.79869544318476,99.0,11.329042372313447,-10.841682305095393,3.2871151286583995,1.0318984062243395,0.910198986530304,0.984367847442627,0.0,0.0,0.0,1.0,0.0,1.0
SNPT-063,0,9.0,0.1335661124321632,0.8988343256971111,0.1411042944785276,1.0,1.0,0.9386503067484663,207.0,369.0,163.0,163.0,1912.5,587.5,1909.4031987830144,549.6227586626735,102.08958661888282,4.0,0.045308536583744875,0.9829123936593532,0.6349206349206349,1.0,1.0,0.8174603174603174,371.0,531.0,161.0,126.0,15.5,696.5,7.96967404961042,586.2836010065744,121.5834069772674,2.0,1899.5900216581992,-1893.9031987830144,146.8772413373265,0.839667098964998,0.9515523910522461,0.9701735973358154,0.0,1.0,1.0,1.0,0.0,1.0
SNPT-063,1,25.0,0.16110380506142974,0.9680684804916382,0.0044444444444444444,1.0,1.0,0.8755555555555555,0.0,272.0,273.0,225.0,1424.0,527.0,7.39883014321299,437.9785528175299,104.64444939501445,14.0,0.6285740882158279,0.7630031108856201,0.0030581039755351682,1.0,0.9818181818181818,0.8409785932721713,296.0,641.0,346.0,327.0,5.5,501.5,18.341682305095393,418.7128848713416,80.28034983415513,24.0,63.54982146369977,-1.8988301432129902,63.521447182470126,1.3034877103947753,0.9779989719390869,0.993547797203064,0.0,1.0,0.0,1.0,0.0,1.0
SNPT-063,0,,1.0,0.0,0.0,1.0,1.0,0.7596153846153846,0.0,103.0,104.0,104.0,86.0,485.5,7.117650705658029,509.3669260414371,82.03843764837808,8.0,0.028665403010761467,0.9838639558716253,0.546583850931677,1.0,1.0,0.8664596273291926,314.0,635.0,322.0,322.0,18.5,557.0,22.61614856322811,512.9513157855049,103.5621009395946,211.0,48.974152470464745,11.38234929434197,47.633073958562875,0.7921666024932154,0.6349051594734192,0.8635739088058472,0.0,0.0,0.0,1.0,0.0,1.0
SNPT-063,1,,1.0,0.0,0.0,0.0,1.0,0.6521739130434783,725.0,749.0,25.0,23.0,8.832849917444491,358.4701003977491,379.1707285017409,423.83301555689394,78.80630790577406,14.0,0.019336968168109554,0.9872609461253544,0.16084977238239756,0.0,1.0,0.849772382397572,0.0,658.0,659.0,659.0,1293.5,388.5,15.997411350010708,399.9195124593454,84.26819145925649,67.0,42.064054735284635,-7.164561432566217,-41.44941206159632,0.9351845167328263,0.9229165315628052,0.991768479347229,0.0,0.0,0.0,1.0,0.0,1.0
SNPT-063,0,,1.0,0.0,0.0,1.0,1.0,0.9214876033057852,380.0,644.0,265.0,242.0,15.5,438.0,13.335283465809397,435.7709432110896,77.9050836541986,,1.0,0.0,0.0,0.0,1.0,1.0,727.0,749.0,23.0,23.0,97.0,354.5,511.65658400939094,384.14957294119654,72.54523180474465,83.0,116.63940587625873,83.6647165341906,-81.27094321108962,1.0738828964511409,0.6934979557991028,0.9538943767547607,0.0,0.0,0.0,0.0,1.0,1.0
SNPT-064,0,50.0,0.003239048355045044,0.9994289525469443,0.8866666666666667,1.0,1.0,0.9066666666666666,224.0,373.0,150.0,150.0,1913.5,682.0,1906.5953391911814,680.5363610216173,127.20444559746437,27.0,0.1419643981498666,0.9120673726905476,0.048672566371681415,1.0,1.0,0.8451327433628318,524.0,749.0,226.0,226.0,891.5,465.0,880.7447167231711,469.02004635777615,55.74945415319168,151.0,1037.7256239344294,-1015.0953391911814,-215.53636102161727,2.281716431660916,0.8587732315063477,0.9603220820426941,0.0,1.0,1.0,1.0,0.0,1.0
SNPT-064,0,4.0,0.023176933711287005,0.9826644108213227,0.36159600997506236,1.0,1.0,0.9102244389027432,0.0,400.0,401.0,401.0,1444.5,518.0,1911.9272805824207,591.1900309426319,106.54143159807079,,1.0,0.0,0.0,1.0,1.0,0.8949579831932774,469.0,749.0,281.0,238.0,1909.5,537.0,1552.9086763879532,526.8315167710758,63.33345468538785,69.0,54.24436509527232,-2.4272805824207353,-54.19003094263189,1.682229907200243,0.7850219011306763,0.9537296891212463,0.0,0.0,0.0,1.0,0.0,1.0
SNPT-064,0,5.0,0.025045825622398227,0.8724293839931488,0.07861635220125786,0.0,0.9153846153846154,0.8176100628930818,0.0,317.0,318.0,318.0,260.0,590.5,7.250679743054892,653.4221172858565,109.64443509039896,10.0,0.030282709792663808,0.9934573769569397,0.021645021645021644,1.0,1.0,0.8701298701298701,517.0,749.0,233.0,231.0,1898.0,596.0,1353.020275501991,430.79132731294646,48.182283049371755,200.0,1891.621075058557,1890.749320256945,-57.42211728585653,2.2756172632593548,0.8524230718612671,0.9462257623672485,0.0,1.0,1.0,0.0,1.0,1.0
SNPT-064,0,36.0,0.0009404451067728752,0.9999147057533264,0.03081232492997199,1.0,1.0,0.9187675070028011,0.0,377.0,378.0,357.0,1755.0,432.5,1890.544933330757,574.9421171010304,104.09264446610601,50.0,0.0007175699287992237,0.9999339404560271,0.4772727272727273,1.0,1.0,0.9272727272727272,530.0,749.0,220.0,220.0,1907.5,630.0,1773.1656565096791,629.8817925104242,73.43768892362334,153.0,57.60941550714717,16.955066669243024,55.05788289896964,1.417428107989134,0.8803160190582275,0.967093288898468,0.0,1.0,1.0,1.0,0.0,1.0
SNPT-064,1,,1.0,0.0,0.0,1.0,1.0,0.8623376623376623,0.0,399.0,400.0,385.0,1591.5,412.5,1908.637773555764,466.58559125398017,81.43496603417309,10.0,0.030282709792663808,0.9934573769569397,0.021645021645021644,1.0,1.0,0.8701298701298701,517.0,749.0,233.0,231.0,1898.0,596.0,1353.020275501991,430.79132731294646,48.182283049371755,118.0,129.85088146526232,-10.637773555763943,129.41440874601983,1.6901433655754283,0.94721519947052,0.9819431304931641,0.0,0.0,0.0,1.0,0.0,1.0
SNPT-064,1,36.0,0.0009404451067728752,0.9999147057533264,0.03081232492997199,1.0,1.0,0.9187675070028011,0.0,377.0,378.0,357.0,1755.0,432.5,1890.544933330757,574.9421171010304,104.09264446610601,,1.0,0.0,0.0,1.0,1.0,0.7692307692307693,531.0,749.0,219.0,182.0,1898.5,517.0,1899.2050935438929,487.854234548417,56.54947729239177,154.0,58.48565653099584,7.955066669243024,-57.94211710103036,1.8407357494728027,0.9341413378715515,0.9400181770324707,0.0,0.0,0.0,1.0,0.0,1.0
SNPT-064,0,5.0,0.025045825622398227,0.8724293839931488,0.07861635220125786,0.0,0.9153846153846154,0.8176100628930818,0.0,317.0,318.0,318.0,260.0,590.5,7.250679743054892,653.4221172858565,109.64443509039896,,1.0,0.0,0.0,1.0,1.0,0.7692307692307693,531.0,749.0,219.0,182.0,1898.5,517.0,1899.2050935438929,487.854234548417,56.54947729239177,214.0,1896.1632275353072,1891.249320256945,-136.42211728585653,1.9389115574575018,0.8066573739051819,0.9346548318862915,0.0,0.0,0.0,0.0,1.0,1.0
SNPT-064,0,28.0,0.0003050899609791356,0.9999685542924064,0.08235294117647059,0.0,1.0,0.8258823529411765,0.0,424.0,425.0,425.0,1173.0,427.0,1912.9814976342022,566.1257961224336,87.48024473116357,,1.0,0.0,0.0,0.0,1.0,0.8558951965065502,521.0,749.0,229.0,229.0,1907.0,442.5,1799.850684363074,523.3828250146696,54.08433225204748,97.0,123.77041561234851,-5.981497634202242,-123.6257961224336,1.617478502341162,0.9045138359069824,0.9611455202102661,0.0,0.0,0.0,1.0,0.0,1.0
SNPT-064,0,8.0,0.024977178921509566,0.9820113023122151,0.06944444444444445,1.0,1.0,0.9305555555555556,0.0,431.0,432.0,432.0,1685.0,490.0,1911.4380949029355,744.8072830479983,112.11148731953566,,1.0,0.0,0.0,0.0,1.0,0.8577586206896551,518.0,749.0,232.0,232.0,963.0,466.5,826.1300419216591,517.5008754254352,57.029796291879755,87.0,988.4279253747683,-948.4380949029355,-278.30728304799834,1.965840571229583,0.803663969039917,0.9498143792152405,0.0,0.0,0.0,0.0,1.0,1.0
SNPT-064,1,5.0,0.025045825622398227,0.8724293839931488,0.07861635220125786,0.0,0.9153846153846154,0.8176100628930818,0.0,317.0,318.0,318.0,260.0,590.5,7.250679743054892,653.4221172858565,109.64443509039896,24.0,0.04048431089001402,0.9722323131804563,0.2613333333333333,0.0,0.9210526315789473,0.912,375.0,749.0,375.0,375.0,11.5,653.0,853.293454378533,694.1781293466643,95.71544240000976,58.0,4.270234847066718,4.249320256945108,-0.42211728585652963,1.1455250306651434,0.9571579694747925,0.9776422381401062,0.0,1.0,1.0,1.0,0.0,1.0
SNPT-064,1,4.0,0.023176933711287005,0.9826644108213227,0.36159600997506236,1.0,1.0,0.9102244389027432,0.0,400.0,401.0,401.0,1444.5,518.0,1911.9272805824207,591.1900309426319,106.54143159807079,4.0,0.014226853886632146,0.9971838792165121,0.19911504424778761,1.0,1.0,0.8938053097345132,524.0,749.0,226.0,226.0,1503.0,535.0,1187.494328272408,551.2278263570269,63.33904635220065,124.0,412.76971834410017,-408.92728058242074,-56.19003094263189,1.6820813973996487,0.9346156120300293,0.989311158657074,1.0,0.0,1.0,1.0,0.0,1.0
SNPT-064,0,5.0,0.0004589819945028873,0.9999307541137046,0.7484076433121019,1.0,1.0,0.9554140127388535,0.0,322.0,323.0,314.0,583.5,602.0,6.4325887421533094,696.9705667053396,124.00682851954225,50.0,0.0007175699287992237,0.9999339404560271,0.4772727272727273,1.0,1.0,0.9272727272727272,530.0,749.0,220.0,220.0,1907.5,630.0,1773.1656565096791,629.8817925104242,73.43768892362334,208.0,1902.2466609121554,1901.0674112578467,-66.97056670533959,1.6885992783421033,0.8094041347503662,0.9327425956726074,0.0,1.0,1.0,1.0,0.0,1.0
SNPT-064,1,50.0,0.00019515624803827404,0.9999849641226172,0.9534883720930233,1.0,1.0,0.9534883720930233,0.0,128.0,129.0,129.0,1793.5,637.0,1912.3231630613689,664.0994091915463,118.63328256419753,50.0,0.003239048355045044,0.9994289525469443,0.8866666666666667,1.0,1.0,0.9066666666666666,224.0,373.0,150.0,150.0,1913.5,682.0,1906.5953391911814,680.5363610216173,127.20444559746437,96.0,17.939233441588932,1.1768369386311406,17.90059080845367,0.9326189977637253,0.9524194002151489,0.9820806980133057,1.0,0.0,1.0,1.0,0.0,1.0
SNPT-064,0,50.0,0.00019515624803827404,0.9999849641226172,0.9534883720930233,1.0,1.0,0.9534883720930233,0.0,128.0,129.0,129.0,1793.5,637.0,1912.3231630613689,664.0994091915463,118.63328256419753,4.0,0.014226853886632146,0.9971838792165121,0.19911504424778761,1.0,1.0,0.8938053097345132,524.0,749.0,226.0,226.0,1503.0,535.0,1187.494328272408,551.2278263570269,63.33904635220065,396.0,429.19938172389095,-409.32316306136886,-129.09940919154633,1.8729881391729502,0.7699406147003174,0.933132529258728,0.0,1.0,1.0,1.0,0.0,1.0
SNPT-064,0,30.0,0.02452844051567222,0.9920846361862986,0.23929471032745592,0.0,1.0,0.8942065491183879,0.0,396.0,397.0,397.0,1367.0,478.0,1852.7570762631076,461.5063428258059,86.73563810752891,,1.0,0.0,0.0,1.0,1.0,0.7692307692307693,531.0,749.0,219.0,182.0,1898.5,517.0,1899.2050935438929,487.854234548417,56.54947729239177,135.0,71.91634764478893,45.74292373689241,55.493657174194084,1.533800881289462,0.786808431148529,0.9178533554077148,0.0,0.0,0.0,0.0,1.0,1.0
SNPT-064,0,36.0,0.0009404451067728752,0.9999147057533264,0.03081232492997199,1.0,1.0,0.9187675070028011,0.0,377.0,378.0,357.0,1755.0,432.5,1890.544933330757,574.9421171010304,104.09264446610601,10.0,0.030282709792663808,0.9934573769569397,0.021645021645021644,1.0,1.0,0.8701298701298701,517.0,749.0,233.0,231.0,1898.0,596.0,1353.020275501991,430.79132731294646,48.182283049371755,140.0,22.338586598743802,7.455066669243024,21.057882898969638,2.1603925318242734,0.8702898025512695,0.9566166400909424,0.0,1.0,1.0,1.0,0.0,1.0
SNPT-064,1,28.0,0.0003050899609791356,0.9999685542924064,0.08235294117647059,0.0,1.0,0.8258823529411765,0.0,424.0,425.0,425.0,1173.0,427.0,1912.9814976342022,566.1257961224336,87.48024473116357,,1.0,0.0,0.0,0.0,0.9560975609756097,0.8686440677966102,514.0,749.0,236.0,236.0,1880.0,420.0,1400.14423767261,388.9546200549052,39.24981687890623,90.0,149.80162708932744,-32.98149763420224,-146.1257961224336,2.228806442614959,0.8426569104194641,0.9366163015365601,0.0,0.0,0.0,1.0,0.0,1.0
SNPT-064,1,30.0,0.02452844051567222,0.9920846361862986,0.23929471032745592,0.0,1.0,0.8942065491183879,0.0,396.0,397.0,397.0,1367.0,478.0,1852.7570762631076,461.5063428258059,86.73563810752891,,1.0,0.0,0.0,0.0,1.0,0.8558951965065502,521.0,749.0,229.0,229.0,1907.0,442.5,1799.850684363074,523.3828250146696,54.08433225204748,125.0,57.47639379030655,54.24292373689241,-19.006342825805916,1.6037109916291024,0.9183984994888306,0.9781597852706909,0.0,0.0,0.0,1.0,0.0,1.0
SNPT-064,0,8.0,0.05431202223892263,0.974012332201004,0.2385496183206107,0.0,0.9744186046511628,0.8206106870229007,0.0,523.0,524.0,524.0,545.0,514.5,1076.1492651260526,475.88737720535624,110.96975167748955,27.0,0.1419643981498666,0.9120673726905476,0.048672566371681415,1.0,1.0,0.8451327433628318,524.0,749.0,226.0,226.0,891.5,465.0,880.7447167231711,469.02004635777615,55.74945415319168,1.0,184.9699599772973,-184.64926512605257,-10.887377205356245,1.99050830834254,0.8789921402931213,0.9567545652389526,0.0,1.0,1.0,0.0,1.0,1.0
SNPT-064,1,5.0,0.0004589819945028873,0.9999307541137046,0.7484076433121019,1.0,1.0,0.9554140127388535,0.0,322.0,323.0,314.0,583.5,602.0,6.4325887421533094,696.9705667053396,124.00682851954225,5.0,0.05056692679208178,0.9700649380683899,0.07222222222222222,1.0,0.9966887417218543,0.8388888888888889,378.0,749.0,372.0,360.0,9.0,614.0,1889.5723628674614,576.1153651488785,94.34824423838994,56.0,83.0102797246951,2.5674112578466906,-82.97056670533959,1.3143522650640314,0.9749701619148254,0.9348792433738708,1.0,0.0,1.0,1.0,0.0,1.0
SNPT-064,0,,1.0,0.0,0.0,1.0,1.0,0.8623376623376623,0.0,399.0,400.0,385.0,1591.5,412.5,1908.637773555764,466.58559125398017,81.43496603417309,50.0,0.0007175699287992237,0.9999339404560271,0.4772727272727273,1.0,1.0,0.9272727272727272,530.0,749.0,220.0,220.0,1907.5,630.0,1773.1656565096791,629.8817925104242,73.43768892362334,131.0,163.41836957476792,-1.1377735557639426,163.41440874601983,1.108898812418608,0.827290415763855,0.9864314794540405,0.0,0.0,0.0,1.0,0.0,1.0
SNPT-064,0,50.0,0.003239048355045044,0.9994289525469443,0.8866666666666667,1.0,1.0,0.9066666666666666,224.0,373.0,150.0,150.0,1913.5,682.0,1906.5953391911814,680.5363610216173,127.20444559746437,,1.0,0.0,0.0,0.0,1.0,0.8577586206896551,518.0,749.0,232.0,232.0,963.0,466.5,826.1300419216591,517.5008754254352,57.029796291879755,145.0,967.5658778515791,-943.5953391911814,-214.03636102161727,2.2304909690792023,0.7313974499702454,0.935828685760498,0.0,0.0,0.0,0.0,1.0,1.0
SNPT-064,0,30.0,0.02452844051567222,0.9920846361862986,0.23929471032745592,0.0,1.0,0.8942065491183879,0.0,396.0,397.0,397.0,1367.0,478.0,1852.7570762631076,461.5063428258059,86.73563810752891,,1.0,0.0,0.0,0.0,1.0,0.8577586206896551,518.0,749.0,232.0,232.0,963.0,466.5,826.1300419216591,517.5008754254352,57.029796291879755,122.0,889.7710893101926,-889.7570762631076,4.993657174194084,1.5208828322586672,0.94236820936203,0.9874438047409058,0.0,0.0,0.0,1.0,0.0,1.0
SNPT-064,0,5.0,0.0004589819945028873,0.9999307541137046,0.7484076433121019,1.0,1.0,0.9554140127388535,0.0,322.0,323.0,314.0,583.5,602.0,6.4325887421533094,696.9705667053396,124.00682851954225,24.0,0.04048431089001402,0.9722323131804563,0.2613333333333333,0.0,0.9210526315789473,0.912,375.0,749.0,375.0,375.0,11.5,653.0,853.293454378533,694.1781293466643,95.71544240000976,53.0,44.26160179257943,5.0674112578466906,-43.97056670533959,1.2955780740300857,0.8413859605789185,0.9342822432518005,0.0,1.0,1.0,0.0,1.0,1.0
SNPT-064,0,4.0,0.023176933711287005,0.9826644108213227,0.36159600997506236,1.0,1.0,0.9102244389027432,0.0,400.0,401.0,401.0,1444.5,518.0,1911.9272805824207,591.1900309426319,106.54143159807079,,1.0,0.0,0.0,0.0,1.0,0.8577586206896551,518.0,749.0,232.0,232.0,963.0,466.5,826.1300419216591,517.5008754254352,57.029796291879755,118.0,957.0844203360657,-948.9272805824207,-124.69003094263189,1.8681713512141862,0.6864912509918213,0.957446277141571,0.0,0.0,0.0,0.0,1.0,1.0
SNPT-064,0,,1.0,0.0,0.0,1.0,1.0,0.8623376623376623,0.0,399.0,400.0,385.0,1591.5,412.5,1908.637773555764,466.58559125398017,81.43496603417309,,1.0,0.0,0.0,0.0,1.0,0.8558951965065502,521.0,749.0,229.0,229.0,1907.0,442.5,1799.850684363074,523.3828250146696,54.08433225204748,122.0,24.141209751662522,-1.6377735557639426,-24.08559125398017,1.5057034568655543,0.7687105536460876,0.9658491611480713,0.0,0.0,0.0,0.0,1.0,1.0
SNPT-064,1,50.0,0.00019515624803827404,0.9999849641226172,0.9534883720930233,1.0,1.0,0.9534883720930233,0.0,128.0,129.0,129.0,1793.5,637.0,1912.3231630613689,664.0994091915463,118.63328256419753,50.0,0.0007175699287992237,0.9999339404560271,0.4772727272727273,1.0,1.0,0.9272727272727272,530.0,749.0,220.0,220.0,1907.5,630.0,1773.1656565096791,629.8817925104242,73.43768892362334,402.0,34.43882415427489,-4.823163061368859,-34.09940919154633,1.6154277769767307,0.8942571878433228,0.9296904802322388,1.0,0.0,1.0,1.0,0.0,1.0
SNPT-064,0,5.0,0.025045825622398227,0.8724293839931488,0.07861635220125786,0.0,0.9153846153846154,0.8176100628930818,0.0,317.0,318.0,318.0,260.0,590.5,7.250679743054892,653.4221172858565,109.64443509039896,5.0,0.05056692679208178,0.9700649380683899,0.07222222222222222,1.0,0.9966887417218543,0.8388888888888889,378.0,749.0,372.0,360.0,9.0,614.0,1889.5723628674614,576.1153651488785,94.34824423838994,61.0,39.460910438827774,1.7493202569451078,-39.42211728585653,1.1621248066191894,0.850074827671051,0.9597036838531494,1.0,0.0,1.0,0.0,1.0,1.0
SNPT-064,0,15.0,0.0013567955673347723,0.9981686704531665,0.40891472868217055,1.0,1.0,0.7829457364341085,0.0,523.0,524.0,516.0,1339.0,511.5,1217.0059353510865,427.87567894954975,113.20868074746774,,1.0,0.0,0.0,1.0,1.0,0.7692307692307693,531.0,749.0,219.0,182.0,1898.5,517.0,1899.2050935438929,487.854234548417,56.54947729239177,8.0,687.297100790045,681.4940646489135,89.12432105045025,2.001940356797939,0.897081196308136,0.9583337306976318,0.0,0.0,0.0,1.0,0.0,1.0
SNPT-064,1,8.0,0.024977178921509566,0.9820113023122151,0.06944444444444445,1.0,1.0,0.9305555555555556,0.0,431.0,432.0,432.0,1685.0,490.0,1911.4380949029355,744.8072830479983,112.11148731953566,,1.0,0.0,0.0,1.0,1.0,0.8949579831932774,469.0,749.0,281.0,238.0,1909.5,537.0,1552.9086763879532,526.8315167710758,63.33345468538785,38.0,207.81632058056385,-1.938094902935518,-207.80728304799834,1.770177986917896,0.9476108551025391,0.9711867570877075,0.0,0.0,0.0,1.0,0.0,1.0
SNPT-064,1,50.0,0.003239048355045044,0.9994289525469443,0.8866666666666667,1.0,1.0,0.9066666666666666,224.0,373.0,150.0,150.0,1913.5,682.0,1906.5953391911814,680.5363610216173,127.20444559746437,50.0,0.0007175699287992237,0.9999339404560271,0.4772727272727273,1.0,1.0,0.9272727272727272,530.0,749.0,220.0,220.0,1907.5,630.0,1773.1656565096791,629.8817925104242,73.43768892362334,157.0,50.544457623821124,0.9046608088185621,-50.53636102161727,1.7321411861116645,0.9344791769981384,0.9688655138015747,1.0,0.0,1.0,1.0,0.0,1.0
SNPT-064,0,4.0,0.023176933711287005,0.9826644108213227,0.36159600997506236,1.0,1.0,0.9102244389027432,0.0,400.0,401.0,401.0,1444.5,518.0,1911.9272805824207,591.1900309426319,106.54143159807079,27.0,0.1419643981498666,0.9120673726905476,0.048672566371681415,1.0,1.0,0.8451327433628318,524.0,749.0,226.0,226.0,891.5,465.0,880.7447167231711,469.02004635777615,55.74945415319168,124.0,1028.2002523176782,-1020.4272805824207,-126.19003094263189,1.9110757803172365,0.8481835126876831,0.9837006330490112,0.0,1.0,1.0,1.0,0.0,1.0
SNPT-064,0,5.0,0.0004589819945028873,0.9999307541137046,0.7484076433121019,1.0,1.0,0.9554140127388535,0.0,322.0,323.0,314.0,583.5,602.0,6.4325887421533094,696.9705667053396,124.00682851954225,,1.0,0.0,0.0,1.0,1.0,0.8949579831932774,469.0,749.0,281.0,238.0,1909.5,537.0,1552.9086763879532,526.8315167710758,63.33345468538785,147.0,1909.7790851309662,1903.0674112578467,-159.9705667053396,1.957998803879442,0.8724045157432556,0.9010578393936157,0.0,0.0,0.0,1.0,0.0,1.0
SNPT-065,0,50.0,0.007630034611448963,0.9966961152135989,0.4224343675417661,1.0,1.0,0.9021479713603818,0.0,418.0,419.0,419.0,1692.5,622.5,1910.2072955903727,664.771051451663,91.57593640358382,30.0,0.004203111161389287,0.9670758297046026,1.0,0.0,1.0,1.0,690.0,749.0,60.0,60.0,1878.0,474.5,1791.5879422040775,450.4116422106075,134.26849581860452,272.0,192.97767464079107,-32.20729559037272,-190.27105145166297,0.6820359150168931,0.7606227397918701,0.8642451763153076,0.0,1.0,1.0,0.0,1.0,1.0
SNPT-065,1,25.0,0.04848271131186266,0.9922452211380005,0.03125,0.0,1.0,0.9375,378.0,539.0,162.0,160.0,708.0,475.5,1907.7857017409888,420.31648094328636,78.86702729928318,,1.0,0.0,0.0,0.0,1.0,0.904,625.0,749.0,125.0,125.0,1896.5,385.0,1356.5689218289558,409.78665756994576,132.02766466337948,86.0,37.07588016492752,-11.28570174098877,-35.316480943286365,0.5973522859800953,0.8627216815948486,0.9689093828201294,0.0,0.0,0.0,1.0,0.0,1.0
SNPT-065,1,8.0,0.0004298812769532091,0.9999572486634467,0.3007662835249042,1.0,1.0,0.8275862068965517,0.0,521.0,522.0,522.0,1655.5,498.0,1897.612066835684,510.56892057118273,76.14941027767522,30.0,0.0068641471055646735,0.9415646896642798,0.5573770491803278,0.0,0.8297872340425532,0.7704918032786885,689.0,749.0,61.0,61.0,1906.5,458.0,1742.8379871708494,447.5822779174881,138.4877720515001,168.0,53.314976938498894,8.88793316431611,-52.56892057118273,0.5498637832758057,0.9212234020233154,0.9246931672096252,0.0,1.0,1.0,0.0,1.0,0.0
SNPT-065,0,4.0,0.46441215434326577,0.7632735019380396,0.13043478260869565,0.0,1.0,0.8814229249011858,0.0,252.0,253.0,253.0,944.5,571.0,12.49365531036523,555.721262652457,80.54702398101148,,1.0,0.0,0.0,1.0,1.0,0.9027777777777778,332.0,403.0,72.0,72.0,1871.5,488.0,1913.1134547933334,525.2018247319209,79.84570816325676,80.0,1860.2394359360196,1859.0063446896347,-67.72126265245697,1.0087833877848609,0.7060549259185791,0.9020639657974243,0.0,0.0,0.0,0.0,1.0,1.0
SNPT-065,1,,1.0,0.0,0.0,0.0,0.9936908517350158,0.8430851063829787,0.0,375.0,376.0,376.0,1491.5,474.5,659.7222421517982,475.4211599167778,69.66860549817535,,1.0,0.0,0.0,0.0,1.0,0.904,625.0,749.0,125.0,125.0,1896.5,385.0,1356.5689218289558,409.78665756994576,132.02766466337948,250.0,1240.078710594098,1236.7777578482019,-90.42115991677781,0.527681873914864,0.8607245683670044,0.9645184278488159,0.0,0.0,0.0,1.0,0.0,1.0
SNPT-065,0,27.0,0.0035136842118353357,0.9722044718213928,0.4024390243902439,0.0,0.5808823529411765,0.9477351916376306,0.0,610.0,611.0,574.0,1306.5,544.0,7.050923886114655,416.5322892868505,91.85802735364953,36.0,0.0013432301188345264,0.9998720586299896,0.15841584158415842,1.0,1.0,1.0,649.0,749.0,101.0,101.0,1892.0,385.5,1539.7572843306039,382.2422115268747,121.7845927951671,39.0,1885.2045041641961,1884.9490761138854,-31.032289286850528,0.754266407969587,0.8128873109817505,0.9647455215454102,0.0,1.0,1.0,0.0,1.0,0.0
SNPT-065,0,5.0,0.009118164048784919,0.996895786878225,0.3008130081300813,1.0,1.0,0.8617886178861789,213.0,509.0,297.0,246.0,1856.5,612.0,1908.079412876075,520.1151658396813,89.28527819444932,,1.0,0.0,0.0,0.0,1.0,0.904,625.0,749.0,125.0,125.0,1896.5,385.0,1356.5689218289558,409.78665756994576,132.02766466337948,116.0,135.61043780785894,-11.579412876074912,-135.11516583968125,0.6762618911884335,0.723922610282898,0.939984917640686,0.0,0.0,0.0,0.0,1.0,1.0
SNPT-065,0,10.0,0.02535454849362097,0.9826603891477304,0.6713881019830028,0.0,1.0,0.8101983002832861,0.0,354.0,355.0,353.0,1681.0,873.5,760.6772623645556,542.0694055902214,100.9272905120489,30.0,0.004203111161389287,0.9670758297046026,1.0,0.0,1.0,1.0,690.0,749.0,60.0,60.0,1878.0,474.5,1791.5879422040775,450.4116422106075,134.26849581860452,336.0,1119.363982183177,1117.3227376354444,-67.56940559022144,0.751682588657288,0.846611738204956,0.9064717292785645,0.0,1.0,1.0,1.0,0.0,1.0
SNPT-065,0,27.0,0.0012987202783645649,0.9998644583968705,0.34962406015037595,1.0,1.0,0.849624060150376,0.0,265.0,266.0,266.0,1058.0,502.0,13.134160238080732,526.639513385808,78.11158676355353,10.0,0.07079125286545604,0.9714859994975004,0.08661417322834646,0.0,1.0,0.8346456692913385,357.0,522.0,166.0,127.0,793.0,545.5,1887.2934013876588,510.49803089999386,92.47335826691912,92.0,780.0938699816116,779.8658397619192,18.86048661419204,0.8446928740068989,0.8684206008911133,0.9680299162864685,0.0,1.0,1.0,0.0,1.0,1.0
SNPT-065,1,4.0,0.46441215434326577,0.7632735019380396,0.13043478260869565,0.0,1.0,0.8814229249011858,0.0,252.0,253.0,253.0,944.5,571.0,12.49365531036523,555.721262652457,80.54702398101148,4.0,0.0611669496764255,0.9613594840402189,0.5609756097560976,0.0,1.0,0.7865853658536586,395.0,558.0,164.0,164.0,5.0,583.5,10.94299520653869,563.6515702378166,103.33491250749347,143.0,28.771741666683074,-7.493655310365231,27.77873734754303,0.7794754166475004,0.9417912364006042,0.9744056463241577,1.0,0.0,0.0,1.0,0.0,1.0
SNPT-065,0,4.0,0.46441215434326577,0.7632735019380396,0.13043478260869565,0.0,1.0,0.8814229249011858,0.0,252.0,253.0,253.0,944.5,571.0,12.49365531036523,555.721262652457,80.54702398101148,3.0,0.028387955098878592,0.9954117462038994,0.14634146341463414,0.0,1.0,0.8536585365853658,389.0,583.0,195.0,164.0,19.0,485.0,15.6602567996232,370.985244804933,83.85837859923656,137.0,71.01992334815735,6.506344689634769,-70.72126265245697,0.9605125370471302,0.8912903666496277,0.9867688417434692,0.0,1.0,0.0,1.0,0.0,1.0
SNPT-065,1,10.0,0.07079125286545604,0.9714859994975004,0.08661417322834646,0.0,1.0,0.8346456692913385,357.0,522.0,166.0,127.0,793.0,545.5,1887.2934013876588,510.49803089999386,92.47335826691912,10.0,0.00010772680931646998,0.9999925374984742,1.0,0.0,1.0,1.0,735.0,749.0,15.0,15.0,1883.0,622.0,1797.067591091441,613.2229284769489,168.67630527808052,213.0,111.58459754219788,-4.293401387658832,111.50196910000614,0.5482296883042768,0.8943830132484436,0.9344202280044556,1.0,0.0,1.0,1.0,0.0,1.0
SNPT-065,0,,1.0,0.0,0.0,1.0,1.0,0.791907514450867,0.0,172.0,173.0,173.0,121.0,443.0,14.490531093569231,473.3614757303958,44.31870759453054,10.0,0.07079125286545604,0.9714859994975004,0.08661417322834646,0.0,1.0,0.8346456692913385,357.0,522.0,166.0,127.0,793.0,545.5,1887.2934013876588,510.49803089999386,92.47335826691912,185.0,781.8445880485259,778.5094689064308,72.1385242696042,0.4792591988127769,0.6721774935722351,0.903638482093811,0.0,0.0,0.0,0.0,1.0,1.0
SNPT-065,1,36.0,0.006800323425505114,0.9986999105004704,0.09550561797752809,1.0,1.0,0.9082397003745318,0.0,540.0,541.0,534.0,1703.0,475.5,1880.4776445037337,416.2297206238825,68.20255251137397,36.0,0.0013432301188345264,0.9998720586299896,0.15841584158415842,1.0,1.0,1.0,649.0,749.0,101.0,101.0,1892.0,385.5,1539.7572843306039,382.2422115268747,121.7845927951671,109.0,32.81890317795838,11.5223554962663,-30.729720623882486,0.5600261161613911,0.824196457862854,0.9663912057876587,1.0,0.0,1.0,1.0,0.0,1.0
SNPT-065,0,,1.0,0.0,0.0,1.0,1.0,0.9027777777777778,332.0,403.0,72.0,72.0,1871.5,488.0,1913.1134547933334,525.2018247319209,79.84570816325676,36.0,0.0013432301188345264,0.9998720586299896,0.15841584158415842,1.0,1.0,1.0,649.0,749.0,101.0,101.0,1892.0,385.5,1539.7572843306039,382.2422115268747,121.7845927951671,246.0,141.28827908477925,-21.113454793333403,-139.70182473192085,0.6556306206775391,0.6366239786148071,0.9290183186531067,0.0,0.0,0.0,1.0,0.0,1.0
SNPT-065,0,44.0,0.010766670173808638,0.9957260511815548,0.8540925266903915,1.0,1.0,0.8540925266903915,370.0,650.0,281.0,281.0,30.5,765.0,12.402080861141542,642.4517661804289,135.18827388087607,10.0,0.00010772680931646998,0.9999925374984742,1.0,0.0,1.0,1.0,735.0,749.0,15.0,15.0,1883.0,622.0,1797.067591091441,613.2229284769489,168.67630527808052,85.0,1870.7097182156633,1870.5979191388585,-20.451766180428876,0.8014657047295651,0.7371588945388794,0.9095872640609741,0.0,1.0,1.0,0.0,1.0,1.0
SNPT-065,0,,1.0,0.0,0.0,1.0,1.0,0.8575949367088608,0.0,315.0,316.0,316.0,1310.0,452.0,5.633389472999211,415.7483905040543,65.3272471147978,10.0,0.07079125286545604,0.9714859994975004,0.08661417322834646,0.0,1.0,0.8346456692913385,357.0,522.0,166.0,127.0,793.0,545.5,1887.2934013876588,510.49803089999386,92.47335826691912,42.0,797.986002095003,787.3666105270008,129.75160949594567,0.7064439784509003,0.8492494821548462,0.9632723331451416,0.0,0.0,0.0,0.0,1.0,1.0
SNPT-065,0,,1.0,0.0,0.0,1.0,1.0,0.791907514450867,0.0,172.0,173.0,173.0,121.0,443.0,14.490531093569231,473.3614757303958,44.31870759453054,44.0,0.010766670173808638,0.9957260511815548,0.8540925266903915,1.0,1.0,0.8540925266903915,370.0,650.0,281.0,281.0,30.5,765.0,12.402080861141542,642.4517661804289,135.18827388087607,198.0,292.0776128579842,16.00946890643077,291.6385242696042,0.32782952487123906,0.6293351650238037,0.8625834584236145,0.0,0.0,0.0,1.0,0.0,1.0
SNPT-065,0,3.0,0.028387955098878592,0.9954117462038994,0.14634146341463414,0.0,1.0,0.8536585365853658,389.0,583.0,195.0,164.0,19.0,485.0,15.6602567996232,370.985244804933,83.85837859923656,30.0,0.0068641471055646735,0.9415646896642798,0.5573770491803278,0.0,0.8297872340425532,0.7704918032786885,689.0,749.0,61.0,61.0,1906.5,458.0,1742.8379871708494,447.5822779174881,138.4877720515001,106.0,1892.8408549288351,1890.8397432003767,87.01475519506698,0.6055291189755855,0.8462943434715271,0.9540693163871765,0.0,1.0,1.0,1.0,0.0,0.0
SNPT-065,1,10.0,0.02535454849362097,0.9826603891477304,0.6713881019830028,0.0,1.0,0.8101983002832861,0.0,354.0,355.0,353.0,1681.0,873.5,760.6772623645556,542.0694055902214,100.9272905120489,10.0,0.07079125286545604,0.9714859994975004,0.08661417322834646,0.0,1.0,0.8346456692913385,357.0,522.0,166.0,127.0,793.0,545.5,1887.2934013876588,510.49803089999386,92.47335826691912,3.0,32.50428196798346,32.322737635444355,3.430594409778564,1.091420192837898,0.9618734121322632,0.9559046030044556,1.0,0.0,1.0,1.0,0.0,1.0
SNPT-065,0,27.0,0.0012987202783645649,0.9998644583968705,0.34962406015037595,1.0,1.0,0.849624060150376,0.0,265.0,266.0,266.0,1058.0,502.0,13.134160238080732,526.639513385808,78.11158676355353,,1.0,0.0,0.0,1.0,1.0,0.9027777777777778,332.0,403.0,72.0,72.0,1871.5,488.0,1913.1134547933334,525.2018247319209,79.84570816325676,67.0,1858.7674965924907,1858.3658397619192,-38.63951338580796,0.9782815953468964,0.7706677913665771,0.9543442130088806,0.0,0.0,0.0,1.0,0.0,1.0
SNPT-065,1,24.0,0.0003122416354182695,0.9821131676435471,0.08664259927797834,0.0,0.98,0.9025270758122743,0.0,276.0,277.0,277.0,1277.5,615.5,7.248575286214777,686.6117565238073,88.38394855651227,24.0,0.05827864448249091,0.9592440819015374,0.736318407960199,0.0,1.0,0.9552238805970149,381.0,581.0,201.0,201.0,35.0,742.0,21.586739944829446,829.5127679928904,131.0596707735701,105.0,61.95158665460384,27.751424713785223,55.388243476192656,0.6743794489550636,0.9581466913223267,0.9657497406005859,1.0,0.0,1.0,1.0,0.0,1.0
SNPT-065,1,,1.0,0.0,0.0,1.0,1.0,0.8575949367088608,0.0,315.0,316.0,316.0,1310.0,452.0,5.633389472999211,415.7483905040543,65.3272471147978,10.0,0.044426677993529805,0.9844374302132376,0.15425531914893617,1.0,0.98125,0.851063829787234,374.0,749.0,376.0,376.0,24.0,477.5,1076.8914164102023,365.49897472090413,91.14481356769386,59.0,64.42510114536339,18.366610527000788,61.75160949594567,0.7167412445940088,0.8958689570426941,0.9629743099212646,0.0,0.0,0.0,1.0,0.0,1.0
SNPT-065,0,,1.0,0.0,0.0,1.0,1.0,0.8575949367088608,0.0,315.0,316.0,316.0,1310.0,452.0,5.633389472999211,415.7483905040543,65.3272471147978,30.0,0.0068641471055646735,0.9415646896642798,0.5573770491803278,0.0,0.8297872340425532,0.7704918032786885,689.0,749.0,61.0,61.0,1906.5,458.0,1742.8379871708494,447.5822779174881,138.4877720515001,374.0,1901.3361274433846,1900.8666105270008,42.25160949594567,0.4717185217659813,0.8913424015045166,0.8849568963050842,0.0,0.0,0.0,0.0,1.0,0.0
SNPT-065,1,10.0,0.02535454849362097,0.9826603891477304,0.6713881019830028,0.0,1.0,0.8101983002832861,0.0,354.0,355.0,353.0,1681.0,873.5,760.6772623645556,542.0694055902214,100.9272905120489,10.0,0.00010772680931646998,0.9999925374984742,1.0,0.0,1.0,1.0,735.0,749.0,15.0,15.0,1883.0,622.0,1797.067591091441,613.2229284769489,168.67630527808052,381.0,1125.1654222096497,1122.3227376354444,79.93059440977856,0.5983489521285145,0.8985327482223511,0.9770817160606384,1.0,0.0,1.0,1.0,0.0,1.0
SNPT-065,0,4.0,0.46441215434326577,0.7632735019380396,0.13043478260869565,0.0,1.0,0.8814229249011858,0.0,252.0,253.0,253.0,944.5,571.0,12.49365531036523,555.721262652457,80.54702398101148,30.0,0.004203111161389287,0.9670758297046026,1.0,0.0,1.0,1.0,690.0,749.0,60.0,60.0,1878.0,474.5,1791.5879422040775,450.4116422106075,134.26849581860452,438.0,1867.2736316844787,1865.5063446896347,-81.22126265245697,0.5998951838250259,0.9132005572319031,0.8551207184791565,0.0,1.0,0.0,1.0,0.0,1.0
SNPT-065,0,9.0,0.051420296487127155,0.9534317813813686,0.125,0.0,0.9829931972789115,0.765625,0.0,383.0,384.0,384.0,1786.0,503.0,1897.8082165710075,527.6540952273964,70.52758089304645,30.0,0.004203111161389287,0.9670758297046026,1.0,0.0,1.0,1.0,690.0,749.0,60.0,60.0,1878.0,474.5,1791.5879422040775,450.4116422106075,134.26849581860452,307.0,56.72497935801353,-19.808216571007506,-53.1540952273964,0.5252727414800904,0.8851970434188843,0.8603426218032837,0.0,1.0,1.0,1.0,0.0,1.0
SNPT-065,1,30.0,0.10053418596085771,0.9476889967918396,0.15384615384615385,0.0,0.9949622166246851,0.7830374753451677,0.0,513.0,514.0,507.0,1628.5,514.0,1901.0087385226961,560.6636575361531,79.04023196712554,30.0,0.004203111161389287,0.9670758297046026,1.0,0.0,1.0,1.0,690.0,749.0,60.0,60.0,1878.0,474.5,1791.5879422040775,450.4116422106075,134.26849581860452,177.0,89.18283426990462,-23.00873852269615,-86.1636575361531,0.5886729532883734,0.9336400628089905,0.8612462878227234,1.0,0.0,1.0,1.0,0.0,1.0
SNPT-065,0,,1.0,0.0,0.0,0.0,0.9936908517350158,0.8430851063829787,0.0,375.0,376.0,376.0,1491.5,474.5,659.7222421517982,475.4211599167778,69.66860549817535,36.0,0.0013432301188345264,0.9998720586299896,0.15841584158415842,1.0,1.0,1.0,649.0,749.0,101.0,101.0,1892.0,385.5,1539.7572843306039,382.2422115268747,121.7845927951671,274.0,1235.5542430375813,1232.2777578482019,-89.92115991677781,0.5720641987558551,0.6410408020019531,0.9522736668586731,0.0,0.0,0.0,0.0,1.0,1.0
SNPT-065,0,30.0,0.10053418596085771,0.9476889967918396,0.15384615384615385,0.0,0.9949622166246851,0.7830374753451677,0.0,513.0,514.0,507.0,1628.5,514.0,1901.0087385226961,560.6636575361531,79.04023196712554,30.0,0.0068641471055646735,0.9415646896642798,0.5573770491803278,0.0,0.8297872340425532,0.7704918032786885,689.0,749.0,61.0,61.0,1906.5,458.0,1742.8379871708494,447.5822779174881,138.4877720515001,176.0,102.81041061737204,5.491261477303851,-102.6636575361531,0.5707379849950397,0.9249722957611084,0.9409233927726746,1.0,0.0,1.0,1.0,0.0,0.0
SNPT-065,1,,1.0,0.0,0.0,0.0,0.9936908517350158,0.8430851063829787,0.0,375.0,376.0,376.0,1491.5,474.5,659.7222421517982,475.4211599167778,69.66860549817535,25.0,0.04848271131186266,0.9922452211380005,0.03125,0.0,1.0,0.9375,378.0,539.0,162.0,160.0,708.0,475.5,1907.7857017409888,420.31648094328636,78.86702729928318,3.0,48.277822223131906,48.27775784820176,0.0788400832221896,0.8833679661057615,0.9321559071540833,0.9818522930145264,0.0,0.0,0.0,1.0,0.0,1.0
SNPT-065,0,24.0,0.0003122416354182695,0.9821131676435471,0.08664259927797834,0.0,0.98,0.9025270758122743,0.0,276.0,277.0,277.0,1277.5,615.5,7.248575286214777,686.6117565238073,88.38394855651227,10.0,0.07079125286545604,0.9714859994975004,0.08661417322834646,0.0,1.0,0.8346456692913385,357.0,522.0,166.0,127.0,793.0,545.5,1887.2934013876588,510.49803089999386,92.47335826691912,81.0,798.3218832457104,785.7514247137852,-141.11175652380734,0.955777428363713,0.8893774151802063,0.9901528358459473,0.0,1.0,1.0,1.0,0.0,1.0
SNPT-065,0,5.0,2.7153160113158174e-05,0.9999979781300834,0.8356807511737089,1.0,1.0,0.8732394366197183,0.0,212.0,213.0,213.0,1732.0,562.0,1913.7233671528822,621.868259066423,70.41227137523975,10.0,0.044426677993529805,0.9844374302132376,0.15425531914893617,1.0,0.98125,0.851063829787234,374.0,749.0,376.0,376.0,24.0,477.5,1076.8914164102023,365.49897472090413,91.14481356769386,162.0,1895.2299592897682,-1889.7233671528822,-144.36825906642298,0.772531849252663,0.8830866813659668,0.9730428457260132,0.0,1.0,1.0,1.0,0.0,1.0
SNPT-065,0,,1.0,0.0,0.0,1.0,1.0,0.791907514450867,0.0,172.0,173.0,173.0,121.0,443.0,14.490531093569231,473.3614757303958,44.31870759453054,10.0,0.00010772680931646998,0.9999925374984742,1.0,0.0,1.0,1.0,735.0,749.0,15.0,15.0,1883.0,622.0,1797.067591091441,613.2229284769489,168.67630527808052,563.0,1874.4121868708703,1868.5094689064308,148.6385242696042,0.2627441211820861,0.5950778722763062,0.8843291997909546,0.0,0.0,0.0,0.0,1.0,1.0
SNPT-065,1,44.0,0.0016641778518037013,0.9991024804402546,0.5253164556962026,1.0,1.0,0.8639240506329114,0.0,315.0,316.0,316.0,1175.5,622.0,12.601277781184026,769.8649162886206,106.06249011377243,44.0,0.010766670173808638,0.9957260511815548,0.8540925266903915,1.0,1.0,0.8540925266903915,370.0,650.0,281.0,281.0,30.5,765.0,12.402080861141542,642.4517661804289,135.18827388087607,55.0,18.54809067159267,17.898722218815976,-4.864916288620634,0.784553919278765,0.9697822332382202,0.9705342650413513,1.0,0.0,1.0,1.0,0.0,1.0
SNPT-065,0,,1.0,0.0,0.0,1.0,1.0,0.791907514450867,0.0,172.0,173.0,173.0,121.0,443.0,14.490531093569231,473.3614757303958,44.31870759453054,,1.0,0.0,0.0,1.0,1.0,0.9027777777777778,332.0,403.0,72.0,72.0,1871.5,488.0,1913.1134547933334,525.2018247319209,79.84570816325676,160.0,1857.0671646445467,1857.0094689064308,14.638524269604204,0.5550543493698392,0.5881670117378235,0.877082109451294,0.0,0.0,0.0,1.0,0.0,1.0
SNPT-065,0,5.0,0.009118164048784919,0.996895786878225,0.3008130081300813,1.0,1.0,0.8617886178861789,213.0,509.0,297.0,246.0,1856.5,612.0,1908.079412876075,520.1151658396813,89.28527819444932,30.0,0.0068641471055646735,0.9415646896642798,0.5573770491803278,0.0,0.8297872340425532,0.7704918032786885,689.0,749.0,61.0,61.0,1906.5,458.0,1742.8379871708494,447.5822779174881,138.4877720515001,180.0,62.13524259487699,-1.5794128760749118,-62.115165839681254,0.6447159693004981,0.8765990734100342,0.9198758602142334,0.0,1.0,1.0,0.0,1.0,0.0
SNPT-065,0,27.0,0.0035136842118353357,0.9722044718213928,0.4024390243902439,0.0,0.5808823529411765,0.9477351916376306,0.0,610.0,611.0,574.0,1306.5,544.0,7.050923886114655,416.5322892868505,91.85802735364953,30.0,0.0068641471055646735,0.9415646896642798,0.5573770491803278,0.0,0.8297872340425532,0.7704918032786885,689.0,749.0,61.0,61.0,1906.5,458.0,1742.8379871708494,447.5822779174881,138.4877720515001,79.0,1899.9016721350824,1899.4490761138854,41.46771071314947,0.6632934156778106,0.9486160278320312,0.9562671780586243,0.0,1.0,1.0,1.0,0.0,0.0
SNPT-065,1,5.0,2.7153160113158174e-05,0.9999979781300834,0.8356807511737089,1.0,1.0,0.8732394366197183,0.0,212.0,213.0,213.0,1732.0,562.0,1913.7233671528822,621.868259066423,70.41227137523975,5.0,0.009118164048784919,0.996895786878225,0.3008130081300813,1.0,1.0,0.8617886178861789,213.0,509.0,297.0,246.0,1856.5,612.0,1908.079412876075,520.1151658396813,89.28527819444932,1.0,58.06803152609534,-57.22336715288225,-9.86825906642298,0.7886212912042776,0.9616045951843262,0.9808933138847351,1.0,0.0,1.0,1.0,0.0,1.0
SNPT-065,0,25.0,0.04848271131186266,0.9922452211380005,0.03125,0.0,1.0,0.9375,378.0,539.0,162.0,160.0,708.0,475.5,1907.7857017409888,420.31648094328636,78.86702729928318,36.0,0.0013432301188345264,0.9998720586299896,0.15841584158415842,1.0,1.0,1.0,649.0,749.0,101.0,101.0,1892.0,385.5,1539.7572843306039,382.2422115268747,121.7845927951671,110.0,38.22794429118153,-15.78570174098877,-34.816480943286365,0.6475944574691138,0.6439749002456665,0.9482226371765137,0.0,1.0,1.0,0.0,1.0,1.0
SNPT-065,0,24.0,0.0003122416354182695,0.9821131676435471,0.08664259927797834,0.0,0.98,0.9025270758122743,0.0,276.0,277.0,277.0,1277.5,615.5,7.248575286214777,686.6117565238073,88.38394855651227,10.0,0.044426677993529805,0.9844374302132376,0.15425531914893617,1.0,0.98125,0.851063829787234,374.0,749.0,376.0,376.0,24.0,477.5,1076.8914164102023,365.49897472090413,91.14481356769386,98.0,209.78164110906775,16.751424713785223,-209.11175652380734,0.9697090278304088,0.8023598194122314,0.9662072658538818,0.0,1.0,1.0,0.0,1.0,1.0
SNPT-065,0,4.0,0.46441215434326577,0.7632735019380396,0.13043478260869565,0.0,1.0,0.8814229249011858,0.0,252.0,253.0,253.0,944.5,571.0,12.49365531036523,555.721262652457,80.54702398101148,10.0,0.00010772680931646998,0.9999925374984742,1.0,0.0,1.0,1.0,735.0,749.0,15.0,15.0,1883.0,622.0,1797.067591091441,613.2229284769489,168.67630527808052,483.0,1871.6802228341687,1870.5063446896347,66.27873734754303,0.47752423701847924,0.8052980899810791,0.9472332000732422,0.0,1.0,0.0,1.0,0.0,1.0
SNPT-066,0,5.0,0.02092778704574202,0.9885474393765131,0.6228373702422145,1.0,1.0,0.8027681660899654,0.0,289.0,290.0,289.0,501.5,573.0,1147.4806780879699,516.1871899852214,109.99851100484898,27.0,0.0027803969412616425,0.9995344877243042,0.5,1.0,1.0,0.7833333333333333,661.0,720.0,60.0,60.0,15.0,518.5,13.593432388395069,450.8429052668887,96.09493864732566,372.0,1132.4830397550122,-1132.4806780879699,2.31281001477862,1.1446857925426257,0.9397655725479126,0.9762622117996216,0.0,1.0,1.0,1.0,0.0,1.0
SNPT-066,0,44.0,0.013031427140561488,0.9886267815849611,0.6473988439306358,1.0,1.0,0.9132947976878613,577.0,749.0,173.0,173.0,11.370501023512475,816.3910689537914,656.9973760758644,661.2637832315401,134.15589679702902,28.0,0.0013520939191948855,0.9998729228973389,0.0045871559633027525,0.0,0.9890710382513661,0.8394495412844036,0.0,217.0,218.0,218.0,1072.5,486.0,1878.3241993584277,538.2524175854269,88.6608953007038,360.0,1887.558534486131,-1866.9536983349153,278.13865136836455,1.5131349208918272,0.7227403521537781,0.961776852607727,0.0,1.0,1.0,0.0,1.0,1.0
SNPT-066,0,,1.0,0.0,0.0,1.0,1.0,0.9386503067484663,0.0,185.0,186.0,163.0,1736.0,485.5,1911.1239161881033,442.89607938255506,90.89433894237284,44.0,0.013031427140561488,0.9886267815849611,0.6473988439306358,1.0,1.0,0.9132947976878613,577.0,749.0,173.0,173.0,11.370501023512475,816.3910689537914,656.9973760758644,661.2637832315401,134.15589679702902,392.0,1936.120230167627,-1899.753415164591,373.4949895712364,0.6775277204541468,0.8731768727302551,0.9723434448242188,0.0,0.0,0.0,1.0,0.0,1.0
SNPT-066,1,50.0,0.015919632279831803,0.9719012421143206,0.2998102466793169,0.0,0.5175257731958763,0.920303605313093,0.0,544.0,545.0,527.0,816.5,488.5,1909.2684478592555,743.9792191701854,95.07127140523724,,1.0,0.0,0.0,0.0,0.8571428571428571,0.7,740.0,749.0,10.0,10.0,1907.0,610.0,1832.4105971978142,611.6572176059431,81.13775262324582,196.0,133.9984217263126,-2.2684478592555024,-133.9792191701854,1.1717267034334828,0.8811103105545044,0.9798786044120789,0.0,0.0,0.0,1.0,0.0,0.0
SNPT-066,0,,1.0,0.0,0.0,0.0,1.0,0.8097826086956522,0.0,183.0,184.0,184.0,1304.5,407.0,1892.9347135614223,438.7107551743967,75.43622241205593,5.0,3.8274929123224565e-05,0.9999965176190415,0.26838235294117646,1.0,1.0,0.8235294117647058,283.0,554.0,272.0,272.0,1066.0,539.5,1904.0312153498567,631.8409772149739,75.11481675537837,100.0,833.0543153753104,-826.9347135614223,100.7892448256033,1.00427885829402,0.7155561447143555,0.9505876302719116,0.0,0.0,0.0,0.0,1.0,1.0
SNPT-066,1,,1.0,0.0,0.0,1.0,1.0,0.9386503067484663,0.0,185.0,186.0,163.0,1736.0,485.5,1911.1239161881033,442.89607938255506,90.89433894237284,8.0,0.0005330909043550491,0.9999536275863647,0.004807692307692308,1.0,1.0,0.8221153846153846,285.0,492.0,208.0,208.0,1902.0,423.0,1426.5049545033266,530.5614911025866,60.14631900083378,100.0,21.88834898763417,-9.123916188103294,-19.896079382555058,1.51122031160565,0.9418246746063232,0.9811090230941772,0.0,0.0,0.0,1.0,0.0,1.0
SNPT-066,1,,1.0,0.0,0.0,1.0,1.0,0.8,288.0,292.0,5.0,5.0,1887.0,494.0,1735.395393938167,490.25440624706346,55.274637534122384,4.0,0.00968572582481016,0.9967182753449779,0.4627450980392157,1.0,1.0,0.8235294117647058,495.0,749.0,255.0,255.0,1382.5,538.5,438.44638441940305,522.525888515448,101.42920135936484,203.0,356.17804028231086,-352.895393938167,48.24559375293654,0.5449578306180654,0.7344132661819458,0.8097013235092163,0.0,0.0,0.0,1.0,0.0,1.0
SNPT-066,0,27.0,0.21809262075839797,0.9393839240074158,0.03914590747330961,0.0,0.9621848739495799,0.8469750889679716,0.0,280.0,281.0,281.0,440.0,561.5,1506.670373418738,537.6052595340226,112.66073021122274,,1.0,0.0,0.0,0.0,0.8571428571428571,0.7,740.0,749.0,10.0,10.0,1907.0,610.0,1832.4105971978142,611.6572176059431,81.13775262324582,460.0,406.8228218350451,400.3296265812619,72.3947404659774,1.3885118402816798,0.8682855367660522,0.95695960521698,0.0,0.0,0.0,1.0,0.0,0.0
SNPT-066,1,44.0,0.0029610926837555385,0.9996326847310446,0.7442922374429224,1.0,1.0,0.7853881278538812,0.0,218.0,219.0,219.0,1213.0,498.5,1911.0750381019898,541.4835546493762,94.48712753114955,44.0,0.012965653255219188,0.9918826233882171,0.3939393939393939,1.0,1.0,0.7954545454545454,281.0,545.0,265.0,264.0,1133.0,495.0,6.785088437191828,705.8562449603475,78.77580805301604,63.0,779.4623055480325,-778.0750381019898,-46.483554649376174,1.1994434568993544,0.958187460899353,0.9824702739715576,1.0,0.0,1.0,1.0,0.0,1.0
SNPT-066,0,,1.0,0.0,0.0,1.0,1.0,0.9386503067484663,0.0,185.0,186.0,163.0,1736.0,485.5,1911.1239161881033,442.89607938255506,90.89433894237284,5.0,3.8274929123224565e-05,0.9999965176190415,0.26838235294117646,1.0,1.0,0.8235294117647058,283.0,554.0,272.0,272.0,1066.0,539.5,1904.0312153498567,631.8409772149739,75.11481675537837,98.0,850.6272692500387,-845.1239161881033,96.60392061744494,1.2100720319718363,0.8411868810653687,0.9795877933502197,0.0,0.0,0.0,1.0,0.0,1.0
SNPT-066,1,28.0,0.0013520939191948855,0.9998729228973389,0.0045871559633027525,0.0,0.9890710382513661,0.8394495412844036,0.0,217.0,218.0,218.0,1072.5,486.0,1878.3241993584277,538.2524175854269,88.6608953007038,,1.0,0.0,0.0,0.0,0.9301075268817204,0.8034557235421166,287.0,749.0,463.0,463.0,1756.5,433.5,368.2163514479225,419.59982469484254,61.93978342328839,70.0,160.66799475724338,-121.82419935842768,-104.75241758542688,1.431404670804333,0.9273900985717773,0.9902358055114746,0.0,0.0,0.0,1.0,0.0,1.0
SNPT-066,1,,1.0,0.0,0.0,1.0,1.0,0.7365269461077845,0.0,166.0,167.0,167.0,1763.0,397.0,1906.8063709841276,419.2822797207443,72.70280776042499,10.0,0.10720827149830256,0.9345505179270454,0.09871244635193133,1.0,1.0,0.8776824034334764,276.0,749.0,474.0,466.0,1780.5,558.0,93.94406262704373,375.78391452418623,62.65828139268914,110.0,187.60571758518952,-126.30637098412762,138.71772027925567,1.160306445444701,0.8669933080673218,0.9707831740379333,0.0,0.0,0.0,1.0,0.0,1.0
SNPT-066,0,10.0,0.057376526780282565,0.9676876057471547,0.22950819672131148,0.0,0.9902534113060428,0.840983606557377,0.0,612.0,613.0,610.0,713.5,518.5,1898.7889392412003,799.4947258343867,96.64765395782148,27.0,0.0027803969412616425,0.9995344877243042,0.5,1.0,1.0,0.7833333333333333,661.0,720.0,60.0,60.0,15.0,518.5,13.593432388395069,450.8429052668887,96.09493864732566,49.0,1904.6308838077337,-1883.7889392412003,-280.9947258343867,1.0057517629781139,0.8717228770256042,0.96209716796875,0.0,1.0,1.0,0.0,1.0,1.0
SNPT-066,1,,1.0,0.0,0.0,1.0,1.0,0.9386503067484663,0.0,185.0,186.0,163.0,1736.0,485.5,1911.1239161881033,442.89607938255506,90.89433894237284,,1.0,0.0,0.0,1.0,1.0,0.8,288.0,292.0,5.0,5.0,1887.0,494.0,1735.395393938167,490.25440624706346,55.274637534122384,103.0,56.5117159067458,-24.123916188103294,51.10392061744494,1.6444131159840087,0.7285763621330261,0.7924061417579651,0.0,0.0,0.0,1.0,0.0,1.0
SNPT-066,0,15.0,0.006366334879907696,0.9890443082569408,0.5121951219512195,1.0,0.8666666666666667,0.8362369337979094,0.0,286.0,287.0,287.0,570.0,535.5,1255.3668617013627,527.3872064992906,104.06491661440849,4.0,0.00968572582481016,0.9967182753449779,0.4627450980392157,1.0,1.0,0.8235294117647058,495.0,749.0,255.0,255.0,1382.5,538.5,438.44638441940305,522.525888515448,101.42920135936484,209.0,127.6179024786485,127.13313829863728,11.112793500709358,1.0259857636629246,0.8518542647361755,0.9895082712173462,0.0,1.0,1.0,1.0,0.0,0.0
SNPT-066,1,50.0,0.001678340800466568,0.999830323842264,0.45588235294117646,1.0,1.0,0.8235294117647058,0.0,135.0,136.0,136.0,1871.5,606.0,1909.5753980011627,625.4733514431134,109.22062152226827,50.0,0.1024655848571759,0.9526433785756429,0.3488372093023256,1.0,1.0,0.8837209302325582,707.0,749.0,43.0,43.0,1903.5,637.5,1551.3873888245653,560.0550833466172,95.64627089968481,572.0,13.47407645753112,-6.075398001162739,12.026648556886585,1.1419224241039199,0.9443482756614685,0.9767576456069946,1.0,0.0,1.0,1.0,0.0,1.0
SNPT-066,0,28.0,0.0013520939191948855,0.9998729228973389,0.0045871559633027525,0.0,0.9890710382513661,0.8394495412844036,0.0,217.0,218.0,218.0,1072.5,486.0,1878.3241993584277,538.2524175854269,88.6608953007038,27.0,0.0027803969412616425,0.9995344877243042,0.5,1.0,1.0,0.7833333333333333,661.0,720.0,60.0,60.0,15.0,518.5,13.593432388395069,450.8429052668887,96.09493864732566,444.0,1863.4288904906446,-1863.3241993584277,-19.752417585426883,0.9226385546287171,0.8124574422836304,0.9649432301521301,0.0,1.0,1.0,0.0,1.0,1.0
SNPT-066,0,,1.0,0.0,0.0,0.0,1.0,0.8097826086956522,0.0,183.0,184.0,184.0,1304.5,407.0,1892.9347135614223,438.7107551743967,75.43622241205593,9.0,0.05816159925762878,0.9386599601610847,0.2,0.0,1.0,0.8652173913043478,290.0,749.0,460.0,460.0,944.5,507.5,1227.4042690064264,402.60487498217907,81.34246890328087,107.0,950.9260571106536,-948.4347135614223,68.7892448256033,0.9273903709727856,0.8529561758041382,0.9841071963310242,0.0,0.0,0.0,1.0,0.0,1.0
SNPT-066,0,,1.0,0.0,0.0,0.0,1.0,0.8097826086956522,0.0,183.0,184.0,184.0,1304.5,407.0,1892.9347135614223,438.7107551743967,75.43622241205593,50.0,0.1024655848571759,0.9526433785756429,0.3488372093023256,1.0,1.0,0.8837209302325582,707.0,749.0,43.0,43.0,1903.5,637.5,1551.3873888245653,560.0550833466172,95.64627089968481,524.0,199.06980970469343,10.565286438577687,198.7892448256033,0.788700089428207,0.687818169593811,0.9513049125671387,0.0,0.0,0.0,0.0,1.0,1.0
SNPT-066,0,,1.0,0.0,0.0,1.0,1.0,0.7365269461077845,0.0,166.0,167.0,167.0,1763.0,397.0,1906.8063709841276,419.2822797207443,72.70280776042499,9.0,0.05816159925762878,0.9386599601610847,0.2,0.0,1.0,0.8652173913043478,290.0,749.0,460.0,460.0,944.5,507.5,1227.4042690064264,402.60487498217907,81.34246890328087,124.0,966.3415119966184,-962.3063709841276,88.21772027925567,0.8937865882442202,0.8055174350738525,0.9354667067527771,0.0,0.0,0.0,0.0,1.0,1.0
SNPT-066,0,28.0,0.0013520939191948855,0.9998729228973389,0.0045871559633027525,0.0,0.9890710382513661,0.8394495412844036,0.0,217.0,218.0,218.0,1072.5,486.0,1878.3241993584277,538.2524175854269,88.6608953007038,,1.0,0.0,0.0,0.0,0.8571428571428571,0.7,740.0,749.0,10.0,10.0,1907.0,610.0,1832.4105971978142,611.6572176059431,81.13775262324582,523.0,77.26588590556095,28.675800641572323,71.74758241457312,1.0927206193692702,0.8484756946563721,0.9726555943489075,0.0,0.0,0.0,1.0,0.0,0.0
SNPT-066,1,8.0,0.0005330909043550491,0.9999536275863647,0.004807692307692308,1.0,1.0,0.8221153846153846,285.0,492.0,208.0,208.0,1902.0,423.0,1426.5049545033266,530.5614911025866,60.14631900083378,4.0,0.00968572582481016,0.9967182753449779,0.4627450980392157,1.0,1.0,0.8235294117647058,495.0,749.0,255.0,255.0,1382.5,538.5,438.44638441940305,522.525888515448,101.42920135936484,3.0,44.71527640923356,-44.004954503326644,7.938508897413385,0.5929881946692518,0.9089579582214355,0.9670417308807373,0.0,1.0,1.0,1.0,0.0,1.0
SNPT-066,1,27.0,0.21809262075839797,0.9393839240074158,0.03914590747330961,0.0,0.9621848739495799,0.8469750889679716,0.0,280.0,281.0,281.0,440.0,561.5,1506.670373418738,537.6052595340226,112.66073021122274,17.0,0.196703693731723,0.896523118019104,0.07918552036199095,0.0,1.0,0.8846153846153846,282.0,723.0,442.0,442.0,1066.5,486.0,6.801080305434198,393.2139106817493,76.55824526356403,2.0,443.185131121482,-440.1703734187381,-51.60525953402259,1.4715688665978448,0.9341346025466919,0.9780058860778809,0.0,1.0,0.0,1.0,0.0,1.0
SNPT-066,1,27.0,0.01808176207898372,0.993502656618754,0.10526315789473684,1.0,1.0,0.881578947368421,287.0,514.0,228.0,228.0,879.0,464.0,5.4840124043719705,520.3026607075417,61.50581290753616,27.0,0.0027803969412616425,0.9995344877243042,0.5,1.0,1.0,0.7833333333333333,661.0,720.0,60.0,60.0,15.0,518.5,13.593432388395069,450.8429052668887,96.09493864732566,147.0,9.685226148452148,9.51598759562803,-1.8026607075416905,0.6400525748111071,0.9359546899795532,0.9902809858322144,1.0,0.0,1.0,1.0,0.0,1.0
SNPT-066,0,50.0,0.001678340800466568,0.999830323842264,0.45588235294117646,1.0,1.0,0.8235294117647058,0.0,135.0,136.0,136.0,1871.5,606.0,1909.5753980011627,625.4733514431134,109.22062152226827,27.0,0.0027803969412616425,0.9995344877243042,0.5,1.0,1.0,0.7833333333333333,661.0,720.0,60.0,60.0,15.0,518.5,13.593432388395069,450.8429052668887,96.09493864732566,526.0,1897.5930113251986,-1894.5753980011627,-106.97335144311342,1.136590782612544,0.8646900057792664,0.9865072965621948,0.0,1.0,1.0,1.0,0.0,1.0
SNPT-066,0,25.0,0.03292660685291629,0.9620713352179918,0.4357142857142857,0.0,0.9577464788732394,0.7607142857142857,0.0,279.0,280.0,280.0,611.0,531.0,1574.8621474522374,543.7398639011803,109.48570255183708,27.0,0.01808176207898372,0.993502656618754,0.10526315789473684,1.0,1.0,0.881578947368421,287.0,514.0,228.0,228.0,879.0,464.0,5.4840124043719705,520.3026607075417,61.50581290753616,8.0,700.4160007822624,-695.8621474522374,-79.73986390118034,1.7800870743132973,0.7635831236839294,0.9595649838447571,0.0,1.0,1.0,0.0,1.0,1.0
SNPT-066,0,28.0,0.0013520939191948855,0.9998729228973389,0.0045871559633027525,0.0,0.9890710382513661,0.8394495412844036,0.0,217.0,218.0,218.0,1072.5,486.0,1878.3241993584277,538.2524175854269,88.6608953007038,9.0,0.05816159925762878,0.9386599601610847,0.2,0.0,1.0,0.8652173913043478,290.0,749.0,460.0,460.0,944.5,507.5,1227.4042690064264,402.60487498217907,81.34246890328087,73.0,934.3304268270176,-933.8241993584277,-30.752417585426883,1.0899705467032823,0.9144246578216553,0.9938064813613892,0.0,1.0,1.0,1.0,0.0,1.0
SNPT-066,1,10.0,0.057376526780282565,0.9676876057471547,0.22950819672131148,0.0,0.9902534113060428,0.840983606557377,0.0,612.0,613.0,610.0,713.5,518.5,1898.7889392412003,799.4947258343867,96.64765395782148,,1.0,0.0,0.0,0.0,0.8571428571428571,0.7,740.0,749.0,10.0,10.0,1907.0,610.0,1832.4105971978142,611.6572176059431,81.13775262324582,128.0,189.67254054774003,8.211060758799704,-189.4947258343867,1.1911551754039105,0.898859441280365,0.975587785243988,0.0,0.0,0.0,1.0,0.0,0.0
SNPT-066,1,5.0,0.02092778704574202,0.9885474393765131,0.6228373702422145,1.0,1.0,0.8027681660899654,0.0,289.0,290.0,289.0,501.5,573.0,1147.4806780879699,516.1871899852214,109.99851100484898,5.0,1.0844475178196768e-05,0.9999993509716458,0.06818181818181818,1.0,0.9915254237288136,0.8939393939393939,618.0,749.0,132.0,132.0,1912.0,505.5,1424.5060741002621,463.95661435222434,93.76753932359313,329.0,764.5940161985383,764.5193219120301,-10.68718998522138,1.1730979803708246,0.9683602452278137,0.9603843688964844,1.0,0.0,1.0,1.0,0.0,1.0
SNPT-066,0,8.0,0.0005330909043550491,0.9999536275863647,0.004807692307692308,1.0,1.0,0.8221153846153846,285.0,492.0,208.0,208.0,1902.0,423.0,1426.5049545033266,530.5614911025866,60.14631900083378,27.0,0.0027803969412616425,0.9995344877243042,0.5,1.0,1.0,0.7833333333333333,661.0,720.0,60.0,60.0,15.0,518.5,13.593432388395069,450.8429052668887,96.09493864732566,169.0,1411.556487057835,-1411.5049545033266,-12.061491102586615,0.6259051709432322,0.871874213218689,0.9825559258460999,0.0,1.0,1.0,1.0,0.0,1.0
SNPT-066,0,,1.0,0.0,0.0,0.0,1.0,0.8097826086956522,0.0,183.0,184.0,184.0,1304.5,407.0,1892.9347135614223,438.7107551743967,75.43622241205593,27.0,0.0027803969412616425,0.9995344877243042,0.5,1.0,1.0,0.7833333333333333,661.0,720.0,60.0,60.0,15.0,518.5,13.593432388395069,450.8429052668887,96.09493864732566,478.0,1879.6289825358783,-1877.9347135614223,79.7892448256033,0.7850176447784779,0.7314140200614929,0.9452729225158691,0.0,0.0,0.0,0.0,1.0,1.0
SNPT-066,0,,1.0,0.0,0.0,0.0,1.0,0.8097826086956522,0.0,183.0,184.0,184.0,1304.5,407.0,1892.9347135614223,438.7107551743967,75.43622241205593,27.0,0.01808176207898372,0.993502656618754,0.10526315789473684,1.0,1.0,0.881578947368421,287.0,514.0,228.0,228.0,879.0,464.0,5.4840124043719705,520.3026607075417,61.50581290753616,104.0,1014.2500427748242,-1013.9347135614223,25.289244825603305,1.2264893161474322,0.7650099992752075,0.9537912607192993,0.0,0.0,0.0,0.0,1.0,1.0
SNPT-066,0,27.0,0.21809262075839797,0.9393839240074158,0.03914590747330961,0.0,0.9621848739495799,0.8469750889679716,0.0,280.0,281.0,281.0,440.0,561.5,1506.670373418738,537.6052595340226,112.66073021122274,8.0,0.057139303922891134,0.9577820505346021,0.2701525054466231,0.0,1.0,0.869281045751634,280.0,749.0,470.0,459.0,1106.5,467.0,96.98137636571155,538.5169165307009,87.58252946812094,0.0,406.35136327562503,-400.1703734187381,-70.6052595340226,1.2863379362916207,0.945347785949707,0.9747211933135986,0.0,1.0,0.0,1.0,0.0,1.0
SNPT-066,0,28.0,0.0013520939191948855,0.9998729228973389,0.0045871559633027525,0.0,0.9890710382513661,0.8394495412844036,0.0,217.0,218.0,218.0,1072.5,486.0,1878.3241993584277,538.2524175854269,88.6608953007038,5.0,1.0844475178196768e-05,0.9999993509716458,0.06818181818181818,1.0,0.9915254237288136,0.8939393939393939,618.0,749.0,132.0,132.0,1912.0,505.5,1424.5060741002621,463.95661435222434,93.76753932359313,401.0,46.97638136916362,33.67580064157232,-32.75241758542688,0.9455393192598749,0.7831287384033203,0.968858003616333,0.0,1.0,1.0,0.0,1.0,1.0
SNPT-066,0,5.0,3.8274929123224565e-05,0.9999965176190415,0.26838235294117646,1.0,1.0,0.8235294117647058,283.0,554.0,272.0,272.0,1066.0,539.5,1904.0312153498567,631.8409772149739,75.11481675537837,50.0,0.1024655848571759,0.9526433785756429,0.3488372093023256,1.0,1.0,0.8837209302325582,707.0,749.0,43.0,43.0,1903.5,637.5,1551.3873888245653,560.0550833466172,95.64627089968481,153.0,5.683900828600697,-0.5312153498566659,5.659022785026082,0.7853397320023054,0.9119683504104614,0.9874542355537415,0.0,1.0,1.0,1.0,0.0,1.0
SNPT-066,1,36.0,0.0006777601381464911,0.998229888097154,0.6701754385964912,1.0,1.0,0.7052631578947368,0.0,284.0,285.0,285.0,693.5,546.5,1209.2173822521831,424.8926243863309,109.7602585716064,36.0,0.0030941000298467625,0.9950102624685868,0.24838012958963282,1.0,0.9973262032085561,0.8077753779697624,287.0,749.0,463.0,463.0,997.5,466.5,781.2911141608304,332.5594548873082,64.24185820334621,3.0,215.76705877676042,-211.71738225218314,41.60737561366909,1.7085473808086273,0.9469078183174133,0.9470177292823792,1.0,0.0,1.0,1.0,0.0,1.0
SNPT-066,0,,1.0,0.0,0.0,1.0,1.0,0.7365269461077845,0.0,166.0,167.0,167.0,1763.0,397.0,1906.8063709841276,419.2822797207443,72.70280776042499,44.0,0.013031427140561488,0.9886267815849611,0.6473988439306358,1.0,1.0,0.9132947976878613,577.0,749.0,173.0,173.0,11.370501023512475,816.3910689537914,656.9973760758644,661.2637832315401,134.15589679702902,411.0,1936.587856932778,-1895.435869960615,397.1087892330471,0.541927783244747,0.7972343564033508,0.95993572473526,0.0,0.0,0.0,1.0,0.0,1.0
SNPT-066,1,44.0,0.0029610926837555385,0.9996326847310446,0.7442922374429224,1.0,1.0,0.7853881278538812,0.0,218.0,219.0,219.0,1213.0,498.5,1911.0750381019898,541.4835546493762,94.48712753114955,44.0,0.013031427140561488,0.9886267815849611,0.6473988439306358,1.0,1.0,0.9132947976878613,577.0,749.0,173.0,173.0,11.370501023512475,816.3910689537914,656.9973760758644,661.2637832315401,134.15589679702902,359.0,1919.4925031418027,-1899.7045370784772,274.90751430441526,0.7043084186907097,0.9136157035827637,0.9840237498283386,1.0,0.0,1.0,1.0,0.0,1.0
SNPT-066,0,36.0,0.0006777601381464911,0.998229888097154,0.6701754385964912,1.0,1.0,0.7052631578947368,0.0,284.0,285.0,285.0,693.5,546.5,1209.2173822521831,424.8926243863309,109.7602585716064,5.0,1.0844475178196768e-05,0.9999993509716458,0.06818181818181818,1.0,0.9915254237288136,0.8939393939393939,618.0,749.0,132.0,132.0,1912.0,505.5,1424.5060741002621,463.95661435222434,93.76753932359313,334.0,707.3902436504177,702.7826177478169,80.60737561366909,1.1705570964470142,0.901868999004364,0.928568959236145,0.0,1.0,1.0,1.0,0.0,1.0
SNPT-066,0,10.0,0.057376526780282565,0.9676876057471547,0.22950819672131148,0.0,0.9902534113060428,0.840983606557377,0.0,612.0,613.0,610.0,713.5,518.5,1898.7889392412003,799.4947258343867,96.64765395782148,5.0,1.0844475178196768e-05,0.9999993509716458,0.06818181818181818,1.0,0.9915254237288136,0.8939393939393939,618.0,749.0,132.0,132.0,1912.0,505.5,1424.5060741002621,463.95661435222434,93.76753932359313,6.0,294.2914048096018,13.211060758799704,-293.9947258343867,1.0307154763258641,0.8362749814987183,0.9634872674942017,0.0,1.0,1.0,0.0,1.0,1.0
SNPT-066,0,28.0,0.0013520939191948855,0.9998729228973389,0.0045871559633027525,0.0,0.9890710382513661,0.8394495412844036,0.0,217.0,218.0,218.0,1072.5,486.0,1878.3241993584277,538.2524175854269,88.6608953007038,15.0,0.006030474103565375,0.9985929920261067,0.2817796610169492,1.0,1.0,0.8940677966101694,278.0,749.0,472.0,472.0,1249.0,506.0,1151.9741591541679,391.8743445507606,75.2622822738974,61.0,630.1501141301418,-629.3241993584277,-32.25241758542688,1.1780256008985437,0.8261549472808838,0.9709389209747314,0.0,1.0,1.0,0.0,1.0,1.0
SNPT-066,0,,1.0,0.0,0.0,1.0,1.0,0.7365269461077845,0.0,166.0,167.0,167.0,1763.0,397.0,1906.8063709841276,419.2822797207443,72.70280776042499,50.0,0.1024655848571759,0.9526433785756429,0.3488372093023256,1.0,1.0,0.8837209302325582,707.0,749.0,43.0,43.0,1903.5,637.5,1551.3873888245653,560.0550833466172,95.64627089968481,541.0,218.24276742416953,-3.306370984127625,218.21772027925567,0.7601217180403902,0.8252604603767395,0.9453408122062683,0.0,0.0,0.0,1.0,0.0,1.0
SNPT-066,0,15.0,0.006366334879907696,0.9890443082569408,0.5121951219512195,1.0,0.8666666666666667,0.8362369337979094,0.0,286.0,287.0,287.0,570.0,535.5,1255.3668617013627,527.3872064992906,104.06491661440849,,1.0,0.0,0.0,1.0,1.0,0.8,288.0,292.0,5.0,5.0,1887.0,494.0,1735.395393938167,490.25440624706346,55.274637534122384,2.0,632.5149223178942,631.6331382986373,-33.38720649929064,1.882688358655752,0.7322432994842529,0.8087901473045349,0.0,0.0,0.0,1.0,0.0,0.0
SNPT-066,1,44.0,0.013031427140561488,0.9886267815849611,0.6473988439306358,1.0,1.0,0.9132947976878613,577.0,749.0,173.0,173.0,11.370501023512475,816.3910689537914,656.9973760758644,661.2637832315401,134.15589679702902,44.0,0.012965653255219188,0.9918826233882171,0.3939393939393939,1.0,1.0,0.7954545454545454,281.0,545.0,265.0,264.0,1133.0,495.0,6.785088437191828,705.8562449603475,78.77580805301604,32.0,110.62989344588753,4.585412586320647,110.53482399344398,1.7030088311724108,0.9461342096328735,0.9894477128982544,1.0,0.0,1.0,1.0,0.0,1.0
SNPT-066,0,,1.0,0.0,0.0,1.0,1.0,0.9386503067484663,0.0,185.0,186.0,163.0,1736.0,485.5,1911.1239161881033,442.89607938255506,90.89433894237284,10.0,0.10720827149830256,0.9345505179270454,0.09871244635193133,1.0,1.0,0.8776824034334764,276.0,749.0,474.0,466.0,1780.5,558.0,93.94406262704373,375.78391452418623,62.65828139268914,91.0,174.10203910874708,-130.6239161881033,115.10392061744494,1.4506356848941317,0.8383052945137024,0.9794104695320129,0.0,0.0,0.0,1.0,0.0,1.0
SNPT-066,0,15.0,0.006366334879907696,0.9890443082569408,0.5121951219512195,1.0,0.8666666666666667,0.8362369337979094,0.0,286.0,287.0,287.0,570.0,535.5,1255.3668617013627,527.3872064992906,104.06491661440849,36.0,0.0030941000298467625,0.9950102624685868,0.24838012958963282,1.0,0.9973262032085561,0.8077753779697624,287.0,749.0,463.0,463.0,997.5,466.5,781.2911141608304,332.5594548873082,64.24185820334621,1.0,264.9576763919041,-257.8668617013627,-60.88720649929064,1.619892691849128,0.9131675958633423,0.9841495156288147,0.0,1.0,1.0,1.0,0.0,0.0
SNPT-066,0,,1.0,0.0,0.0,1.0,1.0,0.9386503067484663,0.0,185.0,186.0,163.0,1736.0,485.5,1911.1239161881033,442.89607938255506,90.89433894237284,15.0,0.006030474103565375,0.9985929920261067,0.2817796610169492,1.0,1.0,0.8940677966101694,278.0,749.0,472.0,472.0,1249.0,506.0,1151.9741591541679,391.8743445507606,75.2622822738974,93.0,665.1241877916959,-662.1239161881033,63.10392061744494,1.207701071455509,0.8286355137825012,0.9863808155059814,0.0,0.0,0.0,1.0,0.0,1.0
SNPT-066,0,,1.0,0.0,0.0,1.0,1.0,0.8,288.0,292.0,5.0,5.0,1887.0,494.0,1735.395393938167,490.25440624706346,55.274637534122384,5.0,1.0844475178196768e-05,0.9999993509716458,0.06818181818181818,1.0,0.9915254237288136,0.8939393939393939,618.0,749.0,132.0,132.0,1912.0,505.5,1424.5060741002621,463.95661435222434,93.76753932359313,326.0,177.26143125659007,176.604606061833,15.245593752936543,0.589485849077993,0.7607455253601074,0.8324158191680908,0.0,0.0,0.0,1.0,0.0,1.0
SNPT-066,1,,1.0,0.0,0.0,1.0,1.0,0.9386503067484663,0.0,185.0,186.0,163.0,1736.0,485.5,1911.1239161881033,442.89607938255506,90.89433894237284,4.0,0.00968572582481016,0.9967182753449779,0.4627450980392157,1.0,1.0,0.8235294117647058,495.0,749.0,255.0,255.0,1382.5,538.5,438.44638441940305,522.525888515448,101.42920135936484,310.0,537.1995480298486,-528.6239161881033,95.60392061744494,0.8961358043265385,0.9265370965003967,0.973583996295929,0.0,0.0,0.0,1.0,0.0,1.0
SNPT-066,0,36.0,0.0006777601381464911,0.998229888097154,0.6701754385964912,1.0,1.0,0.7052631578947368,0.0,284.0,285.0,285.0,693.5,546.5,1209.2173822521831,424.8926243863309,109.7602585716064,27.0,0.01808176207898372,0.993502656618754,0.10526315789473684,1.0,1.0,0.881578947368421,287.0,514.0,228.0,228.0,879.0,464.0,5.4840124043719705,520.3026607075417,61.50581290753616,3.0,332.52504622790906,-330.21738225218314,39.10737561366909,1.784550977915093,0.9511607885360718,0.9328972101211548,0.0,1.0,1.0,1.0,0.0,1.0
SNPT-066,1,5.0,3.8274929123224565e-05,0.9999965176190415,0.26838235294117646,1.0,1.0,0.8235294117647058,283.0,554.0,272.0,272.0,1066.0,539.5,1904.0312153498567,631.8409772149739,75.11481675537837,5.0,1.0844475178196768e-05,0.9999993509716458,0.06818181818181818,1.0,0.9915254237288136,0.8939393939393939,618.0,749.0,132.0,132.0,1912.0,505.5,1424.5060741002621,463.95661435222434,93.76753932359313,64.0,126.59203787140373,7.968784650143334,-126.34097721497392,0.8010748420746764,0.9770693778991699,0.9946858882904053,1.0,0.0,1.0,1.0,0.0,1.0
SNPT-066,0,27.0,0.21809262075839797,0.9393839240074158,0.03914590747330961,0.0,0.9621848739495799,0.8469750889679716,0.0,280.0,281.0,281.0,440.0,561.5,1506.670373418738,537.6052595340226,112.66073021122274,44.0,0.012965653255219188,0.9918826233882171,0.3939393939393939,1.0,1.0,0.7954545454545454,281.0,545.0,265.0,264.0,1133.0,495.0,6.785088437191828,705.8562449603475,78.77580805301604,1.0,376.09141988466126,-373.6703734187381,-42.60525953402259,1.4301437585432597,0.8396138548851013,0.9449427127838135,0.0,1.0,0.0,0.0,1.0,1.0
SNPT-066,0,28.0,0.0013520939191948855,0.9998729228973389,0.0045871559633027525,0.0,0.9890710382513661,0.8394495412844036,0.0,217.0,218.0,218.0,1072.5,486.0,1878.3241993584277,538.2524175854269,88.6608953007038,8.0,0.057139303922891134,0.9577820505346021,0.2701525054466231,0.0,1.0,0.869281045751634,280.0,749.0,470.0,459.0,1106.5,467.0,96.98137636571155,538.5169165307009,87.58252946812094,63.0,775.1061228806324,-771.8241993584277,-71.25241758542688,1.012312567804694,0.9331520795822144,0.989445149898529,0.0,1.0,1.0,1.0,0.0,1.0
SNPT-066,0,50.0,0.001678340800466568,0.999830323842264,0.45588235294117646,1.0,1.0,0.8235294117647058,0.0,135.0,136.0,136.0,1871.5,606.0,1909.5753980011627,625.4733514431134,109.22062152226827,36.0,0.0030941000298467625,0.9950102624685868,0.24838012958963282,1.0,0.9973262032085561,0.8077753779697624,287.0,749.0,463.0,463.0,997.5,466.5,781.2911141608304,332.5594548873082,64.24185820334621,152.0,925.8261489653634,-912.0753980011627,-158.97335144311342,1.7001472961219422,0.9068304896354675,0.9801152944564819,0.0,1.0,1.0,1.0,0.0,1.0
SNPT-067,0,,1.0,0.0,0.0,1.0,1.0,0.9326923076923077,488.0,717.0,230.0,208.0,11.5,471.0,13.059079587671505,559.9708852808141,70.99330573600012,50.0,0.0004478747095245953,0.9999617609110746,0.9166666666666666,0.0,1.0,0.9166666666666666,726.0,749.0,24.0,24.0,1902.0,707.0,1664.6239794162861,666.3246477361492,114.25440589286139,9.0,1894.6544174026255,1888.9409204123285,147.02911471918594,0.6213616462420885,0.6246645450592041,0.8872539401054382,0.0,0.0,0.0,0.0,1.0,1.0
SNPT-067,0,,1.0,0.0,0.0,0.0,0.5241935483870968,0.8857142857142857,0.0,419.0,420.0,420.0,609.5,440.0,1914.9683973386145,321.1738394639873,84.95542255656977,,1.0,0.0,0.0,1.0,1.0,0.9326923076923077,488.0,717.0,230.0,208.0,11.5,471.0,13.059079587671505,559.9708852808141,70.99330573600012,69.0,1909.3558646956824,-1903.4683973386145,149.8261605360127,1.1966680756139176,0.6618611812591553,0.9138436317443848,0.0,0.0,0.0,0.0,1.0,0.0
SNPT-067,0,10.0,0.046729046890201666,0.9930935700734457,0.014563106796116505,1.0,1.0,0.9029126213592233,268.0,473.0,206.0,206.0,1907.0,779.0,1880.0378125871105,834.0925209718259,122.29216586646673,10.0,0.8796593099832535,0.790521522363027,0.06818181818181818,1.0,1.0,0.9090909090909091,706.0,749.0,44.0,44.0,1912.5,676.0,1174.3148055764036,589.0512620701315,104.05412857622481,233.0,161.3909501764482,32.462187412889534,-158.09252097182593,1.1752745185586908,0.9102760553359985,0.9761467576026917,1.0,0.0,0.0,1.0,0.0,1.0
SNPT-067,0,10.0,0.013739429932262669,0.9930166045045541,0.8225806451612904,1.0,1.0,0.8333333333333334,0.0,185.0,186.0,186.0,1709.0,583.0,1906.8787449338124,622.8567794395757,82.33085205076718,,1.0,0.0,0.0,1.0,0.9849056603773585,0.8079268292682927,396.0,723.0,328.0,328.0,15.0,486.0,535.1979953679063,348.181426506541,54.49832120606359,211.0,1896.8223331695854,-1891.8787449338124,-136.8567794395757,1.5107043708643062,0.7764125466346741,0.9490384459495544,0.0,0.0,0.0,1.0,0.0,1.0
SNPT-067,0,5.0,0.13315712880770056,0.9567620158195496,0.0064516129032258064,0.0,0.7178217821782178,0.8688172043010752,0.0,464.0,465.0,465.0,666.0,449.0,1894.38563119329,517.1204772331535,83.04664007254536,,1.0,0.0,0.0,1.0,1.0,0.9545454545454546,706.0,749.0,44.0,44.0,1904.5,543.5,1482.5448224366987,497.1191384702011,85.2059552371429,242.0,28.25207386661594,10.11436880670999,26.37952276684655,0.9746576966529182,0.855776309967041,0.9650948643684387,0.0,0.0,0.0,0.0,1.0,0.0
SNPT-067,0,,1.0,0.0,0.0,1.0,0.9758454106280193,0.8625,0.0,484.0,485.0,480.0,659.5,454.0,1909.3897133841474,590.7596383078468,87.7400629981714,,1.0,0.0,0.0,0.0,1.0,0.9024390243902439,556.0,596.0,41.0,41.0,1914.0,517.5,1913.1498607529668,493.24486412500517,78.86131572199608,72.0,73.40455944746785,4.610286615852601,-73.25963830784679,1.1125868519297206,0.7871673703193665,0.9325775504112244,0.0,0.0,0.0,0.0,1.0,1.0
SNPT-067,1,,1.0,0.0,0.0,0.0,1.0,0.8562367864693446,0.0,472.0,473.0,473.0,491.0,436.5,1898.1152179742166,435.3086704687409,83.59943946252541,,1.0,0.0,0.0,0.0,1.0,0.9024390243902439,556.0,596.0,41.0,41.0,1914.0,517.5,1913.1498607529668,493.24486412500517,78.86131572199608,84.0,83.71225089628562,15.884782025783352,82.1913295312591,1.06008172317632,0.9382244348526001,0.9785950183868408,0.0,0.0,0.0,1.0,0.0,1.0
SNPT-067,1,,1.0,0.0,0.0,1.0,0.997716894977169,0.9221052631578948,0.0,483.0,484.0,475.0,670.5,439.5,1909.6098303051954,429.36444933406415,81.88297706386487,10.0,0.8796593099832535,0.790521522363027,0.06818181818181818,1.0,1.0,0.9090909090909091,706.0,749.0,44.0,44.0,1912.5,676.0,1174.3148055764036,589.0512620701315,104.05412857622481,223.0,246.65248414146203,2.8901696948046265,246.63555066593585,0.7869267484555553,0.8161993026733398,0.9637529850006104,0.0,0.0,0.0,1.0,0.0,1.0
SNPT-067,1,10.0,0.013739429932262669,0.9930166045045541,0.8225806451612904,1.0,1.0,0.8333333333333334,0.0,185.0,186.0,186.0,1709.0,583.0,1906.8787449338124,622.8567794395757,82.33085205076718,10.0,0.07007924948508541,0.988706648349762,0.0967741935483871,1.0,1.0,0.9354838709677419,719.0,749.0,31.0,31.0,1899.5,901.0,1233.0483490527636,813.0460833861669,152.37633073249128,534.0,278.24107716245476,-7.378744933812413,278.1432205604243,0.5403126040310389,0.8320329189300537,0.9705781936645508,1.0,0.0,1.0,1.0,0.0,1.0
SNPT-067,1,,1.0,0.0,0.0,0.0,1.0,0.8941908713692946,0.0,481.0,482.0,482.0,475.5,447.5,1894.2450120081548,587.6480005882024,85.18931439698895,,1.0,0.0,0.0,0.0,1.0,0.957345971563981,539.0,749.0,211.0,211.0,1911.5,606.5,919.8846649456917,543.3066564152138,86.39364006506814,58.0,25.55645696142438,17.254987991845155,18.85199941179758,0.9860600193813788,0.9650090932846069,0.9941142201423645,0.0,0.0,0.0,1.0,0.0,1.0
SNPT-067,1,,1.0,0.0,0.0,0.0,1.0,0.8577405857740585,0.0,477.0,478.0,478.0,451.5,430.5,1806.558250060219,399.72565073969963,77.91017088104905,,1.0,0.0,0.0,0.0,1.0,0.7559523809523809,582.0,749.0,168.0,168.0,1913.0,448.5,841.0652592752529,405.779249757481,66.80576889582417,105.0,117.08451339100581,106.44174993978095,48.77434926030037,1.1662192078432763,0.9535662531852722,0.9902172088623047,0.0,0.0,0.0,1.0,0.0,1.0
SNPT-067,0,,1.0,0.0,0.0,1.0,0.997716894977169,0.9221052631578948,0.0,483.0,484.0,475.0,670.5,439.5,1909.6098303051954,429.36444933406415,81.88297706386487,,1.0,0.0,0.0,0.0,1.0,0.957345971563981,539.0,749.0,211.0,211.0,1911.5,606.5,919.8846649456917,543.3066564152138,86.39364006506814,56.0,177.14563514577344,1.8901696948046265,177.13555066593585,0.9477894090605973,0.8175304532051086,0.9630746245384216,0.0,0.0,0.0,0.0,1.0,1.0
SNPT-067,0,,1.0,0.0,0.0,0.0,1.0,0.8577405857740585,0.0,477.0,478.0,478.0,451.5,430.5,1806.558250060219,399.72565073969963,77.91017088104905,10.0,0.8796593099832535,0.790521522363027,0.06818181818181818,1.0,1.0,0.9090909090909091,706.0,749.0,44.0,44.0,1912.5,676.0,1174.3148055764036,589.0512620701315,104.05412857622481,229.0,295.8904703424994,105.94174993978095,276.27434926030037,0.7487465605362885,0.7124043107032776,0.9475007057189941,0.0,0.0,0.0,0.0,1.0,1.0
SNPT-067,0,,1.0,0.0,0.0,0.0,1.0,0.8562367864693446,0.0,472.0,473.0,473.0,491.0,436.5,1898.1152179742166,435.3086704687409,83.59943946252541,,1.0,0.0,0.0,1.0,1.0,0.8829787234042553,562.0,749.0,188.0,188.0,1911.5,473.5,465.5827233917845,459.65087619466453,68.70984368525885,90.0,40.46887743986676,13.384782025783352,38.1913295312591,1.2167025127501638,0.7079763412475586,0.9667335152626038,0.0,0.0,0.0,0.0,1.0,1.0
SNPT-067,0,,1.0,0.0,0.0,1.0,0.997716894977169,0.9221052631578948,0.0,483.0,484.0,475.0,670.5,439.5,1909.6098303051954,429.36444933406415,81.88297706386487,,1.0,0.0,0.0,1.0,1.0,0.9326923076923077,488.0,717.0,230.0,208.0,11.5,471.0,13.059079587671505,559.9708852808141,70.99330573600012,5.0,1898.566418901502,-1898.1098303051954,41.63555066593585,1.1533901149547778,0.6154825687408447,0.9146170616149902,0.0,0.0,0.0,1.0,0.0,1.0
SNPT-067,1,10.0,0.046729046890201666,0.9930935700734457,0.014563106796116505,1.0,1.0,0.9029126213592233,268.0,473.0,206.0,206.0,1907.0,779.0,1880.0378125871105,834.0925209718259,122.29216586646673,10.0,0.07007924948508541,0.988706648349762,0.0967741935483871,1.0,1.0,0.9354838709677419,719.0,749.0,31.0,31.0,1899.5,901.0,1233.0483490527636,813.0460833861669,152.37633073249128,246.0,69.68061056563718,19.462187412889534,66.90747902817407,0.8025666799994043,0.8474260568618774,0.9733262062072754,1.0,0.0,1.0,1.0,0.0,1.0
SNPT-067,0,,1.0,0.0,0.0,0.0,1.0,0.8562367864693446,0.0,472.0,473.0,473.0,491.0,436.5,1898.1152179742166,435.3086704687409,83.59943946252541,,1.0,0.0,0.0,1.0,1.0,0.9326923076923077,488.0,717.0,230.0,208.0,11.5,471.0,13.059079587671505,559.9708852808141,70.99330573600012,16.0,1886.9527953013583,-1886.6152179742166,35.6913295312591,1.1775679213108232,0.6508550047874451,0.9290261268615723,0.0,0.0,0.0,0.0,1.0,1.0
SNPT-067,0,5.0,0.13315712880770056,0.9567620158195496,0.0064516129032258064,0.0,0.7178217821782178,0.8688172043010752,0.0,464.0,465.0,465.0,666.0,449.0,1894.38563119329,517.1204772331535,83.04664007254536,10.0,0.8796593099832535,0.790521522363027,0.06818181818181818,1.0,1.0,0.9090909090909091,706.0,749.0,44.0,44.0,1912.5,676.0,1174.3148055764036,589.0512620701315,104.05412857622481,242.0,159.90882749831673,18.11436880670999,158.87952276684655,0.7981099953348758,0.8114352226257324,0.9443767070770264,0.0,1.0,0.0,0.0,1.0,0.0
SNPT-067,1,,1.0,0.0,0.0,1.0,1.0,0.7950310559006211,0.0,482.0,483.0,483.0,213.0,460.0,1909.4294380626243,423.14266741556514,83.27829706887084,,1.0,0.0,0.0,1.0,1.0,0.8829787234042553,562.0,749.0,188.0,188.0,1911.5,473.5,465.5827233917845,459.65087619466453,68.70984368525885,80.0,50.39988265617187,2.0705619373757145,50.35733258443486,1.2120286206783721,0.966401219367981,0.9862070679664612,0.0,0.0,0.0,1.0,0.0,1.0
SNPT-067,0,,1.0,0.0,0.0,0.0,1.0,0.9383886255924171,0.0,210.0,211.0,211.0,34.0,468.5,7.502647221210772,534.6931380978862,70.5744836555202,,1.0,0.0,0.0,0.0,1.0,0.7559523809523809,582.0,749.0,168.0,168.0,1913.0,448.5,841.0652592752529,405.779249757481,66.80576889582417,372.0,1907.4457838958713,1905.4973527787893,-86.19313809788616,1.0564130137559362,0.7884692549705505,0.9719424247741699,0.0,0.0,0.0,1.0,0.0,1.0
SNPT-067,0,,1.0,0.0,0.0,0.0,1.0,0.8941908713692946,0.0,481.0,482.0,482.0,475.5,447.5,1894.2450120081548,587.6480005882024,85.18931439698895,,1.0,0.0,0.0,1.0,0.8857142857142857,0.8333333333333334,708.0,749.0,42.0,42.0,1894.5,507.0,1409.1306085248402,492.04236851858553,79.87281412239214,227.0,80.64840369003396,0.2549879918451552,-80.64800058820242,1.066562075382121,0.9077576398849487,0.9663538932800293,0.0,0.0,0.0,0.0,1.0,0.0
SNPT-067,0,,1.0,0.0,0.0,1.0,1.0,0.7950310559006211,0.0,482.0,483.0,483.0,213.0,460.0,1909.4294380626243,423.14266741556514,83.27829706887084,,1.0,0.0,0.0,0.0,1.0,0.75,724.0,743.0,20.0,20.0,455.5,403.5,5.039577073710788,360.24332747463234,63.73648562158047,242.0,1454.0621187721993,-1453.9294380626243,-19.642667415565143,1.3066032156732803,0.6327353119850159,0.8985833525657654,0.0,0.0,0.0,0.0,1.0,1.0
SNPT-067,0,,1.0,0.0,0.0,0.0,1.0,0.9383886255924171,0.0,210.0,211.0,211.0,34.0,468.5,7.502647221210772,534.6931380978862,70.5744836555202,,1.0,0.0,0.0,0.0,1.0,0.957345971563981,539.0,749.0,211.0,211.0,1911.5,606.5,919.8846649456917,543.3066564152138,86.39364006506814,329.0,1905.3509243194196,1903.9973527787893,71.80686190211384,0.8168944334602223,0.7462588548660278,0.9745714664459229,0.0,0.0,0.0,1.0,0.0,1.0
SNPT-067,1,,1.0,0.0,0.0,0.0,1.0,0.8127659574468085,0.0,475.0,476.0,470.0,705.0,445.5,1901.078588253627,842.256416672966,90.7905934830369,50.0,0.0004478747095245953,0.9999617609110746,0.9166666666666666,0.0,1.0,0.9166666666666666,726.0,749.0,24.0,24.0,1902.0,707.0,1664.6239794162861,666.3246477361492,114.25440589286139,251.0,135.25955511836253,0.9214117463729963,-135.256416672966,0.7946353820978513,0.8881626129150391,0.9569871425628662,0.0,0.0,0.0,1.0,0.0,1.0
SNPT-067,0,,1.0,0.0,0.0,1.0,1.0,0.7950310559006211,0.0,482.0,483.0,483.0,213.0,460.0,1909.4294380626243,423.14266741556514,83.27829706887084,11.0,0.28321234468603507,0.8607370257377625,0.08571428571428572,0.0,1.0,0.9428571428571428,715.0,749.0,35.0,35.0,1900.5,599.0,1353.4846664616894,526.9561610791087,93.52408697736016,233.0,176.08388991565008,-8.929438062624286,175.85733258443486,0.8904475815843081,0.7393077611923218,0.9370341300964355,0.0,0.0,0.0,0.0,1.0,1.0
SNPT-067,0,5.0,0.13315712880770056,0.9567620158195496,0.0064516129032258064,0.0,0.7178217821782178,0.8688172043010752,0.0,464.0,465.0,465.0,666.0,449.0,1894.38563119329,517.1204772331535,83.04664007254536,,1.0,0.0,0.0,1.0,1.0,0.8829787234042553,562.0,749.0,188.0,188.0,1911.5,473.5,465.5827233917845,459.65087619466453,68.70984368525885,98.0,46.85773846122054,17.11436880670999,-43.62047723315345,1.208657095087561,0.7337854504585266,0.9699268341064453,0.0,0.0,0.0,0.0,1.0,0.0
SNPT-067,1,,1.0,0.0,0.0,0.0,1.0,0.8562367864693446,0.0,472.0,473.0,473.0,491.0,436.5,1898.1152179742166,435.3086704687409,83.59943946252541,,1.0,0.0,0.0,1.0,0.8857142857142857,0.8333333333333334,708.0,749.0,42.0,42.0,1894.5,507.0,1409.1306085248402,492.04236851858553,79.87281412239214,236.0,71.78242494483369,-3.615217974216648,71.6913295312591,1.0466569931343952,0.9201268553733826,0.9660875201225281,0.0,0.0,0.0,0.0,1.0,0.0
SNPT-067,1,,1.0,0.0,0.0,1.0,0.9952830188679245,0.9040511727078892,0.0,479.0,480.0,469.0,694.0,442.5,1855.151475418737,408.40502138009793,81.41049436735541,,1.0,0.0,0.0,1.0,1.0,0.9545454545454546,706.0,749.0,44.0,44.0,1904.5,543.5,1482.5448224366987,497.1191384702011,85.2059552371429,227.0,143.82604119789755,49.348524581263064,135.09497861990207,0.9554554507460885,0.8913558721542358,0.9807431697845459,0.0,0.0,0.0,1.0,0.0,1.0
SNPT-067,0,,1.0,0.0,0.0,0.0,1.0,0.8127659574468085,0.0,475.0,476.0,470.0,705.0,445.5,1901.078588253627,842.256416672966,90.7905934830369,11.0,0.28321234468603507,0.8607370257377625,0.08571428571428572,0.0,1.0,0.9428571428571428,715.0,749.0,35.0,35.0,1900.5,599.0,1353.4846664616894,526.9561610791087,93.52408697736016,240.0,243.25710476148254,-0.5785882536270037,-243.256416672966,0.970772304946586,0.8278462886810303,0.9622730016708374,0.0,0.0,0.0,1.0,0.0,1.0
SNPT-067,1,5.0,0.13315712880770056,0.9567620158195496,0.0064516129032258064,0.0,0.7178217821782178,0.8688172043010752,0.0,464.0,465.0,465.0,666.0,449.0,1894.38563119329,517.1204772331535,83.04664007254536,11.0,0.28321234468603507,0.8607370257377625,0.08571428571428572,0.0,1.0,0.9428571428571428,715.0,749.0,35.0,35.0,1900.5,599.0,1353.4846664616894,526.9561610791087,93.52408697736016,251.0,82.10750120683865,6.11436880670999,81.87952276684655,0.8879706047560654,0.8927381038665771,0.9753007888793945,0.0,1.0,0.0,1.0,0.0,0.0
SNPT-067,0,,1.0,0.0,0.0,1.0,0.997716894977169,0.9221052631578948,0.0,483.0,484.0,475.0,670.5,439.5,1909.6098303051954,429.36444933406415,81.88297706386487,50.0,0.0004478747095245953,0.9999617609110746,0.9166666666666666,0.0,1.0,0.9166666666666666,726.0,749.0,24.0,24.0,1902.0,707.0,1664.6239794162861,666.3246477361492,114.25440589286139,243.0,277.73982161521474,-7.6098303051953735,277.63555066593585,0.7166723805876524,0.7428518533706665,0.9292178153991699,0.0,0.0,0.0,0.0,1.0,1.0
SNPT-067,0,,1.0,0.0,0.0,1.0,0.9758454106280193,0.8625,0.0,484.0,485.0,480.0,659.5,454.0,1909.3897133841474,590.7596383078468,87.7400629981714,,1.0,0.0,0.0,0.0,1.0,0.7559523809523809,582.0,749.0,168.0,168.0,1913.0,448.5,841.0652592752529,405.779249757481,66.80576889582417,98.0,142.30544213391136,3.6102866158526012,-142.25963830784679,1.313360574219149,0.7501355409622192,0.9525333642959595,0.0,0.0,0.0,0.0,1.0,1.0
SNPT-067,1,,1.0,0.0,0.0,0.0,1.0,0.9383886255924171,0.0,210.0,211.0,211.0,34.0,468.5,7.502647221210772,534.6931380978862,70.5744836555202,4.0,0.011836159189243474,0.9967206551915123,0.2402745995423341,0.0,0.997229916897507,0.8260869565217391,313.0,749.0,437.0,437.0,7.0,522.0,36.45532556865824,714.2211562939437,102.10562683217819,103.0,12.703086593462238,-0.502647221210772,-12.693138097886163,0.6911909347710788,0.850037693977356,0.9797185659408569,0.0,0.0,0.0,1.0,0.0,1.0
SNPT-067,0,,1.0,0.0,0.0,1.0,1.0,0.7950310559006211,0.0,482.0,483.0,483.0,213.0,460.0,1909.4294380626243,423.14266741556514,83.27829706887084,50.0,0.0004478747095245953,0.9999617609110746,0.9166666666666666,0.0,1.0,0.9166666666666666,726.0,749.0,24.0,24.0,1902.0,707.0,1664.6239794162861,666.3246477361492,114.25440589286139,244.0,283.9545418053334,-7.4294380626242855,283.85733258443486,0.7288847761981498,0.6930415630340576,0.9165247082710266,0.0,0.0,0.0,0.0,1.0,1.0
SNPT-067,0,,1.0,0.0,0.0,1.0,1.0,0.7950310559006211,0.0,482.0,483.0,483.0,213.0,460.0,1909.4294380626243,423.14266741556514,83.27829706887084,10.0,0.8796593099832535,0.790521522363027,0.06818181818181818,1.0,1.0,0.9090909090909091,706.0,749.0,44.0,44.0,1912.5,676.0,1174.3148055764036,589.0512620701315,104.05412857622481,224.0,252.8759755143354,3.0705619373757145,252.85733258443486,0.8003363077310801,0.7844501733779907,0.9521324634552002,0.0,0.0,0.0,1.0,0.0,1.0
SNPT-067,0,,1.0,0.0,0.0,0.0,1.0,0.8562367864693446,0.0,472.0,473.0,473.0,491.0,436.5,1898.1152179742166,435.3086704687409,83.59943946252541,,1.0,0.0,0.0,0.0,1.0,0.957345971563981,539.0,749.0,211.0,211.0,1911.5,606.5,919.8846649456917,543.3066564152138,86.39364006506814,67.0,171.71378423573887,13.384782025783352,171.1913295312591,0.9676573344931612,0.9171305298805237,0.9957777261734009,0.0,0.0,0.0,1.0,0.0,1.0
SNPT-067,1,,1.0,0.0,0.0,1.0,0.9758454106280193,0.8625,0.0,484.0,485.0,480.0,659.5,454.0,1909.3897133841474,590.7596383078468,87.7400629981714,,1.0,0.0,0.0,1.0,0.9937106918238994,0.9190751445086706,562.0,734.0,173.0,173.0,1911.0,624.5,19.53048837094981,699.2227555666532,103.36740021924231,78.0,33.77876596476719,1.6102866158526012,33.740361692153215,0.8488175460742426,0.901606559753418,0.9647244215011597,0.0,0.0,0.0,1.0,0.0,1.0
SNPT-067,0,,1.0,0.0,0.0,0.0,1.0,0.9024390243902439,556.0,596.0,41.0,41.0,1914.0,517.5,1913.1498607529668,493.24486412500517,78.86131572199608,11.0,0.28321234468603507,0.8607370257377625,0.08571428571428572,0.0,1.0,0.9428571428571428,715.0,749.0,35.0,35.0,1900.5,599.0,1353.4846664616894,526.9561610791087,93.52408697736016,119.0,106.50900309836754,-12.649860752966788,105.75513587499483,0.8432193060712416,0.8898240327835083,0.9852295517921448,0.0,0.0,0.0,1.0,0.0,1.0
SNPT-067,0,,1.0,0.0,0.0,0.0,0.5241935483870968,0.8857142857142857,0.0,419.0,420.0,420.0,609.5,440.0,1914.9683973386145,321.1738394639873,84.95542255656977,,1.0,0.0,0.0,1.0,1.0,0.9545454545454546,706.0,749.0,44.0,44.0,1904.5,543.5,1482.5448224366987,497.1191384702011,85.2059552371429,287.0,222.57248033286595,-10.468397338614523,222.3261605360127,0.9970596811000375,0.7639931440353394,0.9684441089630127,0.0,0.0,0.0,0.0,1.0,0.0
SNPT-067,0,,1.0,0.0,0.0,0.0,1.0,0.8941908713692946,0.0,481.0,482.0,482.0,475.5,447.5,1894.2450120081548,587.6480005882024,85.18931439698895,,1.0,0.0,0.0,1.0,1.0,0.8829787234042553,562.0,749.0,188.0,188.0,1911.5,473.5,465.5827233917845,459.65087619466453,68.70984368525885,81.0,115.44479481069287,17.254987991845155,-114.14800058820242,1.2398414816255163,0.6550041437149048,0.9678704738616943,0.0,0.0,0.0,0.0,1.0,1.0
SNPT-067,0,5.0,0.13315712880770056,0.9567620158195496,0.0064516129032258064,0.0,0.7178217821782178,0.8688172043010752,0.0,464.0,465.0,465.0,666.0,449.0,1894.38563119329,517.1204772331535,83.04664007254536,,1.0,0.0,0.0,1.0,0.9937106918238994,0.9190751445086706,562.0,734.0,173.0,173.0,1911.0,624.5,19.53048837094981,699.2227555666532,103.36740021924231,98.0,108.65725544334853,16.61436880670999,107.37952276684655,0.8034122933962099,0.8392559885978699,0.9570029973983765,0.0,0.0,0.0,0.0,1.0,0.0
SNPT-067,1,10.0,0.013739429932262669,0.9930166045045541,0.8225806451612904,1.0,1.0,0.8333333333333334,0.0,185.0,186.0,186.0,1709.0,583.0,1906.8787449338124,622.8567794395757,82.33085205076718,10.0,0.046729046890201666,0.9930935700734457,0.014563106796116505,1.0,1.0,0.9029126213592233,268.0,473.0,206.0,206.0,1907.0,779.0,1880.0378125871105,834.0925209718259,122.29216586646673,83.0,156.14326764152335,0.12125506618758664,156.1432205604243,0.6732307950181035,0.7926679253578186,0.9537952542304993,1.0,0.0,1.0,1.0,0.0,1.0
SNPT-067,1,,1.0,0.0,0.0,0.0,1.0,0.9024390243902439,556.0,596.0,41.0,41.0,1914.0,517.5,1913.1498607529668,493.24486412500517,78.86131572199608,,1.0,0.0,0.0,1.0,0.8857142857142857,0.8333333333333334,708.0,749.0,42.0,42.0,1894.5,507.0,1409.1306085248402,492.04236851858553,79.87281412239214,112.0,23.173715046246272,-18.649860752966788,13.755135874994835,0.9873361366879335,0.9316504597663879,0.9594739079475403,0.0,0.0,0.0,0.0,1.0,0.0
SNPT-067,0,,1.0,0.0,0.0,1.0,0.9758454106280193,0.8625,0.0,484.0,485.0,480.0,659.5,454.0,1909.3897133841474,590.7596383078468,87.7400629981714,,1.0,0.0,0.0,1.0,1.0,0.8829787234042553,562.0,749.0,188.0,188.0,1911.5,473.5,465.5827233917845,459.65087619466453,68.70984368525885,78.0,117.27862586886025,2.1102866158526012,-117.25963830784679,1.2769649629838313,0.7340559363365173,0.9880156517028809,0.0,0.0,0.0,1.0,0.0,1.0
SNPT-067,0,,1.0,0.0,0.0,1.0,1.0,0.9326923076923077,488.0,717.0,230.0,208.0,11.5,471.0,13.059079587671505,559.9708852808141,70.99330573600012,10.0,0.07007924948508541,0.988706648349762,0.0967741935483871,1.0,1.0,0.9354838709677419,719.0,749.0,31.0,31.0,1899.5,901.0,1233.0483490527636,813.0460833861669,152.37633073249128,2.0,1917.018571452104,1886.4409204123285,341.02911471918594,0.4659076996717718,0.5784595012664795,0.8981528282165527,0.0,0.0,0.0,1.0,0.0,1.0
SNPT-068,0,,1.0,0.0,0.0,1.0,0.8333333333333334,0.8571428571428571,0.0,6.0,7.0,7.0,47.5,661.5,14.054878650022125,648.605172488991,119.12162940024537,,1.0,0.0,0.0,1.0,1.0,0.9251968503937008,496.0,749.0,254.0,254.0,9.0,514.5,425.1799145104206,267.57559670496687,91.60682933416012,490.0,134.20040643183043,-5.054878650022125,-134.105172488991,1.3003575199150026,0.8754428029060364,0.9699347615242004,0.0,0.0,0.0,1.0,0.0,0.0
SNPT-068,0,10.0,0.1076690724735149,0.9540020576337489,0.07167832167832168,1.0,0.9943714821763602,0.9318181818181818,0.0,571.0,572.0,572.0,884.0,608.0,1907.7435139183476,594.7552017707533,99.08259401216293,,1.0,0.0,0.0,0.0,1.0,0.9090909090909091,739.0,749.0,11.0,11.0,1905.0,228.0,1816.9596579100748,258.83671031986154,119.62493649805059,168.0,366.76546306124044,-2.7435139183476167,-366.7552017707533,0.8282770876436585,0.7665809392929077,0.9569178223609924,0.0,0.0,0.0,0.0,1.0,1.0
SNPT-068,0,24.0,0.05187456473223457,0.9254688123861948,0.6947368421052632,1.0,1.0,0.8526315789473684,0.0,94.0,95.0,95.0,1600.5,755.5,1911.342583743663,753.1151617605428,127.45492730518991,,1.0,0.0,0.0,1.0,1.0,0.8888888888888888,741.0,749.0,9.0,9.0,1903.0,172.0,1834.052618873956,217.639220910419,101.9436507854157,647.0,581.1750424196671,-8.342583743662999,-581.1151617605428,1.2502488023846985,0.793129026889801,0.9042649269104004,0.0,0.0,0.0,1.0,0.0,1.0
SNPT-068,0,50.0,0.006462574147251513,0.9986487509499133,0.3901098901098901,0.0,1.0,0.9615384615384616,0.0,181.0,182.0,182.0,976.5,620.0,1904.4246521973496,530.7525121869633,119.14647474151295,,1.0,0.0,0.0,1.0,1.0,0.8584905660377359,498.0,749.0,252.0,212.0,13.0,805.0,70.36276862323227,386.4255532088676,127.14228098280333,317.0,1911.2035212168344,-1891.4246521973496,274.24748781303674,0.9371113513185133,0.7928897142410278,0.9640182256698608,0.0,0.0,0.0,0.0,1.0,1.0
SNPT-068,0,,1.0,0.0,0.0,1.0,1.0,0.889795918367347,126.0,370.0,245.0,245.0,26.0,345.5,7.037816884766628,400.4888918410841,69.97709739429453,27.0,0.0014048262380908585,0.9998411990347362,0.6461538461538462,0.0,1.0,0.7230769230769231,579.0,643.0,65.0,65.0,16.5,661.5,8.774098905549293,357.9823467237093,108.99382507030214,209.0,261.1825635291366,9.462183115233373,261.0111081589159,0.642028090574476,0.7099366784095764,0.9608202576637268,0.0,0.0,0.0,0.0,1.0,1.0
SNPT-068,0,24.0,0.05187456473223457,0.9254688123861948,0.6947368421052632,1.0,1.0,0.8526315789473684,0.0,94.0,95.0,95.0,1600.5,755.5,1911.342583743663,753.1151617605428,127.45492730518991,,1.0,0.0,0.0,0.0,1.0,0.9090909090909091,739.0,749.0,11.0,11.0,1905.0,228.0,1816.9596579100748,258.83671031986154,119.62493649805059,645.0,525.1534646932707,-6.342583743662999,-525.1151617605428,1.0654545033532112,0.7133135795593262,0.9311898946762085,0.0,0.0,0.0,0.0,1.0,1.0
SNPT-068,1,,1.0,0.0,0.0,1.0,1.0,0.889795918367347,126.0,370.0,245.0,245.0,26.0,345.5,7.037816884766628,400.4888918410841,69.97709739429453,,1.0,0.0,0.0,1.0,1.0,0.9251968503937008,496.0,749.0,254.0,254.0,9.0,514.5,425.1799145104206,267.57559670496687,91.60682933416012,126.0,114.02799194146023,1.9621831152333717,114.01110815891587,0.7638851590314798,0.9298616647720337,0.9846018552780151,0.0,0.0,0.0,1.0,0.0,1.0
SNPT-068,0,50.0,0.006462574147251513,0.9986487509499133,0.3901098901098901,0.0,1.0,0.9615384615384616,0.0,181.0,182.0,182.0,976.5,620.0,1904.4246521973496,530.7525121869633,119.14647474151295,,1.0,0.0,0.0,1.0,1.0,0.9251968503937008,496.0,749.0,254.0,254.0,9.0,514.5,425.1799145104206,267.57559670496687,91.60682933416012,315.0,1895.494330329118,-1895.4246521973496,-16.25251218696326,1.3006287370442076,0.8258724212646484,0.958143949508667,0.0,0.0,0.0,0.0,1.0,1.0
SNPT-068,1,,1.0,0.0,0.0,1.0,1.0,0.85,0.0,19.0,20.0,20.0,295.5,479.0,7.8563139432475095,497.585454633751,115.23351088596262,17.0,0.30147829560155515,0.8743451595306396,0.015600624024960999,1.0,1.0,0.9329173166926678,109.0,749.0,641.0,641.0,13.5,509.5,450.27261452192613,295.5135864992802,104.95068911229815,90.0,13.183610415648213,5.6436860567524905,11.914545366249001,1.0979776489381767,0.9419280290603638,0.9754941463470459,0.0,0.0,0.0,1.0,0.0,1.0
SNPT-068,0,50.0,0.0014954301861665874,0.9936036673875955,0.12264150943396226,0.0,0.9942857142857143,0.8254716981132075,340.0,592.0,253.0,212.0,1911.5,657.5,1910.7889244648475,588.5859628160999,115.45938445108509,,1.0,0.0,0.0,1.0,1.0,0.8181818181818182,739.0,749.0,11.0,11.0,1904.5,359.0,1779.4822544853482,376.91942201336497,132.0,147.0,229.67208122259913,-6.288924464847469,-229.58596281609994,0.8746923064476143,0.7768163681030273,0.9317587614059448,0.0,0.0,0.0,0.0,1.0,1.0
SNPT-068,1,8.0,0.0206127115336827,0.9943532550588567,0.07952622673434856,0.0,0.9917864476386037,0.8240270727580372,0.0,590.0,591.0,591.0,1194.5,541.0,1905.107152652409,589.8614027556728,97.59247090786842,,1.0,0.0,0.0,0.0,1.0,0.9090909090909091,739.0,749.0,11.0,11.0,1905.0,228.0,1816.9596579100748,258.83671031986154,119.62493649805059,149.0,361.8614186204356,-0.10715265240901317,-361.86140275567277,0.8158204615595244,0.8872083425521851,0.9832987189292908,0.0,0.0,0.0,1.0,0.0,1.0
SNPT-068,1,10.0,0.1076690724735149,0.9540020576337489,0.07167832167832168,1.0,0.9943714821763602,0.9318181818181818,0.0,571.0,572.0,572.0,884.0,608.0,1907.7435139183476,594.7552017707533,99.08259401216293,,1.0,0.0,0.0,1.0,1.0,0.8181818181818182,739.0,749.0,11.0,11.0,1904.5,359.0,1779.4822544853482,376.91942201336497,132.0,168.0,235.77751280498975,-3.2435139183476167,-235.75520177075327,0.7506257122133555,0.8901770114898682,0.9527311325073242,0.0,0.0,0.0,1.0,0.0,1.0
SNPT-068,1,50.0,0.006462574147251513,0.9986487509499133,0.3901098901098901,0.0,1.0,0.9615384615384616,0.0,181.0,182.0,182.0,976.5,620.0,1904.4246521973496,530.7525121869633,119.14647474151295,50.0,0.0014954301861665874,0.9936036673875955,0.12264150943396226,0.0,0.9942857142857143,0.8254716981132075,340.0,592.0,253.0,212.0,1911.5,657.5,1910.7889244648475,588.5859628160999,115.45938445108509,159.0,126.94481562255454,7.075347802650413,126.74748781303674,1.0319340892726647,0.976938009262085,0.9880712628364563,1.0,0.0,1.0,1.0,0.0,1.0
SNPT-068,0,24.0,0.05187456473223457,0.9254688123861948,0.6947368421052632,1.0,1.0,0.8526315789473684,0.0,94.0,95.0,95.0,1600.5,755.5,1911.342583743663,753.1151617605428,127.45492730518991,,1.0,0.0,0.0,0.0,1.0,0.9666666666666667,220.0,249.0,30.0,30.0,1910.0,576.5,1904.0734686470023,606.664669903193,105.92087349038675,126.0,176.62026467767356,-1.342583743662999,-176.61516176054283,1.2033032121544727,0.7691994905471802,0.8966339826583862,0.0,0.0,0.0,0.0,1.0,1.0
SNPT-068,0,,1.0,0.0,0.0,0.0,1.0,0.9692307692307692,360.0,554.0,195.0,195.0,1903.5,359.5,1911.9741914274796,408.27401171768486,80.34343856445902,27.0,0.0014048262380908585,0.9998411990347362,0.6461538461538462,0.0,1.0,0.7230769230769231,579.0,643.0,65.0,65.0,16.5,661.5,8.774098905549293,357.9823467237093,108.99382507030214,25.0,1912.3142554269716,-1895.4741914274796,253.22598828231514,0.7371375260262375,0.7448263168334961,0.9524603486061096,0.0,0.0,0.0,1.0,0.0,1.0
SNPT-068,1,27.0,0.008346491940316506,0.9848284963669816,0.6612903225806451,0.0,1.0,0.8763440860215054,145.0,330.0,186.0,186.0,29.0,734.5,26.995599474357924,737.7013566331757,150.91327525700888,27.0,0.0014048262380908585,0.9998411990347362,0.6461538461538462,0.0,1.0,0.7230769230769231,579.0,643.0,65.0,65.0,16.5,661.5,8.774098905549293,357.9823467237093,108.99382507030214,249.0,76.92076677375604,-10.495599474357924,-76.20135663317569,1.3846038998967902,0.8711893558502197,0.9661190509796143,1.0,0.0,1.0,1.0,0.0,1.0
SNPT-068,0,27.0,0.008346491940316506,0.9848284963669816,0.6612903225806451,0.0,1.0,0.8763440860215054,145.0,330.0,186.0,186.0,29.0,734.5,26.995599474357924,737.7013566331757,150.91327525700888,,1.0,0.0,0.0,1.0,1.0,0.8584905660377359,498.0,749.0,252.0,212.0,13.0,805.0,70.36276862323227,386.4255532088676,127.14228098280333,168.0,68.73852052278731,-13.995599474357924,67.29864336682431,1.1869637235580248,0.7935267686843872,0.9218910932540894,0.0,0.0,0.0,0.0,1.0,1.0
SNPT-068,0,,1.0,0.0,0.0,1.0,1.0,0.889795918367347,126.0,370.0,245.0,245.0,26.0,345.5,7.037816884766628,400.4888918410841,69.97709739429453,,1.0,0.0,0.0,0.0,1.0,0.625,742.0,749.0,8.0,8.0,1907.5,362.0,1856.843031369483,368.5689010339985,130.06174600812284,372.0,1900.8518890871728,1900.4621831152333,-38.488891841084126,0.5380298169296005,0.7398470044136047,0.9278746843338013,0.0,0.0,0.0,0.0,1.0,1.0
SNPT-068,1,,1.0,0.0,0.0,1.0,1.0,0.8958333333333334,224.0,319.0,96.0,96.0,10.0,523.0,8.755008624755977,620.2305569926373,107.25636221621888,27.0,0.0031633428502573224,0.9657472968101501,0.0410958904109589,1.0,0.9375,0.8767123287671232,568.0,640.0,73.0,73.0,11.0,643.5,13.643175765141567,354.59035152307547,101.3208743352176,249.0,23.377488405468668,2.244991375244023,23.269443007362725,1.0585810961457347,0.8481525778770447,0.9271156191825867,0.0,0.0,0.0,1.0,0.0,1.0
SNPT-068,1,,1.0,0.0,0.0,1.0,0.8333333333333334,0.8571428571428571,0.0,6.0,7.0,7.0,47.5,661.5,14.054878650022125,648.605172488991,119.12162940024537,8.0,0.02092930375653168,0.9853543167683616,0.5037593984962406,1.0,1.0,0.9360902255639098,118.0,383.0,266.0,266.0,18.5,864.5,11.360332927030782,690.0374397115665,136.1590499188832,112.0,215.94058360999296,4.445121349977875,215.894827511009,0.8748711853616202,0.9078050255775452,0.9466968774795532,0.0,0.0,0.0,1.0,0.0,0.0
SNPT-068,0,27.0,0.008346491940316506,0.9848284963669816,0.6612903225806451,0.0,1.0,0.8763440860215054,145.0,330.0,186.0,186.0,29.0,734.5,26.995599474357924,737.7013566331757,150.91327525700888,50.0,0.0014954301861665874,0.9936036673875955,0.12264150943396226,0.0,0.9942857142857143,0.8254716981132075,340.0,592.0,253.0,212.0,1911.5,657.5,1910.7889244648475,588.5859628160999,115.45938445108509,10.0,1886.2102462891858,1884.504400525642,-80.20135663317569,1.3070680739766458,0.8222432136535645,0.959433376789093,0.0,1.0,1.0,1.0,0.0,1.0
SNPT-068,0,15.0,0.0015325994427257683,0.9998483955860138,0.003246753246753247,0.0,0.9960474308300395,0.8214285714285714,0.0,615.0,616.0,616.0,1148.0,421.5,1905.1104985893753,425.173934840788,88.11132118063938,,1.0,0.0,0.0,1.0,1.0,0.8888888888888888,741.0,749.0,9.0,9.0,1903.0,172.0,1834.052618873956,217.639220910419,101.9436507854157,126.0,253.18273141559894,-2.110498589375311,-253.17393484078798,0.8643139666059987,0.8458828926086426,0.9446471333503723,0.0,0.0,0.0,0.0,1.0,1.0
SNPT-068,0,,1.0,0.0,0.0,0.0,1.0,0.9666666666666667,220.0,249.0,30.0,30.0,1910.0,576.5,1904.0734686470023,606.664669903193,105.92087349038675,27.0,0.0014048262380908585,0.9998411990347362,0.6461538461538462,0.0,1.0,0.7230769230769231,579.0,643.0,65.0,65.0,16.5,661.5,8.774098905549293,357.9823467237093,108.99382507030214,330.0,1888.3698030224116,-1887.5734686470023,54.835330096806956,0.9718061864703501,0.8060674667358398,0.9359457492828369,0.0,0.0,0.0,1.0,0.0,1.0
SNPT-068,0,,1.0,0.0,0.0,1.0,1.0,0.8958333333333334,224.0,319.0,96.0,96.0,10.0,523.0,8.755008624755977,620.2305569926373,107.25636221621888,,1.0,0.0,0.0,1.0,1.0,0.8584905660377359,498.0,749.0,252.0,212.0,13.0,805.0,70.36276862323227,386.4255532088676,127.14228098280333,179.0,184.8181999182628,4.244991375244023,184.76944300736272,0.8435931885690007,0.8505560159683228,0.9587641954421997,0.0,0.0,0.0,1.0,0.0,1.0
SNPT-068,1,,1.0,0.0,0.0,1.0,0.9982363315696648,0.9356435643564357,0.0,605.0,606.0,606.0,1024.0,380.5,1913.4025981836062,420.7426992010845,82.88172285456871,,1.0,0.0,0.0,1.0,1.0,0.8888888888888888,741.0,749.0,9.0,9.0,1903.0,172.0,1834.052618873956,217.639220910419,101.9436507854157,136.0,248.96012623472615,-10.402598183606187,-248.74269920108452,0.8130150550427998,0.887316882610321,0.959395170211792,0.0,0.0,0.0,1.0,0.0,1.0
SNPT-068,0,10.0,0.1076690724735149,0.9540020576337489,0.07167832167832168,1.0,0.9943714821763602,0.9318181818181818,0.0,571.0,572.0,572.0,884.0,608.0,1907.7435139183476,594.7552017707533,99.08259401216293,27.0,0.0014048262380908585,0.9998411990347362,0.6461538461538462,0.0,1.0,0.7230769230769231,579.0,643.0,65.0,65.0,16.5,661.5,8.774098905549293,357.9823467237093,108.99382507030214,8.0,1892.420909055087,-1891.2435139183476,66.74479822924673,0.9090661232253628,0.8186230659484863,0.9660725593566895,0.0,1.0,1.0,0.0,1.0,1.0
SNPT-068,0,,1.0,0.0,0.0,0.0,1.0,0.9402390438247012,0.0,250.0,251.0,251.0,1678.0,317.5,1912.1426613233127,354.96048892258966,82.53886195633093,27.0,0.0031633428502573224,0.9657472968101501,0.0410958904109589,1.0,0.9375,0.8767123287671232,568.0,640.0,73.0,73.0,11.0,643.5,13.643175765141567,354.59035152307547,101.3208743352176,318.0,1922.9140563624467,-1901.1426613233127,288.53951107741034,0.8146284020729347,0.6984046101570129,0.9434459209442139,0.0,0.0,0.0,0.0,1.0,1.0
SNPT-068,1,50.0,0.006462574147251513,0.9986487509499133,0.3901098901098901,0.0,1.0,0.9615384615384616,0.0,181.0,182.0,182.0,976.5,620.0,1904.4246521973496,530.7525121869633,119.14647474151295,,1.0,0.0,0.0,0.0,1.0,0.9666666666666667,220.0,249.0,30.0,30.0,1910.0,576.5,1904.0734686470023,606.664669903193,105.92087349038675,39.0,46.08597557093116,5.575347802650413,45.74748781303674,1.1248630304424985,0.9595504999160767,0.9579000473022461,0.0,0.0,0.0,1.0,0.0,1.0
SNPT-068,1,8.0,0.02092930375653168,0.9853543167683616,0.5037593984962406,1.0,1.0,0.9360902255639098,118.0,383.0,266.0,266.0,18.5,864.5,11.360332927030782,690.0374397115665,136.1590499188832,,1.0,0.0,0.0,1.0,1.0,0.8584905660377359,498.0,749.0,252.0,212.0,13.0,805.0,70.36276862323227,386.4255532088676,127.14228098280333,115.0,114.97425266633341,1.6396670729692175,114.96256028843345,1.0709187287374484,0.951130747795105,0.9878336191177368,0.0,0.0,0.0,1.0,0.0,1.0
SNPT-068,0,,1.0,0.0,0.0,1.0,1.0,0.889795918367347,126.0,370.0,245.0,245.0,26.0,345.5,7.037816884766628,400.4888918410841,69.97709739429453,,1.0,0.0,0.0,1.0,1.0,0.8584905660377359,498.0,749.0,252.0,212.0,13.0,805.0,70.36276862323227,386.4255532088676,127.14228098280333,128.0,404.5550447732097,5.962183115233372,404.5111081589159,0.5503841590175601,0.8327652215957642,0.9786847233772278,0.0,0.0,0.0,1.0,0.0,1.0
SNPT-068,1,24.0,0.05187456473223457,0.9254688123861948,0.6947368421052632,1.0,1.0,0.8526315789473684,0.0,94.0,95.0,95.0,1600.5,755.5,1911.342583743663,753.1151617605428,127.45492730518991,24.0,0.03329421898288908,0.9717148324066305,0.3431192660550459,1.0,1.0,0.9559633027522936,205.0,749.0,545.0,545.0,1903.8058937256892,714.0303450887898,432.8292256061063,612.5780727556769,142.99267759921793,111.0,39.804831248123286,-7.536690017973797,-39.08481667175306,0.891338839478358,0.9801359176635742,0.9860429167747498,1.0,0.0,1.0,1.0,0.0,1.0
SNPT-068,0,,1.0,0.0,0.0,0.0,1.0,0.9666666666666667,220.0,249.0,30.0,30.0,1910.0,576.5,1904.0734686470023,606.664669903193,105.92087349038675,,1.0,0.0,0.0,1.0,1.0,0.8888888888888888,741.0,749.0,9.0,9.0,1903.0,172.0,1834.052618873956,217.639220910419,101.9436507854157,492.0,434.66599544591463,-1.0734686470023007,-434.66466990319304,1.0390139324453156,0.7743722200393677,0.9503037929534912,0.0,0.0,0.0,0.0,1.0,1.0
SNPT-068,0,,1.0,0.0,0.0,0.0,1.0,0.9402390438247012,0.0,250.0,251.0,251.0,1678.0,317.5,1912.1426613233127,354.96048892258966,82.53886195633093,,1.0,0.0,0.0,0.0,1.0,0.625,742.0,749.0,8.0,8.0,1907.5,362.0,1856.843031369483,368.5689010339985,130.06174600812284,492.0,8.432616460622807,-4.642661323312723,7.039511077410339,0.6346129010998828,0.7222570180892944,0.9105943441390991,0.0,0.0,0.0,1.0,0.0,1.0
SNPT-068,1,,1.0,0.0,0.0,0.0,1.0,0.9402390438247012,0.0,250.0,251.0,251.0,1678.0,317.5,1912.1426613233127,354.96048892258966,82.53886195633093,,1.0,0.0,0.0,0.0,1.0,0.9692307692307692,360.0,554.0,195.0,195.0,1903.5,359.5,1911.9741914274796,408.27401171768486,80.34343856445902,110.0,9.762313023634142,-8.642661323312723,4.539511077410339,1.0273254845834179,0.9577499032020569,0.9940876364707947,0.0,0.0,0.0,1.0,0.0,1.0
SNPT-068,0,,1.0,0.0,0.0,1.0,0.8333333333333334,0.8571428571428571,0.0,6.0,7.0,7.0,47.5,661.5,14.054878650022125,648.605172488991,119.12162940024537,17.0,0.30147829560155515,0.8743451595306396,0.015600624024960999,1.0,1.0,0.9329173166926678,109.0,749.0,641.0,641.0,13.5,509.5,450.27261452192613,295.5135864992802,104.95068911229815,103.0,139.10627916635607,-0.5548786500221254,-139.105172488991,1.135024747410512,0.9191923141479492,0.9764910936355591,0.0,0.0,0.0,1.0,0.0,0.0
SNPT-068,0,24.0,0.05187456473223457,0.9254688123861948,0.6947368421052632,1.0,1.0,0.8526315789473684,0.0,94.0,95.0,95.0,1600.5,755.5,1911.342583743663,753.1151617605428,127.45492730518991,27.0,0.0014048262380908585,0.9998411990347362,0.6461538461538462,0.0,1.0,0.7230769230769231,579.0,643.0,65.0,65.0,16.5,661.5,8.774098905549293,357.9823467237093,108.99382507030214,485.0,1897.0560758798806,-1894.842583743663,-91.61516176054283,1.1693775057713607,0.8232070207595825,0.9569923877716064,0.0,1.0,1.0,0.0,1.0,1.0
SNPT-068,0,,1.0,0.0,0.0,1.0,1.0,0.85,0.0,19.0,20.0,20.0,295.5,479.0,7.8563139432475095,497.585454633751,115.23351088596262,,1.0,0.0,0.0,0.0,1.0,0.625,742.0,749.0,8.0,8.0,1907.5,362.0,1856.843031369483,368.5689010339985,130.06174600812284,723.0,1904.476187691389,1899.6436860567526,-135.585454633751,0.8859908037738157,0.819554328918457,0.9402698874473572,0.0,0.0,0.0,0.0,1.0,1.0
SNPT-068,0,,1.0,0.0,0.0,0.0,1.0,0.9692307692307692,360.0,554.0,195.0,195.0,1903.5,359.5,1911.9741914274796,408.27401171768486,80.34343856445902,,1.0,0.0,0.0,0.0,1.0,0.625,742.0,749.0,8.0,8.0,1907.5,362.0,1856.843031369483,368.5689010339985,130.06174600812284,188.0,46.489811242660124,-4.474191427479582,-46.27401171768486,0.6177330462674342,0.6884390115737915,0.9291287660598755,0.0,0.0,0.0,1.0,0.0,1.0
SNPT-068,1,,1.0,0.0,0.0,1.0,0.8333333333333334,0.8571428571428571,0.0,6.0,7.0,7.0,47.5,661.5,14.054878650022125,648.605172488991,119.12162940024537,,1.0,0.0,0.0,1.0,1.0,0.8584905660377359,498.0,749.0,252.0,212.0,13.0,805.0,70.36276862323227,386.4255532088676,127.14228098280333,492.0,156.39838503374813,-1.0548786500221254,156.394827511009,0.936915937636491,0.9251407384872437,0.9639789462089539,0.0,0.0,0.0,1.0,0.0,0.0
SNPT-068,0,,1.0,0.0,0.0,1.0,1.0,0.889795918367347,126.0,370.0,245.0,245.0,26.0,345.5,7.037816884766628,400.4888918410841,69.97709739429453,,1.0,0.0,0.0,1.0,1.0,0.8181818181818182,739.0,749.0,11.0,11.0,1904.5,359.0,1779.4822544853482,376.91942201336497,132.0,369.0,1897.915715857432,1897.4621831152333,-41.488891841084126,0.5301295257143526,0.8154177665710449,0.9531202912330627,0.0,0.0,0.0,1.0,0.0,1.0
SNPT-068,0,,1.0,0.0,0.0,1.0,1.0,0.8958333333333334,224.0,319.0,96.0,96.0,10.0,523.0,8.755008624755977,620.2305569926373,107.25636221621888,,1.0,0.0,0.0,0.0,1.0,0.625,742.0,749.0,8.0,8.0,1907.5,362.0,1856.843031369483,368.5689010339985,130.06174600812284,423.0,1916.2242986762544,1898.7449913752441,-258.2305569926373,0.8246572532520078,0.7547010779380798,0.8756072521209717,0.0,0.0,0.0,0.0,1.0,1.0
SNPT-068,0,,1.0,0.0,0.0,1.0,0.8333333333333334,0.8571428571428571,0.0,6.0,7.0,7.0,47.5,661.5,14.054878650022125,648.605172488991,119.12162940024537,27.0,0.008346491940316506,0.9848284963669816,0.6612903225806451,0.0,1.0,0.8763440860215054,145.0,330.0,186.0,186.0,29.0,734.5,26.995599474357924,737.7013566331757,150.91327525700888,139.0,87.18530865525196,14.945121349977875,85.894827511009,0.7893383083587472,0.7859117984771729,0.8865303993225098,0.0,0.0,0.0,0.0,1.0,0.0
SNPT-068,0,8.0,0.02092930375653168,0.9853543167683616,0.5037593984962406,1.0,1.0,0.9360902255639098,118.0,383.0,266.0,266.0,18.5,864.5,11.360332927030782,690.0374397115665,136.1590499188832,,1.0,0.0,0.0,1.0,1.0,0.8181818181818182,739.0,749.0,11.0,11.0,1904.5,359.0,1779.4822544853482,376.91942201336497,132.0,356.0,1921.8646116560712,1893.1396670729691,-331.03743971156655,1.0315079539309333,0.7853805422782898,0.9350112676620483,0.0,0.0,0.0,1.0,0.0,1.0
SNPT-068,1,15.0,0.0015325994427257683,0.9998483955860138,0.003246753246753247,0.0,0.9960474308300395,0.8214285714285714,0.0,615.0,616.0,616.0,1148.0,421.5,1905.1104985893753,425.173934840788,88.11132118063938,,1.0,0.0,0.0,0.0,1.0,0.625,742.0,749.0,8.0,8.0,1907.5,362.0,1856.843031369483,368.5689010339985,130.06174600812284,127.0,63.21910913845198,2.389501410624689,-63.17393484078798,0.6774576221292347,0.9491633176803589,0.9672788977622986,0.0,0.0,0.0,1.0,0.0,1.0
SNPT-068,0,8.0,0.02092930375653168,0.9853543167683616,0.5037593984962406,1.0,1.0,0.9360902255639098,118.0,383.0,266.0,266.0,18.5,864.5,11.360332927030782,690.0374397115665,136.1590499188832,,1.0,0.0,0.0,0.0,1.0,0.625,742.0,749.0,8.0,8.0,1907.5,362.0,1856.843031369483,368.5689010339985,130.06174600812284,359.0,1924.3061603861559,1896.1396670729691,-328.03743971156655,1.0468800711808033,0.7886730432510376,0.8951388597488403,0.0,0.0,0.0,0.0,1.0,1.0
SNPT-068,1,,1.0,0.0,0.0,0.0,1.0,0.9666666666666667,220.0,249.0,30.0,30.0,1910.0,576.5,1904.0734686470023,606.664669903193,105.92087349038675,50.0,0.0014954301861665874,0.9936036673875955,0.12264150943396226,0.0,0.9942857142857143,0.8254716981132075,340.0,592.0,253.0,212.0,1911.5,657.5,1910.7889244648475,588.5859628160999,115.45938445108509,91.0,51.37493702174616,7.426531352997699,50.835330096806956,0.9173864384775118,0.9492600560188293,0.9425990581512451,0.0,0.0,0.0,1.0,0.0,1.0
SNPT-068,0,24.0,0.05187456473223457,0.9254688123861948,0.6947368421052632,1.0,1.0,0.8526315789473684,0.0,94.0,95.0,95.0,1600.5,755.5,1911.342583743663,753.1151617605428,127.45492730518991,27.0,0.0031633428502573224,0.9657472968101501,0.0410958904109589,1.0,0.9375,0.8767123287671232,568.0,640.0,73.0,73.0,11.0,643.5,13.643175765141567,354.59035152307547,101.3208743352176,474.0,1903.5013578343805,-1900.342583743663,-109.61516176054283,1.2579335516145316,0.8435811996459961,0.9521631598472595,0.0,1.0,1.0,1.0,0.0,1.0
SNPT-068,0,24.0,0.05187456473223457,0.9254688123861948,0.6947368421052632,1.0,1.0,0.8526315789473684,0.0,94.0,95.0,95.0,1600.5,755.5,1911.342583743663,753.1151617605428,127.45492730518991,,1.0,0.0,0.0,0.0,1.0,0.9692307692307692,360.0,554.0,195.0,195.0,1903.5,359.5,1911.9741914274796,408.27401171768486,80.34343856445902,266.0,393.6932837724752,-7.842583743662999,-393.61516176054283,1.5863763062982879,0.6897231340408325,0.9089770913124084,0.0,0.0,0.0,0.0,1.0,1.0
SNPT-069,0,8.0,0.14513025147158154,0.9237599217511238,0.19144602851323828,0.0,0.9956989247311828,0.9470468431771895,0.0,491.0,492.0,491.0,1487.5,491.0,1895.976361081437,500.9762399805976,93.66844492395259,4.0,0.007405521874254012,0.9959066929295659,0.5470085470085471,1.0,1.0,0.905982905982906,633.0,749.0,117.0,117.0,1902.5,453.0,1528.5155951776067,431.0268699229913,125.89403702625114,142.0,48.41773918116872,6.523638918562938,-47.9762399805976,0.7440260645897078,0.7037019729614258,0.9571824073791504,0.0,1.0,1.0,0.0,1.0,1.0
SNPT-069,0,28.0,0.001875864403302785,0.9997613549232482,0.2564102564102564,0.0,1.0,0.8974358974358975,216.0,293.0,78.0,78.0,1912.0,703.0,1910.567983995058,699.1391577741299,108.6446983124648,,1.0,0.0,0.0,0.0,1.0,0.9333333333333333,660.0,749.0,90.0,90.0,1891.5,429.5,1594.3588456621264,429.0460212433271,121.2774620203269,367.0,270.3125291561194,-19.067983995058057,-269.6391577741299,0.8958358503103836,0.8120043873786926,0.9633278846740723,0.0,0.0,0.0,1.0,0.0,1.0
SNPT-069,1,,1.0,0.0,0.0,1.0,1.0,0.8666666666666667,0.0,14.0,15.0,15.0,32.5,603.0,20.60656341095463,598.8125255627696,140.0,15.0,0.00016805913842452875,0.9999870064712706,0.9567198177676538,1.0,1.0,0.9567198177676538,311.0,749.0,439.0,439.0,16.0,645.0,322.97705145040044,511.46547119084283,132.79684790706713,297.0,46.416626561491526,-4.606563410954632,46.187474437230435,1.0542418905753976,0.8884338140487671,0.8462075591087341,0.0,0.0,0.0,1.0,0.0,1.0
SNPT-069,0,44.0,0.010775717788861218,0.9880179918382272,0.8366666666666667,1.0,0.9962121212121212,0.88,0.0,299.0,300.0,300.0,952.0,764.0,1903.0968987367255,671.9424435803421,154.2453078640366,,1.0,0.0,0.0,0.0,1.0,0.9333333333333333,660.0,749.0,90.0,90.0,1891.5,429.5,1594.3588456621264,429.0460212433271,121.2774620203269,361.0,242.7196459076134,-11.596898736725507,-242.44244358034211,1.271838190662203,0.731837272644043,0.8800398111343384,0.0,0.0,0.0,0.0,1.0,1.0
SNPT-069,0,44.0,0.010775717788861218,0.9880179918382272,0.8366666666666667,1.0,0.9962121212121212,0.88,0.0,299.0,300.0,300.0,952.0,764.0,1903.0968987367255,671.9424435803421,154.2453078640366,5.0,0.002462060007783191,0.9993088497651204,0.5973154362416108,1.0,1.0,0.912751677852349,303.0,749.0,447.0,447.0,10.0,513.0,547.5560518289359,367.07314104924325,101.43475644774209,4.0,1899.7575025191763,-1893.0968987367255,-158.94244358034211,1.5206356604553177,0.8438087105751038,0.9548475742340088,0.0,1.0,1.0,1.0,0.0,1.0
SNPT-069,1,4.0,0.0018045036824852494,0.9948721528053284,0.15151515151515152,1.0,1.0,0.7696969696969697,0.0,494.0,495.0,495.0,679.5,431.5,1911.0375593173972,407.00867639420267,88.03475355929861,4.0,0.007405521874254012,0.9959066929295659,0.5470085470085471,1.0,1.0,0.905982905982906,633.0,749.0,117.0,117.0,1902.5,453.0,1528.5155951776067,431.0268699229913,125.89403702625114,139.0,46.77704315271804,-8.537559317397154,45.991323605797334,0.6992765951332691,0.906302809715271,0.9803938865661621,1.0,0.0,1.0,1.0,0.0,1.0
SNPT-069,1,,1.0,0.0,0.0,1.0,1.0,0.9563106796116505,0.0,205.0,206.0,206.0,198.0,457.5,11.813822958954072,486.78636671645825,104.20110653441743,5.0,0.002462060007783191,0.9993088497651204,0.5973154362416108,1.0,1.0,0.912751677852349,303.0,749.0,447.0,447.0,10.0,513.0,547.5560518289359,367.07314104924325,101.43475644774209,98.0,26.27631107386341,-1.8138229589540718,26.213633283541753,1.0272722110601265,0.9202955961227417,0.9741020202636719,0.0,0.0,0.0,1.0,0.0,1.0
SNPT-069,0,4.0,0.0018045036824852494,0.9948721528053284,0.15151515151515152,1.0,1.0,0.7696969696969697,0.0,494.0,495.0,495.0,679.5,431.5,1911.0375593173972,407.00867639420267,88.03475355929861,,1.0,0.0,0.0,0.0,1.0,0.9333333333333333,660.0,749.0,90.0,90.0,1891.5,429.5,1594.3588456621264,429.0460212433271,121.2774620203269,166.0,29.792211425496912,-19.537559317397154,22.491323605797334,0.725895414471515,0.7105251550674438,0.9408657550811768,0.0,0.0,0.0,0.0,1.0,1.0
SNPT-069,0,3.0,0.024923880817368627,0.996231734752655,0.05194805194805195,0.0,1.0,0.8961038961038961,218.0,294.0,77.0,77.0,1907.5,588.0,1910.1000967207724,580.53535207953,100.79303252219233,,1.0,0.0,0.0,0.0,1.0,0.9333333333333333,660.0,749.0,90.0,90.0,1891.5,429.5,1594.3588456621264,429.0460212433271,121.2774620203269,366.0,152.17634893704627,-18.6000967207724,-151.03535207952996,0.8310945071170666,0.8445714712142944,0.9577699899673462,0.0,0.0,0.0,1.0,0.0,1.0
SNPT-069,0,28.0,0.001875864403302785,0.9997613549232482,0.2564102564102564,0.0,1.0,0.8974358974358975,216.0,293.0,78.0,78.0,1912.0,703.0,1910.567983995058,699.1391577741299,108.6446983124648,4.0,0.007405521874254012,0.9959066929295659,0.5470085470085471,1.0,1.0,0.905982905982906,633.0,749.0,117.0,117.0,1902.5,453.0,1528.5155951776067,431.0268699229913,125.89403702625114,340.0,246.271349034967,-8.067983995058057,-246.1391577741299,0.8629852602932294,0.6932698488235474,0.9461106061935425,0.0,1.0,1.0,0.0,1.0,1.0
SNPT-069,1,8.0,0.14513025147158154,0.9237599217511238,0.19144602851323828,0.0,0.9956989247311828,0.9470468431771895,0.0,491.0,492.0,491.0,1487.5,491.0,1895.976361081437,500.9762399805976,93.66844492395259,,1.0,0.0,0.0,0.0,1.0,0.9333333333333333,660.0,749.0,90.0,90.0,1891.5,429.5,1594.3588456621264,429.0460212433271,121.2774620203269,169.0,71.61627392077433,-4.476361081437062,-71.4762399805976,0.7723483272452811,0.9082537293434143,0.9705969095230103,0.0,0.0,0.0,1.0,0.0,1.0
SNPT-069,0,4.0,0.09920030486370836,0.9002697931395637,0.06,0.0,1.0,0.8933333333333333,208.0,357.0,150.0,150.0,1908.0,492.0,1912.4532665871534,490.7268556339521,96.16064361803608,4.0,0.007405521874254012,0.9959066929295659,0.5470085470085471,1.0,1.0,0.905982905982906,633.0,749.0,117.0,117.0,1902.5,453.0,1528.5155951776067,431.0268699229913,125.89403702625114,276.0,39.01772868556044,-9.953266587153394,-37.726855633952084,0.7638220672674503,0.6511062979698181,0.9577483534812927,1.0,0.0,1.0,0.0,1.0,1.0
SNPT-070,1,14.0,0.00044648487375489117,0.9999471787701953,0.6308243727598566,0.0,1.0,0.8817204301075269,89.0,367.0,279.0,279.0,1900.5,519.5,8.987195647882618,445.1227170220661,109.61797729290154,,1.0,0.0,0.0,0.0,0.9852216748768473,0.9485981308411215,536.0,749.0,214.0,214.0,19.0,402.0,1845.2643849915198,521.1596650206345,71.69050164376085,169.0,44.26991048510232,10.012804352117382,-43.122717022066126,1.5290446402175717,0.9473626613616943,0.969319224357605,0.0,0.0,0.0,1.0,0.0,1.0
SNPT-070,0,,1.0,0.0,0.0,1.0,0.9943181818181818,0.8,530.0,749.0,220.0,220.0,11.464525071776581,393.5066816569937,1652.8223339612578,484.0450250580843,61.623403634223614,15.0,0.0002956981266485344,0.9752143393328161,0.9204545454545454,0.0,1.0,0.9431818181818182,0.0,128.0,129.0,88.0,27.0,591.0,14.91523297767526,575.9257588555064,153.7738891590445,402.0,182.4517117239758,-3.4507079058986783,-182.4190771985127,0.40074035957098064,0.762149453163147,0.864909291267395,0.0,0.0,0.0,0.0,1.0,1.0
SNPT-070,0,15.0,0.0002956981266485344,0.9752143393328161,0.9204545454545454,0.0,1.0,0.9431818181818182,0.0,128.0,129.0,88.0,27.0,591.0,14.91523297767526,575.9257588555064,153.7738891590445,44.0,0.01136420663606599,0.9927666848356074,0.4888888888888889,0.0,1.0,0.8644444444444445,195.0,644.0,450.0,450.0,1902.0,580.5,1904.410994743835,476.27931375350795,98.80748809180633,67.0,1887.090310931024,1887.0847670223247,4.574241144493612,1.5562979297294401,0.9081521034240723,0.9303127527236938,0.0,1.0,1.0,1.0,0.0,1.0
SNPT-070,0,9.0,0.08765631753548328,0.9446350273158816,0.703125,1.0,1.0,0.875,0.0,127.0,128.0,128.0,189.0,580.5,20.597264124855695,554.4035849472116,144.0922360970742,36.0,0.006902352095512653,0.9984712233447065,0.43612334801762115,0.0,1.0,0.9515418502202643,523.0,749.0,227.0,227.0,9.0,758.0,1057.7211875199582,789.7841368191575,118.83952959579392,396.0,203.92644938194985,-11.597264124855695,203.59641505278842,1.21249416408136,0.7208594083786011,0.9301751852035522,0.0,1.0,1.0,0.0,1.0,1.0
SNPT-070,1,9.0,0.08765631753548328,0.9446350273158816,0.703125,1.0,1.0,0.875,0.0,127.0,128.0,128.0,189.0,580.5,20.597264124855695,554.4035849472116,144.0922360970742,9.0,0.04961957602677103,0.9756803986977558,0.28654970760233917,1.0,0.9817073170731707,0.9590643274853801,535.0,749.0,215.0,171.0,5.0,430.0,404.5650697068645,571.6835444602295,73.79381715911101,408.0,125.3775362491168,-15.597264124855695,-124.40358494721158,1.9526329121366468,0.9041173458099365,0.9699845910072327,1.0,0.0,1.0,1.0,0.0,1.0
SNPT-070,0,9.0,0.08765631753548328,0.9446350273158816,0.703125,1.0,1.0,0.875,0.0,127.0,128.0,128.0,189.0,580.5,20.597264124855695,554.4035849472116,144.0922360970742,44.0,0.01136420663606599,0.9927666848356074,0.4888888888888889,0.0,1.0,0.8644444444444445,195.0,644.0,450.0,450.0,1902.0,580.5,1904.410994743835,476.27931375350795,98.80748809180633,68.0,1881.5837152348777,1881.4027358751443,26.096415052788416,1.458312916154612,0.8037930130958557,0.9263565540313721,0.0,1.0,1.0,0.0,1.0,1.0
SNPT-070,0,9.0,0.08765631753548328,0.9446350273158816,0.703125,1.0,1.0,0.875,0.0,127.0,128.0,128.0,189.0,580.5,20.597264124855695,554.4035849472116,144.0922360970742,4.0,0.027921279011025035,0.9539037810431586,0.0967741935483871,0.0,0.9881656804733728,0.9086021505376344,522.0,707.0,186.0,186.0,11.0,521.0,1901.6593445017638,945.7424136950107,101.4651720965071,395.0,34.75495599202828,-9.597264124855695,-33.403584947211584,1.4201152288986707,0.7312955856323242,0.9239441156387329,0.0,1.0,1.0,0.0,1.0,1.0
SNPT-070,0,30.0,0.028261045984215704,0.9847771324988069,0.40941176470588236,1.0,1.0,0.8305882352941176,0.0,424.0,425.0,425.0,990.5,549.0,9.405084856925553,473.024007684455,110.3333405720162,,1.0,0.0,0.0,0.0,1.0,0.7872340425531915,656.0,749.0,94.0,94.0,7.5,415.0,700.8095384753135,464.55059580120195,72.44354215810041,232.0,58.055273800730454,-1.9050848569255532,-58.024007684455,1.5230252039750525,0.7416759133338928,0.9335630536079407,0.0,0.0,0.0,0.0,1.0,1.0
SNPT-070,0,15.0,0.0002956981266485344,0.9752143393328161,0.9204545454545454,0.0,1.0,0.9431818181818182,0.0,128.0,129.0,88.0,27.0,591.0,14.91523297767526,575.9257588555064,153.7738891590445,5.0,0.0002499961752551759,0.9999765555063883,0.16463414634146342,0.0,1.0,0.926829268292683,586.0,749.0,164.0,164.0,12.0,439.0,1701.2260946391739,556.8461267099254,71.36634594966065,458.0,136.95678888419667,-2.9152329776752595,-136.9257588555064,2.154711539631177,0.848215639591217,0.9074705839157104,0.0,1.0,1.0,1.0,0.0,1.0
SNPT-070,0,,1.0,0.0,0.0,0.0,0.9931972789115646,0.8258426966292135,401.0,578.0,178.0,178.0,1911.5,483.5,1914.735866462127,408.3408588396169,89.45719625166713,15.0,0.0011104880315709214,0.9998747001231556,0.4226190476190476,0.0,0.9818181818181818,0.9821428571428571,582.0,749.0,168.0,168.0,12.5,602.5,1077.2604255808444,634.2338596457337,94.3366111848635,4.0,1912.1189983238637,-1902.235866462127,194.15914116038311,0.9482765506211094,0.6520736217498779,0.928564190864563,0.0,0.0,0.0,1.0,0.0,1.0
SNPT-070,1,25.0,0.05213948198833019,0.9451630160073253,0.22384937238493724,1.0,0.9913232104121475,0.9644351464435147,0.0,477.0,478.0,478.0,1003.0,353.5,10.370024975574115,428.7177005893582,92.2582179181243,,1.0,0.0,0.0,1.0,0.9929078014184397,0.8597560975609756,512.0,675.0,164.0,164.0,10.0,345.0,1873.9769096542889,398.8272613809304,58.128275173758084,35.0,83.71851832451391,-0.37002497557411473,-83.71770058935817,1.5871487265421929,0.8867328763008118,0.9443948268890381,0.0,0.0,0.0,1.0,0.0,1.0
SNPT-070,1,36.0,0.009413068875224936,0.9929299352369902,0.6842105263157895,0.0,1.0,0.7869674185463659,0.0,398.0,399.0,399.0,738.5,828.0,11.717580820310864,736.9536830346689,163.49875428809688,36.0,0.006902352095512653,0.9984712233447065,0.43612334801762115,0.0,1.0,0.9515418502202643,523.0,749.0,227.0,227.0,9.0,758.0,1057.7211875199582,789.7841368191575,118.83952959579392,125.0,21.22104387913343,-2.7175808203108645,21.04631696533113,1.3757943576872218,0.9462631940841675,0.9732035994529724,1.0,0.0,1.0,1.0,0.0,1.0
SNPT-070,1,8.0,0.006492288204513761,0.9979930638142351,0.5023696682464455,0.0,1.0,0.909952606635071,0.0,222.0,223.0,211.0,940.0,522.5,5.422572861586448,448.6703257070271,124.75232494302182,8.0,0.041247474424380925,0.9752683192491531,0.2639593908629442,0.0,0.9946524064171123,0.949238578680203,553.0,749.0,197.0,197.0,7.5,520.5,1312.7442320930681,629.5929533324224,83.06110889536887,331.0,71.85970924342787,2.077427138413552,71.82967429297292,1.5019342578266188,0.8814282417297363,0.9723640084266663,1.0,0.0,1.0,1.0,0.0,1.0
SNPT-070,1,,1.0,0.0,0.0,1.0,0.9943181818181818,0.8,530.0,749.0,220.0,220.0,11.464525071776581,393.5066816569937,1652.8223339612578,484.0450250580843,61.623403634223614,30.0,0.028261045984215704,0.9847771324988069,0.40941176470588236,1.0,1.0,0.8305882352941176,0.0,424.0,425.0,425.0,990.5,549.0,9.405084856925553,473.024007684455,110.3333405720162,106.0,79.54399054960797,2.059440214851028,-79.51732602746131,0.5585202379873662,0.8986105918884277,0.9488969445228577,0.0,0.0,0.0,1.0,0.0,1.0
SNPT-070,0,8.0,0.006492288204513761,0.9979930638142351,0.5023696682464455,0.0,1.0,0.909952606635071,0.0,222.0,223.0,211.0,940.0,522.5,5.422572861586448,448.6703257070271,124.75232494302182,9.0,0.04961957602677103,0.9756803986977558,0.28654970760233917,1.0,0.9817073170731707,0.9590643274853801,535.0,749.0,215.0,171.0,5.0,430.0,404.5650697068645,571.6835444602295,73.79381715911101,313.0,18.67510722405163,-0.42257286158644813,-18.670325707027075,1.6905525387585831,0.7872095108032227,0.9408968091011047,0.0,1.0,1.0,0.0,1.0,1.0
SNPT-070,0,30.0,0.028261045984215704,0.9847771324988069,0.40941176470588236,1.0,1.0,0.8305882352941176,0.0,424.0,425.0,425.0,990.5,549.0,9.405084856925553,473.024007684455,110.3333405720162,,1.0,0.0,0.0,0.0,0.9852216748768473,0.9485981308411215,536.0,749.0,214.0,214.0,19.0,402.0,1845.2643849915198,521.1596650206345,71.69050164376085,112.0,71.66918489953909,9.594915143074447,-71.024007684455,1.5390231347560726,0.8020826578140259,0.939739465713501,0.0,0.0,0.0,0.0,1.0,1.0
SNPT-070,1,15.0,0.0002956981266485344,0.9752143393328161,0.9204545454545454,0.0,1.0,0.9431818181818182,0.0,128.0,129.0,88.0,27.0,591.0,14.91523297767526,575.9257588555064,153.7738891590445,15.0,0.0011104880315709214,0.9998747001231556,0.4226190476190476,0.0,0.9818181818181818,0.9821428571428571,582.0,749.0,168.0,168.0,12.5,602.5,1077.2604255808444,634.2338596457337,94.3366111848635,454.0,26.683771149186303,-2.4152329776752595,26.574241144493612,1.6300552587977406,0.9316182136535645,0.9314277172088623,1.0,0.0,1.0,1.0,0.0,1.0
SNPT-070,0,14.0,0.00044648487375489117,0.9999471787701953,0.6308243727598566,0.0,1.0,0.8817204301075269,89.0,367.0,279.0,279.0,1900.5,519.5,8.987195647882618,445.1227170220661,109.61797729290154,15.0,0.0011104880315709214,0.9998747001231556,0.4226190476190476,0.0,0.9818181818181818,0.9821428571428571,582.0,749.0,168.0,168.0,12.5,602.5,1077.2604255808444,634.2338596457337,94.3366111848635,215.0,157.41648259293856,3.5128043521173815,157.37728297793387,1.1619876516243777,0.9160052537918091,0.9931896924972534,0.0,1.0,1.0,1.0,0.0,1.0
SNPT-070,0,5.0,0.029005614958924012,0.975494181116422,0.18045112781954886,0.0,1.0,0.9172932330827067,0.0,132.0,133.0,133.0,283.5,365.0,7.384008052996711,367.3341608137741,102.49765363003486,,1.0,0.0,0.0,0.0,0.9852216748768473,0.9485981308411215,536.0,749.0,214.0,214.0,19.0,402.0,1845.2643849915198,521.1596650206345,71.69050164376085,404.0,36.560247200998546,11.61599194700329,34.665839186225924,1.429724318841548,0.7551875114440918,0.960426926612854,0.0,0.0,0.0,1.0,0.0,1.0
SNPT-070,0,14.0,0.00044648487375489117,0.9999471787701953,0.6308243727598566,0.0,1.0,0.8817204301075269,89.0,367.0,279.0,279.0,1900.5,519.5,8.987195647882618,445.1227170220661,109.61797729290154,9.0,0.04961957602677103,0.9756803986977558,0.28654970760233917,1.0,0.9817073170731707,0.9590643274853801,535.0,749.0,215.0,171.0,5.0,430.0,404.5650697068645,571.6835444602295,73.79381715911101,168.0,15.639510838385664,-3.9871956478826185,-15.122717022066126,1.4854628953066358,0.8271864056587219,0.9585244655609131,0.0,1.0,1.0,0.0,1.0,1.0
SNPT-070,0,9.0,0.08765631753548328,0.9446350273158816,0.703125,1.0,1.0,0.875,0.0,127.0,128.0,128.0,189.0,580.5,20.597264124855695,554.4035849472116,144.0922360970742,,1.0,0.0,0.0,1.0,0.9943181818181818,0.8,530.0,749.0,220.0,220.0,11.464525071776581,393.5066816569937,1652.8223339612578,484.0450250580843,61.623403634223614,403.0,161.1558885396167,-9.132739053079113,-160.8969032902179,2.3382712995270207,0.8743443489074707,0.929232656955719,0.0,0.0,0.0,1.0,0.0,1.0
SNPT-070,0,36.0,0.009413068875224936,0.9929299352369902,0.6842105263157895,0.0,1.0,0.7869674185463659,0.0,398.0,399.0,399.0,738.5,828.0,11.717580820310864,736.9536830346689,163.49875428809688,8.0,0.041247474424380925,0.9752683192491531,0.2639593908629442,0.0,0.9946524064171123,0.949238578680203,553.0,749.0,197.0,197.0,7.5,520.5,1312.7442320930681,629.5929533324224,83.06110889536887,155.0,216.49476872952093,-4.2175808203108645,-216.45368303466887,1.9684152603121923,0.9262152910232544,0.9293266534805298,0.0,1.0,1.0,1.0,0.0,1.0
SNPT-070,1,4.0,0.012533427154626187,0.9859567999839782,0.3812316715542522,0.0,1.0,0.8152492668621701,75.0,415.0,341.0,341.0,1909.5,347.5,9.536502621287225,555.1877282400485,105.14806730228877,4.0,0.027921279011025035,0.9539037810431586,0.0967741935483871,0.0,0.9881656804733728,0.9086021505376344,522.0,707.0,186.0,186.0,11.0,521.0,1901.6593445017638,945.7424136950107,101.4651720965071,107.0,34.21903836744845,1.4634973787127752,-34.1877282400485,1.0362971365413811,0.9578069448471069,0.9863708019256592,1.0,0.0,1.0,1.0,0.0,1.0
SNPT-070,0,15.0,0.0002956981266485344,0.9752143393328161,0.9204545454545454,0.0,1.0,0.9431818181818182,0.0,128.0,129.0,88.0,27.0,591.0,14.91523297767526,575.9257588555064,153.7738891590445,27.0,0.01038868769156054,0.9974304580352675,0.3302325581395349,0.0,1.0,0.827906976744186,371.0,677.0,307.0,215.0,1909.0,652.5,1912.0079011846851,417.9071622399565,108.95258113565654,243.0,1895.6320104579552,1894.0847670223247,76.57424114449361,1.4113836272275282,0.9150975942611694,0.9288251399993896,0.0,1.0,1.0,1.0,0.0,1.0
SNPT-070,0,36.0,0.009413068875224936,0.9929299352369902,0.6842105263157895,0.0,1.0,0.7869674185463659,0.0,398.0,399.0,399.0,738.5,828.0,11.717580820310864,736.9536830346689,163.49875428809688,5.0,0.0002499961752551759,0.9999765555063883,0.16463414634146342,0.0,1.0,0.926829268292683,586.0,749.0,164.0,164.0,12.0,439.0,1701.2260946391739,556.8461267099254,71.36634594966065,188.0,297.9538168819406,0.28241917968913555,-297.95368303466887,2.2909783611931487,0.8819847106933594,0.925902247428894,0.0,1.0,1.0,1.0,0.0,1.0
SNPT-070,0,25.0,0.05213948198833019,0.9451630160073253,0.22384937238493724,1.0,0.9913232104121475,0.9644351464435147,0.0,477.0,478.0,478.0,1003.0,353.5,10.370024975574115,428.7177005893582,92.2582179181243,4.0,0.027921279011025035,0.9539037810431586,0.0967741935483871,0.0,0.9881656804733728,0.9086021505376344,522.0,707.0,186.0,186.0,11.0,521.0,1901.6593445017638,945.7424136950107,101.4651720965071,45.0,92.28444968165951,0.6299750244258853,92.28229941064183,0.9092599560209118,0.8030198812484741,0.9610453844070435,0.0,1.0,1.0,0.0,1.0,1.0
SNPT-070,1,5.0,0.029005614958924012,0.975494181116422,0.18045112781954886,0.0,1.0,0.9172932330827067,0.0,132.0,133.0,133.0,283.5,365.0,7.384008052996711,367.3341608137741,102.49765363003486,5.0,0.0002499961752551759,0.9999765555063883,0.16463414634146342,0.0,1.0,0.926829268292683,586.0,749.0,164.0,164.0,12.0,439.0,1701.2260946391739,556.8461267099254,71.36634594966065,454.0,71.81434319076374,4.615991947003289,71.66583918622592,1.4362183220412204,0.8036468029022217,0.9739492535591125,1.0,0.0,1.0,1.0,0.0,1.0
SNPT-071,1,,1.0,0.0,0.0,1.0,1.0,0.9659863945578231,340.0,486.0,147.0,147.0,32.5,497.5,7.32383188736469,469.30665696613835,106.37272507200483,10.0,0.0005485386732782143,0.999949626175754,0.48823529411764705,1.0,0.9852941176470589,0.8,580.0,749.0,170.0,170.0,24.0,358.0,430.4183213088298,316.93690594831065,95.09029847018304,94.0,112.54895142958227,16.67616811263531,-111.30665696613835,1.1186496076185894,0.8266857862472534,0.9596480131149292,0.0,0.0,0.0,1.0,0.0,1.0
SNPT-071,0,4.0,0.00011523415383359136,0.9999912577339366,0.8729281767955801,1.0,1.0,0.8729281767955801,0.0,180.0,181.0,181.0,620.5,540.0,11.289605395483385,640.3400702768306,97.71231465061922,,1.0,0.0,0.0,1.0,1.0,0.9659863945578231,340.0,486.0,147.0,147.0,32.5,497.5,7.32383188736469,469.30665696613835,106.37272507200483,160.0,144.4062551137215,21.210394604516615,-142.8400702768306,0.9185842948413394,0.7193272709846497,0.9372086524963379,0.0,0.0,0.0,1.0,0.0,1.0
SNPT-071,0,44.0,0.02245800676155909,0.9856469883368566,0.5531914893617021,1.0,0.9965034965034965,0.8693009118541033,0.0,328.0,329.0,329.0,1143.0,582.5,1386.8750299518897,523.552285882532,104.8269345948481,27.0,0.007820966877459043,0.9925975811134264,0.24465558194774348,1.0,0.996875,0.7600950118764845,329.0,749.0,421.0,421.0,1418.5,550.0,1508.397033546691,611.8382643908353,140.13309732399838,1.0,41.226451612807864,31.6249700481103,26.447714117467967,0.7480526484937405,0.9296479225158691,0.9821288585662842,0.0,1.0,1.0,1.0,0.0,1.0
SNPT-071,0,44.0,0.02245800676155909,0.9856469883368566,0.5531914893617021,1.0,0.9965034965034965,0.8693009118541033,0.0,328.0,329.0,329.0,1143.0,582.5,1386.8750299518897,523.552285882532,104.8269345948481,1.0,0.011789113942844173,0.9938157430061927,0.03987730061349693,1.0,0.9413793103448276,0.8895705521472392,424.0,749.0,326.0,326.0,1890.5,401.0,1471.0517825705188,522.0263173928006,124.41625481385786,96.0,518.3214960147744,503.6249700481103,-122.55228588253203,0.8425501535284291,0.7030776143074036,0.9178080558776855,0.0,1.0,1.0,1.0,0.0,1.0
SNPT-071,1,,1.0,0.0,0.0,1.0,1.0,0.7953216374269005,0.0,186.0,187.0,171.0,144.0,443.5,11.552372899100021,509.88880430036124,79.39033053981504,,1.0,0.0,0.0,1.0,1.0,0.9659863945578231,340.0,486.0,147.0,147.0,32.5,497.5,7.32383188736469,469.30665696613835,106.37272507200483,154.0,24.33691749484738,20.94762710089998,-12.388804300361244,0.7463410426504997,0.9075882434844971,0.9586893320083618,0.0,0.0,0.0,1.0,0.0,1.0
SNPT-071,0,44.0,0.02245800676155909,0.9856469883368566,0.5531914893617021,1.0,0.9965034965034965,0.8693009118541033,0.0,328.0,329.0,329.0,1143.0,582.5,1386.8750299518897,523.552285882532,104.8269345948481,,1.0,0.0,0.0,1.0,1.0,0.9659863945578231,340.0,486.0,147.0,147.0,32.5,497.5,7.32383188736469,469.30665696613835,106.37272507200483,12.0,1354.6255731222882,-1354.3750299518897,-26.052285882532033,0.9854681688740194,0.7927384972572327,0.982063353061676,0.0,0.0,0.0,1.0,0.0,1.0
SNPT-071,0,5.0,0.02277250522165835,0.987632584922454,0.8343558282208589,1.0,1.0,0.8343558282208589,0.0,162.0,163.0,163.0,1061.0,550.0,1037.820734354852,542.3033737797272,93.60890506284075,27.0,0.007820966877459043,0.9925975811134264,0.24465558194774348,1.0,0.996875,0.7600950118764845,329.0,749.0,421.0,421.0,1418.5,550.0,1508.397033546691,611.8382643908353,140.13309732399838,167.0,380.757063424047,380.679265645148,7.696626220272833,0.6679999718154366,0.9167453646659851,0.9377602934837341,0.0,1.0,1.0,1.0,0.0,1.0
SNPT-071,0,9.0,0.024735150680944385,0.9735455867122201,0.4644808743169399,0.0,0.6875,0.8743169398907104,0.0,182.0,183.0,183.0,1101.0,549.5,810.7690178476382,525.6098318473515,93.56164575357438,25.0,0.021914577995006637,0.9645966968131722,0.3935018050541516,0.0,0.6,0.9205776173285198,196.0,749.0,554.0,554.0,739.0,578.0,1143.4866169863499,546.5560359018535,119.1345164362135,14.0,88.85674786912583,-71.76901784763822,52.39016815264847,0.7853445714338276,0.8641864061355591,0.9758080840110779,0.0,1.0,1.0,1.0,0.0,0.0
SNPT-071,0,8.0,0.0020200913631426426,0.9996755743679935,0.8902439024390244,1.0,1.0,0.9573170731707317,0.0,163.0,164.0,164.0,308.5,716.5,13.897377986910747,731.3784298947295,131.00182072740935,10.0,0.0005485386732782143,0.999949626175754,0.48823529411764705,1.0,0.9852941176470589,0.8,580.0,749.0,170.0,170.0,24.0,358.0,430.4183213088298,316.93690594831065,95.09029847018304,417.0,373.5150798591575,10.102622013089253,-373.3784298947295,1.377657056870916,0.8297513723373413,0.937996506690979,0.0,1.0,1.0,1.0,0.0,1.0
SNPT-071,0,4.0,0.00011523415383359136,0.9999912577339366,0.8729281767955801,1.0,1.0,0.8729281767955801,0.0,180.0,181.0,181.0,620.5,540.0,11.289605395483385,640.3400702768306,97.71231465061922,30.0,0.019351769972369464,0.9861467343110305,0.0718232044198895,0.0,1.0,0.9226519337016574,316.0,496.0,181.0,181.0,29.5,516.5,12.015402755511756,628.1066820963949,121.62745488896189,136.0,125.17180783955527,18.210394604516615,-123.8400702768306,0.8033738331516048,0.6819837093353271,0.9115968346595764,0.0,1.0,1.0,0.0,1.0,1.0
SNPT-071,1,,1.0,0.0,0.0,1.0,1.0,0.7953216374269005,0.0,186.0,187.0,171.0,144.0,443.5,11.552372899100021,509.88880430036124,79.39033053981504,10.0,0.0005485386732782143,0.999949626175754,0.48823529411764705,1.0,0.9852941176470589,0.8,580.0,749.0,170.0,170.0,24.0,358.0,430.4183213088298,316.93690594831065,95.09029847018304,394.0,152.3980061950828,12.447627100899979,-151.88880430036124,0.8348941145106306,0.8482426404953003,0.9806544780731201,0.0,0.0,0.0,1.0,0.0,1.0
SNPT-071,1,,1.0,0.0,0.0,0.0,1.0,0.8548387096774194,0.0,185.0,186.0,186.0,632.0,466.5,12.792744905377477,510.90789454264996,80.9711445136067,30.0,0.019351769972369464,0.9861467343110305,0.0718232044198895,0.0,1.0,0.9226519337016574,316.0,496.0,181.0,181.0,29.5,516.5,12.015402755511756,628.1066820963949,121.62745488896189,131.0,17.618286416190266,16.707255094622525,5.592105457350044,0.6657308137174143,0.8873270750045776,0.9390930533409119,0.0,0.0,0.0,1.0,0.0,1.0
SNPT-071,1,,1.0,0.0,0.0,0.0,1.0,0.8548387096774194,0.0,185.0,186.0,186.0,632.0,466.5,12.792744905377477,510.90789454264996,80.9711445136067,30.0,0.018985715947839606,0.9793709916436774,0.7267080745341615,0.0,1.0,0.9627329192546584,589.0,749.0,161.0,161.0,33.5,620.5,695.8079352200957,577.4338944806502,137.40782640869202,404.0,111.53125119054616,20.707255094622525,109.59210545735004,0.5892760742228341,0.9206545352935791,0.953408420085907,0.0,0.0,0.0,1.0,0.0,1.0
SNPT-071,1,4.0,0.00011523415383359136,0.9999912577339366,0.8729281767955801,1.0,1.0,0.8729281767955801,0.0,180.0,181.0,181.0,620.5,540.0,11.289605395483385,640.3400702768306,97.71231465061922,4.0,0.0019801872795142117,0.9924867851325715,0.5678733031674208,1.0,1.0,0.8122171945701357,308.0,749.0,442.0,442.0,37.0,623.0,556.3151949827496,695.4234285011291,149.3810260656375,128.0,31.011327413146656,25.710394604516615,-17.340070276830602,0.6541146303793948,0.9548097848892212,0.9829934239387512,1.0,0.0,1.0,1.0,0.0,1.0
SNPT-071,0,,1.0,0.0,0.0,0.0,1.0,0.8548387096774194,0.0,185.0,186.0,186.0,632.0,466.5,12.792744905377477,510.90789454264996,80.9711445136067,10.0,0.0005485386732782143,0.999949626175754,0.48823529411764705,1.0,0.9852941176470589,0.8,580.0,749.0,170.0,170.0,24.0,358.0,430.4183213088298,316.93690594831065,95.09029847018304,395.0,153.31805758038453,11.207255094622523,-152.90789454264996,0.851518459993018,0.7645105123519897,0.9412256479263306,0.0,0.0,0.0,0.0,1.0,1.0
SNPT-071,0,44.0,0.02245800676155909,0.9856469883368566,0.5531914893617021,1.0,0.9965034965034965,0.8693009118541033,0.0,328.0,329.0,329.0,1143.0,582.5,1386.8750299518897,523.552285882532,104.8269345948481,10.0,0.0005485386732782143,0.999949626175754,0.48823529411764705,1.0,0.9852941176470589,0.8,580.0,749.0,170.0,170.0,24.0,358.0,430.4183213088298,316.93690594831065,95.09029847018304,252.0,1372.8932611923244,-1362.8750299518897,-165.55228588253203,1.102393580431532,0.8680667281150818,0.9812143445014954,0.0,1.0,1.0,1.0,0.0,1.0
SNPT-071,1,5.0,0.02277250522165835,0.987632584922454,0.8343558282208589,1.0,1.0,0.8343558282208589,0.0,162.0,163.0,163.0,1061.0,550.0,1037.820734354852,542.3033737797272,93.60890506284075,5.0,0.08715920550877583,0.9387929483371622,0.12035398230088495,1.0,0.5370370370370371,0.8601769911504424,183.0,749.0,567.0,565.0,807.0,542.0,768.8964059608579,613.4934526770235,116.31830329260093,21.0,230.82093372084643,-230.820734354852,-0.30337377972716695,0.804765049120135,0.9254542589187622,0.9265404939651489,1.0,0.0,1.0,1.0,0.0,0.0
SNPT-071,0,8.0,0.0020200913631426426,0.9996755743679935,0.8902439024390244,1.0,1.0,0.9573170731707317,0.0,163.0,164.0,164.0,308.5,716.5,13.897377986910747,731.3784298947295,131.00182072740935,5.0,0.08715920550877583,0.9387929483371622,0.12035398230088495,1.0,0.5370370370370371,0.8601769911504424,183.0,749.0,567.0,565.0,807.0,542.0,768.8964059608579,613.4934526770235,116.31830329260093,20.0,815.3992634001027,793.1026220130892,-189.3784298947295,1.1262356569788656,0.8959650993347168,0.9346065521240234,0.0,1.0,1.0,1.0,0.0,0.0
SNPT-071,0,8.0,0.0020200913631426426,0.9996755743679935,0.8902439024390244,1.0,1.0,0.9573170731707317,0.0,163.0,164.0,164.0,308.5,716.5,13.897377986910747,731.3784298947295,131.00182072740935,4.0,0.0019801872795142117,0.9924867851325715,0.5678733031674208,1.0,1.0,0.8122171945701357,308.0,749.0,442.0,442.0,37.0,623.0,556.3151949827496,695.4234285011291,149.3810260656375,145.0,110.8134252260369,23.102622013089253,-108.37842989472949,0.8769642582977546,0.8442311882972717,0.9552888870239258,0.0,1.0,1.0,1.0,0.0,1.0
SNPT-071,0,8.0,0.0020200913631426426,0.9996755743679935,0.8902439024390244,1.0,1.0,0.9573170731707317,0.0,163.0,164.0,164.0,308.5,716.5,13.897377986910747,731.3784298947295,131.00182072740935,1.0,0.011789113942844173,0.9938157430061927,0.03987730061349693,1.0,0.9413793103448276,0.8895705521472392,424.0,749.0,326.0,326.0,1890.5,401.0,1471.0517825705188,522.0263173928006,124.41625481385786,261.0,1905.462491860207,1876.6026220130893,-330.3784298947295,1.052931716385486,0.6635887026786804,0.8463670015335083,0.0,1.0,1.0,1.0,0.0,1.0
SNPT-071,0,,1.0,0.0,0.0,1.0,1.0,0.7953216374269005,0.0,186.0,187.0,171.0,144.0,443.5,11.552372899100021,509.88880430036124,79.39033053981504,1.0,0.011789113942844173,0.9938157430061927,0.03987730061349693,1.0,0.9413793103448276,0.8895705521472392,424.0,749.0,326.0,326.0,1890.5,401.0,1471.0517825705188,522.0263173928006,124.41625481385786,238.0,1882.100145340323,1878.9476271009,-108.88880430036124,0.6381025586937399,0.6623259782791138,0.9073493480682373,0.0,0.0,0.0,1.0,0.0,1.0
SNPT-071,0,,1.0,0.0,0.0,1.0,1.0,0.7953216374269005,0.0,186.0,187.0,171.0,144.0,443.5,11.552372899100021,509.88880430036124,79.39033053981504,27.0,0.007820966877459043,0.9925975811134264,0.24465558194774348,1.0,0.996875,0.7600950118764845,329.0,749.0,421.0,421.0,1418.5,550.0,1508.397033546691,611.8382643908353,140.13309732399838,143.0,1407.519283500339,1406.9476271009,40.111195699638756,0.5665351873031005,0.8460750579833984,0.9654514193534851,0.0,0.0,0.0,1.0,0.0,1.0
SNPT-071,1,30.0,0.019351769972369464,0.9861467343110305,0.0718232044198895,0.0,1.0,0.9226519337016574,316.0,496.0,181.0,181.0,29.5,516.5,12.015402755511756,628.1066820963949,121.62745488896189,30.0,0.018985715947839606,0.9793709916436774,0.7267080745341615,0.0,1.0,0.9627329192546584,589.0,749.0,161.0,161.0,33.5,620.5,695.8079352200957,577.4338944806502,137.40782640869202,93.0,22.791435480756515,21.484597244488242,-7.606682096394934,0.8851566760630172,0.9374498128890991,0.9797452688217163,1.0,0.0,1.0,1.0,0.0,1.0
SNPT-071,0,,1.0,0.0,0.0,1.0,1.0,0.7953216374269005,0.0,186.0,187.0,171.0,144.0,443.5,11.552372899100021,509.88880430036124,79.39033053981504,30.0,0.018985715947839606,0.9793709916436774,0.7267080745341615,0.0,1.0,0.9627329192546584,589.0,749.0,161.0,161.0,33.5,620.5,695.8079352200957,577.4338944806502,137.40782640869202,403.0,112.7676148079046,21.94762710089998,110.61119569963876,0.5777715332144504,0.6942024230957031,0.9191585779190063,0.0,0.0,0.0,0.0,1.0,1.0
SNPT-071,0,9.0,0.024735150680944385,0.9735455867122201,0.4644808743169399,0.0,0.6875,0.8743169398907104,0.0,182.0,183.0,183.0,1101.0,549.5,810.7690178476382,525.6098318473515,93.56164575357438,10.0,0.0005485386732782143,0.999949626175754,0.48823529411764705,1.0,0.9852941176470589,0.8,580.0,749.0,170.0,170.0,24.0,358.0,430.4183213088298,316.93690594831065,95.09029847018304,398.0,804.4243551614003,-786.7690178476382,-167.60983184735153,0.9839241989855779,0.8078811764717102,0.9701374769210815,0.0,1.0,1.0,0.0,1.0,0.0
SNPT-071,0,,1.0,0.0,0.0,1.0,1.0,0.8243626062322946,0.0,352.0,353.0,353.0,1768.0,480.0,1912.611313953791,506.34376101706954,98.44203161604051,30.0,0.018985715947839606,0.9793709916436774,0.7267080745341615,0.0,1.0,0.9627329192546584,589.0,749.0,161.0,161.0,33.5,620.5,695.8079352200957,577.4338944806502,137.40782640869202,237.0,1882.5756232162018,-1879.111313953791,114.15623898293046,0.7164223042379292,0.668867290019989,0.9004226326942444,0.0,0.0,0.0,0.0,1.0,1.0
SNPT-071,1,,1.0,0.0,0.0,1.0,1.0,0.8243626062322946,0.0,352.0,353.0,353.0,1768.0,480.0,1912.611313953791,506.34376101706954,98.44203161604051,1.0,0.011789113942844173,0.9938157430061927,0.03987730061349693,1.0,0.9413793103448276,0.8895705521472392,424.0,749.0,326.0,326.0,1890.5,401.0,1471.0517825705188,522.0263173928006,124.41625481385786,72.0,107.63929668101969,-22.11131395379107,-105.34376101706954,0.7912312724998996,0.9884142875671387,0.9964427947998047,0.0,0.0,0.0,1.0,0.0,1.0
SNPT-072,0,3.0,0.17722195828060522,0.9363693973775638,0.7468354430379747,0.0,1.0,0.9493670886075949,0.0,78.0,79.0,79.0,1635.5,526.5,1906.71595544704,536.2495429617475,114.98921297204882,28.0,0.01310571903620766,0.9959904970157714,0.6461538461538462,0.0,1.0,0.9230769230769231,260.0,389.0,130.0,130.0,1913.5,582.5,1914.2249915702591,631.68702262435,120.05664580498292,182.0,46.74535310321006,6.78404455296004,46.250457038252534,0.9577913175988149,0.8697654008865356,0.978079080581665,0.0,1.0,0.0,1.0,0.0,1.0
SNPT-072,1,3.0,0.2324045699886439,0.8988146397375292,0.41150442477876104,0.0,0.9948717948717949,0.8628318584070797,238.0,464.0,227.0,226.0,1911.5,564.5,1878.577041364627,573.3262629198776,119.76997913154818,3.0,0.03354255428338157,0.9936834987666872,0.28346456692913385,0.0,1.0,0.952755905511811,623.0,749.0,127.0,127.0,1906.5,619.0,1595.9994225499486,590.4006162933398,158.91007362663416,159.0,53.532998027542796,27.922958635373107,45.67373708012235,0.7536965807023206,0.9760479927062988,0.9893209338188171,1.0,0.0,0.0,1.0,0.0,1.0
SNPT-072,1,44.0,0.0005978073280896345,0.9999372286999479,0.8703703703703703,1.0,1.0,0.8703703703703703,0.0,53.0,54.0,54.0,1756.5,718.0,1913.8660903374125,689.5353812877686,136.50522961266037,,1.0,0.0,0.0,1.0,1.0,0.9436619718309859,608.0,749.0,142.0,142.0,1906.0,645.5,1306.7561932589201,714.7252798825034,157.6484592359712,555.0,44.73242875538388,-7.8660903374125155,-44.03538128776859,0.8658836900418847,0.844916820526123,0.9320607781410217,0.0,0.0,0.0,1.0,0.0,1.0
SNPT-072,0,,1.0,0.0,0.0,0.0,1.0,0.8970588235294118,306.0,373.0,68.0,68.0,1909.0,491.0,1908.282693246148,500.319835618394,118.23519534628244,5.0,0.00038275508575823453,0.9999540667784842,0.24050632911392406,1.0,1.0,0.9240506329113924,571.0,649.0,79.0,79.0,6.5,530.5,22.169708291589707,578.6701381525297,112.92722607104216,198.0,1902.0221488333602,-1901.782693246148,30.180164381606005,1.0470034504513646,0.6510235071182251,0.8916118741035461,0.0,0.0,0.0,0.0,1.0,1.0
SNPT-072,1,3.0,0.17722195828060522,0.9363693973775638,0.7468354430379747,0.0,1.0,0.9493670886075949,0.0,78.0,79.0,79.0,1635.5,526.5,1906.71595544704,536.2495429617475,114.98921297204882,3.0,0.2324045699886439,0.8988146397375292,0.41150442477876104,0.0,0.9948717948717949,0.8628318584070797,238.0,464.0,227.0,226.0,1911.5,564.5,1878.577041364627,573.3262629198776,119.76997913154818,160.0,28.652668377567537,4.78404455296004,28.250457038252534,0.9600837689530825,0.9711987972259521,0.9795942306518555,1.0,0.0,0.0,1.0,0.0,1.0
SNPT-072,0,,1.0,0.0,0.0,0.0,1.0,0.8970588235294118,306.0,373.0,68.0,68.0,1909.0,491.0,1908.282693246148,500.319835618394,118.23519534628244,15.0,0.0010485187864516423,0.9768670456750053,0.603448275862069,1.0,1.0,0.8620689655172413,578.0,668.0,91.0,58.0,8.5,611.0,12.579110878331349,867.402750087771,135.24639769896413,205.0,1903.004041074303,-1899.782693246148,110.680164381606,0.8742206621240606,0.669924795627594,0.8777878284454346,0.0,0.0,0.0,0.0,1.0,1.0
SNPT-072,0,28.0,0.0018057519624877527,0.9997932314872742,0.325,0.0,1.0,0.85,0.0,79.0,80.0,40.0,1808.5,609.0,1911.0371355750044,526.5043794835051,111.30833190545687,8.0,0.010409923745707298,0.99843723376592,0.3,1.0,1.0,0.72,156.0,206.0,51.0,50.0,8.5,502.5,8.376713634590129,469.9797690079792,91.88585818355969,77.0,1902.6885616086336,-1902.5371355750044,-24.00437948350509,1.2113760931861468,0.7396398186683655,0.9421035051345825,0.0,1.0,1.0,0.0,1.0,1.0
SNPT-072,0,9.0,0.000273848309732972,0.9978010058403015,0.9696969696969697,0.0,1.0,0.9696969696969697,0.0,230.0,231.0,231.0,139.5,904.0,8.28950044367436,634.1865449281986,151.87479398961142,5.0,0.00038275508575823453,0.9999540667784842,0.24050632911392406,1.0,1.0,0.9240506329113924,571.0,649.0,79.0,79.0,6.5,530.5,22.169708291589707,578.6701381525297,112.92722607104216,341.0,103.70198605130598,-1.7895004436743598,-103.6865449281986,1.3448908582423469,0.7995675206184387,0.8984124660491943,0.0,1.0,1.0,0.0,1.0,1.0
SNPT-072,0,,1.0,0.0,0.0,1.0,1.0,1.0,162.0,169.0,8.0,8.0,1914.0,562.5,1912.446386954306,563.3747649580637,77.1397285072916,5.0,0.00038275508575823453,0.9999540667784842,0.24050632911392406,1.0,1.0,0.9240506329113924,571.0,649.0,79.0,79.0,6.5,530.5,22.169708291589707,578.6701381525297,112.92722607104216,402.0,1906.2298864814866,-1905.946386954306,-32.87476495806368,0.6830923878247327,0.7176952958106995,0.9017502069473267,0.0,0.0,0.0,1.0,0.0,1.0
SNPT-072,1,28.0,0.0018057519624877527,0.9997932314872742,0.325,0.0,1.0,0.85,0.0,79.0,80.0,40.0,1808.5,609.0,1911.0371355750044,526.5043794835051,111.30833190545687,28.0,0.01310571903620766,0.9959904970157714,0.6461538461538462,0.0,1.0,0.9230769230769231,260.0,389.0,130.0,130.0,1913.5,582.5,1914.2249915702591,631.68702262435,120.05664580498292,181.0,56.04975662929514,2.462864424995587,55.99562051649491,0.9271317814947404,0.9600533246994019,0.9792678356170654,1.0,0.0,1.0,1.0,0.0,1.0
SNPT-072,0,3.0,0.2324045699886439,0.8988146397375292,0.41150442477876104,0.0,0.9948717948717949,0.8628318584070797,238.0,464.0,227.0,226.0,1911.5,564.5,1878.577041364627,573.3262629198776,119.76997913154818,15.0,0.0010485187864516423,0.9768670456750053,0.603448275862069,1.0,1.0,0.8620689655172413,578.0,668.0,91.0,58.0,8.5,611.0,12.579110878331349,867.402750087771,135.24639769896413,114.0,1870.4564820130563,-1870.077041364627,37.67373708012235,0.8855687187923196,0.8071558475494385,0.9486225843429565,0.0,1.0,0.0,0.0,1.0,1.0
SNPT-072,1,,1.0,0.0,0.0,1.0,1.0,1.0,162.0,169.0,8.0,8.0,1914.0,562.5,1912.446386954306,563.3747649580637,77.1397285072916,3.0,0.03354255428338157,0.9936834987666872,0.28346456692913385,0.0,1.0,0.952755905511811,623.0,749.0,127.0,127.0,1906.5,619.0,1595.9994225499486,590.4006162933398,158.91007362663416,454.0,55.942169168535116,-5.9463869543060355,55.62523504193632,0.48543007215851275,0.7220643162727356,0.8989936113357544,0.0,0.0,0.0,0.0,1.0,1.0
SNPT-072,0,28.0,0.0018057519624877527,0.9997932314872742,0.325,0.0,1.0,0.85,0.0,79.0,80.0,40.0,1808.5,609.0,1911.0371355750044,526.5043794835051,111.30833190545687,15.0,0.0010485187864516423,0.9768670456750053,0.603448275862069,1.0,1.0,0.8620689655172413,578.0,668.0,91.0,58.0,8.5,611.0,12.579110878331349,867.402750087771,135.24639769896413,499.0,1904.4125241471213,-1902.5371355750044,84.49562051649491,0.8230040415066034,0.7539710998535156,0.9338515400886536,0.0,1.0,1.0,0.0,1.0,1.0
SNPT-072,1,44.0,0.0038319543496623176,0.9989224624633789,0.6130790190735694,1.0,1.0,0.8283378746594006,143.0,552.0,410.0,367.0,1912.5,670.5,1907.2590258285295,604.4416749035189,124.44804369400285,,1.0,0.0,0.0,1.0,1.0,0.9436619718309859,608.0,749.0,142.0,142.0,1906.0,645.5,1306.7561932589201,714.7252798825034,157.6484592359712,56.0,41.077624149471376,-1.2590258285295022,41.0583250964811,0.7894022199590716,0.9188302159309387,0.980820894241333,0.0,0.0,0.0,1.0,0.0,1.0
SNPT-072,0,8.0,0.010409923745707298,0.99843723376592,0.3,1.0,1.0,0.72,156.0,206.0,51.0,50.0,8.5,502.5,8.376713634590129,469.9797690079792,91.88585818355969,28.0,0.01310571903620766,0.9959904970157714,0.6461538461538462,0.0,1.0,0.9230769230769231,260.0,389.0,130.0,130.0,1913.5,582.5,1914.2249915702591,631.68702262435,120.05664580498292,54.0,1908.4432238435172,1905.12328636541,112.5202309920208,0.765354200656387,0.7497267127037048,0.9444383978843689,0.0,1.0,1.0,0.0,1.0,1.0
SNPT-072,0,4.0,0.11813843512294732,0.9461880607737435,0.11088295687885011,0.0,1.0,0.8193018480492813,0.0,550.0,551.0,487.0,1393.0,474.0,1907.4914263614078,477.71302295264593,110.72910784193263,15.0,0.0010485187864516423,0.9768670456750053,0.603448275862069,1.0,1.0,0.8620689655172413,578.0,668.0,91.0,58.0,8.5,611.0,12.579110878331349,867.402750087771,135.24639769896413,28.0,1903.6632726521138,-1898.9914263614078,133.28697704735407,0.8187213095937469,0.788109302520752,0.9448040723800659,0.0,1.0,1.0,0.0,1.0,1.0
SNPT-072,0,44.0,0.0038319543496623176,0.9989224624633789,0.6130790190735694,1.0,1.0,0.8283378746594006,143.0,552.0,410.0,367.0,1912.5,670.5,1907.2590258285295,604.4416749035189,124.44804369400285,5.0,0.00038275508575823453,0.9999540667784842,0.24050632911392406,1.0,1.0,0.9240506329113924,571.0,649.0,79.0,79.0,6.5,530.5,22.169708291589707,578.6701381525297,112.92722607104216,19.0,1902.1966895029962,-1900.7590258285295,-73.9416749035189,1.1020198407752704,0.8550388216972351,0.9846905469894409,0.0,1.0,1.0,1.0,0.0,1.0
SNPT-072,0,25.0,0.08013965355795942,0.9041932145991023,0.2692307692307692,0.0,0.9974489795918368,0.8376068376068376,0.0,467.0,468.0,468.0,648.5,426.5,1913.7107037700484,339.2674564137428,77.05501901321584,,1.0,0.0,0.0,1.0,1.0,0.9436619718309859,608.0,749.0,142.0,142.0,1906.0,645.5,1306.7561932589201,714.7252798825034,157.6484592359712,141.0,306.3296030486416,-7.71070377004844,306.2325435862572,0.48877749510940943,0.7462507486343384,0.9381219148635864,0.0,0.0,0.0,0.0,1.0,1.0
SNPT-072,0,44.0,0.0005978073280896345,0.9999372286999479,0.8703703703703703,1.0,1.0,0.8703703703703703,0.0,53.0,54.0,54.0,1756.5,718.0,1913.8660903374125,689.5353812877686,136.50522961266037,3.0,0.2324045699886439,0.8988146397375292,0.41150442477876104,0.0,0.9948717948717949,0.8628318584070797,238.0,464.0,227.0,226.0,1911.5,564.5,1878.577041364627,573.3262629198776,119.76997913154818,185.0,125.05776648118449,-2.3660903374125155,-125.03538128776859,1.1397282574686867,0.803098201751709,0.8946837186813354,0.0,1.0,0.0,0.0,1.0,1.0
SNPT-072,1,9.0,0.000273848309732972,0.9978010058403015,0.9696969696969697,0.0,1.0,0.9696969696969697,0.0,230.0,231.0,231.0,139.5,904.0,8.28950044367436,634.1865449281986,151.87479398961142,9.0,0.025794163780319207,0.9921363337737757,0.8723404255319149,0.0,1.0,0.8936170212765957,470.0,657.0,188.0,188.0,8.0,643.0,22.954270242452587,604.538129398793,139.76420531414058,240.0,8.818208480726087,-0.2895004436743598,8.8134550718014,1.0866501451373083,0.9770872592926025,0.9940522909164429,1.0,0.0,1.0,1.0,0.0,1.0
SNPT-072,0,15.0,0.0001444318368475103,0.9999892157177592,0.7166666666666667,1.0,1.0,0.7166666666666667,0.0,161.0,162.0,120.0,212.5,536.0,8.705846907639824,704.4122092006006,150.61423224144497,3.0,0.03354255428338157,0.9936834987666872,0.28346456692913385,0.0,1.0,0.952755905511811,623.0,749.0,127.0,127.0,1906.5,619.0,1595.9994225499486,590.4006162933398,158.91007362663416,462.0,1899.7152136549507,1897.7941530923601,-85.41220920060061,0.9477953713325902,0.8023781180381775,0.8338587284088135,0.0,1.0,1.0,0.0,1.0,1.0
SNPT-072,1,3.0,0.17722195828060522,0.9363693973775638,0.7468354430379747,0.0,1.0,0.9493670886075949,0.0,78.0,79.0,79.0,1635.5,526.5,1906.71595544704,536.2495429617475,114.98921297204882,3.0,0.03354255428338157,0.9936834987666872,0.28346456692913385,0.0,1.0,0.952755905511811,623.0,749.0,127.0,127.0,1906.5,619.0,1595.9994225499486,590.4006162933398,158.91007362663416,545.0,82.75073882929858,-0.21595544703995984,82.75045703825253,0.7236118538477351,0.9579973220825195,0.9579604864120483,1.0,0.0,0.0,1.0,0.0,1.0
SNPT-072,1,,1.0,0.0,0.0,1.0,1.0,1.0,162.0,169.0,8.0,8.0,1914.0,562.5,1912.446386954306,563.3747649580637,77.1397285072916,3.0,0.2324045699886439,0.8988146397375292,0.41150442477876104,0.0,0.9948717948717949,0.8628318584070797,238.0,464.0,227.0,226.0,1911.5,564.5,1878.577041364627,573.3262629198776,119.76997913154818,69.0,1.4703068274622437,-0.9463869543060355,1.125235041936321,0.6440656420467931,0.6996760964393616,0.8791298866271973,0.0,0.0,0.0,0.0,1.0,1.0
SNPT-072,0,15.0,0.0001444318368475103,0.9999892157177592,0.7166666666666667,1.0,1.0,0.7166666666666667,0.0,161.0,162.0,120.0,212.5,536.0,8.705846907639824,704.4122092006006,150.61423224144497,5.0,0.00038275508575823453,0.9999540667784842,0.24050632911392406,1.0,1.0,0.9240506329113924,571.0,649.0,79.0,79.0,6.5,530.5,22.169708291589707,578.6701381525297,112.92722607104216,410.0,173.9261977667925,-2.205846907639824,-173.9122092006006,1.3337282556351295,0.8737965226173401,0.9064316153526306,0.0,1.0,1.0,1.0,0.0,1.0
SNPT-072,1,15.0,0.0001444318368475103,0.9999892157177592,0.7166666666666667,1.0,1.0,0.7166666666666667,0.0,161.0,162.0,120.0,212.5,536.0,8.705846907639824,704.4122092006006,150.61423224144497,15.0,0.0010485187864516423,0.9768670456750053,0.603448275862069,1.0,1.0,0.8620689655172413,578.0,668.0,91.0,58.0,8.5,611.0,12.579110878331349,867.402750087771,135.24639769896413,417.0,93.41243600659475,-0.20584690763982394,-93.41220920060061,1.1136284204529208,0.9202825427055359,0.9050644636154175,1.0,0.0,1.0,1.0,0.0,1.0
SNPT-072,0,3.0,0.17722195828060522,0.9363693973775638,0.7468354430379747,0.0,1.0,0.9493670886075949,0.0,78.0,79.0,79.0,1635.5,526.5,1906.71595544704,536.2495429617475,114.98921297204882,8.0,0.061561945379889946,0.9387973527545515,0.13649851632047477,1.0,1.0,0.685459940652819,413.0,749.0,337.0,337.0,9.5,427.0,700.5227142402932,468.42830878208895,95.0836156430225,335.0,1900.3588724870299,-1897.21595544704,-109.24954296174747,1.2093483424500702,0.7526929974555969,0.9167205691337585,0.0,1.0,0.0,0.0,1.0,1.0
SNPT-072,0,28.0,0.0018057519624877527,0.9997932314872742,0.325,0.0,1.0,0.85,0.0,79.0,80.0,40.0,1808.5,609.0,1911.0371355750044,526.5043794835051,111.30833190545687,9.0,0.025794163780319207,0.9921363337737757,0.8723404255319149,0.0,1.0,0.8936170212765957,470.0,657.0,188.0,188.0,8.0,643.0,22.954270242452587,604.538129398793,139.76420531414058,391.0,1906.5994778602667,-1903.0371355750044,116.49562051649491,0.7964008499549298,0.7665115594863892,0.9328780174255371,0.0,1.0,1.0,1.0,0.0,1.0
SNPT-072,1,4.0,0.11813843512294732,0.9461880607737435,0.11088295687885011,0.0,1.0,0.8193018480492813,0.0,550.0,551.0,487.0,1393.0,474.0,1907.4914263614078,477.71302295264593,110.72910784193263,,1.0,0.0,0.0,0.0,1.0,0.9552238805970149,616.0,749.0,134.0,134.0,1913.0,549.0,1414.173285461981,487.3777465729066,145.86472800051223,66.0,71.49949286590625,5.508573638592225,71.28697704735407,0.759121888888339,0.956363320350647,0.9671350717544556,0.0,0.0,0.0,1.0,0.0,1.0
SNPT-072,0,15.0,0.0001444318368475103,0.9999892157177592,0.7166666666666667,1.0,1.0,0.7166666666666667,0.0,161.0,162.0,120.0,212.5,536.0,8.705846907639824,704.4122092006006,150.61423224144497,,1.0,0.0,0.0,0.0,1.0,0.8970588235294118,306.0,373.0,68.0,68.0,1909.0,491.0,1908.282693246148,500.319835618394,118.23519534628244,145.0,1912.2402148560968,1900.2941530923601,-213.4122092006006,1.2738527796256616,0.6577913761138916,0.7817906141281128,0.0,0.0,0.0,0.0,1.0,1.0
SNPT-072,0,8.0,0.010409923745707298,0.99843723376592,0.3,1.0,1.0,0.72,156.0,206.0,51.0,50.0,8.5,502.5,8.376713634590129,469.9797690079792,91.88585818355969,,1.0,0.0,0.0,0.0,1.0,0.9552238805970149,616.0,749.0,134.0,134.0,1913.0,549.0,1414.173285461981,487.3777465729066,145.86472800051223,410.0,1906.2618025526838,1904.62328636541,79.0202309920208,0.6299388443190804,0.8044840097427368,0.9105516672134399,0.0,0.0,0.0,0.0,1.0,1.0
SNPT-072,1,3.0,0.17722195828060522,0.9363693973775638,0.7468354430379747,0.0,1.0,0.9493670886075949,0.0,78.0,79.0,79.0,1635.5,526.5,1906.71595544704,536.2495429617475,114.98921297204882,,1.0,0.0,0.0,1.0,1.0,1.0,162.0,169.0,8.0,8.0,1914.0,562.5,1912.446386954306,563.3747649580637,77.1397285072916,84.0,27.24231634363438,7.28404455296004,26.250457038252534,1.490661364736065,0.6650272011756897,0.8285976648330688,0.0,0.0,0.0,0.0,1.0,1.0
SNPT-072,0,8.0,0.010409923745707298,0.99843723376592,0.3,1.0,1.0,0.72,156.0,206.0,51.0,50.0,8.5,502.5,8.376713634590129,469.9797690079792,91.88585818355969,,1.0,0.0,0.0,0.0,1.0,0.8970588235294118,306.0,373.0,68.0,68.0,1909.0,491.0,1908.282693246148,500.319835618394,118.23519534628244,100.0,1900.7395210247535,1900.62328636541,21.0202309920208,0.7771447234002373,0.6544854640960693,0.8836227655410767,0.0,0.0,0.0,0.0,1.0,1.0
SNPT-072,0,9.0,0.000273848309732972,0.9978010058403015,0.9696969696969697,0.0,1.0,0.9696969696969697,0.0,230.0,231.0,231.0,139.5,904.0,8.28950044367436,634.1865449281986,151.87479398961142,3.0,0.2324045699886439,0.8988146397375292,0.41150442477876104,0.0,0.9948717948717949,0.8628318584070797,238.0,464.0,227.0,226.0,1911.5,564.5,1878.577041364627,573.3262629198776,119.76997913154818,8.0,1904.4858676728134,1903.2104995563257,-69.6865449281986,1.2680539404853801,0.8983582258224487,0.9470391869544983,0.0,1.0,0.0,1.0,0.0,1.0
SNPT-072,0,,1.0,0.0,0.0,0.0,1.0,0.8970588235294118,306.0,373.0,68.0,68.0,1909.0,491.0,1908.282693246148,500.319835618394,118.23519534628244,,1.0,0.0,0.0,0.0,1.0,0.9552238805970149,616.0,749.0,134.0,134.0,1913.0,549.0,1414.173285461981,487.3777465729066,145.86472800051223,243.0,48.90819345702844,4.717306753851972,48.680164381606005,0.8105811251769327,0.6654595136642456,0.8820444345474243,0.0,0.0,0.0,1.0,0.0,1.0
SNPT-072,1,8.0,0.010409923745707298,0.99843723376592,0.3,1.0,1.0,0.72,156.0,206.0,51.0,50.0,8.5,502.5,8.376713634590129,469.9797690079792,91.88585818355969,8.0,0.061561945379889946,0.9387973527545515,0.13649851632047477,1.0,1.0,0.685459940652819,413.0,749.0,337.0,337.0,9.5,427.0,700.5227142402932,468.42830878208895,95.0836156430225,207.0,42.99444517885962,1.1232863654098715,-42.9797690079792,0.966368995984878,0.9452218413352966,0.9887186288833618,1.0,0.0,1.0,1.0,0.0,1.0
SNPT-072,0,15.0,0.0001444318368475103,0.9999892157177592,0.7166666666666667,1.0,1.0,0.7166666666666667,0.0,161.0,162.0,120.0,212.5,536.0,8.705846907639824,704.4122092006006,150.61423224144497,3.0,0.2324045699886439,0.8988146397375292,0.41150442477876104,0.0,0.9948717948717949,0.8628318584070797,238.0,464.0,227.0,226.0,1911.5,564.5,1878.577041364627,573.3262629198776,119.76997913154818,77.0,1907.93108243612,1902.7941530923601,-139.9122092006006,1.257529084780246,0.8144521713256836,0.8579626083374023,0.0,1.0,0.0,0.0,1.0,1.0
SNPT-072,0,28.0,0.0018057519624877527,0.9997932314872742,0.325,0.0,1.0,0.85,0.0,79.0,80.0,40.0,1808.5,609.0,1911.0371355750044,526.5043794835051,111.30833190545687,3.0,0.2324045699886439,0.8988146397375292,0.41150442477876104,0.0,0.9948717948717949,0.8628318584070797,238.0,464.0,227.0,226.0,1911.5,564.5,1878.577041364627,573.3262629198776,119.76997913154818,159.0,37.99843972993385,0.4628644249955869,37.99562051649491,0.9293508499588403,0.8763507604598999,0.9830073714256287,0.0,1.0,0.0,1.0,0.0,1.0
SNPT-072,0,28.0,0.01310571903620766,0.9959904970157714,0.6461538461538462,0.0,1.0,0.9230769230769231,260.0,389.0,130.0,130.0,1913.5,582.5,1914.2249915702591,631.68702262435,120.05664580498292,5.0,0.00038275508575823453,0.9999540667784842,0.24050632911392406,1.0,1.0,0.9240506329113924,571.0,649.0,79.0,79.0,6.5,530.5,22.169708291589707,578.6701381525297,112.92722607104216,182.0,1910.4066208557083,-1907.7249915702591,-101.18702262434999,1.0631328686800088,0.7182217240333557,0.9487314224243164,0.0,1.0,1.0,0.0,1.0,1.0
SNPT-072,1,44.0,0.0005978073280896345,0.9999372286999479,0.8703703703703703,1.0,1.0,0.8703703703703703,0.0,53.0,54.0,54.0,1756.5,718.0,1913.8660903374125,689.5353812877686,136.50522961266037,44.0,0.0038319543496623176,0.9989224624633789,0.6130790190735694,1.0,1.0,0.8283378746594006,143.0,552.0,410.0,367.0,1912.5,670.5,1907.2590258285295,604.4416749035189,124.44804369400285,90.0,19.084337651087143,-1.3660903374125155,-19.035381287768587,1.0968852989630287,0.961056113243103,0.9614118933677673,1.0,0.0,1.0,1.0,0.0,1.0
SNPT-072,0,3.0,0.17722195828060522,0.9363693973775638,0.7468354430379747,0.0,1.0,0.9493670886075949,0.0,78.0,79.0,79.0,1635.5,526.5,1906.71595544704,536.2495429617475,114.98921297204882,8.0,0.010409923745707298,0.99843723376592,0.3,1.0,1.0,0.72,156.0,206.0,51.0,50.0,8.5,502.5,8.376713634590129,469.9797690079792,91.88585818355969,78.0,1898.515958627645,-1898.21595544704,-33.749542961747466,1.251435370417238,0.7431959509849548,0.9201260805130005,0.0,1.0,0.0,0.0,1.0,1.0
SNPT-072,0,,1.0,0.0,0.0,1.0,1.0,1.0,162.0,169.0,8.0,8.0,1914.0,562.5,1912.446386954306,563.3747649580637,77.1397285072916,,1.0,0.0,0.0,0.0,1.0,0.8970588235294118,306.0,373.0,68.0,68.0,1909.0,491.0,1908.282693246148,500.319835618394,118.23519534628244,137.0,72.45677460233635,-3.4463869543060355,-72.37476495806368,0.652426109513059,0.6134171485900879,0.8564990758895874,0.0,0.0,0.0,0.0,1.0,1.0
SNPT-072,0,28.0,0.0018057519624877527,0.9997932314872742,0.325,0.0,1.0,0.85,0.0,79.0,80.0,40.0,1808.5,609.0,1911.0371355750044,526.5043794835051,111.30833190545687,8.0,0.061561945379889946,0.9387973527545515,0.13649851632047477,1.0,1.0,0.685459940652819,413.0,749.0,337.0,337.0,9.5,427.0,700.5227142402932,468.42830878208895,95.0836156430225,334.0,1904.1388078360228,-1901.5371355750044,-99.50437948350509,1.1706362989323806,0.7681185603141785,0.9491392970085144,0.0,1.0,1.0,0.0,1.0,1.0
SNPT-073,0,,1.0,0.0,0.0,0.0,1.0,0.9090909090909091,0.0,87.0,88.0,88.0,1221.5,395.5,1908.811846456266,442.28433966042684,50.67430886252871,5.0,1.1570038563341337e-05,0.999999297292609,0.19487179487179487,1.0,1.0,0.9076923076923077,555.0,749.0,195.0,195.0,15.0,560.0,182.838399775371,527.4682085532139,73.44819728943156,468.0,1897.4668077379572,-1893.811846456266,117.71566033957316,0.6899326427691673,0.7221391201019287,0.9544327855110168,0.0,0.0,0.0,0.0,1.0,1.0
SNPT-073,0,,1.0,0.0,0.0,1.0,1.0,0.9464285714285714,0.0,115.0,116.0,112.0,1045.0,430.0,1913.4870595430168,460.6763541261404,58.968827119467356,,1.0,0.0,0.0,0.0,1.0,0.9186046511627907,190.0,533.0,344.0,344.0,1913.5,405.5,554.5143223416874,446.6979952805889,89.0863617219258,75.0,55.17635564359679,0.012940456983187687,-55.17635412614038,0.6619287843804047,0.8269944190979004,0.9516607522964478,0.0,0.0,0.0,0.0,1.0,1.0
SNPT-073,1,,1.0,0.0,0.0,0.0,1.0,0.924,0.0,249.0,250.0,250.0,554.5,404.5,19.499512209246525,399.41580754155063,59.57997545670667,,1.0,0.0,0.0,0.0,1.0,0.9306930693069307,548.0,749.0,202.0,202.0,8.0,493.0,264.5520468210358,491.61951784925947,60.259867047664514,299.0,94.28806848775035,-11.499512209246525,93.58419245844937,0.9887173400097272,0.8586773872375488,0.9889437556266785,0.0,0.0,0.0,1.0,0.0,1.0
SNPT-073,0,,1.0,0.0,0.0,1.0,1.0,0.930327868852459,0.0,251.0,252.0,244.0,473.5,434.5,4.367522642164431,403.88916612516743,56.500257355531055,,1.0,0.0,0.0,0.0,1.0,0.9306930693069307,548.0,749.0,202.0,202.0,8.0,493.0,264.5520468210358,491.61951784925947,60.259867047664514,297.0,89.18483955035853,3.632477357835569,89.11083387483257,0.937610056637535,0.6018005609512329,0.9518279433250427,0.0,0.0,0.0,0.0,1.0,1.0
SNPT-073,0,,1.0,0.0,0.0,1.0,1.0,0.9423868312757202,0.0,242.0,243.0,243.0,498.5,522.5,15.613019239801208,529.9234112179283,76.96665019698523,14.0,0.02384001366339209,0.9928389860090808,0.46120689655172414,1.0,1.0,0.8232758620689655,518.0,749.0,232.0,232.0,11.0,761.0,720.6374885330044,619.6703710580061,86.79598413396792,276.0,231.1226294192445,-4.613019239801208,231.07658878207167,0.8867535861819217,0.8840289115905762,0.9894267916679382,0.0,0.0,0.0,1.0,0.0,1.0
SNPT-073,0,27.0,0.00020925160884078837,0.9999828216357108,0.5342465753424658,1.0,1.0,0.821917808219178,0.0,72.0,73.0,73.0,1479.0,548.5,1907.1974598298216,570.7253160536449,89.23990487268304,5.0,1.1570038563341337e-05,0.999999297292609,0.19487179487179487,1.0,1.0,0.9076923076923077,555.0,749.0,195.0,195.0,15.0,560.0,182.838399775371,527.4682085532139,73.44819728943156,483.0,1892.2278560973782,-1892.1974598298216,-10.72531605364486,1.2150046994485424,0.8359001874923706,0.9722998738288879,0.0,1.0,1.0,1.0,0.0,1.0
SNPT-073,1,,1.0,0.0,0.0,0.0,1.0,0.9074074074074074,0.0,53.0,54.0,54.0,1765.0,468.0,1915.8214331004087,487.86874973589977,61.43507698895275,8.0,0.33681659400463104,0.9476111531257629,0.005545286506469501,0.0,0.9978308026030369,0.8521256931608133,209.0,749.0,541.0,541.0,1911.0,487.5,976.3618595915398,488.6661368426935,83.40552229544532,156.0,4.835513779263087,-4.82143310040874,-0.3687497358997689,0.7365828460534399,0.9345281720161438,0.9881763458251953,0.0,0.0,0.0,1.0,0.0,1.0
SNPT-073,0,,1.0,0.0,0.0,0.0,1.0,0.924,0.0,249.0,250.0,250.0,554.5,404.5,19.499512209246525,399.41580754155063,59.57997545670667,,1.0,0.0,0.0,1.0,1.0,0.9447236180904522,551.0,749.0,199.0,199.0,7.5,501.0,211.396760693976,487.05096001120705,58.536713427506506,302.0,102.29045141505212,-11.999512209246525,101.58419245844937,1.0178223540085176,0.6667681932449341,0.95857834815979,0.0,0.0,0.0,0.0,1.0,1.0
SNPT-073,0,,1.0,0.0,0.0,0.0,1.0,0.828125,0.0,63.0,64.0,64.0,1661.5,557.0,1913.9531743991147,575.1978438184962,77.89953851503587,,1.0,0.0,0.0,1.0,1.0,0.9447236180904522,551.0,749.0,199.0,199.0,7.5,501.0,211.396760693976,487.05096001120705,58.536713427506506,488.0,1907.8964925288203,-1906.4531743991147,-74.19784381849615,1.3307808715893972,0.7008423805236816,0.9521608352661133,0.0,0.0,0.0,0.0,1.0,1.0
SNPT-073,0,,1.0,0.0,0.0,0.0,1.0,0.9090909090909091,0.0,87.0,88.0,88.0,1221.5,395.5,1908.811846456266,442.28433966042684,50.67430886252871,,1.0,0.0,0.0,0.0,1.0,0.9306930693069307,548.0,749.0,202.0,202.0,8.0,493.0,264.5520468210358,491.61951784925947,60.259867047664514,461.0,1901.4882996832137,-1900.811846456266,50.71566033957316,0.8409296492879118,0.7587820887565613,0.9625180959701538,0.0,0.0,0.0,1.0,0.0,1.0
SNPT-073,0,,1.0,0.0,0.0,0.0,1.0,0.8352941176470589,81.0,165.0,85.0,85.0,8.5,473.0,6.924844146946597,422.75894554254955,71.13728164686003,,1.0,0.0,0.0,1.0,0.9948717948717949,0.9198113207547169,538.0,749.0,212.0,212.0,20.5,602.0,347.67059964015004,574.1263876633806,77.01898019664691,373.0,179.75438926338742,13.575155853053403,179.24105445745045,0.9236331286811437,0.6847305297851562,0.9357375502586365,0.0,0.0,0.0,0.0,1.0,1.0
SNPT-073,1,,1.0,0.0,0.0,1.0,1.0,0.864406779661017,0.0,250.0,251.0,236.0,326.0,496.5,5.564583842156509,403.6483799882676,67.89713819527918,5.0,1.1570038563341337e-05,0.999999297292609,0.19487179487179487,1.0,1.0,0.9076923076923077,555.0,749.0,195.0,195.0,15.0,560.0,182.838399775371,527.4682085532139,73.44819728943156,305.0,156.6360627645015,9.435416157843491,156.3516200117324,0.9244221192757427,0.8702594041824341,0.9890844821929932,0.0,0.0,0.0,1.0,0.0,1.0
SNPT-073,0,,1.0,0.0,0.0,1.0,1.0,0.9245283018867925,53.0,211.0,159.0,159.0,6.0,703.0,7.181464834555358,678.1822046489249,94.31118297199,,1.0,0.0,0.0,1.0,1.0,0.9388646288209607,291.0,749.0,459.0,458.0,1910.5,475.5,1771.0567512733628,480.0496887676321,72.27008338776473,80.0,1914.0798108714494,1903.3185351654447,-202.68220464892488,1.3049823460969856,0.6879401206970215,0.9268717169761658,0.0,0.0,0.0,1.0,0.0,1.0
SNPT-073,1,,1.0,0.0,0.0,1.0,1.0,0.9245283018867925,53.0,211.0,159.0,159.0,6.0,703.0,7.181464834555358,678.1822046489249,94.31118297199,36.0,0.034485136915054684,0.9640652227401734,0.11627906976744186,1.0,1.0,0.8744186046511628,535.0,749.0,215.0,215.0,23.5,825.5,175.73100949755104,726.2273714134726,98.22810462929172,324.0,148.21884973594655,16.318535165444644,147.31779535107512,0.9601242264412613,0.9070326089859009,0.9889432787895203,0.0,0.0,0.0,1.0,0.0,1.0
SNPT-073,0,,1.0,0.0,0.0,0.0,1.0,0.828125,0.0,63.0,64.0,64.0,1661.5,557.0,1913.9531743991147,575.1978438184962,77.89953851503587,9.0,0.02547808736562729,0.9967206120491028,0.0049504950495049506,0.0,1.0,0.900990099009901,548.0,749.0,202.0,202.0,16.5,599.0,139.4988894807459,563.6459902320679,75.05464114004558,485.0,1897.6024588085265,-1897.4531743991147,23.802156181503847,1.0379043498413636,0.8352201581001282,0.9839330315589905,0.0,0.0,0.0,1.0,0.0,1.0
SNPT-073,1,,1.0,0.0,0.0,1.0,1.0,0.930327868852459,0.0,251.0,252.0,244.0,473.5,434.5,4.367522642164431,403.88916612516743,56.500257355531055,,1.0,0.0,0.0,1.0,1.0,0.9447236180904522,551.0,749.0,199.0,199.0,7.5,501.0,211.396760693976,487.05096001120705,58.536713427506506,300.0,97.161342468405,3.132477357835569,97.11083387483257,0.9652106182131757,0.817952036857605,0.9821946024894714,0.0,0.0,0.0,1.0,0.0,1.0
SNPT-073,0,,1.0,0.0,0.0,1.0,1.0,0.9464285714285714,0.0,115.0,116.0,112.0,1045.0,430.0,1913.4870595430168,460.6763541261404,58.968827119467356,,1.0,0.0,0.0,0.0,1.0,0.9306930693069307,548.0,749.0,202.0,202.0,8.0,493.0,264.5520468210358,491.61951784925947,60.259867047664514,433.0,1905.7612001949433,-1905.4870595430168,32.32364587385962,0.9785754600623999,0.754503607749939,0.9340764880180359,0.0,0.0,0.0,0.0,1.0,1.0
SNPT-073,1,27.0,0.00020925160884078837,0.9999828216357108,0.5342465753424658,1.0,1.0,0.821917808219178,0.0,72.0,73.0,73.0,1479.0,548.5,1907.1974598298216,570.7253160536449,89.23990487268304,27.0,0.02024048076526295,0.9767437734101948,0.3786231884057971,1.0,1.0,0.8713768115942029,198.0,749.0,552.0,552.0,1907.0,620.0,1051.8417843412076,497.52513662491333,92.80769120938635,126.0,49.275079587937576,-0.1974598298215824,49.27468394635514,0.9615572126597363,0.9544000625610352,0.9794301390647888,1.0,0.0,1.0,1.0,0.0,1.0
SNPT-073,0,,1.0,0.0,0.0,0.0,1.0,0.9090909090909091,0.0,87.0,88.0,88.0,1221.5,395.5,1908.811846456266,442.28433966042684,50.67430886252871,,1.0,0.0,0.0,1.0,1.0,0.9388646288209607,291.0,749.0,459.0,458.0,1910.5,475.5,1771.0567512733628,480.0496887676321,72.27008338776473,204.0,33.2585320509056,1.6881535437339608,33.21566033957316,0.7011796096959788,0.674710214138031,0.9252088069915771,0.0,0.0,0.0,0.0,1.0,1.0
SNPT-073,1,,1.0,0.0,0.0,0.0,1.0,0.9090909090909091,0.0,87.0,88.0,88.0,1221.5,395.5,1908.811846456266,442.28433966042684,50.67430886252871,,1.0,0.0,0.0,0.0,1.0,0.9186046511627907,190.0,533.0,344.0,344.0,1913.5,405.5,554.5143223416874,446.6979952805889,89.0863617219258,103.0,37.081888138325375,4.688153543733961,-36.78433966042684,0.5688222965115975,0.8503354787826538,0.9743105173110962,0.0,0.0,0.0,1.0,0.0,1.0
SNPT-073,1,,1.0,0.0,0.0,0.0,1.0,0.828125,0.0,63.0,64.0,64.0,1661.5,557.0,1913.9531743991147,575.1978438184962,77.89953851503587,3.0,0.16466072420660902,0.8827023645862937,0.11721611721611722,0.0,1.0,0.9212454212454212,204.0,749.0,546.0,546.0,1913.5,651.5,1073.3103438087765,552.0641108758932,100.11640351047251,141.0,76.30350191821223,-0.4531743991146868,76.30215618150385,0.7780896614697842,0.952648401260376,0.9770113229751587,0.0,0.0,0.0,1.0,0.0,1.0
SNPT-073,1,,1.0,0.0,0.0,1.0,1.0,0.9464285714285714,0.0,115.0,116.0,112.0,1045.0,430.0,1913.4870595430168,460.6763541261404,58.968827119467356,,1.0,0.0,0.0,1.0,0.6640471512770137,0.8929824561403509,180.0,749.0,570.0,570.0,1911.0,416.0,685.3866241930358,441.0672183858532,72.15455936034697,65.0,44.74552584532683,-2.4870595430168123,-44.67635412614038,0.8172571164210322,0.9309159517288208,0.9846454858779907,0.0,0.0,0.0,1.0,0.0,0.0
SNPT-073,0,,1.0,0.0,0.0,1.0,1.0,0.9245283018867925,53.0,211.0,159.0,159.0,6.0,703.0,7.181464834555358,678.1822046489249,94.31118297199,9.0,0.02547808736562729,0.9967206120491028,0.0049504950495049506,0.0,1.0,0.900990099009901,548.0,749.0,202.0,202.0,16.5,599.0,139.4988894807459,563.6459902320679,75.05464114004558,337.0,79.72864372792158,9.318535165444642,-79.18220464892488,1.2565669696030302,0.7390782833099365,0.9597326517105103,0.0,0.0,0.0,0.0,1.0,1.0
SNPT-073,0,,1.0,0.0,0.0,0.0,1.0,0.8785046728971962,0.0,244.0,245.0,214.0,73.5,547.5,5.5110309208650605,533.8781308530121,83.79348711080652,,1.0,0.0,0.0,1.0,0.9948717948717949,0.9198113207547169,538.0,749.0,212.0,212.0,20.5,602.0,347.67059964015004,574.1263876633806,77.01898019664691,294.0,69.75140321265667,14.98896907913494,68.12186914698793,1.0879589277456383,0.8209700584411621,0.9461568593978882,0.0,0.0,0.0,0.0,1.0,1.0
SNPT-073,1,,1.0,0.0,0.0,1.0,1.0,0.9464285714285714,0.0,115.0,116.0,112.0,1045.0,430.0,1913.4870595430168,460.6763541261404,58.968827119467356,,1.0,0.0,0.0,1.0,1.0,0.8935185185185185,534.0,749.0,216.0,216.0,689.5,424.0,739.1937057638827,453.0201644146704,51.221296113863126,419.0,1224.5364334640055,-1223.9870595430168,-36.67635412614038,1.1512560515528882,0.9191645979881287,0.9840309023857117,0.0,0.0,0.0,1.0,0.0,1.0
SNPT-073,0,,1.0,0.0,0.0,0.0,1.0,0.9074074074074074,0.0,53.0,54.0,54.0,1765.0,468.0,1915.8214331004087,487.86874973589977,61.43507698895275,14.0,0.02384001366339209,0.9928389860090808,0.46120689655172414,1.0,1.0,0.8232758620689655,518.0,749.0,232.0,232.0,11.0,761.0,720.6374885330044,619.6703710580061,86.79598413396792,465.0,1924.3038668228896,-1904.8214331004087,273.13125026410023,0.7078101320232616,0.7776245474815369,0.9725446701049805,0.0,0.0,0.0,0.0,1.0,1.0
SNPT-073,0,,1.0,0.0,0.0,1.0,1.0,0.9464285714285714,0.0,115.0,116.0,112.0,1045.0,430.0,1913.4870595430168,460.6763541261404,58.968827119467356,8.0,0.33681659400463104,0.9476111531257629,0.005545286506469501,0.0,0.9978308026030369,0.8521256931608133,209.0,749.0,541.0,541.0,1911.0,487.5,976.3618595915398,488.6661368426935,83.40552229544532,94.0,26.938697873815972,-2.4870595430168123,26.82364587385962,0.7070134626168221,0.7547223567962646,0.9550447463989258,0.0,0.0,0.0,0.0,1.0,1.0
SNPT-073,1,,1.0,0.0,0.0,1.0,1.0,0.9423868312757202,0.0,242.0,243.0,243.0,498.5,522.5,15.613019239801208,529.9234112179283,76.96665019698523,,1.0,0.0,0.0,1.0,0.9948717948717949,0.9198113207547169,538.0,749.0,212.0,212.0,20.5,602.0,347.67059964015004,574.1263876633806,77.01898019664691,296.0,72.24207383104677,4.886980760198792,72.07658878207167,0.9993205570947827,0.9217774271965027,0.9916113615036011,0.0,0.0,0.0,1.0,0.0,1.0
SNPT-073,0,,1.0,0.0,0.0,0.0,1.0,0.9186046511627907,190.0,533.0,344.0,344.0,1913.5,405.5,554.5143223416874,446.6979952805889,89.0863617219258,9.0,0.02547808736562729,0.9967206120491028,0.0049504950495049506,0.0,1.0,0.900990099009901,548.0,749.0,202.0,202.0,16.5,599.0,139.4988894807459,563.6459902320679,75.05464114004558,15.0,559.155892114477,-538.0143223416874,152.30200471941112,1.1869534031306368,0.9030921459197998,0.9824058413505554,0.0,0.0,0.0,1.0,0.0,1.0
SNPT-073,0,,1.0,0.0,0.0,0.0,1.0,0.8352941176470589,81.0,165.0,85.0,85.0,8.5,473.0,6.924844146946597,422.75894554254955,71.13728164686003,5.0,1.1570038563341337e-05,0.999999297292609,0.19487179487179487,1.0,1.0,0.9076923076923077,555.0,749.0,195.0,195.0,15.0,560.0,182.838399775371,527.4682085532139,73.44819728943156,390.0,137.47841710844645,8.075155853053403,137.24105445745045,0.9685367956212038,0.7212680578231812,0.9495713114738464,0.0,0.0,0.0,0.0,1.0,1.0
SNPT-073,0,,1.0,0.0,0.0,1.0,1.0,0.9245283018867925,53.0,211.0,159.0,159.0,6.0,703.0,7.181464834555358,678.1822046489249,94.31118297199,14.0,0.02384001366339209,0.9928389860090808,0.46120689655172414,1.0,1.0,0.8232758620689655,518.0,749.0,232.0,232.0,11.0,761.0,720.6374885330044,619.6703710580061,86.79598413396792,307.0,82.9057804837654,3.8185351654446418,82.81779535107512,1.086584637676583,0.8925528526306152,0.99116051197052,0.0,0.0,0.0,1.0,0.0,1.0
SNPT-073,1,,1.0,0.0,0.0,0.0,1.0,0.8785046728971962,0.0,244.0,245.0,214.0,73.5,547.5,5.5110309208650605,533.8781308530121,83.79348711080652,9.0,0.02547808736562729,0.9967206120491028,0.0049504950495049506,0.0,1.0,0.900990099009901,548.0,749.0,202.0,202.0,16.5,599.0,139.4988894807459,563.6459902320679,75.05464114004558,304.0,66.04252631918014,10.98896907913494,65.12186914698793,1.1164331190985912,0.8881204128265381,0.9712663888931274,0.0,0.0,0.0,1.0,0.0,1.0
SNPT-073,0,,1.0,0.0,0.0,0.0,1.0,0.8785046728971962,0.0,244.0,245.0,214.0,73.5,547.5,5.5110309208650605,533.8781308530121,83.79348711080652,36.0,0.034485136915054684,0.9640652227401734,0.11627906976744186,1.0,1.0,0.8744186046511628,535.0,749.0,215.0,215.0,23.5,825.5,175.73100949755104,726.2273714134726,98.22810462929172,291.0,292.17617557445203,17.98896907913494,291.62186914698793,0.8530500250110621,0.7768369317054749,0.9552925825119019,0.0,0.0,0.0,0.0,1.0,1.0
SNPT-073,0,,1.0,0.0,0.0,1.0,1.0,0.815668202764977,0.0,243.0,244.0,217.0,124.5,586.0,5.1694485349375,379.8525305045997,84.77183617197105,,1.0,0.0,0.0,1.0,1.0,0.9388646288209607,291.0,749.0,459.0,458.0,1910.5,475.5,1771.0567512733628,480.0496887676321,72.27008338776473,48.0,1907.7297892434956,1905.3305514650624,95.64746949540029,1.1729865554067267,0.665116548538208,0.9251691102981567,0.0,0.0,0.0,1.0,0.0,1.0
SNPT-073,0,,1.0,0.0,0.0,1.0,1.0,0.930327868852459,0.0,251.0,252.0,244.0,473.5,434.5,4.367522642164431,403.88916612516743,56.500257355531055,5.0,1.1570038563341337e-05,0.999999297292609,0.19487179487179487,1.0,1.0,0.9076923076923077,555.0,749.0,195.0,195.0,15.0,560.0,182.838399775371,527.4682085532139,73.44819728943156,304.0,156.47249607474296,10.632477357835569,156.11083387483257,0.7692531531153163,0.6881171464920044,0.985957682132721,0.0,0.0,0.0,1.0,0.0,1.0
SNPT-073,1,,1.0,0.0,0.0,1.0,1.0,0.815668202764977,0.0,243.0,244.0,217.0,124.5,586.0,5.1694485349375,379.8525305045997,84.77183617197105,,1.0,0.0,0.0,1.0,1.0,0.93,550.0,749.0,200.0,200.0,7.0,641.0,129.21640153293498,609.0397677646049,87.71736830966995,307.0,261.1538851759959,1.8305514650625003,261.1474694954003,0.9664201948318804,0.9016269445419312,0.9831696152687073,0.0,0.0,0.0,1.0,0.0,1.0
SNPT-073,0,,1.0,0.0,0.0,0.0,1.0,0.9090909090909091,0.0,87.0,88.0,88.0,1221.5,395.5,1908.811846456266,442.28433966042684,50.67430886252871,,1.0,0.0,0.0,1.0,0.9948717948717949,0.9198113207547169,538.0,749.0,212.0,212.0,20.5,602.0,347.67059964015004,574.1263876633806,77.01898019664691,451.0,1895.0542793347051,-1888.311846456266,159.71566033957316,0.6579457262761169,0.7960584163665771,0.9658605456352234,0.0,0.0,0.0,0.0,1.0,1.0
SNPT-073,0,,1.0,0.0,0.0,1.0,1.0,0.9423868312757202,0.0,242.0,243.0,243.0,498.5,522.5,15.613019239801208,529.9234112179283,76.96665019698523,,1.0,0.0,0.0,1.0,1.0,0.9388646288209607,291.0,749.0,459.0,458.0,1910.5,475.5,1771.0567512733628,480.0496887676321,72.27008338776473,49.0,1895.6683722484527,1894.8869807601989,-54.42341121792833,1.0649863206054586,0.6624942421913147,0.9247040748596191,0.0,0.0,0.0,1.0,0.0,1.0
SNPT-073,0,,1.0,0.0,0.0,1.0,1.0,0.9464285714285714,0.0,115.0,116.0,112.0,1045.0,430.0,1913.4870595430168,460.6763541261404,58.968827119467356,3.0,0.16466072420660902,0.8827023645862937,0.11721611721611722,0.0,1.0,0.9212454212454212,204.0,749.0,546.0,546.0,1913.5,651.5,1073.3103438087765,552.0641108758932,100.11640351047251,89.0,190.82364631262973,0.012940456983187687,190.82364587385962,0.589002651431631,0.7871278524398804,0.9543108344078064,0.0,0.0,0.0,0.0,1.0,1.0
SNPT-074,1,,1.0,0.0,0.0,0.0,1.0,0.803921568627451,599.0,649.0,51.0,51.0,1900.5,416.5,1837.7143273359193,411.95125965324024,100.22252748767423,,1.0,0.0,0.0,0.0,1.0,1.0,739.0,749.0,11.0,11.0,1898.5,438.5,1836.49321078004,434.8309531733833,72.42148175540153,90.0,66.33048782591939,60.78567266408072,26.548740346759757,1.3838784440529508,0.9503082036972046,0.9587833881378174,0.0,0.0,0.0,1.0,0.0,1.0
SNPT-074,0,15.0,0.0025787196742730256,0.9968164781729381,0.16853932584269662,0.0,1.0,0.9578651685393258,0.0,359.0,360.0,356.0,202.5,582.5,48.04646278522489,503.6394040537664,88.35523251223402,,1.0,0.0,0.0,0.0,1.0,0.803921568627451,599.0,649.0,51.0,51.0,1900.5,416.5,1837.7143273359193,411.95125965324024,100.22252748767423,240.0,1854.501923233939,1852.4535372147752,-87.13940405376638,0.8815905438335738,0.6939601898193359,0.8908363580703735,0.0,0.0,0.0,1.0,0.0,1.0
SNPT-074,0,15.0,0.002325693709076404,0.9873231918346591,0.6212121212121212,0.0,1.0,0.8636363636363636,669.0,734.0,66.0,66.0,23.5,688.0,16.914120652083838,701.1734568597465,138.77203141519192,,1.0,0.0,0.0,0.0,1.0,1.0,739.0,749.0,11.0,11.0,1898.5,438.5,1836.49321078004,434.8309531733833,72.42148175540153,5.0,1899.832299520176,1881.5858793479163,-262.67345685974647,1.9161722192302653,0.5998508930206299,0.8950091600418091,0.0,0.0,0.0,1.0,0.0,1.0
SNPT-074,0,,1.0,0.0,0.0,1.0,1.0,0.673469387755102,0.0,52.0,53.0,49.0,50.5,570.0,5.801334808922348,614.9625552205168,70.10622046158625,36.0,0.02571574429045186,0.9866228485107422,0.5859375,0.0,1.0,0.94921875,166.0,749.0,584.0,512.0,22.5,735.0,1287.4840897803524,726.0315422367252,125.77018924573336,114.0,121.19337262553253,16.69866519107765,120.03744477948317,0.557415241894967,0.7864211797714233,0.9476642608642578,0.0,0.0,0.0,0.0,1.0,1.0
SNPT-074,1,,1.0,0.0,0.0,1.0,1.0,0.673469387755102,0.0,52.0,53.0,49.0,50.5,570.0,5.801334808922348,614.9625552205168,70.10622046158625,9.0,0.06921372417268538,0.903285073267447,0.2,1.0,0.9944444444444445,0.972972972972973,174.0,358.0,185.0,185.0,21.0,599.0,9.160348847158293,499.93215583532435,89.03662857836133,122.0,22.040929943142704,15.198665191077652,-15.962555220516833,0.7873862878791015,0.9632809162139893,0.9903961420059204,0.0,0.0,0.0,1.0,0.0,1.0
SNPT-074,0,,1.0,0.0,0.0,0.0,1.0,0.8342857142857143,0.0,174.0,175.0,175.0,1845.0,443.5,1785.324406185116,449.2549506169383,45.25040225558376,,1.0,0.0,0.0,1.0,1.0,0.8148148148148148,669.0,749.0,81.0,81.0,12.0,526.0,153.23776383260724,505.09840023870424,93.56166112737081,495.0,1774.9842963183091,-1773.324406185116,76.74504938306171,0.48364257015468987,0.6750363111495972,0.8983547687530518,0.0,0.0,0.0,0.0,1.0,1.0
SNPT-074,0,5.0,0.2367340613855049,0.8921905010938644,0.01098901098901099,0.0,1.0,0.8653846153846154,0.0,363.0,364.0,364.0,214.5,518.0,10.601446274145799,445.1561799330508,68.1176478133925,8.0,0.009240716135359324,0.9704783300558726,0.4945054945054945,0.0,1.0,0.9120879120879121,659.0,749.0,91.0,91.0,105.5,487.0,507.4062410128089,428.3515794223834,82.1070639262049,296.0,103.71422649306149,94.8985537258542,41.843820066949206,0.8296198226575776,0.8235716819763184,0.9920318126678467,0.0,1.0,0.0,1.0,0.0,1.0
SNPT-074,0,,1.0,0.0,0.0,0.0,1.0,0.8111888111888111,0.0,142.0,143.0,143.0,116.0,727.5,8.788693664996497,756.5631425783358,92.4236423899949,,1.0,0.0,0.0,1.0,1.0,0.8148148148148148,669.0,749.0,81.0,81.0,12.0,526.0,153.23776383260724,505.09840023870424,93.56166112737081,527.0,230.58550519053716,3.2113063350035027,-230.56314257833583,0.987836698027126,0.772536039352417,0.9645208120346069,0.0,0.0,0.0,0.0,1.0,1.0
SNPT-074,0,9.0,0.06921372417268538,0.903285073267447,0.2,1.0,0.9944444444444445,0.972972972972973,174.0,358.0,185.0,185.0,21.0,599.0,9.160348847158293,499.93215583532435,89.03662857836133,15.0,0.002325693709076404,0.9873231918346591,0.6212121212121212,0.0,1.0,0.8636363636363636,669.0,734.0,66.0,66.0,23.5,688.0,16.914120652083838,701.1734568597465,138.77203141519192,311.0,188.61373121788858,14.339651152841707,188.06784416467565,0.6416035541914978,0.7682629227638245,0.9500468373298645,0.0,1.0,1.0,0.0,1.0,1.0
SNPT-074,0,5.0,0.2367340613855049,0.8921905010938644,0.01098901098901099,0.0,1.0,0.8653846153846154,0.0,363.0,364.0,364.0,214.5,518.0,10.601446274145799,445.1561799330508,68.1176478133925,,1.0,0.0,0.0,0.0,1.0,1.0,739.0,749.0,11.0,11.0,1898.5,438.5,1836.49321078004,434.8309531733833,72.42148175540153,376.0,1887.9102875643941,1887.8985537258543,-6.656179933050794,0.9405724125260937,0.5868702530860901,0.9199696779251099,0.0,0.0,0.0,1.0,0.0,1.0
SNPT-074,1,,1.0,0.0,0.0,1.0,1.0,0.673469387755102,0.0,52.0,53.0,49.0,50.5,570.0,5.801334808922348,614.9625552205168,70.10622046158625,,1.0,0.0,0.0,1.0,1.0,0.8148148148148148,669.0,749.0,81.0,81.0,12.0,526.0,153.23776383260724,505.09840023870424,93.56166112737081,617.0,89.17824668333968,6.198665191077652,-88.96255522051683,0.7493049996851452,0.8996516466140747,0.9821777939796448,0.0,0.0,0.0,1.0,0.0,1.0
SNPT-074,1,8.0,0.03913617267729327,0.9791800999173931,0.3347921225382932,0.0,1.0,0.8905908096280087,0.0,456.0,457.0,457.0,294.0,583.0,9.012872422788778,497.2435105496005,85.17818403416634,8.0,0.009240716135359324,0.9704783300558726,0.4945054945054945,0.0,1.0,0.9120879120879121,659.0,749.0,91.0,91.0,105.5,487.0,507.4062410128089,428.3515794223834,82.1070639262049,203.0,97.02935275719823,96.48712757721123,-10.2435105496005,1.0374038476241418,0.9573334455490112,0.9971439838409424,1.0,0.0,1.0,1.0,0.0,1.0
SNPT-074,1,,1.0,0.0,0.0,0.0,1.0,0.8342857142857143,0.0,174.0,175.0,175.0,1845.0,443.5,1785.324406185116,449.2549506169383,45.25040225558376,,1.0,0.0,0.0,0.0,1.0,0.803921568627451,599.0,649.0,51.0,51.0,1900.5,416.5,1837.7143273359193,411.95125965324024,100.22252748767423,425.0,119.74265823226578,115.175593814884,-32.75495061693829,0.45149931247891184,0.8406055569648743,0.9469404220581055,0.0,0.0,0.0,1.0,0.0,1.0
SNPT-074,1,,1.0,0.0,0.0,0.0,1.0,0.8111888111888111,0.0,142.0,143.0,143.0,116.0,727.5,8.788693664996497,756.5631425783358,92.4236423899949,36.0,0.02571574429045186,0.9866228485107422,0.5859375,0.0,1.0,0.94921875,166.0,749.0,584.0,512.0,22.5,735.0,1287.4840897803524,726.0315422367252,125.77018924573336,24.0,25.553258877605938,13.711306335003503,-21.563142578335828,0.734861281073649,0.9494812488555908,0.9762437343597412,0.0,0.0,0.0,1.0,0.0,1.0
SNPT-074,0,8.0,0.03913617267729327,0.9791800999173931,0.3347921225382932,0.0,1.0,0.8905908096280087,0.0,456.0,457.0,457.0,294.0,583.0,9.012872422788778,497.2435105496005,85.17818403416634,,1.0,0.0,0.0,1.0,1.0,0.8148148148148148,669.0,749.0,81.0,81.0,12.0,526.0,153.23776383260724,505.09840023870424,93.56166112737081,213.0,28.91121956392489,2.987127577211222,28.7564894503995,0.9103962350370033,0.8441095352172852,0.9667243957519531,0.0,0.0,0.0,0.0,1.0,1.0
SNPT-074,0,,1.0,0.0,0.0,1.0,1.0,0.673469387755102,0.0,52.0,53.0,49.0,50.5,570.0,5.801334808922348,614.9625552205168,70.10622046158625,,1.0,0.0,0.0,0.0,1.0,1.0,739.0,749.0,11.0,11.0,1898.5,438.5,1836.49321078004,434.8309531733833,72.42148175540153,687.0,1900.9069600091009,1892.6986651910777,-176.46255522051683,0.9680307384259975,0.5928053259849548,0.9029656648635864,0.0,0.0,0.0,0.0,1.0,1.0
SNPT-074,1,15.0,0.0025787196742730256,0.9968164781729381,0.16853932584269662,0.0,1.0,0.9578651685393258,0.0,359.0,360.0,356.0,202.5,582.5,48.04646278522489,503.6394040537664,88.35523251223402,15.0,0.002325693709076404,0.9873231918346591,0.6212121212121212,0.0,1.0,0.8636363636363636,669.0,734.0,66.0,66.0,23.5,688.0,16.914120652083838,701.1734568597465,138.77203141519192,310.0,185.98752155162677,-24.54646278522489,184.36059594623362,0.6366933712160203,0.9521889090538025,0.9816122055053711,1.0,0.0,1.0,1.0,0.0,1.0
SNPT-074,0,15.0,0.0025787196742730256,0.9968164781729381,0.16853932584269662,0.0,1.0,0.9578651685393258,0.0,359.0,360.0,356.0,202.5,582.5,48.04646278522489,503.6394040537664,88.35523251223402,,1.0,0.0,0.0,0.0,1.0,1.0,739.0,749.0,11.0,11.0,1898.5,438.5,1836.49321078004,434.8309531733833,72.42148175540153,380.0,1851.5996963034838,1850.4535372147752,-65.13940405376638,1.2200141500922008,0.6405806541442871,0.9154791831970215,0.0,0.0,0.0,1.0,0.0,1.0
SNPT-074,0,9.0,0.06921372417268538,0.903285073267447,0.2,1.0,0.9944444444444445,0.972972972972973,174.0,358.0,185.0,185.0,21.0,599.0,9.160348847158293,499.93215583532435,89.03662857836133,8.0,0.009240716135359324,0.9704783300558726,0.4945054945054945,0.0,1.0,0.9120879120879121,659.0,749.0,91.0,91.0,105.5,487.0,507.4062410128089,428.3515794223834,82.1070639262049,301.0,97.2037501272474,96.33965115284171,-12.932155835324352,1.0843966928154256,0.8075647354125977,0.9629460573196411,0.0,1.0,1.0,0.0,1.0,1.0
SNPT-074,0,15.0,0.0025787196742730256,0.9968164781729381,0.16853932584269662,0.0,1.0,0.9578651685393258,0.0,359.0,360.0,356.0,202.5,582.5,48.04646278522489,503.6394040537664,88.35523251223402,8.0,0.009240716135359324,0.9704783300558726,0.4945054945054945,0.0,1.0,0.9120879120879121,659.0,749.0,91.0,91.0,105.5,487.0,507.4062410128089,428.3515794223834,82.1070639262049,300.0,59.81453590686837,57.45353721477511,-16.639404053766384,1.076097820178356,0.9345530271530151,0.9947222471237183,0.0,1.0,1.0,1.0,0.0,1.0
SNPT-074,0,,1.0,0.0,0.0,0.0,1.0,0.8111888111888111,0.0,142.0,143.0,143.0,116.0,727.5,8.788693664996497,756.5631425783358,92.4236423899949,9.0,0.06921372417268538,0.903285073267447,0.2,1.0,0.9944444444444445,0.972972972972973,174.0,358.0,185.0,185.0,21.0,599.0,9.160348847158293,499.93215583532435,89.03662857836133,32.0,158.03562858282393,12.211306335003503,-157.56314257833583,1.0380406790521346,0.7258630394935608,0.9604325890541077,0.0,0.0,0.0,0.0,1.0,1.0
SNPT-074,0,,1.0,0.0,0.0,0.0,1.0,0.803921568627451,599.0,649.0,51.0,51.0,1900.5,416.5,1837.7143273359193,411.95125965324024,100.22252748767423,15.0,0.002325693709076404,0.9873231918346591,0.6212121212121212,0.0,1.0,0.8636363636363636,669.0,734.0,66.0,66.0,23.5,688.0,16.914120652083838,701.1734568597465,138.77203141519192,20.0,1835.0957829383062,-1814.2143273359193,276.04874034675976,0.7222098463617538,0.6488454341888428,0.9031020402908325,0.0,0.0,0.0,1.0,0.0,1.0
SNPT-074,1,9.0,0.06921372417268538,0.903285073267447,0.2,1.0,0.9944444444444445,0.972972972972973,174.0,358.0,185.0,185.0,21.0,599.0,9.160348847158293,499.93215583532435,89.03662857836133,,1.0,0.0,0.0,1.0,1.0,0.8148148148148148,669.0,749.0,81.0,81.0,12.0,526.0,153.23776383260724,505.09840023870424,93.56166112737081,311.0,26.222054039751526,2.839651152841707,26.06784416467565,0.9516358250325494,0.9349841475486755,0.9931890964508057,0.0,0.0,0.0,1.0,0.0,1.0
SNPT-074,0,5.0,0.2367340613855049,0.8921905010938644,0.01098901098901099,0.0,1.0,0.8653846153846154,0.0,363.0,364.0,364.0,214.5,518.0,10.601446274145799,445.1561799330508,68.1176478133925,,1.0,0.0,0.0,1.0,1.0,0.8148148148148148,669.0,749.0,81.0,81.0,12.0,526.0,153.23776383260724,505.09840023870424,93.56166112737081,306.0,80.85591626802184,1.3985537258542013,80.8438200669492,0.7280508596428196,0.7331811189651489,0.9647561311721802,0.0,0.0,0.0,0.0,1.0,1.0
SNPT-074,0,9.0,0.06921372417268538,0.903285073267447,0.2,1.0,0.9944444444444445,0.972972972972973,174.0,358.0,185.0,185.0,21.0,599.0,9.160348847158293,499.93215583532435,89.03662857836133,,1.0,0.0,0.0,0.0,1.0,1.0,739.0,749.0,11.0,11.0,1898.5,438.5,1836.49321078004,434.8309531733833,72.42148175540153,381.0,1890.338125095327,1889.3396511528417,-61.43215583532435,1.2294229063011481,0.6066816449165344,0.9122724533081055,0.0,0.0,0.0,0.0,1.0,1.0
SNPT-074,0,,1.0,0.0,0.0,0.0,1.0,0.8111888111888111,0.0,142.0,143.0,143.0,116.0,727.5,8.788693664996497,756.5631425783358,92.4236423899949,15.0,0.002325693709076404,0.9873231918346591,0.6212121212121212,0.0,1.0,0.8636363636363636,669.0,734.0,66.0,66.0,23.5,688.0,16.914120652083838,701.1734568597465,138.77203141519192,527.0,70.12365545448641,14.711306335003503,-68.56314257833583,0.6660105890752055,0.8881275057792664,0.9720904231071472,0.0,0.0,0.0,1.0,0.0,1.0
SNPT-074,1,,1.0,0.0,0.0,0.0,1.0,0.8342857142857143,0.0,174.0,175.0,175.0,1845.0,443.5,1785.324406185116,449.2549506169383,45.25040225558376,,1.0,0.0,0.0,0.0,1.0,1.0,739.0,749.0,11.0,11.0,1898.5,438.5,1836.49321078004,434.8309531733833,72.42148175540153,565.0,113.68546080358908,113.175593814884,-10.754950616938288,0.6248201660442936,0.8318700790405273,0.9679547548294067,0.0,0.0,0.0,1.0,0.0,1.0
SNPT-075,0,4.0,0.00022327836469278401,0.9999799216002748,0.7066115702479339,1.0,1.0,0.7066115702479339,0.0,286.0,287.0,242.0,159.5,561.5,15.660964580721568,406.2642867401271,117.00320114907097,8.0,0.0005718123401830444,0.9999437240453867,0.9727891156462585,1.0,1.0,0.9727891156462585,603.0,749.0,147.0,147.0,5.0,596.5,86.44582516669055,540.9825705892873,89.6111866759886,317.0,190.53420366245,-10.660964580721568,190.2357132598729,1.305676283164567,0.7997171878814697,0.9419370293617249,0.0,1.0,1.0,1.0,0.0,1.0
SNPT-075,0,8.0,0.0002962724691081678,0.9999742510571944,0.7874564459930313,1.0,1.0,0.7874564459930313,0.0,286.0,287.0,287.0,755.0,590.0,14.587280862234886,560.5479964280034,130.99830218344192,5.0,0.0015432360660327768,0.9997183763528172,0.5231788079470199,1.0,1.0,0.7152317880794702,599.0,749.0,151.0,151.0,13.0,484.5,155.3590351170351,475.50260338647774,73.8764058866688,313.0,76.06455956126507,-1.587280862234886,-76.04799642800344,1.7732089238938045,0.836810827255249,0.9110103845596313,0.0,1.0,1.0,1.0,0.0,1.0
SNPT-075,1,5.0,0.0230070196152996,0.9898793015671873,0.3901345291479821,1.0,1.0,0.9237668161434978,0.0,486.0,487.0,446.0,1018.0,547.0,10.177446285473017,535.8599437717934,115.91402725630766,5.0,0.0015432360660327768,0.9997183763528172,0.5231788079470199,1.0,1.0,0.7152317880794702,599.0,749.0,151.0,151.0,13.0,484.5,155.3590351170351,475.50260338647774,73.8764058866688,113.0,51.43744388782522,2.8225537145269826,-51.35994377179338,1.5690263469791328,0.929611086845398,0.9822952747344971,1.0,0.0,1.0,1.0,0.0,1.0
SNPT-075,0,,1.0,0.0,0.0,1.0,1.0,0.741514360313316,0.0,478.0,479.0,383.0,512.0,299.0,6.9246778992142435,636.90036902007,96.41685111251994,8.0,0.0005718123401830444,0.9999437240453867,0.9727891156462585,1.0,1.0,0.9727891156462585,603.0,749.0,147.0,147.0,5.0,596.5,86.44582516669055,540.9825705892873,89.6111866759886,125.0,40.44618896723838,-1.9246778992142435,-40.40036902007,1.0759465942699642,0.8280900716781616,0.9251566529273987,0.0,0.0,0.0,1.0,0.0,1.0
SNPT-075,0,15.0,0.006327658228455003,0.9810708951950073,0.5530973451327433,1.0,1.0,0.8517699115044248,0.0,451.0,452.0,452.0,966.0,575.0,22.28870550579102,834.0280883211725,139.77676298562892,5.0,0.0015432360660327768,0.9997183763528172,0.5231788079470199,1.0,1.0,0.7152317880794702,599.0,749.0,151.0,151.0,13.0,484.5,155.3590351170351,475.50260338647774,73.8764058866688,148.0,349.6514901661749,-9.288705505791022,-349.5280883211725,1.8920352351744822,0.8263756036758423,0.9638774394989014,0.0,1.0,1.0,1.0,0.0,1.0
SNPT-075,1,,1.0,0.0,0.0,1.0,1.0,0.741514360313316,0.0,478.0,479.0,383.0,512.0,299.0,6.9246778992142435,636.90036902007,96.41685111251994,,1.0,0.0,0.0,1.0,0.9767441860465116,0.9247311827956989,564.0,749.0,186.0,186.0,13.5,447.5,1178.603896355114,536.5058990671985,77.9395472468143,86.0,189.51447080808308,6.5753221007857565,-189.40036902007,1.2370722504608964,0.9441101551055908,0.9529237151145935,0.0,0.0,0.0,1.0,0.0,1.0
SNPT-075,1,8.0,0.0002962724691081678,0.9999742510571944,0.7874564459930313,1.0,1.0,0.7874564459930313,0.0,286.0,287.0,287.0,755.0,590.0,14.587280862234886,560.5479964280034,130.99830218344192,8.0,0.0005718123401830444,0.9999437240453867,0.9727891156462585,1.0,1.0,0.9727891156462585,603.0,749.0,147.0,147.0,5.0,596.5,86.44582516669055,540.9825705892873,89.6111866759886,317.0,37.208366198641784,-9.587280862234886,35.952003571996556,1.461852108454926,0.9342490434646606,0.9631953835487366,1.0,0.0,1.0,1.0,0.0,1.0
SNPT-075,0,8.0,0.0002962724691081678,0.9999742510571944,0.7874564459930313,1.0,1.0,0.7874564459930313,0.0,286.0,287.0,287.0,755.0,590.0,14.587280862234886,560.5479964280034,130.99830218344192,,1.0,0.0,0.0,1.0,1.0,0.92,408.0,482.0,75.0,75.0,9.0,323.5,9.078830964057726,403.859003919604,93.90998746478921,122.0,237.11383409232837,-5.587280862234886,-237.04799642800344,1.3949347212143828,0.8124685287475586,0.8249568343162537,0.0,0.0,0.0,1.0,0.0,1.0
SNPT-075,0,15.0,0.006327658228455003,0.9810708951950073,0.5530973451327433,1.0,1.0,0.8517699115044248,0.0,451.0,452.0,452.0,966.0,575.0,22.28870550579102,834.0280883211725,139.77676298562892,,1.0,0.0,0.0,1.0,0.9767441860465116,0.9247311827956989,564.0,749.0,186.0,186.0,13.5,447.5,1178.603896355114,536.5058990671985,77.9395472468143,113.0,386.6279922686505,-8.788705505791022,-386.5280883211725,1.7933997299598394,0.8643009662628174,0.9231916666030884,0.0,0.0,0.0,1.0,0.0,1.0
SNPT-075,0,,1.0,0.0,0.0,1.0,1.0,0.92,408.0,482.0,75.0,75.0,9.0,323.5,9.078830964057726,403.859003919604,93.90998746478921,5.0,0.0015432360660327768,0.9997183763528172,0.5231788079470199,1.0,1.0,0.7152317880794702,599.0,749.0,151.0,151.0,13.0,484.5,155.3590351170351,475.50260338647774,73.8764058866688,117.0,80.73627323233886,3.921169035942274,80.64099608039601,1.2711769926768395,0.7836930155754089,0.9264987111091614,0.0,0.0,0.0,1.0,0.0,1.0
SNPT-075,1,,1.0,0.0,0.0,1.0,1.0,0.92,408.0,482.0,75.0,75.0,9.0,323.5,9.078830964057726,403.859003919604,93.90998746478921,,1.0,0.0,0.0,1.0,0.9767441860465116,0.9247311827956989,564.0,749.0,186.0,186.0,13.5,447.5,1178.603896355114,536.5058990671985,77.9395472468143,82.0,43.86437363662582,4.421169035942274,43.64099608039601,1.2049080445309834,0.8986521363258362,0.9904752969741821,0.0,0.0,0.0,1.0,0.0,1.0
SNPT-075,0,4.0,0.00022327836469278401,0.9999799216002748,0.7066115702479339,1.0,1.0,0.7066115702479339,0.0,286.0,287.0,242.0,159.5,561.5,15.660964580721568,406.2642867401271,117.00320114907097,,1.0,0.0,0.0,1.0,1.0,0.92,408.0,482.0,75.0,75.0,9.0,323.5,9.078830964057726,403.859003919604,93.90998746478921,122.0,83.03189512920684,-6.6609645807215685,-82.76428674012709,1.2459079625896061,0.7690234184265137,0.8623578548431396,0.0,0.0,0.0,1.0,0.0,1.0
SNPT-076,0,,1.0,0.0,0.0,0.0,1.0,0.8686440677966102,163.0,634.0,472.0,472.0,1913.0,425.0,1911.5161741228958,482.2733538604491,44.80904313146213,,1.0,0.0,0.0,1.0,1.0,0.9230769230769231,659.0,749.0,91.0,91.0,7.5,662.0,321.57001206014695,591.7405214076241,94.2871980333763,25.0,1912.4798714376475,-1904.0161741228958,179.7266461395509,0.47523994843499734,0.6039059162139893,0.904518187046051,0.0,0.0,0.0,0.0,1.0,1.0
SNPT-076,1,,1.0,0.0,0.0,1.0,0.9961240310077519,0.7865853658536586,174.0,501.0,328.0,328.0,11.5,652.0,7.550470452575292,694.9774195674356,85.69532614974872,,1.0,0.0,0.0,1.0,1.0,0.9230769230769231,659.0,749.0,91.0,91.0,7.5,662.0,321.57001206014695,591.7405214076241,94.2871980333763,158.0,32.97745818878812,-0.0504704525752917,-32.97741956743562,0.9088755200829473,0.9390063881874084,0.9915531277656555,0.0,0.0,0.0,1.0,0.0,1.0
SNPT-076,0,,1.0,0.0,0.0,1.0,1.0,0.777120315581854,0.0,506.0,507.0,507.0,1132.5,634.5,25.49404928908479,1072.6679757148404,100.53943532702566,,1.0,0.0,0.0,1.0,1.0,0.9230769230769231,659.0,749.0,91.0,91.0,7.5,662.0,321.57001206014695,591.7405214076241,94.2871980333763,153.0,411.0620051616821,-17.99404928908479,-410.6679757148404,1.0663105641492936,0.8346098065376282,0.9607380628585815,0.0,0.0,0.0,1.0,0.0,1.0
SNPT-076,1,,1.0,0.0,0.0,0.0,1.0,0.8361486486486487,0.0,591.0,592.0,592.0,55.0,539.0,6.802248676722007,658.71368270834,88.29944419341977,,1.0,0.0,0.0,0.0,1.0,0.6206896551724138,663.0,749.0,87.0,87.0,20.0,614.0,229.4217583915954,573.6967734483758,84.75656285279719,72.0,46.62074711255912,13.197751323277993,-44.71368270834,1.0418006726721063,0.9391955733299255,0.9747251272201538,0.0,0.0,0.0,1.0,0.0,1.0
SNPT-076,0,,1.0,0.0,0.0,1.0,1.0,0.777120315581854,0.0,506.0,507.0,507.0,1132.5,634.5,25.49404928908479,1072.6679757148404,100.53943532702566,,1.0,0.0,0.0,0.0,1.0,0.9178082191780822,677.0,749.0,73.0,73.0,8.0,739.5,173.97246730795604,691.1893919962529,107.93320475127874,171.0,333.6269500541786,-17.49404928908479,-333.1679757148404,0.9314968045163554,0.7902584075927734,0.9317662715911865,0.0,0.0,0.0,0.0,1.0,1.0
SNPT-076,1,,1.0,0.0,0.0,0.0,1.0,0.8442622950819673,231.0,474.0,244.0,244.0,15.0,741.5,7.554865152537852,804.4795624884223,89.93137379609183,,1.0,0.0,0.0,0.0,1.0,0.9178082191780822,677.0,749.0,73.0,73.0,8.0,739.5,173.97246730795604,691.1893919962529,107.93320475127874,203.0,64.9810871424848,0.44513484746214793,-64.97956248842229,0.8332132266741239,0.9618401527404785,0.981087327003479,0.0,0.0,0.0,1.0,0.0,1.0
SNPT-076,0,,1.0,0.0,0.0,1.0,0.9961240310077519,0.7865853658536586,174.0,501.0,328.0,328.0,11.5,652.0,7.550470452575292,694.9774195674356,85.69532614974872,,1.0,0.0,0.0,0.0,1.0,0.9178082191780822,677.0,749.0,73.0,73.0,8.0,739.5,173.97246730795604,691.1893919962529,107.93320475127874,176.0,44.524849749192555,0.4495295474247083,44.52258043256438,0.7939662900515649,0.7994320392608643,0.9582772850990295,0.0,0.0,0.0,0.0,1.0,1.0
SNPT-076,0,,1.0,0.0,0.0,0.0,1.0,0.8442622950819673,231.0,474.0,244.0,244.0,15.0,741.5,7.554865152537852,804.4795624884223,89.93137379609183,,1.0,0.0,0.0,1.0,1.0,0.9230769230769231,659.0,749.0,91.0,91.0,7.5,662.0,321.57001206014695,591.7405214076241,94.2871980333763,185.0,142.47957305198943,-0.05486515253785207,-142.4795624884223,0.9538025911455915,0.7926139831542969,0.9368714094161987,0.0,0.0,0.0,0.0,1.0,1.0
SNPT-076,0,,1.0,0.0,0.0,1.0,0.9961240310077519,0.7865853658536586,174.0,501.0,328.0,328.0,11.5,652.0,7.550470452575292,694.9774195674356,85.69532614974872,,1.0,0.0,0.0,0.0,1.0,0.6206896551724138,663.0,749.0,87.0,87.0,20.0,614.0,229.4217583915954,573.6967734483758,84.75656285279719,162.0,81.92883049179152,12.449529547424708,-80.97741956743562,1.01107599536076,0.7864313125610352,0.9426522254943848,0.0,0.0,0.0,0.0,1.0,1.0
SNPT-077,0,8.0,0.002295550211177518,0.9997603495915731,0.061855670103092786,1.0,1.0,0.8969072164948454,170.0,266.0,97.0,97.0,1911.0,571.0,1913.5382941869748,684.3673313805848,93.97074067201368,6.0,0.11539961374364793,0.9712290018796921,0.4444444444444444,1.0,1.0,0.8888888888888888,741.0,749.0,9.0,9.0,1908.5,952.5,1832.2265004941803,912.785377264014,191.8902894967755,475.0,268.17999998002017,-5.038294186974781,268.1326686194152,0.48971076607601216,0.8240607976913452,0.9632582664489746,0.0,1.0,1.0,1.0,0.0,1.0
SNPT-077,0,,1.0,0.0,0.0,0.0,1.0,0.8865979381443299,0.0,96.0,97.0,97.0,105.5,345.0,8.620241935147583,320.8892897602526,149.30101783406346,6.0,0.11539961374364793,0.9712290018796921,0.4444444444444444,1.0,1.0,0.8888888888888888,741.0,749.0,9.0,9.0,1908.5,952.5,1832.2265004941803,912.785377264014,191.8902894967755,645.0,2002.117674961719,1899.8797580648525,631.6107102397474,0.7780540548747897,0.718206524848938,0.8864366412162781,0.0,0.0,0.0,0.0,1.0,1.0
SNPT-077,1,17.0,0.09579363725840397,0.9490104948773104,0.02992957746478873,1.0,1.0,0.8573943661971831,0.0,567.0,568.0,568.0,1416.0,786.0,1910.2993920621382,702.262019117312,147.37784926851796,11.0,0.24132271261403634,0.8621708580425808,0.6829268292682927,1.0,1.0,0.8536585365853658,637.0,677.0,41.0,41.0,1911.0,612.0,1909.2622529434152,570.405464844969,122.5340992832637,70.0,90.26473811304494,0.7006079378618324,-90.26201911731198,1.202749684623075,0.8545433282852173,0.9770980477333069,0.0,1.0,0.0,1.0,0.0,1.0
SNPT-077,0,,1.0,0.0,0.0,0.0,1.0,0.8865979381443299,0.0,96.0,97.0,97.0,105.5,345.0,8.620241935147583,320.8892897602526,149.30101783406346,11.0,0.24132271261403634,0.8621708580425808,0.6829268292682927,1.0,1.0,0.8536585365853658,637.0,677.0,41.0,41.0,1911.0,612.0,1909.2622529434152,570.405464844969,122.5340992832637,541.0,1924.5244060575528,1902.3797580648525,291.1107102397474,1.2184446509777032,0.7878619432449341,0.9105415344238281,0.0,0.0,0.0,0.0,1.0,1.0
SNPT-077,0,,1.0,0.0,0.0,0.0,1.0,0.8473282442748091,0.0,523.0,524.0,524.0,1464.0,111.5,1906.1813958137068,573.6957718462219,85.76946501126152,6.0,0.11539961374364793,0.9712290018796921,0.4444444444444444,1.0,1.0,0.8888888888888888,741.0,749.0,9.0,9.0,1908.5,952.5,1832.2265004941803,912.785377264014,191.8902894967755,218.0,378.81132400253335,2.3186041862932143,378.8042281537781,0.4469713670044923,0.7572469711303711,0.9289708733558655,0.0,0.0,0.0,0.0,1.0,1.0
SNPT-077,1,,1.0,0.0,0.0,0.0,1.0,0.8865979381443299,0.0,96.0,97.0,97.0,105.5,345.0,8.620241935147583,320.8892897602526,149.30101783406346,36.0,0.07995946707269468,0.9051403977252819,0.04671280276816609,0.0,0.9660574412532638,0.6626297577854672,157.0,749.0,593.0,578.0,31.5,420.5,241.69681057163234,555.4980162470731,84.41815792574745,61.0,102.20458367203055,22.879758064852417,99.61071023974739,1.7685889090992213,0.9480006694793701,0.9641883373260498,0.0,0.0,0.0,1.0,0.0,1.0
SNPT-077,1,,1.0,0.0,0.0,1.0,1.0,0.9523809523809523,0.0,524.0,525.0,525.0,1032.0,534.5,1898.710671089651,1011.3293487003989,129.9509444994368,6.0,0.11539961374364793,0.9712290018796921,0.4444444444444444,1.0,1.0,0.8888888888888888,741.0,749.0,9.0,9.0,1908.5,952.5,1832.2265004941803,912.785377264014,191.8902894967755,217.0,59.638269835971265,9.789328910349013,-58.829348700398896,0.6772148024802499,0.9273079633712769,0.9784719944000244,0.0,0.0,0.0,1.0,0.0,1.0
SNPT-077,0,,1.0,0.0,0.0,0.0,1.0,0.7988668555240793,152.0,504.0,353.0,353.0,1905.0,430.0,1907.835036927024,853.5768939558982,120.64068162024401,11.0,0.24132271261403634,0.8621708580425808,0.6829268292682927,1.0,1.0,0.8536585365853658,637.0,677.0,41.0,41.0,1911.0,612.0,1909.2622529434152,570.405464844969,122.5340992832637,133.0,241.5976255773897,3.1649630729759792,-241.57689395589819,0.9845478305704712,0.7104567289352417,0.9305652379989624,0.0,0.0,0.0,0.0,1.0,1.0
SNPT-077,0,8.0,0.002295550211177518,0.9997603495915731,0.061855670103092786,1.0,1.0,0.8969072164948454,170.0,266.0,97.0,97.0,1911.0,571.0,1913.5382941869748,684.3673313805848,93.97074067201368,11.0,0.24132271261403634,0.8621708580425808,0.6829268292682927,1.0,1.0,0.8536585365853658,637.0,677.0,41.0,41.0,1911.0,612.0,1909.2622529434152,570.405464844969,122.5340992832637,371.0,72.41183320788808,-2.538294186974781,-72.3673313805848,0.7668946131866549,0.8193989396095276,0.9713462591171265,0.0,1.0,0.0,1.0,0.0,1.0
SNPT-077,0,,1.0,0.0,0.0,0.0,1.0,0.8414634146341463,0.0,81.0,82.0,82.0,1894.0,402.5,1913.4538253645915,485.5643040622227,147.28690749870492,,1.0,0.0,0.0,1.0,1.0,0.9019607843137255,163.0,417.0,255.0,255.0,1892.0,364.5,1912.937720230971,494.8615750247749,81.59839710880327,82.0,122.95052802182141,-21.453825364591466,-121.06430406222267,1.8050220680476434,0.7189484238624573,0.9270926117897034,0.0,0.0,0.0,0.0,1.0,1.0
SNPT-077,1,,1.0,0.0,0.0,0.0,1.0,0.8414634146341463,0.0,81.0,82.0,82.0,1894.0,402.5,1913.4538253645915,485.5643040622227,147.28690749870492,,1.0,0.0,0.0,0.0,1.0,0.7988668555240793,152.0,504.0,353.0,353.0,1905.0,430.0,1907.835036927024,853.5768939558982,120.64068162024401,71.0,56.20372807220305,-8.453825364591466,-55.564304062222675,1.2208726403116539,0.9148929119110107,0.9593397378921509,0.0,0.0,0.0,1.0,0.0,1.0
SNPT-077,0,,1.0,0.0,0.0,1.0,0.9774011299435028,0.6996047430830039,0.0,505.0,506.0,506.0,1875.0,26.5,1907.118918959307,440.18405213172525,58.224755090605726,6.0,0.11539961374364793,0.9712290018796921,0.4444444444444444,1.0,1.0,0.8888888888888888,741.0,749.0,9.0,9.0,1908.5,952.5,1832.2265004941803,912.785377264014,191.8902894967755,236.0,512.3178093966769,1.3810810406930614,512.3159478682747,0.3034273138223815,0.8058449029922485,0.9612925052642822,0.0,0.0,0.0,1.0,0.0,1.0
SNPT-097,1,,1.0,0.0,0.0,0.0,1.0,0.9217391304347826,0.0,114.0,115.0,115.0,379.0,378.0,6.131847063681684,587.2652957952496,102.19615301607666,14.0,0.06305262626293497,0.9271562956273556,0.43243243243243246,0.0,1.0,0.8288288288288288,210.0,534.0,325.0,222.0,8.5,720.0,4.9793301323637325,750.4917688094697,134.34402594002026,96.0,132.75582792726044,2.3681529363183156,132.73470420475041,0.7607048568107043,0.9466450810432434,0.9837943315505981,0.0,0.0,0.0,1.0,0.0,1.0
SNPT-097,1,33.0,0.014788438278564546,0.9840824713652161,0.14922813036020582,0.0,0.9819639278557114,0.855917667238422,0.0,582.0,583.0,583.0,783.5,298.5,9.586897129391133,487.1702905010725,81.62471703744166,33.0,0.014656383706236599,0.9973650070337149,0.3023255813953488,0.0,1.0,0.8604651162790697,707.0,749.0,43.0,43.0,6.0,548.5,595.2953995776583,516.7558156700564,93.55517452266734,125.0,61.43451064539925,-3.586897129391133,61.329709498927514,0.8724767759122177,0.9135717153549194,0.9837521314620972,1.0,0.0,1.0,1.0,0.0,1.0
SNPT-097,0,62.0,0.005558565161897554,0.9902168204083698,0.8718801996672213,0.0,1.0,0.9101497504159733,0.0,600.0,601.0,601.0,1334.5,764.0,14.449869971307475,1014.1802371202964,180.31293418385434,33.0,0.014656383706236599,0.9973650070337149,0.3023255813953488,0.0,1.0,0.8604651162790697,707.0,749.0,43.0,43.0,6.0,548.5,595.2953995776583,516.7558156700564,93.55517452266734,107.0,465.7568931824278,-8.449869971307475,-465.6802371202964,1.9273432506949852,0.7031589150428772,0.8981752395629883,0.0,1.0,1.0,1.0,0.0,1.0
SNPT-097,0,62.0,0.005558565161897554,0.9902168204083698,0.8718801996672213,0.0,1.0,0.9101497504159733,0.0,600.0,601.0,601.0,1334.5,764.0,14.449869971307475,1014.1802371202964,180.31293418385434,24.0,0.019241649148170836,0.9162320196628571,0.375,0.0,1.0,0.75,690.0,749.0,60.0,16.0,5.5,856.0,168.33469857517605,777.2976397477407,106.3124647369761,90.0,158.4332275374598,-8.949869971307475,-158.1802371202964,1.6960657871112308,0.8534574508666992,0.9160325527191162,0.0,1.0,1.0,1.0,0.0,1.0
SNPT-097,0,24.0,0.1251342109973269,0.897924808725234,0.11355311355311355,1.0,1.0,0.8608058608058609,0.0,545.0,546.0,546.0,380.0,293.5,18.017749596608347,504.7266199269161,84.56825487955814,33.0,0.014656383706236599,0.9973650070337149,0.3023255813953488,0.0,1.0,0.8604651162790697,707.0,749.0,43.0,43.0,6.0,548.5,595.2953995776583,516.7558156700564,93.55517452266734,162.0,45.39311741210818,-12.017749596608347,43.7733800730839,0.9039398976169749,0.693274199962616,0.9201785326004028,0.0,1.0,1.0,0.0,1.0,1.0
SNPT-097,0,,1.0,0.0,0.0,0.0,1.0,0.9217391304347826,0.0,114.0,115.0,115.0,379.0,378.0,6.131847063681684,587.2652957952496,102.19615301607666,24.0,0.019241649148170836,0.9162320196628571,0.375,0.0,1.0,0.75,690.0,749.0,60.0,16.0,5.5,856.0,168.33469857517605,777.2976397477407,106.3124647369761,576.0,268.73544700081266,-0.6318470636816844,268.7347042047504,0.9612810056555132,0.8081772327423096,0.9715995788574219,0.0,0.0,0.0,1.0,0.0,1.0
SNPT-098,0,9.0,0.02333518961995651,0.9430851636173057,0.5265151515151515,1.0,1.0,0.8787878787878788,388.0,651.0,264.0,264.0,1899.0,514.0,1906.2653776209054,752.0025076482405,127.9767810722809,24.0,0.037897998156025396,0.9583671739468208,0.7647058823529411,1.0,1.0,0.9294117647058824,665.0,749.0,85.0,85.0,1911.5916213124447,887.7401095228065,1589.6931514125695,883.2991402968917,179.45929339929344,14.0,135.84206062379891,5.3262436915392755,135.73760187456605,0.7131242893480866,0.8221070766448975,0.9831494092941284,0.0,1.0,1.0,1.0,0.0,1.0
SNPT-098,0,,1.0,0.0,0.0,1.0,1.0,0.9338235294117647,0.0,135.0,136.0,136.0,1463.5,619.5,1912.477401986348,766.9328815430301,115.98346812728535,14.0,0.011827540431402538,0.9837092398380747,0.4916387959866221,0.0,1.0,0.8862876254180602,413.0,711.0,299.0,299.0,1912.5,615.0,1903.2936824029184,750.8500911359823,132.60441868319052,278.0,151.93288322360846,0.022598013651986548,-151.93288154303013,0.8746576417214662,0.5905753374099731,0.8843381404876709,0.0,0.0,0.0,0.0,1.0,1.0
SNPT-098,1,33.0,0.0007072649519669181,0.9898514705044883,0.4666666666666667,0.0,1.0,0.94,0.0,149.0,150.0,150.0,1058.0,715.0,1908.8816718675512,925.651210487243,127.29633585623752,33.0,0.0058390058530136315,0.9967254370149939,0.9428571428571428,0.0,1.0,0.9476190476190476,227.0,436.0,210.0,210.0,1893.0,984.0,22.02116332071845,983.1148692165725,167.76869027200016,78.0,60.471553137922506,-15.881671867551177,58.34878951275698,0.7587609800723509,0.9464881420135498,0.9633649587631226,1.0,0.0,1.0,1.0,0.0,1.0
SNPT-098,0,,1.0,0.0,0.0,0.0,1.0,0.9754098360655737,0.0,121.0,122.0,122.0,1512.5,416.0,1909.4250764432136,478.39726442475495,62.32042604397677,6.0,0.0001027607835908384,0.9999891716626382,0.8671328671328671,1.0,1.0,0.9090909090909091,345.0,487.0,143.0,143.0,1910.5,637.5,7.368774817904052,759.1928306887814,132.7090547995296,224.0,159.1063667116413,1.0749235567864162,159.10273557524505,0.46960191328404866,0.5929016470909119,0.8940622806549072,0.0,0.0,0.0,0.0,1.0,1.0
SNPT-098,0,,1.0,0.0,0.0,1.0,1.0,0.9338235294117647,0.0,135.0,136.0,136.0,1463.5,619.5,1912.477401986348,766.9328815430301,115.98346812728535,33.0,0.044873270023513386,0.959317617729062,0.30886075949367087,1.0,0.9948051948051948,0.9746835443037974,355.0,749.0,395.0,395.0,1909.0,439.5,1059.8577108454801,606.237904520232,99.41113979539509,220.0,327.45134637094816,-3.4774019863480135,-327.43288154303013,1.16670494238371,0.7125314474105835,0.9883995056152344,0.0,0.0,0.0,1.0,0.0,1.0
SNPT-098,0,62.0,0.06595993153515031,0.8056256828291156,0.5466321243523317,1.0,1.0,0.8316062176165803,0.0,434.0,435.0,386.0,986.5,968.0,405.1786328533385,1073.650401133234,118.2758376052582,36.0,0.10462047129626359,0.8613010843594869,0.5714285714285714,1.0,1.0,0.8809523809523809,708.0,749.0,42.0,42.0,11.0,982.5,526.8457673323907,945.6569741276509,196.61356015615613,274.0,404.58026425528533,-394.1786328533385,-91.15040113323403,0.6015650065606876,0.871715784072876,0.9598344564437866,0.0,1.0,1.0,1.0,0.0,1.0
SNPT-098,1,,1.0,0.0,0.0,0.0,1.0,0.9754098360655737,0.0,121.0,122.0,122.0,1512.5,416.0,1909.4250764432136,478.39726442475495,62.32042604397677,20.0,0.4170553703249122,0.8694858103990555,0.014134275618374558,0.0,1.0,0.9469964664310954,195.0,477.0,283.0,283.0,1911.5,510.5,13.59923414595849,545.3953293096488,75.74957284741562,74.0,32.1697208439957,2.074923556786416,32.10273557524505,0.8227165342504368,0.9615427255630493,0.9930264949798584,0.0,0.0,0.0,1.0,0.0,1.0
SNPT-098,0,33.0,0.0007072649519669181,0.9898514705044883,0.4666666666666667,0.0,1.0,0.94,0.0,149.0,150.0,150.0,1058.0,715.0,1908.8816718675512,925.651210487243,127.29633585623752,33.0,0.044873270023513386,0.959317617729062,0.30886075949367087,1.0,0.9948051948051948,0.9746835443037974,355.0,749.0,395.0,395.0,1909.0,439.5,1059.8577108454801,606.237904520232,99.41113979539509,206.0,486.15122488764604,0.11832813244882345,-486.151210487243,1.280503735479091,0.6511901617050171,0.9106217622756958,1.0,0.0,1.0,0.0,1.0,1.0
SNPT-098,0,,1.0,0.0,0.0,1.0,1.0,0.9338235294117647,0.0,135.0,136.0,136.0,1463.5,619.5,1912.477401986348,766.9328815430301,115.98346812728535,6.0,0.14405810793539722,0.8133759533411988,0.6114285714285714,1.0,1.0,0.9714285714285714,575.0,749.0,175.0,175.0,16.5,820.5,1318.0711259364598,809.1981860046203,171.76110948462346,440.0,1896.7339679097554,-1895.977401986348,53.567118456969865,0.6752603571046943,0.6650505065917969,0.9662849307060242,0.0,0.0,0.0,1.0,0.0,1.0
SNPT-098,0,,1.0,0.0,0.0,1.0,1.0,0.9236641221374046,0.0,261.0,262.0,262.0,286.5,435.0,4.6422395689513465,476.7414762162622,68.95503699147785,3.0,0.1930117400895272,0.8679121732711792,0.2826086956521739,1.0,1.0,0.9347826086956522,704.0,749.0,46.0,46.0,16.5,822.5,673.0966657557432,814.3832796333213,180.37903885381903,443.0,345.9617944969498,11.857760431048654,345.7585237837378,0.38227854760529967,0.6533259153366089,0.9315834045410156,0.0,0.0,0.0,1.0,0.0,1.0
SNPT-098,0,,1.0,0.0,0.0,1.0,1.0,0.9338235294117647,0.0,135.0,136.0,136.0,1463.5,619.5,1912.477401986348,766.9328815430301,115.98346812728535,6.0,0.0001027607835908384,0.9999891716626382,0.8671328671328671,1.0,1.0,0.9090909090909091,345.0,487.0,143.0,143.0,1910.5,637.5,7.368774817904052,759.1928306887814,132.7090547995296,210.0,129.44798547350084,-1.9774019863480135,-129.43288154303013,0.8739680069494131,0.7363783121109009,0.9632900953292847,0.0,0.0,0.0,1.0,0.0,1.0
SNPT-098,1,33.0,0.0058390058530136315,0.9967254370149939,0.9428571428571428,0.0,1.0,0.9476190476190476,227.0,436.0,210.0,210.0,1893.0,984.0,22.02116332071845,983.1148692165725,167.76869027200016,33.0,0.0019058498882901296,0.9971097219321463,0.6545454545454545,0.0,1.0,0.7909090909090909,640.0,749.0,110.0,110.0,401.5,1070.5,1382.7955400600717,985.6696434814008,108.16618877128846,204.0,389.41025740149365,379.4788366792815,87.38513078342748,1.5510271017012345,0.8669888973236084,0.9866430163383484,1.0,0.0,1.0,1.0,0.0,1.0
SNPT-098,0,10.0,0.014031528150179655,0.995145354673713,0.9106699751861043,0.0,1.0,0.9404466501240695,298.0,700.0,403.0,403.0,1911.0,710.0,1901.2738477547664,724.3586464384468,137.76682359910237,,1.0,0.0,0.0,1.0,1.0,0.6666666666666666,712.0,717.0,6.0,6.0,1907.6046914480435,780.0480046164308,1907.4809477004933,780.3061435381612,37.729134315867405,12.0,56.04805256335405,6.330843693277075,55.68935817798399,3.6514705703481516,0.6766963005065918,0.8173419237136841,0.0,0.0,0.0,0.0,1.0,1.0
SNPT-098,1,24.0,0.003494078116028843,0.9994466807328019,0.9026548672566371,1.0,1.0,0.9026548672566371,407.0,519.0,113.0,113.0,1904.0,1006.0,1912.1525467468568,964.4890950573651,173.69078163442325,24.0,0.037897998156025396,0.9583671739468208,0.7647058823529411,1.0,1.0,0.9294117647058824,665.0,749.0,85.0,85.0,1911.5916213124447,887.7401095228065,1589.6931514125695,883.2991402968917,179.45929339929344,146.0,76.75103528895791,-0.5609254344121837,-76.74898553455864,0.9678561546989078,0.887026309967041,0.9353942275047302,1.0,0.0,1.0,1.0,0.0,1.0
SNPT-098,0,16.0,0.07370953321892557,0.9253747041026751,0.2830188679245283,0.0,1.0,0.8962264150943396,251.0,462.0,212.0,212.0,1911.0,599.5,9.359725950942224,604.4286876120163,95.42155199933833,24.0,0.037897998156025396,0.9583671739468208,0.7647058823529411,1.0,1.0,0.9294117647058824,665.0,749.0,85.0,85.0,1911.5916213124447,887.7401095228065,1589.6931514125695,883.2991402968917,179.45929339929344,203.0,1923.2138584972104,1902.2318953615024,283.31142191079016,0.5317169715308487,0.6793004274368286,0.8880686163902283,0.0,1.0,1.0,0.0,1.0,1.0
SNPT-098,1,16.0,0.07370953321892557,0.9253747041026751,0.2830188679245283,0.0,1.0,0.8962264150943396,251.0,462.0,212.0,212.0,1911.0,599.5,9.359725950942224,604.4286876120163,95.42155199933833,16.0,0.03729301416935609,0.9346816453946198,0.9052132701421801,0.0,1.0,0.981042654028436,539.0,749.0,211.0,211.0,10.4395791561372,680.4760196853272,1355.2567588647544,647.3174439676485,132.56460932758733,77.0,76.05499851037524,1.0798532051949756,76.04733207331083,0.7198116637868042,0.8717835545539856,0.9541071653366089,1.0,0.0,1.0,1.0,0.0,1.0
SNPT-098,0,33.0,0.0007072649519669181,0.9898514705044883,0.4666666666666667,0.0,1.0,0.94,0.0,149.0,150.0,150.0,1058.0,715.0,1908.8816718675512,925.651210487243,127.29633585623752,34.0,0.07462487892806559,0.9162735408759332,0.5606060606060606,0.0,1.0,0.9671717171717171,354.0,749.0,396.0,396.0,1911.0,535.5,1711.56861652619,728.6514875128466,124.0785173926097,205.0,390.15696118195524,2.1183281324488235,-390.151210487243,1.0259337275400058,0.8699887990951538,0.9830636978149414,0.0,1.0,1.0,1.0,0.0,1.0
SNPT-098,1,,1.0,0.0,0.0,1.0,1.0,0.9338235294117647,0.0,135.0,136.0,136.0,1463.5,619.5,1912.477401986348,766.9328815430301,115.98346812728535,14.0,0.0006463406469495577,0.9985342565036955,0.39622641509433965,1.0,1.0,0.8632075471698113,227.0,438.0,212.0,212.0,1906.0,655.0,9.04782156642155,498.08863343691627,95.7415218971149,92.0,112.1201440733054,-6.4774019863480135,-111.93288154303013,1.2114228584325484,0.918971061706543,0.9870767593383789,0.0,0.0,0.0,1.0,0.0,1.0
SNPT-098,0,20.0,0.0005932310067647102,0.9999438737645562,0.826530612244898,0.0,1.0,0.9591836734693877,432.0,627.0,196.0,196.0,1910.0,719.5,1909.9300147062586,736.7400626749534,129.60411019531423,3.0,0.1930117400895272,0.8679121732711792,0.2826086956521739,1.0,1.0,0.9347826086956522,704.0,749.0,46.0,46.0,16.5,822.5,673.0966657557432,814.3832796333213,180.37903885381903,77.0,1895.3712004355607,-1893.4300147062586,85.75993732504662,0.7185098169879189,0.6428331136703491,0.7967171669006348,0.0,1.0,0.0,0.0,1.0,1.0
SNPT-098,1,33.0,0.0007072649519669181,0.9898514705044883,0.4666666666666667,0.0,1.0,0.94,0.0,149.0,150.0,150.0,1058.0,715.0,1908.8816718675512,925.651210487243,127.29633585623752,33.0,0.0019058498882901296,0.9971097219321463,0.6545454545454545,0.0,1.0,0.7909090909090909,640.0,749.0,110.0,110.0,401.5,1070.5,1382.7955400600717,985.6696434814008,108.16618877128846,491.0,1514.325155475377,-1507.3816718675512,144.84878951275698,1.1768588438056065,0.8979986906051636,0.9433441162109375,1.0,0.0,1.0,1.0,0.0,1.0
SNPT-098,1,,1.0,0.0,0.0,1.0,1.0,0.6666666666666666,712.0,717.0,6.0,6.0,1907.6046914480435,780.0480046164308,1907.4809477004933,780.3061435381612,37.729134315867405,14.0,0.011827540431402538,0.9837092398380747,0.4916387959866221,0.0,1.0,0.8862876254180602,413.0,711.0,299.0,299.0,1912.5,615.0,1903.2936824029184,750.8500911359823,132.60441868319052,1.0,29.51445324919482,4.311009045125047,29.197913480448506,0.28452395998965385,0.645269513130188,0.842357337474823,0.0,0.0,0.0,0.0,1.0,1.0
SNPT-098,1,,1.0,0.0,0.0,1.0,1.0,0.9338235294117647,0.0,135.0,136.0,136.0,1463.5,619.5,1912.477401986348,766.9328815430301,115.98346812728535,14.0,0.01841771945024655,0.9697111122790845,0.96875,1.0,1.0,0.96875,622.0,749.0,128.0,128.0,12.0,634.0,865.8505690038504,524.2610919484443,123.81482466661525,487.0,1905.1208640021011,-1900.477401986348,-132.93288154303013,0.9367494436920888,0.7688862085342407,0.9677164554595947,0.0,0.0,0.0,1.0,0.0,1.0
SNPT-098,0,,1.0,0.0,0.0,0.0,1.0,0.9754098360655737,0.0,121.0,122.0,122.0,1512.5,416.0,1909.4250764432136,478.39726442475495,62.32042604397677,,1.0,0.0,0.0,1.0,0.6304347826086957,0.7796610169491526,518.0,576.0,59.0,59.0,1903.5,613.5,1910.1209322951536,621.9001973622521,117.04887836746474,397.0,135.2325984767449,-5.925076443213584,135.10273557524505,0.5324307837305987,0.6176207661628723,0.9248881340026855,0.0,0.0,0.0,0.0,1.0,0.0
SNPT-098,0,24.0,0.003494078116028843,0.9994466807328019,0.9026548672566371,1.0,1.0,0.9026548672566371,407.0,519.0,113.0,113.0,1904.0,1006.0,1912.1525467468568,964.4890950573651,173.69078163442325,3.0,0.1930117400895272,0.8679121732711792,0.2826086956521739,1.0,1.0,0.9347826086956522,704.0,749.0,46.0,46.0,16.5,822.5,673.0966657557432,814.3832796333213,180.37903885381903,185.0,1900.9627774112396,-1895.6525467468568,-141.98909505736515,0.9629210951455617,0.6793156266212463,0.8580176830291748,0.0,1.0,0.0,1.0,0.0,1.0
SNPT-098,1,36.0,0.029195573999572844,0.9735258755124645,0.6044776119402985,1.0,1.0,0.9577114427860697,0.0,401.0,402.0,402.0,741.5,590.5,20.275383266506083,772.2849851820458,118.12708277950635,36.0,0.10462047129626359,0.8613010843594869,0.5714285714285714,1.0,1.0,0.8809523809523809,708.0,749.0,42.0,42.0,11.0,982.5,526.8457673323907,945.6569741276509,196.61356015615613,307.0,210.4195456454872,-9.275383266506083,210.21501481795417,0.600808421787828,0.9255800247192383,0.9829716682434082,1.0,0.0,1.0,1.0,0.0,1.0
SNPT-098,0,16.0,0.07370953321892557,0.9253747041026751,0.2830188679245283,0.0,1.0,0.8962264150943396,251.0,462.0,212.0,212.0,1911.0,599.5,9.359725950942224,604.4286876120163,95.42155199933833,6.0,0.14405810793539722,0.8133759533411988,0.6114285714285714,1.0,1.0,0.9714285714285714,575.0,749.0,175.0,175.0,16.5,820.5,1318.0711259364598,809.1981860046203,171.76110948462346,113.0,216.18925863826183,7.140274049057776,216.07131238798365,0.5555480649004584,0.5958234667778015,0.8980001211166382,0.0,1.0,1.0,0.0,1.0,1.0
SNPT-098,0,33.0,0.0007072649519669181,0.9898514705044883,0.4666666666666667,0.0,1.0,0.94,0.0,149.0,150.0,150.0,1058.0,715.0,1908.8816718675512,925.651210487243,127.29633585623752,6.0,0.14405810793539722,0.8133759533411988,0.6114285714285714,1.0,1.0,0.9714285714285714,575.0,749.0,175.0,175.0,16.5,820.5,1318.0711259364598,809.1981860046203,171.76110948462346,426.0,1895.3008122952833,-1892.3816718675512,-105.15121048724302,0.7411243222531317,0.6993515491485596,0.8757063150405884,0.0,1.0,1.0,0.0,1.0,1.0
SNPT-098,1,36.0,0.10704240610357374,0.9828022718429565,0.0024509803921568627,1.0,1.0,0.9313725490196079,0.0,407.0,408.0,408.0,1080.5,371.0,19.307343957102972,565.7220205846335,78.07760194933034,3.0,0.1930117400895272,0.8679121732711792,0.2826086956521739,1.0,1.0,0.9347826086956522,704.0,749.0,46.0,46.0,16.5,822.5,673.0966657557432,814.3832796333213,180.37903885381903,297.0,256.79332524957084,-2.8073439571029724,256.77797941536653,0.43285296587374106,0.8730941414833069,0.9655640125274658,0.0,1.0,0.0,1.0,0.0,1.0
SNPT-098,0,20.0,0.4170553703249122,0.8694858103990555,0.014134275618374558,0.0,1.0,0.9469964664310954,195.0,477.0,283.0,283.0,1911.5,510.5,13.59923414595849,545.3953293096488,75.74957284741562,24.0,0.037897998156025396,0.9583671739468208,0.7647058823529411,1.0,1.0,0.9294117647058824,665.0,749.0,85.0,85.0,1911.5916213124447,887.7401095228065,1589.6931514125695,883.2991402968917,179.45929339929344,188.0,1928.6199859695357,1897.9923871664862,342.3447802131577,0.422098913979753,0.5841479301452637,0.8899644017219543,0.0,1.0,0.0,0.0,1.0,1.0
SNPT-098,0,6.0,0.0001027607835908384,0.9999891716626382,0.8671328671328671,1.0,1.0,0.9090909090909091,345.0,487.0,143.0,143.0,1910.5,637.5,7.368774817904052,759.1928306887814,132.7090547995296,36.0,0.10462047129626359,0.8613010843594869,0.5714285714285714,1.0,1.0,0.8809523809523809,708.0,749.0,42.0,42.0,11.0,982.5,526.8457673323907,945.6569741276509,196.61356015615613,221.0,223.33669125809203,3.631225182095948,223.30716931121856,0.6749740694086831,0.8236984014511108,0.9514525532722473,0.0,1.0,1.0,1.0,0.0,1.0
SNPT-098,0,14.0,0.0006463406469495577,0.9985342565036955,0.39622641509433965,1.0,1.0,0.8632075471698113,227.0,438.0,212.0,212.0,1906.0,655.0,9.04782156642155,498.08863343691627,95.7415218971149,24.0,0.11499940599933325,0.9435639878114065,0.20588235294117646,0.0,1.0,0.9117647058823529,546.0,749.0,204.0,204.0,8.5,624.5,806.9492250401645,639.6924149985441,115.33118764390707,108.0,126.41255358869608,-0.5478215664215504,126.41136656308373,0.8301442467819146,0.6700183749198914,0.910834550857544,0.0,1.0,1.0,0.0,1.0,1.0
SNPT-098,1,6.0,0.0001027607835908384,0.9999891716626382,0.8671328671328671,1.0,1.0,0.9090909090909091,345.0,487.0,143.0,143.0,1910.5,637.5,7.368774817904052,759.1928306887814,132.7090547995296,6.0,0.14405810793539722,0.8133759533411988,0.6114285714285714,1.0,1.0,0.9714285714285714,575.0,749.0,175.0,175.0,16.5,820.5,1318.0711259364598,809.1981860046203,171.76110948462346,88.0,61.983451680916914,9.131225182095948,61.30716931121856,0.772637386878373,0.8471379280090332,0.9482263922691345,1.0,0.0,1.0,1.0,0.0,1.0
SNPT-098,0,,1.0,0.0,0.0,1.0,1.0,0.9236641221374046,0.0,261.0,262.0,262.0,286.5,435.0,4.6422395689513465,476.7414762162622,68.95503699147785,36.0,0.10462047129626359,0.8613010843594869,0.5714285714285714,1.0,1.0,0.8809523809523809,708.0,749.0,42.0,42.0,11.0,982.5,526.8457673323907,945.6569741276509,196.61356015615613,447.0,505.79848309144256,6.3577604310486535,505.7585237837378,0.35071353642501457,0.6211463212966919,0.9372942447662354,0.0,0.0,0.0,1.0,0.0,1.0
SNPT-098,0,14.0,0.0006463406469495577,0.9985342565036955,0.39622641509433965,1.0,1.0,0.8632075471698113,227.0,438.0,212.0,212.0,1906.0,655.0,9.04782156642155,498.08863343691627,95.7415218971149,,1.0,0.0,0.0,1.0,0.6304347826086957,0.7796610169491526,518.0,576.0,59.0,59.0,1903.5,613.5,1910.1209322951536,621.9001973622521,117.04887836746474,80.0,1897.9643937396954,1894.4521784335784,115.41136656308373,0.8179618910703504,0.6967422962188721,0.9386659264564514,0.0,0.0,0.0,1.0,0.0,0.0
SNPT-098,0,33.0,0.0007072649519669181,0.9898514705044883,0.4666666666666667,0.0,1.0,0.94,0.0,149.0,150.0,150.0,1058.0,715.0,1908.8816718675512,925.651210487243,127.29633585623752,24.0,0.003494078116028843,0.9994466807328019,0.9026548672566371,1.0,1.0,0.9026548672566371,407.0,519.0,113.0,113.0,1904.0,1006.0,1912.1525467468568,964.4890950573651,173.69078163442325,258.0,80.49694836692734,-4.8816718675511765,80.34878951275698,0.7328905694267948,0.7349743247032166,0.8523600101470947,0.0,1.0,1.0,0.0,1.0,1.0
SNPT-098,1,14.0,0.0006463406469495577,0.9985342565036955,0.39622641509433965,1.0,1.0,0.8632075471698113,227.0,438.0,212.0,212.0,1906.0,655.0,9.04782156642155,498.08863343691627,95.7415218971149,14.0,0.01841771945024655,0.9697111122790845,0.96875,1.0,1.0,0.96875,622.0,749.0,128.0,128.0,12.0,634.0,865.8505690038504,524.2610919484443,123.81482466661525,184.0,135.94342543333457,2.9521784335784496,135.91136656308373,0.7732638006386493,0.8766891956329346,0.9757468700408936,1.0,0.0,1.0,1.0,0.0,1.0
SNPT-098,0,,1.0,0.0,0.0,1.0,0.6304347826086957,0.7796610169491526,518.0,576.0,59.0,59.0,1903.5,613.5,1910.1209322951536,621.9001973622521,117.04887836746474,33.0,0.0019058498882901296,0.9971097219321463,0.6545454545454545,0.0,1.0,0.7909090909090909,640.0,749.0,110.0,110.0,401.5,1070.5,1382.7955400600717,985.6696434814008,108.16618877128846,64.0,1573.9056198786905,-1508.6209322951536,448.59980263774787,1.0821207597039242,0.7575480341911316,0.7731606960296631,0.0,0.0,0.0,0.0,1.0,0.0
SNPT-098,0,16.0,0.07370953321892557,0.9253747041026751,0.2830188679245283,0.0,1.0,0.8962264150943396,251.0,462.0,212.0,212.0,1911.0,599.5,9.359725950942224,604.4286876120163,95.42155199933833,36.0,0.10462047129626359,0.8613010843594869,0.5714285714285714,1.0,1.0,0.8809523809523809,708.0,749.0,42.0,42.0,11.0,982.5,526.8457673323907,945.6569741276509,196.61356015615613,246.0,378.07487056101513,1.6402740490577763,378.07131238798365,0.48532538612063075,0.7035697102546692,0.9079648852348328,0.0,1.0,1.0,0.0,1.0,1.0
SNPT-098,0,20.0,0.4170553703249122,0.8694858103990555,0.014134275618374558,0.0,1.0,0.9469964664310954,195.0,477.0,283.0,283.0,1911.5,510.5,13.59923414595849,545.3953293096488,75.74957284741562,14.0,0.01841771945024655,0.9697111122790845,0.96875,1.0,1.0,0.96875,622.0,749.0,128.0,128.0,12.0,634.0,865.8505690038504,524.2610919484443,123.81482466661525,145.0,88.61910187989486,-1.5992341459584907,88.60467069035121,0.6117972791334115,0.6376687288284302,0.9175151586532593,0.0,1.0,0.0,0.0,1.0,1.0
SNPT-099,1,4.0,0.07328471233267919,0.8674737598214831,0.6363636363636364,0.0,1.0,0.8787878787878788,0.0,32.0,33.0,33.0,172.0,572.5,9.993441946487133,564.7845805623086,99.97481650502118,,1.0,0.0,0.0,0.0,1.0,0.8648648648648649,113.0,408.0,296.0,296.0,7.0,521.0,1909.9952596964945,436.2481981193022,80.80184549150364,81.0,43.88678832751702,-2.993441946487133,-43.78458056230863,1.2372838255969487,0.815876841545105,0.9799590110778809,0.0,0.0,0.0,1.0,0.0,1.0
SNPT-099,1,24.0,0.09687722788740069,0.9508661732954138,0.32304038004750596,1.0,1.0,0.8598574821852731,0.0,420.0,421.0,421.0,1186.0,737.5,1895.1334143138565,604.8382597939828,112.55354809011438,24.0,0.006362487830483587,0.9989575513771602,0.8641975308641975,1.0,1.0,0.9259259259259259,669.0,749.0,81.0,81.0,1906.5,789.5,1734.2771469769693,761.5954757750917,143.24619300608862,249.0,185.01123632383795,11.36658568614348,184.66174020601716,0.785735004387379,0.8737189173698425,0.9845665693283081,1.0,0.0,1.0,1.0,0.0,1.0
SNPT-099,0,14.0,0.10439642667430842,0.9060424073882725,0.09163346613545817,0.0,1.0,0.900398406374502,165.0,415.0,251.0,251.0,12.0,579.5,1894.1183781016985,503.1596027083944,98.29957851780257,33.0,0.03555639754811574,0.9831986867341419,0.9030303030303031,0.0,1.0,0.9090909090909091,585.0,749.0,165.0,165.0,1912.0,855.5,1554.094569994794,752.9935414371016,142.08878100187275,170.0,352.793860441647,17.881621898301546,352.3403972916056,0.6918180156426774,0.8051649332046509,0.9307301640510559,0.0,1.0,1.0,1.0,0.0,1.0
SNPT-099,1,,1.0,0.0,0.0,1.0,1.0,0.7761194029850746,157.0,424.0,268.0,268.0,16.0,523.0,1891.583065692911,450.3076705774273,84.2342133644497,33.0,0.5810169734759256,0.7677418523364596,0.0743801652892562,1.0,1.0,0.9586776859504132,629.0,749.0,121.0,121.0,1912.5,603.0,1823.05814371942,577.7984769224615,98.44873950922434,205.0,154.11834934652828,20.916934307088923,152.6923294225727,0.8556149503220122,0.8988882303237915,0.9819292426109314,0.0,0.0,0.0,1.0,0.0,1.0
SNPT-099,1,62.0,0.019838512798202146,0.9574211528874877,0.3778409090909091,1.0,0.9808917197452229,0.8920454545454546,43.0,394.0,352.0,352.0,19.5,1031.5,1898.3941872153932,538.8033474162587,115.86418350358332,62.0,0.0005782121438521478,0.9999175177211255,0.9112903225806451,1.0,1.0,0.9112903225806451,626.0,749.0,124.0,124.0,1896.0,1002.0,1128.905468341669,752.5002198886639,157.10207795605353,232.0,463.20284012212784,-2.394187215393231,463.1966525837413,0.7375089178387203,0.8860400915145874,0.9742660522460938,1.0,0.0,1.0,1.0,0.0,1.0
SNPT-099,0,24.0,0.09687722788740069,0.9508661732954138,0.32304038004750596,1.0,1.0,0.8598574821852731,0.0,420.0,421.0,421.0,1186.0,737.5,1895.1334143138565,604.8382597939828,112.55354809011438,10.0,0.0002874619990728667,0.9999730579264752,0.6844444444444444,0.0,1.0,0.6977777777777778,525.0,749.0,225.0,225.0,1578.0,1070.5,923.7157233180003,886.1965314014424,144.8413782257314,105.0,563.3954727951409,-317.1334143138565,465.66174020601716,0.7770814491609068,0.7335613369941711,0.7435223460197449,0.0,1.0,1.0,0.0,1.0,1.0
SNPT-099,0,14.0,0.07149408306118542,0.8220474629529885,0.1396508728179551,0.0,1.0,0.885286783042394,0.0,400.0,401.0,401.0,447.5,611.5,1899.064388367784,495.50170255156314,104.76010632620795,33.0,0.03555639754811574,0.9831986867341419,0.9030303030303031,0.0,1.0,0.9090909090909091,585.0,749.0,165.0,165.0,1912.0,855.5,1554.094569994794,752.9935414371016,142.08878100187275,185.0,360.23062642434047,12.935611632216023,359.99829744843686,0.7372862627685376,0.7709258794784546,0.946732759475708,0.0,1.0,1.0,1.0,0.0,1.0
SNPT-099,0,4.0,0.07328471233267919,0.8674737598214831,0.6363636363636364,0.0,1.0,0.8787878787878788,0.0,32.0,33.0,33.0,172.0,572.5,9.993441946487133,564.7845805623086,99.97481650502118,33.0,0.0679336410429472,0.9519415956606968,0.36675461741424803,0.0,0.9716088328075709,0.8364116094986808,38.0,416.0,379.0,379.0,25.5,996.5,1892.6326556279864,608.2102917018357,119.36922064681974,6.0,431.99381560727085,15.506558053512867,431.71541943769137,0.8375259213664367,0.9047166109085083,0.970363974571228,0.0,1.0,1.0,1.0,0.0,1.0
SNPT-099,0,,1.0,0.0,0.0,1.0,1.0,0.7761194029850746,157.0,424.0,268.0,268.0,16.0,523.0,1891.583065692911,450.3076705774273,84.2342133644497,33.0,0.03555639754811574,0.9831986867341419,0.9030303030303031,0.0,1.0,0.9090909090909091,585.0,749.0,165.0,165.0,1912.0,855.5,1554.094569994794,752.9935414371016,142.08878100187275,161.0,405.7063901756918,20.416934307088923,405.1923294225727,0.5928280387129191,0.6455141305923462,0.8508808612823486,0.0,0.0,0.0,0.0,1.0,1.0
SNPT-099,1,33.0,0.0679336410429472,0.9519415956606968,0.36675461741424803,0.0,0.9716088328075709,0.8364116094986808,38.0,416.0,379.0,379.0,25.5,996.5,1892.6326556279864,608.2102917018357,119.36922064681974,33.0,0.03555639754811574,0.9831986867341419,0.9030303030303031,0.0,1.0,0.9090909090909091,585.0,749.0,165.0,165.0,1912.0,855.5,1554.094569994794,752.9935414371016,142.08878100187275,169.0,248.04695897796321,19.367344372013577,247.28970829816433,0.840103066583747,0.9226647019386292,0.9696792364120483,1.0,0.0,1.0,1.0,0.0,1.0
SNPT-099,0,4.0,0.07328471233267919,0.8674737598214831,0.6363636363636364,0.0,1.0,0.8787878787878788,0.0,32.0,33.0,33.0,172.0,572.5,9.993441946487133,564.7845805623086,99.97481650502118,33.0,0.03555639754811574,0.9831986867341419,0.9030303030303031,0.0,1.0,0.9090909090909091,585.0,749.0,165.0,165.0,1912.0,855.5,1554.094569994794,752.9935414371016,142.08878100187275,553.0,1924.0957361777516,1902.006558053513,290.71541943769137,0.7036080948833215,0.8824999332427979,0.9297634959220886,0.0,1.0,1.0,1.0,0.0,1.0
SNPT-099,0,10.0,0.060698846006482024,0.9815967016749911,0.2801556420233463,0.0,1.0,0.9027237354085603,128.0,384.0,257.0,257.0,18.0,793.5,1904.8124444760274,810.2444782230689,114.82279374371514,3.0,0.027329654212357953,0.9560243184449243,0.17888563049853373,1.0,0.9565217391304348,0.8093841642228738,409.0,749.0,341.0,341.0,12.5,553.5,1355.627627610816,643.6608645730438,114.45678452996383,25.0,1909.6502597640422,-1892.3124444760274,-256.7444782230689,1.0031977939556347,0.6643481254577637,0.9174653887748718,0.0,1.0,1.0,0.0,1.0,1.0
SNPT-099,1,10.0,0.060698846006482024,0.9815967016749911,0.2801556420233463,0.0,1.0,0.9027237354085603,128.0,384.0,257.0,257.0,18.0,793.5,1904.8124444760274,810.2444782230689,114.82279374371514,10.0,0.0002874619990728667,0.9999730579264752,0.6844444444444444,0.0,1.0,0.6977777777777778,525.0,749.0,225.0,225.0,1578.0,1070.5,923.7157233180003,886.1965314014424,144.8413782257314,141.0,417.7790211101787,-326.8124444760274,260.2555217769311,0.7927485581141522,0.9061800241470337,0.8339319825172424,1.0,0.0,1.0,1.0,0.0,1.0
SNPT-099,0,,1.0,0.0,0.0,1.0,1.0,0.889967637540453,110.0,418.0,309.0,309.0,11.0,532.5,1882.4528927348003,564.8616820351557,97.58883304418066,10.0,0.0002874619990728667,0.9999730579264752,0.6844444444444444,0.0,1.0,0.6977777777777778,525.0,749.0,225.0,225.0,1578.0,1070.5,923.7157233180003,886.1965314014424,144.8413782257314,107.0,590.2217146877136,-304.45289273480034,505.6383179648443,0.6737634938276483,0.6909425258636475,0.7195789217948914,0.0,0.0,0.0,0.0,1.0,1.0
SNPT-099,0,20.0,0.07311909538979357,0.9462921141453509,0.13766233766233765,0.0,0.9642857142857143,0.8,0.0,421.0,422.0,385.0,1171.0,669.0,1906.9217365600184,606.8812003658777,97.34872780748903,24.0,0.006362487830483587,0.9989575513771602,0.8641975308641975,1.0,1.0,0.9259259259259259,669.0,749.0,81.0,81.0,1906.5,789.5,1734.2771469769693,761.5954757750917,143.24619300608862,248.0,182.61928660887318,-0.42173656001841664,182.6187996341223,0.6795903316142667,0.5965573787689209,0.8960352540016174,0.0,1.0,1.0,0.0,1.0,1.0
SNPT-099,0,14.0,0.10439642667430842,0.9060424073882725,0.09163346613545817,0.0,1.0,0.900398406374502,165.0,415.0,251.0,251.0,12.0,579.5,1894.1183781016985,503.1596027083944,98.29957851780257,33.0,0.5810169734759256,0.7677418523364596,0.0743801652892562,1.0,1.0,0.9586776859504132,629.0,749.0,121.0,121.0,1912.5,603.0,1823.05814371942,577.7984769224615,98.44873950922434,214.0,101.51841682649393,18.381621898301546,99.8403972916056,0.9984848867322695,0.681767463684082,0.9177058935165405,0.0,1.0,0.0,0.0,1.0,1.0
SNPT-099,0,4.0,0.07328471233267919,0.8674737598214831,0.6363636363636364,0.0,1.0,0.8787878787878788,0.0,32.0,33.0,33.0,172.0,572.5,9.993441946487133,564.7845805623086,99.97481650502118,,1.0,0.0,0.0,0.0,1.0,0.8586278586278586,269.0,749.0,481.0,481.0,23.5,626.0,1434.8554174002697,660.7586594566967,99.16376909528267,237.0,62.687755482114646,13.506558053512867,61.21541943769137,1.0081788683219493,0.8262925148010254,0.9800240397453308,0.0,0.0,0.0,1.0,0.0,1.0
SNPT-099,0,7.0,0.010272719665798442,0.9931243940403587,0.18387096774193548,1.0,1.0,0.896774193548387,85.0,419.0,335.0,310.0,11.5,701.0,1902.390899277395,548.3176139568316,109.34498731549623,24.0,0.006362487830483587,0.9989575513771602,0.8641975308641975,1.0,1.0,0.9259259259259259,669.0,749.0,81.0,81.0,1906.5,789.5,1734.2771469769693,761.5954757750917,143.24619300608862,250.0,241.21738752881072,4.109100722605035,241.18238604316844,0.7633360791015826,0.7261025309562683,0.9694384336471558,0.0,1.0,1.0,1.0,0.0,1.0
SNPT-100,0,36.0,0.14416985010521946,0.8713744634555446,0.12080536912751678,0.0,0.5148148148148148,0.9060402684563759,0.0,297.0,298.0,298.0,1392.0,523.0,13.210553422629562,642.0323717060194,95.87016219384178,31.0,0.011613956697230168,0.9931695003176361,0.5558252427184466,0.0,0.9944598337950139,0.8762135922330098,338.0,749.0,412.0,412.0,1906.5,711.0,571.8018911583115,461.8211070713586,97.80644970535926,41.0,1894.545186126143,1893.2894465773704,68.96762829398062,0.9802028647665821,0.7973905205726624,0.9424601793289185,0.0,1.0,1.0,1.0,0.0,0.0
SNPT-100,0,9.0,0.06306306293550439,0.9352031421402226,0.1796875,0.0,1.0,0.828125,0.0,255.0,256.0,256.0,920.5,583.5,16.792409599778487,675.6678979347014,105.33418083265377,8.0,0.3183002166656984,0.7973106253147125,0.3968253968253968,0.0,1.0,0.8571428571428571,549.0,611.0,63.0,63.0,16.0,649.0,9.53640017846243,634.6295655696949,103.67164647524083,294.0,26.679668161906953,-0.7924095997784875,-26.667897934701386,1.016036538570939,0.8628710508346558,0.9712510108947754,0.0,1.0,0.0,1.0,0.0,1.0
SNPT-100,1,,1.0,0.0,0.0,0.0,1.0,0.6835443037974683,0.0,78.0,79.0,79.0,1870.5,631.0,1912.1047095688846,681.9715081798963,93.80970816234188,,1.0,0.0,0.0,0.0,1.0,0.7575757575757576,145.0,177.0,33.0,33.0,1913.0,635.0,1907.0953357268713,644.8582367910326,103.05903325498116,67.0,46.9800396514319,0.895290431115427,-46.97150817989632,0.9102521651861872,0.9749797582626343,0.9774301052093506,0.0,0.0,0.0,1.0,0.0,1.0
SNPT-100,0,,1.0,0.0,0.0,0.0,1.0,0.6835443037974683,0.0,78.0,79.0,79.0,1870.5,631.0,1912.1047095688846,681.9715081798963,93.80970816234188,34.0,0.07175071414094418,0.8365332949161529,0.43103448275862066,0.0,1.0,0.9310344827586207,551.0,608.0,58.0,58.0,19.5,691.0,30.77140437242986,698.7799253196882,122.13887555094216,473.0,1892.6262442296597,-1892.6047095688846,9.028491820103682,0.7680577354195091,0.861311137676239,0.9730592966079712,0.0,0.0,0.0,1.0,0.0,1.0
SNPT-100,0,9.0,0.06306306293550439,0.9352031421402226,0.1796875,0.0,1.0,0.828125,0.0,255.0,256.0,256.0,920.5,583.5,16.792409599778487,675.6678979347014,105.33418083265377,,1.0,0.0,0.0,1.0,1.0,0.9371069182389937,591.0,749.0,159.0,159.0,1898.0,614.0,852.5840567979936,425.5613602010908,108.89529774752297,336.0,1882.2180872085712,1881.2075904002215,-61.66789793470139,0.9672977898170979,0.666622519493103,0.9037095308303833,0.0,0.0,0.0,0.0,1.0,1.0
SNPT-100,0,20.0,1.4064154922962189,0.57773357629776,0.003257328990228013,0.0,1.0,0.8566775244299675,0.0,306.0,307.0,307.0,1399.5,538.5,17.11182737534377,594.716610625168,99.09948710057003,8.0,0.3183002166656984,0.7973106253147125,0.3968253968253968,0.0,1.0,0.8571428571428571,549.0,611.0,63.0,63.0,16.0,649.0,9.53640017846243,634.6295655696949,103.67164647524083,243.0,54.294774353819655,-1.1118273753437684,54.28338937483204,0.9558976872643501,0.8821926712989807,0.9884114265441895,0.0,1.0,0.0,1.0,0.0,1.0
SNPT-100,1,20.0,1.4064154922962189,0.57773357629776,0.003257328990228013,0.0,1.0,0.8566775244299675,0.0,306.0,307.0,307.0,1399.5,538.5,17.11182737534377,594.716610625168,99.09948710057003,34.0,0.07175071414094418,0.8365332949161529,0.43103448275862066,0.0,1.0,0.9310344827586207,551.0,608.0,58.0,58.0,19.5,691.0,30.77140437242986,698.7799253196882,122.13887555094216,245.0,96.31300243472154,2.3881726246562316,96.28338937483204,0.8113672788745891,0.8791319131851196,0.9812710285186768,0.0,1.0,0.0,1.0,0.0,1.0
SNPT-100,1,,1.0,0.0,0.0,0.0,1.0,0.6835443037974683,0.0,78.0,79.0,79.0,1870.5,631.0,1912.1047095688846,681.9715081798963,93.80970816234188,24.0,0.06737685048594885,0.9691313879333273,0.40175953079178883,0.0,1.0,0.8504398826979472,290.0,632.0,343.0,341.0,1905.5,677.5,6.734294151768989,449.6333299747233,77.12695234876837,212.0,7.9759998678657915,-6.604709568884573,-4.471508179896318,1.2163025415309296,0.8040854930877686,0.9698021411895752,0.0,0.0,0.0,1.0,0.0,1.0
SNPT-100,0,62.0,0.007882846053689718,0.9991497993469238,0.00392156862745098,1.0,0.9939759036144579,0.6509803921568628,0.0,254.0,255.0,255.0,1249.0,560.0,29.197894295187947,751.3882642535965,100.80274339700135,34.0,0.07175071414094418,0.8365332949161529,0.43103448275862066,0.0,1.0,0.9310344827586207,551.0,608.0,58.0,58.0,19.5,691.0,30.77140437242986,698.7799253196882,122.13887555094216,297.0,61.162011194227745,-9.697894295187947,-60.3882642535965,0.8253125218510641,0.6898763179779053,0.8931390643119812,0.0,1.0,1.0,0.0,1.0,1.0
SNPT-100,1,,1.0,0.0,0.0,0.0,1.0,0.7575757575757576,145.0,177.0,33.0,33.0,1913.0,635.0,1907.0953357268713,644.8582367910326,103.05903325498116,24.0,0.06737685048594885,0.9691313879333273,0.40175953079178883,0.0,1.0,0.8504398826979472,290.0,632.0,343.0,341.0,1905.5,677.5,6.734294151768989,449.6333299747233,77.12695234876837,113.0,32.68072522866851,-1.5953357268713262,32.641763208967404,1.3362259251337694,0.8080735206604004,0.9455935955047607,0.0,0.0,0.0,1.0,0.0,1.0
SNPT-100,0,36.0,0.14416985010521946,0.8713744634555446,0.12080536912751678,0.0,0.5148148148148148,0.9060402684563759,0.0,297.0,298.0,298.0,1392.0,523.0,13.210553422629562,642.0323717060194,95.87016219384178,,1.0,0.0,0.0,1.0,1.0,0.9371069182389937,591.0,749.0,159.0,159.0,1898.0,614.0,852.5840567979936,425.5613602010908,108.89529774752297,294.0,1884.99789702612,1884.7894465773704,-28.032371706019376,0.8803884481414398,0.7291417121887207,0.9447283148765564,0.0,0.0,0.0,0.0,1.0,0.0
SNPT-100,0,,1.0,0.0,0.0,1.0,1.0,0.7994011976047904,0.0,333.0,334.0,334.0,497.5,515.5,30.82888059476166,583.3385050176748,90.81118968532176,31.0,0.011613956697230168,0.9931695003176361,0.5558252427184466,0.0,0.9944598337950139,0.8762135922330098,338.0,749.0,412.0,412.0,1906.5,711.0,571.8018911583115,461.8211070713586,97.80644970535926,5.0,1880.0105333407103,1875.6711194052384,127.66149498232517,0.9284785406165889,0.707360565662384,0.9108142852783203,0.0,0.0,0.0,0.0,1.0,1.0
SNPT-100,0,,1.0,0.0,0.0,0.0,1.0,0.7575757575757576,145.0,177.0,33.0,33.0,1913.0,635.0,1907.0953357268713,644.8582367910326,103.05903325498116,8.0,0.3183002166656984,0.7973106253147125,0.3968253968253968,0.0,1.0,0.8571428571428571,549.0,611.0,63.0,63.0,16.0,649.0,9.53640017846243,634.6295655696949,103.67164647524083,372.0,1891.0998712417088,-1891.0953357268713,4.141763208967404,0.9940908315717164,0.8225198984146118,0.9754983186721802,0.0,0.0,0.0,1.0,0.0,1.0
SNPT-100,1,14.0,0.004206510203706178,0.9995712041854858,0.010067114093959731,0.0,1.0,0.738255033557047,0.0,335.0,336.0,298.0,1643.5,492.5,7.995123699066349,595.091264824702,82.86179087538889,8.0,0.3183002166656984,0.7973106253147125,0.3968253968253968,0.0,1.0,0.8571428571428571,549.0,611.0,63.0,63.0,16.0,649.0,9.53640017846243,634.6295655696949,103.67164647524083,214.0,54.49981442898375,8.00487630093365,53.908735175298034,0.7992714854314403,0.7771642804145813,0.9794347286224365,0.0,1.0,0.0,1.0,0.0,1.0
SNPT-100,0,14.0,0.05402381324674934,0.9591738469898701,0.037825059101654845,1.0,1.0,0.8794326241134752,0.0,422.0,423.0,423.0,1484.5,499.0,10.87643589598815,546.953457757601,86.30852854939957,34.0,0.07175071414094418,0.8365332949161529,0.43103448275862066,0.0,1.0,0.9310344827586207,551.0,608.0,58.0,58.0,19.5,691.0,30.77140437242986,698.7799253196882,122.13887555094216,129.0,144.30444272387197,8.62356410401185,144.04654224239903,0.706642566996629,0.5869371891021729,0.9129143953323364,0.0,1.0,1.0,0.0,1.0,1.0
SNPT-101,1,6.0,0.006903604754744961,0.9895495880733837,0.31316725978647686,1.0,1.0,0.8754448398576512,0.0,280.0,281.0,281.0,699.5,558.0,1901.0010867231708,523.9323464477901,100.94696327459161,,1.0,0.0,0.0,1.0,1.0,0.8681318681318682,355.0,460.0,106.0,91.0,1895.5,538.5,7.313463067752366,502.44411604410146,98.56370108342476,75.0,15.571720686971616,-5.501086723170829,14.56765355220989,1.0241799178091906,0.9281883239746094,0.9432573914527893,0.0,0.0,0.0,1.0,0.0,1.0
SNPT-101,1,,1.0,0.0,0.0,1.0,1.0,0.84,0.0,74.0,75.0,75.0,1882.0,461.5,1910.6202807193058,492.40442847733834,103.33645249129036,,1.0,0.0,0.0,1.0,1.0,0.7857142857142857,722.0,749.0,28.0,28.0,10.0,529.5,213.68383087631656,535.5480794823177,107.321756613247,648.0,1900.9822547588722,-1900.6202807193058,37.09557152266166,0.9628658321693485,0.9238433837890625,0.9840651750564575,0.0,0.0,0.0,1.0,0.0,1.0
SNPT-101,0,,1.0,0.0,0.0,0.0,1.0,0.963855421686747,0.0,82.0,83.0,83.0,1701.0,442.0,1912.8187341986447,471.95580296403216,86.31141663298618,16.0,0.0009966842182399665,0.9907209735650283,0.9069767441860465,0.0,1.0,0.9069767441860465,707.0,749.0,43.0,43.0,6.0,728.5,269.3073718715911,627.9918845283041,124.90269964387322,625.0,1923.9991190548271,-1906.8187341986447,256.54419703596784,0.6910292321869759,0.7559390068054199,0.87276291847229,0.0,0.0,0.0,1.0,0.0,1.0
SNPT-101,0,,1.0,0.0,0.0,0.0,0.9793388429752066,0.9166666666666666,0.0,283.0,284.0,264.0,227.5,445.5,1906.007764514643,454.90825165996296,76.024509375982,,1.0,0.0,0.0,1.0,1.0,0.7857142857142857,722.0,749.0,28.0,28.0,10.0,529.5,213.68383087631656,535.5480794823177,107.321756613247,439.0,1897.4744720338763,-1896.007764514643,74.59174834003704,0.7083792865033864,0.6564562320709229,0.9483883380889893,0.0,0.0,0.0,0.0,1.0,1.0
SNPT-101,1,,1.0,0.0,0.0,1.0,1.0,0.8181818181818182,17.0,65.0,49.0,22.0,1913.5,530.5,1913.0401847681708,520.0210462191014,107.64770328544559,7.0,0.04121108435734416,0.9530139221453372,0.47368421052631576,1.0,0.9897610921501706,0.8567251461988304,408.0,749.0,342.0,342.0,1905.5,748.0,897.925146523171,494.24732793834806,121.1318581431004,343.0,228.10361188146766,-7.540184768170775,227.97895378089856,0.8886820109559851,0.7956299781799316,0.9693175554275513,0.0,0.0,0.0,1.0,0.0,1.0
SNPT-101,0,6.0,0.006903604754744961,0.9895495880733837,0.31316725978647686,1.0,1.0,0.8754448398576512,0.0,280.0,281.0,281.0,699.5,558.0,1901.0010867231708,523.9323464477901,100.94696327459161,20.0,0.04986177635770287,0.9489400873313079,0.5138888888888888,0.0,1.0,0.9611111111111111,390.0,749.0,360.0,360.0,1904.0,886.5,1039.7461014443352,561.5126811342489,127.89282637454136,110.0,362.5800558265681,2.998913276829171,362.5676535522099,0.7893090342609423,0.6795970797538757,0.8844612836837769,0.0,1.0,1.0,0.0,1.0,1.0
SNPT-101,0,,1.0,0.0,0.0,1.0,1.0,0.84,0.0,74.0,75.0,75.0,1882.0,461.5,1910.6202807193058,492.40442847733834,103.33645249129036,,1.0,0.0,0.0,1.0,1.0,0.8125,722.0,749.0,28.0,16.0,7.5,566.5,108.4237175410604,565.1407023306389,99.56889201411133,648.0,1904.5621430146089,-1903.1202807193058,74.09557152266166,1.0378387305609977,0.7944627404212952,0.9940273761749268,0.0,0.0,0.0,1.0,0.0,1.0
SNPT-101,0,34.0,0.0970865408378291,0.9211453248707342,0.5461538461538461,0.0,1.0,0.9076923076923077,0.0,259.0,260.0,260.0,1542.5,557.5,1905.0212220946833,652.175338850448,117.48905317089607,11.0,0.8650807366551211,0.692142903804779,0.06060606060606061,1.0,1.0,0.8787878787878788,651.0,749.0,99.0,99.0,8.0,1031.5,458.028528075149,881.2268283190522,157.81095702550684,392.0,1934.5740398428354,-1897.0212220946833,379.32466114955196,0.744492368498256,0.6939371824264526,0.9040968418121338,0.0,1.0,0.0,0.0,1.0,1.0
SNPT-101,1,33.0,0.05627736333141752,0.9666767750961193,0.3333333333333333,0.0,1.0,0.8164251207729468,2.0,208.0,207.0,207.0,1907.0,773.0,16.04669845180561,932.3827343599193,159.98859201000374,33.0,0.005382690621843267,0.999028624035418,0.735632183908046,0.0,1.0,0.8505747126436781,272.0,394.0,123.0,87.0,18.0,727.0,15.35053213125126,574.8793111221569,126.56488533890611,64.0,205.3920226301288,1.9533015481943892,-205.38273435991925,1.26408356932176,0.842843234539032,0.9504244327545166,1.0,0.0,1.0,1.0,0.0,1.0
SNPT-101,0,,1.0,0.0,0.0,0.0,1.0,0.9504950495049505,0.0,100.0,101.0,101.0,1321.5,500.5,1910.8321544194814,622.7294238866681,99.46398099033503,7.0,0.04121108435734416,0.9530139221453372,0.47368421052631576,1.0,0.9897610921501706,0.8567251461988304,408.0,749.0,342.0,342.0,1905.5,748.0,897.925146523171,494.24732793834806,121.1318581431004,308.0,125.38400659780847,-5.332154419481412,125.27057611333191,0.8211215654995749,0.6371781826019287,0.9068350791931152,0.0,0.0,0.0,0.0,1.0,1.0
SNPT-101,0,,1.0,0.0,0.0,0.0,1.0,0.963855421686747,0.0,82.0,83.0,83.0,1701.0,442.0,1912.8187341986447,471.95580296403216,86.31141663298618,,1.0,0.0,0.0,0.0,1.0,0.9459459459459459,676.0,749.0,74.0,74.0,7.0,609.5,545.2449797868471,489.90310257191175,108.87733519172414,594.0,1910.7756157541874,-1905.8187341986447,137.54419703596784,0.7927399810162399,0.8476760387420654,0.9263947010040283,0.0,0.0,0.0,1.0,0.0,1.0
SNPT-101,0,,1.0,0.0,0.0,1.0,1.0,0.8282828282828283,0.0,98.0,99.0,99.0,1825.0,430.5,1907.6816251840187,524.8736680429704,81.25649530265015,34.0,0.061771132700683934,0.8638004403508884,0.3697916666666667,0.0,1.0,0.9453125,366.0,749.0,384.0,384.0,1904.0,641.0,710.7771903963857,546.608926679271,113.56891644878401,268.0,116.18467772382827,-3.681625184018685,116.1263319570296,0.7154818223461193,0.7236908078193665,0.9093365669250488,0.0,0.0,0.0,0.0,1.0,1.0
SNPT-101,0,,1.0,0.0,0.0,0.0,1.0,0.963855421686747,0.0,82.0,83.0,83.0,1701.0,442.0,1912.8187341986447,471.95580296403216,86.31141663298618,7.0,0.04121108435734416,0.9530139221453372,0.47368421052631576,1.0,0.9897610921501706,0.8567251461988304,408.0,749.0,342.0,342.0,1905.5,748.0,897.925146523171,494.24732793834806,121.1318581431004,326.0,276.1412004527804,-7.318734198644734,276.04419703596784,0.7125410107308127,0.6932486295700073,0.9055587649345398,0.0,0.0,0.0,0.0,1.0,1.0
SNPT-101,1,,1.0,0.0,0.0,1.0,1.0,0.8282828282828283,0.0,98.0,99.0,99.0,1825.0,430.5,1907.6816251840187,524.8736680429704,81.25649530265015,,1.0,0.0,0.0,1.0,1.0,0.8518518518518519,723.0,749.0,27.0,27.0,14.0,561.0,326.0576120167844,570.630222349863,98.89479540604803,625.0,1894.0261902677735,-1893.6816251840187,36.126331957029606,0.8216458203793484,0.8876851797103882,0.9909998178482056,0.0,0.0,0.0,1.0,0.0,1.0
SNPT-101,0,33.0,0.05627736333141752,0.9666767750961193,0.3333333333333333,0.0,1.0,0.8164251207729468,2.0,208.0,207.0,207.0,1907.0,773.0,16.04669845180561,932.3827343599193,159.98859201000374,9.0,0.07003866909273292,0.9357644667228063,0.4126984126984127,1.0,1.0,0.9206349206349206,414.0,614.0,201.0,189.0,1904.0,607.0,7.438811492004703,596.5141511125425,103.64534943076112,206.0,1915.7874601965284,1887.9533015481943,-325.38273435991925,1.543615732772284,0.6035377979278564,0.881305456161499,0.0,1.0,1.0,0.0,1.0,1.0
SNPT-101,1,16.0,0.12942033208465936,0.8897790795770185,0.26605504587155965,0.0,1.0,0.9174311926605505,373.0,481.0,109.0,109.0,1896.5,717.5,9.237002261155869,713.1273197034203,130.86684486468317,16.0,0.0009966842182399665,0.9907209735650283,0.9069767441860465,0.0,1.0,0.9069767441860465,707.0,749.0,43.0,43.0,6.0,728.5,269.3073718715911,627.9918845283041,124.90269964387322,226.0,15.709789404685779,-3.237002261155869,15.372680296579688,1.0477503307599845,0.9649847745895386,0.8977155089378357,1.0,0.0,1.0,1.0,0.0,1.0
SNPT-101,1,,1.0,0.0,0.0,0.0,1.0,0.9538461538461539,0.0,64.0,65.0,65.0,1894.5,487.5,1904.3613093598497,512.1741221348667,102.77763642202264,,1.0,0.0,0.0,0.0,1.0,0.9459459459459459,676.0,749.0,74.0,74.0,7.0,609.5,545.2449797868471,489.90310257191175,108.87733519172414,612.0,1899.8558536788894,-1897.3613093598497,97.3258778651333,0.9439764138334169,0.8321369290351868,0.9376770853996277,0.0,0.0,0.0,1.0,0.0,1.0
SNPT-101,1,,1.0,0.0,0.0,0.0,1.0,0.963855421686747,0.0,82.0,83.0,83.0,1701.0,442.0,1912.8187341986447,471.95580296403216,86.31141663298618,4.0,0.25509262061386834,0.8716783974621747,0.22560975609756098,0.0,1.0,0.8902439024390244,422.0,749.0,328.0,328.0,1910.5,575.0,672.0322332026371,485.918904951775,103.20048876707094,340.0,103.07028219167408,-2.3187341986447336,103.04419703596784,0.8363469753306663,0.9502630829811096,0.9590796232223511,0.0,0.0,0.0,1.0,0.0,1.0
SNPT-101,0,34.0,0.0970865408378291,0.9211453248707342,0.5461538461538461,0.0,1.0,0.9076923076923077,0.0,259.0,260.0,260.0,1542.5,557.5,1905.0212220946833,652.175338850448,117.48905317089607,50.0,0.2352724697973047,0.9463327328364054,0.2,1.0,1.0,0.9333333333333333,352.0,411.0,60.0,60.0,1906.5,1010.5,8.019709118993806,969.3088203309619,170.02763334331127,93.0,358.32771253704965,1.478777905316747,358.32466114955196,0.6909997561023982,0.6617580652236938,0.9043493270874023,0.0,1.0,0.0,0.0,1.0,1.0
SNPT-101,1,,1.0,0.0,0.0,1.0,1.0,0.84,0.0,74.0,75.0,75.0,1882.0,461.5,1910.6202807193058,492.40442847733834,103.33645249129036,9.0,0.07003866909273292,0.9357644667228063,0.4126984126984127,1.0,1.0,0.9206349206349206,414.0,614.0,201.0,189.0,1904.0,607.0,7.438811492004703,596.5141511125425,103.64534943076112,340.0,114.7866417724984,-6.620280719305811,114.59557152266166,0.9970196739056092,0.904821515083313,0.9901448488235474,0.0,0.0,0.0,1.0,0.0,1.0
SNPT-101,0,24.0,0.020309280049214524,0.9775213263305932,0.835195530726257,1.0,1.0,0.9106145251396648,0.0,357.0,358.0,358.0,538.0,732.0,22.636379828839544,607.1703942395094,131.80987159885498,,1.0,0.0,0.0,1.0,1.0,0.7441860465116279,578.0,749.0,172.0,172.0,1911.5,567.5,1570.0431100227602,508.47281090312424,93.41084799734607,221.0,1889.2801580986395,1888.8636201711604,-39.67039423950939,1.411076704951869,0.741762638092041,0.9269686341285706,0.0,0.0,0.0,1.0,0.0,1.0
SNPT-101,1,14.0,0.03688825801247861,0.9796073981752135,0.7487179487179487,0.0,1.0,0.8717948717948718,419.0,613.0,195.0,195.0,1906.0,708.5,17.077717707707066,578.3332524848336,115.15505254719531,,1.0,0.0,0.0,0.0,1.0,0.9459459459459459,676.0,749.0,74.0,74.0,7.0,609.5,545.2449797868471,489.90310257191175,108.87733519172414,63.0,32.75555746541899,-10.077717707707066,31.166747515166435,1.0576586242161108,0.7497121095657349,0.9701042175292969,0.0,0.0,0.0,1.0,0.0,1.0
SNPT-101,0,33.0,0.005382690621843267,0.999028624035418,0.735632183908046,0.0,1.0,0.8505747126436781,272.0,394.0,123.0,87.0,18.0,727.0,15.35053213125126,574.8793111221569,126.56488533890611,,1.0,0.0,0.0,1.0,1.0,0.8518518518518519,723.0,749.0,27.0,27.0,14.0,561.0,326.0576120167844,570.630222349863,98.89479540604803,329.0,13.944863364808194,-1.35053213125126,-13.879311122156878,1.2797931864791126,0.690007746219635,0.8277920484542847,0.0,0.0,0.0,0.0,1.0,1.0
SNPT-101,0,24.0,0.020309280049214524,0.9775213263305932,0.835195530726257,1.0,1.0,0.9106145251396648,0.0,357.0,358.0,358.0,538.0,732.0,22.636379828839544,607.1703942395094,131.80987159885498,7.0,0.04121108435734416,0.9530139221453372,0.47368421052631576,1.0,0.9897610921501706,0.8567251461988304,408.0,749.0,342.0,342.0,1905.5,748.0,897.925146523171,494.24732793834806,121.1318581431004,51.0,1888.1229806404833,1882.8636201711604,140.8296057604906,1.0881519826364754,0.8489602208137512,0.9831432104110718,0.0,1.0,1.0,1.0,0.0,1.0
SNPT-101,0,9.0,0.07003866909273292,0.9357644667228063,0.4126984126984127,1.0,1.0,0.9206349206349206,414.0,614.0,201.0,189.0,1904.0,607.0,7.438811492004703,596.5141511125425,103.64534943076112,11.0,0.8650807366551211,0.692142903804779,0.06060606060606061,1.0,1.0,0.8787878787878788,651.0,749.0,99.0,99.0,8.0,1031.5,458.028528075149,881.2268283190522,157.81095702550684,37.0,434.9862108905103,0.561188507995297,434.98584888745745,0.656769031658613,0.8166753649711609,0.9712747931480408,0.0,1.0,0.0,1.0,0.0,1.0
SNPT-101,0,,1.0,0.0,0.0,1.0,1.0,0.8633093525179856,269.0,428.0,160.0,139.0,13.5,544.5,6.77981261966049,446.03686925427627,90.10056061663612,,1.0,0.0,0.0,1.0,1.0,0.8518518518518519,723.0,749.0,27.0,27.0,14.0,561.0,326.0576120167844,570.630222349863,98.89479540604803,295.0,115.18963727985944,7.22018738033951,114.96313074572373,0.9110748472323136,0.7040104269981384,0.9448046088218689,0.0,0.0,0.0,1.0,0.0,1.0
SNPT-101,1,,1.0,0.0,0.0,1.0,1.0,0.8681318681318682,355.0,460.0,106.0,91.0,1895.5,538.5,7.313463067752366,502.44411604410146,98.56370108342476,,1.0,0.0,0.0,1.0,1.0,0.8125,722.0,749.0,28.0,16.0,7.5,566.5,108.4237175410604,565.1407023306389,99.56889201411133,262.0,64.05615556212089,0.186536932247634,64.05588395589854,0.9899045684816488,0.9506481885910034,0.9749819040298462,0.0,0.0,0.0,1.0,0.0,1.0
SNPT-101,0,3.0,0.014614908660951187,0.9767429111968904,0.2896551724137931,1.0,1.0,0.9172413793103448,116.0,405.0,290.0,290.0,7.5,550.0,25.690539890466734,500.7325042991114,101.18763968634431,,1.0,0.0,0.0,1.0,1.0,0.8518518518518519,723.0,749.0,27.0,27.0,14.0,561.0,326.0576120167844,570.630222349863,98.89479540604803,318.0,61.390876854686006,-11.690539890466734,60.26749570088862,1.0231846809620484,0.8536067008972168,0.9832127690315247,0.0,0.0,0.0,1.0,0.0,1.0
SNPT-101,1,34.0,0.0970865408378291,0.9211453248707342,0.5461538461538461,0.0,1.0,0.9076923076923077,0.0,259.0,260.0,260.0,1542.5,557.5,1905.0212220946833,652.175338850448,117.48905317089607,34.0,0.061771132700683934,0.8638004403508884,0.3697916666666667,0.0,1.0,0.9453125,366.0,749.0,384.0,384.0,1904.0,641.0,710.7771903963857,546.608926679271,113.56891644878401,107.0,11.221902378340431,-1.021222094683253,-11.175338850448043,1.0345176906207423,0.9537379145622253,0.9941298365592957,1.0,0.0,1.0,1.0,0.0,1.0
SNPT-101,0,,1.0,0.0,0.0,1.0,1.0,0.8681318681318682,355.0,460.0,106.0,91.0,1895.5,538.5,7.313463067752366,502.44411604410146,98.56370108342476,,1.0,0.0,0.0,1.0,1.0,0.7441860465116279,578.0,749.0,172.0,172.0,1911.5,567.5,1570.0431100227602,508.47281090312424,93.41084799734607,118.0,1905.2975188855178,1904.1865369322477,65.05588395589854,1.0551633262790323,0.7454789876937866,0.938210129737854,0.0,0.0,0.0,1.0,0.0,1.0
SNPT-101,0,33.0,0.37465995489886456,0.7751238395770391,0.13392857142857142,1.0,1.0,0.8214285714285714,365.0,602.0,238.0,224.0,1912.0,517.5,16.261202934235758,605.7310964789071,95.58295573428497,,1.0,0.0,0.0,1.0,1.0,0.8125,722.0,749.0,28.0,16.0,7.5,566.5,108.4237175410604,565.1407023306389,99.56889201411133,120.0,40.197482605160516,-8.761202934235758,-39.23109647890715,0.95996805629552,0.7608185410499573,0.9886109828948975,0.0,0.0,0.0,1.0,0.0,1.0
SNPT-101,1,33.0,0.37465995489886456,0.7751238395770391,0.13392857142857142,1.0,1.0,0.8214285714285714,365.0,602.0,238.0,224.0,1912.0,517.5,16.261202934235758,605.7310964789071,95.58295573428497,,1.0,0.0,0.0,1.0,1.0,0.8518518518518519,723.0,749.0,27.0,27.0,14.0,561.0,326.0576120167844,570.630222349863,98.89479540604803,121.0,44.788213080174295,-2.261202934235758,-44.73109647890715,0.9665114866948749,0.9039224982261658,0.9807746410369873,0.0,0.0,0.0,1.0,0.0,1.0
SNPT-101,0,33.0,0.37465995489886456,0.7751238395770391,0.13392857142857142,1.0,1.0,0.8214285714285714,365.0,602.0,238.0,224.0,1912.0,517.5,16.261202934235758,605.7310964789071,95.58295573428497,16.0,0.0009966842182399665,0.9907209735650283,0.9069767441860465,0.0,1.0,0.9069767441860465,707.0,749.0,43.0,43.0,6.0,728.5,269.3073718715911,627.9918845283041,124.90269964387322,105.0,123.19698030970147,-10.261202934235758,122.76890352109285,0.7652593259138057,0.5853901505470276,0.8244408965110779,0.0,1.0,0.0,0.0,1.0,1.0
SNPT-101,0,,1.0,0.0,0.0,0.0,1.0,0.9538461538461539,0.0,64.0,65.0,65.0,1894.5,487.5,1904.3613093598497,512.1741221348667,102.77763642202264,33.0,0.005382690621843267,0.999028624035418,0.735632183908046,0.0,1.0,0.8505747126436781,272.0,394.0,123.0,87.0,18.0,727.0,15.35053213125126,574.8793111221569,126.56488533890611,208.0,1898.554488881036,-1886.3613093598497,214.8258778651333,0.8120549088067537,0.7825589776039124,0.8989918231964111,0.0,0.0,0.0,1.0,0.0,1.0
SNPT-101,1,,1.0,0.0,0.0,0.0,1.0,0.9504950495049505,0.0,100.0,101.0,101.0,1321.5,500.5,1910.8321544194814,622.7294238866681,99.46398099033503,16.0,0.0009966842182399665,0.9907209735650283,0.9069767441860465,0.0,1.0,0.9069767441860465,707.0,749.0,43.0,43.0,6.0,728.5,269.3073718715911,627.9918845283041,124.90269964387322,607.0,1907.7664823771565,-1904.8321544194814,105.77057611333191,0.7963317147982396,0.9252733588218689,0.8964583873748779,0.0,0.0,0.0,1.0,0.0,1.0
SNPT-101,0,6.0,0.006903604754744961,0.9895495880733837,0.31316725978647686,1.0,1.0,0.8754448398576512,0.0,280.0,281.0,281.0,699.5,558.0,1901.0010867231708,523.9323464477901,100.94696327459161,14.0,0.03688825801247861,0.9796073981752135,0.7487179487179487,0.0,1.0,0.8717948717948718,419.0,613.0,195.0,195.0,1906.0,708.5,17.077717707707066,578.3332524848336,115.15505254719531,139.0,184.6353375486877,4.998913276829171,184.5676535522099,0.8766177518196118,0.6718553304672241,0.9020505547523499,0.0,1.0,1.0,0.0,1.0,1.0
SNPT-101,0,,1.0,0.0,0.0,0.0,1.0,0.9538461538461539,0.0,64.0,65.0,65.0,1894.5,487.5,1904.3613093598497,512.1741221348667,102.77763642202264,50.0,0.2352724697973047,0.9463327328364054,0.2,1.0,1.0,0.9333333333333333,352.0,411.0,60.0,60.0,1906.5,1010.5,8.019709118993806,969.3088203309619,170.02763334331127,288.0,498.3304672079663,2.138690640150344,498.3258778651333,0.6044760748654261,0.570432186126709,0.9325841665267944,0.0,0.0,0.0,0.0,1.0,1.0
SNPT-101,0,14.0,0.05176244937803613,0.9405404618105937,0.23891625615763548,1.0,1.0,0.8004926108374384,0.0,405.0,406.0,406.0,1216.0,505.5,10.506126823832757,688.6074076406007,125.4367916379715,14.0,0.03688825801247861,0.9796073981752135,0.7487179487179487,0.0,1.0,0.8717948717948718,419.0,613.0,195.0,195.0,1906.0,708.5,17.077717707707066,578.3332524848336,115.15505254719531,14.0,1895.5982534490702,1895.4938731761672,19.89259235939926,1.0892860440193217,0.7022061347961426,0.8993963003158569,1.0,0.0,1.0,0.0,1.0,1.0
SNPT-101,0,33.0,0.05627736333141752,0.9666767750961193,0.3333333333333333,0.0,1.0,0.8164251207729468,2.0,208.0,207.0,207.0,1907.0,773.0,16.04669845180561,932.3827343599193,159.98859201000374,,1.0,0.0,0.0,0.0,1.0,0.9459459459459459,676.0,749.0,74.0,74.0,7.0,609.5,545.2449797868471,489.90310257191175,108.87733519172414,468.0,323.00944707642236,-9.04669845180561,-322.88273435991925,1.4694389032233093,0.6297723054885864,0.9542648792266846,0.0,0.0,0.0,1.0,0.0,1.0
SNPT-101,0,33.0,0.05627736333141752,0.9666767750961193,0.3333333333333333,0.0,1.0,0.8164251207729468,2.0,208.0,207.0,207.0,1907.0,773.0,16.04669845180561,932.3827343599193,159.98859201000374,14.0,0.03688825801247861,0.9796073981752135,0.7487179487179487,0.0,1.0,0.8717948717948718,419.0,613.0,195.0,195.0,1906.0,708.5,17.077717707707066,578.3332524848336,115.15505254719531,211.0,1903.1676123708585,1889.9533015481943,-223.88273435991925,1.3893319352568902,0.8355796933174133,0.9821975231170654,0.0,1.0,1.0,1.0,0.0,1.0
SNPT-101,0,34.0,0.0970865408378291,0.9211453248707342,0.5461538461538461,0.0,1.0,0.9076923076923077,0.0,259.0,260.0,260.0,1542.5,557.5,1905.0212220946833,652.175338850448,117.48905317089607,,1.0,0.0,0.0,1.0,1.0,0.8518518518518519,723.0,749.0,27.0,27.0,14.0,561.0,326.0576120167844,570.630222349863,98.89479540604803,464.0,1893.2179496367985,-1891.0212220946833,-91.17533885044804,1.1880205898450231,0.7060022950172424,0.8884897232055664,0.0,0.0,0.0,0.0,1.0,1.0
SNPT-101,1,6.0,0.006903604754744961,0.9895495880733837,0.31316725978647686,1.0,1.0,0.8754448398576512,0.0,280.0,281.0,281.0,699.5,558.0,1901.0010867231708,523.9323464477901,100.94696327459161,,1.0,0.0,0.0,1.0,1.0,0.8125,722.0,749.0,28.0,16.0,7.5,566.5,108.4237175410604,565.1407023306389,99.56889201411133,442.0,1893.9795063703223,-1893.5010867231708,42.56765355220989,1.0138403795864774,0.9434625506401062,0.981094241142273,0.0,0.0,0.0,1.0,0.0,1.0
SNPT-101,0,10.0,0.005592788065617071,0.9988606194655101,0.583941605839416,0.0,1.0,0.7858880778588808,0.0,410.0,411.0,411.0,782.5,695.5,12.637083242604717,514.0843345173278,106.14045251081465,,1.0,0.0,0.0,1.0,1.0,0.7441860465116279,578.0,749.0,172.0,172.0,1911.5,567.5,1570.0431100227602,508.47281090312424,93.41084799734607,168.0,1899.614068687469,1898.8629167573954,53.41566548267224,1.1362754410904208,0.7583062648773193,0.8957697153091431,0.0,0.0,0.0,0.0,1.0,1.0
SNPT-101,1,,1.0,0.0,0.0,1.0,1.0,0.8282828282828283,0.0,98.0,99.0,99.0,1825.0,430.5,1907.6816251840187,524.8736680429704,81.25649530265015,33.0,0.37465995489886456,0.7751238395770391,0.13392857142857142,1.0,1.0,0.8214285714285714,365.0,602.0,238.0,224.0,1912.0,517.5,16.261202934235758,605.7310964789071,95.58295573428497,267.0,8.545135543642623,4.318374815981315,-7.373668042970394,0.8501149046754577,0.9674626588821411,0.9900705814361572,0.0,0.0,0.0,1.0,0.0,1.0
SNPT-101,0,,1.0,0.0,0.0,0.0,1.0,0.9504950495049505,0.0,100.0,101.0,101.0,1321.5,500.5,1910.8321544194814,622.7294238866681,99.46398099033503,36.0,0.012774542705003,0.9971431313703457,0.3983402489626556,1.0,0.9559471365638766,0.941908713692946,153.0,393.0,241.0,241.0,6.5,626.5,10.881187161655788,542.7498784869754,103.2168145074985,53.0,1904.3358872846381,-1904.3321544194814,3.770576113331913,0.9636412581121574,0.7561274766921997,0.9263261556625366,0.0,0.0,0.0,0.0,1.0,1.0
SNPT-101,0,,1.0,0.0,0.0,1.0,1.0,0.84,0.0,74.0,75.0,75.0,1882.0,461.5,1910.6202807193058,492.40442847733834,103.33645249129036,33.0,0.005382690621843267,0.999028624035418,0.735632183908046,0.0,1.0,0.8505747126436781,272.0,394.0,123.0,87.0,18.0,727.0,15.35053213125126,574.8793111221569,126.56488533890611,198.0,1907.1042470636123,-1892.6202807193058,234.59557152266166,0.8164701624355257,0.7000293135643005,0.8320385217666626,0.0,0.0,0.0,0.0,1.0,1.0
SNPT-101,0,,1.0,0.0,0.0,1.0,1.0,0.8282828282828283,0.0,98.0,99.0,99.0,1825.0,430.5,1907.6816251840187,524.8736680429704,81.25649530265015,14.0,0.03688825801247861,0.9796073981752135,0.7487179487179487,0.0,1.0,0.8717948717948718,419.0,613.0,195.0,195.0,1906.0,708.5,17.077717707707066,578.3332524848336,115.15505254719531,321.0,183.63403184391709,-1.681625184018685,183.6263319570296,0.7056268353431376,0.701381504535675,0.8806765079498291,0.0,0.0,0.0,0.0,1.0,1.0
SNPT-101,0,31.0,0.08345474867383018,0.9851109385490417,0.005449591280653951,0.0,1.0,0.784741144414169,0.0,459.0,460.0,367.0,1313.5,401.0,5.3289155745791845,501.23296918283734,82.05525896887482,,1.0,0.0,0.0,1.0,1.0,0.7857142857142857,722.0,749.0,28.0,28.0,10.0,529.5,213.68383087631656,535.5480794823177,107.321756613247,263.0,28.65037627899209,4.6710844254208155,28.267030817162663,0.7645724553743144,0.6807522177696228,0.9508587121963501,0.0,0.0,0.0,0.0,1.0,1.0
SNPT-101,0,10.0,0.005592788065617071,0.9988606194655101,0.583941605839416,0.0,1.0,0.7858880778588808,0.0,410.0,411.0,411.0,782.5,695.5,12.637083242604717,514.0843345173278,106.14045251081465,11.0,0.8650807366551211,0.692142903804779,0.06060606060606061,1.0,1.0,0.8787878787878788,651.0,749.0,99.0,99.0,8.0,1031.5,458.028528075149,881.2268283190522,157.81095702550684,241.0,517.4364438536152,-4.637083242604717,517.4156654826722,0.6725797404147247,0.6970534920692444,0.8763704299926758,0.0,1.0,0.0,0.0,1.0,1.0
SNPT-101,1,,1.0,0.0,0.0,0.0,1.0,0.9504950495049505,0.0,100.0,101.0,101.0,1321.5,500.5,1910.8321544194814,622.7294238866681,99.46398099033503,16.0,0.12942033208465936,0.8897790795770185,0.26605504587155965,0.0,1.0,0.9174311926605505,373.0,481.0,109.0,109.0,1896.5,717.5,9.237002261155869,713.1273197034203,130.86684486468317,273.0,95.84817550249299,-14.332154419481412,94.77057611333191,0.7600395737604981,0.9502990245819092,0.9851717948913574,0.0,0.0,0.0,1.0,0.0,1.0
SNPT-101,0,33.0,0.05627736333141752,0.9666767750961193,0.3333333333333333,0.0,1.0,0.8164251207729468,2.0,208.0,207.0,207.0,1907.0,773.0,16.04669845180561,932.3827343599193,159.98859201000374,16.0,0.0009966842182399665,0.9907209735650283,0.9069767441860465,0.0,1.0,0.9069767441860465,707.0,749.0,43.0,43.0,6.0,728.5,269.3073718715911,627.9918845283041,124.90269964387322,499.0,204.13011909039517,-10.04669845180561,-203.88273435991925,1.2809057968015791,0.9232696890830994,0.903390645980835,0.0,1.0,1.0,1.0,0.0,1.0
SNPT-101,1,9.0,0.07003866909273292,0.9357644667228063,0.4126984126984127,1.0,1.0,0.9206349206349206,414.0,614.0,201.0,189.0,1904.0,607.0,7.438811492004703,596.5141511125425,103.64534943076112,,1.0,0.0,0.0,1.0,1.0,0.7857142857142857,722.0,749.0,28.0,28.0,10.0,529.5,213.68383087631656,535.5480794823177,107.321756613247,108.0,67.0630758011305,2.561188507995297,-67.01415111254255,0.9657440644049978,0.823239266872406,0.988191545009613,0.0,0.0,0.0,1.0,0.0,1.0
SNPT-101,0,33.0,0.05627736333141752,0.9666767750961193,0.3333333333333333,0.0,1.0,0.8164251207729468,2.0,208.0,207.0,207.0,1907.0,773.0,16.04669845180561,932.3827343599193,159.98859201000374,,1.0,0.0,0.0,1.0,1.0,0.8633093525179856,269.0,428.0,160.0,139.0,13.5,544.5,6.77981261966049,446.03686925427627,90.10056061663612,61.0,387.8910946226171,-2.546698451805611,-387.88273435991925,1.7756669982413356,0.6003475189208984,0.8993044495582581,0.0,0.0,0.0,0.0,1.0,1.0
SNPT-101,0,,1.0,0.0,0.0,0.0,1.0,0.9504950495049505,0.0,100.0,101.0,101.0,1321.5,500.5,1910.8321544194814,622.7294238866681,99.46398099033503,9.0,0.07003866909273292,0.9357644667228063,0.4126984126984127,1.0,1.0,0.9206349206349206,414.0,614.0,201.0,189.0,1904.0,607.0,7.438811492004703,596.5141511125425,103.64534943076112,314.0,17.149143121979126,-6.832154419481412,-15.729423886668087,0.9596569603615511,0.606063961982727,0.9198743104934692,0.0,0.0,0.0,0.0,1.0,1.0
SNPT-101,1,,1.0,0.0,0.0,0.0,1.0,0.9538461538461539,0.0,64.0,65.0,65.0,1894.5,487.5,1904.3613093598497,512.1741221348667,102.77763642202264,14.0,0.03688825801247861,0.9796073981752135,0.7487179487179487,0.0,1.0,0.8717948717948718,419.0,613.0,195.0,195.0,1906.0,708.5,17.077717707707066,578.3332524848336,115.15505254719531,355.0,196.33271664837054,1.6386906401503438,196.3258778651333,0.8925152144748499,0.8530915975570679,0.9485704898834229,0.0,0.0,0.0,1.0,0.0,1.0
SNPT-101,0,36.0,0.012774542705003,0.9971431313703457,0.3983402489626556,1.0,0.9559471365638766,0.941908713692946,153.0,393.0,241.0,241.0,6.5,626.5,10.881187161655788,542.7498784869754,103.2168145074985,,1.0,0.0,0.0,0.0,1.0,0.9459459459459459,676.0,749.0,74.0,74.0,7.0,609.5,545.2449797868471,489.90310257191175,108.87733519172414,283.0,66.86286215671115,-3.881187161655788,66.75012151302462,0.9480101099622072,0.674470067024231,0.9008063673973083,0.0,0.0,0.0,0.0,1.0,1.0
SNPT-101,1,50.0,0.2352724697973047,0.9463327328364054,0.2,1.0,1.0,0.9333333333333333,352.0,411.0,60.0,60.0,1906.5,1010.5,8.019709118993806,969.3088203309619,170.02763334331127,11.0,0.8650807366551211,0.692142903804779,0.06060606060606061,1.0,1.0,0.8787878787878788,651.0,749.0,99.0,99.0,8.0,1031.5,458.028528075149,881.2268283190522,157.81095702550684,240.0,62.191182792064254,-0.019709118993805674,62.19117966903809,1.0774133593007098,0.9205117225646973,0.9588867425918579,0.0,1.0,0.0,1.0,0.0,1.0
SNPT-101,0,,1.0,0.0,0.0,0.0,1.0,0.9538461538461539,0.0,64.0,65.0,65.0,1894.5,487.5,1904.3613093598497,512.1741221348667,102.77763642202264,3.0,0.014614908660951187,0.9767429111968904,0.2896551724137931,1.0,1.0,0.9172413793103448,116.0,405.0,290.0,290.0,7.5,550.0,25.690539890466734,500.7325042991114,101.18763968634431,52.0,1897.238420437092,-1896.8613093598497,37.82587786513329,1.0157133493834514,0.6607061624526978,0.923678994178772,0.0,0.0,0.0,0.0,1.0,1.0
SNPT-101,0,,1.0,0.0,0.0,1.0,1.0,0.84,0.0,74.0,75.0,75.0,1882.0,461.5,1910.6202807193058,492.40442847733834,103.33645249129036,36.0,0.012774542705003,0.9971431313703457,0.3983402489626556,1.0,0.9559471365638766,0.941908713692946,153.0,393.0,241.0,241.0,6.5,626.5,10.881187161655788,542.7498784869754,103.2168145074985,79.0,1908.8362071556996,-1904.1202807193058,134.09557152266166,1.0011590939360289,0.7768909335136414,0.9769647717475891,0.0,0.0,0.0,1.0,0.0,1.0
SNPT-101,0,16.0,0.12942033208465936,0.8897790795770185,0.26605504587155965,0.0,1.0,0.9174311926605505,373.0,481.0,109.0,109.0,1896.5,717.5,9.237002261155869,713.1273197034203,130.86684486468317,,1.0,0.0,0.0,1.0,1.0,0.8518518518518519,723.0,749.0,27.0,27.0,14.0,561.0,326.0576120167844,570.630222349863,98.89479540604803,242.0,152.2018644682347,4.762997738844131,-152.1273197034203,1.3232935497501404,0.667598307132721,0.9218127727508545,0.0,0.0,0.0,0.0,1.0,1.0
SNPT-102,0,36.0,0.0007121188594913923,0.9950037501027099,0.3704918032786885,0.0,1.0,0.9442622950819672,0.0,311.0,312.0,305.0,477.0,477.0,4.851055194328342,616.1435264888171,75.38826578337073,,1.0,0.0,0.0,0.0,1.0,0.9310344827586207,634.0,749.0,116.0,116.0,8.5,394.5,643.631149884914,358.03930065194254,69.53979858959642,323.0,221.6735609688124,3.6489448056716576,-221.6435264888171,1.0841024465470523,0.7331752777099609,0.9863711595535278,0.0,0.0,0.0,1.0,0.0,1.0
SNPT-102,0,24.0,0.007105842970279448,0.9952459907531739,0.21929824561403508,0.0,1.0,0.935672514619883,0.0,341.0,342.0,342.0,846.5,566.0,12.490652584608753,685.0397531386852,94.93857372660244,33.0,0.017457958528870346,0.9964188172899443,0.27884615384615385,1.0,1.0,0.9134615384615384,646.0,749.0,104.0,104.0,12.0,934.5,396.1397990950568,780.0556149407719,158.315012238341,305.0,249.46072938253607,-0.4906525846087533,249.46024686131477,0.5996814350345611,0.6566210985183716,0.8844805955886841,0.0,1.0,1.0,0.0,1.0,1.0
SNPT-102,1,24.0,0.007105842970279448,0.9952459907531739,0.21929824561403508,0.0,1.0,0.935672514619883,0.0,341.0,342.0,342.0,846.5,566.0,12.490652584608753,685.0397531386852,94.93857372660244,27.0,0.0993499313481152,0.9849315285682678,0.0030864197530864196,0.0,1.0,0.8703703703703703,426.0,749.0,324.0,324.0,20.0,783.0,846.5178829528123,754.3163910586916,148.09206399964435,85.0,98.2476476244331,7.509347415391247,97.96024686131477,0.6410780642967502,0.9198398590087891,0.9876577854156494,0.0,1.0,1.0,1.0,0.0,1.0
SNPT-102,0,6.0,0.0021086530075748746,0.9991025621078434,0.7922848664688428,0.0,1.0,0.9317507418397626,0.0,336.0,337.0,337.0,672.5,476.0,12.294488999444944,543.0171287851663,80.23653460320888,,1.0,0.0,0.0,0.0,1.0,0.84375,487.0,518.0,32.0,32.0,12.5,361.0,5.805025248821311,362.87405300333785,72.07820567237565,151.0,182.0172448038019,0.205511000555056,-182.01712878516628,1.113187181266916,0.7127504348754883,0.9594163298606873,0.0,0.0,0.0,1.0,0.0,1.0
SNPT-102,0,6.0,0.0021086530075748746,0.9991025621078434,0.7922848664688428,0.0,1.0,0.9317507418397626,0.0,336.0,337.0,337.0,672.5,476.0,12.294488999444944,543.0171287851663,80.23653460320888,,1.0,0.0,0.0,0.0,1.0,0.88,346.0,696.0,351.0,350.0,1906.5,481.5,1913.4389802996893,294.74499938877887,67.16743793649773,10.0,1895.2041776649937,1894.2055110005551,-61.51712878516628,1.1945748872998116,0.6694087386131287,0.9381056427955627,0.0,0.0,0.0,1.0,0.0,1.0
SNPT-102,0,,1.0,0.0,0.0,0.0,1.0,0.84375,487.0,518.0,32.0,32.0,12.5,361.0,5.805025248821311,362.87405300333785,72.07820567237565,,1.0,0.0,0.0,1.0,1.0,0.9629629629629629,642.0,749.0,108.0,108.0,7.0,404.0,557.463732405883,372.0830163472646,76.39067162003018,124.0,41.143304206495365,1.1949747511786892,41.12594699666215,0.9435472177924435,0.6940067410469055,0.9223102331161499,0.0,0.0,0.0,0.0,1.0,1.0
SNPT-102,1,33.0,0.009639350270515256,0.997876004261129,0.24878048780487805,0.0,0.9686609686609686,0.8560975609756097,0.0,409.0,410.0,410.0,1067.0,377.5,4.672544124604817,406.9281625880899,54.361191886915485,,1.0,0.0,0.0,0.0,1.0,0.9310344827586207,634.0,749.0,116.0,116.0,8.5,394.5,643.631149884914,358.03930065194254,69.53979858959642,225.0,13.004177936113235,3.8274558753951826,-12.42816258808989,0.7817277730086531,0.7855633497238159,0.984374463558197,0.0,0.0,0.0,1.0,0.0,1.0
SNPT-102,0,10.0,0.004478887687261128,0.998184701058432,0.7620578778135049,1.0,1.0,0.932475884244373,0.0,310.0,311.0,311.0,971.0,462.0,13.969143938857947,616.3793219203842,79.21389452882251,6.0,0.25530546127508086,0.7695567905902863,0.0410958904109589,0.0,1.0,0.867579908675799,491.0,749.0,259.0,219.0,16.0,678.0,432.9677562503226,574.0517772894515,132.13900168423334,181.0,61.654134843761454,2.030856061142053,61.6206780796158,0.5994739896561078,0.6621494293212891,0.8721884489059448,0.0,1.0,0.0,0.0,1.0,1.0
SNPT-102,0,33.0,0.002903702398361929,0.999389775379284,0.7370517928286853,1.0,1.0,0.8326693227091634,0.0,250.0,251.0,251.0,973.0,781.0,9.178034997465303,787.2531571120633,136.79883948450134,,1.0,0.0,0.0,0.0,1.0,0.9649122807017544,693.0,749.0,57.0,57.0,10.0,372.0,310.77351723531245,359.81420566886914,70.45860125162592,443.0,415.25397062280007,0.8219650025346965,-415.25315711206326,1.9415491800065294,0.6697771549224854,0.7584327459335327,0.0,0.0,0.0,0.0,1.0,1.0
SNPT-102,0,,1.0,0.0,0.0,0.0,1.0,0.84375,487.0,518.0,32.0,32.0,12.5,361.0,5.805025248821311,362.87405300333785,72.07820567237565,,1.0,0.0,0.0,1.0,1.0,0.8666666666666667,720.0,749.0,30.0,30.0,6.5,455.5,135.85502127454245,453.67705835458924,85.74879275391076,202.0,92.62855416626799,0.6949747511786892,92.62594699666215,0.8405739994408068,0.6442388296127319,0.8815004229545593,0.0,0.0,0.0,0.0,1.0,1.0
SNPT-102,0,16.0,0.3035366053300095,0.8241950035095215,0.013157894736842105,1.0,1.0,0.881578947368421,0.0,379.0,380.0,380.0,968.0,350.5,5.112844709774118,471.75157675153,57.614894437137515,,1.0,0.0,0.0,0.0,1.0,0.84375,487.0,518.0,32.0,32.0,12.5,361.0,5.805025248821311,362.87405300333785,72.07820567237565,108.0,110.99766581434025,7.387155290225882,-110.75157675153002,0.7993386336366407,0.6082031726837158,0.9290264844894409,0.0,0.0,0.0,0.0,1.0,1.0
SNPT-102,1,9.0,0.11201544094753141,0.9458944648504257,0.11612903225806452,1.0,1.0,0.9290322580645162,0.0,310.0,311.0,310.0,935.5,395.5,5.993596568672945,487.5678688291307,64.24638446334764,,1.0,0.0,0.0,1.0,1.0,0.8666666666666667,720.0,749.0,30.0,30.0,6.5,455.5,135.85502127454245,453.67705835458924,85.74879275391076,410.0,32.071867043837536,0.5064034313270547,-32.0678688291307,0.7492395216306709,0.8522754907608032,0.9543719291687012,0.0,0.0,0.0,1.0,0.0,1.0
SNPT-102,0,9.0,0.11201544094753141,0.9458944648504257,0.11612903225806452,1.0,1.0,0.9290322580645162,0.0,310.0,311.0,310.0,935.5,395.5,5.993596568672945,487.5678688291307,64.24638446334764,,1.0,0.0,0.0,0.0,1.0,0.9649122807017544,693.0,749.0,57.0,57.0,10.0,372.0,310.77351723531245,359.81420566886914,70.45860125162592,383.0,115.63729318071098,4.006403431327055,-115.5678688291307,0.9118316759355917,0.6940858364105225,0.9192521572113037,0.0,0.0,0.0,0.0,1.0,1.0
SNPT-102,1,,1.0,0.0,0.0,0.0,1.0,0.84375,487.0,518.0,32.0,32.0,12.5,361.0,5.805025248821311,362.87405300333785,72.07820567237565,,1.0,0.0,0.0,0.0,1.0,0.9310344827586207,634.0,749.0,116.0,116.0,8.5,394.5,643.631149884914,358.03930065194254,69.53979858959642,116.0,31.740564146611735,2.6949747511786892,31.62594699666215,1.0365029398166676,0.9485516548156738,0.9877347946166992,0.0,0.0,0.0,1.0,0.0,1.0
SNPT-102,0,6.0,0.0021086530075748746,0.9991025621078434,0.7922848664688428,0.0,1.0,0.9317507418397626,0.0,336.0,337.0,337.0,672.5,476.0,12.294488999444944,543.0171287851663,80.23653460320888,33.0,0.017457958528870346,0.9964188172899443,0.27884615384615385,1.0,1.0,0.9134615384615384,646.0,749.0,104.0,104.0,12.0,934.5,396.1397990950568,780.0556149407719,158.315012238341,310.0,391.4829819779921,-0.294488999444944,391.4828712148337,0.5068157054014177,0.6700604557991028,0.8770134449005127,0.0,1.0,1.0,0.0,1.0,1.0
SNPT-102,1,16.0,0.3035366053300095,0.8241950035095215,0.013157894736842105,1.0,1.0,0.881578947368421,0.0,379.0,380.0,380.0,968.0,350.5,5.112844709774118,471.75157675153,57.614894437137515,,1.0,0.0,0.0,1.0,1.0,0.9629629629629629,642.0,749.0,108.0,108.0,7.0,404.0,557.463732405883,372.0830163472646,76.39067162003018,263.0,67.77785410742871,1.8871552902258824,-67.75157675153002,0.7542137438418657,0.7510212659835815,0.9930686950683594,0.0,0.0,0.0,1.0,0.0,1.0
SNPT-102,0,16.0,0.3035366053300095,0.8241950035095215,0.013157894736842105,1.0,1.0,0.881578947368421,0.0,379.0,380.0,380.0,968.0,350.5,5.112844709774118,471.75157675153,57.614894437137515,,1.0,0.0,0.0,0.0,1.0,0.9130434782608695,681.0,749.0,69.0,69.0,13.0,845.5,255.83844490049816,768.0615970091103,149.90417708328667,302.0,373.83163469574055,7.887155290225882,373.74842324847,0.384344823194131,0.452284574508667,0.8576213121414185,0.0,0.0,0.0,0.0,1.0,1.0
SNPT-102,1,,1.0,0.0,0.0,0.0,1.0,0.9149560117302052,0.0,340.0,341.0,341.0,511.5,335.5,4.883538848412018,444.9678908668027,51.48812378594774,,1.0,0.0,0.0,0.0,1.0,0.9649122807017544,693.0,749.0,57.0,57.0,10.0,372.0,310.77351723531245,359.81420566886914,70.45860125162592,353.0,73.14705238261715,5.116461151587982,-72.96789086680269,0.7307571094417602,0.7222968339920044,0.9840722680091858,0.0,0.0,0.0,1.0,0.0,1.0
SNPT-102,0,6.0,0.0021086530075748746,0.9991025621078434,0.7922848664688428,0.0,1.0,0.9317507418397626,0.0,336.0,337.0,337.0,672.5,476.0,12.294488999444944,543.0171287851663,80.23653460320888,,1.0,0.0,0.0,1.0,1.0,0.9072164948453608,653.0,749.0,97.0,97.0,8.5,253.0,554.6570019861604,238.48426295167326,45.535004567676324,317.0,290.04195064776167,-3.794488999444944,-290.0171287851663,1.762084694291783,0.618355393409729,0.899046778678894,0.0,0.0,0.0,0.0,1.0,1.0
SNPT-102,1,33.0,0.009639350270515256,0.997876004261129,0.24878048780487805,0.0,0.9686609686609686,0.8560975609756097,0.0,409.0,410.0,410.0,1067.0,377.5,4.672544124604817,406.9281625880899,54.361191886915485,,1.0,0.0,0.0,0.0,1.0,0.84375,487.0,518.0,32.0,32.0,12.5,361.0,5.805025248821311,362.87405300333785,72.07820567237565,78.0,46.59039798283846,7.827455875395183,-45.92816258808989,0.7541973524425526,0.7645683288574219,0.9861921072006226,0.0,0.0,0.0,1.0,0.0,1.0
SNPT-102,1,33.0,0.002903702398361929,0.999389775379284,0.7370517928286853,1.0,1.0,0.8326693227091634,0.0,250.0,251.0,251.0,973.0,781.0,9.178034997465303,787.2531571120633,136.79883948450134,33.0,0.017457958528870346,0.9964188172899443,0.27884615384615385,1.0,1.0,0.9134615384615384,646.0,749.0,104.0,104.0,12.0,934.5,396.1397990950568,780.0556149407719,158.315012238341,396.0,147.27388168626595,2.8219650025346965,147.24684288793674,0.8640926564724805,0.9366510510444641,0.9640015363693237,1.0,0.0,1.0,1.0,0.0,1.0
SNPT-102,1,6.0,0.0021086530075748746,0.9991025621078434,0.7922848664688428,0.0,1.0,0.9317507418397626,0.0,336.0,337.0,337.0,672.5,476.0,12.294488999444944,543.0171287851663,80.23653460320888,6.0,0.25530546127508086,0.7695567905902863,0.0410958904109589,0.0,1.0,0.867579908675799,491.0,749.0,259.0,219.0,16.0,678.0,432.9677562503226,574.0517772894515,132.13900168423334,155.0,135.03372294792,3.705511000555056,134.98287121483372,0.6072131133164343,0.8798007369041443,0.9707333445549011,1.0,0.0,0.0,1.0,0.0,1.0
SNPT-102,0,33.0,0.002903702398361929,0.999389775379284,0.7370517928286853,1.0,1.0,0.8326693227091634,0.0,250.0,251.0,251.0,973.0,781.0,9.178034997465303,787.2531571120633,136.79883948450134,,1.0,0.0,0.0,0.0,1.0,0.84375,487.0,518.0,32.0,32.0,12.5,361.0,5.805025248821311,362.87405300333785,72.07820567237565,237.0,426.26610163075287,3.3219650025346965,-426.25315711206326,1.8979223776228134,0.6341714262962341,0.786773681640625,0.0,0.0,0.0,0.0,1.0,1.0
SNPT-102,0,36.0,0.0007121188594913923,0.9950037501027099,0.3704918032786885,0.0,1.0,0.9442622950819672,0.0,311.0,312.0,305.0,477.0,477.0,4.851055194328342,616.1435264888171,75.38826578337073,,1.0,0.0,0.0,0.0,1.0,0.7692307692307693,737.0,749.0,13.0,13.0,12.0,447.0,50.23111409386729,445.09023876196625,88.74067096380749,426.0,169.29453613424064,7.148944805671658,-169.1435264888171,0.849534547852557,0.8170164227485657,0.9721516370773315,0.0,0.0,0.0,1.0,0.0,1.0
SNPT-102,1,3.0,0.014646589306882757,0.9896482028156878,0.267741935483871,0.0,1.0,0.9193548387096774,0.0,309.0,310.0,310.0,292.0,409.5,15.497150209305364,483.8401370263381,63.910586337988995,,1.0,0.0,0.0,0.0,1.0,0.9130434782608695,681.0,749.0,69.0,69.0,13.0,845.5,255.83844490049816,768.0615970091103,149.90417708328667,372.0,361.6684838983012,-2.4971502093053637,361.6598629736619,0.4263429317415239,0.6519581079483032,0.9340721368789673,0.0,0.0,0.0,1.0,0.0,1.0
SNPT-102,0,,1.0,0.0,0.0,1.0,1.0,0.8,0.0,354.0,355.0,355.0,962.0,279.5,6.389718551167547,396.0326830913843,39.659488518679794,10.0,0.0009239532651198109,0.9998938019076983,0.0898876404494382,1.0,1.0,0.9101123595505618,483.0,749.0,267.0,267.0,12.0,678.5,495.7185561771608,553.3374898342098,114.40892520244758,129.0,282.5230262819076,5.610281448832453,282.4673169086157,0.3466468061692039,0.5271897912025452,0.9454253315925598,0.0,0.0,0.0,1.0,0.0,1.0
SNPT-102,0,33.0,0.002903702398361929,0.999389775379284,0.7370517928286853,1.0,1.0,0.8326693227091634,0.0,250.0,251.0,251.0,973.0,781.0,9.178034997465303,787.2531571120633,136.79883948450134,10.0,0.0009239532651198109,0.9998938019076983,0.0898876404494382,1.0,1.0,0.9101123595505618,483.0,749.0,267.0,267.0,12.0,678.5,495.7185561771608,553.3374898342098,114.40892520244758,233.0,108.7897636191781,2.8219650025346965,-108.75315711206326,1.195700765848771,0.9337701797485352,0.9091572761535645,0.0,1.0,1.0,1.0,0.0,1.0
SNPT-102,1,,1.0,0.0,0.0,0.0,1.0,0.9375,0.0,175.0,176.0,176.0,192.0,577.5,7.730970204511451,568.0364129689842,93.7998386151684,,1.0,0.0,0.0,0.0,1.0,0.7692307692307693,737.0,749.0,13.0,13.0,12.0,447.0,50.23111409386729,445.09023876196625,88.74067096380749,562.0,121.1116752414616,4.269029795488549,-121.03641296898422,1.05701069866177,0.8550918102264404,0.9755114316940308,0.0,0.0,0.0,1.0,0.0,1.0
SNPT-102,0,3.0,0.014646589306882757,0.9896482028156878,0.267741935483871,0.0,1.0,0.9193548387096774,0.0,309.0,310.0,310.0,292.0,409.5,15.497150209305364,483.8401370263381,63.910586337988995,,1.0,0.0,0.0,0.0,1.0,0.9310344827586207,634.0,749.0,116.0,116.0,8.5,394.5,643.631149884914,358.03930065194254,69.53979858959642,325.0,89.61372771476726,-6.997150209305364,-89.34013702633808,0.9190504953166547,0.7703039646148682,0.992860734462738,0.0,0.0,0.0,1.0,0.0,1.0
SNPT-102,0,10.0,0.004478887687261128,0.998184701058432,0.7620578778135049,1.0,1.0,0.932475884244373,0.0,310.0,311.0,311.0,971.0,462.0,13.969143938857947,616.3793219203842,79.21389452882251,,1.0,0.0,0.0,0.0,1.0,0.84375,487.0,518.0,32.0,32.0,12.5,361.0,5.805025248821311,362.87405300333785,72.07820567237565,177.0,255.38354772464945,-1.4691439388579468,-255.3793219203842,1.0989992576796574,0.6401776671409607,0.8932214379310608,0.0,0.0,0.0,0.0,1.0,1.0
SNPT-102,0,,1.0,0.0,0.0,0.0,1.0,0.9149560117302052,0.0,340.0,341.0,341.0,511.5,335.5,4.883538848412018,444.9678908668027,51.48812378594774,,1.0,0.0,0.0,0.0,1.0,0.9130434782608695,681.0,749.0,69.0,69.0,13.0,845.5,255.83844490049816,768.0615970091103,149.90417708328667,341.0,400.61433747222867,8.116461151587982,400.5321091331973,0.3434735761722035,0.5607956051826477,0.9204394221305847,0.0,0.0,0.0,1.0,0.0,1.0
SNPT-102,1,,1.0,0.0,0.0,1.0,1.0,0.8,0.0,354.0,355.0,355.0,962.0,279.5,6.389718551167547,396.0326830913843,39.659488518679794,,1.0,0.0,0.0,1.0,1.0,0.9072164948453608,653.0,749.0,97.0,97.0,8.5,253.0,554.6570019861604,238.48426295167326,45.535004567676324,299.0,143.04824962268378,2.1102814488324526,-143.03268309138429,0.8709670482131158,0.832033634185791,0.9673271179199219,0.0,0.0,0.0,1.0,0.0,1.0
SNPT-102,0,,1.0,0.0,0.0,0.0,1.0,0.9375,0.0,175.0,176.0,176.0,192.0,577.5,7.730970204511451,568.0364129689842,93.7998386151684,,1.0,0.0,0.0,1.0,1.0,0.9629629629629629,642.0,749.0,108.0,108.0,7.0,404.0,557.463732405883,372.0830163472646,76.39067162003018,467.0,164.03804161587342,-0.7309702045114506,-164.03641296898422,1.227896503930899,0.6376194953918457,0.8907424211502075,0.0,0.0,0.0,0.0,1.0,1.0
SNPT-102,0,24.0,0.007105842970279448,0.9952459907531739,0.21929824561403508,0.0,1.0,0.935672514619883,0.0,341.0,342.0,342.0,846.5,566.0,12.490652584608753,685.0397531386852,94.93857372660244,,1.0,0.0,0.0,0.0,1.0,0.9310344827586207,634.0,749.0,116.0,116.0,8.5,394.5,643.631149884914,358.03930065194254,69.53979858959642,293.0,290.5671582645554,-3.9906525846087533,-290.5397531386852,1.3652408498750792,0.7672895789146423,0.9733999371528625,0.0,0.0,0.0,1.0,0.0,1.0
SNPT-102,0,3.0,0.014646589306882757,0.9896482028156878,0.267741935483871,0.0,1.0,0.9193548387096774,0.0,309.0,310.0,310.0,292.0,409.5,15.497150209305364,483.8401370263381,63.910586337988995,,1.0,0.0,0.0,1.0,1.0,0.9072164948453608,653.0,749.0,97.0,97.0,8.5,253.0,554.6570019861604,238.48426295167326,45.535004567676324,344.0,230.94616033480642,-6.997150209305364,-230.84013702633808,1.4035484775894114,0.6146955490112305,0.9269262552261353,0.0,0.0,0.0,0.0,1.0,1.0
SNPT-102,1,10.0,0.004478887687261128,0.998184701058432,0.7620578778135049,1.0,1.0,0.932475884244373,0.0,310.0,311.0,311.0,971.0,462.0,13.969143938857947,616.3793219203842,79.21389452882251,10.0,0.0009239532651198109,0.9998938019076983,0.0898876404494382,1.0,1.0,0.9101123595505618,483.0,749.0,267.0,267.0,12.0,678.5,495.7185561771608,553.3374898342098,114.40892520244758,173.0,62.15187988245569,-1.9691439388579468,62.1206780796158,0.6923751305997573,0.8852193355560303,0.9671798944473267,1.0,0.0,1.0,1.0,0.0,1.0
SNPT-102,0,10.0,0.004478887687261128,0.998184701058432,0.7620578778135049,1.0,1.0,0.932475884244373,0.0,310.0,311.0,311.0,971.0,462.0,13.969143938857947,616.3793219203842,79.21389452882251,,1.0,0.0,0.0,0.0,1.0,0.7692307692307693,737.0,749.0,13.0,13.0,12.0,447.0,50.23111409386729,445.09023876196625,88.74067096380749,427.0,169.39076781826418,-1.9691439388579468,-169.3793219203842,0.8926447554259486,0.6455843448638916,0.893165111541748,0.0,0.0,0.0,0.0,1.0,1.0
SNPT-102,0,10.0,0.004478887687261128,0.998184701058432,0.7620578778135049,1.0,1.0,0.932475884244373,0.0,310.0,311.0,311.0,971.0,462.0,13.969143938857947,616.3793219203842,79.21389452882251,,1.0,0.0,0.0,1.0,1.0,0.8666666666666667,720.0,749.0,30.0,30.0,6.5,455.5,135.85502127454245,453.67705835458924,85.74879275391076,410.0,161.05261355452134,-7.469143938857947,-160.8793219203842,0.9237902014102675,0.7609565258026123,0.9510037899017334,0.0,0.0,0.0,1.0,0.0,1.0
SNPT-102,0,36.0,0.0007121188594913923,0.9950037501027099,0.3704918032786885,0.0,1.0,0.9442622950819672,0.0,311.0,312.0,305.0,477.0,477.0,4.851055194328342,616.1435264888171,75.38826578337073,,1.0,0.0,0.0,1.0,1.0,0.9629629629629629,642.0,749.0,108.0,108.0,7.0,404.0,557.463732405883,372.0830163472646,76.39067162003018,331.0,212.1544102649984,2.1489448056716576,-212.1435264888171,0.9868779025579792,0.711230456829071,0.9099113941192627,0.0,0.0,0.0,0.0,1.0,1.0
SNPT-103,0,24.0,0.04567985737546231,0.9806358721412596,0.5951219512195122,0.0,1.0,0.9365853658536586,0.0,204.0,205.0,205.0,1771.0,624.0,1912.4579795065083,693.4472857010353,114.76342965578213,,1.0,0.0,0.0,0.0,0.9906542056074766,0.8492063492063492,624.0,749.0,126.0,126.0,24.0,462.5,350.46109957020695,562.5087201422205,90.13448835613481,420.0,1902.5273162649937,-1888.4579795065083,-230.9472857010353,1.273246586837379,0.855644166469574,0.9634799361228943,0.0,0.0,0.0,1.0,0.0,1.0
SNPT-103,0,33.0,0.001414608584857054,0.9998301922654113,0.8067226890756303,1.0,1.0,0.8109243697478992,0.0,237.0,238.0,238.0,1429.5,619.0,1900.5609604254282,663.9555911817004,118.33390232068601,,1.0,0.0,0.0,0.0,0.9906542056074766,0.8492063492063492,624.0,749.0,126.0,126.0,24.0,462.5,350.46109957020695,562.5087201422205,90.13448835613481,387.0,1887.3434752082553,-1876.5609604254282,-201.45559118170036,1.3128593114450386,0.6545670032501221,0.825799822807312,0.0,0.0,0.0,0.0,1.0,1.0
SNPT-103,1,33.0,0.0032458157297676165,0.999294646455152,0.9285714285714286,0.0,1.0,0.9495798319327731,0.0,239.0,240.0,238.0,1374.5,708.0,1907.5440153444533,701.6480533656435,139.40753199395343,33.0,0.02488663794135344,0.9680619842907381,0.7085953878406709,0.0,1.0,0.9119496855345912,273.0,749.0,477.0,477.0,1905.9232681814378,763.7977398119813,1323.3331464731414,574.0011049298112,122.06384089350681,34.0,62.17081587645868,-1.6207471630154942,62.149686446337796,1.1420870502967206,0.9306176900863647,0.9854394197463989,1.0,0.0,1.0,1.0,0.0,1.0
SNPT-103,0,24.0,0.04567985737546231,0.9806358721412596,0.5951219512195122,0.0,1.0,0.9365853658536586,0.0,204.0,205.0,205.0,1771.0,624.0,1912.4579795065083,693.4472857010353,114.76342965578213,10.0,0.04236537467769346,0.9791332200169564,0.7228915662650602,0.0,1.0,0.8975903614457831,584.0,749.0,166.0,166.0,19.0,923.5,1724.869153691308,778.730003591688,144.13158733342843,380.0,1907.3823349064523,-1893.4579795065083,230.0527142989647,0.7962406560492036,0.8330240249633789,0.9639005661010742,0.0,1.0,1.0,1.0,0.0,1.0
SNPT-103,0,,1.0,0.0,0.0,1.0,1.0,0.8702830188679245,0.0,423.0,424.0,424.0,538.5,553.0,5.583786347312239,456.901255678643,102.95056655092817,,1.0,0.0,0.0,1.0,1.0,0.8,735.0,749.0,15.0,15.0,6.0,561.0,27.208113786312687,534.0339428676311,81.41053705489989,312.0,104.09957638284577,0.41621365268776067,104.098744321357,1.2645852769832802,0.7341800928115845,0.900638222694397,0.0,0.0,0.0,1.0,0.0,1.0
SNPT-103,0,27.0,0.2526961550159805,0.8190156122048696,0.03910614525139665,1.0,0.9954648526077098,0.8212290502793296,0.0,536.0,537.0,537.0,508.0,539.0,27.03775046272407,469.8715051582543,101.07641712014056,10.0,0.04236537467769346,0.9791332200169564,0.7228915662650602,0.0,1.0,0.8975903614457831,584.0,749.0,166.0,166.0,19.0,923.5,1724.869153691308,778.730003591688,144.13158733342843,48.0,453.6996988811969,-8.03775046272407,453.6284948417457,0.7012787341772231,0.6771385669708252,0.8915592432022095,0.0,1.0,0.0,0.0,1.0,1.0
SNPT-103,0,33.0,0.001414608584857054,0.9998301922654113,0.8067226890756303,1.0,1.0,0.8109243697478992,0.0,237.0,238.0,238.0,1429.5,619.0,1900.5609604254282,663.9555911817004,118.33390232068601,,1.0,0.0,0.0,0.0,1.0,0.8217054263565892,290.0,547.0,258.0,258.0,1911.0,429.0,16.733338021978696,447.4277101947564,79.95764852104656,53.0,235.18737928464992,10.43903957457178,-234.95559118170036,1.4799572587422702,0.7007454037666321,0.8345195055007935,0.0,0.0,0.0,0.0,1.0,1.0
SNPT-103,1,33.0,0.00973048568842257,0.9822080712930291,0.24093816631130063,1.0,1.0,0.8550106609808102,281.0,749.0,469.0,469.0,1909.585726482019,600.3888571868556,1257.54291058613,487.7503616342817,96.47897733190177,33.0,0.001414608584857054,0.9998301922654113,0.8067226890756303,1.0,1.0,0.8109243697478992,0.0,237.0,238.0,238.0,1429.5,619.0,1900.5609604254282,663.9555911817004,118.33390232068601,44.0,64.20417488876829,9.024766056590806,-63.56673399484475,0.8153113810989079,0.907395601272583,0.9111050367355347,1.0,0.0,1.0,1.0,0.0,1.0
SNPT-103,0,33.0,0.00973048568842257,0.9822080712930291,0.24093816631130063,1.0,1.0,0.8550106609808102,281.0,749.0,469.0,469.0,1909.585726482019,600.3888571868556,1257.54291058613,487.7503616342817,96.47897733190177,,1.0,0.0,0.0,0.0,1.0,0.8260869565217391,0.0,229.0,230.0,230.0,1640.5,419.0,1912.1690260853225,458.25932454638655,77.37808395246051,52.0,142.153007303534,-2.5832996033034306,142.12953264046905,1.2468514649597224,0.7228438854217529,0.9155942797660828,0.0,0.0,0.0,0.0,1.0,1.0
SNPT-103,1,,1.0,0.0,0.0,0.0,1.0,0.8260869565217391,0.0,229.0,230.0,230.0,1640.5,419.0,1912.1690260853225,458.25932454638655,77.37808395246051,,1.0,0.0,0.0,0.0,0.9906542056074766,0.8492063492063492,624.0,749.0,126.0,126.0,24.0,462.5,350.46109957020695,562.5087201422205,90.13448835613481,395.0,1888.1737881869608,-1888.1690260853225,4.2406754536134486,0.8584736582375456,0.7899987697601318,0.9661663770675659,0.0,0.0,0.0,1.0,0.0,1.0
SNPT-103,1,24.0,0.04567985737546231,0.9806358721412596,0.5951219512195122,0.0,1.0,0.9365853658536586,0.0,204.0,205.0,205.0,1771.0,624.0,1912.4579795065083,693.4472857010353,114.76342965578213,24.0,0.03929326843870961,0.9840649104118347,0.33112582781456956,0.0,1.0,0.9403973509933775,297.0,749.0,453.0,453.0,1909.0,615.0,1183.023730141735,527.9650005854241,91.26852812197644,93.0,78.52346309306084,-3.457979506508309,-78.4472857010353,1.2574261031404579,0.9116712808609009,0.9802087545394897,1.0,0.0,1.0,1.0,0.0,1.0
SNPT-103,0,10.0,0.007678240913154058,0.9967432434475699,0.6640926640926641,0.0,1.0,0.8822393822393823,0.0,517.0,518.0,518.0,701.5,698.0,11.483127364145371,893.2880759019183,137.23951770009435,,1.0,0.0,0.0,1.0,1.0,0.8,735.0,749.0,15.0,15.0,6.0,561.0,27.208113786312687,534.0339428676311,81.41053705489989,218.0,332.33331171023235,-5.483127364145371,-332.2880759019183,1.685770941512715,0.7012435793876648,0.8163450956344604,0.0,0.0,0.0,0.0,1.0,1.0
SNPT-103,0,,1.0,0.0,0.0,0.0,1.0,0.8260869565217391,0.0,229.0,230.0,230.0,1640.5,419.0,1912.1690260853225,458.25932454638655,77.37808395246051,,1.0,0.0,0.0,1.0,1.0,0.8,735.0,749.0,15.0,15.0,6.0,561.0,27.208113786312687,534.0339428676311,81.41053705489989,506.0,1908.9358298276377,-1906.1690260853225,102.74067545361345,0.9504676759505952,0.6101283431053162,0.8919473886489868,0.0,0.0,0.0,0.0,1.0,1.0
SNPT-103,1,10.0,0.007678240913154058,0.9967432434475699,0.6640926640926641,0.0,1.0,0.8822393822393823,0.0,517.0,518.0,518.0,701.5,698.0,11.483127364145371,893.2880759019183,137.23951770009435,10.0,0.04236537467769346,0.9791332200169564,0.7228915662650602,0.0,1.0,0.8975903614457831,584.0,749.0,166.0,166.0,19.0,923.5,1724.869153691308,778.730003591688,144.13158733342843,67.0,31.13300068949199,7.516872635854629,30.21192409808168,0.9521821013641498,0.9216136932373047,0.9908455014228821,1.0,0.0,1.0,1.0,0.0,1.0
SNPT-103,1,,1.0,0.0,0.0,0.0,1.0,0.8260869565217391,0.0,229.0,230.0,230.0,1640.5,419.0,1912.1690260853225,458.25932454638655,77.37808395246051,,1.0,0.0,0.0,0.0,1.0,0.8217054263565892,290.0,547.0,258.0,258.0,1911.0,429.0,16.733338021978696,447.4277101947564,79.95764852104656,61.0,29.282668848637122,-1.1690260853224572,-29.25932454638655,0.9677383637925888,0.8314669132232666,0.9661810398101807,0.0,0.0,0.0,1.0,0.0,1.0
SNPT-103,0,33.0,0.0032458157297676165,0.999294646455152,0.9285714285714286,0.0,1.0,0.9495798319327731,0.0,239.0,240.0,238.0,1374.5,708.0,1907.5440153444533,701.6480533656435,139.40753199395343,31.0,0.03330956994919428,0.9661730457754696,0.07692307692307693,0.0,0.9891304347826086,0.832579185520362,529.0,749.0,221.0,221.0,1906.5,708.5,965.7529687533099,583.012658443093,81.08657422997328,290.0,6.931027392784109,-1.044015344453328,6.851946634356523,1.7192430845404008,0.7881196737289429,0.9071351289749146,0.0,1.0,1.0,1.0,0.0,1.0
SNPT-103,0,9.0,0.005302045425958328,0.9977109162102031,0.5174418604651163,0.0,1.0,0.8662790697674418,0.0,560.0,561.0,516.0,914.5,693.0,7.8643232936824745,566.1597207878772,117.90662612534996,,1.0,0.0,0.0,0.0,0.9906542056074766,0.8492063492063492,624.0,749.0,126.0,126.0,24.0,462.5,350.46109957020695,562.5087201422205,90.13448835613481,64.0,104.90804438455353,16.135676706317525,-103.65972078787718,1.3081188818588871,0.9291403293609619,0.9319924712181091,0.0,0.0,0.0,1.0,0.0,1.0
SNPT-103,0,3.0,0.04205859610080727,0.9787400521464267,0.22138836772983114,1.0,1.0,0.8424015009380863,0.0,539.0,540.0,533.0,985.0,652.0,12.433587343629322,467.13776240824416,116.21276025581805,,1.0,0.0,0.0,0.0,0.9906542056074766,0.8492063492063492,624.0,749.0,126.0,126.0,24.0,462.5,350.46109957020695,562.5087201422205,90.13448835613481,85.0,12.461570602968731,11.566412656370678,-4.637762408244157,1.2893262321148826,0.6913076639175415,0.9218605756759644,0.0,0.0,0.0,0.0,1.0,1.0
SNPT-103,0,33.0,0.0032458157297676165,0.999294646455152,0.9285714285714286,0.0,1.0,0.9495798319327731,0.0,239.0,240.0,238.0,1374.5,708.0,1907.5440153444533,701.6480533656435,139.40753199395343,,1.0,0.0,0.0,1.0,1.0,0.8,735.0,749.0,15.0,15.0,6.0,561.0,27.208113786312687,534.0339428676311,81.41053705489989,496.0,1906.7384501309696,-1901.5440153444533,-140.64805336564348,1.7124015764684462,0.617489218711853,0.7845139503479004,0.0,0.0,0.0,0.0,1.0,1.0
SNPT-103,1,,1.0,0.0,0.0,0.0,1.0,0.8217054263565892,290.0,547.0,258.0,258.0,1911.0,429.0,16.733338021978696,447.4277101947564,79.95764852104656,,1.0,0.0,0.0,0.0,0.9906542056074766,0.8492063492063492,624.0,749.0,126.0,126.0,24.0,462.5,350.46109957020695,562.5087201422205,90.13448835613481,77.0,16.7325519953195,7.266661978021304,15.0722898052436,0.887092720880846,0.9153894186019897,0.9919216632843018,0.0,0.0,0.0,1.0,0.0,1.0
SNPT-103,0,,1.0,0.0,0.0,0.0,1.0,0.8217054263565892,290.0,547.0,258.0,258.0,1911.0,429.0,16.733338021978696,447.4277101947564,79.95764852104656,10.0,0.04236537467769346,0.9791332200169564,0.7228915662650602,0.0,1.0,0.8975903614457831,584.0,749.0,166.0,166.0,19.0,923.5,1724.869153691308,778.730003591688,144.13158733342843,37.0,476.0776857582494,2.266661978021304,476.0722898052436,0.5547545128749303,0.6511531472206116,0.9540987014770508,0.0,0.0,0.0,1.0,0.0,1.0
SNPT-103,0,33.0,0.001414608584857054,0.9998301922654113,0.8067226890756303,1.0,1.0,0.8109243697478992,0.0,237.0,238.0,238.0,1429.5,619.0,1900.5609604254282,663.9555911817004,118.33390232068601,33.0,0.02488663794135344,0.9680619842907381,0.7085953878406709,0.0,1.0,0.9119496855345912,273.0,749.0,477.0,477.0,1905.9232681814378,763.7977398119813,1323.3331464731414,574.0011049298112,122.06384089350681,36.0,99.98604396405163,5.3623077560096135,99.84214863028092,0.9694427232051879,0.6476901769638062,0.8932013511657715,1.0,0.0,1.0,0.0,1.0,1.0
SNPT-103,0,33.0,0.0032458157297676165,0.999294646455152,0.9285714285714286,0.0,1.0,0.9495798319327731,0.0,239.0,240.0,238.0,1374.5,708.0,1907.5440153444533,701.6480533656435,139.40753199395343,10.0,0.04236537467769346,0.9791332200169564,0.7228915662650602,0.0,1.0,0.8975903614457831,584.0,749.0,166.0,166.0,19.0,923.5,1724.869153691308,778.730003591688,144.13158733342843,345.0,1901.5301165426763,-1888.5440153444533,221.85194663435652,0.9672240108717699,0.8656500577926636,0.9446415901184082,0.0,1.0,1.0,1.0,0.0,1.0
SNPT-103,1,27.0,0.2526961550159805,0.8190156122048696,0.03910614525139665,1.0,0.9954648526077098,0.8212290502793296,0.0,536.0,537.0,537.0,508.0,539.0,27.03775046272407,469.8715051582543,101.07641712014056,,1.0,0.0,0.0,1.0,1.0,0.8,735.0,749.0,15.0,15.0,6.0,561.0,27.208113786312687,534.0339428676311,81.41053705489989,199.0,93.52534157464446,-21.03775046272407,91.12849484174569,1.2415643082169918,0.9112155437469482,0.9525548815727234,0.0,0.0,0.0,1.0,0.0,1.0
SNPT-104,0,,1.0,0.0,0.0,1.0,1.0,0.782608695652174,727.0,749.0,23.0,23.0,25.986280230112584,739.2010241636517,398.0390566570844,732.6398947639536,164.61887188986518,,1.0,0.0,0.0,1.0,0.9846153846153847,0.9027777777777778,73.0,144.0,72.0,72.0,1900.0,489.0,1916.3820146527837,476.7389323204179,71.66151368921543,583.0,1908.5288529069073,-1890.395734422671,262.4620918432338,2.2971726860779276,0.6179244518280029,0.9426969289779663,0.0,0.0,0.0,1.0,0.0,1.0
SNPT-104,1,,1.0,0.0,0.0,1.0,1.0,0.9142857142857143,0.0,34.0,35.0,35.0,29.0,594.0,7.669086846129426,622.2175713399172,127.00048272965743,3.0,0.06852235401040277,0.9152086141862368,0.3866279069767442,1.0,1.0,0.9593023255813954,99.0,442.0,344.0,344.0,5.5,589.0,8.175820228561392,703.2841986485232,108.194594967112,65.0,33.28831602031769,-2.169086846129426,-33.217571339917185,1.1738154088775126,0.9488354921340942,0.9910438060760498,0.0,0.0,0.0,1.0,0.0,1.0
SNPT-104,0,,1.0,0.0,0.0,1.0,1.0,0.782608695652174,727.0,749.0,23.0,23.0,25.986280230112584,739.2010241636517,398.0390566570844,732.6398947639536,164.61887188986518,34.0,0.0585367100967485,0.9626381745138967,0.37295690936106984,0.0,1.0,0.8781575037147102,0.0,672.0,673.0,673.0,1253.0,536.0,7.25945473452223,673.1857996421795,103.83150228590246,55.0,68.61999607813073,18.726825495590354,66.01522452147219,1.5854424549938926,0.755530834197998,0.8559563755989075,0.0,0.0,0.0,0.0,1.0,1.0
SNPT-104,1,,1.0,0.0,0.0,1.0,1.0,0.782608695652174,727.0,749.0,23.0,23.0,25.986280230112584,739.2010241636517,398.0390566570844,732.6398947639536,164.61887188986518,14.0,0.03881461879518611,0.9533483574264928,0.03571428571428571,1.0,1.0,0.8421052631578947,0.0,571.0,572.0,532.0,573.5,556.5,6.775817415998395,625.166629107179,93.48916188734911,156.0,115.64119135251137,19.210462814114187,114.0343950564727,1.760833754058301,0.8941468000411987,0.9004944562911987,0.0,0.0,0.0,1.0,0.0,1.0
SNPT-104,0,,1.0,0.0,0.0,1.0,1.0,0.9142857142857143,0.0,34.0,35.0,35.0,29.0,594.0,7.669086846129426,622.2175713399172,127.00048272965743,,1.0,0.0,0.0,1.0,1.0,0.7099236641221374,488.0,749.0,262.0,262.0,1913.0,503.5,382.2802476614767,517.6242461438654,83.02262030178277,454.0,1909.0258642471586,1905.3309131538706,-118.71757133991719,1.5297094004985328,0.6633001565933228,0.9400918483734131,0.0,0.0,0.0,1.0,0.0,1.0
SNPT-104,1,,1.0,0.0,0.0,1.0,0.9846153846153847,0.9027777777777778,73.0,144.0,72.0,72.0,1900.0,489.0,1916.3820146527837,476.7389323204179,71.66151368921543,,1.0,0.0,0.0,1.0,1.0,0.7099236641221374,488.0,749.0,262.0,262.0,1913.0,503.5,382.2802476614767,517.6242461438654,83.02262030178277,344.0,26.973927531281323,-3.3820146527837096,26.761067679582084,0.8631564919142478,0.8697566986083984,0.9641776084899902,0.0,0.0,0.0,1.0,0.0,1.0
SNPT-104,0,,1.0,0.0,0.0,1.0,1.0,0.782608695652174,727.0,749.0,23.0,23.0,25.986280230112584,739.2010241636517,398.0390566570844,732.6398947639536,164.61887188986518,10.0,0.015619562780067249,0.9902216088204157,0.15532544378698224,0.0,0.9948892674616695,0.8683431952662722,0.0,675.0,676.0,676.0,744.5,585.0,6.265111018333664,574.8430960256044,89.20657792380928,52.0,165.53686313601312,19.72116921177892,164.35792813804733,1.8453669641992658,0.7501601576805115,0.849402666091919,0.0,0.0,0.0,0.0,1.0,1.0
SNPT-104,0,9.0,0.04394707771865282,0.9706623030906659,0.3091715976331361,0.0,1.0,0.915680473372781,0.0,675.0,676.0,676.0,140.5,619.5,19.18865497676206,893.8110507119029,113.87043284199042,,1.0,0.0,0.0,1.0,1.0,0.782608695652174,727.0,749.0,23.0,23.0,25.986280230112584,739.2010241636517,398.0390566570844,732.6398947639536,164.61887188986518,52.0,154.75938749664246,6.797625253350525,-154.6100265482512,0.6917216205817098,0.7104055881500244,0.8485246896743774,0.0,0.0,0.0,0.0,1.0,1.0
SNPT-104,0,27.0,0.005851454576458082,0.9909343549838433,0.22807017543859648,1.0,1.0,0.9017543859649123,0.0,284.0,285.0,285.0,254.0,470.5,4.439956420614626,550.6915112217122,77.03049435824612,,1.0,0.0,0.0,1.0,1.0,0.7099236641221374,488.0,749.0,262.0,262.0,1913.0,503.5,382.2802476614767,517.6242461438654,83.02262030178277,204.0,1909.143388716294,1908.5600435793854,-47.191511221712176,0.9278253815435409,0.7488884329795837,0.9555788040161133,0.0,0.0,0.0,1.0,0.0,1.0
SNPT-105,0,16.0,0.30737253868574044,0.8416580389375272,0.20175438596491227,0.0,1.0,0.9298245614035088,521.0,634.0,114.0,114.0,12.642437090453594,686.1653437463096,14.693722092264238,555.3616130749548,99.7460468375458,,1.0,0.0,0.0,0.0,1.0,0.8823529411764706,0.0,16.0,17.0,17.0,1771.5,397.0,1905.8417279644073,422.2052425456764,67.04153247249211,505.0,1911.5120951726908,-1893.1992908739537,263.96010120063323,1.487824683579134,0.7455880641937256,0.9606121182441711,0.0,0.0,0.0,1.0,0.0,1.0
SNPT-105,0,24.0,0.7604660338256508,0.779605507850647,0.013333333333333334,0.0,1.0,0.8444444444444444,0.0,224.0,225.0,225.0,888.5,332.5,7.100123708609063,467.429221970067,60.79680907777187,27.0,0.024678732457527986,0.9950391769409179,0.05934718100890208,1.0,0.9703703703703703,0.8011869436201781,330.0,666.0,337.0,337.0,10.0,431.0,10.70141513276939,462.9713165932558,101.4917733729094,106.0,36.5444591675644,2.899876291390937,-36.429221970066976,0.5990318925100189,0.671075165271759,0.9285305738449097,0.0,1.0,0.0,0.0,1.0,1.0
SNPT-105,0,,1.0,0.0,0.0,0.0,1.0,0.8823529411764706,0.0,16.0,17.0,17.0,1771.5,397.0,1905.8417279644073,422.2052425456764,67.04153247249211,1.0,0.11101301738785373,0.9660393659557615,0.04674457429048414,1.0,0.988527724665392,0.8731218697829716,151.0,749.0,599.0,599.0,1912.0,376.0,1063.6555762038706,434.1802449096723,78.20381388372587,135.0,46.61382577271629,6.158272035592745,-46.20524254567641,0.857266789726778,0.6099514365196228,0.9371557831764221,0.0,0.0,0.0,0.0,1.0,1.0
SNPT-105,1,,1.0,0.0,0.0,1.0,1.0,0.9375,0.0,15.0,16.0,16.0,1778.0,446.5,1914.7690622821638,458.69498955301856,74.08832254774528,33.0,0.013332239437537438,0.9917365698505649,0.4384858044164038,1.0,1.0,0.8675078864353313,116.0,749.0,634.0,634.0,1903.0,420.5,165.2992356772761,452.15609729334295,101.0929610362628,101.0,39.96708713374852,-11.769062282163759,-38.19498955301856,0.7328732068810334,0.7523775696754456,0.9211763739585876,0.0,0.0,0.0,1.0,0.0,1.0
SNPT-105,0,9.0,0.0006301424133804782,0.9999449302752813,0.7058823529411765,1.0,1.0,0.8823529411764706,0.0,16.0,17.0,17.0,1764.5,517.5,1902.4408780867261,544.7521385154324,107.2580908393329,14.0,0.7987516145221889,0.6087738678735846,0.30357142857142855,1.0,1.0,0.875,543.0,635.0,93.0,56.0,5.5,567.5,11.394255199142961,569.8985471381981,98.51073801624635,527.0,1897.0772678408648,-1896.9408780867261,22.74786148456758,1.0887959322936342,0.712287187576294,0.9823622703552246,0.0,1.0,0.0,1.0,0.0,1.0
SNPT-105,0,6.0,0.3119371645152569,0.9347415963808695,0.023076923076923078,1.0,1.0,0.9384615384615385,0.0,129.0,130.0,130.0,337.0,578.5,18.921870161672885,655.9862841795323,116.57756234108156,16.0,0.30737253868574044,0.8416580389375272,0.20175438596491227,0.0,1.0,0.9298245614035088,521.0,634.0,114.0,114.0,12.642437090453594,686.1653437463096,14.693722092264238,555.3616130749548,99.7460468375458,392.0,30.825426453352094,-6.279433071219291,30.17905956677737,1.1687436849597546,0.5504403114318848,0.9034543037414551,0.0,1.0,0.0,0.0,1.0,1.0
SNPT-105,0,,1.0,0.0,0.0,0.0,1.0,0.8823529411764706,0.0,16.0,17.0,17.0,1771.5,397.0,1905.8417279644073,422.2052425456764,67.04153247249211,,1.0,0.0,0.0,1.0,1.0,0.8478260869565217,133.0,224.0,92.0,92.0,546.0,293.5,4.9045991220082,435.9917621180311,55.199035246366705,117.0,1365.9189450959257,-1359.8417279644073,-128.7052425456764,1.2145417428632486,0.6508764624595642,0.9274018406867981,0.0,0.0,0.0,0.0,1.0,1.0
SNPT-105,0,6.0,0.3119371645152569,0.9347415963808695,0.023076923076923078,1.0,1.0,0.9384615384615385,0.0,129.0,130.0,130.0,337.0,578.5,18.921870161672885,655.9862841795323,116.57756234108156,14.0,0.003199413662367724,0.9994529697202867,0.7560975609756098,1.0,1.0,0.8292682926829268,360.0,419.0,60.0,41.0,6.5,613.5,5.444541345289345,683.6948198518594,148.3496164712186,231.0,44.26496584995219,-12.421870161672885,-42.48628417953228,0.7858298869528849,0.8004571199417114,0.9427134990692139,0.0,1.0,0.0,1.0,0.0,1.0
SNPT-105,1,16.0,0.0023027752820468095,0.9934013618363274,0.19672131147540983,0.0,1.0,0.912568306010929,0.0,228.0,229.0,183.0,941.5,577.5,8.272914317304945,768.2010543475005,119.69090835651315,16.0,0.30737253868574044,0.8416580389375272,0.20175438596491227,0.0,1.0,0.9298245614035088,521.0,634.0,114.0,114.0,12.642437090453594,686.1653437463096,14.693722092264238,555.3616130749548,99.7460468375458,293.0,82.15199658625107,4.369522773148649,-82.03571060119089,1.1999564108184768,0.9306972026824951,0.9813884496688843,1.0,0.0,0.0,1.0,0.0,1.0
SNPT-105,0,9.0,0.0006301424133804782,0.9999449302752813,0.7058823529411765,1.0,1.0,0.8823529411764706,0.0,16.0,17.0,17.0,1764.5,517.5,1902.4408780867261,544.7521385154324,107.2580908393329,1.0,0.11101301738785373,0.9660393659557615,0.04674457429048414,1.0,0.988527724665392,0.8731218697829716,151.0,749.0,599.0,599.0,1912.0,376.0,1063.6555762038706,434.1802449096723,78.20381388372587,135.0,169.02266435388043,9.559121913273884,-168.75213851543242,1.3715199491268442,0.6872090101242065,0.9495492577552795,0.0,1.0,1.0,1.0,0.0,1.0
SNPT-105,1,9.0,0.0006301424133804782,0.9999449302752813,0.7058823529411765,1.0,1.0,0.8823529411764706,0.0,16.0,17.0,17.0,1764.5,517.5,1902.4408780867261,544.7521385154324,107.2580908393329,9.0,0.03097064976996871,0.9717667597561634,0.32273449920508746,1.0,0.9835466179159049,0.8696343402225755,115.0,749.0,635.0,629.0,1911.5,435.5,637.741694068638,440.6610476207808,104.7327698493526,99.0,109.62708360635519,9.059121913273884,-109.25213851543242,1.0241120424258112,0.8244909644126892,0.9865750670433044,1.0,0.0,1.0,1.0,0.0,1.0
SNPT-105,1,16.0,0.30737253868574044,0.8416580389375272,0.20175438596491227,0.0,1.0,0.9298245614035088,521.0,634.0,114.0,114.0,12.642437090453594,686.1653437463096,14.693722092264238,555.3616130749548,99.7460468375458,16.0,0.0013784100026961305,0.9998040846415929,0.9210526315789473,0.0,1.0,0.9210526315789473,344.0,420.0,77.0,76.0,7.5,703.5,9.86263707072328,712.213677783317,164.9573010593038,101.0,26.196240078553473,2.779800019730313,-26.048334037007407,0.6046779754336918,0.8740449547767639,0.8711471557617188,1.0,0.0,0.0,1.0,0.0,1.0
SNPT-105,0,16.0,0.0023027752820468095,0.9934013618363274,0.19672131147540983,0.0,1.0,0.912568306010929,0.0,228.0,229.0,183.0,941.5,577.5,8.272914317304945,768.2010543475005,119.69090835651315,,1.0,0.0,0.0,0.0,1.0,0.9333333333333333,511.0,637.0,127.0,120.0,21.0,571.0,5.538552471630634,587.8451203180912,86.1813288033822,283.0,197.61132190676858,12.727085682695055,-197.20105434750053,1.3888264432494555,0.8393465280532837,0.9852637052536011,0.0,0.0,0.0,1.0,0.0,1.0
SNPT-105,1,36.0,0.9466696480909983,0.648065277508327,0.05761316872427984,1.0,1.0,0.8395061728395061,0.0,242.0,243.0,243.0,974.0,366.5,7.170990706453695,558.0424398854483,79.94358375160675,14.0,0.7987516145221889,0.6087738678735846,0.30357142857142855,1.0,1.0,0.875,543.0,635.0,93.0,56.0,5.5,567.5,11.394255199142961,569.8985471381981,98.51073801624635,301.0,9.604043589104228,-1.6709907064536953,9.457560114551711,0.811521518988341,0.899823009967804,0.9857351183891296,0.0,1.0,0.0,1.0,0.0,1.0
SNPT-105,0,,1.0,0.0,0.0,1.0,1.0,0.84251968503937,0.0,126.0,127.0,127.0,236.0,379.5,5.577202583310009,388.2207183703472,68.25358297189428,27.0,0.024678732457527986,0.9950391769409179,0.05934718100890208,1.0,0.9703703703703703,0.8011869436201781,330.0,666.0,337.0,337.0,10.0,431.0,10.70141513276939,462.9713165932558,101.4917733729094,204.0,43.00730256291634,4.422797416689991,42.779281629652814,0.6725036000810761,0.7859727144241333,0.9641014933586121,0.0,0.0,0.0,1.0,0.0,1.0
SNPT-105,1,16.0,0.0023027752820468095,0.9934013618363274,0.19672131147540983,0.0,1.0,0.912568306010929,0.0,228.0,229.0,183.0,941.5,577.5,8.272914317304945,768.2010543475005,119.69090835651315,16.0,0.0013784100026961305,0.9998040846415929,0.9210526315789473,0.0,1.0,0.9210526315789473,344.0,420.0,77.0,76.0,7.5,703.5,9.86263707072328,712.213677783317,164.9573010593038,116.0,64.70567077328009,-0.7729143173049451,-64.70105434750053,0.7255872131023959,0.9086969494819641,0.9246969223022461,1.0,0.0,1.0,1.0,0.0,1.0
SNPT-105,0,,1.0,0.0,0.0,0.0,1.0,0.9090909090909091,0.0,32.0,33.0,33.0,1679.5,340.0,1915.0107456341539,378.58018125263317,60.50742969550534,9.0,0.03097064976996871,0.9717667597561634,0.32273449920508746,1.0,0.9835466179159049,0.8696343402225755,115.0,749.0,635.0,629.0,1911.5,435.5,637.741694068638,440.6610476207808,104.7327698493526,83.0,57.0279852453234,-3.5107456341538636,56.91981874736683,0.5777315904328617,0.6460998058319092,0.9166156649589539,0.0,0.0,0.0,0.0,1.0,1.0
SNPT-105,0,9.0,0.0006301424133804782,0.9999449302752813,0.7058823529411765,1.0,1.0,0.8823529411764706,0.0,16.0,17.0,17.0,1764.5,517.5,1902.4408780867261,544.7521385154324,107.2580908393329,31.0,0.02352945963099734,0.994615492067839,0.05837173579109063,0.0,0.9835466179159049,0.8402457757296466,99.0,749.0,651.0,651.0,1908.0,367.0,552.4430902661076,442.61840177071485,83.88543929616758,83.0,177.8390468464564,5.559121913273884,-177.75213851543242,1.2786258466221458,0.6286339163780212,0.930068850517273,0.0,1.0,1.0,0.0,1.0,1.0
SNPT-105,0,,1.0,0.0,0.0,0.0,1.0,0.9090909090909091,0.0,32.0,33.0,33.0,1679.5,340.0,1915.0107456341539,378.58018125263317,60.50742969550534,,1.0,0.0,0.0,1.0,1.0,0.8478260869565217,133.0,224.0,92.0,92.0,546.0,293.5,4.9045991220082,435.9917621180311,55.199035246366705,101.0,1371.6519452484158,-1369.0107456341539,-85.08018125263317,1.0961682468805112,0.6455342173576355,0.9491289258003235,0.0,0.0,0.0,0.0,1.0,1.0
SNPT-105,0,,1.0,0.0,0.0,1.0,1.0,0.8478260869565217,133.0,224.0,92.0,92.0,546.0,293.5,4.9045991220082,435.9917621180311,55.199035246366705,24.0,0.09534176714191744,0.9069559059359811,0.1286549707602339,0.0,0.9967637540453075,0.9035087719298246,337.0,678.0,342.0,342.0,8.5,460.5,10.80116458735257,446.10094836621397,94.93509885539177,113.0,24.77055977471321,3.5954008779918,24.50823788196891,0.5814396984033026,0.7299250364303589,0.9364273548126221,0.0,0.0,0.0,0.0,1.0,1.0
SNPT-105,1,,1.0,0.0,0.0,1.0,1.0,0.8478260869565217,133.0,224.0,92.0,92.0,546.0,293.5,4.9045991220082,435.9917621180311,55.199035246366705,27.0,0.024678732457527986,0.9950391769409179,0.05934718100890208,1.0,0.9703703703703703,0.8011869436201781,330.0,666.0,337.0,337.0,10.0,431.0,10.70141513276939,462.9713165932558,101.4917733729094,106.0,7.133077817495743,5.0954008779918,-4.99176211803109,0.5438769410753114,0.9149620532989502,0.9908167123794556,0.0,0.0,0.0,1.0,0.0,1.0
SNPT-105,1,62.0,0.0003708693220138399,0.9878334025663089,0.6910112359550562,1.0,1.0,0.9550561797752809,0.0,355.0,356.0,356.0,1326.5,672.0,1909.9072538202604,695.0583096467149,147.11365296700748,62.0,0.01933510534772102,0.9066571453521992,0.4277286135693215,1.0,1.0,0.9734513274336283,411.0,749.0,339.0,339.0,1909.5,826.0,102.42426488806355,775.0372288302738,155.29768405155497,56.0,130.94232367057538,-0.4072538202603937,130.94169035328514,0.9473010100921364,0.9453364610671997,0.9815026521682739,1.0,0.0,1.0,1.0,0.0,1.0
SNPT-105,1,14.0,0.003199413662367724,0.9994529697202867,0.7560975609756098,1.0,1.0,0.8292682926829268,360.0,419.0,60.0,41.0,6.5,613.5,5.444541345289345,683.6948198518594,148.3496164712186,14.0,0.7987516145221889,0.6087738678735846,0.30357142857142855,1.0,1.0,0.875,543.0,635.0,93.0,56.0,5.5,567.5,11.394255199142961,569.8985471381981,98.51073801624635,124.0,116.19483308679624,0.05545865471065525,-116.19481985185939,1.5059233080433612,0.9243830442428589,0.9251438975334167,1.0,0.0,0.0,1.0,0.0,1.0
SNPT-105,0,,1.0,0.0,0.0,0.0,1.0,0.8666666666666667,0.0,14.0,15.0,15.0,1805.5,627.5,1911.8512545569072,702.3198559155041,104.51505435693038,1.0,0.11101301738785373,0.9660393659557615,0.04674457429048414,1.0,0.988527724665392,0.8731218697829716,151.0,749.0,599.0,599.0,1912.0,376.0,1063.6555762038706,434.1802449096723,78.20381388372587,137.0,326.3198898166066,0.148745443092821,-326.31985591550415,1.3364444669197886,0.5824823379516602,0.9497277736663818,0.0,0.0,0.0,0.0,1.0,1.0
SNPT-105,0,16.0,0.0023027752820468095,0.9934013618363274,0.19672131147540983,0.0,1.0,0.912568306010929,0.0,228.0,229.0,183.0,941.5,577.5,8.272914317304945,768.2010543475005,119.69090835651315,62.0,0.01933510534772102,0.9066571453521992,0.4277286135693215,1.0,1.0,0.9734513274336283,411.0,749.0,339.0,339.0,1909.5,826.0,102.42426488806355,775.0372288302738,155.29768405155497,183.0,1902.1054517171374,1901.2270856826951,57.79894565249947,0.770719209932189,0.6550804376602173,0.9058433175086975,0.0,1.0,1.0,0.0,1.0,1.0
SNPT-105,0,,1.0,0.0,0.0,0.0,1.0,0.8823529411764706,0.0,16.0,17.0,17.0,1771.5,397.0,1905.8417279644073,422.2052425456764,67.04153247249211,9.0,0.03097064976996871,0.9717667597561634,0.32273449920508746,1.0,0.9835466179159049,0.8696343402225755,115.0,749.0,635.0,629.0,1911.5,435.5,637.741694068638,440.6610476207808,104.7327698493526,99.0,14.448758361813082,5.658272035592745,13.294757454323587,0.6401199220542387,0.6511223912239075,0.8897769451141357,0.0,0.0,0.0,0.0,1.0,1.0
SNPT-105,1,,1.0,0.0,0.0,0.0,1.0,0.8823529411764706,0.0,16.0,17.0,17.0,1771.5,397.0,1905.8417279644073,422.2052425456764,67.04153247249211,4.0,0.016596300416474162,0.9463605784406566,0.15639810426540285,0.0,1.0,0.8657187993680885,117.0,749.0,633.0,633.0,1890.5,415.0,373.0618690273515,431.42572934663133,94.27094259681189,101.0,16.949458312167415,-15.341727964407255,-7.205242545676413,0.7111579732391405,0.7992153167724609,0.9373601675033569,0.0,0.0,0.0,1.0,0.0,1.0
SNPT-105,1,,1.0,0.0,0.0,1.0,1.0,0.7669172932330827,0.0,132.0,133.0,133.0,756.0,293.0,586.8089104275307,287.64856873600536,47.752165561472395,,1.0,0.0,0.0,1.0,1.0,0.8478260869565217,133.0,224.0,92.0,92.0,546.0,293.5,4.9045991220082,435.9917621180311,55.199035246366705,1.0,41.22628309852196,-40.80891042753069,5.851431263994641,0.8650905826223751,0.900504469871521,0.992697536945343,0.0,0.0,0.0,1.0,0.0,1.0
SNPT-105,0,,1.0,0.0,0.0,1.0,1.0,0.84251968503937,0.0,126.0,127.0,127.0,236.0,379.5,5.577202583310009,388.2207183703472,68.25358297189428,14.0,0.7987516145221889,0.6087738678735846,0.30357142857142855,1.0,1.0,0.875,543.0,635.0,93.0,56.0,5.5,567.5,11.394255199142961,569.8985471381981,98.51073801624635,417.0,179.27929825242856,-0.07720258331000895,179.27928162965281,0.6928542445863914,0.7805465459823608,0.9721777439117432,0.0,0.0,0.0,1.0,0.0,1.0
SNPT-105,0,,1.0,0.0,0.0,0.0,1.0,0.8939393939393939,0.0,134.0,135.0,132.0,551.5,416.5,2.060351358574664,743.4419265308156,86.47776339497997,16.0,0.0013784100026961305,0.9998040846415929,0.9210526315789473,0.0,1.0,0.9210526315789473,344.0,420.0,77.0,76.0,7.5,703.5,9.86263707072328,712.213677783317,164.9573010593038,210.0,40.31063472999693,5.439648641425336,-39.941926530815635,0.5242433213907298,0.7675645351409912,0.901141345500946,0.0,0.0,0.0,1.0,0.0,1.0
SNPT-105,0,,1.0,0.0,0.0,0.0,1.0,0.8823529411764706,0.0,16.0,17.0,17.0,1771.5,397.0,1905.8417279644073,422.2052425456764,67.04153247249211,14.0,0.003199413662367724,0.9994529697202867,0.7560975609756098,1.0,1.0,0.8292682926829268,360.0,419.0,60.0,41.0,6.5,613.5,5.444541345289345,683.6948198518594,148.3496164712186,344.0,1908.950676108822,-1899.3417279644073,191.2947574543236,0.4519157788688916,0.6079466342926025,0.8044347763061523,0.0,0.0,0.0,0.0,1.0,1.0
SNPT-105,1,36.0,0.9466696480909983,0.648065277508327,0.05761316872427984,1.0,1.0,0.8395061728395061,0.0,242.0,243.0,243.0,974.0,366.5,7.170990706453695,558.0424398854483,79.94358375160675,14.0,0.003199413662367724,0.9994529697202867,0.7560975609756098,1.0,1.0,0.8292682926829268,360.0,419.0,60.0,41.0,6.5,613.5,5.444541345289345,683.6948198518594,148.3496164712186,118.0,55.461619182884164,-0.6709907064536953,55.45756011455171,0.5388863527471044,0.892299234867096,0.9125392436981201,0.0,1.0,0.0,1.0,0.0,1.0
SNPT-105,0,,1.0,0.0,0.0,0.0,1.0,0.8939393939393939,0.0,134.0,135.0,132.0,551.5,416.5,2.060351358574664,743.4419265308156,86.47776339497997,16.0,0.30737253868574044,0.8416580389375272,0.20175438596491227,0.0,1.0,0.9298245614035088,521.0,634.0,114.0,114.0,12.642437090453594,686.1653437463096,14.693722092264238,555.3616130749548,99.7460468375458,387.0,58.24592238008772,10.58208573187893,-57.27658278450599,0.8669793554407665,0.8113088607788086,0.9710224866867065,0.0,0.0,0.0,1.0,0.0,1.0
SNPT-105,0,,1.0,0.0,0.0,0.0,1.0,0.8823529411764706,0.0,16.0,17.0,17.0,1771.5,397.0,1905.8417279644073,422.2052425456764,67.04153247249211,27.0,0.024678732457527986,0.9950391769409179,0.05934718100890208,1.0,0.9703703703703703,0.8011869436201781,330.0,666.0,337.0,337.0,10.0,431.0,10.70141513276939,462.9713165932558,101.4917733729094,314.0,1895.8621271732156,-1895.8417279644073,8.794757454323587,0.6605612479167411,0.6094872355461121,0.9309992790222168,0.0,0.0,0.0,0.0,1.0,1.0
SNPT-105,1,,1.0,0.0,0.0,1.0,1.0,0.7669172932330827,0.0,132.0,133.0,133.0,756.0,293.0,586.8089104275307,287.64856873600536,47.752165561472395,27.0,0.024678732457527986,0.9950391769409179,0.05934718100890208,1.0,0.9703703703703703,0.8011869436201781,330.0,666.0,337.0,337.0,10.0,431.0,10.70141513276939,462.9713165932558,101.4917733729094,198.0,594.3552405708482,-576.8089104275307,143.35143126399464,0.4705028198297163,0.900840163230896,0.9903388023376465,0.0,0.0,0.0,1.0,0.0,1.0
SNPT-105,0,,1.0,0.0,0.0,1.0,1.0,0.9375,0.0,15.0,16.0,16.0,1778.0,446.5,1914.7690622821638,458.69498955301856,74.08832254774528,16.0,0.0013784100026961305,0.9998040846415929,0.9210526315789473,0.0,1.0,0.9210526315789473,344.0,420.0,77.0,76.0,7.5,703.5,9.86263707072328,712.213677783317,164.9573010593038,329.0,1922.9156947403158,-1907.2690622821638,244.80501044698144,0.4491363648166733,0.6485236883163452,0.7624493837356567,0.0,0.0,0.0,0.0,1.0,1.0
SNPT-105,1,24.0,0.7604660338256508,0.779605507850647,0.013333333333333334,0.0,1.0,0.8444444444444444,0.0,224.0,225.0,225.0,888.5,332.5,7.100123708609063,467.429221970067,60.79680907777187,24.0,0.09534176714191744,0.9069559059359811,0.1286549707602339,0.0,0.9967637540453075,0.9035087719298246,337.0,678.0,342.0,342.0,8.5,460.5,10.80116458735257,446.10094836621397,94.93509885539177,113.0,7.069212879922157,1.399876291390937,-6.929221970066976,0.6404039160519498,0.8816647529602051,0.989959716796875,1.0,0.0,0.0,1.0,0.0,1.0
SNPT-105,0,24.0,0.7604660338256508,0.779605507850647,0.013333333333333334,0.0,1.0,0.8444444444444444,0.0,224.0,225.0,225.0,888.5,332.5,7.100123708609063,467.429221970067,60.79680907777187,62.0,0.01933510534772102,0.9066571453521992,0.4277286135693215,1.0,1.0,0.9734513274336283,411.0,749.0,339.0,339.0,1909.5,826.0,102.42426488806355,775.0372288302738,155.29768405155497,187.0,1935.8972834761898,1902.399876291391,358.570778029933,0.3914856132535038,0.625151515007019,0.9014968872070312,0.0,1.0,0.0,0.0,1.0,1.0
SNPT-105,0,,1.0,0.0,0.0,1.0,1.0,0.8478260869565217,133.0,224.0,92.0,92.0,546.0,293.5,4.9045991220082,435.9917621180311,55.199035246366705,14.0,0.7987516145221889,0.6087738678735846,0.30357142857142855,1.0,1.0,0.875,543.0,635.0,93.0,56.0,5.5,567.5,11.394255199142961,569.8985471381981,98.51073801624635,319.0,131.5095857077576,0.5954008779917999,131.5082378819689,0.5603352117539034,0.8860455751419067,0.981442928314209,0.0,0.0,0.0,1.0,0.0,1.0
SNPT-105,0,,1.0,0.0,0.0,0.0,1.0,0.8823529411764706,0.0,16.0,17.0,17.0,1771.5,397.0,1905.8417279644073,422.2052425456764,67.04153247249211,33.0,0.013332239437537438,0.9917365698505649,0.4384858044164038,1.0,1.0,0.8675078864353313,116.0,749.0,634.0,634.0,1903.0,420.5,165.2992356772761,452.15609729334295,101.0929610362628,100.0,3.314101682700634,-2.841727964407255,-1.7052425456764126,0.6631671659953041,0.6298947930335999,0.8830558061599731,0.0,0.0,0.0,0.0,1.0,1.0
SNPT-105,0,6.0,0.3119371645152569,0.9347415963808695,0.023076923076923078,1.0,1.0,0.9384615384615385,0.0,129.0,130.0,130.0,337.0,578.5,18.921870161672885,655.9862841795323,116.57756234108156,62.0,0.01933510534772102,0.9066571453521992,0.4277286135693215,1.0,1.0,0.9734513274336283,411.0,749.0,339.0,339.0,1909.5,826.0,102.42426488806355,775.0372288302738,155.29768405155497,282.0,1898.2071353227154,1890.5781298383272,170.01371582046772,0.7506716088720339,0.8218614459037781,0.9847471117973328,0.0,1.0,0.0,1.0,0.0,1.0
SNPT-105,1,,1.0,0.0,0.0,0.0,1.0,0.9090909090909091,0.0,32.0,33.0,33.0,1679.5,340.0,1915.0107456341539,378.58018125263317,60.50742969550534,31.0,0.02352945963099734,0.994615492067839,0.05837173579109063,0.0,0.9835466179159049,0.8402457757296466,99.0,749.0,651.0,651.0,1908.0,367.0,552.4430902661076,442.61840177071485,83.88543929616758,67.0,13.537028927746448,-7.010745634153864,-11.580181252633167,0.7213102798672439,0.8470765352249146,0.9615508913993835,0.0,0.0,0.0,1.0,0.0,1.0
SNPT-105,0,6.0,0.3119371645152569,0.9347415963808695,0.023076923076923078,1.0,1.0,0.9384615384615385,0.0,129.0,130.0,130.0,337.0,578.5,18.921870161672885,655.9862841795323,116.57756234108156,16.0,0.0013784100026961305,0.9998040846415929,0.9210526315789473,0.0,1.0,0.9210526315789473,344.0,420.0,77.0,76.0,7.5,703.5,9.86263707072328,712.213677783317,164.9573010593038,215.0,48.867292835374855,-11.421870161672885,47.51371582046772,0.7067135652223769,0.6045582294464111,0.8194772005081177,0.0,1.0,0.0,0.0,1.0,1.0
SNPT-105,0,16.0,0.30737253868574044,0.8416580389375272,0.20175438596491227,0.0,1.0,0.9298245614035088,521.0,634.0,114.0,114.0,12.642437090453594,686.1653437463096,14.693722092264238,555.3616130749548,99.7460468375458,,1.0,0.0,0.0,1.0,1.0,0.9375,0.0,15.0,16.0,16.0,1778.0,446.5,1914.7690622821638,458.69498955301856,74.08832254774528,506.0,1915.679634046368,-1902.1266251917102,227.4703541932911,1.346312663149658,0.6398724317550659,0.8975656032562256,0.0,0.0,0.0,0.0,1.0,1.0
SNPT-105,0,,1.0,0.0,0.0,0.0,1.0,0.8666666666666667,0.0,14.0,15.0,15.0,1805.5,627.5,1911.8512545569072,702.3198559155041,104.51505435693038,,1.0,0.0,0.0,1.0,1.0,0.8478260869565217,133.0,224.0,92.0,92.0,546.0,293.5,4.9045991220082,435.9917621180311,55.199035246366705,119.0,1425.7220360804736,-1365.8512545569072,-408.81985591550415,1.8934217580154127,0.578085720539093,0.9147037267684937,0.0,0.0,0.0,0.0,1.0,1.0
SNPT-105,0,62.0,0.0003708693220138399,0.9878334025663089,0.6910112359550562,1.0,1.0,0.9550561797752809,0.0,355.0,356.0,356.0,1326.5,672.0,1909.9072538202604,695.0583096467149,147.11365296700748,14.0,0.7987516145221889,0.6087738678735846,0.30357142857142855,1.0,1.0,0.875,543.0,635.0,93.0,56.0,5.5,567.5,11.394255199142961,569.8985471381981,98.51073801624635,188.0,1908.6744381279782,-1904.4072538202604,-127.55830964671486,1.4933768229687363,0.8246288895606995,0.9386875629425049,0.0,1.0,0.0,1.0,0.0,1.0
SNPT-105,1,10.0,0.049553962961700955,0.979703351959482,0.29183673469387755,0.0,1.0,0.8795918367346939,0.0,510.0,511.0,490.0,1052.5,418.0,12.9169215996318,596.0649388007855,98.9643988499774,,1.0,0.0,0.0,0.0,1.0,0.9333333333333333,511.0,637.0,127.0,120.0,21.0,571.0,5.538552471630634,587.8451203180912,86.1813288033822,1.0,26.336045897469536,8.0830784003682,-25.064938800785512,1.1483276044137014,0.9597059488296509,0.9942594766616821,0.0,0.0,0.0,1.0,0.0,1.0
SNPT-105,0,,1.0,0.0,0.0,0.0,1.0,0.8823529411764706,0.0,16.0,17.0,17.0,1771.5,397.0,1905.8417279644073,422.2052425456764,67.04153247249211,14.0,0.7987516145221889,0.6087738678735846,0.30357142857142855,1.0,1.0,0.875,543.0,635.0,93.0,56.0,5.5,567.5,11.394255199142961,569.8985471381981,98.51073801624635,527.0,1905.8880474955658,-1900.3417279644073,145.2947574543236,0.6805505046712333,0.595294177532196,0.9018861651420593,0.0,0.0,0.0,0.0,1.0,1.0
SNPT-105,1,,1.0,0.0,0.0,0.0,1.0,0.8666666666666667,0.0,14.0,15.0,15.0,1805.5,627.5,1911.8512545569072,702.3198559155041,104.51505435693038,20.0,0.012970051799203929,0.9845796763251404,0.43213728549141966,0.0,1.0,0.9204368174726989,109.0,749.0,641.0,641.0,1902.0,784.5,1079.3802789650485,762.6695592869389,123.1972293457934,95.0,82.7684921820706,-9.851254556907179,82.18014408449585,0.8483555589028274,0.8017675876617432,0.9454410076141357,0.0,0.0,0.0,1.0,0.0,1.0
SNPT-105,0,,1.0,0.0,0.0,0.0,1.0,0.9090909090909091,0.0,32.0,33.0,33.0,1679.5,340.0,1915.0107456341539,378.58018125263317,60.50742969550534,14.0,0.7987516145221889,0.6087738678735846,0.30357142857142855,1.0,1.0,0.875,543.0,635.0,93.0,56.0,5.5,567.5,11.394255199142961,569.8985471381981,98.51073801624635,511.0,1918.833496061563,-1909.5107456341539,188.91981874736683,0.6142216667336964,0.5661452412605286,0.9283255338668823,0.0,0.0,0.0,0.0,1.0,1.0
SNPT-105,0,,1.0,0.0,0.0,0.0,1.0,0.8939393939393939,0.0,134.0,135.0,132.0,551.5,416.5,2.060351358574664,743.4419265308156,86.47776339497997,24.0,0.09534176714191744,0.9069559059359811,0.1286549707602339,0.0,0.9967637540453075,0.9035087719298246,337.0,678.0,342.0,342.0,8.5,460.5,10.80116458735257,446.10094836621397,94.93509885539177,203.0,283.0151989974999,6.439648641425336,-282.94192653081564,0.910914555708271,0.7752201557159424,0.9697418212890625,0.0,0.0,0.0,1.0,0.0,1.0
SNPT-106,1,,1.0,0.0,0.0,1.0,1.0,0.7692307692307693,0.0,12.0,13.0,13.0,1811.5,675.5,1911.2190785807309,684.8982487455473,126.87742962802423,7.0,0.00901067860249279,0.9870973335586579,0.40032414910858993,1.0,1.0,0.9157212317666127,133.0,749.0,617.0,617.0,1908.5,702.0,1580.5201694251218,621.1800286790302,100.52992423481355,121.0,17.316560983560294,-2.7190785807308657,17.101751254452665,1.262086195665176,0.8953736424446106,0.9877417087554932,0.0,0.0,0.0,1.0,0.0,1.0
SNPT-106,0,,1.0,0.0,0.0,0.0,1.0,0.9333333333333333,0.0,29.0,30.0,30.0,1468.5,679.0,1900.176042975319,721.4370110629153,137.40593148761823,,1.0,0.0,0.0,0.0,1.0,0.9574468085106383,656.0,749.0,94.0,94.0,24.5,733.0,1391.775461552322,866.7980879101455,182.21363356132287,627.0,1875.7116838428847,-1875.676042975319,11.562988937084697,0.7540924836525754,0.6719377636909485,0.9723668098449707,0.0,0.0,0.0,1.0,0.0,1.0
SNPT-106,0,,1.0,0.0,0.0,1.0,1.0,0.7692307692307693,0.0,12.0,13.0,13.0,1811.5,675.5,1911.2190785807309,684.8982487455473,126.87742962802423,20.0,0.0005149932306060791,0.9919049807133213,0.2743362831858407,0.0,1.0,0.9092920353982301,234.0,685.0,452.0,452.0,1914.0,564.5,1913.5710114091853,577.0526508413582,78.55399769143298,222.0,120.43036089348416,2.7809214192691343,-120.39824874554733,1.6151619695589516,0.6221668720245361,0.9011980891227722,0.0,0.0,0.0,0.0,1.0,1.0
SNPT-106,1,,1.0,0.0,0.0,1.0,1.0,0.7142857142857143,0.0,6.0,7.0,7.0,1822.0,584.5,1899.4886453967254,587.7110145196165,128.1197283618331,9.0,0.04268784456684984,0.9811015180033497,0.22456813819577734,1.0,0.9934782608695653,0.8829174664107485,229.0,749.0,521.0,521.0,1909.5,552.5,712.9654856509571,538.5152435289508,91.15067900532084,223.0,36.60659454924959,10.01135460327464,-35.21101451961647,1.4055817220445963,0.788144052028656,0.9658936858177185,0.0,0.0,0.0,1.0,0.0,1.0
SNPT-106,0,6.0,0.009666955427036328,0.992599089380721,0.199438202247191,1.0,0.9926739926739927,0.7668539325842697,0.0,711.0,712.0,712.0,1195.5,586.0,15.460224818891954,563.5795678038405,96.83821102749704,,1.0,0.0,0.0,0.0,1.0,0.782608695652174,727.0,749.0,23.0,23.0,1910.0,788.5,1711.1096332947666,825.6774012921977,188.271604966166,16.0,1907.8443753520858,1894.539775181108,224.92043219615948,0.5143537765288594,0.6561182141304016,0.8523341417312622,0.0,0.0,0.0,0.0,1.0,1.0
SNPT-106,1,10.0,0.04437339509774291,0.9770067070103898,0.45664739884393063,0.0,0.9865771812080537,0.861271676300578,0.0,172.0,173.0,173.0,344.0,651.0,1909.1562363828575,603.8235257119536,130.30306151769776,4.0,0.45752949515978497,0.7963478763898214,0.01282051282051282,0.0,0.9900990099009901,0.8632478632478633,516.0,749.0,234.0,234.0,1914.0,488.0,668.1815797574922,690.2495365595961,100.95525701136235,344.0,115.92476506047502,4.843763617142486,-115.82352571195361,1.290701102400565,0.954623818397522,0.9842868447303772,0.0,1.0,0.0,1.0,0.0,1.0
SNPT-106,0,,1.0,0.0,0.0,1.0,1.0,0.7142857142857143,0.0,6.0,7.0,7.0,1822.0,584.5,1899.4886453967254,587.7110145196165,128.1197283618331,14.0,0.38700468142633326,0.8669926623503367,0.012145748987854251,1.0,0.9652777777777778,0.8744939271255061,256.0,749.0,494.0,494.0,1913.5,558.0,1473.934467823699,459.02048407703035,87.11927463972215,250.0,32.84908585643695,14.01135460327464,-29.71101451961647,1.4706243697696806,0.8376243710517883,0.9803131222724915,0.0,0.0,0.0,1.0,0.0,1.0
SNPT-106,1,,1.0,0.0,0.0,0.0,1.0,0.9333333333333333,0.0,29.0,30.0,30.0,1468.5,679.0,1900.176042975319,721.4370110629153,137.40593148761823,20.0,0.0005149932306060791,0.9919049807133213,0.2743362831858407,0.0,1.0,0.9092920353982301,234.0,685.0,452.0,452.0,1914.0,564.5,1913.5710114091853,577.0526508413582,78.55399769143298,205.0,157.54468327805236,13.823957024681022,-156.9370110629153,1.7491908181091027,0.8581212759017944,0.9579476714134216,0.0,0.0,0.0,1.0,0.0,1.0
SNPT-106,0,,1.0,0.0,0.0,1.0,1.0,0.975609756097561,0.0,40.0,41.0,41.0,1415.5,503.5,1905.6751875573127,522.9480435896429,101.28950440591875,4.0,0.45752949515978497,0.7963478763898214,0.01282051282051282,0.0,0.9900990099009901,0.8632478632478633,516.0,749.0,234.0,234.0,1914.0,488.0,668.1815797574922,690.2495365595961,100.95525701136235,476.0,35.92587163799233,8.32481244268729,-34.94804358964291,1.0033108468489043,0.7168474197387695,0.9052179455757141,0.0,0.0,0.0,0.0,1.0,1.0
SNPT-106,0,,1.0,0.0,0.0,1.0,1.0,0.7692307692307693,0.0,12.0,13.0,13.0,1811.5,675.5,1911.2190785807309,684.8982487455473,126.87742962802423,,1.0,0.0,0.0,0.0,1.0,0.9574468085106383,656.0,749.0,94.0,94.0,24.5,733.0,1391.775461552322,866.7980879101455,182.21363356132287,644.0,1887.332154114444,-1886.7190785807309,48.101751254452665,0.696311396399021,0.5990473031997681,0.9029620289802551,0.0,0.0,0.0,0.0,1.0,1.0
SNPT-106,0,,1.0,0.0,0.0,1.0,1.0,0.7692307692307693,0.0,12.0,13.0,13.0,1811.5,675.5,1911.2190785807309,684.8982487455473,126.87742962802423,14.0,0.17953407487710557,0.9350492449907156,0.06103286384976526,0.0,0.9135135135135135,0.8685446009389671,537.0,749.0,213.0,213.0,1913.0,500.0,760.697834078376,448.258325819899,94.04997953306645,525.0,184.90682537503017,1.7809214192691343,-184.89824874554733,1.3490426075363067,0.7300800681114197,0.9196895360946655,0.0,0.0,0.0,0.0,1.0,1.0
SNPT-106,1,,1.0,0.0,0.0,1.0,1.0,0.975609756097561,0.0,40.0,41.0,41.0,1415.5,503.5,1905.6751875573127,522.9480435896429,101.28950440591875,,1.0,0.0,0.0,1.0,0.8857715430861723,0.8074433656957929,132.0,749.0,618.0,618.0,1908.5,540.5,941.4809576399618,433.60102609323485,75.21962322486539,92.0,17.777815927932103,2.824812442687289,17.551956410357093,1.3465835118997969,0.8306806087493896,0.9700670838356018,0.0,0.0,0.0,1.0,0.0,0.0
SNPT-106,0,,1.0,0.0,0.0,1.0,1.0,0.7142857142857143,0.0,6.0,7.0,7.0,1822.0,584.5,1899.4886453967254,587.7110145196165,128.1197283618331,3.0,0.003378921776629795,0.9994635060429573,0.07476635514018691,1.0,0.9281437125748503,0.780373831775701,536.0,749.0,214.0,214.0,1913.0,503.0,953.6641423011276,463.87356758206755,100.82186067837411,530.0,85.78177361280252,13.51135460327464,-84.71101451961647,1.2707534606065276,0.7416178584098816,0.9716193675994873,0.0,0.0,0.0,1.0,0.0,1.0
SNPT-106,0,,1.0,0.0,0.0,1.0,1.0,0.975609756097561,0.0,40.0,41.0,41.0,1415.5,503.5,1905.6751875573127,522.9480435896429,101.28950440591875,14.0,0.17953407487710557,0.9350492449907156,0.06103286384976526,0.0,0.9135135135135135,0.8685446009389671,537.0,749.0,213.0,213.0,1913.0,500.0,760.697834078376,448.258325819899,94.04997953306645,497.0,24.088702370877048,7.324812442687289,-22.948043589642907,1.0769752945061195,0.7651310563087463,0.9146758913993835,0.0,0.0,0.0,0.0,1.0,1.0
SNPT-106,1,36.0,1.6679364135488868,0.5087276895840963,0.005128205128205128,0.0,0.9625668449197861,0.958974358974359,0.0,584.0,585.0,585.0,1478.0,549.0,14.39534380924691,581.4782634538502,90.75718655954003,,1.0,0.0,0.0,0.0,1.0,0.9574468085106383,656.0,749.0,94.0,94.0,24.5,733.0,1391.775461552322,866.7980879101455,182.21363356132287,72.0,151.85829158361472,10.10465619075309,151.52173654614978,0.4980812071287534,0.8822621703147888,0.9781331419944763,0.0,0.0,0.0,1.0,0.0,1.0
SNPT-106,0,,1.0,0.0,0.0,1.0,1.0,0.975609756097561,0.0,40.0,41.0,41.0,1415.5,503.5,1905.6751875573127,522.9480435896429,101.28950440591875,9.0,0.04268784456684984,0.9811015180033497,0.22456813819577734,1.0,0.9934782608695653,0.8829174664107485,229.0,749.0,521.0,521.0,1909.5,552.5,712.9654856509571,538.5152435289508,91.15067900532084,189.0,29.798444890654633,3.824812442687289,29.551956410357093,1.1112314851763865,0.7387383580207825,0.9578537940979004,0.0,0.0,0.0,1.0,0.0,1.0
SNPT-106,0,,1.0,0.0,0.0,1.0,1.0,0.975609756097561,0.0,40.0,41.0,41.0,1415.5,503.5,1905.6751875573127,522.9480435896429,101.28950440591875,14.0,0.38700468142633326,0.8669926623503367,0.012145748987854251,1.0,0.9652777777777778,0.8744939271255061,256.0,749.0,494.0,494.0,1913.5,558.0,1473.934467823699,459.02048407703035,87.11927463972215,216.0,35.914723136296175,7.824812442687289,35.05195641035709,1.1626532110695016,0.8377347588539124,0.9817151427268982,0.0,0.0,0.0,1.0,0.0,1.0
SNPT-106,0,,1.0,0.0,0.0,1.0,1.0,0.975609756097561,0.0,40.0,41.0,41.0,1415.5,503.5,1905.6751875573127,522.9480435896429,101.28950440591875,33.0,0.015070649469728725,0.9816362636429923,0.08027522935779817,1.0,0.9922879177377892,0.8922018348623854,314.0,749.0,436.0,436.0,1908.0,539.0,1681.4130844566444,530.338896751797,84.35739763366159,274.0,16.219434561466,2.324812442687289,16.051956410357093,1.2007186950667696,0.7899115085601807,0.9637702703475952,0.0,0.0,0.0,1.0,0.0,1.0
SNPT-106,0,,1.0,0.0,0.0,0.0,1.0,0.8846153846153846,0.0,42.0,43.0,26.0,1515.5,489.5,1912.75547145095,531.2091594036265,91.50281355703052,7.0,0.00901067860249279,0.9870973335586579,0.40032414910858993,1.0,1.0,0.9157212317666127,133.0,749.0,617.0,617.0,1908.5,702.0,1580.5201694251218,621.1800286790302,100.52992423481355,91.0,170.84384761789264,-4.255471450949926,170.79084059637353,0.9102047400662724,0.6632049083709717,0.9085405468940735,0.0,0.0,0.0,0.0,1.0,1.0
SNPT-106,0,10.0,0.04437339509774291,0.9770067070103898,0.45664739884393063,0.0,0.9865771812080537,0.861271676300578,0.0,172.0,173.0,173.0,344.0,651.0,1909.1562363828575,603.8235257119536,130.30306151769776,4.0,0.12618365833934928,0.8186061499374253,0.07756232686980609,0.0,1.0,0.8421052631578947,389.0,749.0,361.0,361.0,1910.5,536.5,827.6096781381384,657.1415557061997,101.10259595051647,217.0,67.33693499816304,1.3437636171424856,-67.32352571195361,1.2888201365420242,0.9208689332008362,0.9824554324150085,0.0,1.0,1.0,1.0,0.0,1.0
SNPT-106,1,33.0,0.037854800613078825,0.9546400472126176,0.25223214285714285,0.0,1.0,0.9174107142857143,15.0,462.0,448.0,448.0,5.5,707.5,1911.0149372505296,572.1857761551712,100.29643643729696,33.0,0.03376964881285858,0.9887525781989097,0.5970149253731343,0.0,1.0,0.8805970149253731,579.0,645.0,67.0,67.0,1909.0,584.5,1906.5150814520116,655.3017340486294,115.36877176471874,117.0,12.477983852534907,-2.014937250529556,12.314223844828803,0.8693551548060158,0.8753131628036499,0.9886071085929871,1.0,0.0,1.0,1.0,0.0,1.0
SNPT-107,0,31.0,0.05409359076348707,0.9687389454671315,0.5465465465465466,0.0,1.0,0.8168168168168168,0.0,332.0,333.0,333.0,317.5,563.5,7.353592812089052,751.728238180787,93.40881832905686,,1.0,0.0,0.0,1.0,1.0,0.8271604938271605,669.0,749.0,81.0,81.0,14.5,558.0,632.0392789364662,493.9590138116508,85.04022030510933,337.0,193.86000465368602,7.146407187910948,-193.728238180787,1.0984075299184606,0.6762988567352295,0.9144689440727234,0.0,0.0,0.0,0.0,1.0,1.0
SNPT-107,0,,1.0,0.0,0.0,0.0,1.0,0.8587786259541985,0.0,261.0,262.0,262.0,179.5,445.0,12.556929061229472,495.81190412055366,65.42637036985407,,1.0,0.0,0.0,1.0,1.0,0.9154929577464789,679.0,749.0,71.0,71.0,29.0,592.0,643.10644136264,586.6702171524266,105.02704474870475,418.0,97.58342262295886,16.44307093877053,96.18809587944634,0.6229478371632554,0.6462600231170654,0.9167460203170776,0.0,0.0,0.0,0.0,1.0,1.0
SNPT-107,0,31.0,0.05409359076348707,0.9687389454671315,0.5465465465465466,0.0,1.0,0.8168168168168168,0.0,332.0,333.0,333.0,317.5,563.5,7.353592812089052,751.728238180787,93.40881832905686,,1.0,0.0,0.0,0.0,0.9838709677419355,0.8732394366197183,679.0,749.0,71.0,71.0,26.0,688.0,939.6317695311991,685.378626441287,79.95268212844746,347.0,66.40012682702115,18.64640718791095,-63.728238180787,1.1683012482181838,0.7984621524810791,0.9682897925376892,0.0,0.0,0.0,1.0,0.0,1.0
SNPT-107,1,,1.0,0.0,0.0,1.0,1.0,0.8235294117647058,0.0,16.0,17.0,17.0,1899.0,534.0,1911.962878023808,560.437309678847,68.78957823260522,27.0,0.09622423785850685,0.958949882927395,0.24647887323943662,1.0,1.0,0.9061032863849765,324.0,749.0,426.0,426.0,1907.5,581.5,1755.263585546607,797.9533506312075,119.2248747444572,308.0,21.530308957843133,-4.462878023807889,21.062690321153013,0.576973373887342,0.8914089798927307,0.9408276081085205,0.0,0.0,0.0,1.0,0.0,1.0
SNPT-107,0,,1.0,0.0,0.0,0.0,1.0,0.8587786259541985,0.0,261.0,262.0,262.0,179.5,445.0,12.556929061229472,495.81190412055366,65.42637036985407,33.0,0.0009093458449916355,0.9999143963768369,0.525,1.0,1.0,0.925,710.0,749.0,40.0,40.0,25.0,672.5,301.106886933533,573.2772792960618,107.46064240173318,449.0,177.1256989820836,12.443070938770528,176.68809587944634,0.6088403056931553,0.6512060165405273,0.9061180353164673,0.0,0.0,0.0,0.0,1.0,1.0
SNPT-107,0,9.0,0.02307684281413025,0.9917782201653436,0.711864406779661,1.0,1.0,0.8,0.0,294.0,295.0,295.0,1025.5,476.5,5.907596106304869,533.1330486357289,80.58810301862536,,1.0,0.0,0.0,0.0,1.0,0.96875,686.0,749.0,64.0,64.0,10.5,533.0,536.9507359218471,500.16223944608936,95.16087869687233,392.0,4.594330795915278,4.592403893695131,-0.13304863572886916,0.8468616948707732,0.6259216070175171,0.8841556310653687,0.0,0.0,0.0,0.0,1.0,1.0
SNPT-107,0,,1.0,0.0,0.0,0.0,1.0,0.8587786259541985,0.0,261.0,262.0,262.0,179.5,445.0,12.556929061229472,495.81190412055366,65.42637036985407,3.0,0.014929331748582906,0.9726742581582405,0.17884130982367757,1.0,1.0,0.8337531486146096,288.0,684.0,397.0,397.0,1911.5,474.5,1914.7658101225536,637.308391534953,90.995308666175,27.0,1899.0626592936874,1898.9430709387705,-21.311904120553663,0.7190081700791517,0.647240400314331,0.9327049851417542,0.0,0.0,0.0,0.0,1.0,1.0
SNPT-107,0,,1.0,0.0,0.0,1.0,1.0,0.8235294117647058,0.0,16.0,17.0,17.0,1899.0,534.0,1911.962878023808,560.437309678847,68.78957823260522,16.0,0.05316631628193136,0.9201949147077707,0.18840579710144928,1.0,0.7213114754098361,0.8840579710144928,681.0,749.0,69.0,69.0,21.5,692.0,903.0021184099977,682.166572508484,95.73036832571862,665.0,1895.0352594795165,-1890.462878023808,131.562690321153,0.7185763455808666,0.865119457244873,0.9068370461463928,0.0,0.0,0.0,1.0,0.0,0.0
SNPT-107,1,,1.0,0.0,0.0,0.0,1.0,0.8471760797342193,0.0,300.0,301.0,301.0,368.5,382.0,6.68997273866844,539.5687894473546,60.10393948512625,,1.0,0.0,0.0,0.0,1.0,0.96875,686.0,749.0,64.0,64.0,10.5,533.0,536.9507359218471,500.16223944608936,95.16087869687233,386.0,7.59376734801418,3.81002726133156,-6.568789447354561,0.6316034520507395,0.8729793429374695,0.9590649604797363,0.0,0.0,0.0,1.0,0.0,1.0
SNPT-107,0,,1.0,0.0,0.0,0.0,1.0,0.9442724458204335,0.0,324.0,325.0,323.0,642.5,328.0,9.862804198058306,448.95953395091476,46.79314963381148,,1.0,0.0,0.0,1.0,1.0,0.9154929577464789,679.0,749.0,71.0,71.0,29.0,592.0,643.10644136264,586.6702171524266,105.02704474870475,355.0,144.31495830544165,19.137195801941694,143.04046604908524,0.4455342882947162,0.6083110570907593,0.9094005823135376,0.0,0.0,0.0,0.0,1.0,1.0
SNPT-107,1,7.0,0.012367966352030635,0.9982179403305054,0.005420054200542005,1.0,1.0,0.8807588075880759,0.0,368.0,369.0,369.0,1053.0,362.0,7.8383582239908085,575.424037267105,66.15166383969569,,1.0,0.0,0.0,1.0,1.0,0.9154929577464789,679.0,749.0,71.0,71.0,29.0,592.0,643.10644136264,586.6702171524266,105.02704474870475,311.0,26.88080399055175,21.16164177600919,16.57596273289505,0.6298536153042762,0.8987438678741455,0.9896841049194336,0.0,0.0,0.0,1.0,0.0,1.0
SNPT-107,1,,1.0,0.0,0.0,0.0,1.0,0.945993031358885,0.0,596.0,597.0,574.0,961.0,316.0,4.8550066321072975,480.460227784067,55.22656691918749,,1.0,0.0,0.0,0.0,1.0,0.8440366972477065,641.0,749.0,109.0,109.0,15.0,465.5,1474.2614077949488,438.14202078803373,70.6060128168546,45.0,18.0756550582754,10.144993367892702,-14.960227784067001,0.7821793741906945,0.9036485552787781,0.9943878054618835,0.0,0.0,0.0,1.0,0.0,1.0
SNPT-107,0,33.0,0.009179910245340315,0.9977264635416926,0.46226415094339623,1.0,1.0,0.8726415094339622,0.0,423.0,424.0,424.0,1411.0,624.0,14.503451704946201,701.9504086736852,103.260097500832,,1.0,0.0,0.0,0.0,1.0,0.7752808988764045,661.0,749.0,89.0,89.0,18.5,551.0,973.767734930276,548.1255134525657,90.7178727527397,238.0,151.00330551689012,3.996548295053799,-150.95040867368516,1.138255278342751,0.7044121026992798,0.9126341938972473,0.0,0.0,0.0,0.0,1.0,1.0
SNPT-107,1,16.0,0.045751392507742725,0.9714176308724188,0.06666666666666667,0.0,1.0,0.864516129032258,0.0,514.0,515.0,465.0,955.0,376.0,6.5762207775554415,664.9212545831631,70.11138390148444,16.0,0.05676858219753897,0.9730907364895469,0.3917525773195876,0.0,1.0,0.8969072164948454,653.0,749.0,97.0,97.0,7.5,723.5,928.4689390800893,708.642914864476,125.9470080536457,139.0,58.58602890333506,0.9237792224445585,58.57874541683691,0.5566736755796636,0.901611328125,0.9735942482948303,1.0,0.0,1.0,1.0,0.0,1.0
SNPT-107,0,16.0,0.045751392507742725,0.9714176308724188,0.06666666666666667,0.0,1.0,0.864516129032258,0.0,514.0,515.0,465.0,955.0,376.0,6.5762207775554415,664.9212545831631,70.11138390148444,31.0,0.004053080587558118,0.974133875221014,0.45714285714285713,0.0,1.0,0.7714285714285715,715.0,749.0,35.0,35.0,14.5,657.0,198.48668416080392,608.5103928914143,112.7047360207511,201.0,11.2041309942952,7.9237792224445585,-7.9212545831630905,0.6220801926955013,0.8100545406341553,0.955788791179657,0.0,1.0,1.0,1.0,0.0,1.0
SNPT-107,1,,1.0,0.0,0.0,0.0,1.0,0.9442724458204335,0.0,324.0,325.0,323.0,642.5,328.0,9.862804198058306,448.95953395091476,46.79314963381148,,1.0,0.0,0.0,0.0,1.0,0.9324324324324325,676.0,749.0,74.0,74.0,29.0,483.5,671.0862155872899,445.30802420835744,78.00677974750674,352.0,39.48766969637313,19.137195801941694,34.54046604908524,0.5998600350542875,0.8390262126922607,0.988282322883606,0.0,0.0,0.0,1.0,0.0,1.0
SNPT-107,0,,1.0,0.0,0.0,0.0,1.0,0.8471760797342193,0.0,300.0,301.0,301.0,368.5,382.0,6.68997273866844,539.5687894473546,60.10393948512625,,1.0,0.0,0.0,0.0,1.0,0.8440366972477065,641.0,749.0,109.0,109.0,15.0,465.5,1474.2614077949488,438.14202078803373,70.6060128168546,341.0,74.53349665271728,8.310027261331559,-74.06878944735456,0.8512580881890364,0.8880205750465393,0.9873838424682617,0.0,0.0,0.0,1.0,0.0,1.0
SNPT-107,0,6.0,0.02117183956329427,0.9946529472416098,0.08560311284046693,1.0,1.0,0.8249027237354085,0.0,513.0,514.0,514.0,1328.5,387.0,7.645210249631226,535.1299250449674,69.13086725219382,14.0,0.00012027820960481352,0.9999901362827845,0.3431372549019608,1.0,1.0,0.9215686274509803,648.0,749.0,102.0,102.0,19.0,746.0,1172.3442920474838,696.1039788327731,133.24592800151393,135.0,211.17556620455912,11.354789750368774,210.87007495503258,0.5188216127055557,0.7843583822250366,0.987013578414917,0.0,1.0,1.0,1.0,0.0,1.0
SNPT-107,0,,1.0,0.0,0.0,0.0,1.0,0.9442724458204335,0.0,324.0,325.0,323.0,642.5,328.0,9.862804198058306,448.95953395091476,46.79314963381148,,1.0,0.0,0.0,0.0,1.0,0.7752808988764045,661.0,749.0,89.0,89.0,18.5,551.0,973.767734930276,548.1255134525657,90.7178727527397,337.0,102.40536051806858,8.637195801941694,102.04046604908524,0.5158095997395212,0.7338372468948364,0.9832615852355957,0.0,0.0,0.0,1.0,0.0,1.0
SNPT-107,0,,1.0,0.0,0.0,0.0,1.0,0.8471760797342193,0.0,300.0,301.0,301.0,368.5,382.0,6.68997273866844,539.5687894473546,60.10393948512625,,1.0,0.0,0.0,1.0,1.0,0.9154929577464789,679.0,749.0,71.0,71.0,29.0,592.0,643.10644136264,586.6702171524266,105.02704474870475,379.0,56.98042783638252,22.31002726133156,52.43121055264544,0.5722710719789864,0.6786608695983887,0.9156224727630615,0.0,0.0,0.0,0.0,1.0,1.0
SNPT-107,1,6.0,0.02117183956329427,0.9946529472416098,0.08560311284046693,1.0,1.0,0.8249027237354085,0.0,513.0,514.0,514.0,1328.5,387.0,7.645210249631226,535.1299250449674,69.13086725219382,6.0,3.779772839607176e-06,0.9999997615814209,0.07407407407407407,1.0,1.0,0.9166666666666666,642.0,749.0,108.0,108.0,18.0,577.5,1665.949779102914,610.2884678763429,103.55502213336567,129.0,43.617025603191024,10.354789750368774,42.37007495503258,0.6675761911688076,0.8528348207473755,0.9898712635040283,1.0,0.0,1.0,1.0,0.0,1.0
SNPT-107,1,33.0,0.009179910245340315,0.9977264635416926,0.46226415094339623,1.0,1.0,0.8726415094339622,0.0,423.0,424.0,424.0,1411.0,624.0,14.503451704946201,701.9504086736852,103.260097500832,33.0,0.0009093458449916355,0.9999143963768369,0.525,1.0,1.0,0.925,710.0,749.0,40.0,40.0,25.0,672.5,301.106886933533,573.2772792960618,107.46064240173318,287.0,31.265061924734244,10.496548295053799,-29.45040867368516,0.960910852503582,0.9626718759536743,0.9904634952545166,1.0,0.0,1.0,1.0,0.0,1.0
SNPT-107,1,,1.0,0.0,0.0,1.0,1.0,0.9408866995073891,0.0,202.0,203.0,203.0,1786.0,433.5,1912.8097987149395,462.8259690101693,64.90385697932341,3.0,0.014929331748582906,0.9726742581582405,0.17884130982367757,1.0,1.0,0.8337531486146096,288.0,684.0,397.0,397.0,1911.5,474.5,1914.7658101225536,637.308391534953,90.995308666175,86.0,11.747279354181767,-1.3097987149394612,11.674030989830726,0.7132659686603121,0.924042284488678,0.9822125434875488,0.0,0.0,0.0,1.0,0.0,1.0
SNPT-107,0,,1.0,0.0,0.0,1.0,1.0,0.9408866995073891,0.0,202.0,203.0,203.0,1786.0,433.5,1912.8097987149395,462.8259690101693,64.90385697932341,,1.0,0.0,0.0,0.0,1.0,0.9324324324324325,676.0,749.0,74.0,74.0,29.0,483.5,671.0862155872899,445.30802420835744,78.00677974750674,474.0,1883.9232397557469,-1883.8097987149395,20.674030989830726,0.8320284107279518,0.6420649290084839,0.9067034721374512,0.0,0.0,0.0,0.0,1.0,1.0
SNPT-107,0,7.0,0.012367966352030635,0.9982179403305054,0.005420054200542005,1.0,1.0,0.8807588075880759,0.0,368.0,369.0,369.0,1053.0,362.0,7.8383582239908085,575.424037267105,66.15166383969569,,1.0,0.0,0.0,0.0,1.0,0.8440366972477065,641.0,749.0,109.0,109.0,15.0,465.5,1474.2614077949488,438.14202078803373,70.6060128168546,273.0,110.1570836670423,7.1616417760091915,-109.92403726710495,0.9369126112713222,0.7047480344772339,0.9315475225448608,0.0,0.0,0.0,0.0,1.0,1.0
SNPT-107,0,9.0,0.02307684281413025,0.9917782201653436,0.711864406779661,1.0,1.0,0.8,0.0,294.0,295.0,295.0,1025.5,476.5,5.907596106304869,533.1330486357289,80.58810301862536,14.0,0.00012027820960481352,0.9999901362827845,0.3431372549019608,1.0,1.0,0.9215686274509803,648.0,749.0,102.0,102.0,19.0,746.0,1172.3442920474838,696.1039788327731,133.24592800151393,354.0,213.2691961414836,13.092403893695131,212.86695136427113,0.6048072479761613,0.8413525819778442,0.9741419553756714,0.0,1.0,1.0,1.0,0.0,1.0
SNPT-107,1,14.0,0.05596655271536032,0.96467913353378,0.3567251461988304,1.0,1.0,0.9161793372319688,0.0,512.0,513.0,513.0,1270.0,435.0,12.973963690741101,655.5670339055727,87.18274717975214,14.0,0.00012027820960481352,0.9999901362827845,0.3431372549019608,1.0,1.0,0.9215686274509803,648.0,749.0,102.0,102.0,19.0,746.0,1172.3442920474838,696.1039788327731,133.24592800151393,136.0,90.63351736657003,6.026036309258899,90.43296609442734,0.6542995233502489,0.9615874290466309,0.9875341653823853,1.0,0.0,1.0,1.0,0.0,1.0
SNPT-107,1,24.0,0.0008465215724050712,0.999899708618552,0.7763157894736842,0.0,1.0,0.7763157894736842,0.0,227.0,228.0,228.0,960.5,902.5,1889.8145496821082,1024.0176416579993,143.98067721107134,24.0,0.12307188809565078,0.9152892410222974,0.7516778523489933,0.0,1.0,0.8791946308724832,303.0,749.0,447.0,447.0,1896.5,742.5,1621.1372185753717,777.2618628993782,117.45860166473446,76.0,281.5970131422468,6.685450317891764,-281.5176416579993,1.2257993469225832,0.8326365351676941,0.8505622744560242,1.0,0.0,1.0,1.0,0.0,1.0
SNPT-107,0,16.0,0.045751392507742725,0.9714176308724188,0.06666666666666667,0.0,1.0,0.864516129032258,0.0,514.0,515.0,465.0,955.0,376.0,6.5762207775554415,664.9212545831631,70.11138390148444,16.0,0.05316631628193136,0.9201949147077707,0.18840579710144928,1.0,0.7213114754098361,0.8840579710144928,681.0,749.0,69.0,69.0,21.5,692.0,903.0021184099977,682.166572508484,95.73036832571862,167.0,30.918888072343965,14.923779222444558,27.07874541683691,0.7323839355024037,0.7561758756637573,0.9393017292022705,1.0,0.0,1.0,0.0,1.0,0.0
SNPT-107,0,,1.0,0.0,0.0,1.0,1.0,0.8235294117647058,0.0,16.0,17.0,17.0,1899.0,534.0,1911.962878023808,560.437309678847,68.78957823260522,24.0,0.12307188809565078,0.9152892410222974,0.7516778523489933,0.0,1.0,0.8791946308724832,303.0,749.0,447.0,447.0,1896.5,742.5,1621.1372185753717,777.2618628993782,117.45860166473446,287.0,182.7181540070806,-15.462878023807889,182.062690321153,0.5856495587181715,0.7080090641975403,0.8292530179023743,0.0,0.0,0.0,0.0,1.0,1.0
SNPT-107,0,33.0,0.009179910245340315,0.9977264635416926,0.46226415094339623,1.0,1.0,0.8726415094339622,0.0,423.0,424.0,424.0,1411.0,624.0,14.503451704946201,701.9504086736852,103.260097500832,,1.0,0.0,0.0,0.0,1.0,0.9324324324324325,676.0,749.0,74.0,74.0,29.0,483.5,671.0862155872899,445.30802420835744,78.00677974750674,253.0,218.9308817005287,14.496548295053799,-218.45040867368516,1.3237323452533933,0.5666636228561401,0.9046419262886047,0.0,0.0,0.0,0.0,1.0,1.0
SNPT-107,1,34.0,0.20056650042533875,0.9526110291481018,0.0027397260273972603,0.0,1.0,0.9342465753424658,0.0,364.0,365.0,365.0,735.5,372.0,4.988812526990905,562.277218117672,64.83224480366478,,1.0,0.0,0.0,0.0,0.9838709677419355,0.8732394366197183,679.0,749.0,71.0,71.0,26.0,688.0,939.6317695311991,685.378626441287,79.95268212844746,315.0,127.46641864921665,21.011187473009095,125.72278188232804,0.8108826755743973,0.8370064496994019,0.9566971063613892,0.0,0.0,0.0,1.0,0.0,1.0
SNPT-107,0,6.0,0.02117183956329427,0.9946529472416098,0.08560311284046693,1.0,1.0,0.8249027237354085,0.0,513.0,514.0,514.0,1328.5,387.0,7.645210249631226,535.1299250449674,69.13086725219382,16.0,0.05676858219753897,0.9730907364895469,0.3917525773195876,0.0,1.0,0.8969072164948454,653.0,749.0,97.0,97.0,7.5,723.5,928.4689390800893,708.642914864476,125.9470080536457,140.0,188.37013092468027,-0.14521024963122642,188.37007495503258,0.5488885232013476,0.6073466539382935,0.9027336239814758,0.0,1.0,1.0,0.0,1.0,1.0
SNPT-107,0,,1.0,0.0,0.0,1.0,1.0,0.8940886699507389,0.0,405.0,406.0,406.0,1036.0,334.5,4.499218537289927,472.03617515290614,55.09661354427414,,1.0,0.0,0.0,0.0,1.0,0.96875,686.0,749.0,64.0,64.0,10.5,533.0,536.9507359218471,500.16223944608936,95.16087869687233,281.0,61.25844691265314,6.000781462710073,60.96382484709386,0.57898386709711,0.5153411626815796,0.8759042620658875,0.0,0.0,0.0,0.0,1.0,1.0
SNPT-107,1,31.0,0.05409359076348707,0.9687389454671315,0.5465465465465466,0.0,1.0,0.8168168168168168,0.0,332.0,333.0,333.0,317.5,563.5,7.353592812089052,751.728238180787,93.40881832905686,31.0,0.004053080587558118,0.974133875221014,0.45714285714285713,0.0,1.0,0.7714285714285715,715.0,749.0,35.0,35.0,14.5,657.0,198.48668416080392,608.5103928914143,112.7047360207511,383.0,94.9974223046675,7.146407187910948,-94.728238180787,0.8287923083539143,0.9586890935897827,0.9844857454299927,1.0,0.0,1.0,1.0,0.0,1.0
SNPT-107,0,,1.0,0.0,0.0,1.0,1.0,0.8235294117647058,0.0,16.0,17.0,17.0,1899.0,534.0,1911.962878023808,560.437309678847,68.78957823260522,4.0,0.1592115469143859,0.9551671147346497,0.175,0.0,1.0,0.75,710.0,749.0,40.0,40.0,8.0,597.5,165.09996756089876,583.2890821487038,106.32407070068771,694.0,1904.3235764718513,-1903.962878023808,37.06269032115301,0.6469802912856335,0.697068452835083,0.8149360418319702,0.0,0.0,0.0,0.0,1.0,1.0
SNPT-107,1,,1.0,0.0,0.0,0.0,1.0,0.8587786259541985,0.0,261.0,262.0,262.0,179.5,445.0,12.556929061229472,495.81190412055366,65.42637036985407,4.0,0.1592115469143859,0.9551671147346497,0.175,0.0,1.0,0.75,710.0,749.0,40.0,40.0,8.0,597.5,165.09996756089876,583.2890821487038,106.32407070068771,449.0,101.79014906196251,-4.5569290612294715,101.68809587944634,0.6153486218001892,0.9028029441833496,0.9283982515335083,0.0,0.0,0.0,1.0,0.0,1.0
SNPT-107,0,,1.0,0.0,0.0,0.0,1.0,0.8587786259541985,0.0,261.0,262.0,262.0,179.5,445.0,12.556929061229472,495.81190412055366,65.42637036985407,31.0,0.004053080587558118,0.974133875221014,0.45714285714285713,0.0,1.0,0.7714285714285715,715.0,749.0,35.0,35.0,14.5,657.0,198.48668416080392,608.5103928914143,112.7047360207511,454.0,161.1998070033419,1.9430709387705285,161.18809587944634,0.5805112782288743,0.8540109395980835,0.9462716579437256,0.0,0.0,0.0,1.0,0.0,1.0
SNPT-107,0,16.0,0.045751392507742725,0.9714176308724188,0.06666666666666667,0.0,1.0,0.864516129032258,0.0,514.0,515.0,465.0,955.0,376.0,6.5762207775554415,664.9212545831631,70.11138390148444,,1.0,0.0,0.0,0.0,1.0,0.7752808988764045,661.0,749.0,89.0,89.0,18.5,551.0,973.767734930276,548.1255134525657,90.7178727527397,147.0,114.5435670683756,11.923779222444558,-113.92125458316309,0.7728508371506878,0.9015498161315918,0.9894458651542664,0.0,0.0,0.0,1.0,0.0,1.0
SNPT-107,0,7.0,0.012367966352030635,0.9982179403305054,0.005420054200542005,1.0,1.0,0.8807588075880759,0.0,368.0,369.0,369.0,1053.0,362.0,7.8383582239908085,575.424037267105,66.15166383969569,4.0,0.1592115469143859,0.9551671147346497,0.175,0.0,1.0,0.75,710.0,749.0,40.0,40.0,8.0,597.5,165.09996756089876,583.2890821487038,106.32407070068771,342.0,22.076554501278558,0.1616417760091915,22.07596273289505,0.6221701577427265,0.60256028175354,0.8854730129241943,0.0,1.0,0.0,0.0,1.0,1.0
SNPT-107,0,,1.0,0.0,0.0,1.0,1.0,0.8235294117647058,0.0,16.0,17.0,17.0,1899.0,534.0,1911.962878023808,560.437309678847,68.78957823260522,,1.0,0.0,0.0,0.0,1.0,0.8440366972477065,641.0,749.0,109.0,109.0,15.0,465.5,1474.2614077949488,438.14202078803373,70.6060128168546,625.0,1899.3370562829089,-1896.962878023808,-94.93730967884699,0.9742736558575962,0.706601619720459,0.904022216796875,0.0,0.0,0.0,0.0,1.0,1.0
SNPT-107,1,9.0,0.02307684281413025,0.9917782201653436,0.711864406779661,1.0,1.0,0.8,0.0,294.0,295.0,295.0,1025.5,476.5,5.907596106304869,533.1330486357289,80.58810301862536,16.0,0.05316631628193136,0.9201949147077707,0.18840579710144928,1.0,0.7213114754098361,0.8840579710144928,681.0,749.0,69.0,69.0,21.5,692.0,903.0021184099977,682.166572508484,95.73036832571862,387.0,159.63029566771405,15.592403893695131,158.86695136427113,0.8418238060510503,0.8250417113304138,0.9687962532043457,0.0,1.0,1.0,1.0,0.0,0.0
SNPT-107,0,,1.0,0.0,0.0,0.0,1.0,0.945993031358885,0.0,596.0,597.0,574.0,961.0,316.0,4.8550066321072975,480.460227784067,55.22656691918749,4.0,0.1592115469143859,0.9551671147346497,0.175,0.0,1.0,0.75,710.0,749.0,40.0,40.0,8.0,597.5,165.09996756089876,583.2890821487038,106.32407070068771,114.0,117.08201938658887,3.1449933678927025,117.039772215933,0.5194173488208093,0.7144194841384888,0.9374045133590698,0.0,0.0,0.0,1.0,0.0,1.0
SNPT-107,0,,1.0,0.0,0.0,0.0,0.9866369710467706,0.8926441351888668,0.0,502.0,503.0,503.0,953.0,358.5,13.563688282805634,464.29216930131156,58.226084527710725,14.0,0.00012027820960481352,0.9999901362827845,0.3431372549019608,1.0,1.0,0.9215686274509803,648.0,749.0,102.0,102.0,19.0,746.0,1172.3442920474838,696.1039788327731,133.24592800151393,146.0,281.76027995806544,5.436311717194366,281.70783069868844,0.4369820931942413,0.7380818128585815,0.9208623766899109,0.0,0.0,0.0,0.0,1.0,1.0
SNPT-107,0,,1.0,0.0,0.0,1.0,1.0,0.8940886699507389,0.0,405.0,406.0,406.0,1036.0,334.5,4.499218537289927,472.03617515290614,55.09661354427414,31.0,0.004053080587558118,0.974133875221014,0.45714285714285713,0.0,1.0,0.7714285714285715,715.0,749.0,35.0,35.0,14.5,657.0,198.48668416080392,608.5103928914143,112.7047360207511,310.0,185.2339929168815,10.000781462710073,184.96382484709386,0.48885801510710075,0.534911036491394,0.8885830640792847,0.0,0.0,0.0,0.0,1.0,1.0
SNPT-107,0,,1.0,0.0,0.0,0.0,1.0,0.945993031358885,0.0,596.0,597.0,574.0,961.0,316.0,4.8550066321072975,480.460227784067,55.22656691918749,6.0,3.779772839607176e-06,0.9999997615814209,0.07407407407407407,1.0,1.0,0.9166666666666666,642.0,749.0,108.0,108.0,18.0,577.5,1665.949779102914,610.2884678763429,103.55502213336567,46.0,97.92603454833706,13.144993367892702,97.039772215933,0.5333065049038637,0.6266031265258789,0.9138579368591309,0.0,0.0,0.0,0.0,1.0,1.0
SNPT-107,1,,1.0,0.0,0.0,0.0,0.9866369710467706,0.8926441351888668,0.0,502.0,503.0,503.0,953.0,358.5,13.563688282805634,464.29216930131156,58.226084527710725,,1.0,0.0,0.0,0.0,1.0,0.7752808988764045,661.0,749.0,89.0,89.0,18.5,551.0,973.767734930276,548.1255134525657,90.7178727527397,159.0,86.84823013649574,4.936311717194366,86.70783069868844,0.6418369695066762,0.8885229229927063,0.9904384613037109,0.0,0.0,0.0,1.0,0.0,1.0
SNPT-107,0,24.0,0.0008465215724050712,0.999899708618552,0.7763157894736842,0.0,1.0,0.7763157894736842,0.0,227.0,228.0,228.0,960.5,902.5,1889.8145496821082,1024.0176416579993,143.98067721107134,,1.0,0.0,0.0,0.0,1.0,0.9324324324324325,676.0,749.0,74.0,74.0,29.0,483.5,671.0862155872899,445.30802420835744,78.00677974750674,449.0,1937.7280792856754,-1860.8145496821082,-540.5176416579993,1.8457456861712493,0.5904091596603394,0.7391897439956665,0.0,0.0,0.0,1.0,0.0,1.0
SNPT-107,1,,1.0,0.0,0.0,1.0,1.0,0.8940886699507389,0.0,405.0,406.0,406.0,1036.0,334.5,4.499218537289927,472.03617515290614,55.09661354427414,,1.0,0.0,0.0,1.0,1.0,0.8271604938271605,669.0,749.0,81.0,81.0,14.5,558.0,632.0392789364662,493.9590138116508,85.04022030510933,264.0,86.54360064272065,10.000781462710073,85.96382484709386,0.6478888853603295,0.7920563220977783,0.9874250888824463,0.0,0.0,0.0,1.0,0.0,1.0
SNPT-107,0,,1.0,0.0,0.0,1.0,1.0,0.7944785276073619,331.0,663.0,333.0,326.0,1898.5,430.5,1910.2758196863042,580.6564549980571,75.02372071378375,33.0,0.0009093458449916355,0.9999143963768369,0.525,1.0,1.0,0.925,710.0,749.0,40.0,40.0,25.0,672.5,301.106886933533,573.2772792960618,107.46064240173318,47.0,1887.511629911824,-1885.2758196863042,91.84354500194286,0.6981506813751722,0.69287109375,0.9447265863418579,0.0,0.0,0.0,1.0,0.0,1.0
SNPT-107,0,,1.0,0.0,0.0,1.0,1.0,0.7944785276073619,331.0,663.0,333.0,326.0,1898.5,430.5,1910.2758196863042,580.6564549980571,75.02372071378375,,1.0,0.0,0.0,0.0,1.0,0.96875,686.0,749.0,64.0,64.0,10.5,533.0,536.9507359218471,500.16223944608936,95.16087869687233,23.0,1900.3734640243088,-1899.7758196863042,-47.65645499805714,0.7883882719574926,0.5604836940765381,0.8922407031059265,0.0,0.0,0.0,0.0,1.0,1.0
SNPT-108,0,3.0,0.0033246362446705873,0.9842410691579183,0.28517110266159695,1.0,1.0,0.8288973384030418,0.0,262.0,263.0,263.0,634.5,491.0,1909.7506854225007,550.9113289213195,86.89930835091077,6.0,7.615743281045677e-06,0.9999995430310568,0.8,1.0,1.0,0.8,735.0,749.0,15.0,15.0,1911.5,585.5,1870.006412559237,550.8202014597161,101.66451191656671,473.0,34.63287843192071,1.7493145774992627,34.58867107868048,0.85476541137803,0.675433874130249,0.9513363838195801,0.0,1.0,1.0,1.0,0.0,1.0
SNPT-108,0,6.0,1.928046353896207e-05,0.9999987840652466,0.04484304932735426,1.0,1.0,0.8161434977578476,192.0,414.0,223.0,223.0,13.5,485.5,1907.7606332036842,484.73799173146375,91.82548208176662,10.0,0.21579635868935534,0.7548759244382381,0.16326530612244897,0.0,1.0,0.9183673469387755,701.0,749.0,49.0,49.0,1898.5,613.5,1543.739713713902,513.6603415675304,89.1987614594435,287.0,129.09459361522377,-9.260633203684165,128.76200826853625,1.0294479494933058,0.5931677222251892,0.9264573454856873,0.0,1.0,0.0,0.0,1.0,1.0
SNPT-108,0,9.0,0.013253577200331441,0.997140223565309,0.46938775510204084,0.0,1.0,0.9183673469387755,0.0,48.0,49.0,49.0,224.0,495.5,6.243293669747587,506.09277646845305,80.67489506591426,14.0,0.015327651286289828,0.9968393734523229,0.7142857142857143,1.0,1.0,0.7142857142857143,701.0,749.0,49.0,49.0,1888.5,794.0,1421.4050394146502,606.6061354908156,130.80424944106352,653.0,1904.1483340031193,1882.2567063302524,287.90722353154695,0.6167605059517883,0.6733739376068115,0.8881816864013672,0.0,1.0,1.0,0.0,1.0,1.0
SNPT-108,1,14.0,0.10717613090127998,0.892443393667539,0.02727272727272727,1.0,1.0,0.8636363636363636,188.0,407.0,220.0,220.0,12.0,555.0,1900.9357951981315,609.3664373947441,106.55451212127528,14.0,0.03415865111823163,0.9588406442692785,0.7252747252747253,1.0,0.9878048780487805,0.9010989010989011,533.0,623.0,91.0,91.0,1899.0,835.0,1905.2742053361553,831.6772933329063,182.1221194788547,126.0,225.64186641000163,-1.9357951981314727,225.63356260525586,0.5850717772568356,0.8857707977294922,0.9601094722747803,1.0,0.0,1.0,1.0,0.0,1.0
SNPT-108,0,24.0,0.1532164377305081,0.8513319162098137,0.6788990825688074,0.0,1.0,0.926605504587156,0.0,108.0,109.0,109.0,573.5,663.0,5.166391368268395,702.922263333201,109.84873744700138,,1.0,0.0,0.0,0.0,1.0,0.8960396039603961,177.0,410.0,234.0,202.0,17.0,498.5,1912.4675019722868,584.6356464355567,93.52789386797988,69.0,204.76448920532482,11.833608631731604,-204.42226333320104,1.1745024174505558,0.8257985711097717,0.9738204479217529,0.0,0.0,0.0,1.0,0.0,1.0
SNPT-108,1,16.0,0.0002857958900979914,0.9999773661295573,0.6521739130434783,0.0,1.0,0.7391304347826086,0.0,36.0,37.0,23.0,69.0,584.0,7.240551532605419,628.2404067532134,82.99916355786284,,1.0,0.0,0.0,0.0,1.0,1.0,692.0,749.0,58.0,58.0,1889.0,758.5,1299.135994321933,600.1513745932882,116.3440377827404,656.0,1886.2624906224296,1881.7594484673946,130.2595932467866,0.7133942154634051,0.9134299755096436,0.9756495952606201,0.0,0.0,0.0,1.0,0.0,1.0
SNPT-108,1,14.0,0.03415865111823163,0.9588406442692785,0.7252747252747253,1.0,0.9878048780487805,0.9010989010989011,533.0,623.0,91.0,91.0,1899.0,835.0,1905.2742053361553,831.6772933329063,182.1221194788547,14.0,0.015327651286289828,0.9968393734523229,0.7142857142857143,1.0,1.0,0.7142857142857143,701.0,749.0,49.0,49.0,1888.5,794.0,1421.4050394146502,606.6061354908156,130.80424944106352,78.0,41.24260415581642,-16.77420533615532,-37.67729333290629,1.3923257100367636,0.9291068315505981,0.9731771945953369,1.0,0.0,1.0,1.0,0.0,1.0
SNPT-108,0,24.0,0.1532164377305081,0.8513319162098137,0.6788990825688074,0.0,1.0,0.926605504587156,0.0,108.0,109.0,109.0,573.5,663.0,5.166391368268395,702.922263333201,109.84873744700138,20.0,0.14366878681489148,0.8881757358709971,0.06716417910447761,0.0,0.9938650306748467,0.9123134328358209,214.0,749.0,536.0,536.0,13.0,459.5,935.8886722529585,450.8356520121754,89.09935566196494,106.0,243.54827798704184,7.833608631731605,-243.42226333320104,1.2328791452068157,0.7572475671768188,0.9847477674484253,0.0,1.0,0.0,1.0,0.0,1.0
SNPT-108,1,14.0,0.003974688607740973,0.9995615184307098,0.12121212121212122,1.0,1.0,0.8787878787878788,0.0,32.0,33.0,33.0,199.5,580.5,14.77421364363854,603.7125290122491,103.6270885481613,14.0,0.015327651286289828,0.9968393734523229,0.7142857142857143,1.0,1.0,0.7142857142857143,701.0,749.0,49.0,49.0,1888.5,794.0,1421.4050394146502,606.6061354908156,130.80424944106352,669.0,1883.3633860919351,1873.7257863563614,190.2874709877509,0.7922302906133991,0.9097832441329956,0.9303354024887085,1.0,0.0,1.0,1.0,0.0,1.0
SNPT-108,0,,1.0,0.0,0.0,1.0,1.0,0.8823529411764706,0.0,101.0,102.0,102.0,338.5,448.0,8.07931580555879,476.9445970700632,70.73399270271207,33.0,0.026045856467848436,0.9838318734706103,0.35,1.0,1.0,0.9288461538461539,220.0,749.0,530.0,520.0,6.5,580.0,504.3005326940744,564.6700213913547,114.8379786038762,119.0,103.06750366369273,-1.5793158055587906,103.0554029299368,0.6159459924551872,0.724621057510376,0.9786481261253357,0.0,0.0,0.0,1.0,0.0,1.0
SNPT-108,1,14.0,0.10717613090127998,0.892443393667539,0.02727272727272727,1.0,1.0,0.8636363636363636,188.0,407.0,220.0,220.0,12.0,555.0,1900.9357951981315,609.3664373947441,106.55451212127528,14.0,0.015327651286289828,0.9968393734523229,0.7142857142857143,1.0,1.0,0.7142857142857143,701.0,749.0,49.0,49.0,1888.5,794.0,1421.4050394146502,606.6061354908156,130.80424944106352,294.0,185.05188851378634,-12.435795198131473,184.63356260525586,0.8146104776915949,0.8892582654953003,0.9467591047286987,1.0,0.0,1.0,1.0,0.0,1.0
SNPT-108,1,,1.0,0.0,0.0,0.0,0.9824561403508771,0.8507462686567164,0.0,66.0,67.0,67.0,344.0,414.5,11.50721659394901,443.04917887533907,64.51089363151056,,1.0,0.0,0.0,0.0,1.0,0.8888888888888888,176.0,415.0,240.0,234.0,6.0,518.5,1906.7885743950856,398.8907528345327,79.22054464602662,110.0,75.6515422380684,-5.5072165939490105,75.45082112466093,0.8143202488667333,0.8973854184150696,0.9766545295715332,0.0,0.0,0.0,1.0,0.0,1.0
SNPT-108,0,24.0,0.1532164377305081,0.8513319162098137,0.6788990825688074,0.0,1.0,0.926605504587156,0.0,108.0,109.0,109.0,573.5,663.0,5.166391368268395,702.922263333201,109.84873744700138,,1.0,0.0,0.0,0.0,1.0,0.8888888888888888,176.0,415.0,240.0,234.0,6.0,518.5,1906.7885743950856,398.8907528345327,79.22054464602662,68.0,184.4241473242901,0.8336086317316047,-184.42226333320104,1.3866193162118199,0.6983366012573242,0.9689557552337646,0.0,0.0,0.0,1.0,0.0,1.0
SNPT-108,1,9.0,0.013253577200331441,0.997140223565309,0.46938775510204084,0.0,1.0,0.9183673469387755,0.0,48.0,49.0,49.0,224.0,495.5,6.243293669747587,506.09277646845305,80.67489506591426,,1.0,0.0,0.0,0.0,1.0,0.8960396039603961,177.0,410.0,234.0,202.0,17.0,498.5,1912.4675019722868,584.6356464355567,93.52789386797988,129.0,13.16650999981342,10.756706330252413,-7.592776468453053,0.8625757699600465,0.9258533716201782,0.9830538630485535,0.0,0.0,0.0,1.0,0.0,1.0
SNPT-108,0,,1.0,0.0,0.0,1.0,1.0,0.7908163265306123,0.0,195.0,196.0,196.0,1324.5,403.0,1916.276496591051,440.3812654932841,57.80604600668376,10.0,0.21579635868935534,0.7548759244382381,0.16326530612244897,0.0,1.0,0.9183673469387755,701.0,749.0,49.0,49.0,1898.5,613.5,1543.739713713902,513.6603415675304,89.1987614594435,506.0,174.02902076452202,-17.776496591051,173.1187345067159,0.648058841410783,0.6342182755470276,0.9498094320297241,0.0,0.0,0.0,0.0,1.0,1.0
SNPT-108,1,16.0,0.0002857958900979914,0.9999773661295573,0.6521739130434783,0.0,1.0,0.7391304347826086,0.0,36.0,37.0,23.0,69.0,584.0,7.240551532605419,628.2404067532134,82.99916355786284,16.0,0.04693914387200481,0.9771805494636684,0.3283582089552239,0.0,1.0,0.8997867803837953,189.0,657.0,469.0,469.0,17.5,546.0,1911.5757581214875,809.4511753947708,126.01735926094888,153.0,82.87786668217946,10.25944846739458,-82.24040675321339,0.6586327792030093,0.9615373611450195,0.9837453961372375,1.0,0.0,1.0,1.0,0.0,1.0
SNPT-108,0,,1.0,0.0,0.0,0.0,0.9824561403508771,0.8507462686567164,0.0,66.0,67.0,67.0,344.0,414.5,11.50721659394901,443.04917887533907,64.51089363151056,24.0,0.07896654063632821,0.9338538714290894,0.3373913043478261,0.0,0.9774590163934426,0.8486956521739131,175.0,749.0,575.0,575.0,10.5,649.5,1146.06248563383,754.0810333452225,126.41791808164601,109.0,206.4532780759702,-1.0072165939490105,206.45082112466093,0.5102986555264002,0.8396719694137573,0.9577646851539612,0.0,0.0,0.0,1.0,0.0,1.0
SNPT-108,0,,1.0,0.0,0.0,0.0,0.9945945945945946,0.893719806763285,200.0,406.0,207.0,207.0,28.5,473.5,1904.2669591647818,454.9986129635953,84.46539108517118,14.0,0.015327651286289828,0.9968393734523229,0.7142857142857143,1.0,1.0,0.7142857142857143,701.0,749.0,49.0,49.0,1888.5,794.0,1421.4050394146502,606.6061354908156,130.80424944106352,295.0,339.3678497057583,-15.766959164781838,339.0013870364047,0.6457388918639738,0.6909613609313965,0.8882675170898438,0.0,0.0,0.0,0.0,1.0,1.0
SNPT-108,0,,1.0,0.0,0.0,1.0,1.0,0.7268518518518519,175.0,390.0,216.0,216.0,22.0,450.5,1902.3714846288215,386.29269547147175,80.92398760863847,6.0,7.615743281045677e-06,0.9999995430310568,0.8,1.0,1.0,0.8,735.0,749.0,15.0,15.0,1911.5,585.5,1870.006412559237,550.8202014597161,101.66451191656671,345.0,199.41634830274984,9.128515371178537,199.20730452852825,0.7959905190421863,0.5820401906967163,0.9384790062904358,0.0,0.0,0.0,1.0,0.0,1.0
SNPT-108,0,,1.0,0.0,0.0,0.0,0.9945945945945946,0.893719806763285,200.0,406.0,207.0,207.0,28.5,473.5,1904.2669591647818,454.9986129635953,84.46539108517118,1.0,0.04735030879965052,0.9062025785446167,0.033112582781456956,1.0,1.0,0.8841059602649006,448.0,749.0,302.0,302.0,29.0,405.0,313.6750149016127,454.4581264086586,88.46328082793009,42.0,1875.9333755316075,-1875.2669591647818,-49.99861296359529,0.9548073539061341,0.7811008095741272,0.927586019039154,0.0,0.0,0.0,0.0,1.0,1.0
SNPT-108,0,24.0,0.1532164377305081,0.8513319162098137,0.6788990825688074,0.0,1.0,0.926605504587156,0.0,108.0,109.0,109.0,573.5,663.0,5.166391368268395,702.922263333201,109.84873744700138,14.0,0.03415865111823163,0.9588406442692785,0.7252747252747253,1.0,0.9878048780487805,0.9010989010989011,533.0,623.0,91.0,91.0,1899.0,835.0,1905.2742053361553,831.6772933329063,182.1221194788547,425.0,1898.4336347910903,1893.8336086317315,132.07773666679896,0.6031597796101609,0.5943758487701416,0.887793779373169,0.0,1.0,0.0,0.0,1.0,1.0
SNPT-108,1,6.0,1.928046353896207e-05,0.9999987840652466,0.04484304932735426,1.0,1.0,0.8161434977578476,192.0,414.0,223.0,223.0,13.5,485.5,1907.7606332036842,484.73799173146375,91.82548208176662,6.0,7.615743281045677e-06,0.9999995430310568,0.8,1.0,1.0,0.8,735.0,749.0,15.0,15.0,1911.5,585.5,1870.006412559237,550.8202014597161,101.66451191656671,321.0,100.83136999141664,3.739366796315835,100.76200826853625,0.9032206061946699,0.8238452672958374,0.9497724175453186,1.0,0.0,1.0,1.0,0.0,1.0
SNPT-108,1,,1.0,0.0,0.0,0.0,0.9824561403508771,0.8507462686567164,0.0,66.0,67.0,67.0,344.0,414.5,11.50721659394901,443.04917887533907,64.51089363151056,,1.0,0.0,0.0,0.0,1.0,0.8787878787878788,717.0,749.0,33.0,33.0,1906.0,451.5,1599.7009697051762,402.1073006784443,60.74724583865067,651.0,1894.5116317286856,1894.4927834060509,8.450821124660933,1.0619558589183848,0.8453793525695801,0.9793424010276794,0.0,0.0,0.0,1.0,0.0,1.0
SNPT-108,1,,1.0,0.0,0.0,0.0,0.9945945945945946,0.893719806763285,200.0,406.0,207.0,207.0,28.5,473.5,1904.2669591647818,454.9986129635953,84.46539108517118,10.0,0.21579635868935534,0.7548759244382381,0.16326530612244897,0.0,1.0,0.9183673469387755,701.0,749.0,49.0,49.0,1898.5,613.5,1543.739713713902,513.6603415675304,89.1987614594435,295.0,158.60626567217457,-5.766959164781838,158.5013870364047,0.9469345728928705,0.904564619064331,0.9877904057502747,0.0,0.0,0.0,1.0,0.0,1.0
SNPT-108,0,,1.0,0.0,0.0,1.0,1.0,0.8823529411764706,0.0,101.0,102.0,102.0,338.5,448.0,8.07931580555879,476.9445970700632,70.73399270271207,14.0,0.10289468086409072,0.9463081468235363,0.10416666666666667,0.0,0.9955849889624724,0.8579545454545454,222.0,749.0,528.0,528.0,24.0,484.5,929.5170119120053,454.57074225044687,104.48666572312176,121.0,17.62249410988206,15.92068419444121,7.555402929936804,0.6769666943928464,0.5931675434112549,0.9268226623535156,0.0,0.0,0.0,0.0,1.0,1.0
SNPT-108,0,,1.0,0.0,0.0,1.0,1.0,0.9344262295081968,0.0,67.0,68.0,61.0,236.0,413.0,9.591846660219822,455.8947351123819,65.5672814477572,16.0,0.04693914387200481,0.9771805494636684,0.3283582089552239,0.0,1.0,0.8997867803837953,189.0,657.0,469.0,469.0,17.5,546.0,1911.5757581214875,809.4511753947708,126.01735926094888,122.0,90.45163154810032,7.908153339780178,90.10526488761809,0.5203035663680633,0.5375450849533081,0.9024330377578735,0.0,0.0,0.0,0.0,1.0,1.0
SNPT-108,0,9.0,0.013253577200331441,0.997140223565309,0.46938775510204084,0.0,1.0,0.9183673469387755,0.0,48.0,49.0,49.0,224.0,495.5,6.243293669747587,506.09277646845305,80.67489506591426,34.0,0.08663697870768815,0.8700073478477341,0.1037037037037037,0.0,1.0,0.9148148148148149,210.0,749.0,540.0,540.0,19.5,485.0,843.3178223140656,517.7413629495521,109.5021924896244,162.0,24.912757412110793,13.256706330252413,-21.092776468453053,0.7367422809690171,0.9099613428115845,0.9873473644256592,0.0,1.0,1.0,1.0,0.0,1.0
SNPT-108,1,,1.0,0.0,0.0,0.0,1.0,0.8888888888888888,176.0,415.0,240.0,234.0,6.0,518.5,1906.7885743950856,398.8907528345327,79.22054464602662,,1.0,0.0,0.0,0.0,1.0,0.8787878787878788,717.0,749.0,33.0,33.0,1906.0,451.5,1599.7009697051762,402.1073006784443,60.74724583865067,302.0,52.61515691218467,-0.7885743950855613,52.60924716546731,1.3041010098868095,0.7515572309494019,0.9741557240486145,0.0,0.0,0.0,1.0,0.0,1.0
SNPT-108,1,24.0,0.1532164377305081,0.8513319162098137,0.6788990825688074,0.0,1.0,0.926605504587156,0.0,108.0,109.0,109.0,573.5,663.0,5.166391368268395,702.922263333201,109.84873744700138,24.0,0.07896654063632821,0.9338538714290894,0.3373913043478261,0.0,0.9774590163934426,0.8486956521739131,175.0,749.0,575.0,575.0,10.5,649.5,1146.06248563383,754.0810333452225,126.41791808164601,67.0,53.68785338117328,5.333608631731605,-53.422263333201045,0.8689332897893196,0.9614309668540955,0.9887624382972717,1.0,0.0,0.0,1.0,0.0,1.0
SNPT-108,0,,1.0,0.0,0.0,1.0,1.0,0.9344262295081968,0.0,67.0,68.0,61.0,236.0,413.0,9.591846660219822,455.8947351123819,65.5672814477572,6.0,1.928046353896207e-05,0.9999987840652466,0.04484304932735426,1.0,1.0,0.8161434977578476,192.0,414.0,223.0,223.0,13.5,485.5,1907.7606332036842,484.73799173146375,91.82548208176662,125.0,29.862105947057177,3.9081533397801778,29.60526488761809,0.7140423329264133,0.7335137724876404,0.9888730049133301,0.0,0.0,0.0,1.0,0.0,1.0
SNPT-108,0,,1.0,0.0,0.0,0.0,0.9824561403508771,0.8507462686567164,0.0,66.0,67.0,67.0,344.0,414.5,11.50721659394901,443.04917887533907,64.51089363151056,,1.0,0.0,0.0,0.0,1.0,1.0,692.0,749.0,58.0,58.0,1889.0,758.5,1299.135994321933,600.1513745932882,116.3440377827404,626.0,1903.808911705695,1877.4927834060509,315.45082112466093,0.5544838812623772,0.7766823768615723,0.9807167053222656,0.0,0.0,0.0,1.0,0.0,1.0
SNPT-108,0,,1.0,0.0,0.0,1.0,1.0,0.9344262295081968,0.0,67.0,68.0,61.0,236.0,413.0,9.591846660219822,455.8947351123819,65.5672814477572,10.0,0.21579635868935534,0.7548759244382381,0.16326530612244897,0.0,1.0,0.9183673469387755,701.0,749.0,49.0,49.0,1898.5,613.5,1543.739713713902,513.6603415675304,89.1987614594435,634.0,1895.4718228646384,1888.9081533397803,157.6052648876181,0.7350694154825125,0.6078320145606995,0.9385803937911987,0.0,0.0,0.0,0.0,1.0,1.0
SNPT-108,0,,1.0,0.0,0.0,0.0,0.9945945945945946,0.893719806763285,200.0,406.0,207.0,207.0,28.5,473.5,1904.2669591647818,454.9986129635953,84.46539108517118,6.0,7.615743281045677e-06,0.9999995430310568,0.8,1.0,1.0,0.8,735.0,749.0,15.0,15.0,1911.5,585.5,1870.006412559237,550.8202014597161,101.66451191656671,329.0,130.70167901809614,7.233040835218162,130.5013870364047,0.8308247341460668,0.692457914352417,0.8984686136245728,0.0,0.0,0.0,0.0,1.0,1.0
SNPT-108,0,,1.0,0.0,0.0,0.0,1.0,0.8888888888888888,176.0,415.0,240.0,234.0,6.0,518.5,1906.7885743950856,398.8907528345327,79.22054464602662,10.0,0.21579635868935534,0.7548759244382381,0.16326530612244897,0.0,1.0,0.9183673469387755,701.0,749.0,49.0,49.0,1898.5,613.5,1543.739713713902,513.6603415675304,89.1987614594435,286.0,214.7692469475821,-8.288574395085561,214.6092471654673,0.8881350295659236,0.7301487922668457,0.97784423828125,0.0,0.0,0.0,1.0,0.0,1.0
SNPT-108,0,14.0,0.03415865111823163,0.9588406442692785,0.7252747252747253,1.0,0.9878048780487805,0.9010989010989011,533.0,623.0,91.0,91.0,1899.0,835.0,1905.2742053361553,831.6772933329063,182.1221194788547,10.0,0.21579635868935534,0.7548759244382381,0.16326530612244897,0.0,1.0,0.9183673469387755,701.0,749.0,49.0,49.0,1898.5,613.5,1543.739713713902,513.6603415675304,89.1987614594435,78.0,218.28243443760982,-6.774205336155319,-218.1772933329063,2.041756146599201,0.6452113389968872,0.8811376094818115,0.0,1.0,0.0,0.0,1.0,1.0
SNPT-108,1,14.0,0.003974688607740973,0.9995615184307098,0.12121212121212122,1.0,1.0,0.8787878787878788,0.0,32.0,33.0,33.0,199.5,580.5,14.77421364363854,603.7125290122491,103.6270885481613,14.0,0.10717613090127998,0.892443393667539,0.02727272727272727,1.0,1.0,0.8636363636363636,188.0,407.0,220.0,220.0,12.0,555.0,1900.9357951981315,609.3664373947441,106.55451212127528,156.0,48.79146179517232,-2.7742136436385394,-48.71252901224909,0.9725265170396339,0.893031895160675,0.986746072769165,1.0,0.0,1.0,1.0,0.0,1.0
SNPT-108,0,,1.0,0.0,0.0,1.0,1.0,0.8823529411764706,0.0,101.0,102.0,102.0,338.5,448.0,8.07931580555879,476.9445970700632,70.73399270271207,9.0,0.008169116084459485,0.9665188457284655,0.06445672191528545,1.0,0.9956140350877193,0.8397790055248618,207.0,749.0,543.0,543.0,15.0,469.0,823.0165702434631,441.7552101680031,104.05916345900278,106.0,10.536246595673674,6.920684194441209,-7.944597070063196,0.679747850659782,0.7142933011054993,0.9871798157691956,0.0,0.0,0.0,1.0,0.0,1.0
SNPT-108,1,14.0,0.003974688607740973,0.9995615184307098,0.12121212121212122,1.0,1.0,0.8787878787878788,0.0,32.0,33.0,33.0,199.5,580.5,14.77421364363854,603.7125290122491,103.6270885481613,14.0,0.03415865111823163,0.9588406442692785,0.7252747252747253,1.0,0.9878048780487805,0.9010989010989011,533.0,623.0,91.0,91.0,1899.0,835.0,1905.2742053361553,831.6772933329063,182.1221194788547,501.0,1898.3679064412563,1884.2257863563614,231.2874709877509,0.5689978177537788,0.9301900863647461,0.9543838500976562,1.0,0.0,1.0,1.0,0.0,1.0
SNPT-108,0,24.0,0.1532164377305081,0.8513319162098137,0.6788990825688074,0.0,1.0,0.926605504587156,0.0,108.0,109.0,109.0,573.5,663.0,5.166391368268395,702.922263333201,109.84873744700138,6.0,7.615743281045677e-06,0.9999995430310568,0.8,1.0,1.0,0.8,735.0,749.0,15.0,15.0,1911.5,585.5,1870.006412559237,550.8202014597161,101.66451191656671,627.0,1909.9465477665,1906.3336086317315,-117.42226333320104,1.0805022851745085,0.5591771602630615,0.8972699642181396,0.0,1.0,0.0,0.0,1.0,1.0
SNPT-108,0,24.0,0.1532164377305081,0.8513319162098137,0.6788990825688074,0.0,1.0,0.926605504587156,0.0,108.0,109.0,109.0,573.5,663.0,5.166391368268395,702.922263333201,109.84873744700138,7.0,0.0016617909238266294,0.9947037907207713,0.10344827586206896,1.0,0.9902439024390244,0.8316430020283976,219.0,749.0,531.0,493.0,19.5,499.0,758.2795926280972,491.1080165636867,106.48094556482314,111.0,204.4253942624131,14.333608631731604,-203.92226333320104,1.0316281177286128,0.6535584926605225,0.9196449518203735,0.0,1.0,0.0,0.0,1.0,1.0
SNPT-108,0,24.0,0.1532164377305081,0.8513319162098137,0.6788990825688074,0.0,1.0,0.926605504587156,0.0,108.0,109.0,109.0,573.5,663.0,5.166391368268395,702.922263333201,109.84873744700138,,1.0,0.0,0.0,0.0,0.9945945945945946,0.893719806763285,200.0,406.0,207.0,207.0,28.5,473.5,1904.2669591647818,454.9986129635953,84.46539108517118,92.0,230.6057939530303,23.333608631731604,-229.42226333320104,1.3005177154301548,0.8062870502471924,0.9825699329376221,0.0,0.0,0.0,1.0,0.0,1.0
SNPT-108,0,,1.0,0.0,0.0,1.0,1.0,0.7908163265306123,0.0,195.0,196.0,196.0,1324.5,403.0,1916.276496591051,440.3812654932841,57.80604600668376,,1.0,0.0,0.0,0.0,0.9945945945945946,0.893719806763285,200.0,406.0,207.0,207.0,28.5,473.5,1904.2669591647818,454.9986129635953,84.46539108517118,5.0,1888.0669881275157,-1887.776496591051,33.118734506715896,0.6843755207194233,0.7163312435150146,0.9450048804283142,0.0,0.0,0.0,0.0,1.0,1.0
SNPT-108,0,,1.0,0.0,0.0,1.0,1.0,0.9344262295081968,0.0,67.0,68.0,61.0,236.0,413.0,9.591846660219822,455.8947351123819,65.5672814477572,,1.0,0.0,0.0,0.0,1.0,0.8960396039603961,177.0,410.0,234.0,202.0,17.0,498.5,1912.4675019722868,584.6356464355567,93.52789386797988,110.0,43.24452950431764,7.408153339780178,42.60526488761809,0.70104520412177,0.6387308835983276,0.9285547733306885,0.0,0.0,0.0,0.0,1.0,1.0
SNPT-108,1,,1.0,0.0,0.0,1.0,1.0,0.9344262295081968,0.0,67.0,68.0,61.0,236.0,413.0,9.591846660219822,455.8947351123819,65.5672814477572,,1.0,0.0,0.0,1.0,1.0,0.7268518518518519,175.0,390.0,216.0,216.0,22.0,450.5,1902.3714846288215,386.29269547147175,80.92398760863847,108.0,13.530167635187091,12.408153339780178,-5.394735112381909,0.8102329529885651,0.9577237963676453,0.9933997988700867,0.0,0.0,0.0,1.0,0.0,1.0
SNPT-108,0,,1.0,0.0,0.0,1.0,1.0,0.8823529411764706,0.0,101.0,102.0,102.0,338.5,448.0,8.07931580555879,476.9445970700632,70.73399270271207,14.0,0.10717613090127998,0.892443393667539,0.02727272727272727,1.0,1.0,0.8636363636363636,188.0,407.0,220.0,220.0,12.0,555.0,1900.9357951981315,609.3664373947441,106.55451212127528,87.0,78.15380791175392,3.9206841944412094,78.0554029299368,0.6638291640076771,0.7822598218917847,0.9893772006034851,0.0,0.0,0.0,1.0,0.0,1.0
SNPT-108,0,24.0,0.1532164377305081,0.8513319162098137,0.6788990825688074,0.0,1.0,0.926605504587156,0.0,108.0,109.0,109.0,573.5,663.0,5.166391368268395,702.922263333201,109.84873744700138,1.0,0.04735030879965052,0.9062025785446167,0.033112582781456956,1.0,1.0,0.8841059602649006,448.0,749.0,302.0,302.0,29.0,405.0,313.6750149016127,454.4581264086586,88.46328082793009,340.0,298.8740803247878,23.833608631731604,-297.92226333320104,1.241743878577917,0.6006231904029846,0.9177094101905823,0.0,1.0,0.0,0.0,1.0,1.0
SNPT-108,0,16.0,0.0002857958900979914,0.9999773661295573,0.6521739130434783,0.0,1.0,0.7391304347826086,0.0,36.0,37.0,23.0,69.0,584.0,7.240551532605419,628.2404067532134,82.99916355786284,4.0,0.07910794699220622,0.9199851046908986,0.12966601178781925,0.0,1.0,0.8978388998035364,241.0,749.0,509.0,509.0,15.0,539.0,277.3090636806931,531.725639865726,109.53975594415057,205.0,89.5771133604847,7.759448467394581,-89.24040675321339,0.7577081292766473,0.8577184677124023,0.9682350158691406,0.0,1.0,1.0,1.0,0.0,1.0
SNPT-108,0,9.0,0.013253577200331441,0.997140223565309,0.46938775510204084,0.0,1.0,0.9183673469387755,0.0,48.0,49.0,49.0,224.0,495.5,6.243293669747587,506.09277646845305,80.67489506591426,1.0,0.04735030879965052,0.9062025785446167,0.033112582781456956,1.0,1.0,0.8841059602649006,448.0,749.0,302.0,302.0,29.0,405.0,313.6750149016127,454.4581264086586,88.46328082793009,400.0,103.62247409274671,22.756706330252413,-101.09277646845305,0.9119591124235487,0.6870509386062622,0.9166349768638611,0.0,1.0,1.0,0.0,1.0,1.0
SNPT-108,1,,1.0,0.0,0.0,1.0,1.0,0.8823529411764706,0.0,101.0,102.0,102.0,338.5,448.0,8.07931580555879,476.9445970700632,70.73399270271207,,1.0,0.0,0.0,1.0,1.0,0.864321608040201,170.0,374.0,205.0,199.0,11.5,476.5,1912.815781629524,463.88084735429516,85.0099188311466,69.0,3.4494560314357807,3.4206841944412094,-0.44459707006319604,0.8320675242992468,0.9692374467849731,0.9695020318031311,0.0,0.0,0.0,1.0,0.0,1.0
SNPT-108,0,,1.0,0.0,0.0,1.0,1.0,0.7908163265306123,0.0,195.0,196.0,196.0,1324.5,403.0,1916.276496591051,440.3812654932841,57.80604600668376,7.0,0.0016617909238266294,0.9947037907207713,0.10344827586206896,1.0,0.9902439024390244,0.8316430020283976,219.0,749.0,531.0,493.0,19.5,499.0,758.2795926280972,491.1080165636867,106.48094556482314,24.0,1897.682068750029,-1896.776496591051,58.618734506715896,0.5428769034690133,0.7059895396232605,0.9473910331726074,0.0,0.0,0.0,1.0,0.0,1.0
SNPT-108,1,16.0,0.04693914387200481,0.9771805494636684,0.3283582089552239,0.0,1.0,0.8997867803837953,189.0,657.0,469.0,469.0,17.5,546.0,1911.5757581214875,809.4511753947708,126.01735926094888,,1.0,0.0,0.0,0.0,1.0,1.0,692.0,749.0,58.0,58.0,1889.0,758.5,1299.135994321933,600.1513745932882,116.3440377827404,35.0,55.72869215106885,-22.575758121487524,-50.95117539477076,1.0831441100254087,0.9584634304046631,0.9828281402587891,0.0,0.0,0.0,1.0,0.0,1.0
SNPT-108,0,14.0,0.003974688607740973,0.9995615184307098,0.12121212121212122,1.0,1.0,0.8787878787878788,0.0,32.0,33.0,33.0,199.5,580.5,14.77421364363854,603.7125290122491,103.6270885481613,14.0,0.10289468086409072,0.9463081468235363,0.10416666666666667,0.0,0.9955849889624724,0.8579545454545454,222.0,749.0,528.0,528.0,24.0,484.5,929.5170119120053,454.57074225044687,104.48666572312176,190.0,119.56898513991644,9.22578635636146,-119.21252901224909,0.9917733313718877,0.6591112017631531,0.9066301584243774,1.0,0.0,1.0,0.0,1.0,1.0
SNPT-108,0,,1.0,0.0,0.0,1.0,1.0,0.7908163265306123,0.0,195.0,196.0,196.0,1324.5,403.0,1916.276496591051,440.3812654932841,57.80604600668376,14.0,0.03415865111823163,0.9588406442692785,0.7252747252747253,1.0,0.9878048780487805,0.9010989010989011,533.0,623.0,91.0,91.0,1899.0,835.0,1905.2742053361553,831.6772933329063,182.1221194788547,338.0,394.9967379082295,-17.276496591051,394.6187345067159,0.3174026646082127,0.7003176212310791,0.9101753830909729,0.0,0.0,0.0,1.0,0.0,1.0
SNPT-108,0,,1.0,0.0,0.0,0.0,0.9824561403508771,0.8507462686567164,0.0,66.0,67.0,67.0,344.0,414.5,11.50721659394901,443.04917887533907,64.51089363151056,,1.0,0.0,0.0,0.0,1.0,0.8960396039603961,177.0,410.0,234.0,202.0,17.0,498.5,1912.4675019722868,584.6356464355567,93.52789386797988,111.0,55.722205923176915,5.4927834060509895,55.45082112466093,0.6897503083152013,0.8883671164512634,0.9845739603042603,0.0,0.0,0.0,1.0,0.0,1.0
SNPT-109,0,,1.0,0.0,0.0,0.0,0.9876237623762376,0.8347107438016529,0.0,485.0,486.0,484.0,1127.0,490.0,3.5002806109429874,493.2569231503703,95.95156599890545,31.0,0.03156217071576975,0.8785274387934269,0.6341463414634146,0.0,1.0,0.8699186991869918,627.0,749.0,123.0,123.0,16.5,1004.0,1486.2353030808526,968.8871531534753,171.32069616081472,142.0,510.9084881405093,12.999719389057013,510.7430768496297,0.5600699048574842,0.7935002446174622,0.970424234867096,0.0,0.0,0.0,1.0,0.0,1.0
SNPT-109,0,,1.0,0.0,0.0,0.0,1.0,0.85,388.0,472.0,85.0,80.0,19.0,670.5,9.166016110307453,599.9567561360566,122.90506693000802,62.0,0.00048378555751279844,0.9999453042944272,0.4411764705882353,1.0,1.0,0.9080882352941176,478.0,749.0,272.0,272.0,1894.0,536.5,1801.6818015413694,507.51911935729527,93.18088992150665,6.0,1885.9018815210934,1884.8339838896925,-63.45675613605658,1.3189943456597195,0.5557675957679749,0.8875909447669983,0.0,0.0,0.0,0.0,1.0,1.0
SNPT-109,0,,1.0,0.0,0.0,0.0,1.0,0.85,388.0,472.0,85.0,80.0,19.0,670.5,9.166016110307453,599.9567561360566,122.90506693000802,9.0,0.04159490484906858,0.9620613630087871,0.5698924731182796,1.0,1.0,0.8279569892473119,657.0,749.0,93.0,93.0,17.0,683.0,943.4298624464257,583.1948878817282,127.44128428992741,185.0,83.41193952325014,7.833983889692547,83.04324386394342,0.9644054327826801,0.5707316994667053,0.8841637372970581,0.0,0.0,0.0,0.0,1.0,1.0
SNPT-109,0,,1.0,0.0,0.0,0.0,1.0,0.7350993377483444,0.0,150.0,151.0,151.0,1173.5,473.0,1191.8788201386728,477.5806068767248,86.56830039337903,,1.0,0.0,0.0,0.0,1.0,0.875,742.0,749.0,8.0,8.0,15.5,553.5,71.6266983411605,539.4513398295691,111.73061156123062,592.0,1178.8260612673366,-1176.3788201386728,75.9193931232752,0.7747948318168639,0.7119427919387817,0.8609601259231567,0.0,0.0,0.0,1.0,0.0,1.0
SNPT-109,1,27.0,0.035772374335584056,0.9874085623484391,0.14942528735632185,1.0,1.0,0.9137931034482759,231.0,404.0,174.0,174.0,1843.0,747.0,1912.5498283636502,761.3652839473617,130.3597981289866,27.0,0.012371835415631693,0.9979667626321316,0.8888888888888888,1.0,1.0,0.8888888888888888,466.0,537.0,72.0,72.0,1909.5,879.0,1907.7024192560243,777.0597570977461,143.18638071661655,62.0,117.67424473448963,-3.0498283636502492,117.63471605263828,0.9104203729192978,0.9033459424972534,0.9181603193283081,1.0,0.0,1.0,1.0,0.0,1.0
SNPT-109,1,,1.0,0.0,0.0,0.0,1.0,0.85,388.0,472.0,85.0,80.0,19.0,670.5,9.166016110307453,599.9567561360566,122.90506693000802,31.0,0.03156217071576975,0.8785274387934269,0.6341463414634146,0.0,1.0,0.8699186991869918,627.0,749.0,123.0,123.0,16.5,1004.0,1486.2353030808526,968.8871531534753,171.32069616081472,155.0,404.10979972254114,7.333983889692547,404.0432438639434,0.7173976623036828,0.7776156663894653,0.9614437818527222,0.0,0.0,0.0,1.0,0.0,1.0
SNPT-109,0,3.0,0.005020461284776242,0.9988353896353926,0.22266401590457258,1.0,0.9909706546275395,0.8807157057654076,0.0,537.0,538.0,503.0,1415.5,533.0,1908.8028368898802,625.8639962487642,102.61312621926409,31.0,0.03156217071576975,0.8785274387934269,0.6341463414634146,0.0,1.0,0.8699186991869918,627.0,749.0,123.0,123.0,16.5,1004.0,1486.2353030808526,968.8871531534753,171.32069616081472,90.0,1929.7141922664202,-1892.3028368898802,378.13600375123576,0.5989534744999142,0.6887778043746948,0.9085160493850708,0.0,1.0,1.0,0.0,1.0,1.0
SNPT-109,0,,1.0,0.0,0.0,0.0,0.9885057471264368,0.925531914893617,166.0,259.0,94.0,94.0,1083.5,471.5,113.8359143599937,557.8591435993886,100.92793662131616,,1.0,0.0,0.0,0.0,1.0,0.875,742.0,749.0,8.0,8.0,15.5,553.5,71.6266983411605,539.4513398295691,111.73061156123062,483.0,98.43248541988618,-98.3359143599937,-4.359143599388631,0.9033149931879288,0.8342276811599731,0.960200846195221,0.0,0.0,0.0,1.0,0.0,1.0
SNPT-109,0,,1.0,0.0,0.0,0.0,0.5365168539325843,0.89,0.0,471.0,472.0,400.0,1208.5,468.0,27.93633094491173,593.3069937608567,101.79316720145671,33.0,0.11984876553757458,0.8742595282663782,0.6058394160583942,1.0,1.0,0.8905109489051095,613.0,749.0,137.0,137.0,22.5,839.5,1773.8648745582245,711.6340742450591,148.4636381100996,142.0,246.2530203169282,-5.436330944911731,246.1930062391433,0.6856437609724181,0.7618492841720581,0.9568314552307129,0.0,0.0,0.0,0.0,1.0,0.0
SNPT-109,1,33.0,0.05376595742183983,0.9773278713805004,0.21593291404612158,1.0,1.0,0.8469601677148847,0.0,476.0,477.0,477.0,1026.0,593.5,34.807803651570765,530.6595233567068,99.50106148907267,33.0,0.11984876553757458,0.8742595282663782,0.6058394160583942,1.0,1.0,0.8905109489051095,613.0,749.0,137.0,137.0,22.5,839.5,1773.8648745582245,711.6340742450591,148.4636381100996,137.0,309.08562251256876,-12.307803651570765,308.8404766432932,0.6702049252981621,0.9153565764427185,0.9883407950401306,1.0,0.0,1.0,1.0,0.0,1.0
SNPT-109,1,,1.0,0.0,0.0,0.0,1.0,0.7350993377483444,0.0,150.0,151.0,151.0,1173.5,473.0,1191.8788201386728,477.5806068767248,86.56830039337903,,1.0,0.0,0.0,0.0,0.9885057471264368,0.925531914893617,166.0,259.0,94.0,94.0,1083.5,471.5,113.8359143599937,557.8591435993886,100.92793662131616,16.0,108.54926270887366,-108.37882013867284,-6.080606876724801,0.8577238700339748,0.9084774255752563,0.9234059453010559,0.0,0.0,0.0,1.0,0.0,1.0
SNPT-109,0,27.0,0.035772374335584056,0.9874085623484391,0.14942528735632185,1.0,1.0,0.9137931034482759,231.0,404.0,174.0,174.0,1843.0,747.0,1912.5498283636502,761.3652839473617,130.3597981289866,7.0,0.013965464314493987,0.9969093535955136,0.8,1.0,1.0,0.8615384615384616,685.0,749.0,65.0,65.0,16.5,801.0,906.433643820563,713.5317748816489,154.31533384856613,281.0,1896.4640419355178,-1896.0498283636502,39.63471605263828,0.8447624411512614,0.7468533515930176,0.9769654273986816,0.0,1.0,1.0,1.0,0.0,1.0
SNPT-109,1,9.0,0.009858005974820117,0.8954617298311658,0.033582089552238806,1.0,0.7288135593220338,0.8805970149253731,0.0,607.0,608.0,536.0,1186.0,468.0,8.115126192819265,690.9633537209336,101.96101506424652,9.0,0.04159490484906858,0.9620613630087871,0.5698924731182796,1.0,1.0,0.8279569892473119,657.0,749.0,93.0,93.0,17.0,683.0,943.4298624464257,583.1948878817282,127.44128428992741,50.0,11.931302739191267,8.884873807180735,-7.963353720933583,0.8000626769602104,0.8507086038589478,0.9774742126464844,1.0,0.0,1.0,1.0,0.0,0.0
SNPT-109,0,,1.0,0.0,0.0,0.0,1.0,0.8879310344827587,0.0,231.0,232.0,232.0,504.0,449.0,13.737734625901567,511.0344557241241,92.4979998716083,33.0,0.08215079723202483,0.902462152498109,0.5660377358490566,0.0,1.0,0.8706199460916442,379.0,749.0,371.0,371.0,10.0,802.0,1490.7024652737412,630.9918489520052,116.01890854156925,148.0,290.9895506988015,-3.7377346259015667,290.9655442758759,0.7972665924405463,0.6860744953155518,0.9310831427574158,0.0,0.0,0.0,1.0,0.0,1.0
SNPT-109,0,,1.0,0.0,0.0,0.0,0.5365168539325843,0.89,0.0,471.0,472.0,400.0,1208.5,468.0,27.93633094491173,593.3069937608567,101.79316720145671,31.0,0.03156217071576975,0.8785274387934269,0.6341463414634146,0.0,1.0,0.8699186991869918,627.0,749.0,123.0,123.0,16.5,1004.0,1486.2353030808526,968.8871531534753,171.32069616081472,156.0,410.8522058346852,-11.436330944911731,410.6930062391433,0.5941673684649627,0.7814669609069824,0.9655945897102356,0.0,0.0,0.0,1.0,0.0,0.0
SNPT-109,0,27.0,0.035772374335584056,0.9874085623484391,0.14942528735632185,1.0,1.0,0.9137931034482759,231.0,404.0,174.0,174.0,1843.0,747.0,1912.5498283636502,761.3652839473617,130.3597981289866,33.0,0.11984876553757458,0.8742595282663782,0.6058394160583942,1.0,1.0,0.8905109489051095,613.0,749.0,137.0,137.0,22.5,839.5,1773.8648745582245,711.6340742450591,148.4636381100996,209.0,1891.6641846665307,-1890.0498283636502,78.13471605263828,0.8780587609762917,0.8357371687889099,0.9956055283546448,0.0,1.0,1.0,1.0,0.0,1.0
SNPT-109,1,7.0,0.059393447324064076,0.9511390133337541,0.15406162464985995,1.0,0.847682119205298,0.84593837535014,0.0,472.0,473.0,357.0,990.0,537.5,10.31933025091946,602.3355792120376,105.75432081007814,7.0,0.013965464314493987,0.9969093535955136,0.8,1.0,1.0,0.8615384615384616,685.0,749.0,65.0,65.0,16.5,801.0,906.433643820563,713.5317748816489,154.31533384856613,213.0,198.7605412690451,6.18066974908054,198.6644207879624,0.6853131064334654,0.8505868315696716,0.9683936238288879,1.0,0.0,1.0,1.0,0.0,0.0
SNPT-109,1,,1.0,0.0,0.0,0.0,1.0,0.75,0.0,262.0,263.0,240.0,1106.5,488.5,7.7641328720758125,499.35045011109867,91.78733934069548,33.0,0.08215079723202483,0.902462152498109,0.5660377358490566,0.0,1.0,0.8706199460916442,379.0,749.0,371.0,371.0,10.0,802.0,1490.7024652737412,630.9918489520052,116.01890854156925,117.0,302.65780867139097,2.2358671279241875,302.64954988890133,0.791141207019788,0.7977371215820312,0.9742565751075745,0.0,0.0,0.0,1.0,0.0,1.0
SNPT-109,0,33.0,0.05376595742183983,0.9773278713805004,0.21593291404612158,1.0,1.0,0.8469601677148847,0.0,476.0,477.0,477.0,1026.0,593.5,34.807803651570765,530.6595233567068,99.50106148907267,,1.0,0.0,0.0,0.0,1.0,0.875,742.0,749.0,8.0,8.0,15.5,553.5,71.6266983411605,539.4513398295691,111.73061156123062,266.0,29.907836015673734,-19.307803651570765,22.840476643293186,0.8905443199381764,0.5956779718399048,0.9065710306167603,0.0,0.0,0.0,0.0,1.0,1.0
SNPT-109,1,,1.0,0.0,0.0,0.0,0.9876237623762376,0.8347107438016529,0.0,485.0,486.0,484.0,1127.0,490.0,3.5002806109429874,493.2569231503703,95.95156599890545,,1.0,0.0,0.0,0.0,1.0,0.875,742.0,749.0,8.0,8.0,15.5,553.5,71.6266983411605,539.4513398295691,111.73061156123062,257.0,61.42655430452289,11.999719389057013,60.24307684962969,0.8587759850067773,0.7642227411270142,0.9392051696777344,0.0,0.0,0.0,1.0,0.0,1.0
SNPT-109,0,,1.0,0.0,0.0,0.0,1.0,0.75,0.0,262.0,263.0,240.0,1106.5,488.5,7.7641328720758125,499.35045011109867,91.78733934069548,,1.0,0.0,0.0,0.0,1.0,0.875,742.0,749.0,8.0,8.0,15.5,553.5,71.6266983411605,539.4513398295691,111.73061156123062,480.0,54.699336315823,7.7358671279241875,54.14954988890133,0.821505745454496,0.7225286960601807,0.9242788553237915,0.0,0.0,0.0,1.0,0.0,1.0
SNPT-109,0,,1.0,0.0,0.0,0.0,0.9555555555555556,0.8544303797468354,229.0,386.0,158.0,158.0,1884.5,761.0,1910.135236609439,569.1191394299864,113.14804887525965,62.0,0.00048378555751279844,0.9999453042944272,0.4411764705882353,1.0,1.0,0.9080882352941176,478.0,749.0,272.0,272.0,1894.0,536.5,1801.6818015413694,507.51911935729527,93.18088992150665,92.0,36.39167648783818,-16.135236609439062,-32.619139429986376,1.2142838405017686,0.6281193494796753,0.9295964241027832,0.0,0.0,0.0,0.0,1.0,1.0
SNPT-109,0,36.0,0.05453103963886579,0.9593155415297596,0.3184979137691238,1.0,0.9901153212520593,0.8442280945757997,0.0,735.0,736.0,719.0,1167.0,512.0,1901.5094900379559,561.6500491193216,104.29382568721438,,1.0,0.0,0.0,0.0,1.0,0.875,742.0,749.0,8.0,8.0,15.5,553.5,71.6266983411605,539.4513398295691,111.73061156123062,7.0,1886.0270994378309,-1886.0094900379559,-8.15004911932158,0.9334400325022769,0.6263553500175476,0.9041146039962769,0.0,0.0,0.0,0.0,1.0,1.0
SNPT-109,0,,1.0,0.0,0.0,0.0,1.0,0.75,0.0,262.0,263.0,240.0,1106.5,488.5,7.7641328720758125,499.35045011109867,91.78733934069548,62.0,0.00048378555751279844,0.9999453042944272,0.4411764705882353,1.0,1.0,0.9080882352941176,478.0,749.0,272.0,272.0,1894.0,536.5,1801.6818015413694,507.51911935729527,93.18088992150665,216.0,1886.6016631755576,1886.2358671279242,37.14954988890133,0.9850446740529624,0.6457301378250122,0.9070416688919067,0.0,0.0,0.0,0.0,1.0,1.0
SNPT-109,0,24.0,0.08138700429931521,0.8682623612516709,0.2270363951473137,0.0,1.0,0.9046793760831889,0.0,576.0,577.0,577.0,987.5,627.0,1911.111460554524,1015.8786579790682,126.45314333348928,9.0,0.04159490484906858,0.9620613630087871,0.5698924731182796,1.0,1.0,0.8279569892473119,657.0,749.0,93.0,93.0,17.0,683.0,943.4298624464257,583.1948878817282,127.44128428992741,81.0,1923.1397312576999,-1894.111460554524,-332.8786579790682,0.9922463041553307,0.5720162987709045,0.9130921363830566,0.0,1.0,1.0,0.0,1.0,1.0
SNPT-109,1,,1.0,0.0,0.0,0.0,0.9555555555555556,0.8544303797468354,229.0,386.0,158.0,158.0,1884.5,761.0,1910.135236609439,569.1191394299864,113.14804887525965,10.0,0.06297206746213353,0.940078409279094,0.15315315315315314,0.0,1.0,0.9009009009009009,465.0,736.0,272.0,222.0,1908.0,539.5,1911.0465916205653,560.3246507881718,92.3562809502676,79.0,29.696004040127395,-2.135236609439062,-29.619139429986376,1.2251256515643811,0.9456741213798523,0.9931577444076538,0.0,0.0,0.0,1.0,0.0,1.0
SNPT-109,0,,1.0,0.0,0.0,0.0,1.0,0.75,0.0,262.0,263.0,240.0,1106.5,488.5,7.7641328720758125,499.35045011109867,91.78733934069548,7.0,0.013965464314493987,0.9969093535955136,0.8,1.0,1.0,0.8615384615384616,685.0,749.0,65.0,65.0,16.5,801.0,906.433643820563,713.5317748816489,154.31533384856613,423.0,301.7760201252802,8.735867127924188,301.64954988890133,0.5948037505512506,0.6799664497375488,0.8979255557060242,0.0,0.0,0.0,0.0,1.0,1.0
SNPT-109,0,,1.0,0.0,0.0,0.0,1.0,0.7350993377483444,0.0,150.0,151.0,151.0,1173.5,473.0,1191.8788201386728,477.5806068767248,86.56830039337903,9.0,0.04159490484906858,0.9620613630087871,0.5698924731182796,1.0,1.0,0.8279569892473119,657.0,749.0,93.0,93.0,17.0,683.0,943.4298624464257,583.1948878817282,127.44128428992741,507.0,1192.7017100187184,-1174.8788201386728,205.4193931232752,0.6792798807365844,0.685757040977478,0.8554148077964783,0.0,0.0,0.0,0.0,1.0,1.0
SNPT-109,0,33.0,0.05376595742183983,0.9773278713805004,0.21593291404612158,1.0,1.0,0.8469601677148847,0.0,476.0,477.0,477.0,1026.0,593.5,34.807803651570765,530.6595233567068,99.50106148907267,62.0,0.00048378555751279844,0.9999453042944272,0.4411764705882353,1.0,1.0,0.9080882352941176,478.0,749.0,272.0,272.0,1894.0,536.5,1801.6818015413694,507.51911935729527,93.18088992150665,2.0,1859.2013699786037,1859.1921963484292,5.8404766432931865,1.0678269071361088,0.7986655235290527,0.9919703006744385,0.0,1.0,1.0,1.0,0.0,1.0
SNPT-109,1,,1.0,0.0,0.0,0.0,0.5365168539325843,0.89,0.0,471.0,472.0,400.0,1208.5,468.0,27.93633094491173,593.3069937608567,101.79316720145671,9.0,0.04159490484906858,0.9620613630087871,0.5698924731182796,1.0,1.0,0.8279569892473119,657.0,749.0,93.0,93.0,17.0,683.0,943.4298624464257,583.1948878817282,127.44128428992741,186.0,90.35728361760125,-10.936330944911731,89.6930062391433,0.7987456166078684,0.777567982673645,0.9540503025054932,0.0,0.0,0.0,0.0,1.0,0.0
SNPT-110,0,3.0,0.06269351749215275,0.9636164119369105,0.09429280397022333,0.0,0.8025078369905956,0.7915632754342432,0.0,402.0,403.0,403.0,1475.0,487.5,1896.8471962689023,667.6833491997069,96.54225343566188,,1.0,0.0,0.0,1.0,1.0,0.8461538461538461,639.0,696.0,58.0,39.0,8.5,507.5,14.804423547068831,571.9479679429857,131.85192870120989,237.0,1895.128976881906,-1888.3471962689023,-160.18334919970687,0.7322020571609279,0.7266070246696472,0.9392382502555847,0.0,0.0,0.0,0.0,1.0,0.0
SNPT-110,0,7.0,0.029275476209267463,0.9555702095336103,0.094,0.0,0.5315315315315315,0.888,0.0,542.0,543.0,500.0,1334.5,478.0,8.044366606947118,463.6969229248138,90.75240314718167,10.0,0.40858616136635345,0.8093537439902624,0.21428571428571427,0.0,1.0,0.8214285714285714,651.0,678.0,28.0,28.0,11.0,662.5,6.348900123510118,625.5981584224944,130.23660534144022,109.0,198.82504677056298,2.9556333930528815,198.8030770751862,0.6968271547715548,0.7207887172698975,0.9716120958328247,0.0,1.0,0.0,1.0,0.0,0.0
SNPT-110,1,33.0,0.01120997598393244,0.9912299278535341,0.38,0.0,0.9270833333333334,0.96,0.0,299.0,300.0,300.0,1310.5,527.0,14.046900367817832,586.863593594842,85.18669160377625,33.0,0.02590193745682108,0.9851390566144671,0.5982905982905983,0.0,0.9807692307692307,0.8888888888888888,387.0,503.0,117.0,117.0,8.5,588.0,30.122164820704562,574.425088024059,119.37051057515072,88.0,5.662112963212744,-5.546900367817832,1.1364064051580272,0.713632631655255,0.877354621887207,0.9841018915176392,1.0,0.0,1.0,1.0,0.0,1.0
SNPT-110,0,34.0,0.09906682255181791,0.8944337066308952,0.15547024952015356,1.0,0.9642105263157895,0.9117082533589251,0.0,527.0,528.0,521.0,1616.5,481.5,25.37398434090035,546.6797163403933,96.72739673730706,,1.0,0.0,0.0,1.0,1.0,0.8461538461538461,639.0,696.0,58.0,39.0,8.5,507.5,14.804423547068831,571.9479679429857,131.85192870120989,112.0,42.65889731404962,-16.87398434090035,-39.17971634039327,0.73360623306847,0.8422037363052368,0.9859927296638489,0.0,0.0,0.0,1.0,0.0,1.0
SNPT-110,0,,1.0,0.0,0.0,0.0,1.0,0.8111111111111111,0.0,179.0,180.0,180.0,192.5,562.0,7.346440483519731,612.1069146215725,88.50615365431169,62.0,0.003811061901898782,0.9796778083142668,0.463302752293578,0.0,0.984375,0.8807339449541285,532.0,749.0,218.0,218.0,1907.5,583.5,1480.319226568234,446.19487583719865,116.33826012536981,353.0,1900.368886639464,1900.1535595164803,-28.606914621572514,0.7607656634965543,0.7446891665458679,0.9589628577232361,0.0,0.0,0.0,1.0,0.0,1.0
SNPT-110,0,31.0,0.0008963272066930771,0.9998679720625585,0.11694510739856802,1.0,0.9787878787878788,0.7875894988066826,0.0,583.0,584.0,419.0,1425.0,489.0,17.824315204989382,558.2733439285796,89.6703095284271,3.0,0.005469300381677881,0.9989564256234602,0.4888888888888889,0.0,1.0,0.8888888888888888,705.0,749.0,45.0,45.0,1909.5,487.5,1599.3349114301113,463.1900223291026,113.41435778355873,122.0,1892.999144916739,1891.6756847950105,-70.7733439285796,0.7906433654507391,0.6957263350486755,0.9338623285293579,0.0,1.0,1.0,0.0,1.0,1.0
SNPT-110,0,10.0,0.6862274184823036,0.8508409857749939,0.008849557522123894,1.0,1.0,0.9380530973451328,584.0,744.0,161.0,113.0,11.49177364075014,462.4104034207197,32.298501907560706,473.73017689046003,126.1663127998596,9.0,0.010685379985900882,0.990242754082078,0.8512396694214877,1.0,1.0,0.8760330578512396,302.0,430.0,129.0,121.0,1902.5,758.0,1910.7026379633085,660.6724118748017,118.65847792981035,154.0,1909.5312857235635,-1899.2108643225583,-198.26200845408198,1.0632726375817019,0.8834603428840637,0.9148818254470825,0.0,1.0,0.0,1.0,0.0,1.0
SNPT-110,1,33.0,0.01120997598393244,0.9912299278535341,0.38,0.0,0.9270833333333334,0.96,0.0,299.0,300.0,300.0,1310.5,527.0,14.046900367817832,586.863593594842,85.18669160377625,10.0,0.40858616136635345,0.8093537439902624,0.21428571428571427,0.0,1.0,0.8214285714285714,651.0,678.0,28.0,28.0,11.0,662.5,6.348900123510118,625.5981584224944,130.23660534144022,352.0,75.69775145760697,-3.046900367817832,75.63640640515803,0.654091769210684,0.8158608675003052,0.9741563200950623,0.0,1.0,0.0,1.0,0.0,1.0
SNPT-110,0,,1.0,0.0,0.0,0.0,1.0,0.8111111111111111,0.0,179.0,180.0,180.0,192.5,562.0,7.346440483519731,612.1069146215725,88.50615365431169,,1.0,0.0,0.0,1.0,1.0,0.8461538461538461,639.0,696.0,58.0,39.0,8.5,507.5,14.804423547068831,571.9479679429857,131.85192870120989,460.0,104.61327490430182,1.1535595164802688,-104.60691462157251,0.6712541449042873,0.5065039396286011,0.8837240934371948,0.0,0.0,0.0,0.0,1.0,1.0
SNPT-110,1,27.0,0.010483706069071749,0.9891170607163355,0.5909090909090909,0.0,1.0,0.8787878787878788,297.0,428.0,132.0,132.0,1903.5,783.5,1900.9205467385063,674.0510372783153,123.52206812140734,27.0,0.0379371099668566,0.9712740790687109,0.8941176470588236,0.0,1.0,0.9529411764705882,495.0,749.0,255.0,255.0,1900.5,814.5,1614.4811803833468,674.8918552805302,156.28581827300425,67.0,140.44959234243595,-0.4205467385063457,140.44896272168467,0.7903600562505018,0.9642013311386108,0.9921709299087524,1.0,0.0,1.0,1.0,0.0,1.0
SNPT-110,1,3.0,0.06269351749215275,0.9636164119369105,0.09429280397022333,0.0,0.8025078369905956,0.7915632754342432,0.0,402.0,403.0,403.0,1475.0,487.5,1896.8471962689023,667.6833491997069,96.54225343566188,3.0,0.005469300381677881,0.9989564256234602,0.4888888888888889,0.0,1.0,0.8888888888888888,705.0,749.0,45.0,45.0,1909.5,487.5,1599.3349114301113,463.1900223291026,113.41435778355873,303.0,180.62705437193284,12.65280373109772,-180.18334919970687,0.8512348464724743,0.8524986505508423,0.9783593416213989,1.0,0.0,1.0,1.0,0.0,0.0
SNPT-110,0,33.0,0.01120997598393244,0.9912299278535341,0.38,0.0,0.9270833333333334,0.96,0.0,299.0,300.0,300.0,1310.5,527.0,14.046900367817832,586.863593594842,85.18669160377625,27.0,0.0379371099668566,0.9712740790687109,0.8941176470588236,0.0,1.0,0.9529411764705882,495.0,749.0,255.0,255.0,1900.5,814.5,1614.4811803833468,674.8918552805302,156.28581827300425,196.0,1900.1377925384575,1886.453099632182,227.63640640515803,0.5450698761097431,0.6445805430412292,0.9549627304077148,0.0,1.0,1.0,1.0,0.0,1.0
SNPT-110,0,9.0,0.010685379985900882,0.990242754082078,0.8512396694214877,1.0,1.0,0.8760330578512396,302.0,430.0,129.0,121.0,1902.5,758.0,1910.7026379633085,660.6724118748017,118.65847792981035,3.0,0.005469300381677881,0.9989564256234602,0.4888888888888889,0.0,1.0,0.8888888888888888,705.0,749.0,45.0,45.0,1909.5,487.5,1599.3349114301113,463.1900223291026,113.41435778355873,275.0,173.1765878304765,-1.2026379633084616,-173.1724118748017,1.0462385913806393,0.6014690399169922,0.857628583908081,0.0,1.0,1.0,0.0,1.0,1.0
SNPT-110,1,6.0,0.0003038053342152125,0.9874399827076838,0.12974051896207583,1.0,0.7384196185286104,0.7325349301397206,0.0,500.0,501.0,501.0,1743.0,508.5,38.199049977304526,484.9355110861954,95.29711716955559,10.0,0.6862274184823036,0.8508409857749939,0.008849557522123894,1.0,1.0,0.9380530973451328,584.0,744.0,161.0,113.0,11.49177364075014,462.4104034207197,32.298501907560706,473.73017689046003,126.1663127998596,84.0,34.937931888684375,-26.707276336554386,-22.525107665475673,0.7553293351825816,0.7818654775619507,0.9822473526000977,0.0,1.0,0.0,1.0,0.0,0.0
SNPT-110,1,31.0,0.0008963272066930771,0.9998679720625585,0.11694510739856802,1.0,0.9787878787878788,0.7875894988066826,0.0,583.0,584.0,419.0,1425.0,489.0,17.824315204989382,558.2733439285796,89.6703095284271,,1.0,0.0,0.0,1.0,1.0,0.6756756756756757,646.0,742.0,97.0,37.0,10.5,566.0,13.028235444160522,489.65645592516364,128.7879995182678,63.0,10.646445757531303,-7.324315204989382,7.726656071420393,0.6962629271658801,0.8122020959854126,0.9729074835777283,0.0,0.0,0.0,1.0,0.0,1.0
SNPT-110,0,33.0,0.02590193745682108,0.9851390566144671,0.5982905982905983,0.0,0.9807692307692307,0.8888888888888888,387.0,503.0,117.0,117.0,8.5,588.0,30.122164820704562,574.425088024059,119.37051057515072,62.0,0.003811061901898782,0.9796778083142668,0.463302752293578,0.0,0.984375,0.8807339449541285,532.0,749.0,218.0,218.0,1907.5,583.5,1480.319226568234,446.19487583719865,116.33826012536981,29.0,1877.3997683098476,1877.3778351792955,9.07491197594095,1.0260640862817894,0.8482567071914673,0.985997200012207,0.0,1.0,1.0,1.0,0.0,1.0
SNPT-110,0,34.0,0.09906682255181791,0.8944337066308952,0.15547024952015356,1.0,0.9642105263157895,0.9117082533589251,0.0,527.0,528.0,521.0,1616.5,481.5,25.37398434090035,546.6797163403933,96.72739673730706,10.0,0.40858616136635345,0.8093537439902624,0.21428571428571427,0.0,1.0,0.8214285714285714,651.0,678.0,28.0,28.0,11.0,662.5,6.348900123510118,625.5981584224944,130.23660534144022,124.0,116.70882371450847,-14.37398434090035,115.82028365960673,0.7427051441007515,0.6991183161735535,0.9314674139022827,0.0,1.0,0.0,0.0,1.0,1.0
SNPT-110,0,14.0,0.0248161953272494,0.9714048779673047,0.8674698795180723,0.0,1.0,0.9228915662650602,335.0,749.0,415.0,415.0,13.01082254665397,840.9381532521313,894.2755782409163,561.6238534975204,156.1794451278523,6.0,3.280260038577994e-05,0.9999978000467474,0.036544850498338874,1.0,0.5464684014869888,0.893687707641196,0.0,300.0,301.0,301.0,1684.5,495.0,2.2038521049544353,497.1261187216156,81.41417407402466,35.0,343.9818391981476,10.806970441699534,343.8120345305157,1.9183323653919082,0.706702470779419,0.9368008375167847,0.0,1.0,1.0,0.0,1.0,0.0
SNPT-110,0,14.0,0.0248161953272494,0.9714048779673047,0.8674698795180723,0.0,1.0,0.9228915662650602,335.0,749.0,415.0,415.0,13.01082254665397,840.9381532521313,894.2755782409163,561.6238534975204,156.1794451278523,24.0,0.028701156170882314,0.9922948777675629,0.5148514851485149,1.0,1.0,0.9207920792079208,0.0,100.0,101.0,101.0,1667.0,599.0,1911.3362963341078,606.2132806940094,86.47567966794595,235.0,1912.7821021297193,-1898.3254737874538,234.7248725581219,1.8060505072357762,0.6520950794219971,0.9056359529495239,0.0,1.0,1.0,0.0,1.0,1.0
SNPT-110,1,33.0,0.02590193745682108,0.9851390566144671,0.5982905982905983,0.0,0.9807692307692307,0.8888888888888888,387.0,503.0,117.0,117.0,8.5,588.0,30.122164820704562,574.425088024059,119.37051057515072,10.0,0.40858616136635345,0.8093537439902624,0.21428571428571427,0.0,1.0,0.8214285714285714,651.0,678.0,28.0,28.0,11.0,662.5,6.348900123510118,625.5981584224944,130.23660534144022,148.0,90.12684010326744,-19.122164820704562,88.07491197594095,0.9165665080274324,0.8831145763397217,0.9726027250289917,0.0,1.0,0.0,1.0,0.0,1.0
SNPT-110,0,4.0,0.16212341822486054,0.8407384340893732,0.14777327935222673,1.0,0.9845360824742269,0.7854251012145749,0.0,507.0,508.0,494.0,1507.5,490.0,27.83671413521565,529.0862797672985,94.07039696429705,62.0,0.003811061901898782,0.9796778083142668,0.463302752293578,0.0,0.984375,0.8807339449541285,532.0,749.0,218.0,218.0,1907.5,583.5,1480.319226568234,446.19487583719865,116.33826012536981,25.0,1880.4507228793739,1879.6632858647843,54.41372023270151,0.8085938096626492,0.7676432728767395,0.9353834986686707,0.0,1.0,0.0,0.0,1.0,1.0
SNPT-110,0,6.0,3.280260038577994e-05,0.9999978000467474,0.036544850498338874,1.0,0.5464684014869888,0.893687707641196,0.0,300.0,301.0,301.0,1684.5,495.0,2.2038521049544353,497.1261187216156,81.41417407402466,62.0,0.003811061901898782,0.9796778083142668,0.463302752293578,0.0,0.984375,0.8807339449541285,532.0,749.0,218.0,218.0,1907.5,583.5,1480.319226568234,446.19487583719865,116.33826012536981,232.0,1907.2529613427769,1905.2961478950456,86.37388127838437,0.6998056700030596,0.7549178004264832,0.9549046158790588,0.0,1.0,1.0,0.0,1.0,0.0
SNPT-110,0,,1.0,0.0,0.0,0.0,1.0,0.7096774193548387,441.0,471.0,31.0,31.0,7.0,465.0,10.16596139310779,430.5475425413766,94.74725105680444,3.0,0.005469300381677881,0.9989564256234602,0.4888888888888889,0.0,1.0,0.8888888888888888,705.0,749.0,45.0,45.0,1909.5,487.5,1599.3349114301113,463.1900223291026,113.41435778355873,234.0,1900.1877203637916,1899.3340386068921,56.95245745862343,0.8354079052109187,0.6438788771629333,0.9524713158607483,0.0,0.0,0.0,1.0,0.0,1.0
SNPT-110,1,9.0,0.010685379985900882,0.990242754082078,0.8512396694214877,1.0,1.0,0.8760330578512396,302.0,430.0,129.0,121.0,1902.5,758.0,1910.7026379633085,660.6724118748017,118.65847792981035,9.0,0.06411491537764391,0.9549096160894864,0.3181818181818182,1.0,1.0,0.9297520661157025,508.0,749.0,242.0,242.0,1904.0,645.5,1477.906591135557,462.93377487465216,113.27644596010666,78.0,16.586965899941053,-6.702637963308462,-15.172411874801696,1.0475123660888788,0.9180681109428406,0.9435632824897766,1.0,0.0,1.0,1.0,0.0,1.0
SNPT-111,0,,1.0,0.0,0.0,1.0,1.0,0.7142857142857143,0.0,13.0,14.0,14.0,699.0,1058.0,649.3112879391458,1072.759318100804,23.369302299769092,31.0,0.011805452444638738,0.9890716681529207,0.5606557377049181,0.0,1.0,0.9049180327868852,140.0,749.0,610.0,610.0,77.5,1035.0,605.0353504394513,631.0883118339543,143.4233382921925,127.0,573.0566421550861,-571.8112879391458,-37.759318100803966,0.16293932757414586,0.6808719635009766,0.8115025162696838,0.0,0.0,0.0,0.0,1.0,1.0
SNPT-111,0,,1.0,0.0,0.0,1.0,1.0,0.8,243.0,247.0,5.0,5.0,12.0,734.0,12.0,734.0,18.0,,1.0,0.0,0.0,1.0,1.0,0.9669117647058824,478.0,749.0,272.0,272.0,5.5,317.5,511.8450769600479,430.4648376738804,82.95882256102651,231.0,416.5507172001988,-6.5,-416.5,0.21697511421113488,0.5020052194595337,0.8930156230926514,0.0,0.0,0.0,1.0,0.0,1.0
SNPT-111,0,,1.0,0.0,0.0,1.0,1.0,0.8125,233.0,264.0,32.0,32.0,1903.0,391.5,1909.3104618613597,380.9024908943137,92.54100945834531,14.0,0.09058872387496111,0.9180013404952155,0.22131147540983606,1.0,1.0,0.7131147540983607,628.0,749.0,122.0,122.0,1910.0,733.5,1560.2881522679643,697.0218210889914,132.5940731047654,364.0,352.5981833339179,0.6895381386402732,352.5975091056863,0.6979271945679403,0.6233478784561157,0.9216552376747131,0.0,0.0,0.0,1.0,0.0,1.0
SNPT-111,1,,1.0,0.0,0.0,1.0,1.0,0.875,252.0,259.0,8.0,8.0,8.985661814453131,805.423784236807,5.2513773182891175,777.564292899574,37.89443865396059,,1.0,0.0,0.0,1.0,1.0,0.8,243.0,247.0,5.0,5.0,12.0,734.0,12.0,734.0,18.0,5.0,71.48736384426837,-3.014338185546869,71.42378423680702,2.1052465918866994,0.9394548535346985,0.9878426194190979,0.0,0.0,0.0,1.0,0.0,1.0
SNPT-111,0,,1.0,0.0,0.0,1.0,1.0,0.875,252.0,259.0,8.0,8.0,8.985661814453131,805.423784236807,5.2513773182891175,777.564292899574,37.89443865396059,24.0,0.4026646027214156,0.8665747046470642,0.12,0.0,1.0,0.94,650.0,749.0,100.0,100.0,1911.0,906.0,1341.1008049757424,799.0181840375087,142.7276677284063,391.0,1910.0716069591801,1905.748622681711,128.43570710042604,0.26550170164672754,0.7245967984199524,0.8684366941452026,0.0,0.0,0.0,0.0,1.0,1.0
SNPT-111,1,,1.0,0.0,0.0,1.0,1.0,0.9487179487179487,0.0,155.0,156.0,156.0,940.5,353.5,1902.2682429387532,408.18763082825205,92.35074718247354,,1.0,0.0,0.0,1.0,1.0,0.8125,233.0,264.0,32.0,32.0,1903.0,391.5,1909.3104618613597,380.9024908943137,92.54100945834531,78.0,16.703666994307355,0.7317570612467534,-16.687630828252054,0.9979440220396838,0.9403713941574097,0.9808356165885925,0.0,0.0,0.0,1.0,0.0,1.0
SNPT-111,1,,1.0,0.0,0.0,1.0,1.0,0.8,243.0,247.0,5.0,5.0,12.0,734.0,12.0,734.0,18.0,9.0,0.024476493210732725,0.9868570635485094,0.17586912065439672,1.0,1.0,0.8895705521472392,261.0,749.0,489.0,489.0,8.037304766927079,747.374096411621,1333.1498388778919,480.87504182042346,102.22012713860472,14.0,13.948813868481936,-3.962695233072921,13.374096411621053,0.17609056556536087,0.5770021080970764,0.8776950836181641,0.0,0.0,0.0,1.0,0.0,1.0
SNPT-111,0,,1.0,0.0,0.0,1.0,1.0,0.8,243.0,247.0,5.0,5.0,12.0,734.0,12.0,734.0,18.0,24.0,0.4026646027214156,0.8665747046470642,0.12,0.0,1.0,0.94,650.0,749.0,100.0,100.0,1911.0,906.0,1341.1008049757424,799.0181840375087,142.7276677284063,403.0,1906.77345272059,1899.0,172.0,0.12611430065719179,0.6910620331764221,0.8567643165588379,0.0,0.0,0.0,0.0,1.0,1.0
SNPT-111,1,16.0,0.01137898579867233,0.9892863970053823,0.5292479108635098,0.0,1.0,0.8941504178272981,0.0,385.0,386.0,359.0,922.5,789.0,1907.2437804748413,597.6823805598242,142.47041179879852,16.0,0.13763697350474435,0.9044216275215149,0.06228373702422145,0.0,1.0,0.9100346020761245,461.0,749.0,289.0,289.0,1910.5,626.0,1189.4770667616056,606.5390537676825,112.69400192611326,76.0,28.504219623674096,3.2562195251587127,28.317619440175804,1.264223555502163,0.9415417909622192,0.9759557843208313,1.0,0.0,1.0,1.0,0.0,1.0
SNPT-111,0,9.0,0.09768713985378032,0.9455201641107217,0.12580645161290321,0.0,1.0,0.832258064516129,0.0,309.0,310.0,310.0,624.5,486.0,1911.109428573839,452.26977002638404,97.37380685772469,4.0,0.0002458643822527457,0.9929950714111329,0.035545023696682464,0.0,1.0,0.8151658767772512,328.0,749.0,422.0,422.0,42.5,677.5,902.7427074384632,521.469358699685,106.85238956527407,19.0,1882.1343876166275,-1868.609428573839,225.23022997361596,0.9112927399554401,0.8765347599983215,0.9616221189498901,0.0,1.0,1.0,1.0,0.0,1.0
SNPT-111,1,,1.0,0.0,0.0,1.0,1.0,0.875,252.0,259.0,8.0,8.0,8.985661814453131,805.423784236807,5.2513773182891175,777.564292899574,37.89443865396059,9.0,0.024476493210732725,0.9868570635485094,0.17586912065439672,1.0,1.0,0.8895705521472392,261.0,749.0,489.0,489.0,8.037304766927079,747.374096411621,1333.1498388778919,480.87504182042346,102.22012713860472,2.0,30.31846558997137,2.7859274486379615,-30.190196487952903,0.3707140630198774,0.6760959625244141,0.8916816711425781,0.0,0.0,0.0,1.0,0.0,1.0
SNPT-111,1,14.0,0.010060696895732961,0.9955087166083486,0.6597222222222222,1.0,1.0,0.9444444444444444,0.0,143.0,144.0,144.0,1106.5,635.5,1897.187876144696,532.6998442577811,127.2224095415643,14.0,0.09058872387496111,0.9180013404952155,0.22131147540983606,1.0,1.0,0.7131147540983607,628.0,749.0,122.0,122.0,1910.0,733.5,1560.2881522679643,697.0218210889914,132.5940731047654,485.0,201.20848159007363,12.81212385530398,200.80015574221886,0.959487905926558,0.8214259147644043,0.9735628366470337,1.0,0.0,1.0,1.0,0.0,1.0
SNPT-111,0,,1.0,0.0,0.0,1.0,1.0,0.7142857142857143,0.0,13.0,14.0,14.0,699.0,1058.0,649.3112879391458,1072.759318100804,23.369302299769092,20.0,0.05184821771203015,0.9583731346774376,0.29896907216494845,0.0,1.0,0.9106529209621993,168.0,749.0,582.0,582.0,29.5,481.5,1281.6618275629057,479.4600227248925,89.645626723604,155.0,856.5941944105216,-619.8112879391458,-591.259318100804,0.2606853580467621,0.6011843085289001,0.8753958940505981,0.0,0.0,0.0,0.0,1.0,1.0
SNPT-111,1,,1.0,0.0,0.0,1.0,1.0,0.8509316770186336,196.0,356.0,161.0,161.0,1909.622870385691,536.7646499336172,1908.9718398253062,552.1053890189642,120.4680217897274,14.0,0.010060696895732961,0.9955087166083486,0.6597222222222222,1.0,1.0,0.9444444444444444,0.0,143.0,144.0,144.0,1106.5,635.5,1897.187876144696,532.6998442577811,127.2224095415643,53.0,13.0824969694583,12.43499424099491,4.064805675836055,0.9469088207323239,0.8533822298049927,0.9669510126113892,0.0,0.0,0.0,1.0,0.0,1.0
SNPT-111,0,,1.0,0.0,0.0,1.0,1.0,0.8333333333333334,389.0,394.0,6.0,6.0,1907.05007794742,618.9827562472444,1907.4719925463492,626.9380624879524,25.068642420788763,,1.0,0.0,0.0,1.0,1.0,0.9669117647058824,478.0,749.0,272.0,272.0,5.5,317.5,511.8450769600479,430.4648376738804,82.95882256102651,84.0,1926.9793395226186,-1901.9719925463492,-309.4380624879524,0.3021817529093746,0.4871361553668976,0.8522095680236816,0.0,0.0,0.0,1.0,0.0,1.0
SNPT-111,1,3.0,0.029098818741462595,0.965588891612632,0.3888888888888889,1.0,1.0,0.8472222222222222,0.0,143.0,144.0,144.0,968.5,511.0,1879.6538362165447,458.6386182173203,106.0980943338329,,1.0,0.0,0.0,1.0,1.0,0.8796992481203008,198.0,379.0,182.0,133.0,1896.5,481.0,1908.606279093549,590.9978304905418,116.78874350584904,55.0,27.996868207886386,16.846163783455268,22.3613817826797,0.908461647491903,0.8603892922401428,0.9749174118041992,0.0,0.0,0.0,1.0,0.0,1.0
SNPT-111,0,27.0,0.021171709893144767,0.990382816877451,0.9736842105263158,1.0,1.0,0.9736842105263158,0.0,113.0,114.0,114.0,1117.0,792.0,1897.0405572844334,686.9425658242349,158.7977850647965,,1.0,0.0,0.0,1.0,1.0,0.75,331.0,389.0,59.0,8.0,1908.380380520905,395.47810703441814,1913.9905930699301,385.60531898942696,72.58239650368445,218.0,291.68497103669085,11.339823236471602,-291.4644587898167,2.1878278028025093,0.702046275138855,0.7541767358779907,0.0,0.0,0.0,1.0,0.0,1.0
SNPT-111,0,,1.0,0.0,0.0,1.0,1.0,0.875,252.0,259.0,8.0,8.0,8.985661814453131,805.423784236807,5.2513773182891175,777.564292899574,37.89443865396059,,1.0,0.0,0.0,0.0,1.0,0.9142212189616253,307.0,749.0,443.0,443.0,38.5,567.5,1191.2557709804973,476.4864462440924,100.91793235845346,48.0,212.6792845145685,33.248622681710884,-210.06429289957396,0.37549757281354307,0.5897401571273804,0.8318086862564087,0.0,0.0,0.0,0.0,1.0,1.0
SNPT-111,0,,1.0,0.0,0.0,1.0,1.0,0.7142857142857143,0.0,13.0,14.0,14.0,699.0,1058.0,649.3112879391458,1072.759318100804,23.369302299769092,,1.0,0.0,0.0,1.0,1.0,0.8796992481203008,198.0,379.0,182.0,133.0,1896.5,481.0,1908.606279093549,590.9978304905418,116.78874350584904,185.0,1380.4560022148987,1247.1887120608542,-591.759318100804,0.20009892733025855,0.6779614090919495,0.9117100238800049,0.0,0.0,0.0,1.0,0.0,1.0
SNPT-111,0,,1.0,0.0,0.0,1.0,1.0,0.8333333333333334,389.0,394.0,6.0,6.0,1907.05007794742,618.9827562472444,1907.4719925463492,626.9380624879524,25.068642420788763,,1.0,0.0,0.0,0.0,1.0,0.9420289855072463,681.0,749.0,69.0,69.0,1911.0,585.5,1638.84283616019,571.4243730637886,105.99194713070356,287.0,41.58797734139594,3.5280074536508437,-41.43806248795238,0.2365145947349704,0.6046849489212036,0.8615829944610596,0.0,0.0,0.0,0.0,1.0,1.0
SNPT-111,0,,1.0,0.0,0.0,1.0,1.0,0.9487179487179487,0.0,155.0,156.0,156.0,940.5,353.5,1902.2682429387532,408.18763082825205,92.35074718247354,,1.0,0.0,0.0,1.0,1.0,0.875,252.0,259.0,8.0,8.0,8.985661814453131,805.423784236807,5.2513773182891175,777.564292899574,37.89443865396059,97.0,1934.5065245595624,-1893.2825811243001,397.23615340855497,2.4370527830162585,0.5534474849700928,0.8746008276939392,0.0,0.0,0.0,1.0,0.0,1.0
SNPT-111,1,,1.0,0.0,0.0,1.0,1.0,0.8333333333333334,389.0,394.0,6.0,6.0,1907.05007794742,618.9827562472444,1907.4719925463492,626.9380624879524,25.068642420788763,16.0,0.13763697350474435,0.9044216275215149,0.06228373702422145,0.0,1.0,0.9100346020761245,461.0,749.0,289.0,289.0,1910.5,626.0,1189.4770667616056,606.5390537676825,112.69400192611326,67.0,3.169982708260169,3.0280074536508437,-0.9380624879523793,0.22244877271484934,0.6590011119842529,0.8348779082298279,0.0,0.0,0.0,0.0,1.0,1.0
SNPT-111,1,9.0,0.008771166259844377,0.9968063235282898,0.8058252427184466,1.0,1.0,0.8155339805825242,140.0,242.0,103.0,103.0,82.5,958.5,15.495050978958258,746.6974347956129,192.99918133563392,,1.0,0.0,0.0,1.0,1.0,0.875,252.0,259.0,8.0,8.0,8.985661814453131,805.423784236807,5.2513773182891175,777.564292899574,37.89443865396059,10.0,59.08600736201605,-6.5093891645051265,58.72634944119409,5.0930740285675755,0.6734181642532349,0.8108903169631958,0.0,0.0,0.0,1.0,0.0,1.0
SNPT-111,1,,1.0,0.0,0.0,1.0,1.0,0.8076923076923077,225.0,276.0,52.0,52.0,1910.5,616.5,1890.764931405034,572.0642913910747,126.37924148310236,27.0,0.0011775164603022859,0.9648552611470222,0.5333333333333333,1.0,1.0,0.8666666666666667,735.0,749.0,15.0,15.0,1907.5,899.5,1879.9791667193854,874.2511383930893,156.11766967031085,459.0,327.863090013358,16.735068594965924,327.4357086089253,0.809512733247876,0.8410180807113647,0.9518587589263916,0.0,0.0,0.0,1.0,0.0,1.0
SNPT-111,0,,1.0,0.0,0.0,1.0,1.0,0.8125,233.0,264.0,32.0,32.0,1903.0,391.5,1909.3104618613597,380.9024908943137,92.54100945834531,,1.0,0.0,0.0,0.0,1.0,0.9420289855072463,681.0,749.0,69.0,69.0,1911.0,585.5,1638.84283616019,571.4243730637886,105.99194713070356,417.0,204.60448497374958,1.6895381386402732,204.5975091056863,0.8730947205284258,0.5776139497756958,0.8441702127456665,0.0,0.0,0.0,0.0,1.0,1.0
SNPT-111,0,,1.0,0.0,0.0,0.0,1.0,0.8884758364312267,62.0,330.0,269.0,269.0,17.0,435.5,1905.75895710729,392.97033601553625,90.97851498928908,,1.0,0.0,0.0,0.0,1.0,0.9420289855072463,681.0,749.0,69.0,69.0,1911.0,585.5,1638.84283616019,571.4243730637886,105.99194713070356,351.0,192.60098661370805,5.241042892710084,192.52966398446375,0.8583530867406302,0.6854108572006226,0.9818586707115173,0.0,0.0,0.0,1.0,0.0,1.0
SNPT-111,0,3.0,0.029098818741462595,0.965588891612632,0.3888888888888889,1.0,1.0,0.8472222222222222,0.0,143.0,144.0,144.0,968.5,511.0,1879.6538362165447,458.6386182173203,106.0980943338329,,1.0,0.0,0.0,1.0,1.0,0.8076923076923077,225.0,276.0,52.0,52.0,1910.5,616.5,1890.764931405034,572.0642913910747,126.37924148310236,82.0,160.8468267591646,30.846163783455268,157.8613817826797,0.8395215312953025,0.8748067617416382,0.9759513735771179,0.0,0.0,0.0,1.0,0.0,1.0
SNPT-111,1,9.0,0.008771166259844377,0.9968063235282898,0.8058252427184466,1.0,1.0,0.8155339805825242,140.0,242.0,103.0,103.0,82.5,958.5,15.495050978958258,746.6974347956129,192.99918133563392,9.0,0.024476493210732725,0.9868570635485094,0.17586912065439672,1.0,1.0,0.8895705521472392,261.0,749.0,489.0,489.0,8.037304766927079,747.374096411621,1333.1498388778919,480.87504182042346,102.22012713860472,19.0,7.488380966914284,-7.457746212031179,0.6766616160081185,1.888074166391301,0.8373034000396729,0.941745936870575,1.0,0.0,1.0,1.0,0.0,1.0
SNPT-111,1,27.0,0.021171709893144767,0.990382816877451,0.9736842105263158,1.0,1.0,0.9736842105263158,0.0,113.0,114.0,114.0,1117.0,792.0,1897.0405572844334,686.9425658242349,158.7977850647965,,1.0,0.0,0.0,1.0,1.0,0.8076923076923077,225.0,276.0,52.0,52.0,1910.5,616.5,1890.764931405034,572.0642913910747,126.37924148310236,112.0,71.71688558572019,13.459442715566638,-70.44256582423486,1.256517947103114,0.8451895713806152,0.9048727750778198,0.0,0.0,0.0,1.0,0.0,1.0
SNPT-111,0,36.0,0.11805121432553278,0.9041849970817566,0.03857566765578635,1.0,0.9966101694915255,0.8753709198813057,0.0,360.0,361.0,337.0,612.0,465.0,1906.1337028377302,534.3826720660342,97.83397652835873,,1.0,0.0,0.0,0.0,1.0,0.9420289855072463,681.0,749.0,69.0,69.0,1911.0,585.5,1638.84283616019,571.4243730637886,105.99194713070356,321.0,51.34843778714324,4.866297162269802,51.11732793396584,0.9230321659032751,0.7514861822128296,0.9282602071762085,0.0,0.0,0.0,0.0,1.0,1.0
SNPT-111,0,,1.0,0.0,0.0,1.0,1.0,0.8125,233.0,264.0,32.0,32.0,1903.0,391.5,1909.3104618613597,380.9024908943137,92.54100945834531,,1.0,0.0,0.0,1.0,1.0,0.9669117647058824,478.0,749.0,272.0,272.0,5.5,317.5,511.8450769600479,430.4648376738804,82.95882256102651,214.0,1904.8659140591412,-1903.8104618613597,-63.4024908943137,1.1155053386910105,0.7055224180221558,0.908959150314331,0.0,0.0,0.0,1.0,0.0,1.0
SNPT-111,0,14.0,0.010060696895732961,0.9955087166083486,0.6597222222222222,1.0,1.0,0.9444444444444444,0.0,143.0,144.0,144.0,1106.5,635.5,1897.187876144696,532.6998442577811,127.2224095415643,,1.0,0.0,0.0,1.0,1.0,0.9669117647058824,478.0,749.0,272.0,272.0,5.5,317.5,511.8450769600479,430.4648376738804,82.95882256102651,335.0,1903.889175798162,-1891.687876144696,-215.19984425778114,1.5335609355831494,0.7297799587249756,0.9430823922157288,0.0,0.0,0.0,1.0,0.0,1.0
SNPT-111,0,3.0,0.029098818741462595,0.965588891612632,0.3888888888888889,1.0,1.0,0.8472222222222222,0.0,143.0,144.0,144.0,968.5,511.0,1879.6538362165447,458.6386182173203,106.0980943338329,14.0,0.09058872387496111,0.9180013404952155,0.22131147540983606,1.0,1.0,0.7131147540983607,628.0,749.0,122.0,122.0,1910.0,733.5,1560.2881522679643,697.0218210889914,132.5940731047654,485.0,276.531497033984,30.346163783455268,274.8613817826797,0.8001722237614839,0.7690508365631104,0.9848193526268005,0.0,1.0,1.0,1.0,0.0,1.0
SNPT-111,0,,1.0,0.0,0.0,1.0,1.0,0.8796992481203008,198.0,379.0,182.0,133.0,1896.5,481.0,1908.606279093549,590.9978304905418,116.78874350584904,24.0,0.4026646027214156,0.8665747046470642,0.12,0.0,1.0,0.94,650.0,749.0,100.0,100.0,1911.0,906.0,1341.1008049757424,799.0181840375087,142.7276677284063,271.0,315.0112643945347,2.393720906451108,315.0021695094582,0.818262817326239,0.653327465057373,0.931544303894043,0.0,0.0,0.0,0.0,1.0,1.0
SNPT-111,0,27.0,0.021171709893144767,0.990382816877451,0.9736842105263158,1.0,1.0,0.9736842105263158,0.0,113.0,114.0,114.0,1117.0,792.0,1897.0405572844334,686.9425658242349,158.7977850647965,14.0,0.3830903845834352,0.8318592041146522,0.29310344827586204,0.0,0.99375,0.9195402298850575,145.0,318.0,174.0,174.0,26.5,628.5,1906.2340120382883,557.2320943215695,84.58755521158349,32.0,1871.4533149256165,-1870.5405572844334,-58.44256582423486,1.8773185330582838,0.6775177717208862,0.8896393775939941,0.0,1.0,0.0,0.0,1.0,1.0
SNPT-111,1,27.0,0.021171709893144767,0.990382816877451,0.9736842105263158,1.0,1.0,0.9736842105263158,0.0,113.0,114.0,114.0,1117.0,792.0,1897.0405572844334,686.9425658242349,158.7977850647965,27.0,0.0011775164603022859,0.9648552611470222,0.5333333333333333,1.0,1.0,0.8666666666666667,735.0,749.0,15.0,15.0,1907.5,899.5,1879.9791667193854,874.2511383930893,156.11766967031085,622.0,212.81462065681708,10.459442715566638,212.55743417576514,1.017167277734452,0.8037089109420776,0.9543379545211792,1.0,0.0,1.0,1.0,0.0,1.0
SNPT-111,0,,1.0,0.0,0.0,1.0,1.0,0.75,331.0,389.0,59.0,8.0,1908.380380520905,395.47810703441814,1913.9905930699301,385.60531898942696,72.58239650368445,,1.0,0.0,0.0,1.0,1.0,0.9669117647058824,478.0,749.0,272.0,272.0,5.5,317.5,511.8450769600479,430.4648376738804,82.95882256102651,89.0,1909.7053904492875,-1908.4905930699301,-68.10531898942696,0.8749207650613784,0.5924015045166016,0.8427082300186157,0.0,0.0,0.0,1.0,0.0,1.0
SNPT-111,1,16.0,0.01137898579867233,0.9892863970053823,0.5292479108635098,0.0,1.0,0.8941504178272981,0.0,385.0,386.0,359.0,922.5,789.0,1907.2437804748413,597.6823805598242,142.47041179879852,,1.0,0.0,0.0,1.0,1.0,0.8333333333333334,389.0,394.0,6.0,6.0,1907.05007794742,618.9827562472444,1907.4719925463492,626.9380624879524,25.068642420788763,4.0,21.301256420558204,-0.1937025274212374,21.300375687420228,5.6832120945110125,0.6422586441040039,0.810067892074585,0.0,0.0,0.0,0.0,1.0,1.0
SNPT-111,0,9.0,0.09768713985378032,0.9455201641107217,0.12580645161290321,0.0,1.0,0.832258064516129,0.0,309.0,310.0,310.0,624.5,486.0,1911.109428573839,452.26977002638404,97.37380685772469,16.0,0.13763697350474435,0.9044216275215149,0.06228373702422145,0.0,1.0,0.9100346020761245,461.0,749.0,289.0,289.0,1910.5,626.0,1189.4770667616056,606.5390537676825,112.69400192611326,152.0,173.73129887810111,-0.6094285738390681,173.73022997361596,0.8640549203458663,0.8012706637382507,0.9943761825561523,0.0,1.0,1.0,1.0,0.0,1.0
SNPT-111,0,,1.0,0.0,0.0,1.0,1.0,0.7142857142857143,0.0,13.0,14.0,14.0,699.0,1058.0,649.3112879391458,1072.759318100804,23.369302299769092,,1.0,0.0,0.0,1.0,1.0,0.9669117647058824,478.0,749.0,272.0,272.0,5.5,317.5,511.8450769600479,430.4648376738804,82.95882256102651,465.0,992.4261242308936,-643.8112879391458,-755.259318100804,0.28169761308482977,0.5061595439910889,0.905644416809082,0.0,0.0,0.0,1.0,0.0,1.0
SNPT-111,0,,1.0,0.0,0.0,1.0,1.0,0.7142857142857143,0.0,13.0,14.0,14.0,699.0,1058.0,649.3112879391458,1072.759318100804,23.369302299769092,9.0,0.024476493210732725,0.9868570635485094,0.17586912065439672,1.0,1.0,0.8895705521472392,261.0,749.0,489.0,489.0,8.037304766927079,747.374096411621,1333.1498388778919,480.87504182042346,102.22012713860472,248.0,719.1021234757145,-641.2739831722188,-325.3852216891829,0.22861742549079045,0.6085324287414551,0.9112982749938965,0.0,0.0,0.0,1.0,0.0,1.0
SNPT-111,0,,1.0,0.0,0.0,0.0,1.0,0.8884758364312267,62.0,330.0,269.0,269.0,17.0,435.5,1905.75895710729,392.97033601553625,90.97851498928908,16.0,0.13763697350474435,0.9044216275215149,0.06228373702422145,0.0,1.0,0.9100346020761245,461.0,749.0,289.0,289.0,1910.5,626.0,1189.4770667616056,606.5390537676825,112.69400192611326,131.0,233.07788780667846,4.741042892710084,233.02966398446375,0.8073057432900312,0.6921942234039307,0.987956702709198,0.0,0.0,0.0,1.0,0.0,1.0
SNPT-111,0,24.0,0.04768300418668145,0.9666719283813086,0.8666666666666667,0.0,1.0,0.9222222222222223,0.0,89.0,90.0,90.0,1271.0,661.5,1896.47898616961,573.8311996756046,114.63672921478089,14.0,0.09058872387496111,0.9180013404952155,0.22131147540983606,1.0,1.0,0.7131147540983607,628.0,749.0,122.0,122.0,1910.0,733.5,1560.2881522679643,697.0218210889914,132.5940731047654,539.0,160.24026838480162,13.521013830390075,159.66880032439542,0.8645690303532946,0.6429735422134399,0.8602043390274048,0.0,1.0,1.0,0.0,1.0,1.0
SNPT-111,1,9.0,0.008771166259844377,0.9968063235282898,0.8058252427184466,1.0,1.0,0.8155339805825242,140.0,242.0,103.0,103.0,82.5,958.5,15.495050978958258,746.6974347956129,192.99918133563392,,1.0,0.0,0.0,1.0,1.0,0.8,243.0,247.0,5.0,5.0,12.0,734.0,12.0,734.0,18.0,1.0,13.169670904557911,-3.4950509789582576,-12.697434795612935,10.722176740868552,0.5835344791412354,0.7949840426445007,0.0,0.0,0.0,1.0,0.0,1.0
SNPT-111,0,24.0,0.04768300418668145,0.9666719283813086,0.8666666666666667,0.0,1.0,0.9222222222222223,0.0,89.0,90.0,90.0,1271.0,661.5,1896.47898616961,573.8311996756046,114.63672921478089,,1.0,0.0,0.0,1.0,1.0,0.9669117647058824,478.0,749.0,272.0,272.0,5.5,317.5,511.8450769600479,430.4648376738804,82.95882256102651,389.0,1908.2733583169318,-1890.97898616961,-256.3311996756046,1.381850967453779,0.6712291240692139,0.8727296590805054,0.0,0.0,0.0,0.0,1.0,1.0
SNPT-111,0,27.0,0.021171709893144767,0.990382816877451,0.9736842105263158,1.0,1.0,0.9736842105263158,0.0,113.0,114.0,114.0,1117.0,792.0,1897.0405572844334,686.9425658242349,158.7977850647965,,1.0,0.0,0.0,1.0,1.0,0.8796992481203008,198.0,379.0,182.0,133.0,1896.5,481.0,1908.606279093549,590.9978304905418,116.78874350584904,85.0,205.94327524939257,-0.5405572844333619,-205.94256582423486,1.359701117572547,0.7760320901870728,0.9041223526000977,0.0,0.0,0.0,1.0,0.0,1.0
SNPT-111,0,,1.0,0.0,0.0,1.0,1.0,0.7142857142857143,0.0,13.0,14.0,14.0,699.0,1058.0,649.3112879391458,1072.759318100804,23.369302299769092,16.0,0.13763697350474435,0.9044216275215149,0.06228373702422145,0.0,1.0,0.9100346020761245,461.0,749.0,289.0,289.0,1910.5,626.0,1189.4770667616056,606.5390537676825,112.69400192611326,448.0,1337.9801402635285,1261.1887120608542,-446.75931810080397,0.20736953076784825,0.6549657583236694,0.8689484000205994,0.0,0.0,0.0,0.0,1.0,1.0
SNPT-111,0,,1.0,0.0,0.0,0.0,1.0,0.8884758364312267,62.0,330.0,269.0,269.0,17.0,435.5,1905.75895710729,392.97033601553625,90.97851498928908,24.0,0.4026646027214156,0.8665747046470642,0.12,0.0,1.0,0.94,650.0,749.0,100.0,100.0,1911.0,906.0,1341.1008049757424,799.0181840375087,142.7276677284063,320.0,513.056434184988,5.241042892710084,513.0296639844637,0.6374273218168907,0.6737836599349976,0.9820424318313599,0.0,0.0,0.0,1.0,0.0,1.0
SNPT-111,1,,1.0,0.0,0.0,1.0,1.0,0.8509316770186336,196.0,356.0,161.0,161.0,1909.622870385691,536.7646499336172,1908.9718398253062,552.1053890189642,120.4680217897274,14.0,0.09058872387496111,0.9180013404952155,0.22131147540983606,1.0,1.0,0.7131147540983607,628.0,749.0,122.0,122.0,1910.0,733.5,1560.2881522679643,697.0218210889914,132.5940731047654,272.0,181.3975248075512,1.0281601746937667,181.39461098103584,0.9085475615078439,0.9348832368850708,0.9886916875839233,0.0,0.0,0.0,1.0,0.0,1.0
SNPT-111,0,,1.0,0.0,0.0,1.0,1.0,0.8333333333333334,389.0,394.0,6.0,6.0,1907.05007794742,618.9827562472444,1907.4719925463492,626.9380624879524,25.068642420788763,24.0,0.4026646027214156,0.8665747046470642,0.12,0.0,1.0,0.94,650.0,749.0,100.0,100.0,1911.0,906.0,1341.1008049757424,799.0181840375087,142.7276677284063,256.0,279.0842378289591,3.5280074536508437,279.0619375120476,0.1756396837401659,0.6954668760299683,0.8299934267997742,0.0,0.0,0.0,0.0,1.0,1.0
SNPT-111,1,14.0,0.3830903845834352,0.8318592041146522,0.29310344827586204,0.0,0.99375,0.9195402298850575,145.0,318.0,174.0,174.0,26.5,628.5,1906.2340120382883,557.2320943215695,84.58755521158349,,1.0,0.0,0.0,0.0,1.0,0.9420289855072463,681.0,749.0,69.0,69.0,1911.0,585.5,1638.84283616019,571.4243730637886,105.99194713070356,363.0,28.666864716878646,4.765987961711744,28.267905678430452,0.7980564326011925,0.9108594655990601,0.9426536560058594,0.0,0.0,0.0,1.0,0.0,1.0
SNPT-111,0,,1.0,0.0,0.0,1.0,1.0,0.8125,233.0,264.0,32.0,32.0,1903.0,391.5,1909.3104618613597,380.9024908943137,92.54100945834531,,1.0,0.0,0.0,0.0,1.0,0.9142212189616253,307.0,749.0,443.0,443.0,38.5,567.5,1191.2557709804973,476.4864462440924,100.91793235845346,43.0,1880.0931930663332,-1870.8104618613597,186.5975091056863,0.9169927216666123,0.4797440469264984,0.8939728736877441,0.0,0.0,0.0,0.0,1.0,1.0
SNPT-111,0,27.0,0.021171709893144767,0.990382816877451,0.9736842105263158,1.0,1.0,0.9736842105263158,0.0,113.0,114.0,114.0,1117.0,792.0,1897.0405572844334,686.9425658242349,158.7977850647965,,1.0,0.0,0.0,1.0,1.0,0.8509316770186336,196.0,356.0,161.0,161.0,1909.622870385691,536.7646499336172,1908.9718398253062,552.1053890189642,120.4680217897274,83.0,150.7040842984274,12.582313101257569,-150.17791589061767,1.3181737585263276,0.7767904996871948,0.9109483957290649,0.0,0.0,0.0,1.0,0.0,1.0
SNPT-111,0,,1.0,0.0,0.0,1.0,1.0,0.9487179487179487,0.0,155.0,156.0,156.0,940.5,353.5,1902.2682429387532,408.18763082825205,92.35074718247354,,1.0,0.0,0.0,1.0,1.0,0.8333333333333334,389.0,394.0,6.0,6.0,1907.05007794742,618.9827562472444,1907.4719925463492,626.9380624879524,25.068642420788763,234.0,210.84935581229277,4.781835008666803,210.79512541899237,3.6839149736281493,0.5232276916503906,0.8346395492553711,0.0,0.0,0.0,1.0,0.0,1.0
SNPT-112,0,14.0,0.01315521926771429,0.982036957941433,0.36727272727272725,0.0,1.0,0.9563636363636364,0.0,274.0,275.0,275.0,616.5,461.5,50.792795842162406,361.2960779697715,88.27878797189172,,1.0,0.0,0.0,1.0,1.0,0.7995391705069125,311.0,744.0,434.0,434.0,1907.0,283.0,1912.4059939910146,511.6008772733152,60.52095691278747,37.0,1857.857761130519,1856.2072041578376,-78.29607796977149,1.4586482513669459,0.6319986581802368,0.9228651523590088,0.0,0.0,0.0,0.0,1.0,1.0
SNPT-112,1,33.0,0.04617607150617567,0.9684733536015165,0.94,1.0,1.0,0.94,0.0,99.0,100.0,100.0,1299.0,810.0,1910.4290731018295,765.2803041879773,144.38964805095762,33.0,0.000854245729068132,0.9999172335171568,0.47757255936675463,1.0,1.0,0.7889182058047494,244.0,622.0,379.0,379.0,1905.5,799.0,5.915458284497506,1049.7665688768182,140.73101276706305,145.0,34.07805228146878,-4.929073101829545,33.71969581202268,1.0259973634237274,0.9375408887863159,0.989082932472229,1.0,0.0,1.0,1.0,0.0,1.0
SNPT-112,0,4.0,0.06060733022800926,0.9204484339013245,0.49107142857142855,0.0,1.0,0.8898809523809523,0.0,366.0,367.0,336.0,300.5,647.5,11.355173248275246,842.183540850692,128.459113051291,,1.0,0.0,0.0,1.0,1.0,1.0,744.0,749.0,6.0,6.0,1645.5,580.0,1830.4877891827412,598.2605469514042,100.57482780800808,378.0,1655.043662231432,1634.1448267517248,-262.183540850692,1.2772491472370455,0.5911757946014404,0.8618264198303223,0.0,0.0,0.0,0.0,1.0,1.0
SNPT-112,1,31.0,0.05855616182002303,0.9048184822003047,0.45685279187817257,0.0,1.0,0.9035532994923858,0.0,196.0,197.0,197.0,761.5,825.5,1910.490060490011,955.4709469794436,167.97567905303038,31.0,0.013456766923157018,0.9304689723066986,0.1277445109780439,0.0,1.0,0.8782435129740519,249.0,749.0,501.0,501.0,1881.5,644.5,1473.5833138436774,722.4044791822175,98.20012317889115,53.0,312.319313319728,-28.990060490011047,-310.9709469794436,1.710544484216472,0.8182158470153809,0.974549412727356,1.0,0.0,1.0,1.0,0.0,1.0
SNPT-112,0,,1.0,0.0,0.0,1.0,0.9850746268656716,0.8375,66.0,153.0,88.0,80.0,1914.0,475.0,1904.098986993336,428.9869146606155,75.62157918709286,27.0,0.021394319310990756,0.9914313484046419,0.2576419213973799,1.0,1.0,0.9323144104803494,292.0,749.0,458.0,458.0,1904.5,661.5,1738.9857228362648,784.1446492656264,113.48043414571264,139.0,232.5134311507002,0.40101300666401585,232.51308533938447,0.6663842957279512,0.8011341691017151,0.9658172726631165,0.0,0.0,0.0,1.0,0.0,1.0
SNPT-112,1,,1.0,0.0,0.0,1.0,0.9850746268656716,0.8375,66.0,153.0,88.0,80.0,1914.0,475.0,1904.098986993336,428.9869146606155,75.62157918709286,,1.0,0.0,0.0,1.0,1.0,0.7854406130268199,228.0,749.0,522.0,522.0,1904.0,360.5,1306.4643448849918,456.41221945260594,67.4251993363108,75.0,68.48698619559255,-0.09898699333598415,-68.48691466061553,1.1215625601623995,0.9288593530654907,0.9745240807533264,0.0,0.0,0.0,1.0,0.0,1.0
SNPT-112,0,9.0,0.67119300365448,0.8649738430976868,0.004081632653061225,0.0,1.0,0.8979591836734694,254.0,743.0,490.0,490.0,1899.5,379.0,1537.0610112952863,525.4447032836134,73.60292169973171,,1.0,0.0,0.0,1.0,1.0,1.0,744.0,749.0,6.0,6.0,1645.5,580.0,1830.4877891827412,598.2605469514042,100.57482780800808,1.0,121.38902203706066,108.43898870471367,54.55529671638658,0.731822497774848,0.5992723703384399,0.907903254032135,0.0,0.0,0.0,0.0,1.0,1.0
SNPT-112,0,,1.0,0.0,0.0,1.0,0.9850746268656716,0.8375,66.0,153.0,88.0,80.0,1914.0,475.0,1904.098986993336,428.9869146606155,75.62157918709286,,1.0,0.0,0.0,1.0,1.0,0.7995391705069125,311.0,744.0,434.0,434.0,1907.0,283.0,1912.4059939910146,511.6008772733152,60.52095691278747,158.0,146.01573589374084,2.901013006664016,-145.98691466061553,1.2495106330864174,0.7355919480323792,0.9477895498275757,0.0,0.0,0.0,1.0,0.0,1.0
SNPT-112,0,9.0,0.67119300365448,0.8649738430976868,0.004081632653061225,0.0,1.0,0.8979591836734694,254.0,743.0,490.0,490.0,1899.5,379.0,1537.0610112952863,525.4447032836134,73.60292169973171,,1.0,0.0,0.0,0.0,1.0,1.0,745.0,749.0,5.0,5.0,53.0,529.0,201.50125829727932,523.7691239669449,82.18315386281043,2.0,1484.065269919598,-1484.0610112952863,3.5552967163865787,0.8955962169886807,0.6917261481285095,0.9282163381576538,0.0,0.0,0.0,1.0,0.0,1.0
SNPT-113,1,,1.0,0.0,0.0,1.0,1.0,0.8205128205128205,478.0,516.0,39.0,39.0,1912.0,421.0,1905.5721319022273,420.0460389295158,72.67675367466339,,1.0,0.0,0.0,1.0,1.0,0.9285714285714286,708.0,749.0,42.0,42.0,1903.5,444.5,1527.6194661731902,460.6953207075038,75.3595911689086,192.0,24.541596171744494,-2.0721319022272837,24.453961070484183,0.9643995216450687,0.9240206480026245,0.9839485287666321,0.0,0.0,0.0,1.0,0.0,1.0
SNPT-113,0,,1.0,0.0,0.0,0.0,1.0,0.7121212121212122,459.0,524.0,66.0,66.0,1912.5,389.0,1889.3646281791066,402.74705658712617,65.41620890556601,,1.0,0.0,0.0,1.0,1.0,0.9285714285714286,708.0,749.0,42.0,42.0,1903.5,444.5,1527.6194661731902,460.6953207075038,75.3595911689086,184.0,44.080801038020525,14.135371820893397,41.75294341287383,0.8680541904605639,0.6845705509185791,0.902220606803894,0.0,0.0,0.0,0.0,1.0,1.0
SNPT-113,0,14.0,0.00018128689946479427,0.9999853253364563,0.09259259259259259,0.0,1.0,0.8611111111111112,0.0,323.0,324.0,324.0,1507.5,588.5,1908.7783570033503,451.4606837732741,90.26066307250481,,1.0,0.0,0.0,0.0,1.0,0.7627118644067796,468.0,526.0,59.0,59.0,1911.5,623.5,1912.0052568330314,595.1251579656823,74.24253916597704,145.0,172.0608429258691,2.7216429966497344,172.03931622672587,1.2157539880299295,0.7095920443534851,0.9587327241897583,0.0,0.0,0.0,1.0,0.0,1.0
SNPT-113,0,,1.0,0.0,0.0,0.0,1.0,0.8194444444444444,455.0,526.0,72.0,72.0,1913.5,437.5,1911.4604571747755,426.2034125374459,72.91604540094075,,1.0,0.0,0.0,0.0,1.0,0.86,700.0,749.0,50.0,50.0,1898.0,397.5,1472.9889282889096,462.3764452835229,76.55276483657941,174.0,31.702835813989424,-13.460457174775456,-28.7034125374459,0.9524939505006497,0.9482326507568359,0.9925768375396729,0.0,0.0,0.0,1.0,0.0,1.0
SNPT-113,1,8.0,0.0009628211293403021,0.9984006127532647,0.5051546391752577,1.0,0.995850622406639,0.8281786941580757,0.0,329.0,330.0,291.0,1412.0,596.5,1910.9804783090403,460.39846635393144,86.42904646327284,,1.0,0.0,0.0,1.0,1.0,0.8205128205128205,478.0,516.0,39.0,39.0,1912.0,421.0,1905.5721319022273,420.0460389295158,72.67675367466339,149.0,39.41165532580692,1.0195216909596638,-39.39846635393144,1.1892254688503483,0.9227314591407776,0.9696744680404663,0.0,0.0,0.0,1.0,0.0,1.0
SNPT-113,0,33.0,0.031332159758676426,0.9950884183247884,0.040268456375838924,0.0,1.0,0.9731543624161074,601.0,749.0,149.0,149.0,1905.0334608687067,580.2383313134437,450.87203062708227,548.649170494865,95.41528707119059,,1.0,0.0,0.0,0.0,1.0,0.7121212121212122,459.0,524.0,66.0,66.0,1912.5,389.0,1889.3646281791066,402.74705658712617,65.41620890556601,77.0,178.18155045297988,15.668832689600094,177.49127472631756,1.4585878434033202,0.7324391603469849,0.9710346460342407,0.0,0.0,0.0,1.0,0.0,1.0
SNPT-113,0,14.0,0.00018128689946479427,0.9999853253364563,0.09259259259259259,0.0,1.0,0.8611111111111112,0.0,323.0,324.0,324.0,1507.5,588.5,1908.7783570033503,451.4606837732741,90.26066307250481,,1.0,0.0,0.0,0.0,1.0,0.8409090909090909,706.0,749.0,44.0,44.0,1827.0,408.5,1425.205584378933,434.54938080625425,69.76547141706446,383.0,92.3759710337849,-81.77835700335027,-42.96068377327413,1.2937727107571335,0.8306119441986084,0.9554787874221802,0.0,0.0,0.0,1.0,0.0,1.0
SNPT-113,0,33.0,0.0015327607081771367,0.999821639166469,0.6726190476190477,0.0,1.0,0.9226190476190477,0.0,167.0,168.0,168.0,1311.5,767.5,1911.7898304889404,637.0884744389894,116.35674080921265,31.0,0.07623860304499011,0.9564705808957418,0.5263157894736842,1.0,1.0,0.8771929824561403,693.0,749.0,57.0,57.0,1891.5,795.5,1340.4615267849504,802.8358043152773,138.98068896696248,526.0,159.70563124648007,-20.289830488940424,158.41152556101065,0.8372151676185183,0.6990944743156433,0.9010491967201233,0.0,1.0,1.0,0.0,1.0,1.0
SNPT-113,0,33.0,0.0015327607081771367,0.999821639166469,0.6726190476190477,0.0,1.0,0.9226190476190477,0.0,167.0,168.0,168.0,1311.5,767.5,1911.7898304889404,637.0884744389894,116.35674080921265,,1.0,0.0,0.0,0.0,1.0,0.8409090909090909,706.0,749.0,44.0,44.0,1827.0,408.5,1425.205584378933,434.54938080625425,69.76547141706446,539.0,243.80731326333864,-84.78983048894042,-228.58847443898935,1.6678270560750785,0.6404322385787964,0.9102131128311157,0.0,0.0,0.0,1.0,0.0,1.0
SNPT-113,0,9.0,0.005656343700462396,0.9934112042188644,0.16759776536312848,1.0,1.0,0.7988826815642458,0.0,357.0,358.0,358.0,1665.5,445.0,1913.2882647498554,325.7394658903612,69.74945911503926,,1.0,0.0,0.0,0.0,1.0,0.8409090909090909,706.0,749.0,44.0,44.0,1827.0,408.5,1425.205584378933,434.54938080625425,69.76547141706446,349.0,119.5615767696873,-86.28826474985544,82.7605341096388,0.9997704838554092,0.6427870988845825,0.8791040182113647,0.0,0.0,0.0,0.0,1.0,1.0
SNPT-113,1,8.0,0.0009628211293403021,0.9984006127532647,0.5051546391752577,1.0,0.995850622406639,0.8281786941580757,0.0,329.0,330.0,291.0,1412.0,596.5,1910.9804783090403,460.39846635393144,86.42904646327284,,1.0,0.0,0.0,1.0,1.0,0.9285714285714286,708.0,749.0,42.0,42.0,1903.5,444.5,1527.6194661731902,460.6953207075038,75.3595911689086,379.0,17.570395218637316,-7.480478309040336,-15.89846635393144,1.1468884732874083,0.8850012421607971,0.9516423940658569,0.0,0.0,0.0,1.0,0.0,1.0
SNPT-113,1,33.0,0.031332159758676426,0.9950884183247884,0.040268456375838924,0.0,1.0,0.9731543624161074,601.0,749.0,149.0,149.0,1905.0334608687067,580.2383313134437,450.87203062708227,548.649170494865,95.41528707119059,,1.0,0.0,0.0,0.0,1.0,0.7627118644067796,468.0,526.0,59.0,59.0,1911.5,623.5,1912.0052568330314,595.1251579656823,74.24253916597704,75.0,16.4384776284781,-6.971795964324656,-14.886826652238597,1.2851835099265616,0.910118818283081,0.9339883923530579,0.0,0.0,0.0,1.0,0.0,1.0
SNPT-113,1,33.0,0.0015327607081771367,0.999821639166469,0.6726190476190477,0.0,1.0,0.9226190476190477,0.0,167.0,168.0,168.0,1311.5,767.5,1911.7898304889404,637.0884744389894,116.35674080921265,,1.0,0.0,0.0,0.0,1.0,0.7627118644067796,468.0,526.0,59.0,59.0,1911.5,623.5,1912.0052568330314,595.1251579656823,74.24253916597704,301.0,13.591565005229766,-0.2898304889404244,-13.588474438989351,1.5672516338521891,0.8816476464271545,0.9535180330276489,0.0,0.0,0.0,1.0,0.0,1.0
SNPT-113,1,31.0,0.0007205966547882643,0.9980594171386845,0.7386759581881533,1.0,1.0,0.9163763066202091,0.0,573.0,574.0,574.0,1086.0,787.0,1909.0983614756283,752.378532199029,114.8129193206146,31.0,0.07623860304499011,0.9564705808957418,0.5263157894736842,1.0,1.0,0.8771929824561403,693.0,749.0,57.0,57.0,1891.5,795.5,1340.4615267849504,802.8358043152773,138.98068896696248,120.0,46.574277363551836,-17.59836147562828,43.121467800971004,0.8261069949646539,0.9640767574310303,0.9787894487380981,1.0,0.0,1.0,1.0,0.0,1.0
SNPT-113,0,,1.0,0.0,0.0,1.0,1.0,0.8205128205128205,478.0,516.0,39.0,39.0,1912.0,421.0,1905.5721319022273,420.0460389295158,72.67675367466339,,1.0,0.0,0.0,1.0,1.0,0.715,550.0,749.0,200.0,200.0,1908.0,782.5,1163.4566173284265,1053.8082981225264,125.44228237035342,34.0,362.4620924168267,2.4278680977727163,362.4539610704842,0.5793640892158987,0.7766836285591125,0.9520469903945923,0.0,0.0,0.0,1.0,0.0,1.0
SNPT-113,0,1.0,0.05166669934988022,0.9926978945732117,0.0047169811320754715,0.0,1.0,0.9198113207547169,419.0,673.0,255.0,212.0,8.0,345.0,7.2649627715957905,312.7938479299968,68.44676190966275,31.0,0.07623860304499011,0.9564705808957418,0.5263157894736842,1.0,1.0,0.8771929824561403,693.0,749.0,57.0,57.0,1891.5,795.5,1340.4615267849504,802.8358043152773,138.98068896696248,20.0,1945.082750107397,1884.2350372284043,482.7061520700032,0.4924911685099895,0.6931890249252319,0.879459023475647,0.0,1.0,1.0,0.0,1.0,1.0
SNPT-113,1,33.0,0.031332159758676426,0.9950884183247884,0.040268456375838924,0.0,1.0,0.9731543624161074,601.0,749.0,149.0,149.0,1905.0334608687067,580.2383313134437,450.87203062708227,548.649170494865,95.41528707119059,33.0,0.0015327607081771367,0.999821639166469,0.6726190476190477,0.0,1.0,0.9226190476190477,0.0,167.0,168.0,168.0,1311.5,767.5,1911.7898304889404,637.0884744389894,116.35674080921265,434.0,57.25021662701583,-6.756369620233727,-56.85014312554563,0.8200237167835488,0.9580928087234497,0.9252030849456787,1.0,0.0,1.0,1.0,0.0,1.0
SNPT-113,0,,1.0,0.0,0.0,0.0,1.0,0.7810344827586206,0.0,579.0,580.0,580.0,190.0,468.5,36.64103067475113,1013.6350134240533,111.4331846882717,,1.0,0.0,0.0,1.0,1.0,0.9285714285714286,708.0,749.0,42.0,42.0,1903.5,444.5,1527.6194661731902,460.6953207075038,75.3595911689086,129.0,1951.685700837952,1866.8589693252488,-569.1350134240533,1.4786861627010275,0.6208896636962891,0.8834280371665955,0.0,0.0,0.0,0.0,1.0,1.0
SNPT-113,0,,1.0,0.0,0.0,0.0,1.0,0.9452887537993921,0.0,328.0,329.0,329.0,1623.0,409.0,1912.231169511351,358.8887220820972,65.09232239374286,,1.0,0.0,0.0,1.0,1.0,0.8205128205128205,478.0,516.0,39.0,39.0,1912.0,421.0,1905.5721319022273,420.0460389295158,72.67675367466339,150.0,62.11170810674857,-0.2311695113510268,62.11127791790278,0.8956415786694031,0.6092766523361206,0.9256911873817444,0.0,0.0,0.0,0.0,1.0,1.0
SNPT-113,0,8.0,0.0009628211293403021,0.9984006127532647,0.5051546391752577,1.0,0.995850622406639,0.8281786941580757,0.0,329.0,330.0,291.0,1412.0,596.5,1910.9804783090403,460.39846635393144,86.42904646327284,,1.0,0.0,0.0,0.0,1.0,0.7121212121212122,459.0,524.0,66.0,66.0,1912.5,389.0,1889.3646281791066,402.74705658712617,65.41620890556601,130.0,71.41463396155424,1.5195216909596638,-71.39846635393144,1.3212175989599257,0.7338520288467407,0.8992974758148193,0.0,0.0,0.0,0.0,1.0,1.0
SNPT-113,0,33.0,0.031332159758676426,0.9950884183247884,0.040268456375838924,0.0,1.0,0.9731543624161074,601.0,749.0,149.0,149.0,1905.0334608687067,580.2383313134437,450.87203062708227,548.649170494865,95.41528707119059,,1.0,0.0,0.0,0.0,1.0,0.9452887537993921,0.0,328.0,329.0,329.0,1623.0,409.0,1912.231169511351,358.8887220820972,65.09232239374286,273.0,221.46660361457253,-7.197708642644329,221.3496092313465,1.4658454877984595,0.6829531192779541,0.9556514024734497,0.0,0.0,0.0,1.0,0.0,1.0
SNPT-113,0,33.0,0.031332159758676426,0.9950884183247884,0.040268456375838924,0.0,1.0,0.9731543624161074,601.0,749.0,149.0,149.0,1905.0334608687067,580.2383313134437,450.87203062708227,548.649170494865,95.41528707119059,14.0,0.00018128689946479427,0.9999853253364563,0.09259259259259259,0.0,1.0,0.8611111111111112,0.0,323.0,324.0,324.0,1507.5,588.5,1908.7783570033503,451.4606837732741,90.26066307250481,278.0,128.83208743569833,-3.744896134643568,128.7776475401696,1.057108199997879,0.7620304822921753,0.9584845900535583,0.0,1.0,1.0,1.0,0.0,1.0
SNPT-113,1,,1.0,0.0,0.0,0.0,1.0,0.9433198380566802,111.0,357.0,247.0,247.0,6.0,402.0,5.362785890189864,334.9710182744509,68.36232673835437,1.0,0.05166669934988022,0.9926978945732117,0.0047169811320754715,0.0,1.0,0.9198113207547169,419.0,673.0,255.0,212.0,8.0,345.0,7.2649627715957905,312.7938479299968,68.44676190966275,62.0,10.36992636002684,2.6372141098101363,10.028981725549102,0.9987664110185399,0.9793620705604553,0.995170533657074,0.0,0.0,0.0,1.0,0.0,1.0
SNPT-113,0,,1.0,0.0,0.0,0.0,1.0,0.9452887537993921,0.0,328.0,329.0,329.0,1623.0,409.0,1912.231169511351,358.8887220820972,65.09232239374286,,1.0,0.0,0.0,0.0,1.0,0.86,700.0,749.0,50.0,50.0,1898.0,397.5,1472.9889282889096,462.3764452835229,76.55276483657941,372.0,41.15041880849251,-14.231169511351027,38.61127791790278,0.8502935528546661,0.8003405332565308,0.9835985898971558,0.0,0.0,0.0,1.0,0.0,1.0
SNPT-113,0,9.0,0.005656343700462396,0.9934112042188644,0.16759776536312848,1.0,1.0,0.7988826815642458,0.0,357.0,358.0,358.0,1665.5,445.0,1913.2882647498554,325.7394658903612,69.74945911503926,,1.0,0.0,0.0,0.0,1.0,0.7121212121212122,459.0,524.0,66.0,66.0,1912.5,389.0,1889.3646281791066,402.74705658712617,65.41620890556601,102.0,63.265445048246036,-0.7882647498554434,63.2605341096388,1.0662412310644396,0.7000488638877869,0.9198925495147705,0.0,0.0,0.0,0.0,1.0,1.0
SNPT-113,0,9.0,0.005656343700462396,0.9934112042188644,0.16759776536312848,1.0,1.0,0.7988826815642458,0.0,357.0,358.0,358.0,1665.5,445.0,1913.2882647498554,325.7394658903612,69.74945911503926,31.0,0.07623860304499011,0.9564705808957418,0.5263157894736842,1.0,1.0,0.8771929824561403,693.0,749.0,57.0,57.0,1891.5,795.5,1340.4615267849504,802.8358043152773,138.98068896696248,336.0,470.2655503944372,-21.788264749855443,469.7605341096388,0.5018643930569348,0.7918072938919067,0.9384268522262573,0.0,1.0,1.0,1.0,0.0,1.0
SNPT-113,1,9.0,0.005656343700462396,0.9934112042188644,0.16759776536312848,1.0,1.0,0.7988826815642458,0.0,357.0,358.0,358.0,1665.5,445.0,1913.2882647498554,325.7394658903612,69.74945911503926,9.0,0.007593894551519043,0.9677391595700208,0.050746268656716415,1.0,1.0,0.9373134328358209,415.0,749.0,335.0,335.0,1913.5,315.0,1145.3179857923549,364.3889679432533,56.24572101596464,58.0,10.741552933649096,0.21173525014455663,-10.739465890361203,1.24008471853782,0.9183981418609619,0.9922592639923096,1.0,0.0,1.0,1.0,0.0,1.0
SNPT-114,0,33.0,0.07454381647876289,0.9821719646453857,0.2631578947368421,1.0,1.0,0.7368421052631579,0.0,31.0,32.0,19.0,1683.0,719.0,1907.0706955760297,578.9904153725431,135.4230540123522,34.0,0.008831721965179895,0.9897283668580809,0.7169811320754716,0.0,1.0,0.7452830188679245,194.0,299.0,106.0,106.0,1909.5,632.0,1911.6950072043603,576.0004473069708,115.80602068845926,163.0,53.06522008208234,2.4293044239702795,53.00958462745689,1.169395625609713,0.729790449142456,0.8405312299728394,0.0,1.0,1.0,0.0,1.0,1.0
SNPT-114,0,,1.0,0.0,0.0,0.0,1.0,0.9090909090909091,0.0,21.0,22.0,22.0,1615.0,660.0,1882.2894172602269,656.9796931195858,118.64731362996581,9.0,0.00015034989983532442,0.9999873947787594,0.9058823529411765,1.0,1.0,0.9294117647058824,207.0,291.0,85.0,85.0,1912.5,677.5,1898.1810248837364,649.6433646835737,125.16871784575622,186.0,36.52071061662208,30.210582739773145,20.520306880414182,0.9478990891012669,0.6804274320602417,0.8044298887252808,0.0,0.0,0.0,0.0,1.0,1.0
SNPT-114,0,,1.0,0.0,0.0,1.0,1.0,1.0,0.0,17.0,18.0,18.0,1586.0,472.0,1891.7129089961868,468.57223927570874,85.96083984840794,10.0,0.8472048823059595,0.6620815013136182,0.012027491408934709,1.0,1.0,0.8367697594501718,168.0,749.0,582.0,582.0,1908.0,549.0,1406.4345286479615,513.1048811392113,92.55690119452215,151.0,82.06030726539075,16.287091003813202,80.42776072429126,0.9287350671750386,0.6445566415786743,0.940402626991272,0.0,0.0,0.0,1.0,0.0,1.0
SNPT-114,0,,1.0,0.0,0.0,1.0,1.0,0.8918918918918919,0.0,36.0,37.0,37.0,1210.5,480.5,1910.655005803282,469.861129704823,94.53537606349639,,1.0,0.0,0.0,1.0,1.0,0.8271604938271605,173.0,496.0,324.0,324.0,1902.0,414.0,1911.7429616968293,313.10927188241254,77.32736035589454,137.0,56.52764754838026,-8.655005803281938,-55.861129704822986,1.2225346323526756,0.8066991567611694,0.9542847871780396,0.0,0.0,0.0,1.0,0.0,1.0
SNPT-114,0,10.0,0.0005861298754005146,0.9999405033006443,0.7650602409638554,1.0,1.0,0.9036144578313253,0.0,165.0,166.0,166.0,49.5,812.5,11.565825313279085,617.6117854480957,127.86020928901036,27.0,0.016840908265007497,0.9952987513026675,0.9173553719008265,0.0,1.0,0.9421487603305785,629.0,749.0,121.0,121.0,1898.5,999.5,1818.6565812929837,1015.106596097462,147.88179836744217,464.0,1925.1906887408059,1886.934174686721,381.8882145519043,0.8646108628684367,0.6327232122421265,0.8605109453201294,0.0,1.0,1.0,0.0,1.0,1.0
SNPT-114,0,,1.0,0.0,0.0,1.0,1.0,1.0,0.0,17.0,18.0,18.0,1586.0,472.0,1891.7129089961868,468.57223927570874,85.96083984840794,14.0,0.07740949411559353,0.9759010532323051,0.06115107913669065,0.0,1.0,0.8992805755395683,164.0,441.0,278.0,278.0,1904.0,528.0,1902.3751886234663,451.8087124243157,100.01934570032002,147.0,60.68468793723506,12.287091003813202,59.42776072429126,0.8594421333845309,0.6862671375274658,0.9245237708091736,0.0,0.0,0.0,0.0,1.0,1.0
SNPT-114,0,,1.0,0.0,0.0,0.0,1.0,0.8979591836734694,0.0,48.0,49.0,49.0,1139.0,496.0,1912.2622489263333,495.6169812487776,95.9169496007259,3.0,0.000440565484002166,0.9999584496021271,0.35175879396984927,0.0,1.0,0.8693467336683417,186.0,384.0,199.0,199.0,1909.5,551.0,1905.03865251365,458.42360694852925,106.35618343563509,138.0,55.4518600691562,-2.7622489263333136,55.38301875122238,0.9018464794646676,0.7997756004333496,0.9326099157333374,0.0,0.0,0.0,1.0,0.0,1.0
SNPT-114,0,,1.0,0.0,0.0,1.0,1.0,0.8918918918918919,0.0,36.0,37.0,37.0,1210.5,480.5,1910.655005803282,469.861129704823,94.53537606349639,14.0,0.10615028025474585,0.9290560640786824,0.17511520737327188,1.0,1.0,0.847926267281106,171.0,387.0,217.0,217.0,1903.5,480.5,1910.7314663421757,474.5124226961052,109.62430461981918,135.0,12.821063497331181,-7.155005803281938,10.638870295177014,0.8623578173777091,0.8472338914871216,0.946679949760437,0.0,0.0,0.0,1.0,0.0,1.0
SNPT-114,1,,1.0,0.0,0.0,0.0,1.0,0.7575757575757576,0.0,32.0,33.0,33.0,1443.0,470.5,1912.3982818492143,456.29597803628667,83.44527963263799,,1.0,0.0,0.0,0.0,0.9941520467836257,0.75,172.0,444.0,273.0,228.0,1893.5,468.5,1909.2944050121655,444.76300063116423,91.81439313430124,140.0,22.49629322673271,-18.8982818492143,12.20402196371333,0.9088474778739608,0.7975531816482544,0.9567567110061646,0.0,0.0,0.0,1.0,0.0,1.0
SNPT-114,0,,1.0,0.0,0.0,0.0,1.0,0.8888888888888888,0.0,17.0,18.0,18.0,1705.5,561.0,1911.5272346842878,571.1628011156258,106.14072146948364,,1.0,0.0,0.0,0.0,0.9941520467836257,0.75,172.0,444.0,273.0,228.0,1893.5,468.5,1909.2944050121655,444.76300063116423,91.81439313430124,155.0,104.23354509594755,-18.027234684287805,-102.66280111562583,1.1560357569888482,0.7789402008056641,0.9289146661758423,0.0,0.0,0.0,1.0,0.0,1.0
SNPT-114,1,,1.0,0.0,0.0,0.0,1.0,0.8979591836734694,0.0,48.0,49.0,49.0,1139.0,496.0,1912.2622489263333,495.6169812487776,95.9169496007259,14.0,0.07740949411559353,0.9759010532323051,0.06115107913669065,0.0,1.0,0.8992805755395683,164.0,441.0,278.0,278.0,1904.0,528.0,1902.3751886234663,451.8087124243157,100.01934570032002,116.0,33.42042280945464,-8.262248926333314,32.38301875122238,0.9589839738415626,0.8891546726226807,0.9586312770843506,0.0,0.0,0.0,1.0,0.0,1.0
SNPT-114,0,,1.0,0.0,0.0,0.0,1.0,0.7575757575757576,0.0,32.0,33.0,33.0,1443.0,470.5,1912.3982818492143,456.29597803628667,83.44527963263799,14.0,0.10615028025474585,0.9290560640786824,0.17511520737327188,1.0,1.0,0.847926267281106,171.0,387.0,217.0,217.0,1903.5,480.5,1910.7314663421757,474.5124226961052,109.62430461981918,139.0,25.787867284596725,-8.8982818492143,24.20402196371333,0.7611932401489712,0.6161715984344482,0.8890547752380371,0.0,0.0,0.0,0.0,1.0,1.0
SNPT-114,1,10.0,0.0005861298754005146,0.9999405033006443,0.7650602409638554,1.0,1.0,0.9036144578313253,0.0,165.0,166.0,166.0,49.5,812.5,11.565825313279085,617.6117854480957,127.86020928901036,10.0,0.03720051430848583,0.961036367341876,0.17817371937639198,1.0,1.0,0.9755011135857461,301.0,749.0,449.0,449.0,13.0,806.5,537.5432044259262,610.5447308170008,120.98144757722957,136.0,188.8936591144294,1.4341746867209153,188.8882145519043,1.05685798814227,0.9596066474914551,0.9725621342658997,1.0,0.0,1.0,1.0,0.0,1.0
SNPT-114,1,,1.0,0.0,0.0,1.0,1.0,0.8148148148148148,0.0,26.0,27.0,27.0,1527.5,497.0,1906.4688600775648,487.2861672103685,93.88651960960384,,1.0,0.0,0.0,1.0,1.0,0.7677902621722846,176.0,442.0,267.0,267.0,1900.0,469.5,1904.5853900088691,380.2012542669661,88.67143676218777,150.0,18.926011062511282,-6.468860077564841,-17.78616721036849,1.0588135597870445,0.8928861021995544,0.8936886787414551,0.0,0.0,0.0,1.0,0.0,1.0
SNPT-114,0,33.0,0.07454381647876289,0.9821719646453857,0.2631578947368421,1.0,1.0,0.7368421052631579,0.0,31.0,32.0,19.0,1683.0,719.0,1907.0706955760297,578.9904153725431,135.4230540123522,8.0,0.033114069488934486,0.9859981226424376,0.32989690721649484,1.0,1.0,0.8883161512027491,168.0,749.0,582.0,582.0,1899.5,708.5,784.0896453513265,678.194546428299,123.2307638548108,137.0,129.73067463742464,-7.5706955760297205,129.5095846274569,1.0989386884910186,0.9258589148521423,0.899909257888794,0.0,1.0,1.0,1.0,0.0,1.0
SNPT-114,0,33.0,0.0025480779775954522,0.9996322923236423,0.7105263157894737,1.0,1.0,0.7368421052631579,239.0,276.0,38.0,38.0,1904.0,925.5,1904.7240961432135,988.1221730951436,174.0102180098301,,1.0,0.0,0.0,0.0,1.0,0.927710843373494,501.0,749.0,249.0,249.0,14.0,339.0,767.9991332368683,536.5088595020303,83.11131652895844,225.0,1999.0490747703852,-1890.7240961432135,-649.1221730951436,2.0937006568678265,0.570458710193634,0.734770655632019,0.0,0.0,0.0,0.0,1.0,1.0
SNPT-114,0,36.0,0.000899008810029045,0.9990687937032982,0.7439024390243902,0.0,1.0,0.7682926829268293,202.0,293.0,92.0,82.0,1909.5,763.5,1907.156416498698,664.9023481291946,121.28173770867278,33.0,0.12642832447865937,0.9354089171114103,0.3183856502242152,1.0,1.0,0.9192825112107623,527.0,749.0,223.0,223.0,1897.5,829.0,1201.609503180522,1043.1176330276685,174.323429036868,234.0,164.38152490200463,-9.656416498698036,164.0976518708054,0.6957282700251535,0.7349724769592285,0.892632007598877,0.0,1.0,1.0,0.0,1.0,1.0
SNPT-114,1,,1.0,0.0,0.0,1.0,1.0,1.0,0.0,17.0,18.0,18.0,1586.0,472.0,1891.7129089961868,468.57223927570874,85.96083984840794,,1.0,0.0,0.0,1.0,1.0,0.8271604938271605,173.0,496.0,324.0,324.0,1902.0,414.0,1911.7429616968293,313.10927188241254,77.32736035589454,156.0,55.533355210053195,10.287091003813202,-54.57223927570874,1.111648444389907,0.8842134475708008,0.9455583095550537,0.0,0.0,0.0,1.0,0.0,1.0
SNPT-114,1,33.0,0.0025480779775954522,0.9996322923236423,0.7105263157894737,1.0,1.0,0.7368421052631579,239.0,276.0,38.0,38.0,1904.0,925.5,1904.7240961432135,988.1221730951436,174.0102180098301,33.0,0.12642832447865937,0.9354089171114103,0.3183856502242152,1.0,1.0,0.9192825112107623,527.0,749.0,223.0,223.0,1897.5,829.0,1201.609503180522,1043.1176330276685,174.323429036868,251.0,159.28607451879535,-7.224096143213501,-159.12217309514358,0.9982032763537961,0.910488486289978,0.8925809860229492,1.0,0.0,1.0,1.0,0.0,1.0
SNPT-114,1,33.0,0.07454381647876289,0.9821719646453857,0.2631578947368421,1.0,1.0,0.7368421052631579,0.0,31.0,32.0,19.0,1683.0,719.0,1907.0706955760297,578.9904153725431,135.4230540123522,33.0,0.0025480779775954522,0.9996322923236423,0.7105263157894737,1.0,1.0,0.7368421052631579,239.0,276.0,38.0,38.0,1904.0,925.5,1904.7240961432135,988.1221730951436,174.0102180098301,208.0,346.5231902918091,-3.0706955760297205,346.5095846274569,0.7782477118941483,0.8972210884094238,0.7572965025901794,1.0,0.0,1.0,1.0,0.0,1.0
SNPT-114,0,,1.0,0.0,0.0,0.0,0.9941520467836257,0.75,172.0,444.0,273.0,228.0,1893.5,468.5,1909.2944050121655,444.76300063116423,91.81439313430124,,1.0,0.0,0.0,0.0,1.0,0.927710843373494,501.0,749.0,249.0,249.0,14.0,339.0,767.9991332368683,536.5088595020303,83.11131652895844,57.0,1898.2430545040659,-1895.2944050121655,-105.76300063116423,1.1047159035473875,0.5999827980995178,0.9575934410095215,0.0,0.0,0.0,1.0,0.0,1.0
SNPT-114,1,33.0,0.07454381647876289,0.9821719646453857,0.2631578947368421,1.0,1.0,0.7368421052631579,0.0,31.0,32.0,19.0,1683.0,719.0,1907.0706955760297,578.9904153725431,135.4230540123522,33.0,0.12642832447865937,0.9354089171114103,0.3183856502242152,1.0,1.0,0.9192825112107623,527.0,749.0,223.0,223.0,1897.5,829.0,1201.609503180522,1043.1176330276685,174.323429036868,496.0,250.19270696685498,-9.57069557602972,250.0095846274569,0.776849415827584,0.8943498134613037,0.9134296178817749,1.0,0.0,1.0,1.0,0.0,1.0
SNPT-114,0,,1.0,0.0,0.0,0.0,1.0,0.9090909090909091,0.0,21.0,22.0,22.0,1615.0,660.0,1882.2894172602269,656.9796931195858,118.64731362996581,11.0,0.9327958975918591,0.6692081229253248,0.024175824175824177,1.0,1.0,0.9824175824175824,295.0,749.0,455.0,455.0,15.0,601.5,801.0728731122007,524.6890056147485,96.89449513916566,274.0,1868.1134237943586,-1867.2894172602269,-55.47969311958582,1.2245000447090153,0.6632682085037231,0.8953995704650879,0.0,0.0,0.0,0.0,1.0,1.0
SNPT-114,1,8.0,0.5382894277572632,0.7704548041025797,0.1,1.0,1.0,1.0,0.0,29.0,30.0,30.0,1475.5,600.0,1893.4837955445369,583.8364212506192,109.83032493055697,10.0,0.8472048823059595,0.6620815013136182,0.012027491408934709,1.0,1.0,0.8367697594501718,168.0,749.0,582.0,582.0,1908.0,549.0,1406.4345286479615,513.1048811392113,92.55690119452215,139.0,37.73985211077808,14.51620445546314,-34.836421250619196,1.1866249141134504,0.9320964813232422,0.9482861757278442,0.0,1.0,0.0,1.0,0.0,1.0
SNPT-114,0,9.0,0.00015034989983532442,0.9999873947787594,0.9058823529411765,1.0,1.0,0.9294117647058824,207.0,291.0,85.0,85.0,1912.5,677.5,1898.1810248837364,649.6433646835737,125.16871784575622,,1.0,0.0,0.0,0.0,1.0,0.927710843373494,501.0,749.0,249.0,249.0,14.0,339.0,767.9991332368683,536.5088595020303,83.11131652895844,210.0,1909.6170910823612,-1884.1810248837364,-310.64336468357374,1.5060370004143027,0.6457063555717468,0.8342707753181458,0.0,0.0,0.0,0.0,1.0,1.0
SNPT-114,0,33.0,0.07454381647876289,0.9821719646453857,0.2631578947368421,1.0,1.0,0.7368421052631579,0.0,31.0,32.0,19.0,1683.0,719.0,1907.0706955760297,578.9904153725431,135.4230540123522,,1.0,0.0,0.0,0.0,1.0,0.927710843373494,501.0,749.0,249.0,249.0,14.0,339.0,767.9991332368683,536.5088595020303,83.11131652895844,470.0,1908.222224459038,-1893.0706955760297,-239.9904153725431,1.6294177455986611,0.6842194199562073,0.8874943256378174,0.0,0.0,0.0,0.0,1.0,1.0
SNPT-114,0,,1.0,0.0,0.0,1.0,1.0,0.948051948051948,16.0,169.0,154.0,154.0,10.0,654.5,10.481555376341952,561.4167284457412,109.87483748335666,33.0,0.0025480779775954522,0.9996322923236423,0.7105263157894737,1.0,1.0,0.7368421052631579,239.0,276.0,38.0,38.0,1904.0,925.5,1904.7240961432135,988.1221730951436,174.0102180098301,70.0,1928.203497755268,1893.518444623658,364.0832715542588,0.6314275031662201,0.8615617752075195,0.8371046781539917,0.0,0.0,0.0,1.0,0.0,1.0
SNPT-114,1,,1.0,0.0,0.0,1.0,1.0,0.948051948051948,16.0,169.0,154.0,154.0,10.0,654.5,10.481555376341952,561.4167284457412,109.87483748335666,11.0,0.9327958975918591,0.6692081229253248,0.024175824175824177,1.0,1.0,0.9824175824175824,295.0,749.0,455.0,455.0,15.0,601.5,801.0728731122007,524.6890056147485,96.89449513916566,126.0,40.33714169731805,4.518444623658048,40.08327155425877,1.1339636717808155,0.9752407073974609,0.9839034080505371,0.0,0.0,0.0,1.0,0.0,1.0
SNPT-114,0,,1.0,0.0,0.0,0.0,1.0,0.9090909090909091,0.0,21.0,22.0,22.0,1615.0,660.0,1882.2894172602269,656.9796931195858,118.64731362996581,,1.0,0.0,0.0,0.0,1.0,0.927710843373494,501.0,749.0,249.0,249.0,14.0,339.0,767.9991332368683,536.5088595020303,83.11131652895844,480.0,1895.156044204008,-1868.2894172602269,-317.9796931195858,1.4275711008455219,0.7092365026473999,0.9445968866348267,0.0,0.0,0.0,1.0,0.0,1.0
SNPT-114,0,,1.0,0.0,0.0,1.0,1.0,0.948051948051948,16.0,169.0,154.0,154.0,10.0,654.5,10.481555376341952,561.4167284457412,109.87483748335666,,1.0,0.0,0.0,1.0,1.0,0.8271604938271605,173.0,496.0,324.0,324.0,1902.0,414.0,1911.7429616968293,313.10927188241254,77.32736035589454,4.0,1897.2542576516064,1891.518444623658,-147.41672844574123,1.4209050584122398,0.7360095381736755,0.9699580669403076,0.0,0.0,0.0,1.0,0.0,1.0
SNPT-114,0,10.0,0.0005861298754005146,0.9999405033006443,0.7650602409638554,1.0,1.0,0.9036144578313253,0.0,165.0,166.0,166.0,49.5,812.5,11.565825313279085,617.6117854480957,127.86020928901036,36.0,0.000899008810029045,0.9990687937032982,0.7439024390243902,0.0,1.0,0.7682926829268293,202.0,293.0,92.0,82.0,1909.5,763.5,1907.156416498698,664.9023481291946,121.28173770867278,37.0,1903.53290031691,1897.934174686721,145.8882145519043,1.0542412378369737,0.7509447336196899,0.8915747404098511,0.0,1.0,1.0,0.0,1.0,1.0
SNPT-114,1,,1.0,0.0,0.0,0.0,1.0,0.9090909090909091,0.0,21.0,22.0,22.0,1615.0,660.0,1882.2894172602269,656.9796931195858,118.64731362996581,24.0,0.040837357936427475,0.9847041368484497,0.35714285714285715,0.0,1.0,0.9111498257839721,176.0,749.0,574.0,574.0,1891.5,645.5,939.4031312674047,801.6716380595866,123.79327313391501,155.0,14.717954631200389,9.210582739773145,-11.479693119585818,0.9584310247748075,0.9139462113380432,0.9543985724449158,0.0,0.0,0.0,1.0,0.0,1.0
SNPT-114,0,,1.0,0.0,0.0,1.0,1.0,1.0,0.0,17.0,18.0,18.0,1586.0,472.0,1891.7129089961868,468.57223927570874,85.96083984840794,36.0,0.000899008810029045,0.9990687937032982,0.7439024390243902,0.0,1.0,0.7682926829268293,202.0,293.0,92.0,82.0,1909.5,763.5,1907.156416498698,664.9023481291946,121.28173770867278,185.0,295.46364353710715,17.787091003813202,294.92776072429126,0.7087698566365523,0.602644681930542,0.8625433444976807,0.0,0.0,0.0,0.0,1.0,1.0
SNPT-114,1,,1.0,0.0,0.0,0.0,1.0,0.8888888888888888,0.0,17.0,18.0,18.0,1705.5,561.0,1911.5272346842878,571.1628011156258,106.14072146948364,3.0,0.000440565484002166,0.9999584496021271,0.35175879396984927,0.0,1.0,0.8693467336683417,186.0,384.0,199.0,199.0,1909.5,551.0,1905.03865251365,458.42360694852925,106.35618343563509,169.0,20.264457290869192,-2.027234684287805,-20.162801115625825,0.9979741472550879,0.9392256736755371,0.8806415796279907,0.0,0.0,0.0,1.0,0.0,1.0
SNPT-114,0,33.0,0.0025480779775954522,0.9996322923236423,0.7105263157894737,1.0,1.0,0.7368421052631579,239.0,276.0,38.0,38.0,1904.0,925.5,1904.7240961432135,988.1221730951436,174.0102180098301,10.0,0.03720051430848583,0.961036367341876,0.17817371937639198,1.0,1.0,0.9755011135857461,301.0,749.0,449.0,449.0,13.0,806.5,537.5432044259262,610.5447308170008,120.98144757722957,25.0,1900.4227607794694,-1891.7240961432135,-181.62217309514358,1.43832150709512,0.857292115688324,0.8244099617004395,0.0,1.0,1.0,1.0,0.0,1.0
SNPT-114,0,,1.0,0.0,0.0,1.0,1.0,0.948051948051948,16.0,169.0,154.0,154.0,10.0,654.5,10.481555376341952,561.4167284457412,109.87483748335666,27.0,0.016840908265007497,0.9952987513026675,0.9173553719008265,0.0,1.0,0.9421487603305785,629.0,749.0,121.0,121.0,1898.5,999.5,1818.6565812929837,1015.106596097462,147.88179836744217,460.0,1938.1771333020158,1888.018444623658,438.0832715542588,0.7429909474751616,0.6680862307548523,0.8375122547149658,0.0,0.0,0.0,0.0,1.0,1.0
SNPT-115,0,31.0,0.005246624226058177,0.9980375625151956,0.8872549019607843,1.0,1.0,0.8921568627450981,0.0,204.0,205.0,204.0,1487.5,932.5,5.088295888503421,1006.2108008825628,160.3838020767146,7.0,0.00012224618270841386,0.9999908747880355,0.9126984126984127,0.0,1.0,0.9126984126984127,242.0,410.0,169.0,126.0,13.0,702.5,7.127640699629745,640.418482573282,139.49093544105426,38.0,303.81383384348317,7.911704111496579,-303.7108008825628,1.149779385804529,0.6030460596084595,0.7967902421951294,0.0,1.0,1.0,0.0,1.0,1.0
SNPT-115,0,,1.0,0.0,0.0,1.0,1.0,0.8828828828828829,0.0,110.0,111.0,111.0,274.5,549.5,9.563510043993912,497.2497377190487,104.42061636558512,,1.0,0.0,0.0,1.0,1.0,0.7391304347826086,130.0,244.0,115.0,115.0,1887.0,438.5,1898.8988745694842,596.0584787844812,105.0958814620508,20.0,1878.3554790029457,1877.4364899560062,-58.74973771904871,0.9935747710845404,0.5566943883895874,0.8399225473403931,0.0,0.0,0.0,1.0,0.0,1.0
SNPT-115,1,31.0,0.005246624226058177,0.9980375625151956,0.8872549019607843,1.0,1.0,0.8921568627450981,0.0,204.0,205.0,204.0,1487.5,932.5,5.088295888503421,1006.2108008825628,160.3838020767146,31.0,0.0050646972947631964,0.9910456419393823,0.5431192660550459,1.0,1.0,0.9724770642201835,205.0,749.0,545.0,545.0,8.5,1027.5,160.65678416432337,677.7635560626858,146.71178297467995,1.0,21.56083773897228,3.4117041114965794,21.289199117437192,1.0931896458813688,0.9784610867500305,0.951327919960022,1.0,0.0,1.0,1.0,0.0,1.0
SNPT-115,0,,1.0,0.0,0.0,1.0,1.0,0.7391304347826086,130.0,244.0,115.0,115.0,1887.0,438.5,1898.8988745694842,596.0584787844812,105.0958814620508,36.0,0.0012184193583379965,0.9998783071835836,0.023195876288659795,0.0,1.0,0.7731958762886598,362.0,749.0,388.0,388.0,1906.5,659.0,1016.0536426963349,552.6259152505154,95.4264867776533,118.0,63.39883437993195,7.601125430515822,62.94152121551883,1.1013282057310514,0.6350786685943604,0.9239494800567627,0.0,0.0,0.0,0.0,1.0,1.0
SNPT-115,0,,1.0,0.0,0.0,1.0,1.0,0.7391304347826086,130.0,244.0,115.0,115.0,1887.0,438.5,1898.8988745694842,596.0584787844812,105.0958814620508,14.0,0.018782247556807075,0.9823748663570104,0.22588832487309646,1.0,1.0,0.9593908629441624,356.0,749.0,394.0,394.0,1907.0,695.5,1026.8084625387896,483.7466447768521,97.81956696956179,112.0,99.77095957691012,8.101125430515822,99.44152121551883,1.0743850613727737,0.6317861676216125,0.9038272500038147,0.0,0.0,0.0,1.0,0.0,1.0
SNPT-115,0,31.0,0.005246624226058177,0.9980375625151956,0.8872549019607843,1.0,1.0,0.8921568627450981,0.0,204.0,205.0,204.0,1487.5,932.5,5.088295888503421,1006.2108008825628,160.3838020767146,33.0,0.02949771653922653,0.989780695438385,0.1440922190201729,1.0,1.0,0.9769452449567724,403.0,749.0,347.0,347.0,1895.0,949.0,1171.9869639406902,722.804235283804,142.47146274236044,199.0,1890.7774393289246,1889.9117041114966,-57.21080088256281,1.1257258049406433,0.8142723441123962,0.9351150989532471,0.0,1.0,1.0,1.0,0.0,1.0
SNPT-115,0,27.0,0.06511379917253243,0.9799461011159218,0.8082191780821918,0.0,1.0,0.863013698630137,155.0,227.0,73.0,73.0,1906.0,686.0,1911.7540811047431,811.3455618661446,155.0690235013187,15.0,1.1592526137828827,0.6545859575271606,0.0026455026455026454,1.0,0.9932885906040269,0.7883597883597884,372.0,749.0,378.0,378.0,1902.0,583.0,1179.982124118595,414.63231510776393,68.24499244902775,145.0,228.55379612284543,-9.754081104743136,-228.34556186614464,2.272240320301008,0.709405779838562,0.8905107378959656,0.0,1.0,0.0,0.0,1.0,1.0
SNPT-115,1,36.0,0.19117704359394758,0.8642963349819184,0.035046728971962614,1.0,0.9904458598726115,0.7336448598130841,0.0,427.0,428.0,428.0,1742.0,540.0,8.71177112719036,384.4843936626859,97.51042612159281,,1.0,0.0,0.0,1.0,1.0,0.98,500.0,749.0,250.0,250.0,6.5,412.0,468.0983986625522,410.2752942466699,58.69305695853646,73.0,27.60435696822359,-2.21177112719036,27.515606337314125,1.6613621980957436,0.8709527850151062,0.9741718769073486,0.0,0.0,0.0,1.0,0.0,1.0
SNPT-115,0,31.0,0.005246624226058177,0.9980375625151956,0.8872549019607843,1.0,1.0,0.8921568627450981,0.0,204.0,205.0,204.0,1487.5,932.5,5.088295888503421,1006.2108008825628,160.3838020767146,15.0,1.1592526137828827,0.6545859575271606,0.0026455026455026454,1.0,0.9932885906040269,0.7883597883597884,372.0,749.0,378.0,378.0,1902.0,583.0,1179.982124118595,414.63231510776393,68.24499244902775,168.0,1943.5486603578627,1896.9117041114966,-423.2108008825628,2.3501182478187745,0.6545299291610718,0.8287392258644104,0.0,1.0,0.0,1.0,0.0,1.0
SNPT-115,1,36.0,0.003665004418729577,0.9995249509811401,0.2565789473684211,0.0,1.0,0.9013157894736842,109.0,260.0,152.0,152.0,1898.5,558.5,1912.8722218860996,648.6306445164145,115.02481453038098,36.0,0.0012184193583379965,0.9998783071835836,0.023195876288659795,0.0,1.0,0.7731958762886598,362.0,749.0,388.0,388.0,1906.5,659.0,1016.0536426963349,552.6259152505154,95.4264867776533,102.0,12.170815293588696,-6.372221886099624,10.369355483585537,1.2053761844800217,0.9642143249511719,0.9857670664787292,1.0,0.0,1.0,1.0,0.0,1.0
SNPT-115,1,,1.0,0.0,0.0,0.0,1.0,0.8888888888888888,0.0,161.0,162.0,162.0,1012.5,548.0,13.275332455667208,568.4584284360309,110.58229495962854,7.0,0.00012224618270841386,0.9999908747880355,0.9126984126984127,0.0,1.0,0.9126984126984127,242.0,410.0,169.0,126.0,13.0,702.5,7.127640699629745,640.418482573282,139.49093544105426,81.0,134.04185434146976,-0.27533245566720765,134.04157156396911,0.7927561358018,0.7326719760894775,0.9306327700614929,0.0,0.0,0.0,1.0,0.0,1.0
SNPT-115,0,,1.0,0.0,0.0,1.0,1.0,0.8828828828828829,0.0,110.0,111.0,111.0,274.5,549.5,9.563510043993912,497.2497377190487,104.42061636558512,27.0,0.06511379917253243,0.9799461011159218,0.8082191780821918,0.0,1.0,0.863013698630137,155.0,227.0,73.0,73.0,1906.0,686.0,1911.7540811047431,811.3455618661446,155.0690235013187,45.0,1905.8063967643159,1896.4364899560062,188.7502622809513,0.6733815304169832,0.6736160516738892,0.8543553352355957,0.0,0.0,0.0,0.0,1.0,1.0
SNPT-115,0,,1.0,0.0,0.0,1.0,1.0,0.7391304347826086,130.0,244.0,115.0,115.0,1887.0,438.5,1898.8988745694842,596.0584787844812,105.0958814620508,33.0,0.02949771653922653,0.989780695438385,0.1440922190201729,1.0,1.0,0.9769452449567724,403.0,749.0,347.0,347.0,1895.0,949.0,1171.9869639406902,722.804235283804,142.47146274236044,159.0,352.96305560332104,-3.898874569484178,352.94152121551883,0.7376626830321935,0.5083843469619751,0.8903168439865112,0.0,0.0,0.0,1.0,0.0,1.0
SNPT-115,1,20.0,0.02156344585542091,0.9640168287924358,0.3867403314917127,1.0,1.0,0.9337016574585635,47.0,408.0,362.0,362.0,1912.0,614.0,27.02535656022371,631.7027783590837,117.59230566338147,20.0,0.11395756146812346,0.8913300846304212,0.058333333333333334,1.0,1.0,0.975,510.0,749.0,240.0,240.0,7.0,591.5,232.0373872204134,516.9997938821375,80.8234282891993,102.0,44.914121311161196,-20.02535656022371,-40.20277835908371,1.4549284551827866,0.893493115901947,0.9772040247917175,1.0,0.0,1.0,1.0,0.0,1.0
SNPT-115,1,14.0,0.019163723001669453,0.9752724906231495,0.29559748427672955,1.0,1.0,0.9056603773584906,108.0,266.0,159.0,159.0,1906.5,564.5,1911.437592017312,661.1544609959462,125.34278756600652,14.0,0.018782247556807075,0.9823748663570104,0.22588832487309646,1.0,1.0,0.9593908629441624,356.0,749.0,394.0,394.0,1907.0,695.5,1026.8084625387896,483.7466447768521,97.81956696956179,90.0,34.63103048410615,-4.437592017311999,34.34553900405376,1.2813672299838441,0.9386213421821594,0.98237144947052,1.0,0.0,1.0,1.0,0.0,1.0
SNPT-115,0,27.0,0.06511379917253243,0.9799461011159218,0.8082191780821918,0.0,1.0,0.863013698630137,155.0,227.0,73.0,73.0,1906.0,686.0,1911.7540811047431,811.3455618661446,155.0690235013187,14.0,0.018782247556807075,0.9823748663570104,0.22588832487309646,1.0,1.0,0.9593908629441624,356.0,749.0,394.0,394.0,1907.0,695.5,1026.8084625387896,483.7466447768521,97.81956696956179,129.0,115.94307004402297,-4.754081104743136,-115.84556186614464,1.5852556733314005,0.6807003021240234,0.8695681095123291,0.0,1.0,1.0,0.0,1.0,1.0
SNPT-115,0,27.0,0.06511379917253243,0.9799461011159218,0.8082191780821918,0.0,1.0,0.863013698630137,155.0,227.0,73.0,73.0,1906.0,686.0,1911.7540811047431,811.3455618661446,155.0690235013187,20.0,0.11395756146812346,0.8913300846304212,0.058333333333333334,1.0,1.0,0.975,510.0,749.0,240.0,240.0,7.0,591.5,232.0373872204134,516.9997938821375,80.8234282891993,283.0,1917.3993273591745,-1904.7540811047431,-219.84556186614464,1.918614772766835,0.6386868953704834,0.8478330969810486,0.0,1.0,1.0,0.0,1.0,1.0
SNPT-115,0,,1.0,0.0,0.0,0.0,1.0,0.8888888888888888,0.0,161.0,162.0,162.0,1012.5,548.0,13.275332455667208,568.4584284360309,110.58229495962854,20.0,0.11395756146812346,0.8913300846304212,0.058333333333333334,1.0,1.0,0.975,510.0,749.0,240.0,240.0,7.0,591.5,232.0373872204134,516.9997938821375,80.8234282891993,349.0,23.880825311673387,-6.275332455667208,23.041571563969114,1.3681960453836133,0.6021373271942139,0.8972058892250061,0.0,0.0,0.0,0.0,1.0,1.0
SNPT-115,0,,1.0,0.0,0.0,1.0,1.0,0.8828828828828829,0.0,110.0,111.0,111.0,274.5,549.5,9.563510043993912,497.2497377190487,104.42061636558512,36.0,0.0012184193583379965,0.9998783071835836,0.023195876288659795,0.0,1.0,0.7731958762886598,362.0,749.0,388.0,388.0,1906.5,659.0,1016.0536426963349,552.6259152505154,95.4264867776533,252.0,1903.8201580702337,1896.9364899560062,161.7502622809513,1.094251919898177,0.7027417421340942,0.8486262559890747,0.0,0.0,0.0,0.0,1.0,1.0
SNPT-115,1,27.0,0.06511379917253243,0.9799461011159218,0.8082191780821918,0.0,1.0,0.863013698630137,155.0,227.0,73.0,73.0,1906.0,686.0,1911.7540811047431,811.3455618661446,155.0690235013187,27.0,0.020044764962733552,0.9964492321014404,0.021333333333333333,0.0,1.0,0.7946666666666666,375.0,749.0,375.0,375.0,1903.5,684.5,1072.6018975768338,636.593589502562,105.31488328383743,148.0,127.11383252825635,-8.254081104743136,-126.84556186614464,1.4724321830503988,0.8750748634338379,0.9417494535446167,1.0,0.0,1.0,1.0,0.0,1.0
SNPT-115,0,14.0,0.019163723001669453,0.9752724906231495,0.29559748427672955,1.0,1.0,0.9056603773584906,108.0,266.0,159.0,159.0,1906.5,564.5,1911.437592017312,661.1544609959462,125.34278756600652,33.0,0.02949771653922653,0.989780695438385,0.1440922190201729,1.0,1.0,0.9769452449567724,403.0,749.0,347.0,347.0,1895.0,949.0,1171.9869639406902,722.804235283804,142.47146274236044,137.0,288.3144962638227,-16.437592017312,287.84553900405376,0.8797746941973305,0.8497170209884644,0.9879157543182373,0.0,1.0,1.0,1.0,0.0,1.0
SNPT-115,0,14.0,0.019163723001669453,0.9752724906231495,0.29559748427672955,1.0,1.0,0.9056603773584906,108.0,266.0,159.0,159.0,1906.5,564.5,1911.437592017312,661.1544609959462,125.34278756600652,36.0,0.0012184193583379965,0.9998783071835836,0.023195876288659795,0.0,1.0,0.7731958762886598,362.0,749.0,388.0,388.0,1906.5,659.0,1016.0536426963349,552.6259152505154,95.4264867776533,96.0,5.3871622504317465,-4.937592017311999,-2.1544609959462377,1.3135010184128348,0.7302865982055664,0.9150176644325256,0.0,1.0,1.0,0.0,1.0,1.0
SNPT-115,0,,1.0,0.0,0.0,1.0,1.0,0.7391304347826086,130.0,244.0,115.0,115.0,1887.0,438.5,1898.8988745694842,596.0584787844812,105.0958814620508,20.0,0.11395756146812346,0.8913300846304212,0.058333333333333334,1.0,1.0,0.975,510.0,749.0,240.0,240.0,7.0,591.5,232.0373872204134,516.9997938821375,80.8234282891993,266.0,1891.9043663267203,-1891.8988745694842,-4.558478784481167,1.3003145707455113,0.5009641051292419,0.8871985673904419,0.0,0.0,0.0,1.0,0.0,1.0
SNPT-115,1,,1.0,0.0,0.0,1.0,1.0,0.7391304347826086,130.0,244.0,115.0,115.0,1887.0,438.5,1898.8988745694842,596.0584787844812,105.0958814620508,15.0,1.1592526137828827,0.6545859575271606,0.0026455026455026454,1.0,0.9932885906040269,0.7883597883597884,372.0,749.0,378.0,378.0,1902.0,583.0,1179.982124118595,414.63231510776393,68.24499244902775,128.0,13.42165590009432,3.101125430515822,-13.058478784481167,1.539979384429517,0.8257333040237427,0.9747833013534546,0.0,0.0,0.0,1.0,0.0,1.0
SNPT-151,0,30.0,0.01816508339713581,0.9885910086441732,0.8214285714285714,1.0,1.0,0.8303571428571429,0.0,335.0,336.0,336.0,949.0,613.0,1909.4174904247466,699.5462223750058,159.3858546160249,3.0,0.00030391063487065405,0.9999735069946504,0.33490566037735847,0.0,1.0,0.7405660377358491,538.0,749.0,212.0,212.0,1876.0,720.5,1718.1817465140068,537.1452792098348,128.85874369646885,203.0,39.4434970945242,-33.417490424746575,20.953777624994245,1.2369036826205886,0.7328589558601379,0.9057114720344543,0.0,1.0,1.0,0.0,1.0,1.0
SNPT-151,0,30.0,0.01816508339713581,0.9885910086441732,0.8214285714285714,1.0,1.0,0.8303571428571429,0.0,335.0,336.0,336.0,949.0,613.0,1909.4174904247466,699.5462223750058,159.3858546160249,,1.0,0.0,0.0,0.0,1.0,0.8392857142857143,526.0,749.0,224.0,224.0,1909.5,342.0,731.8732115495375,283.1171195203211,78.53884615026222,191.0,357.54623189521527,0.08250957525342528,-357.54622237500575,2.0293887983926377,0.7084187269210815,0.8513432145118713,0.0,0.0,0.0,0.0,1.0,1.0
SNPT-151,1,29.0,0.015286888686504036,0.9897330406139482,0.19521178637200737,1.0,1.0,0.9005524861878453,0.0,542.0,543.0,543.0,295.0,457.5,0.011593232419627952,406.3640942467732,122.59783003392756,,1.0,0.0,0.0,1.0,1.0,0.9230769230769231,737.0,749.0,13.0,13.0,10.5,588.0,157.39047654710413,614.7760271069744,149.31589855176864,195.0,181.9384756870226,10.488406767580372,181.63590575322678,0.8210634716263803,0.8065456748008728,0.9701122045516968,0.0,0.0,0.0,1.0,0.0,1.0
SNPT-151,0,30.0,0.01816508339713581,0.9885910086441732,0.8214285714285714,1.0,1.0,0.8303571428571429,0.0,335.0,336.0,336.0,949.0,613.0,1909.4174904247466,699.5462223750058,159.3858546160249,6.0,0.0007834889772571582,0.9894754671388202,0.127208480565371,0.0,0.9826086956521739,0.8127208480565371,461.0,749.0,289.0,283.0,1912.0,697.0,1027.2358260465585,487.8660043829291,126.35558146886082,126.0,3.626651911785245,2.5825095752534253,-2.5462223750057547,1.2614073138930082,0.7674247026443481,0.8737733364105225,0.0,1.0,1.0,0.0,1.0,1.0
SNPT-151,0,10.0,0.009949621428994871,0.9979138975603539,0.6627906976744186,1.0,1.0,0.7325581395348837,0.0,171.0,172.0,172.0,895.0,909.5,961.8473246982905,1071.5275594222903,166.62526982003513,3.0,0.00030391063487065405,0.9999735069946504,0.33490566037735847,0.0,1.0,0.7405660377358491,538.0,749.0,212.0,212.0,1876.0,720.5,1718.1817465140068,537.1452792098348,128.85874369646885,367.0,979.2320773112175,914.1526753017095,-351.0275594222903,1.29308469910685,0.7619753479957581,0.8630180954933167,0.0,1.0,1.0,0.0,1.0,1.0
SNPT-151,0,10.0,0.0019771427126452972,0.999774078960004,0.26136363636363635,0.0,1.0,0.8125,0.0,373.0,374.0,352.0,1530.5,409.0,1914.0627926396724,336.77291450487377,111.84440618250345,,1.0,0.0,0.0,0.0,1.0,0.8812785388127854,531.0,749.0,219.0,219.0,1908.0,404.0,1088.865977802889,329.4374652319974,93.60069838700426,158.0,67.49991465743254,-6.062792639672352,67.22708549512623,1.194909953770518,0.7956784963607788,0.9851163625717163,0.0,0.0,0.0,1.0,0.0,1.0
SNPT-151,1,14.0,0.0008493984560596276,0.9991444762708362,0.5409836065573771,0.0,1.0,0.8779599271402551,0.0,548.0,549.0,549.0,1051.0,603.0,23.365030589473093,701.8666821539557,134.30956349348418,,1.0,0.0,0.0,0.0,1.0,0.875,670.0,749.0,80.0,80.0,12.5,814.0,347.06217440002877,607.7133460274235,153.5137565432666,122.0,112.65846555351348,-10.865030589473093,112.13331784604429,0.8749024616281221,0.8217101097106934,0.9740344285964966,0.0,0.0,0.0,1.0,0.0,1.0
SNPT-151,0,29.0,0.015286888686504036,0.9897330406139482,0.19521178637200737,1.0,1.0,0.9005524861878453,0.0,542.0,543.0,543.0,295.0,457.5,0.011593232419627952,406.3640942467732,122.59783003392756,10.0,0.06121449316058369,0.9736892647213407,0.22388059701492538,1.0,1.0,0.9751243781094527,549.0,749.0,201.0,201.0,1907.5,703.5,1668.2636801889903,548.5399245310539,128.75361262243322,7.0,1930.492623254622,1907.4884067675803,297.1359057532268,0.9521894379262402,0.7854208946228027,0.9865676164627075,0.0,1.0,1.0,1.0,0.0,1.0
SNPT-151,0,,1.0,0.0,0.0,1.0,1.0,0.8780487804878049,180.0,220.0,41.0,41.0,9.0,400.0,5.25554109211777,433.9700530501269,117.25700274076485,30.0,0.20898880391743863,0.8756082231799761,0.056074766355140186,1.0,1.0,0.8738317757009346,536.0,749.0,214.0,214.0,1905.5,710.5,910.8087189711695,460.2596474714387,121.13336015694115,316.0,1920.259830119406,1900.2444589078823,276.5299469498731,0.9679992579157874,0.6148834228515625,0.9800949096679688,0.0,0.0,0.0,1.0,0.0,1.0
SNPT-151,0,26.0,0.008981924776137785,0.9810237533279828,0.5029940119760479,0.0,1.0,0.9820359281437125,0.0,166.0,167.0,167.0,1719.0,479.0,1912.1332714653722,509.55882761036395,126.14302277567425,,1.0,0.0,0.0,0.0,1.0,0.8812785388127854,531.0,749.0,219.0,219.0,1908.0,404.0,1088.865977802889,329.4374652319974,93.60069838700426,365.0,105.63971800171086,-4.133271465372218,-105.55882761036395,1.3476718117435356,0.7232885956764221,0.9567121267318726,0.0,0.0,0.0,1.0,0.0,1.0
SNPT-151,0,,1.0,0.0,0.0,0.0,1.0,0.8421052631578947,402.0,535.0,134.0,114.0,7.0,247.0,6.635219615522459,313.9812250683883,81.13791977789855,,1.0,0.0,0.0,0.0,1.0,0.8640776699029126,544.0,749.0,206.0,206.0,1911.5,319.5,1171.3759346372226,210.54187664220012,63.1045477036703,9.0,1904.872774866067,1904.8647803844776,5.518774931611688,1.2857697698573218,0.5737998485565186,0.9249883890151978,0.0,0.0,0.0,1.0,0.0,1.0
SNPT-151,1,26.0,0.008981924776137785,0.9810237533279828,0.5029940119760479,0.0,1.0,0.9820359281437125,0.0,166.0,167.0,167.0,1719.0,479.0,1912.1332714653722,509.55882761036395,126.14302277567425,26.0,0.17413867598770594,0.8029318976402283,0.10330578512396695,0.0,1.0,0.8471074380165289,508.0,749.0,242.0,242.0,1907.0,454.0,957.825341777687,404.58997355325766,102.42820111763963,342.0,55.795463985662344,-5.133271465372218,-55.55882761036395,1.231526292556851,0.9325059652328491,0.961340606212616,1.0,0.0,0.0,1.0,0.0,1.0
SNPT-151,0,5.0,0.6627074480056763,0.7298700213432312,0.007246376811594203,1.0,1.0,0.9347826086956522,383.0,520.0,138.0,138.0,8.0,545.5,7.003118834742107,424.46039955079766,112.64254054721889,11.0,0.02443628120011159,0.9953953988022275,0.46153846153846156,1.0,1.0,0.8461538461538461,594.0,749.0,156.0,156.0,14.0,976.5,1305.6748180329387,787.6595143344406,192.47678410689352,74.0,552.0839400038328,6.996881165257893,552.0396004492023,0.5852266343179443,0.5491606593132019,0.9610363245010376,0.0,1.0,0.0,1.0,0.0,1.0
SNPT-151,1,11.0,0.0011621686369964294,0.9998510643444231,0.5621890547263682,1.0,1.0,0.7661691542288557,342.0,550.0,209.0,201.0,6.5,987.5,9.644246313756181,690.4055850594377,181.9165627400756,11.0,0.02443628120011159,0.9953953988022275,0.46153846153846156,1.0,1.0,0.8461538461538461,594.0,749.0,156.0,156.0,14.0,976.5,1305.6748180329387,787.6595143344406,192.47678410689352,44.0,286.12757093708717,4.355753686243819,286.0944149405623,0.9451350903652191,0.7801474928855896,0.9476590752601624,1.0,0.0,1.0,1.0,0.0,1.0
SNPT-151,0,,1.0,0.0,0.0,1.0,1.0,0.8780487804878049,180.0,220.0,41.0,41.0,9.0,400.0,5.25554109211777,433.9700530501269,117.25700274076485,,1.0,0.0,0.0,0.0,1.0,0.875,670.0,749.0,80.0,80.0,12.5,814.0,347.06217440002877,607.7133460274235,153.5137565432666,450.0,380.0989907426634,7.24445890788223,380.0299469498731,0.7638208156786062,0.6013845205307007,0.911262035369873,0.0,0.0,0.0,0.0,1.0,1.0
SNPT-151,1,10.0,0.0019771427126452972,0.999774078960004,0.26136363636363635,0.0,1.0,0.8125,0.0,373.0,374.0,352.0,1530.5,409.0,1914.0627926396724,336.77291450487377,111.84440618250345,,1.0,0.0,0.0,0.0,0.9841269841269841,0.7777777777777778,507.0,749.0,243.0,243.0,1902.5,340.0,417.93016088036273,352.480553646922,95.74612646407842,134.0,12.004676356358601,-11.562792639672352,3.227085495126232,1.1681350495621847,0.8543541431427002,0.9876546263694763,0.0,0.0,0.0,1.0,0.0,1.0
SNPT-151,0,6.0,0.0001974860799516766,0.9999840901448176,0.052845528455284556,0.0,1.0,0.8780487804878049,0.0,245.0,246.0,246.0,1689.0,559.0,1910.0477666806732,666.8274277186445,147.89157634438737,,1.0,0.0,0.0,0.0,1.0,0.788135593220339,514.0,749.0,236.0,236.0,1909.5,273.0,441.45928800901504,226.97541928790625,65.42714409176146,269.0,393.8278086573123,-0.5477666806732486,-393.82742771864446,2.2604009145954724,0.7909597754478455,0.941861629486084,0.0,0.0,0.0,1.0,0.0,1.0
SNPT-151,1,10.0,0.009949621428994871,0.9979138975603539,0.6627906976744186,1.0,1.0,0.7325581395348837,0.0,171.0,172.0,172.0,895.0,909.5,961.8473246982905,1071.5275594222903,166.62526982003513,10.0,0.06121449316058369,0.9736892647213407,0.22388059701492538,1.0,1.0,0.9751243781094527,549.0,749.0,201.0,201.0,1907.5,703.5,1668.2636801889903,548.5399245310539,128.75361262243322,378.0,1014.7429560236463,945.6526753017095,-368.0275594222903,1.2941405404185404,0.7744039297103882,0.8837001323699951,1.0,0.0,1.0,1.0,0.0,1.0
SNPT-151,0,5.0,0.6627074480056763,0.7298700213432312,0.007246376811594203,1.0,1.0,0.9347826086956522,383.0,520.0,138.0,138.0,8.0,545.5,7.003118834742107,424.46039955079766,112.64254054721889,30.0,0.20898880391743863,0.8756082231799761,0.056074766355140186,1.0,1.0,0.8738317757009346,536.0,749.0,214.0,214.0,1905.5,710.5,910.8087189711695,460.2596474714387,121.13336015694115,16.0,1919.9242330934183,1898.496881165258,286.03960044920234,0.9299051921062744,0.555079460144043,0.9801771640777588,0.0,1.0,0.0,1.0,0.0,1.0
SNPT-151,1,,1.0,0.0,0.0,1.0,1.0,0.5967741935483871,0.0,371.0,372.0,372.0,980.5,273.5,1901.1716839919548,314.06090635428933,83.06180055914534,,1.0,0.0,0.0,1.0,1.0,0.763265306122449,505.0,749.0,245.0,245.0,1903.0,189.0,83.53565885684927,189.63553853109164,63.527146499854496,134.0,125.07427008614361,1.828316008045249,-125.06090635428933,1.3075008895501954,0.8930063247680664,0.9369868636131287,0.0,0.0,0.0,1.0,0.0,1.0
SNPT-151,1,,1.0,0.0,0.0,1.0,1.0,0.8780487804878049,180.0,220.0,41.0,41.0,9.0,400.0,5.25554109211777,433.9700530501269,117.25700274076485,,1.0,0.0,0.0,1.0,1.0,0.9103139013452914,315.0,543.0,229.0,223.0,9.5,440.0,27.144524530450994,298.58047903735724,87.61193901626172,95.0,7.373987499242486,4.24445890788223,6.029946949873079,1.3383678532557155,0.8770928978919983,0.9842797517776489,0.0,0.0,0.0,1.0,0.0,1.0
SNPT-151,1,30.0,0.01816508339713581,0.9885910086441732,0.8214285714285714,1.0,1.0,0.8303571428571429,0.0,335.0,336.0,336.0,949.0,613.0,1909.4174904247466,699.5462223750058,159.3858546160249,30.0,0.20898880391743863,0.8756082231799761,0.056074766355140186,1.0,1.0,0.8738317757009346,536.0,749.0,214.0,214.0,1905.5,710.5,910.8087189711695,460.2596474714387,121.13336015694115,201.0,11.633227217148546,-3.9174904247465747,10.953777624994245,1.3157882717818077,0.8609098196029663,0.9268258810043335,1.0,0.0,0.0,1.0,0.0,1.0
SNPT-151,0,23.0,0.000822729263745714,0.8326163649559021,0.015015015015015015,0.0,1.0,0.7057057057057057,0.0,349.0,350.0,333.0,1715.0,298.0,1903.9796584961998,394.4079703884332,86.72522464904928,6.0,0.12286005523637869,0.8898219242691994,0.10212765957446808,1.0,1.0,0.8638297872340426,515.0,749.0,235.0,235.0,1907.5,362.5,160.81539966564668,367.46844868650544,92.92172538257871,166.0,32.10157906727502,3.520341503800182,-31.907970388433228,0.9333148334469995,0.5959616899490356,0.935675859451294,0.0,1.0,1.0,0.0,1.0,1.0
SNPT-151,0,10.0,0.009949621428994871,0.9979138975603539,0.6627906976744186,1.0,1.0,0.7325581395348837,0.0,171.0,172.0,172.0,895.0,909.5,961.8473246982905,1071.5275594222903,166.62526982003513,,1.0,0.0,0.0,0.0,1.0,0.788135593220339,514.0,749.0,236.0,236.0,1909.5,273.0,441.45928800901504,226.97541928790625,65.42714409176146,343.0,1239.2303483063213,947.6526753017095,-798.5275594222903,2.546729986966013,0.7456064820289612,0.8196769952774048,0.0,0.0,0.0,0.0,1.0,1.0
SNPT-151,1,9.0,0.01241666825374593,0.9833260980653175,0.32926829268292684,1.0,1.0,0.8943089430894309,0.0,245.0,246.0,246.0,1042.5,484.0,1910.3047257327848,626.6872200676979,129.56428791412557,,1.0,0.0,0.0,1.0,1.0,0.8918918918918919,528.0,749.0,222.0,222.0,1900.0,392.5,948.8558694790254,307.03054015436794,90.33349191621015,283.0,234.41382513722243,-10.304725732784846,-234.18722006769792,1.4342884921829921,0.8633302450180054,0.9773528575897217,0.0,0.0,0.0,1.0,0.0,1.0
SNPT-151,0,,1.0,0.0,0.0,0.0,1.0,0.8421052631578947,402.0,535.0,134.0,114.0,7.0,247.0,6.635219615522459,313.9812250683883,81.13791977789855,3.0,0.00030391063487065405,0.9999735069946504,0.33490566037735847,0.0,1.0,0.7405660377358491,538.0,749.0,212.0,212.0,1876.0,720.5,1718.1817465140068,537.1452792098348,128.85874369646885,3.0,1913.0557222709967,1869.3647803844776,406.5187749316117,0.6296656125177014,0.6789606809616089,0.8936235904693604,0.0,0.0,0.0,1.0,0.0,1.0
SNPT-151,0,,1.0,0.0,0.0,1.0,1.0,0.5967741935483871,0.0,371.0,372.0,372.0,980.5,273.5,1901.1716839919548,314.06090635428933,83.06180055914534,11.0,0.02443628120011159,0.9953953988022275,0.46153846153846156,1.0,1.0,0.8461538461538461,594.0,749.0,156.0,156.0,14.0,976.5,1305.6748180329387,787.6595143344406,192.47678410689352,223.0,2000.0606284938417,-1887.1716839919548,662.4390936457107,0.43154191787107327,0.6340811252593994,0.9414043426513672,0.0,0.0,0.0,1.0,0.0,1.0
SNPT-151,1,,1.0,0.0,0.0,1.0,1.0,0.6589147286821705,0.0,257.0,258.0,258.0,910.0,387.0,1912.5824437247386,496.6748675062433,100.81337924387535,6.0,0.12286005523637869,0.8898219242691994,0.10212765957446808,1.0,1.0,0.8638297872340426,515.0,749.0,235.0,235.0,1907.5,362.5,160.81539966564668,367.46844868650544,92.92172538257871,258.0,134.2710925870981,-5.082443724738596,-134.1748675062433,1.0849279738274875,0.8965051770210266,0.9402607679367065,0.0,0.0,0.0,1.0,0.0,1.0
SNPT-151,0,10.0,0.009949621428994871,0.9979138975603539,0.6627906976744186,1.0,1.0,0.7325581395348837,0.0,171.0,172.0,172.0,895.0,909.5,961.8473246982905,1071.5275594222903,166.62526982003513,,1.0,0.0,0.0,0.0,1.0,0.875,670.0,749.0,80.0,80.0,12.5,814.0,347.06217440002877,607.7133460274235,153.5137565432666,499.0,983.6568440130952,-949.3473246982905,-257.5275594222903,1.0854093702871062,0.7375409603118896,0.8503075242042542,0.0,0.0,0.0,0.0,1.0,1.0
SNPT-151,0,9.0,0.01241666825374593,0.9833260980653175,0.32926829268292684,1.0,1.0,0.8943089430894309,0.0,245.0,246.0,246.0,1042.5,484.0,1910.3047257327848,626.6872200676979,129.56428791412557,,1.0,0.0,0.0,1.0,1.0,0.763265306122449,505.0,749.0,245.0,245.0,1903.0,189.0,83.53565885684927,189.63553853109164,63.527146499854496,260.0,437.7481714737603,-7.304725732784846,-437.6872200676979,2.039510588035342,0.5725663900375366,0.9480100870132446,0.0,0.0,0.0,1.0,0.0,1.0
SNPT-151,0,,1.0,0.0,0.0,1.0,1.0,0.6589147286821705,0.0,257.0,258.0,258.0,910.0,387.0,1912.5824437247386,496.6748675062433,100.81337924387535,,1.0,0.0,0.0,0.0,0.9841269841269841,0.7777777777777778,507.0,749.0,243.0,243.0,1902.5,340.0,417.93016088036273,352.480553646922,95.74612646407842,250.0,156.99894833903,-10.082443724738596,-156.6748675062433,1.0529238410673254,0.7252645492553711,0.8705341219902039,0.0,0.0,0.0,0.0,1.0,1.0
SNPT-151,1,23.0,0.000822729263745714,0.8326163649559021,0.015015015015015015,0.0,1.0,0.7057057057057057,0.0,349.0,350.0,333.0,1715.0,298.0,1903.9796584961998,394.4079703884332,86.72522464904928,,1.0,0.0,0.0,0.0,1.0,0.788135593220339,514.0,749.0,236.0,236.0,1909.5,273.0,441.45928800901504,226.97541928790625,65.42714409176146,165.0,121.53340875725185,5.520341503800182,-121.40797038843323,1.3255236164277213,0.6994961500167847,0.9783355593681335,0.0,0.0,0.0,1.0,0.0,1.0
SNPT-151,0,14.0,0.0008493984560596276,0.9991444762708362,0.5409836065573771,0.0,1.0,0.8779599271402551,0.0,548.0,549.0,549.0,1051.0,603.0,23.365030589473093,701.8666821539557,134.30956349348418,,1.0,0.0,0.0,1.0,1.0,0.9230769230769231,737.0,749.0,13.0,13.0,10.5,588.0,157.39047654710413,614.7760271069744,149.31589855176864,189.0,114.59114414656158,-12.865030589473093,-113.86668215395571,0.8994994156427242,0.6876969337463379,0.888841986656189,0.0,0.0,0.0,0.0,1.0,1.0
SNPT-151,0,10.0,0.0019771427126452972,0.999774078960004,0.26136363636363635,0.0,1.0,0.8125,0.0,373.0,374.0,352.0,1530.5,409.0,1914.0627926396724,336.77291450487377,111.84440618250345,10.0,0.06121449316058369,0.9736892647213407,0.22388059701492538,1.0,1.0,0.9751243781094527,549.0,749.0,201.0,201.0,1907.5,703.5,1668.2636801889903,548.5399245310539,128.75361262243322,176.0,366.78580327349226,-6.562792639672352,366.72708549512623,0.8686700427620963,0.6742802858352661,0.9475630521774292,1.0,0.0,1.0,0.0,1.0,1.0
SNPT-151,0,26.0,0.008981924776137785,0.9810237533279828,0.5029940119760479,0.0,1.0,0.9820359281437125,0.0,166.0,167.0,167.0,1719.0,479.0,1912.1332714653722,509.55882761036395,126.14302277567425,,1.0,0.0,0.0,0.0,1.0,0.8392857142857143,526.0,749.0,224.0,224.0,1909.5,342.0,731.8732115495375,283.1171195203211,78.53884615026222,360.0,167.57951792737086,-2.633271465372218,-167.55882761036395,1.6061226890745848,0.756417989730835,0.9459243416786194,0.0,0.0,0.0,1.0,0.0,1.0
SNPT-151,1,6.0,0.0001974860799516766,0.9999840901448176,0.052845528455284556,0.0,1.0,0.8780487804878049,0.0,245.0,246.0,246.0,1689.0,559.0,1910.0477666806732,666.8274277186445,147.89157634438737,6.0,0.0007834889772571582,0.9894754671388202,0.127208480565371,0.0,0.9826086956521739,0.8127208480565371,461.0,749.0,289.0,283.0,1912.0,697.0,1027.2358260465585,487.8660043829291,126.35558146886082,216.0,30.235663263879534,1.9522333193267514,30.172572281355542,1.1704396008880218,0.9129149317741394,0.9795069694519043,1.0,0.0,1.0,1.0,0.0,1.0
SNPT-151,0,10.0,0.009949621428994871,0.9979138975603539,0.6627906976744186,1.0,1.0,0.7325581395348837,0.0,171.0,172.0,172.0,895.0,909.5,961.8473246982905,1071.5275594222903,166.62526982003513,,1.0,0.0,0.0,1.0,1.0,0.763265306122449,505.0,749.0,245.0,245.0,1903.0,189.0,83.53565885684927,189.63553853109164,63.527146499854496,334.0,1290.2027946673459,941.1526753017095,-882.5275594222903,2.6228986976522983,0.5873454809188843,0.7861811518669128,0.0,0.0,0.0,1.0,0.0,1.0
SNPT-151,0,10.0,0.0019771427126452972,0.999774078960004,0.26136363636363635,0.0,1.0,0.8125,0.0,373.0,374.0,352.0,1530.5,409.0,1914.0627926396724,336.77291450487377,111.84440618250345,5.0,0.6627074480056763,0.7298700213432312,0.007246376811594203,1.0,1.0,0.9347826086956522,383.0,520.0,138.0,138.0,8.0,545.5,7.003118834742107,424.46039955079766,112.64254054721889,10.0,1917.4572656788564,-1906.0627926396724,208.72708549512623,0.9929144498975423,0.7312512397766113,0.9346882104873657,0.0,1.0,0.0,0.0,1.0,1.0
SNPT-151,0,10.0,0.0019771427126452972,0.999774078960004,0.26136363636363635,0.0,1.0,0.8125,0.0,373.0,374.0,352.0,1530.5,409.0,1914.0627926396724,336.77291450487377,111.84440618250345,,1.0,0.0,0.0,1.0,1.0,0.763265306122449,505.0,749.0,245.0,245.0,1903.0,189.0,83.53565885684927,189.63553853109164,63.527146499854496,132.0,148.1864354192148,-11.062792639672352,-147.77291450487377,1.760576577806145,0.721466064453125,0.9013420939445496,0.0,0.0,0.0,0.0,1.0,1.0
SNPT-152,1,26.0,0.05214249742919063,0.9718342292308807,0.1610305958132045,0.0,1.0,0.8470209339774557,0.0,620.0,621.0,621.0,919.5,452.5,7.476490827153845,590.1356934224129,110.26173085460782,,1.0,0.0,0.0,0.0,1.0,0.7368421052631579,731.0,749.0,19.0,19.0,4.701719392268302,579.1388298436223,75.63819177334047,523.4427883771297,127.2698214899117,111.0,11.341532748548133,-2.774771434885543,-10.99686357879068,0.8663619510407495,0.9597904682159424,0.9705977439880371,0.0,0.0,0.0,1.0,0.0,1.0
SNPT-152,0,6.0,0.009966164999878992,0.9956224893016377,0.2824675324675325,1.0,1.0,0.8571428571428571,0.0,615.0,616.0,616.0,534.5,525.0,5.583319014727561,592.6734609189223,126.23454412681888,,1.0,0.0,0.0,0.0,1.0,0.7368421052631579,731.0,749.0,19.0,19.0,4.701719392268302,579.1388298436223,75.63819177334047,523.4427883771297,127.2698214899117,116.0,13.56331287845256,-0.8815996224592588,-13.534631075300013,0.9918654921412388,0.5368324518203735,0.9156569838523865,0.0,0.0,0.0,0.0,1.0,1.0
SNPT-152,0,5.0,0.11701292273743699,0.9253568244286072,0.05660377358490566,1.0,0.9893238434163701,0.8156748911465893,12.0,700.0,689.0,689.0,9.5,506.0,15.410165272531657,639.3173418299872,107.94695533515082,,1.0,0.0,0.0,0.0,1.0,0.7368421052631579,731.0,749.0,19.0,19.0,4.701719392268302,579.1388298436223,75.63819177334047,523.4427883771297,127.2698214899117,31.0,61.12384246808766,-10.708445880263355,-60.178511986364924,0.8481740138506241,0.5888736248016357,0.9222938418388367,0.0,0.0,0.0,0.0,1.0,1.0
SNPT-153,1,,1.0,0.0,0.0,0.0,1.0,0.88,363.0,462.0,100.0,100.0,1913.0,607.0,15.489070876754585,513.1526488779301,111.1372195505649,,1.0,0.0,0.0,0.0,1.0,0.8152173913043478,658.0,749.0,92.0,92.0,11.5,512.0,1175.4823647143348,577.9248821271773,125.23824905689118,196.0,4.152262744042718,-3.9890708767545853,-1.152648877930119,0.887406366565212,0.9217342138290405,0.9718732833862305,0.0,0.0,0.0,1.0,0.0,1.0
SNPT-153,0,,1.0,0.0,0.0,0.0,0.9852941176470589,0.9315068493150684,0.0,113.0,114.0,73.0,1267.0,465.5,1903.3291127569446,461.4849846844247,82.31298352632787,30.0,0.17485116279007903,0.8844689113252303,0.0413625304136253,0.0,1.0,0.8272506082725061,314.0,724.0,411.0,411.0,1900.0,642.0,1907.893006800297,654.1731024172121,114.55805218021706,201.0,180.54571096021868,-3.329112756944596,180.51501531557528,0.7185263886718077,0.8859394192695618,0.9848818182945251,0.0,0.0,0.0,1.0,0.0,1.0
SNPT-153,0,,1.0,0.0,0.0,0.0,0.9852941176470589,0.9315068493150684,0.0,113.0,114.0,73.0,1267.0,465.5,1903.3291127569446,461.4849846844247,82.31298352632787,11.0,0.030736095881374555,0.983249277281006,0.6737804878048781,0.0,1.0,0.8170731707317073,422.0,749.0,328.0,328.0,12.5,1003.0,1514.748072004989,620.7147195174348,153.86135528762003,309.0,1966.8434725370096,-1890.8291127569446,541.5150153155753,0.5349815317332703,0.8463248610496521,0.9100343585014343,0.0,0.0,0.0,1.0,0.0,1.0
SNPT-153,0,5.0,0.00047347481850010806,0.999957937002182,0.05319148936170213,0.0,1.0,0.8882978723404256,0.0,187.0,188.0,188.0,705.5,583.5,8.404450135820408,652.9676170966867,146.69065581114089,11.0,0.030736095881374555,0.983249277281006,0.6737804878048781,0.0,1.0,0.8170731707317073,422.0,749.0,328.0,328.0,12.5,1003.0,1514.748072004989,620.7147195174348,153.86135528762003,235.0,350.05634205033584,4.095549864179592,350.0323829033133,0.9533950584077813,0.7574472427368164,0.9470625519752502,0.0,1.0,1.0,1.0,0.0,1.0
SNPT-153,1,5.0,0.00047347481850010806,0.999957937002182,0.05319148936170213,0.0,1.0,0.8882978723404256,0.0,187.0,188.0,188.0,705.5,583.5,8.404450135820408,652.9676170966867,146.69065581114089,,1.0,0.0,0.0,0.0,1.0,0.9354838709677419,688.0,749.0,62.0,62.0,19.0,669.5,776.606764950214,624.9027286982068,154.9901871732201,501.0,19.636327594183243,10.595549864179592,16.532382903313305,0.9464512462792015,0.7419949173927307,0.8952025175094604,0.0,0.0,0.0,1.0,0.0,1.0
SNPT-153,0,,1.0,0.0,0.0,1.0,1.0,0.8974358974358975,282.0,320.0,39.0,39.0,11.5,476.5,7.2501285049565105,429.9724170133263,98.315409934774,,1.0,0.0,0.0,0.0,1.0,0.8636363636363636,706.0,749.0,44.0,44.0,13.5,592.0,610.2586163093989,614.7428275441725,124.17898773167458,386.0,162.14807597442527,6.2498714950434895,162.02758298667368,0.7917233964510446,0.6452096104621887,0.8763183355331421,0.0,0.0,0.0,0.0,1.0,1.0
SNPT-153,0,14.0,0.6558280140161514,0.8584359884262085,0.008928571428571428,1.0,0.9714285714285714,0.9375,0.0,111.0,112.0,112.0,952.0,439.0,1899.2221116785622,449.440929626921,90.561813621634,,1.0,0.0,0.0,0.0,1.0,0.88,363.0,462.0,100.0,100.0,1913.0,607.0,15.489070876754585,513.1526488779301,111.1372195505649,252.0,158.16033277477283,13.777888321437786,157.559070373079,0.8148648489485599,0.7066409587860107,0.9472959637641907,0.0,0.0,0.0,0.0,1.0,1.0
SNPT-153,0,,1.0,0.0,0.0,0.0,0.9852941176470589,0.9315068493150684,0.0,113.0,114.0,73.0,1267.0,465.5,1903.3291127569446,461.4849846844247,82.31298352632787,10.0,0.14388218359090388,0.9129821743283953,0.017369727047146403,1.0,0.6584022038567493,0.9007444168734491,347.0,749.0,403.0,403.0,1909.0,428.5,789.1394258699338,478.2961614928047,66.16585102319209,234.0,33.468913587912915,5.670887243055404,-32.98498468442472,1.2440402753601094,0.8520320653915405,0.9725706577301025,0.0,0.0,0.0,0.0,1.0,0.0
SNPT-153,0,14.0,0.6558280140161514,0.8584359884262085,0.008928571428571428,1.0,0.9714285714285714,0.9375,0.0,111.0,112.0,112.0,952.0,439.0,1899.2221116785622,449.440929626921,90.561813621634,11.0,0.030736095881374555,0.983249277281006,0.6737804878048781,0.0,1.0,0.8170731707317073,422.0,749.0,328.0,328.0,12.5,1003.0,1514.748072004989,620.7147195174348,153.86135528762003,311.0,1966.2522653741864,-1886.7221116785622,553.5590703730791,0.5885936299751336,0.7514464855194092,0.8964006900787354,0.0,1.0,0.0,0.0,1.0,1.0
SNPT-153,0,1.0,0.12626083435947602,0.9384216257071091,0.271889400921659,1.0,1.0,0.8663594470046083,0.0,216.0,217.0,217.0,546.5,495.5,3.5300808484956505,480.32132313243244,111.1497133637291,,1.0,0.0,0.0,0.0,1.0,0.88,363.0,462.0,100.0,100.0,1913.0,607.0,15.489070876754585,513.1526488779301,111.1372195505649,147.0,1913.667384713804,1909.4699191515044,126.67867686756756,1.000112417902974,0.7119505405426025,0.8962556719779968,0.0,0.0,0.0,0.0,1.0,1.0
SNPT-153,1,1.0,0.12626083435947602,0.9384216257071091,0.271889400921659,1.0,1.0,0.8663594470046083,0.0,216.0,217.0,217.0,546.5,495.5,3.5300808484956505,480.32132313243244,111.1497133637291,,1.0,0.0,0.0,1.0,1.0,0.8974358974358975,282.0,320.0,39.0,39.0,11.5,476.5,7.2501285049565105,429.9724170133263,98.315409934774,66.0,8.838671945715548,7.9699191515043495,-3.8213231324324397,1.1305421341117314,0.9205660223960876,0.9601581692695618,0.0,0.0,0.0,1.0,0.0,1.0
SNPT-153,1,11.0,0.022198223806089327,0.9956208375784067,0.11403508771929824,0.0,1.0,0.9385964912280702,0.0,113.0,114.0,114.0,927.0,654.0,12.290676747594183,887.3156666973738,158.92441576774237,11.0,0.030736095881374555,0.983249277281006,0.6737804878048781,0.0,1.0,0.8170731707317073,422.0,749.0,328.0,328.0,12.5,1003.0,1514.748072004989,620.7147195174348,153.86135528762003,309.0,115.68452268085437,0.20932325240581662,115.68433330262621,1.0329066416362818,0.8959463834762573,0.9805200099945068,1.0,0.0,1.0,1.0,0.0,1.0
SNPT-153,1,22.0,0.00033927079437576354,0.9999737115133376,0.053164556962025315,0.0,1.0,0.8886075949367088,0.0,394.0,395.0,395.0,1172.0,489.0,5.805556666604755,484.10072248673487,99.72575867210848,,1.0,0.0,0.0,0.0,1.0,0.8636363636363636,706.0,749.0,44.0,44.0,13.5,592.0,610.2586163093989,614.7428275441725,124.17898773167458,312.0,108.17328018552193,7.694443333395245,107.89927751326513,0.8030807827778035,0.8218200206756592,0.9445698857307434,0.0,0.0,0.0,1.0,0.0,1.0
SNPT-153,1,14.0,0.6558280140161514,0.8584359884262085,0.008928571428571428,1.0,0.9714285714285714,0.9375,0.0,111.0,112.0,112.0,952.0,439.0,1899.2221116785622,449.440929626921,90.561813621634,9.0,0.04614017555112233,0.9722693424139704,0.20363636363636364,1.0,1.0,0.9054545454545454,187.0,470.0,284.0,275.0,1912.5,536.5,9.118811670883556,341.8309397512436,93.9080567154522,76.0,88.06579388446627,13.277888321437786,87.05907037307901,0.9643668156827316,0.881482720375061,0.9872848987579346,0.0,1.0,0.0,1.0,0.0,1.0
SNPT-153,0,,1.0,0.0,0.0,0.0,0.9852941176470589,0.9315068493150684,0.0,113.0,114.0,73.0,1267.0,465.5,1903.3291127569446,461.4849846844247,82.31298352632787,,1.0,0.0,0.0,0.0,1.0,0.88,363.0,462.0,100.0,100.0,1913.0,607.0,15.489070876754585,513.1526488779301,111.1372195505649,250.0,145.8360234728032,9.670887243055404,145.51501531557528,0.7406428184833016,0.8580084443092346,0.9793164134025574,0.0,0.0,0.0,1.0,0.0,1.0
SNPT-153,0,11.0,0.022198223806089327,0.9956208375784067,0.11403508771929824,0.0,1.0,0.9385964912280702,0.0,113.0,114.0,114.0,927.0,654.0,12.290676747594183,887.3156666973738,158.92441576774237,,1.0,0.0,0.0,0.0,1.0,0.9130434782608695,218.0,470.0,253.0,253.0,1907.0,426.5,13.890309661443116,250.54348826754057,70.0803631618173,105.0,1949.9421781923006,1894.7093232524057,-460.8156666973738,2.267745322620289,0.8106552362442017,0.9514424800872803,0.0,0.0,0.0,1.0,0.0,1.0
SNPT-153,1,11.0,0.022198223806089327,0.9956208375784067,0.11403508771929824,0.0,1.0,0.9385964912280702,0.0,113.0,114.0,114.0,927.0,654.0,12.290676747594183,887.3156666973738,158.92441576774237,11.0,0.03220636393790402,0.9933125244246589,0.6666666666666666,0.0,1.0,0.7777777777777778,290.0,316.0,27.0,27.0,7.0,1033.0,10.649184212147777,956.1912084898904,149.40310610535946,177.0,145.78036983859732,-5.290676747594183,145.68433330262621,1.063728994065682,0.8427357077598572,0.9380178451538086,1.0,0.0,1.0,1.0,0.0,1.0
SNPT-153,0,,1.0,0.0,0.0,1.0,1.0,0.8974358974358975,282.0,320.0,39.0,39.0,11.5,476.5,7.2501285049565105,429.9724170133263,98.315409934774,26.0,0.054760974572083204,0.9286575353831696,0.3270588235294118,1.0,1.0,0.8470588235294118,325.0,749.0,425.0,425.0,1901.5,530.0,412.91783169014036,530.5559430153093,106.52991334237491,5.0,1896.8890565916458,1894.2498714950434,100.02758298667368,0.9228901709400584,0.5411338806152344,0.914371907711029,0.0,0.0,0.0,1.0,0.0,1.0
SNPT-153,0,1.0,0.12626083435947602,0.9384216257071091,0.271889400921659,1.0,1.0,0.8663594470046083,0.0,216.0,217.0,217.0,546.5,495.5,3.5300808484956505,480.32132313243244,111.1497133637291,6.0,0.004189349887602177,0.9972962989088368,0.6238532110091743,1.0,0.9971830985915493,0.8142201834862385,314.0,749.0,436.0,436.0,1903.5,738.5,666.9902024786818,546.0401459102654,119.5910656788692,98.0,1917.431073824992,1899.9699191515044,258.17867686756756,0.9294148583155271,0.6141749620437622,0.8947957158088684,0.0,1.0,1.0,1.0,0.0,1.0
SNPT-153,0,11.0,0.03220636393790402,0.9933125244246589,0.6666666666666666,0.0,1.0,0.7777777777777778,290.0,316.0,27.0,27.0,7.0,1033.0,10.649184212147777,956.1912084898904,149.40310610535946,,1.0,0.0,0.0,0.0,0.6344647519582245,0.8990610328638498,324.0,749.0,426.0,426.0,1908.0,446.5,1260.0076256065602,572.1274011812346,85.8907810608775,8.0,1964.6183461890794,1897.3508157878523,-509.6912084898904,1.7394545055943293,0.8230271935462952,0.9041070342063904,0.0,0.0,0.0,1.0,0.0,0.0
SNPT-153,0,11.0,0.03220636393790402,0.9933125244246589,0.6666666666666666,0.0,1.0,0.7777777777777778,290.0,316.0,27.0,27.0,7.0,1033.0,10.649184212147777,956.1912084898904,149.40310610535946,55.0,0.05528726563422523,0.951961842022444,0.24934383202099739,1.0,0.991044776119403,0.8792650918635171,369.0,749.0,381.0,381.0,1905.0,653.5,1191.9706611598172,565.6157363192385,108.23128914551066,53.0,1918.381343991119,1894.3508157878523,-302.6912084898904,1.3804058630817535,0.7557839751243591,0.8892843723297119,0.0,1.0,1.0,0.0,1.0,1.0
SNPT-153,0,11.0,0.022198223806089327,0.9956208375784067,0.11403508771929824,0.0,1.0,0.9385964912280702,0.0,113.0,114.0,114.0,927.0,654.0,12.290676747594183,887.3156666973738,158.92441576774237,,1.0,0.0,0.0,0.0,1.0,0.8636363636363636,706.0,749.0,44.0,44.0,13.5,592.0,610.2586163093989,614.7428275441725,124.17898773167458,593.0,295.3181427878131,1.2093232524058166,-295.3156666973738,1.279801185939328,0.7913191914558411,0.9156294465065002,0.0,0.0,0.0,1.0,0.0,1.0
SNPT-153,1,11.0,0.03220636393790402,0.9933125244246589,0.6666666666666666,0.0,1.0,0.7777777777777778,290.0,316.0,27.0,27.0,7.0,1033.0,10.649184212147777,956.1912084898904,149.40310610535946,11.0,0.030736095881374555,0.983249277281006,0.6737804878048781,0.0,1.0,0.8170731707317073,422.0,749.0,328.0,328.0,12.5,1003.0,1514.748072004989,620.7147195174348,153.86135528762003,106.0,46.84536777225119,1.8508157878522233,46.808791510109586,0.9710242433915485,0.8339383602142334,0.9327915906906128,1.0,0.0,1.0,1.0,0.0,1.0
SNPT-153,0,,1.0,0.0,0.0,0.0,0.9852941176470589,0.9315068493150684,0.0,113.0,114.0,73.0,1267.0,465.5,1903.3291127569446,461.4849846844247,82.31298352632787,10.0,0.024506438207254178,0.9765605755351685,0.5441176470588235,0.0,1.0,0.8161764705882353,478.0,749.0,272.0,272.0,1904.0,768.5,1301.3898080273168,574.0041847777832,121.38799379648422,365.0,307.0157483239513,0.6708872430554038,307.0150153155753,0.6780982282673816,0.8342331647872925,0.9377085566520691,0.0,0.0,0.0,1.0,0.0,1.0
SNPT-153,0,1.0,0.12626083435947602,0.9384216257071091,0.271889400921659,1.0,1.0,0.8663594470046083,0.0,216.0,217.0,217.0,546.5,495.5,3.5300808484956505,480.32132313243244,111.1497133637291,10.0,0.14388218359090388,0.9129821743283953,0.017369727047146403,1.0,0.6584022038567493,0.9007444168734491,347.0,749.0,403.0,403.0,1909.0,428.5,789.1394258699338,478.2961614928047,66.16585102319209,131.0,1906.1744574729871,1905.4699191515044,-51.82132313243244,1.6798652423403353,0.7645946741104126,0.8997460603713989,0.0,1.0,1.0,1.0,0.0,0.0
SNPT-153,0,5.0,0.00047347481850010806,0.999957937002182,0.05319148936170213,0.0,1.0,0.8882978723404256,0.0,187.0,188.0,188.0,705.5,583.5,8.404450135820408,652.9676170966867,146.69065581114089,,1.0,0.0,0.0,0.0,1.0,0.8152173913043478,658.0,749.0,92.0,92.0,11.5,512.0,1175.4823647143348,577.9248821271773,125.23824905689118,471.0,141.00160105076714,3.095549864179592,-140.9676170966867,1.1712927713042736,0.7355549335479736,0.8902445435523987,0.0,0.0,0.0,1.0,0.0,1.0
SNPT-153,1,,1.0,0.0,0.0,0.0,0.9852941176470589,0.9315068493150684,0.0,113.0,114.0,73.0,1267.0,465.5,1903.3291127569446,461.4849846844247,82.31298352632787,,1.0,0.0,0.0,0.0,1.0,0.9130434782608695,218.0,470.0,253.0,253.0,1907.0,426.5,13.890309661443116,250.54348826754057,70.0803631618173,105.0,35.17704601754756,3.670887243055404,-34.98498468442472,1.1745513266856957,0.9114100933074951,0.9871907234191895,0.0,0.0,0.0,1.0,0.0,1.0
SNPT-154,0,6.0,0.025534238928790167,0.9691000180166276,0.14987714987714987,1.0,1.0,0.7542997542997543,0.0,406.0,407.0,407.0,1220.0,578.0,1905.0337172108025,644.2411702697711,136.21343025139055,,1.0,0.0,0.0,0.0,1.0,0.8823529411764706,716.0,749.0,34.0,34.0,25.666353174497544,576.8460864908427,1185.4380342621675,591.8416705884856,115.89310128672153,310.0,1880.5753870351325,-1879.367364036305,-67.39508377892844,1.175336829708234,0.7778711915016174,0.8856174945831299,0.0,0.0,0.0,0.0,1.0,1.0
SNPT-154,1,9.0,0.043727519730259234,0.9816407263278961,0.16461916461916462,1.0,0.9424242424242424,0.8108108108108109,0.0,406.0,407.0,407.0,800.5,492.5,1816.77863706283,556.8283020700683,114.82583498098636,,1.0,0.0,0.0,1.0,1.0,0.9139072847682119,583.0,733.0,151.0,151.0,1893.0,536.0,1900.5251862297969,562.0012033933947,101.70241844000488,177.0,79.01591191096762,76.22136293716994,-20.828302070068275,1.1290374087684365,0.9192582964897156,0.9896345138549805,0.0,0.0,0.0,1.0,0.0,1.0
SNPT-154,0,40.0,0.26304522715462636,0.8410490744170689,0.27631578947368424,1.0,1.0,0.8157894736842105,0.0,303.0,304.0,304.0,590.0,540.5,25.181174493673986,528.9485192819712,131.06251103304606,,1.0,0.0,0.0,0.0,1.0,0.88,725.0,749.0,25.0,25.0,53.5,619.5,824.9894925452479,607.4081720007241,121.74209022041741,422.0,94.87637502711239,28.318825506326014,90.55148071802876,1.0765587381960813,0.7111627459526062,0.916285514831543,0.0,0.0,0.0,0.0,1.0,1.0
SNPT-154,0,30.0,0.14378149854692698,0.9424436682904208,0.13881748071979436,1.0,0.9871382636655949,0.7994858611825193,0.0,388.0,389.0,389.0,957.0,562.0,1899.908731128391,540.1396621498919,124.08018741076276,5.0,0.028923863494128454,0.9936907291412354,0.03669724770642202,1.0,1.0,0.8256880733944955,398.0,615.0,218.0,218.0,29.5,610.0,11.407587393210857,539.2180739880131,127.60759469919367,10.0,1871.7129289198836,-1870.408731128391,69.86033785010807,0.9723573875305308,0.8998586535453796,0.9863351583480835,0.0,1.0,1.0,1.0,0.0,1.0
SNPT-154,1,30.0,0.14378149854692698,0.9424436682904208,0.13881748071979436,1.0,0.9871382636655949,0.7994858611825193,0.0,388.0,389.0,389.0,957.0,562.0,1899.908731128391,540.1396621498919,124.08018741076276,30.0,0.15749345839615742,0.9562542268208095,0.08641975308641975,1.0,1.0,0.845679012345679,582.0,749.0,168.0,162.0,1907.5,567.5,1584.188706831022,602.158096670061,125.57663417629595,194.0,28.393933337125286,7.591268871608918,27.360337850108067,0.9880833980353992,0.9220817685127258,0.9625347256660461,1.0,0.0,0.0,1.0,0.0,1.0
SNPT-154,0,20.0,0.08420237032213894,0.8949764015674591,0.41254125412541254,0.0,0.6218181818181818,0.9075907590759076,0.0,316.0,317.0,303.0,1062.5,592.0,14.968520847029943,496.6922380578759,132.56995689261748,,1.0,0.0,0.0,1.0,1.0,0.8655913978494624,405.0,590.0,186.0,186.0,9.5,520.5,7.2080103107269355,481.0554716182146,117.55614062284448,89.0,24.42773523983044,-5.468520847029943,23.807761942124102,1.1277161379254688,0.6257379055023193,0.9387710094451904,0.0,0.0,0.0,0.0,1.0,0.0
SNPT-154,0,11.0,0.7138978239090648,0.6358635127544403,0.020833333333333332,1.0,1.0,0.8708333333333333,0.0,239.0,240.0,240.0,491.5,505.5,7.961550330074522,490.09711393976033,124.22073550086051,,1.0,0.0,0.0,0.0,1.0,0.9615384615384616,568.0,749.0,182.0,182.0,1903.5,595.0,1532.403709510113,531.7698585737453,103.38458852461991,329.0,1898.438998145801,1895.5384496699255,104.90288606023967,1.2015401644828203,0.535636305809021,0.9120129346847534,0.0,0.0,0.0,0.0,1.0,1.0
SNPT-154,0,55.0,0.019081952789256985,0.9942492138536483,0.7568627450980392,0.0,1.0,0.9098039215686274,0.0,254.0,255.0,255.0,1080.0,693.0,11.400808247642328,618.943198486749,160.94318969431282,6.0,0.010715102716767433,0.9598802934613144,0.29081632653061223,0.0,0.9937888198757764,0.8214285714285714,554.0,749.0,196.0,196.0,1904.0,774.5,1680.2595477071095,587.6380554256635,101.65936815400832,300.0,1898.9812055727962,1892.5991917523577,155.556801513251,1.583161420504727,0.8597384691238403,0.9676405191421509,0.0,1.0,1.0,1.0,0.0,1.0
SNPT-154,0,55.0,0.019081952789256985,0.9942492138536483,0.7568627450980392,0.0,1.0,0.9098039215686274,0.0,254.0,255.0,255.0,1080.0,693.0,11.400808247642328,618.943198486749,160.94318969431282,20.0,0.02539024934943062,0.9734782777928017,0.39572192513368987,0.0,1.0,0.8128342245989305,400.0,586.0,187.0,187.0,14.5,676.5,12.337118399478797,592.0627744236264,139.91134614290954,146.0,57.6401803428273,3.0991917523576724,57.556801513251,1.150322644526061,0.9211694598197937,0.9776637554168701,0.0,1.0,1.0,1.0,0.0,1.0
SNPT-154,1,,1.0,0.0,0.0,1.0,0.6,1.0,400.0,405.0,6.0,5.0,1887.9398925055452,428.7546967160745,1879.2091212486782,445.6284957210544,83.60590261071117,,1.0,0.0,0.0,1.0,1.0,0.84375,484.0,675.0,192.0,192.0,1911.0,527.0,15.323077233132317,486.8760292113392,100.27445607112315,79.0,87.36121382169382,31.79087875132177,81.37150427894562,0.8337706918241548,0.7592202425003052,0.9359956979751587,0.0,0.0,0.0,1.0,0.0,0.0
SNPT-154,0,30.0,0.14378149854692698,0.9424436682904208,0.13881748071979436,1.0,0.9871382636655949,0.7994858611825193,0.0,388.0,389.0,389.0,957.0,562.0,1899.908731128391,540.1396621498919,124.08018741076276,20.0,0.02539024934943062,0.9734782777928017,0.39572192513368987,0.0,1.0,0.8128342245989305,400.0,586.0,187.0,187.0,14.5,676.5,12.337118399478797,592.0627744236264,139.91134614290954,12.0,1890.3333634980274,-1885.408731128391,136.36033785010807,0.8868486425970317,0.7640519142150879,0.9140830039978027,0.0,1.0,1.0,0.0,1.0,1.0
SNPT-154,1,,1.0,0.0,0.0,0.0,1.0,0.8723404255319149,479.0,525.0,47.0,47.0,1909.5,500.5,1908.8409885676083,510.3972078844273,127.12573186751627,,1.0,0.0,0.0,0.0,1.0,0.8826530612244898,554.0,749.0,196.0,196.0,1903.5,515.0,1211.9656680248409,504.49289064031325,101.2951310868603,29.0,7.050663382866938,-5.340988567608292,4.602792115572697,1.2550033797627085,0.9489282369613647,0.9882165193557739,0.0,0.0,0.0,1.0,0.0,1.0
SNPT-154,0,3.0,0.0037409260160399882,0.9930325539673076,0.6204379562043796,0.0,1.0,0.8321167883211679,597.0,733.0,137.0,137.0,1897.0,735.0,1907.5141413114184,701.3145188581595,125.01743850646646,,1.0,0.0,0.0,1.0,1.0,0.875,734.0,749.0,16.0,16.0,20.0,638.0,240.04045576434777,612.0260237074754,103.08549493787552,1.0,1888.5757495924863,-1887.5141413114184,-63.314518858159545,1.2127548941954271,0.7193050384521484,0.9115055799484253,0.0,0.0,0.0,0.0,1.0,1.0
SNPT-154,0,11.0,0.7138978239090648,0.6358635127544403,0.020833333333333332,1.0,1.0,0.8708333333333333,0.0,239.0,240.0,240.0,491.5,505.5,7.961550330074522,490.09711393976033,124.22073550086051,6.0,0.055729502826579846,0.9897342771291733,0.03980099502487562,1.0,1.0,0.8606965174129353,549.0,749.0,201.0,201.0,1907.8878103546433,671.60823191849,1289.8024944755566,557.5025760916988,114.56348661021192,310.0,1908.5769776146924,1899.9262600245688,181.51111797872966,1.0842960455935335,0.6515883207321167,0.906369149684906,0.0,1.0,0.0,1.0,0.0,1.0
SNPT-154,1,10.0,0.03741787921316501,0.9633544032772382,0.4326923076923077,0.0,1.0,0.8125,0.0,415.0,416.0,416.0,1094.0,576.5,1899.6114524550328,488.90945224724544,121.77546069785568,,1.0,0.0,0.0,0.0,1.0,0.8723404255319149,479.0,525.0,47.0,47.0,1909.5,500.5,1908.8409885676083,510.3972078844273,127.12573186751627,64.0,15.23562173847725,9.888547544967196,11.59054775275456,0.9579135467614349,0.9529552459716797,0.9706279635429382,0.0,0.0,0.0,1.0,0.0,1.0
SNPT-154,1,,1.0,0.0,0.0,1.0,1.0,0.9344978165938864,0.0,272.0,273.0,229.0,386.5,542.5,11.097193976432415,579.118641298566,128.80506322857798,11.0,0.03173437324841035,0.9751626756284144,0.3581395348837209,1.0,1.0,0.8093023255813954,403.0,749.0,347.0,215.0,25.0,656.5,996.3516723973662,514.0620253651458,128.63250168030953,131.0,78.62037070511016,13.902806023567585,77.38135870143401,1.0013415081415218,0.9310997724533081,0.9728621244430542,0.0,0.0,0.0,1.0,0.0,1.0
SNPT-154,0,5.0,0.028923863494128454,0.9936907291412354,0.03669724770642202,1.0,1.0,0.8256880733944955,398.0,615.0,218.0,218.0,29.5,610.0,11.407587393210857,539.2180739880131,127.60759469919367,,1.0,0.0,0.0,1.0,0.75,0.8421052631578947,731.0,749.0,19.0,19.0,21.0,524.5,473.84789341443326,529.1479412363501,67.89876951862155,116.0,17.568041482633024,9.592412606789143,-14.718073988013089,1.879380077192661,0.8199402093887329,0.9663468599319458,0.0,0.0,0.0,1.0,0.0,0.0
SNPT-154,1,26.0,0.04072456968727541,0.9733736701309681,0.19875776397515527,0.0,1.0,0.9006211180124224,223.0,383.0,161.0,161.0,1901.5,611.0,700.5948703112118,510.92698223687887,115.9323202404645,,1.0,0.0,0.0,0.0,1.0,0.9615384615384616,568.0,749.0,182.0,182.0,1903.5,595.0,1532.403709510113,531.7698585737453,103.38458852461991,185.0,1205.8395512452719,1202.9051296887883,84.07301776312113,1.1213694603316673,0.983169436454773,0.9934301376342773,0.0,0.0,0.0,1.0,0.0,1.0
SNPT-154,0,10.0,0.03741787921316501,0.9633544032772382,0.4326923076923077,0.0,1.0,0.8125,0.0,415.0,416.0,416.0,1094.0,576.5,1899.6114524550328,488.90945224724544,121.77546069785568,,1.0,0.0,0.0,1.0,0.75,0.8421052631578947,731.0,749.0,19.0,19.0,21.0,524.5,473.84789341443326,529.1479412363501,67.89876951862155,316.0,1878.948556077188,-1878.6114524550328,35.59054775275456,1.7934855309043296,0.8398289084434509,0.9441342353820801,0.0,0.0,0.0,0.0,1.0,0.0
SNPT-154,0,20.0,0.08420237032213894,0.8949764015674591,0.41254125412541254,0.0,0.6218181818181818,0.9075907590759076,0.0,316.0,317.0,303.0,1062.5,592.0,14.968520847029943,496.6922380578759,132.56995689261748,11.0,0.03173437324841035,0.9751626756284144,0.3581395348837209,1.0,1.0,0.8093023255813954,403.0,749.0,347.0,215.0,25.0,656.5,996.3516723973662,514.0620253651458,128.63250168030953,87.0,160.1223012292388,10.031479152970057,159.8077619421241,1.0306101114483004,0.8270895481109619,0.965491533279419,0.0,1.0,1.0,0.0,1.0,0.0
SNPT-154,0,29.0,0.030726001639358156,0.9775065509294043,0.27060931899641577,1.0,0.9624724061810155,0.8118279569892473,0.0,608.0,609.0,558.0,829.0,511.5,16.768319992284454,505.9969251817599,128.60885612370748,,1.0,0.0,0.0,0.0,1.0,0.9038461538461539,682.0,734.0,53.0,52.0,1904.5,542.5,1911.8011376555019,566.7420705535487,112.99011650043705,74.0,1888.0845770716783,1887.7316800077156,36.50307481824012,1.13823102504023,0.7933518886566162,0.9535458087921143,0.0,0.0,0.0,0.0,1.0,1.0
SNPT-154,0,11.0,0.7138978239090648,0.6358635127544403,0.020833333333333332,1.0,1.0,0.8708333333333333,0.0,239.0,240.0,240.0,491.5,505.5,7.961550330074522,490.09711393976033,124.22073550086051,,1.0,0.0,0.0,0.0,1.0,0.9038461538461539,682.0,734.0,53.0,52.0,1904.5,542.5,1911.8011376555019,566.7420705535487,112.99011650043705,443.0,1897.2622785328988,1896.5384496699255,52.402886060239666,1.0993947023709814,0.5684564113616943,0.9257937669754028,0.0,0.0,0.0,0.0,1.0,1.0
SNPT-154,1,,1.0,0.0,0.0,1.0,0.6,1.0,400.0,405.0,6.0,5.0,1887.9398925055452,428.7546967160745,1879.2091212486782,445.6284957210544,83.60590261071117,,1.0,0.0,0.0,1.0,1.0,0.7419354838709677,719.0,749.0,31.0,31.0,23.0,519.5,878.6566039532133,483.6470862752804,91.25327108054874,314.0,1857.678470820832,-1856.2091212486782,73.87150427894562,0.9161962264006155,0.7126773595809937,0.944553017616272,0.0,0.0,0.0,1.0,0.0,0.0
SNPT-154,1,,1.0,0.0,0.0,0.0,0.9866071428571429,0.835820895522388,388.0,656.0,269.0,268.0,14.5,597.0,7.305657040180428,511.16115365778626,113.65217221394252,,1.0,0.0,0.0,1.0,0.75,0.8421052631578947,731.0,749.0,19.0,19.0,21.0,524.5,473.84789341443326,529.1479412363501,67.89876951862155,75.0,19.117004232942694,13.694342959819572,13.338846342213742,1.673847302678628,0.864756166934967,0.9724524617195129,0.0,0.0,0.0,0.0,1.0,0.0
SNPT-154,0,9.0,0.07491687658507894,0.9092487366426558,0.3511705685618729,0.0,0.984375,0.8561872909698997,0.0,298.0,299.0,299.0,725.5,599.0,17.113339983024325,514.4590428549394,112.79810468661388,25.0,0.03708640082459169,0.9682903343980963,0.04198473282442748,0.0,0.9953488372093023,0.8206106870229007,394.0,655.0,262.0,262.0,40.5,596.5,7.9514945510284445,565.7750786254646,128.12999825385302,96.0,85.30917017546986,23.386660016975675,82.04095714506059,0.8803411084353302,0.9046003818511963,0.9814828634262085,0.0,1.0,1.0,1.0,0.0,1.0
SNPT-154,0,9.0,0.07491687658507894,0.9092487366426558,0.3511705685618729,0.0,0.984375,0.8561872909698997,0.0,298.0,299.0,299.0,725.5,599.0,17.113339983024325,514.4590428549394,112.79810468661388,,1.0,0.0,0.0,1.0,1.0,0.9139072847682119,583.0,733.0,151.0,151.0,1893.0,536.0,1900.5251862297969,562.0012033933947,101.70241844000488,285.0,1876.0103342104408,1875.8866600169756,21.540957145060588,1.1090995319167798,0.660010576248169,0.9252223372459412,0.0,0.0,0.0,0.0,1.0,1.0
SNPT-154,0,11.0,0.7138978239090648,0.6358635127544403,0.020833333333333332,1.0,1.0,0.8708333333333333,0.0,239.0,240.0,240.0,491.5,505.5,7.961550330074522,490.09711393976033,124.22073550086051,6.0,0.010715102716767433,0.9598802934613144,0.29081632653061223,0.0,0.9937888198757764,0.8214285714285714,554.0,749.0,196.0,196.0,1904.0,774.5,1680.2595477071095,587.6380554256635,101.65936815400832,315.0,1917.2498022495995,1896.0384496699255,284.40288606023967,1.221931020785738,0.5808815956115723,0.9206589460372925,0.0,1.0,0.0,0.0,1.0,1.0
SNPT-154,1,28.0,0.008873909246245957,0.9734147666839131,0.28078817733990147,1.0,1.0,0.8448275862068966,0.0,405.0,406.0,406.0,1146.5,504.5,1899.5603848752623,522.2838576237615,107.21473214855811,,1.0,0.0,0.0,1.0,1.0,0.84375,484.0,675.0,192.0,192.0,1911.0,527.0,15.323077233132317,486.8760292113392,100.27445607112315,79.0,12.373632979649878,11.439615124737657,4.716142376238508,1.069212802037164,0.9815782904624939,0.9857542514801025,0.0,0.0,0.0,1.0,0.0,1.0
SNPT-154,0,3.0,0.0012202656979238584,0.9945334902330607,0.7531645569620253,0.0,1.0,0.8417721518987342,236.0,408.0,173.0,158.0,1905.0,763.5,1892.880566904984,559.9618632823535,135.8605202384958,,1.0,0.0,0.0,0.0,1.0,0.8253012048192772,584.0,749.0,166.0,166.0,1898.5,450.0,1189.3202449257392,452.6928102066589,82.35182822896377,176.0,110.1053559316547,5.619433095015893,-109.96186328235353,1.6497571840270648,0.7813574075698853,0.882256269454956,0.0,0.0,0.0,1.0,0.0,1.0
SNPT-154,0,28.0,0.008873909246245957,0.9734147666839131,0.28078817733990147,1.0,1.0,0.8448275862068966,0.0,405.0,406.0,406.0,1146.5,504.5,1899.5603848752623,522.2838576237615,107.21473214855811,,1.0,0.0,0.0,0.0,1.0,0.9038461538461539,682.0,734.0,53.0,52.0,1904.5,542.5,1911.8011376555019,566.7420705535487,112.99011650043705,277.0,20.810867597408894,4.9396151247376565,20.21614237623851,0.9488859332943815,0.7546228170394897,0.9332408308982849,0.0,0.0,0.0,0.0,1.0,1.0
SNPT-154,0,20.0,0.02539024934943062,0.9734782777928017,0.39572192513368987,0.0,1.0,0.8128342245989305,400.0,586.0,187.0,187.0,14.5,676.5,12.337118399478797,592.0627744236264,139.91134614290954,,1.0,0.0,0.0,1.0,1.0,0.8461538461538461,724.0,749.0,26.0,26.0,14.0,619.5,762.1427190841707,567.9059167628369,112.85891725143532,138.0,27.487570328171305,1.662881600521203,27.437225576373635,1.239701297427875,0.72956383228302,0.8661260604858398,0.0,0.0,0.0,0.0,1.0,1.0
SNPT-154,1,55.0,0.019081952789256985,0.9942492138536483,0.7568627450980392,0.0,1.0,0.9098039215686274,0.0,254.0,255.0,255.0,1080.0,693.0,11.400808247642328,618.943198486749,160.94318969431282,55.0,0.12132943570202726,0.9284322912042792,0.29464285714285715,0.0,0.9964912280701754,0.8482142857142857,414.0,749.0,336.0,336.0,19.0,708.5,1886.1530244780706,759.0412680695197,150.23295775437145,160.0,89.8786315682039,7.599191752357672,89.556801513251,1.071290827925071,0.9755498170852661,0.9887459874153137,1.0,0.0,1.0,1.0,0.0,1.0
SNPT-154,1,,1.0,0.0,0.0,1.0,1.0,0.9444444444444444,384.0,401.0,18.0,18.0,847.5,428.0,1714.5779694560144,452.86984610626394,90.68523599198176,,1.0,0.0,0.0,1.0,1.0,0.7419354838709677,719.0,749.0,31.0,31.0,23.0,519.5,878.6566039532133,483.6470862752804,91.25327108054874,318.0,1692.889720022198,-1691.5779694560144,66.63015389373606,0.9937751810774478,0.7288740277290344,0.9749933481216431,0.0,0.0,0.0,1.0,0.0,1.0
SNPT-154,0,9.0,0.07491687658507894,0.9092487366426558,0.3511705685618729,0.0,0.984375,0.8561872909698997,0.0,298.0,299.0,299.0,725.5,599.0,17.113339983024325,514.4590428549394,112.79810468661388,,1.0,0.0,0.0,0.0,1.0,0.8253012048192772,584.0,749.0,166.0,166.0,1898.5,450.0,1189.3202449257392,452.6928102066589,82.35182822896377,286.0,1882.4905664293794,1881.3866600169756,-64.45904285493941,1.3697097819492237,0.8226242065429688,0.9246631860733032,0.0,0.0,0.0,1.0,0.0,1.0
SNPT-154,1,20.0,0.027575100429416164,0.938133180141449,0.46863468634686345,0.0,0.7871485943775101,0.9188191881918819,0.0,270.0,271.0,271.0,891.5,572.5,12.760245903153766,585.1726115865397,138.87836490152307,,1.0,0.0,0.0,0.0,1.0,0.88,725.0,749.0,25.0,25.0,53.5,619.5,824.9894925452479,607.4081720007241,121.74209022041741,455.0,53.273794300388154,40.739754096846234,34.32738841346031,1.1407588341064292,0.8342025876045227,0.9322702884674072,0.0,0.0,0.0,1.0,0.0,0.0
SNPT-154,1,25.0,0.03708640082459169,0.9682903343980963,0.04198473282442748,0.0,0.9953488372093023,0.8206106870229007,394.0,655.0,262.0,262.0,40.5,596.5,7.9514945510284445,565.7750786254646,128.12999825385302,,1.0,0.0,0.0,0.0,1.0,0.8823529411764706,716.0,749.0,34.0,34.0,25.666353174497544,576.8460864908427,1185.4380342621675,591.8416705884856,115.89310128672153,61.0,20.889792512247716,17.714858623469098,11.071007865378078,1.1055877945388413,0.9027600288391113,0.9596576690673828,0.0,0.0,0.0,1.0,0.0,1.0
SNPT-154,0,9.0,0.043727519730259234,0.9816407263278961,0.16461916461916462,1.0,0.9424242424242424,0.8108108108108109,0.0,406.0,407.0,407.0,800.5,492.5,1816.77863706283,556.8283020700683,114.82583498098636,,1.0,0.0,0.0,0.0,1.0,0.9038461538461539,682.0,734.0,53.0,52.0,1904.5,542.5,1911.8011376555019,566.7420705535487,112.99011650043705,276.0,88.8838441774759,87.72136293716994,-14.328302070068275,1.0162467173006429,0.7915139198303223,0.94888836145401,0.0,0.0,0.0,0.0,1.0,1.0
SNPT-154,0,22.0,0.04287006639389587,0.9366871529612047,0.27531645569620256,1.0,0.959409594095941,0.8575949367088608,0.0,315.0,316.0,316.0,847.0,565.5,14.85508620794629,493.27729768376696,133.05379869880088,6.0,0.010715102716767433,0.9598802934613144,0.29081632653061223,0.0,0.9937888198757764,0.8214285714285714,554.0,749.0,196.0,196.0,1904.0,774.5,1680.2595477071095,587.6380554256635,101.65936815400832,239.0,1909.961966533478,1889.1449137920538,281.22270231623304,1.3088198472494117,0.8302032351493835,0.9435620903968811,0.0,1.0,1.0,0.0,1.0,1.0
SNPT-154,1,23.0,0.17797372699715197,0.9631166458129883,0.015384615384615385,0.0,1.0,0.8615384615384616,324.0,417.0,94.0,65.0,1899.5,559.5,1909.4751338956216,482.0827028856983,106.29362909006691,,1.0,0.0,0.0,0.0,1.0,0.9038461538461539,682.0,734.0,53.0,52.0,1904.5,542.5,1911.8011376555019,566.7420705535487,112.99011650043705,265.0,60.621792681156904,-4.975133895621639,60.417297114301675,0.940733865777152,0.9455678462982178,0.9931214451789856,0.0,0.0,0.0,1.0,0.0,1.0
SNPT-154,0,9.0,0.07491687658507894,0.9092487366426558,0.3511705685618729,0.0,0.984375,0.8561872909698997,0.0,298.0,299.0,299.0,725.5,599.0,17.113339983024325,514.4590428549394,112.79810468661388,,1.0,0.0,0.0,1.0,1.0,0.8655913978494624,405.0,590.0,186.0,186.0,9.5,520.5,7.2080103107269355,481.0554716182146,117.55614062284448,107.0,9.718853272149724,-7.613339983024325,6.040957145060588,0.9595254155927438,0.5996167659759521,0.9262832999229431,0.0,0.0,0.0,0.0,1.0,1.0
SNPT-154,1,29.0,0.030726001639358156,0.9775065509294043,0.27060931899641577,1.0,0.9624724061810155,0.8118279569892473,0.0,608.0,609.0,558.0,829.0,511.5,16.768319992284454,505.9969251817599,128.60885612370748,,1.0,0.0,0.0,1.0,1.0,0.8461538461538461,724.0,749.0,26.0,26.0,14.0,619.5,762.1427190841707,567.9059167628369,112.85891725143532,116.0,113.53682921754816,-2.7683199922844537,113.50307481824012,1.139554226248541,0.8571943044662476,0.9610042572021484,0.0,0.0,0.0,1.0,0.0,1.0
SNPT-154,0,,1.0,0.0,0.0,1.0,1.0,0.9444444444444444,384.0,401.0,18.0,18.0,847.5,428.0,1714.5779694560144,452.86984610626394,90.68523599198176,,1.0,0.0,0.0,0.0,1.0,0.88,725.0,749.0,25.0,25.0,53.5,619.5,824.9894925452479,607.4081720007241,121.74209022041741,324.0,1669.4147563738516,-1661.0779694560144,166.63015389373606,0.7448963281950691,0.6624236702919006,0.9538389444351196,0.0,0.0,0.0,0.0,1.0,1.0
SNPT-154,0,,1.0,0.0,0.0,1.0,1.0,0.9444444444444444,384.0,401.0,18.0,18.0,847.5,428.0,1714.5779694560144,452.86984610626394,90.68523599198176,,1.0,0.0,0.0,1.0,0.75,0.8421052631578947,731.0,749.0,19.0,19.0,21.0,524.5,473.84789341443326,529.1479412363501,67.89876951862155,330.0,1695.0920970772052,-1693.5779694560144,71.63015389373606,1.3355946894900785,0.6959105730056763,0.9654678106307983,0.0,0.0,0.0,1.0,0.0,0.0
SNPT-154,0,30.0,0.14378149854692698,0.9424436682904208,0.13881748071979436,1.0,0.9871382636655949,0.7994858611825193,0.0,388.0,389.0,389.0,957.0,562.0,1899.908731128391,540.1396621498919,124.08018741076276,,1.0,0.0,0.0,0.0,1.0,0.8823529411764706,716.0,749.0,34.0,34.0,25.666353174497544,576.8460864908427,1185.4380342621675,591.8416705884856,115.89310128672153,328.0,1874.6017851549602,-1874.2423779538935,36.706424340950775,1.0706434294461258,0.7794229984283447,0.8947265148162842,0.0,0.0,0.0,0.0,1.0,1.0
SNPT-154,1,20.0,0.02539024934943062,0.9734782777928017,0.39572192513368987,0.0,1.0,0.8128342245989305,400.0,586.0,187.0,187.0,14.5,676.5,12.337118399478797,592.0627744236264,139.91134614290954,,1.0,0.0,0.0,0.0,1.0,0.88,725.0,749.0,25.0,25.0,53.5,619.5,824.9894925452479,607.4081720007241,121.74209022041741,139.0,49.469022316873605,41.1628816005212,27.437225576373635,1.1492438308689803,0.8756434321403503,0.9247419834136963,0.0,0.0,0.0,1.0,0.0,1.0
SNPT-154,1,20.0,0.08420237032213894,0.8949764015674591,0.41254125412541254,0.0,0.6218181818181818,0.9075907590759076,0.0,316.0,317.0,303.0,1062.5,592.0,14.968520847029943,496.6922380578759,132.56995689261748,5.0,0.028923863494128454,0.9936907291412354,0.03669724770642202,1.0,1.0,0.8256880733944955,398.0,615.0,218.0,218.0,29.5,610.0,11.407587393210857,539.2180739880131,127.60759469919367,82.0,114.2357772447243,14.531479152970057,113.3077619421241,1.0388876712637791,0.9248818159103394,0.9666927456855774,0.0,1.0,1.0,0.0,1.0,0.0
SNPT-154,0,20.0,0.02539024934943062,0.9734782777928017,0.39572192513368987,0.0,1.0,0.8128342245989305,400.0,586.0,187.0,187.0,14.5,676.5,12.337118399478797,592.0627744236264,139.91134614290954,,1.0,0.0,0.0,1.0,1.0,0.875,734.0,749.0,16.0,16.0,20.0,638.0,240.04045576434777,612.0260237074754,103.08549493787552,148.0,46.57197062695804,7.662881600521203,45.937225576373635,1.3572360129543648,0.7668066024780273,0.9078847765922546,0.0,0.0,0.0,0.0,1.0,1.0
SNPT-154,1,5.0,0.028923863494128454,0.9936907291412354,0.03669724770642202,1.0,1.0,0.8256880733944955,398.0,615.0,218.0,218.0,29.5,610.0,11.407587393210857,539.2180739880131,127.60759469919367,11.0,0.05238653841661289,0.9910926818847656,0.06666666666666667,1.0,1.0,0.8666666666666667,735.0,749.0,15.0,15.0,15.0,724.5,264.34451930220393,688.2329387311754,117.83215079214096,120.0,185.3167492026795,3.592412606789143,185.2819260119869,1.082960752573352,0.7878457307815552,0.9560531377792358,0.0,1.0,1.0,1.0,0.0,1.0
SNPT-154,0,,1.0,0.0,0.0,1.0,1.0,0.9344978165938864,0.0,272.0,273.0,229.0,386.5,542.5,11.097193976432415,579.118641298566,128.80506322857798,55.0,0.12132943570202726,0.9284322912042792,0.29464285714285715,0.0,0.9964912280701754,0.8482142857142857,414.0,749.0,336.0,336.0,19.0,708.5,1886.1530244780706,759.0412680695197,150.23295775437145,142.0,129.6224915764053,7.902806023567585,129.381358701434,0.8573688833256697,0.687049150466919,0.9233424663543701,0.0,0.0,0.0,0.0,1.0,1.0
SNPT-154,1,22.0,0.04287006639389587,0.9366871529612047,0.27531645569620256,1.0,0.959409594095941,0.8575949367088608,0.0,315.0,316.0,316.0,847.0,565.5,14.85508620794629,493.27729768376696,133.05379869880088,,1.0,0.0,0.0,1.0,1.0,0.9,730.0,749.0,20.0,20.0,22.0,550.5,505.6908000403549,541.1724717855157,110.04146420685663,415.0,57.66703957607068,7.1449137920537105,57.22270231623304,1.2091242120214387,0.8346989750862122,0.9373737573623657,0.0,0.0,0.0,1.0,0.0,1.0
SNPT-154,0,22.0,0.04287006639389587,0.9366871529612047,0.27531645569620256,1.0,0.959409594095941,0.8575949367088608,0.0,315.0,316.0,316.0,847.0,565.5,14.85508620794629,493.27729768376696,133.05379869880088,11.0,0.03173437324841035,0.9751626756284144,0.3581395348837209,1.0,1.0,0.8093023255813954,403.0,749.0,347.0,215.0,25.0,656.5,996.3516723973662,514.0620253651458,128.63250168030953,88.0,163.5376709729652,10.14491379205371,163.22270231623304,1.0343715387692576,0.8878470659255981,0.9880566596984863,0.0,1.0,1.0,1.0,0.0,1.0
SNPT-154,0,10.0,0.08838153941572575,0.9779682487857585,0.15960912052117263,1.0,1.0,0.8371335504885994,0.0,306.0,307.0,307.0,712.0,493.5,24.122800911449957,558.2028216862427,110.27639609867612,,1.0,0.0,0.0,0.0,1.0,0.8823529411764706,716.0,749.0,34.0,34.0,25.666353174497544,576.8460864908427,1185.4380342621675,591.8416705884856,115.89310128672153,410.0,18.70705418186402,1.5435522630475873,18.643264804599994,0.9515354656516647,0.7878620028495789,0.9077885150909424,0.0,0.0,0.0,0.0,1.0,1.0
SNPT-154,0,,1.0,0.0,0.0,1.0,0.6,1.0,400.0,405.0,6.0,5.0,1887.9398925055452,428.7546967160745,1879.2091212486782,445.6284957210544,83.60590261071117,,1.0,0.0,0.0,0.0,1.0,0.9615384615384616,568.0,749.0,182.0,182.0,1903.5,595.0,1532.403709510113,531.7698585737453,103.38458852461991,163.0,151.33371429085616,24.29087875132177,149.37150427894562,0.8086882561882164,0.5721904039382935,0.9424094557762146,0.0,0.0,0.0,0.0,1.0,0.0
SNPT-154,1,3.0,0.0012202656979238584,0.9945334902330607,0.7531645569620253,0.0,1.0,0.8417721518987342,236.0,408.0,173.0,158.0,1905.0,763.5,1892.880566904984,559.9618632823535,135.8605202384958,3.0,0.0037409260160399882,0.9930325539673076,0.6204379562043796,0.0,1.0,0.8321167883211679,597.0,733.0,137.0,137.0,1897.0,735.0,1907.5141413114184,701.3145188581595,125.01743850646646,189.0,175.08660438368724,4.119433095015893,175.03813671764647,1.0867325539666093,0.9757082462310791,0.9964624047279358,1.0,0.0,1.0,1.0,0.0,1.0
SNPT-154,1,10.0,0.03741787921316501,0.9633544032772382,0.4326923076923077,0.0,1.0,0.8125,0.0,415.0,416.0,416.0,1094.0,576.5,1899.6114524550328,488.90945224724544,121.77546069785568,,1.0,0.0,0.0,0.0,1.0,0.8826530612244898,554.0,749.0,196.0,196.0,1903.5,515.0,1211.9656680248409,504.49289064031325,101.2951310868603,139.0,26.378731661098424,3.888547544967196,26.09054775275456,1.202184738706084,0.9573118090629578,0.9701535701751709,0.0,0.0,0.0,1.0,0.0,1.0
SNPT-154,0,22.0,0.04287006639389587,0.9366871529612047,0.27531645569620256,1.0,0.959409594095941,0.8575949367088608,0.0,315.0,316.0,316.0,847.0,565.5,14.85508620794629,493.27729768376696,133.05379869880088,23.0,0.17797372699715197,0.9631166458129883,0.015384615384615385,0.0,1.0,0.8615384615384616,324.0,417.0,94.0,65.0,1899.5,559.5,1909.4751338956216,482.0827028856983,106.29362909006691,9.0,1885.8080224095777,1884.6449137920538,66.22270231623304,1.2517570416761195,0.7826423048973083,0.9400390982627869,0.0,1.0,0.0,0.0,1.0,1.0
SNPT-154,0,9.0,0.07491687658507894,0.9092487366426558,0.3511705685618729,0.0,0.984375,0.8561872909698997,0.0,298.0,299.0,299.0,725.5,599.0,17.113339983024325,514.4590428549394,112.79810468661388,,1.0,0.0,0.0,1.0,1.0,0.84375,484.0,675.0,192.0,192.0,1911.0,527.0,15.323077233132317,486.8760292113392,100.27445607112315,186.0,1893.9281814779488,1893.8866600169756,12.540957145060588,1.124893707791423,0.7195035219192505,0.9158047437667847,0.0,0.0,0.0,0.0,1.0,1.0
SNPT-154,1,25.0,0.09639687934728056,0.9648553866606492,0.2845117845117845,0.0,0.6039215686274509,0.8585858585858586,0.0,658.0,659.0,594.0,875.0,602.0,13.918789060851811,515.1980903613842,128.25298108424153,,1.0,0.0,0.0,0.0,1.0,0.8823529411764706,716.0,749.0,34.0,34.0,25.666353174497544,576.8460864908427,1185.4380342621675,591.8416705884856,115.89310128672153,58.0,62.75731582359105,11.747564113645733,61.647996129458534,1.1066489692681658,0.8958615660667419,0.9367873668670654,0.0,0.0,0.0,1.0,0.0,0.0
SNPT-154,1,20.0,0.027575100429416164,0.938133180141449,0.46863468634686345,0.0,0.7871485943775101,0.9188191881918819,0.0,270.0,271.0,271.0,891.5,572.5,12.760245903153766,585.1726115865397,138.87836490152307,20.0,0.02539024934943062,0.9734782777928017,0.39572192513368987,0.0,1.0,0.8128342245989305,400.0,586.0,187.0,187.0,14.5,676.5,12.337118399478797,592.0627744236264,139.91134614290954,130.0,91.34395775715292,1.7397540968462337,91.32738841346031,0.9926168872656593,0.9617977738380432,0.9889677166938782,1.0,0.0,1.0,1.0,0.0,0.0
SNPT-154,0,20.0,0.027575100429416164,0.938133180141449,0.46863468634686345,0.0,0.7871485943775101,0.9188191881918819,0.0,270.0,271.0,271.0,891.5,572.5,12.760245903153766,585.1726115865397,138.87836490152307,,1.0,0.0,0.0,1.0,1.0,0.9139072847682119,583.0,733.0,151.0,151.0,1893.0,536.0,1900.5251862297969,562.0012033933947,101.70241844000488,313.0,1880.88263286586,1880.2397540968461,-49.17261158653969,1.3655365037700515,0.6819124221801758,0.9259439706802368,0.0,0.0,0.0,0.0,1.0,0.0
SNPT-154,0,,1.0,0.0,0.0,1.0,0.6,1.0,400.0,405.0,6.0,5.0,1887.9398925055452,428.7546967160745,1879.2091212486782,445.6284957210544,83.60590261071117,,1.0,0.0,0.0,1.0,1.0,0.8461538461538461,724.0,749.0,26.0,26.0,14.0,619.5,762.1427190841707,567.9059167628369,112.85891725143532,319.0,1873.2955895932414,-1865.2091212486782,173.87150427894562,0.740800148068476,0.7252445220947266,0.942844033241272,0.0,0.0,0.0,1.0,0.0,0.0
SNPT-154,1,9.0,0.07491687658507894,0.9092487366426558,0.3511705685618729,0.0,0.984375,0.8561872909698997,0.0,298.0,299.0,299.0,725.5,599.0,17.113339983024325,514.4590428549394,112.79810468661388,,1.0,0.0,0.0,0.0,0.9866071428571429,0.835820895522388,388.0,656.0,269.0,268.0,14.5,597.0,7.305657040180428,511.16115365778626,113.65217221394252,90.0,82.58231743109175,-2.613339983024325,82.54095714506059,0.9924852511774178,0.9307804703712463,0.9643113017082214,0.0,0.0,0.0,1.0,0.0,1.0
SNPT-154,0,26.0,0.04072456968727541,0.9733736701309681,0.19875776397515527,0.0,1.0,0.9006211180124224,223.0,383.0,161.0,161.0,1901.5,611.0,700.5948703112118,510.92698223687887,115.9323202404645,5.0,0.028923863494128454,0.9936907291412354,0.03669724770642202,1.0,1.0,0.8256880733944955,398.0,615.0,218.0,218.0,29.5,610.0,11.407587393210857,539.2180739880131,127.60759469919367,15.0,678.3684749505345,-671.0948703112118,99.07301776312113,0.9085064295252097,0.6955685615539551,0.9523839950561523,0.0,1.0,1.0,0.0,1.0,1.0
SNPT-154,1,,1.0,0.0,0.0,0.0,0.9970845481049563,0.8553615960099751,0.0,402.0,403.0,401.0,1538.0,382.0,1805.297464171775,447.94983846251336,82.27139190717432,,1.0,0.0,0.0,0.0,1.0,0.8253012048192772,584.0,749.0,166.0,166.0,1898.5,450.0,1189.3202449257392,452.6928102066589,82.35182822896377,182.0,93.22508164191316,93.20253582822511,2.0501615374866446,0.9990232600353958,0.837912917137146,0.9700119495391846,0.0,0.0,0.0,1.0,0.0,1.0
SNPT-154,1,10.0,0.08838153941572575,0.9779682487857585,0.15960912052117263,1.0,1.0,0.8371335504885994,0.0,306.0,307.0,307.0,712.0,493.5,24.122800911449957,558.2028216862427,110.27639609867612,10.0,0.017191389338669275,0.9880574169831399,0.3268156424581006,1.0,1.0,0.8519553072625698,390.0,747.0,358.0,358.0,30.0,691.0,1909.2785972781137,866.3531121118233,162.20915296189955,84.0,132.92716816822022,5.877199088550043,132.79717831375729,0.6798407739949074,0.9359933137893677,0.9848177433013916,1.0,0.0,1.0,1.0,0.0,1.0
SNPT-154,1,20.0,0.08420237032213894,0.8949764015674591,0.41254125412541254,0.0,0.6218181818181818,0.9075907590759076,0.0,316.0,317.0,303.0,1062.5,592.0,14.968520847029943,496.6922380578759,132.56995689261748,11.0,0.05238653841661289,0.9910926818847656,0.06666666666666667,1.0,1.0,0.8666666666666667,735.0,749.0,15.0,15.0,15.0,724.5,264.34451930220393,688.2329387311754,117.83215079214096,419.0,227.8077641170655,0.0314791529700571,227.8077619421241,1.1250745743109993,0.7101328372955322,0.9422909021377563,0.0,1.0,1.0,0.0,1.0,0.0
SNPT-154,0,11.0,0.7138978239090648,0.6358635127544403,0.020833333333333332,1.0,1.0,0.8708333333333333,0.0,239.0,240.0,240.0,491.5,505.5,7.961550330074522,490.09711393976033,124.22073550086051,3.0,0.0037409260160399882,0.9930325539673076,0.6204379562043796,0.0,1.0,0.8321167883211679,597.0,733.0,137.0,137.0,1897.0,735.0,1907.5141413114184,701.3145188581595,125.01743850646646,358.0,1904.8474185435405,1889.0384496699255,244.90288606023967,0.993627265002996,0.5640711784362793,0.8866598010063171,0.0,1.0,0.0,0.0,1.0,1.0
SNPT-154,0,30.0,0.14378149854692698,0.9424436682904208,0.13881748071979436,1.0,0.9871382636655949,0.7994858611825193,0.0,388.0,389.0,389.0,957.0,562.0,1899.908731128391,540.1396621498919,124.08018741076276,,1.0,0.0,0.0,1.0,1.0,0.875,734.0,749.0,16.0,16.0,20.0,638.0,240.04045576434777,612.0260237074754,103.08549493787552,346.0,1882.4541118170437,-1879.908731128391,97.86033785010807,1.2036629157723857,0.9034990072250366,0.9685577154159546,0.0,0.0,0.0,1.0,0.0,1.0
SNPT-154,1,22.0,0.04287006639389587,0.9366871529612047,0.27531645569620256,1.0,0.959409594095941,0.8575949367088608,0.0,315.0,316.0,316.0,847.0,565.5,14.85508620794629,493.27729768376696,133.05379869880088,,1.0,0.0,0.0,1.0,0.995260663507109,0.890295358649789,389.0,625.0,237.0,237.0,37.0,556.5,22.055266273354135,494.7589571120686,120.16656797194274,74.0,66.98885948442853,22.14491379205371,63.22270231623304,1.1072447265854104,0.9556201696395874,0.9829502105712891,0.0,0.0,0.0,1.0,0.0,1.0
SNPT-154,0,,1.0,0.0,0.0,0.0,0.9970845481049563,0.8553615960099751,0.0,402.0,403.0,401.0,1538.0,382.0,1805.297464171775,447.94983846251336,82.27139190717432,,1.0,0.0,0.0,0.0,1.0,0.9615384615384616,568.0,749.0,182.0,182.0,1903.5,595.0,1532.403709510113,531.7698585737453,103.38458852461991,166.0,176.82615205702677,98.20253582822511,147.05016153748664,0.7957800391842956,0.7541440725326538,0.9855504631996155,0.0,0.0,0.0,1.0,0.0,1.0
SNPT-154,0,,1.0,0.0,0.0,1.0,1.0,0.9444444444444444,384.0,401.0,18.0,18.0,847.5,428.0,1714.5779694560144,452.86984610626394,90.68523599198176,6.0,0.010715102716767433,0.9598802934613144,0.29081632653061223,0.0,0.9937888198757764,0.8214285714285714,554.0,749.0,196.0,196.0,1904.0,774.5,1680.2595477071095,587.6380554256635,101.65936815400832,153.0,373.26486782057987,189.42203054398556,321.63015389373606,0.8920499668520332,0.6577304601669312,0.9174614548683167,0.0,0.0,0.0,0.0,1.0,1.0
SNPT-154,0,22.0,0.04287006639389587,0.9366871529612047,0.27531645569620256,1.0,0.959409594095941,0.8575949367088608,0.0,315.0,316.0,316.0,847.0,565.5,14.85508620794629,493.27729768376696,133.05379869880088,5.0,0.028923863494128454,0.9936907291412354,0.03669724770642202,1.0,1.0,0.8256880733944955,398.0,615.0,218.0,218.0,29.5,610.0,11.407587393210857,539.2180739880131,127.60759469919367,83.0,117.63784567893379,14.64491379205371,116.72270231623304,1.042679309271877,0.8810441493988037,0.9878919124603271,0.0,1.0,1.0,1.0,0.0,1.0
SNPT-154,0,25.0,0.03708640082459169,0.9682903343980963,0.04198473282442748,0.0,0.9953488372093023,0.8206106870229007,394.0,655.0,262.0,262.0,40.5,596.5,7.9514945510284445,565.7750786254646,128.12999825385302,,1.0,0.0,0.0,1.0,1.0,0.7419354838709677,719.0,749.0,31.0,31.0,23.0,519.5,878.6566039532133,483.6470862752804,91.25327108054874,64.0,48.66046052022792,15.048505448971556,-46.27507862546463,1.4041140305069546,0.6657294034957886,0.9169298410415649,0.0,0.0,0.0,0.0,1.0,1.0
SNPT-154,0,20.0,0.027575100429416164,0.938133180141449,0.46863468634686345,0.0,0.7871485943775101,0.9188191881918819,0.0,270.0,271.0,271.0,891.5,572.5,12.760245903153766,585.1726115865397,138.87836490152307,,1.0,0.0,0.0,0.0,1.0,0.8253012048192772,584.0,749.0,166.0,166.0,1898.5,450.0,1189.3202449257392,452.6928102066589,82.35182822896377,314.0,1890.5782330028978,1885.7397540968461,-135.1726115865397,1.6864029358935166,0.8303853273391724,0.9065068960189819,0.0,0.0,0.0,1.0,0.0,0.0
SNPT-154,0,6.0,0.009048051943517876,0.9867886244580987,0.6480582524271845,0.0,1.0,0.7694174757281553,0.0,411.0,412.0,412.0,1311.0,625.5,1903.8754946099177,669.8515791143584,155.88797676399125,,1.0,0.0,0.0,1.0,1.0,0.84375,484.0,675.0,192.0,192.0,1911.0,527.0,15.323077233132317,486.8760292113392,100.27445607112315,73.0,143.02913071300932,7.124505390082277,-142.8515791143584,1.554613037775266,0.6989812850952148,0.867358386516571,0.0,0.0,0.0,0.0,1.0,1.0
SNPT-154,0,,1.0,0.0,0.0,0.0,1.0,0.8723404255319149,479.0,525.0,47.0,47.0,1909.5,500.5,1908.8409885676083,510.3972078844273,127.12573186751627,6.0,0.055729502826579846,0.9897342771291733,0.03980099502487562,1.0,1.0,0.8606965174129353,549.0,749.0,201.0,201.0,1907.8878103546433,671.60823191849,1289.8024944755566,557.5025760916988,114.56348661021192,24.0,161.21384189583975,-0.9531782129649855,161.2110240340627,1.109653133201557,0.7458387017250061,0.9404317140579224,0.0,0.0,0.0,0.0,1.0,1.0
SNPT-154,0,40.0,0.26304522715462636,0.8410490744170689,0.27631578947368424,1.0,1.0,0.8157894736842105,0.0,303.0,304.0,304.0,590.0,540.5,25.181174493673986,528.9485192819712,131.06251103304606,23.0,0.17797372699715197,0.9631166458129883,0.015384615384615385,0.0,1.0,0.8615384615384616,324.0,417.0,94.0,65.0,1899.5,559.5,1909.4751338956216,482.0827028856983,106.29362909006691,21.0,1874.5678042208763,1874.318825506326,30.551480718028756,1.233023203319095,0.7111412286758423,0.9288127422332764,0.0,1.0,0.0,0.0,1.0,1.0
SNPT-154,0,20.0,0.027575100429416164,0.938133180141449,0.46863468634686345,0.0,0.7871485943775101,0.9188191881918819,0.0,270.0,271.0,271.0,891.5,572.5,12.760245903153766,585.1726115865397,138.87836490152307,,1.0,0.0,0.0,1.0,0.6,1.0,400.0,405.0,6.0,5.0,1887.9398925055452,428.7546967160745,1879.2091212486782,445.6284957210544,83.60590261071117,130.0,1881.692129739691,1875.1796466023914,-156.4179148704652,1.6611071774223112,0.6746060848236084,0.9022305011749268,0.0,0.0,0.0,0.0,1.0,0.0
SNPT-154,0,11.0,0.7138978239090648,0.6358635127544403,0.020833333333333332,1.0,1.0,0.8708333333333333,0.0,239.0,240.0,240.0,491.5,505.5,7.961550330074522,490.09711393976033,124.22073550086051,,1.0,0.0,0.0,0.0,0.9866071428571429,0.835820895522388,388.0,656.0,269.0,268.0,14.5,597.0,7.305657040180428,511.16115365778626,113.65217221394252,149.0,107.1026534316248,6.538449669925478,106.90288606023967,1.0929904205176422,0.5407509803771973,0.9042642712593079,0.0,0.0,0.0,0.0,1.0,1.0
SNPT-154,0,23.0,0.17797372699715197,0.9631166458129883,0.015384615384615385,0.0,1.0,0.8615384615384616,324.0,417.0,94.0,65.0,1899.5,559.5,1909.4751338956216,482.0827028856983,106.29362909006691,,1.0,0.0,0.0,1.0,0.75,0.8421052631578947,731.0,749.0,19.0,19.0,21.0,524.5,473.84789341443326,529.1479412363501,67.89876951862155,314.0,1888.9514441712283,-1888.4751338956216,42.417297114301675,1.5654720968237192,0.8277888298034668,0.9688698053359985,0.0,0.0,0.0,0.0,1.0,0.0
SNPT-154,0,,1.0,0.0,0.0,1.0,1.0,0.84375,484.0,675.0,192.0,192.0,1911.0,527.0,15.323077233132317,486.8760292113392,100.27445607112315,,1.0,0.0,0.0,1.0,1.0,0.8461538461538461,724.0,749.0,26.0,26.0,14.0,619.5,762.1427190841707,567.9059167628369,112.85891725143532,49.0,132.63057023596178,-1.3230772331323166,132.6239707886608,0.888493869276846,0.8805942535400391,0.9855189919471741,0.0,0.0,0.0,1.0,0.0,1.0
SNPT-154,0,20.0,0.027575100429416164,0.938133180141449,0.46863468634686345,0.0,0.7871485943775101,0.9188191881918819,0.0,270.0,271.0,271.0,891.5,572.5,12.760245903153766,585.1726115865397,138.87836490152307,6.0,0.010715102716767433,0.9598802934613144,0.29081632653061223,0.0,0.9937888198757764,0.8214285714285714,554.0,749.0,196.0,196.0,1904.0,774.5,1680.2595477071095,587.6380554256635,101.65936815400832,284.0,1900.6926809665365,1891.2397540968461,189.3273884134603,1.3661147754836527,0.9012500047683716,0.9634643793106079,0.0,1.0,1.0,1.0,0.0,0.0
SNPT-154,0,,1.0,0.0,0.0,1.0,0.6,1.0,400.0,405.0,6.0,5.0,1887.9398925055452,428.7546967160745,1879.2091212486782,445.6284957210544,83.60590261071117,55.0,0.12132943570202726,0.9284322912042792,0.29464285714285715,0.0,0.9964912280701754,0.8482142857142857,414.0,749.0,336.0,336.0,19.0,708.5,1886.1530244780706,759.0412680695197,150.23295775437145,9.0,1878.6908746621025,-1860.2091212486782,262.8715042789456,0.5565083977605335,0.6091620922088623,0.9138892889022827,0.0,0.0,0.0,0.0,1.0,0.0
SNPT-154,0,40.0,0.26304522715462636,0.8410490744170689,0.27631578947368424,1.0,1.0,0.8157894736842105,0.0,303.0,304.0,304.0,590.0,540.5,25.181174493673986,528.9485192819712,131.06251103304606,,1.0,0.0,0.0,1.0,0.6,1.0,400.0,405.0,6.0,5.0,1887.9398925055452,428.7546967160745,1879.2091212486782,445.6284957210544,83.60590261071117,97.0,1865.451377980567,1862.7587180118712,-100.19382256589677,1.5676227029484278,0.7574251294136047,0.9104795455932617,0.0,0.0,0.0,1.0,0.0,0.0
SNPT-154,0,,1.0,0.0,0.0,1.0,1.0,0.9344978165938864,0.0,272.0,273.0,229.0,386.5,542.5,11.097193976432415,579.118641298566,128.80506322857798,,1.0,0.0,0.0,1.0,1.0,0.9444444444444444,384.0,401.0,18.0,18.0,847.5,428.0,1714.5779694560144,452.86984610626394,90.68523599198176,112.0,849.9449968509857,836.4028060235676,-151.118641298566,1.4203531789889892,0.7155342102050781,0.9218565225601196,0.0,0.0,0.0,1.0,0.0,1.0
SNPT-154,0,20.0,0.027575100429416164,0.938133180141449,0.46863468634686345,0.0,0.7871485943775101,0.9188191881918819,0.0,270.0,271.0,271.0,891.5,572.5,12.760245903153766,585.1726115865397,138.87836490152307,11.0,0.05238653841661289,0.9910926818847656,0.06666666666666667,1.0,1.0,0.8666666666666667,735.0,749.0,15.0,15.0,15.0,724.5,264.34451930220393,688.2329387311754,117.83215079214096,465.0,139.34538980723252,2.2397540968462337,139.3273884134603,1.178611813226665,0.6632287502288818,0.9211680889129639,0.0,1.0,1.0,0.0,1.0,0.0
SNPT-154,1,,1.0,0.0,0.0,1.0,0.995260663507109,0.890295358649789,389.0,625.0,237.0,237.0,37.0,556.5,22.055266273354135,494.7589571120686,120.16656797194274,,1.0,0.0,0.0,1.0,1.0,0.9,730.0,749.0,20.0,20.0,22.0,550.5,505.6908000403549,541.1724717855157,110.04146420685663,105.0,55.74107028569851,-0.055266273354135365,55.74104288793143,1.0920117142939219,0.8873237371444702,0.9768522381782532,0.0,0.0,0.0,1.0,0.0,1.0
SNPT-154,0,5.0,0.028923863494128454,0.9936907291412354,0.03669724770642202,1.0,1.0,0.8256880733944955,398.0,615.0,218.0,218.0,29.5,610.0,11.407587393210857,539.2180739880131,127.60759469919367,,1.0,0.0,0.0,1.0,1.0,0.7419354838709677,719.0,749.0,31.0,31.0,23.0,519.5,878.6566039532133,483.6470862752804,91.25327108054874,104.0,22.873269810912525,11.592412606789143,-19.71807398801309,1.3983892652632164,0.7791798710823059,0.9629336595535278,0.0,0.0,0.0,1.0,0.0,1.0
SNPT-154,0,30.0,0.14378149854692698,0.9424436682904208,0.13881748071979436,1.0,0.9871382636655949,0.7994858611825193,0.0,388.0,389.0,389.0,957.0,562.0,1899.908731128391,540.1396621498919,124.08018741076276,,1.0,0.0,0.0,1.0,1.0,0.8461538461538461,724.0,749.0,26.0,26.0,14.0,619.5,762.1427190841707,567.9059167628369,112.85891725143532,336.0,1887.5777614101046,-1885.908731128391,79.36033785010807,1.09942741284969,0.8312992453575134,0.9400473833084106,0.0,0.0,0.0,1.0,0.0,1.0
SNPT-154,0,6.0,0.025534238928790167,0.9691000180166276,0.14987714987714987,1.0,1.0,0.7542997542997543,0.0,406.0,407.0,407.0,1220.0,578.0,1905.0337172108025,644.2411702697711,136.21343025139055,,1.0,0.0,0.0,0.0,1.0,0.9615384615384616,568.0,749.0,182.0,182.0,1903.5,595.0,1532.403709510113,531.7698585737453,103.38458852461991,162.0,49.26504986315659,-1.5337172108024788,-49.241170269771146,1.31754096229684,0.6792446374893188,0.9125850200653076,0.0,0.0,0.0,0.0,1.0,1.0
SNPT-154,0,,1.0,0.0,0.0,1.0,1.0,0.9139072847682119,583.0,733.0,151.0,151.0,1893.0,536.0,1900.5251862297969,562.0012033933947,101.70241844000488,11.0,0.05238653841661289,0.9910926818847656,0.06666666666666667,1.0,1.0,0.8666666666666667,735.0,749.0,15.0,15.0,15.0,724.5,264.34451930220393,688.2329387311754,117.83215079214096,2.0,1892.514487872023,-1885.5251862297969,162.4987966066053,0.8631126373939371,0.844384491443634,0.9483091235160828,0.0,0.0,0.0,1.0,0.0,1.0
SNPT-154,1,,1.0,0.0,0.0,1.0,1.0,0.84375,484.0,675.0,192.0,192.0,1911.0,527.0,15.323077233132317,486.8760292113392,100.27445607112315,,1.0,0.0,0.0,1.0,1.0,0.7419354838709677,719.0,749.0,31.0,31.0,23.0,519.5,878.6566039532133,483.6470862752804,91.25327108054874,44.0,33.51505054729659,7.676922766867683,32.62397078866081,1.0988587574314073,0.8993362188339233,0.975956380367279,0.0,0.0,0.0,1.0,0.0,1.0
SNPT-154,1,,1.0,0.0,0.0,1.0,1.0,0.9444444444444444,384.0,401.0,18.0,18.0,847.5,428.0,1714.5779694560144,452.86984610626394,90.68523599198176,,1.0,0.0,0.0,1.0,1.0,0.84375,484.0,675.0,192.0,192.0,1911.0,527.0,15.323077233132317,486.8760292113392,100.27445607112315,83.0,209.94497802836673,196.42203054398556,74.13015389373606,0.9043702608335277,0.7255658507347107,0.9569326639175415,0.0,0.0,0.0,1.0,0.0,1.0
SNPT-154,0,22.0,0.04287006639389587,0.9366871529612047,0.27531645569620256,1.0,0.959409594095941,0.8575949367088608,0.0,315.0,316.0,316.0,847.0,565.5,14.85508620794629,493.27729768376696,133.05379869880088,30.0,0.15749345839615742,0.9562542268208095,0.08641975308641975,1.0,1.0,0.845679012345679,582.0,749.0,168.0,162.0,1907.5,567.5,1584.188706831022,602.158096670061,125.57663417629595,267.0,1894.0997279029568,1892.6449137920538,74.22270231623304,1.0595426416032763,0.8625257611274719,0.9648061990737915,0.0,1.0,0.0,1.0,0.0,1.0
SNPT-154,1,,1.0,0.0,0.0,1.0,1.0,0.9344978165938864,0.0,272.0,273.0,229.0,386.5,542.5,11.097193976432415,579.118641298566,128.80506322857798,,1.0,0.0,0.0,1.0,1.0,0.875,734.0,749.0,16.0,16.0,20.0,638.0,240.04045576434777,612.0260237074754,103.08549493787552,462.0,59.55060333548444,8.902806023567585,58.88135870143401,1.2494974516657493,0.8471298217773438,0.9639474153518677,0.0,0.0,0.0,1.0,0.0,1.0
SNPT-154,0,55.0,0.019081952789256985,0.9942492138536483,0.7568627450980392,0.0,1.0,0.9098039215686274,0.0,254.0,255.0,255.0,1080.0,693.0,11.400808247642328,618.943198486749,160.94318969431282,5.0,0.028923863494128454,0.9936907291412354,0.03669724770642202,1.0,1.0,0.8256880733944955,398.0,615.0,218.0,218.0,29.5,610.0,11.407587393210857,539.2180739880131,127.60759469919367,144.0,20.188153488172254,18.099191752357672,-8.943198486748997,1.2612351958651078,0.7043133974075317,0.9123441576957703,0.0,1.0,1.0,0.0,1.0,1.0
SNPT-154,1,6.0,0.025534238928790167,0.9691000180166276,0.14987714987714987,1.0,1.0,0.7542997542997543,0.0,406.0,407.0,407.0,1220.0,578.0,1905.0337172108025,644.2411702697711,136.21343025139055,6.0,0.055729502826579846,0.9897342771291733,0.03980099502487562,1.0,1.0,0.8606965174129353,549.0,749.0,201.0,201.0,1907.8878103546433,671.60823191849,1289.8024944755566,557.5025760916988,114.56348661021192,143.0,27.515484930462286,2.854093143840828,27.367061648718845,1.1889776950909314,0.9482908248901367,0.9736154079437256,1.0,0.0,1.0,1.0,0.0,1.0
SNPT-154,1,11.0,0.7138978239090648,0.6358635127544403,0.020833333333333332,1.0,1.0,0.8708333333333333,0.0,239.0,240.0,240.0,491.5,505.5,7.961550330074522,490.09711393976033,124.22073550086051,,1.0,0.0,0.0,1.0,1.0,0.8655913978494624,405.0,590.0,186.0,186.0,9.5,520.5,7.2080103107269355,481.0554716182146,117.55614062284448,166.0,30.441785561606093,1.5384496699254777,30.402886060239666,1.0566928689790698,0.9300661087036133,0.9800148010253906,0.0,0.0,0.0,1.0,0.0,1.0
SNPT-154,1,28.0,0.008873909246245957,0.9734147666839131,0.28078817733990147,1.0,1.0,0.8448275862068966,0.0,405.0,406.0,406.0,1146.5,504.5,1899.5603848752623,522.2838576237615,107.21473214855811,,1.0,0.0,0.0,1.0,1.0,0.7419354838709677,719.0,749.0,31.0,31.0,23.0,519.5,878.6566039532133,483.6470862752804,91.25327108054874,314.0,1876.562449785901,-1876.5603848752623,-2.7838576237614916,1.1749138510763113,0.8811699151992798,0.9493464827537537,0.0,0.0,0.0,1.0,0.0,1.0
SNPT-154,0,,1.0,0.0,0.0,1.0,1.0,0.9344978165938864,0.0,272.0,273.0,229.0,386.5,542.5,11.097193976432415,579.118641298566,128.80506322857798,,1.0,0.0,0.0,1.0,1.0,0.8461538461538461,724.0,749.0,26.0,26.0,14.0,619.5,762.1427190841707,567.9059167628369,112.85891725143532,452.0,40.48555808414082,2.902806023567585,40.38135870143401,1.141292742881953,0.8069915771484375,0.949786365032196,0.0,0.0,0.0,1.0,0.0,1.0
SNPT-154,0,,1.0,0.0,0.0,1.0,0.6,1.0,400.0,405.0,6.0,5.0,1887.9398925055452,428.7546967160745,1879.2091212486782,445.6284957210544,83.60590261071117,55.0,0.019081952789256985,0.9942492138536483,0.7568627450980392,0.0,1.0,0.9098039215686274,0.0,254.0,255.0,255.0,1080.0,693.0,11.400808247642328,618.943198486749,160.94318969431282,146.0,1886.1523270810508,1876.539084257903,-190.18850177067452,0.5194746218806021,0.5961321592330933,0.8897848129272461,0.0,0.0,0.0,0.0,1.0,0.0
SNPT-154,0,20.0,0.027575100429416164,0.938133180141449,0.46863468634686345,0.0,0.7871485943775101,0.9188191881918819,0.0,270.0,271.0,271.0,891.5,572.5,12.760245903153766,585.1726115865397,138.87836490152307,11.0,0.03173437324841035,0.9751626756284144,0.3581395348837209,1.0,1.0,0.8093023255813954,403.0,749.0,347.0,215.0,25.0,656.5,996.3516723973662,514.0620253651458,128.63250168030953,133.0,72.3699379455026,12.239754096846234,71.32738841346031,1.0796522114346931,0.7820308804512024,0.9398131966590881,0.0,1.0,1.0,0.0,1.0,0.0
SNPT-154,0,,1.0,0.0,0.0,0.0,1.0,0.8723404255319149,479.0,525.0,47.0,47.0,1909.5,500.5,1908.8409885676083,510.3972078844273,127.12573186751627,,1.0,0.0,0.0,0.0,1.0,0.88,725.0,749.0,25.0,25.0,53.5,619.5,824.9894925452479,607.4081720007241,121.74209022041741,200.0,1858.546099268577,-1855.3409885676083,109.1027921155727,1.044221695531526,0.8343569040298462,0.9833009243011475,0.0,0.0,0.0,1.0,0.0,1.0
SNPT-154,0,11.0,0.7138978239090648,0.6358635127544403,0.020833333333333332,1.0,1.0,0.8708333333333333,0.0,239.0,240.0,240.0,491.5,505.5,7.961550330074522,490.09711393976033,124.22073550086051,55.0,0.12132943570202726,0.9284322912042792,0.29464285714285715,0.0,0.9964912280701754,0.8482142857142857,414.0,749.0,336.0,336.0,19.0,708.5,1886.1530244780706,759.0412680695197,150.23295775437145,175.0,218.68165906302593,11.038449669925477,218.40288606023967,0.8268540895264771,0.50925612449646,0.9094028472900391,0.0,1.0,0.0,0.0,1.0,1.0
SNPT-154,0,10.0,0.08838153941572575,0.9779682487857585,0.15960912052117263,1.0,1.0,0.8371335504885994,0.0,306.0,307.0,307.0,712.0,493.5,24.122800911449957,558.2028216862427,110.27639609867612,,1.0,0.0,0.0,0.0,1.0,0.8723404255319149,479.0,525.0,47.0,47.0,1909.5,500.5,1908.8409885676083,510.3972078844273,127.12573186751627,173.0,1886.2600028823015,1885.37719908855,-57.702821686242714,0.8674592820720227,0.7739098072052002,0.9326502084732056,0.0,0.0,0.0,0.0,1.0,1.0
SNPT-154,0,26.0,0.04072456968727541,0.9733736701309681,0.19875776397515527,0.0,1.0,0.9006211180124224,223.0,383.0,161.0,161.0,1901.5,611.0,700.5948703112118,510.92698223687887,115.9323202404645,11.0,0.03173437324841035,0.9751626756284144,0.3581395348837209,1.0,1.0,0.8093023255813954,403.0,749.0,347.0,215.0,25.0,656.5,996.3516723973662,514.0620253651458,128.63250168030953,20.0,691.1005225663522,-675.5948703112118,145.57301776312113,0.9012677101514452,0.6855608820915222,0.9375208616256714,0.0,1.0,1.0,0.0,1.0,1.0
SNPT-154,1,6.0,0.009048051943517876,0.9867886244580987,0.6480582524271845,0.0,1.0,0.7694174757281553,0.0,411.0,412.0,412.0,1311.0,625.5,1903.8754946099177,669.8515791143584,155.88797676399125,6.0,0.010715102716767433,0.9598802934613144,0.29081632653061223,0.0,0.9937888198757764,0.8214285714285714,554.0,749.0,196.0,196.0,1904.0,774.5,1680.2595477071095,587.6380554256635,101.65936815400832,143.0,104.64849495071847,0.12450539008227679,104.6484208856416,1.5334344448003019,0.9501579403877258,0.9465547800064087,1.0,0.0,1.0,1.0,0.0,1.0
SNPT-154,0,,1.0,0.0,0.0,0.0,0.9970845481049563,0.8553615960099751,0.0,402.0,403.0,401.0,1538.0,382.0,1805.297464171775,447.94983846251336,82.27139190717432,,1.0,0.0,0.0,1.0,1.0,0.7419354838709677,719.0,749.0,31.0,31.0,23.0,519.5,878.6566039532133,483.6470862752804,91.25327108054874,317.0,1783.7330731948598,-1782.297464171775,71.55016153748664,0.9015719758095447,0.6157034635543823,0.945650577545166,0.0,0.0,0.0,0.0,1.0,1.0
SNPT-154,0,6.0,0.025534238928790167,0.9691000180166276,0.14987714987714987,1.0,1.0,0.7542997542997543,0.0,406.0,407.0,407.0,1220.0,578.0,1905.0337172108025,644.2411702697711,136.21343025139055,55.0,0.12132943570202726,0.9284322912042792,0.29464285714285715,0.0,0.9964912280701754,0.8482142857142857,414.0,749.0,336.0,336.0,19.0,708.5,1886.1530244780706,759.0412680695197,150.23295775437145,8.0,1887.1280771729025,-1886.0337172108025,64.25882973022885,0.9066814119049522,0.7481944561004639,0.9287316799163818,0.0,1.0,1.0,0.0,1.0,1.0
SNPT-154,0,,1.0,0.0,0.0,1.0,0.6,1.0,400.0,405.0,6.0,5.0,1887.9398925055452,428.7546967160745,1879.2091212486782,445.6284957210544,83.60590261071117,20.0,0.08420237032213894,0.8949764015674591,0.41254125412541254,0.0,0.6218181818181818,0.9075907590759076,0.0,316.0,317.0,303.0,1062.5,592.0,14.968520847029943,496.6922380578759,132.56995689261748,84.0,1874.203102274657,1872.9713716585152,-67.93754134180142,0.6306549731960197,0.7144057154655457,0.9239746332168579,0.0,0.0,0.0,0.0,1.0,0.0
SNPT-154,1,9.0,0.07491687658507894,0.9092487366426558,0.3511705685618729,0.0,0.984375,0.8561872909698997,0.0,298.0,299.0,299.0,725.5,599.0,17.113339983024325,514.4590428549394,112.79810468661388,,1.0,0.0,0.0,1.0,0.75,0.8421052631578947,731.0,749.0,19.0,19.0,21.0,524.5,473.84789341443326,529.1479412363501,67.89876951862155,433.0,10.766937655457127,3.886660016975675,10.040957145060588,1.6612687606316412,0.831167459487915,0.9386006593704224,0.0,0.0,0.0,0.0,1.0,0.0
SNPT-154,0,23.0,0.17797372699715197,0.9631166458129883,0.015384615384615385,0.0,1.0,0.8615384615384616,324.0,417.0,94.0,65.0,1899.5,559.5,1909.4751338956216,482.0827028856983,106.29362909006691,,1.0,0.0,0.0,1.0,1.0,0.84375,484.0,675.0,192.0,192.0,1911.0,527.0,15.323077233132317,486.8760292113392,100.27445607112315,67.0,44.9431729708833,1.5248661043783613,44.917297114301675,1.0600269824916773,0.7549548149108887,0.9419089555740356,0.0,0.0,0.0,0.0,1.0,1.0
SNPT-154,0,6.0,0.025534238928790167,0.9691000180166276,0.14987714987714987,1.0,1.0,0.7542997542997543,0.0,406.0,407.0,407.0,1220.0,578.0,1905.0337172108025,644.2411702697711,136.21343025139055,,1.0,0.0,0.0,1.0,1.0,0.875,734.0,749.0,16.0,16.0,20.0,638.0,240.04045576434777,612.0260237074754,103.08549493787552,328.0,1885.0440491479005,-1885.0337172108025,-6.241170269771146,1.321363692665778,0.8645832538604736,0.9758713245391846,0.0,0.0,0.0,1.0,0.0,1.0
SNPT-154,0,,1.0,0.0,0.0,1.0,1.0,0.8655913978494624,405.0,590.0,186.0,186.0,9.5,520.5,7.2080103107269355,481.0554716182146,117.55614062284448,11.0,0.05238653841661289,0.9910926818847656,0.06666666666666667,1.0,1.0,0.8666666666666667,735.0,749.0,15.0,15.0,15.0,724.5,264.34451930220393,688.2329387311754,117.83215079214096,145.0,243.56919653837113,7.7919896892730645,243.4445283817854,0.9976575988179714,0.5869135856628418,0.8989549875259399,0.0,0.0,0.0,1.0,0.0,1.0
SNPT-155,0,11.0,0.5726551120169461,0.8596023619174957,0.07692307692307693,0.0,1.0,0.8846153846153846,0.0,25.0,26.0,26.0,295.5,548.0,11.780810468563315,566.2654713423182,138.37365172974543,3.0,0.00848121031248663,0.9943878430695761,0.4827586206896552,1.0,1.0,0.7816091954022989,375.0,548.0,174.0,174.0,1903.0,1069.0,1905.1490596523038,1022.9136114341457,180.1742880473413,350.0,1956.8985740596281,1891.2191895314368,502.73452865768184,0.7679988816905294,0.7100702524185181,0.8771458268165588,0.0,1.0,0.0,0.0,1.0,1.0
SNPT-155,0,3.0,0.036723390311303,0.9654217234679631,0.6774193548387096,1.0,1.0,0.9193548387096774,0.0,61.0,62.0,62.0,938.5,753.5,10.936236551165205,957.6774737438429,188.779198994502,1.0,0.6534266173839569,0.7308578372001648,0.011135857461024499,0.0,1.0,0.734966592427617,301.0,749.0,449.0,449.0,13.5,577.5,1099.7969663880617,642.7476184285274,134.75665238556306,240.0,380.1861181385664,2.563763448834795,-380.17747374384294,1.400889645539507,0.6270763874053955,0.8734070062637329,0.0,1.0,0.0,0.0,1.0,1.0
SNPT-155,1,3.0,0.036723390311303,0.9654217234679631,0.6774193548387096,1.0,1.0,0.9193548387096774,0.0,61.0,62.0,62.0,938.5,753.5,10.936236551165205,957.6774737438429,188.779198994502,3.0,0.013231086638188571,0.9952808225154877,0.5319148936170213,1.0,1.0,0.7340425531914894,131.0,224.0,94.0,94.0,157.0,1063.5,269.9482542575932,1063.2553837609064,106.06648091689478,70.0,180.36914940219745,146.0637634488348,105.82252625615706,1.7798195750683414,0.9158870577812195,0.8995410799980164,1.0,0.0,1.0,1.0,0.0,1.0
SNPT-155,0,28.0,0.0017232157697435468,0.9998466074466705,0.0058823529411764705,0.0,1.0,0.7441176470588236,0.0,339.0,340.0,340.0,766.0,256.0,1912.682732172735,474.4757284690462,74.11328072539057,3.0,0.00848121031248663,0.9943878430695761,0.4827586206896552,1.0,1.0,0.7816091954022989,375.0,548.0,174.0,174.0,1903.0,1069.0,1905.1490596523038,1022.9136114341457,180.1742880473413,36.0,594.6031153145266,-9.682732172735086,594.5242715309538,0.41134215946460184,0.633194088935852,0.8715393543243408,0.0,1.0,1.0,0.0,1.0,1.0
SNPT-155,0,22.0,0.018653347481501572,0.9971257873943874,0.06481481481481481,0.0,0.9080459770114943,0.8055555555555556,0.0,107.0,108.0,108.0,526.0,297.5,26.20691045123438,493.32571901959585,93.88436092433246,3.0,0.013231086638188571,0.9952808225154877,0.5319148936170213,1.0,1.0,0.7340425531914894,131.0,224.0,94.0,94.0,157.0,1063.5,269.9482542575932,1063.2553837609064,106.06648091689478,24.0,584.9833698193755,130.79308954876564,570.1742809804041,0.8851463734136022,0.6704646944999695,0.8312271237373352,0.0,1.0,1.0,0.0,1.0,1.0
SNPT-155,0,3.0,0.036723390311303,0.9654217234679631,0.6774193548387096,1.0,1.0,0.9193548387096774,0.0,61.0,62.0,62.0,938.5,753.5,10.936236551165205,957.6774737438429,188.779198994502,25.0,0.0020724988444449366,0.9983590199397161,0.4961832061068702,1.0,1.0,0.816793893129771,136.0,310.0,175.0,131.0,1908.5,510.0,1912.0962634106645,675.5853799887745,106.99649982303058,75.0,1949.6572408635766,1897.5637634488348,-447.67747374384294,1.7643492946660673,0.7514944076538086,0.9784432053565979,0.0,1.0,1.0,1.0,0.0,1.0
SNPT-155,0,11.0,0.5726551120169461,0.8596023619174957,0.07692307692307693,0.0,1.0,0.8846153846153846,0.0,25.0,26.0,26.0,295.5,548.0,11.780810468563315,566.2654713423182,138.37365172974543,14.0,0.0005443747907703267,0.9999405755787283,0.6727272727272727,1.0,1.0,0.7522727272727273,310.0,749.0,440.0,440.0,6.5,608.0,924.4523078622482,664.4696764966325,139.63820778182998,285.0,42.06730133350313,-5.280810468563315,41.734528657681835,0.9909440541226346,0.6238657832145691,0.7895954847335815,0.0,1.0,0.0,0.0,1.0,1.0
SNPT-155,1,3.0,0.036723390311303,0.9654217234679631,0.6774193548387096,1.0,1.0,0.9193548387096774,0.0,61.0,62.0,62.0,938.5,753.5,10.936236551165205,957.6774737438429,188.779198994502,3.0,0.00848121031248663,0.9943878430695761,0.4827586206896552,1.0,1.0,0.7816091954022989,375.0,548.0,174.0,174.0,1903.0,1069.0,1905.1490596523038,1022.9136114341457,180.1742880473413,314.0,1895.3358514543593,1892.0637634488348,111.32252625615706,1.047758817533941,0.9088780283927917,0.9636791348457336,1.0,0.0,1.0,1.0,0.0,1.0
SNPT-155,0,22.0,0.018653347481501572,0.9971257873943874,0.06481481481481481,0.0,0.9080459770114943,0.8055555555555556,0.0,107.0,108.0,108.0,526.0,297.5,26.20691045123438,493.32571901959585,93.88436092433246,1.0,0.6534266173839569,0.7308578372001648,0.011135857461024499,0.0,1.0,0.734966592427617,301.0,749.0,449.0,449.0,13.5,577.5,1099.7969663880617,642.7476184285274,134.75665238556306,194.0,85.12799276256735,-12.706910451234378,84.17428098040415,0.6966955564888357,0.8123047947883606,0.912722647190094,0.0,1.0,0.0,1.0,0.0,1.0
SNPT-155,1,9.0,0.06401057531729748,0.9849370270967484,0.037383177570093455,1.0,0.9438202247191011,0.8317757009345794,0.0,108.0,109.0,107.0,682.5,286.5,10.103662899710905,494.90049202452514,86.62702107081141,9.0,0.00039452417695429176,0.9999663829803467,0.004366812227074236,1.0,1.0,0.8100436681222707,292.0,749.0,458.0,458.0,11.5,569.5,1879.6541372162842,496.2072918644105,116.20158319116322,184.0,74.61257499564387,1.3963371002890952,74.59950797547486,0.7454891636743133,0.9278149008750916,0.9822920560836792,1.0,0.0,1.0,1.0,0.0,1.0
SNPT-155,1,14.0,0.015745979928048912,0.9906343350686678,0.8282828282828283,1.0,1.0,0.8787878787878788,0.0,197.0,198.0,198.0,815.5,566.0,12.149786330775218,601.6224669890266,130.07222941002405,14.0,0.0005443747907703267,0.9999405755787283,0.6727272727272727,1.0,1.0,0.7522727272727273,310.0,749.0,440.0,440.0,6.5,608.0,924.4523078622482,664.4696764966325,139.63820778182998,113.0,8.52015333720406,-5.649786330775218,6.377533010973366,0.9314945492085392,0.9299210906028748,0.9321549534797668,1.0,0.0,1.0,1.0,0.0,1.0
SNPT-155,0,55.0,0.023293589214469983,0.9936992123529509,0.6666666666666666,1.0,1.0,0.9134199134199135,0.0,230.0,231.0,231.0,1708.5,593.0,1912.9895574464126,637.1291671415131,143.20049781509857,14.0,0.0005443747907703267,0.9999405755787283,0.6727272727272727,1.0,1.0,0.7522727272727273,310.0,749.0,440.0,440.0,6.5,608.0,924.4523078622482,664.4696764966325,139.63820778182998,80.0,1906.7120760698444,-1906.4895574464126,-29.129167141513108,1.0255108547284872,0.8368802070617676,0.9478257894515991,0.0,1.0,1.0,1.0,0.0,1.0
SNPT-155,0,,1.0,0.0,0.0,1.0,1.0,0.7333333333333333,35.0,65.0,31.0,30.0,1912.0,385.0,1908.824034816032,481.35700074788815,129.05280639690977,1.0,0.07307147230936348,0.8761012069880962,0.11188811188811189,1.0,0.9944903581267218,0.8461538461538461,321.0,749.0,429.0,429.0,11.5,515.0,609.5562753990678,487.30794369228386,108.07337376006166,256.0,1897.6222870975312,-1897.324034816032,33.64299925211185,1.1941221219152967,0.5704190731048584,0.9183732867240906,0.0,0.0,0.0,1.0,0.0,1.0
SNPT-155,1,11.0,0.5726551120169461,0.8596023619174957,0.07692307692307693,0.0,1.0,0.8846153846153846,0.0,25.0,26.0,26.0,295.5,548.0,11.780810468563315,566.2654713423182,138.37365172974543,1.0,0.6534266173839569,0.7308578372001648,0.011135857461024499,0.0,1.0,0.734966592427617,301.0,749.0,449.0,449.0,13.5,577.5,1099.7969663880617,642.7476184285274,134.75665238556306,276.0,11.36530891816302,1.719189531436685,11.234528657681835,1.0268409705951547,0.7982689738273621,0.8754437565803528,0.0,1.0,0.0,1.0,0.0,1.0
SNPT-155,1,22.0,0.018653347481501572,0.9971257873943874,0.06481481481481481,0.0,0.9080459770114943,0.8055555555555556,0.0,107.0,108.0,108.0,526.0,297.5,26.20691045123438,493.32571901959585,93.88436092433246,22.0,0.01300652300586927,0.982465122057044,0.26037735849056604,0.0,1.0,0.7830188679245284,187.0,716.0,530.0,530.0,9.5,439.5,1912.2906412955122,453.68695420093457,120.27571607445556,80.0,56.358929060105886,-16.70691045123438,-53.82571901959585,0.780576195997987,0.9555761218070984,0.9867367148399353,1.0,0.0,1.0,1.0,0.0,1.0
SNPT-155,0,,1.0,0.0,0.0,1.0,1.0,0.7333333333333333,35.0,65.0,31.0,30.0,1912.0,385.0,1908.824034816032,481.35700074788815,129.05280639690977,11.0,0.001746458542194367,0.9998192616871425,0.11363636363636363,0.0,1.0,0.7792207792207793,308.0,615.0,308.0,308.0,11.5,606.5,6.956461325271973,810.2009784765252,142.56166529709668,243.0,1901.4466238504833,-1897.324034816032,125.14299925211185,0.905241995651253,0.7947938442230225,0.9267231225967407,0.0,0.0,0.0,0.0,1.0,1.0
SNPT-155,0,14.0,0.015745979928048912,0.9906343350686678,0.8282828282828283,1.0,1.0,0.8787878787878788,0.0,197.0,198.0,198.0,815.5,566.0,12.149786330775218,601.6224669890266,130.07222941002405,1.0,0.07307147230936348,0.8761012069880962,0.11188811188811189,1.0,0.9944903581267218,0.8461538461538461,321.0,749.0,429.0,429.0,11.5,515.0,609.5562753990678,487.30794369228386,108.07337376006166,124.0,86.62490409541977,-0.6497863307752176,-86.62246698902663,1.2035548154423585,0.5632817149162292,0.9162792563438416,0.0,1.0,1.0,1.0,0.0,1.0
SNPT-155,0,,1.0,0.0,0.0,1.0,1.0,0.7333333333333333,35.0,65.0,31.0,30.0,1912.0,385.0,1908.824034816032,481.35700074788815,129.05280639690977,1.0,0.6534266173839569,0.7308578372001648,0.011135857461024499,0.0,1.0,0.734966592427617,301.0,749.0,449.0,449.0,13.5,577.5,1099.7969663880617,642.7476184285274,134.75665238556306,236.0,1897.7609631501316,-1895.324034816032,96.14299925211185,0.9576729913686669,0.7957980632781982,0.9017831087112427,0.0,0.0,0.0,0.0,1.0,1.0
SNPT-155,0,9.0,0.06401057531729748,0.9849370270967484,0.037383177570093455,1.0,0.9438202247191011,0.8317757009345794,0.0,108.0,109.0,107.0,682.5,286.5,10.103662899710905,494.90049202452514,86.62702107081141,11.0,0.001746458542194367,0.9998192616871425,0.11363636363636363,0.0,1.0,0.7792207792207793,308.0,615.0,308.0,308.0,11.5,606.5,6.956461325271973,810.2009784765252,142.56166529709668,200.0,111.60824314389023,1.3963371002890952,111.59950797547486,0.6076459677310995,0.7553890347480774,0.9097355604171753,0.0,1.0,1.0,0.0,1.0,1.0
SNPT-155,1,3.0,0.013231086638188571,0.9952808225154877,0.5319148936170213,1.0,1.0,0.7340425531914894,131.0,224.0,94.0,94.0,157.0,1063.5,269.9482542575932,1063.2553837609064,106.06648091689478,3.0,0.00848121031248663,0.9943878430695761,0.4827586206896552,1.0,1.0,0.7816091954022989,375.0,548.0,174.0,174.0,1903.0,1069.0,1905.1490596523038,1022.9136114341457,180.1742880473413,151.0,1633.0618496823863,1633.0517457424069,5.744616239093602,0.5886882199807861,0.8724643588066101,0.9568607211112976,1.0,0.0,1.0,1.0,0.0,1.0
SNPT-155,0,11.0,0.5726551120169461,0.8596023619174957,0.07692307692307693,0.0,1.0,0.8846153846153846,0.0,25.0,26.0,26.0,295.5,548.0,11.780810468563315,566.2654713423182,138.37365172974543,3.0,0.013231086638188571,0.9952808225154877,0.5319148936170213,1.0,1.0,0.7340425531914894,131.0,224.0,94.0,94.0,157.0,1063.5,269.9482542575932,1063.2553837609064,106.06648091689478,106.0,518.0065535276502,145.21918953143668,497.23452865768184,1.3045935957672055,0.6643390655517578,0.8006704449653625,0.0,1.0,0.0,0.0,1.0,1.0
SNPT-155,0,14.0,0.015745979928048912,0.9906343350686678,0.8282828282828283,1.0,1.0,0.8787878787878788,0.0,197.0,198.0,198.0,815.5,566.0,12.149786330775218,601.6224669890266,130.07222941002405,1.0,0.6534266173839569,0.7308578372001648,0.011135857461024499,0.0,1.0,0.734966592427617,301.0,749.0,449.0,449.0,13.5,577.5,1099.7969663880617,642.7476184285274,134.75665238556306,104.0,24.16022538365984,1.3502136692247824,-24.122466989026634,0.9652379092786008,0.7500559091567993,0.8884435296058655,0.0,1.0,0.0,0.0,1.0,1.0
SNPT-155,0,22.0,0.018653347481501572,0.9971257873943874,0.06481481481481481,0.0,0.9080459770114943,0.8055555555555556,0.0,107.0,108.0,108.0,526.0,297.5,26.20691045123438,493.32571901959585,93.88436092433246,6.0,0.0012715622430474183,0.9997720993032643,0.3617021276595745,1.0,1.0,0.8900709219858156,285.0,577.0,293.0,282.0,9.5,841.0,1904.3995623000942,652.1143243065733,146.02106075277487,178.0,348.07546094498906,-16.70691045123438,347.67428098040415,0.6429508212057579,0.7563567161560059,0.9407811760902405,0.0,1.0,1.0,0.0,1.0,1.0
SNPT-155,1,,1.0,0.0,0.0,1.0,1.0,0.7333333333333333,35.0,65.0,31.0,30.0,1912.0,385.0,1908.824034816032,481.35700074788815,129.05280639690977,25.0,0.0020724988444449366,0.9983590199397161,0.4961832061068702,1.0,1.0,0.816793893129771,136.0,310.0,175.0,131.0,1908.5,510.0,1912.0962634106645,675.5853799887745,106.99649982303058,71.0,28.64483207698172,-0.32403481603205364,28.64299925211185,1.2061404495507775,0.9212079048156738,0.976317822933197,0.0,0.0,0.0,1.0,0.0,1.0
SNPT-156,0,6.0,5.3614213750089824e-05,0.9999958810706934,0.3018867924528302,0.0,1.0,0.89937106918239,0.0,317.0,318.0,318.0,1684.5,552.0,1905.6485948268273,792.4139561459759,142.52817119904498,14.0,0.000446024383983036,0.9975973781216088,0.7857142857142857,0.0,1.0,0.9172932330827067,484.0,749.0,266.0,266.0,14.0,712.5,1126.94344890817,540.2595018752667,127.33506815894468,167.0,1893.3358515322132,-1891.6485948268273,-79.91395614597593,1.1193159375478219,0.8250492215156555,0.9753482937812805,0.0,1.0,1.0,1.0,0.0,1.0
SNPT-156,1,6.0,5.3614213750089824e-05,0.9999958810706934,0.3018867924528302,0.0,1.0,0.89937106918239,0.0,317.0,318.0,318.0,1684.5,552.0,1905.6485948268273,792.4139561459759,142.52817119904498,6.0,0.03849858318130578,0.9778721755550753,0.48947368421052634,0.0,1.0,0.9263157894736842,396.0,628.0,233.0,190.0,1892.0,703.0,1902.3363349786578,700.7915923292521,151.32654706658636,79.0,90.4496528153724,-13.64859482682732,-89.41395614597593,0.9418583451608795,0.8896249532699585,0.9827601909637451,1.0,0.0,1.0,1.0,0.0,1.0
SNPT-156,0,,1.0,0.0,0.0,0.0,1.0,0.7634408602150538,0.0,185.0,186.0,186.0,189.5,643.5,12.61313625540308,751.8732082385075,123.74716873216265,30.0,0.24609325723693473,0.8649315569760665,0.21285140562248997,1.0,1.0,0.8835341365461847,375.0,623.0,249.0,249.0,1907.5,608.0,1897.4634273682295,701.2278214413986,132.25911157564437,190.0,1900.3409500509838,1894.886863744597,-143.87320823850746,0.9356419172783162,0.585475504398346,0.9026404023170471,0.0,0.0,0.0,0.0,1.0,1.0
SNPT-156,1,,1.0,0.0,0.0,0.0,1.0,0.7634408602150538,0.0,185.0,186.0,186.0,189.5,643.5,12.61313625540308,751.8732082385075,123.74716873216265,14.0,0.000446024383983036,0.9975973781216088,0.7857142857142857,0.0,1.0,0.9172932330827067,484.0,749.0,266.0,266.0,14.0,712.5,1126.94344890817,540.2595018752667,127.33506815894468,299.0,39.39762579190463,1.3868637445969192,-39.37320823850746,0.9718231632600732,0.8305266499519348,0.9513698816299438,0.0,0.0,0.0,1.0,0.0,1.0
SNPT-156,0,,1.0,0.0,0.0,0.0,1.0,0.7634408602150538,0.0,185.0,186.0,186.0,189.5,643.5,12.61313625540308,751.8732082385075,123.74716873216265,24.0,0.4549828738134336,0.8079497125241664,0.3333333333333333,0.0,1.0,0.8658008658008658,399.0,629.0,231.0,231.0,1902.0,533.5,1903.1892141579,618.767043821495,121.12046412314066,214.0,1901.96466291228,1889.386863744597,-218.37320823850746,1.0216867118867003,0.8326798677444458,0.9870190024375916,0.0,0.0,0.0,1.0,0.0,1.0
SNPT-156,1,30.0,0.04254949556047601,0.9770196970598197,0.2862190812720848,1.0,1.0,0.8869257950530035,0.0,282.0,283.0,283.0,1606.0,519.0,1900.8021055805316,609.5578746139818,120.6202175868346,30.0,0.24609325723693473,0.8649315569760665,0.21285140562248997,1.0,1.0,0.8835341365461847,375.0,623.0,249.0,249.0,1907.5,608.0,1897.4634273682295,701.2278214413986,132.25911157564437,93.0,6.876682555363082,6.697894419468412,-1.5578746139817667,0.9119993031092378,0.9157564640045166,0.9923422336578369,1.0,0.0,0.0,1.0,0.0,1.0
SNPT-156,0,25.0,0.0034677955441309123,0.9735053417583307,0.07973421926910298,0.0,0.8811475409836066,0.8106312292358804,0.0,300.0,301.0,301.0,1501.0,472.5,1884.2428436744117,591.2579179229493,115.79663180643772,14.0,0.000446024383983036,0.9975973781216088,0.7857142857142857,0.0,1.0,0.9172932330827067,484.0,749.0,266.0,266.0,14.0,712.5,1126.94344890817,540.2595018752667,127.33506815894468,184.0,1874.1685988143458,-1870.2428436744117,121.24208207705067,0.909385242264101,0.8132165670394897,0.9456701278686523,0.0,1.0,1.0,1.0,0.0,0.0
SNPT-156,0,30.0,0.04254949556047601,0.9770196970598197,0.2862190812720848,1.0,1.0,0.8869257950530035,0.0,282.0,283.0,283.0,1606.0,519.0,1900.8021055805316,609.5578746139818,120.6202175868346,24.0,0.4549828738134336,0.8079497125241664,0.3333333333333333,0.0,1.0,0.8658008658008658,399.0,629.0,231.0,231.0,1902.0,533.5,1903.1892141579,618.767043821495,121.12046412314066,117.0,76.06730731290786,1.1978944194684118,-76.05787461398177,0.9958698429705696,0.5341470241546631,0.9353488087654114,0.0,1.0,0.0,0.0,1.0,1.0
SNPT-156,0,25.0,0.0034677955441309123,0.9735053417583307,0.07973421926910298,0.0,0.8811475409836066,0.8106312292358804,0.0,300.0,301.0,301.0,1501.0,472.5,1884.2428436744117,591.2579179229493,115.79663180643772,24.0,0.4549828738134336,0.8079497125241664,0.3333333333333333,0.0,1.0,0.8658008658008658,399.0,629.0,231.0,231.0,1902.0,533.5,1903.1892141579,618.767043821495,121.12046412314066,99.0,60.42593552081368,17.757156325588312,-57.75791792294933,0.9560451460019975,0.7250628471374512,0.9858993291854858,0.0,1.0,0.0,1.0,0.0,0.0
SNPT-157,0,9.0,0.07002444199493003,0.9634191104860017,0.3333333333333333,0.0,1.0,0.8939393939393939,237.0,434.0,198.0,198.0,1910.5,676.5,1876.9734078563342,489.10101852346173,127.06157458635846,,1.0,0.0,0.0,0.0,1.0,0.8382838283828383,447.0,749.0,303.0,303.0,23.0,372.5,645.7974137253987,471.60687211317475,70.42302627657243,13.0,1857.6364538195137,-1853.9734078563342,-116.60101852346173,1.8042617777791798,0.6586977243423462,0.9120984077453613,0.0,0.0,0.0,1.0,0.0,1.0
SNPT-157,1,3.0,0.007333750112612354,0.9957201549162468,0.4528301886792453,1.0,1.0,0.8773584905660378,229.0,440.0,212.0,212.0,1909.5,898.0,1900.3713529456081,848.2155205656964,137.3318190094591,3.0,0.0133484019787108,0.9852579564056141,0.8418079096045198,1.0,1.0,0.8813559322033898,507.0,683.0,177.0,177.0,1400.5,1041.5,10.031203708809493,607.3262560655874,123.39220480000152,67.0,535.9386713849473,-499.8713529456081,193.28447943430365,1.1129699743355053,0.952054500579834,0.9852306842803955,1.0,0.0,1.0,1.0,0.0,1.0
SNPT-157,1,,1.0,0.0,0.0,1.0,0.8947368421052632,0.76,46.0,71.0,26.0,25.0,1913.5,441.5,1913.890246308511,459.1236813704372,60.431686541546725,26.0,0.1625022164350542,0.9120369156201681,0.8181818181818182,1.0,1.0,0.8181818181818182,739.0,749.0,11.0,11.0,1906.5,522.0,1839.3805322936844,510.36302172138073,116.50029507637284,668.0,63.30913982125143,-7.390246308510996,62.876318629562775,0.5187256092521498,0.7557523846626282,0.9140957593917847,0.0,0.0,0.0,1.0,0.0,0.0
SNPT-157,0,,1.0,0.0,0.0,0.0,1.0,0.8571428571428571,227.0,448.0,222.0,217.0,1908.0,499.5,1881.846020284941,392.6561932508523,81.37075069170356,3.0,0.0133484019787108,0.9852579564056141,0.8418079096045198,1.0,1.0,0.8813559322033898,507.0,683.0,177.0,177.0,1400.5,1041.5,10.031203708809493,607.3262560655874,123.39220480000152,59.0,807.8937286554935,-481.346020284941,648.8438067491477,0.6594480650020977,0.6935876607894897,0.9207274913787842,0.0,0.0,0.0,0.0,1.0,1.0
SNPT-157,1,,1.0,0.0,0.0,0.0,1.0,0.8947368421052632,0.0,341.0,342.0,342.0,1538.0,423.5,10.141192821424724,607.3948038176034,102.53049297600636,11.0,0.1906125796806085,0.9311413168907166,0.04229607250755287,0.0,1.0,0.9486404833836858,419.0,749.0,331.0,331.0,15.5,526.0,294.591151126526,569.398579907279,113.60827799393405,78.0,81.57101754228206,5.358807178575276,-81.39480381760336,0.9024913922335908,0.9079631567001343,0.9769390821456909,0.0,0.0,0.0,1.0,0.0,1.0
SNPT-157,0,,1.0,0.0,0.0,0.0,1.0,0.928030303030303,0.0,263.0,264.0,264.0,280.0,494.0,9.987269044538886,644.9603883005547,106.77856112904846,10.0,0.001208585917897596,0.9998827482524671,0.4523809523809524,1.0,1.0,0.8452380952380952,666.0,749.0,84.0,84.0,1903.5,602.0,1493.0460635983363,570.4714095577772,119.0230403769662,403.0,1894.0000151143988,1893.5127309554612,-42.960388300554655,0.8971251346870539,0.6314483880996704,0.9287146329879761,0.0,0.0,0.0,0.0,1.0,1.0
SNPT-157,0,9.0,0.07002444199493003,0.9634191104860017,0.3333333333333333,0.0,1.0,0.8939393939393939,237.0,434.0,198.0,198.0,1910.5,676.5,1876.9734078563342,489.10101852346173,127.06157458635846,26.0,0.1625022164350542,0.9120369156201681,0.8181818181818182,1.0,1.0,0.8181818181818182,739.0,749.0,11.0,11.0,1906.5,522.0,1839.3805322936844,510.36302172138073,116.50029507637284,305.0,44.20591166136033,29.526592143665766,32.89898147653827,1.0906545301285466,0.4765092730522156,0.9137603640556335,0.0,1.0,0.0,0.0,1.0,1.0
SNPT-157,0,,1.0,0.0,0.0,0.0,1.0,0.948051948051948,0.0,307.0,308.0,308.0,1449.5,313.0,4.763446622205629,448.50014994660944,75.58458310195965,10.0,0.001208585917897596,0.9998827482524671,0.4523809523809524,1.0,1.0,0.8452380952380952,666.0,749.0,84.0,84.0,1903.5,602.0,1493.0460635983363,570.4714095577772,119.0230403769662,359.0,1904.9311544251143,1898.7365533777943,153.49985005339056,0.6350416092764093,0.6521514654159546,0.9311709403991699,0.0,0.0,0.0,0.0,1.0,1.0
SNPT-157,0,,1.0,0.0,0.0,0.0,1.0,0.8390243902439024,0.0,204.0,205.0,205.0,683.0,346.0,19.22462201614249,422.1092444112128,71.26591192052065,,1.0,0.0,0.0,0.0,1.0,0.8801261829652997,433.0,749.0,317.0,317.0,20.0,387.5,1489.6741552606725,546.9551988368955,89.81090791013278,229.0,34.617929021432154,0.7753779838575099,-34.609244411212785,0.793510650085302,0.6525764465332031,0.9091314673423767,0.0,0.0,0.0,1.0,0.0,1.0
SNPT-157,1,,1.0,0.0,0.0,0.0,1.0,0.948051948051948,0.0,307.0,308.0,308.0,1449.5,313.0,4.763446622205629,448.50014994660944,75.58458310195965,,1.0,0.0,0.0,0.0,1.0,0.8801261829652997,433.0,749.0,317.0,317.0,20.0,387.5,1489.6741552606725,546.9551988368955,89.81090791013278,126.0,62.87424633618452,15.23655337779437,-61.00014994660944,0.8415969157954802,0.915002703666687,0.9808550477027893,0.0,0.0,0.0,1.0,0.0,1.0
SNPT-157,0,14.0,0.027448442152970765,0.9696790404984208,0.47843137254901963,1.0,1.0,0.7058823529411765,0.0,284.0,285.0,255.0,955.0,496.5,6.9547492913044735,739.4275822046508,102.19475596244114,9.0,0.0015396381172144578,0.9586106447073129,0.04100946372239748,1.0,1.0,0.8170347003154574,433.0,749.0,317.0,317.0,30.5,313.5,445.33747145878226,548.5750403042313,84.06046092941561,149.0,426.57787579014797,23.545250708695526,-425.9275822046508,1.2157291886402173,0.850140392780304,0.9633878469467163,0.0,1.0,1.0,1.0,0.0,1.0
SNPT-157,1,10.0,0.035048249286514226,0.9730868298431923,0.13004484304932734,0.0,1.0,0.8340807174887892,217.0,441.0,225.0,223.0,1897.5,994.5,1914.745983386702,819.2465068067363,141.8075018637734,10.0,0.05239913420407645,0.9737874131453664,0.7480314960629921,0.0,1.0,0.8110236220472441,623.0,749.0,127.0,127.0,1902.0,1051.5,679.3583740709169,970.0287238592929,162.47190014614387,182.0,232.60297760984804,-12.745983386701937,232.2534931932637,0.8728124785653225,0.8877118825912476,0.9441750645637512,1.0,0.0,1.0,1.0,0.0,1.0
SNPT-157,0,,1.0,0.0,0.0,0.0,1.0,0.8390243902439024,0.0,204.0,205.0,205.0,683.0,346.0,19.22462201614249,422.1092444112128,71.26591192052065,30.0,0.07795048732762856,0.9606341443110987,0.8151260504201681,0.0,1.0,0.9327731092436975,631.0,749.0,119.0,119.0,1905.5,756.5,1313.7187594510347,583.5230344388292,137.89055146360184,427.0,1915.6857725136929,1886.2753779838574,334.3907555887872,0.516829551873482,0.6106494069099426,0.9009569883346558,0.0,0.0,0.0,1.0,0.0,1.0
SNPT-157,1,26.0,0.08661633315861526,0.9352152126806753,0.09642857142857143,1.0,1.0,0.8821428571428571,172.0,451.0,280.0,280.0,1907.5,482.0,1773.6740980170375,456.1358746214213,95.36998232176511,26.0,0.1625022164350542,0.9120369156201681,0.8181818181818182,1.0,1.0,0.8181818181818182,739.0,749.0,11.0,11.0,1906.5,522.0,1839.3805322936844,510.36302172138073,116.50029507637284,288.0,148.25924338628164,132.82590198296248,65.8641253785787,0.8186243842493656,0.9062973260879517,0.9836541414260864,1.0,0.0,0.0,1.0,0.0,1.0
SNPT-157,0,,1.0,0.0,0.0,0.0,1.0,0.8390243902439024,0.0,204.0,205.0,205.0,683.0,346.0,19.22462201614249,422.1092444112128,71.26591192052065,10.0,0.001208585917897596,0.9998827482524671,0.4523809523809524,1.0,1.0,0.8452380952380952,666.0,749.0,84.0,84.0,1903.5,602.0,1493.0460635983363,570.4714095577772,119.0230403769662,462.0,1892.8429369661164,1884.2753779838574,179.89075558878721,0.5987572800594692,0.5935443639755249,0.9249994158744812,0.0,0.0,0.0,0.0,1.0,1.0
SNPT-157,0,,1.0,0.0,0.0,1.0,0.8947368421052632,0.76,46.0,71.0,26.0,25.0,1913.5,441.5,1913.890246308511,459.1236813704372,60.431686541546725,10.0,0.05239913420407645,0.9737874131453664,0.7480314960629921,0.0,1.0,0.8110236220472441,623.0,749.0,127.0,127.0,1902.0,1051.5,679.3583740709169,970.0287238592929,162.47190014614387,552.0,592.4956378154951,-11.890246308510996,592.3763186295628,0.37195162047829977,0.6625701785087585,0.8638945817947388,0.0,0.0,0.0,0.0,1.0,0.0
SNPT-157,0,,1.0,0.0,0.0,1.0,1.0,0.7233201581027668,207.0,459.0,253.0,253.0,1909.5,583.0,1895.6978642343356,565.3087469181488,94.27013330702582,3.0,0.0133484019787108,0.9852579564056141,0.8418079096045198,1.0,1.0,0.8813559322033898,507.0,683.0,177.0,177.0,1400.5,1041.5,10.031203708809493,607.3262560655874,123.39220480000152,48.0,687.0073029116293,-495.1978642343356,476.1912530818512,0.7639877531957728,0.8945223093032837,0.97052001953125,0.0,0.0,0.0,1.0,0.0,1.0
SNPT-157,0,,1.0,0.0,0.0,0.0,1.0,0.8390243902439024,0.0,204.0,205.0,205.0,683.0,346.0,19.22462201614249,422.1092444112128,71.26591192052065,26.0,0.1625022164350542,0.9120369156201681,0.8181818181818182,1.0,1.0,0.8181818181818182,739.0,749.0,11.0,11.0,1906.5,522.0,1839.3805322936844,510.36302172138073,116.50029507637284,535.0,1889.9170657455345,1887.2753779838574,99.89075558878721,0.6117230164421612,0.4884655475616455,0.9160336852073669,0.0,0.0,0.0,0.0,1.0,1.0
SNPT-157,0,,1.0,0.0,0.0,0.0,1.0,0.8390243902439024,0.0,204.0,205.0,205.0,683.0,346.0,19.22462201614249,422.1092444112128,71.26591192052065,3.0,0.007333750112612354,0.9957201549162468,0.4528301886792453,1.0,1.0,0.8773584905660378,229.0,440.0,212.0,212.0,1909.5,898.0,1900.3713529456081,848.2155205656964,137.3318190094591,25.0,1949.259607098778,1890.2753779838574,475.8907555887872,0.5189322651847494,0.6107807755470276,0.8555991649627686,0.0,0.0,0.0,0.0,1.0,1.0
SNPT-157,1,,1.0,0.0,0.0,0.0,1.0,0.928030303030303,0.0,263.0,264.0,264.0,280.0,494.0,9.987269044538886,644.9603883005547,106.77856112904846,5.0,0.041779433318879455,0.9607511288241336,0.06031746031746032,0.0,1.0,0.8761904761904762,435.0,749.0,315.0,315.0,28.0,575.5,1011.2136369645676,510.6408297435013,95.402029348341,172.0,71.757954397667,18.012730955461116,-69.46038830055465,1.1192483205904182,0.9164178371429443,0.9730920791625977,0.0,0.0,0.0,1.0,0.0,1.0
SNPT-157,0,,1.0,0.0,0.0,0.0,1.0,0.8390243902439024,0.0,204.0,205.0,205.0,683.0,346.0,19.22462201614249,422.1092444112128,71.26591192052065,,1.0,0.0,0.0,0.0,1.0,0.8571428571428571,227.0,448.0,222.0,217.0,1908.0,499.5,1881.846020284941,392.6561932508523,81.37075069170356,23.0,1890.3602189870232,1888.7753779838574,77.39075558878721,0.8758173092261617,0.6045538783073425,0.8912148475646973,0.0,0.0,0.0,1.0,0.0,1.0
SNPT-157,1,,1.0,0.0,0.0,1.0,1.0,0.7760252365930599,0.0,316.0,317.0,317.0,1563.5,360.0,16.36639100352823,410.5879282183609,71.10948594901016,9.0,0.0015396381172144578,0.9586106447073129,0.04100946372239748,1.0,1.0,0.8170347003154574,433.0,749.0,317.0,317.0,30.5,313.5,445.33747145878226,548.5750403042313,84.06046092941561,117.0,98.11128736796162,14.133608996471771,-97.0879282183609,0.8459326199593385,0.9673516750335693,0.9898269176483154,0.0,0.0,0.0,1.0,0.0,1.0
SNPT-157,1,,1.0,0.0,0.0,1.0,1.0,0.7233201581027668,207.0,459.0,253.0,253.0,1909.5,583.0,1895.6978642343356,565.3087469181488,94.27013330702582,10.0,0.001208585917897596,0.9998827482524671,0.4523809523809524,1.0,1.0,0.8452380952380952,666.0,749.0,84.0,84.0,1903.5,602.0,1493.0460635983363,570.4714095577772,119.0230403769662,207.0,37.51161653704508,7.802135765664389,36.69125308185119,0.7920326434987401,0.8734724521636963,0.9859951734542847,0.0,0.0,0.0,1.0,0.0,1.0
SNPT-157,0,,1.0,0.0,0.0,0.0,1.0,0.948051948051948,0.0,307.0,308.0,308.0,1449.5,313.0,4.763446622205629,448.50014994660944,75.58458310195965,3.0,0.0133484019787108,0.9852579564056141,0.8418079096045198,1.0,1.0,0.8813559322033898,507.0,683.0,177.0,177.0,1400.5,1041.5,10.031203708809493,607.3262560655874,123.39220480000152,200.0,1516.4858550603985,1395.7365533777943,592.9998500533906,0.6125555761360276,0.6443160772323608,0.9168463945388794,0.0,0.0,0.0,0.0,1.0,1.0
SNPT-157,1,,1.0,0.0,0.0,0.0,1.0,0.8390243902439024,0.0,204.0,205.0,205.0,683.0,346.0,19.22462201614249,422.1092444112128,71.26591192052065,,1.0,0.0,0.0,0.0,1.0,0.8382838283828383,447.0,749.0,303.0,303.0,23.0,372.5,645.7974137253987,471.60687211317475,70.42302627657243,243.0,49.75269449961924,3.77537798385751,-49.609244411212785,1.011968892683452,0.9732376933097839,0.988592803478241,0.0,0.0,0.0,1.0,0.0,1.0
SNPT-157,0,,1.0,0.0,0.0,1.0,0.8947368421052632,0.76,46.0,71.0,26.0,25.0,1913.5,441.5,1913.890246308511,459.1236813704372,60.431686541546725,30.0,0.07795048732762856,0.9606341443110987,0.8151260504201681,0.0,1.0,0.9327731092436975,631.0,749.0,119.0,119.0,1905.5,756.5,1313.7187594510347,583.5230344388292,137.89055146360184,560.0,297.4946572878053,-8.390246308510996,297.3763186295628,0.43825835708183764,0.6532553434371948,0.8857147693634033,0.0,0.0,0.0,0.0,1.0,0.0
SNPT-157,0,14.0,0.027448442152970765,0.9696790404984208,0.47843137254901963,1.0,1.0,0.7058823529411765,0.0,284.0,285.0,255.0,955.0,496.5,6.9547492913044735,739.4275822046508,102.19475596244114,30.0,0.07795048732762856,0.9606341443110987,0.8151260504201681,0.0,1.0,0.9327731092436975,631.0,749.0,119.0,119.0,1905.5,756.5,1313.7187594510347,583.5230344388292,137.89055146360184,347.0,1898.6220098897838,1898.5452507086954,17.072417795349224,0.7411295036369253,0.6160995364189148,0.9171944856643677,0.0,1.0,1.0,0.0,1.0,1.0
SNPT-157,1,11.0,0.023607653423119344,0.9915247002527827,0.5915492957746479,0.0,1.0,0.9823943661971831,0.0,283.0,284.0,284.0,617.5,891.5,12.241898328986078,775.3215643003704,175.55782359858497,29.0,0.046227652063145906,0.9802360288929521,0.3584905660377358,0.0,1.0,0.8459119496855346,432.0,749.0,318.0,318.0,20.5,825.0,878.3816750829205,540.4143352796656,116.33865434028908,149.0,50.360135194129874,8.258101671013922,49.67843569962963,1.5090240178047838,0.86443692445755,0.9660804867744446,0.0,1.0,1.0,1.0,0.0,1.0
SNPT-157,0,,1.0,0.0,0.0,1.0,1.0,0.7760252365930599,0.0,316.0,317.0,317.0,1563.5,360.0,16.36639100352823,410.5879282183609,71.10948594901016,26.0,0.1625022164350542,0.9120369156201681,0.8181818181818182,1.0,1.0,0.8181818181818182,739.0,749.0,11.0,11.0,1906.5,522.0,1839.3805322936844,510.36302172138073,116.50029507637284,423.0,1893.4142995120494,1890.1336089964718,111.4120717816391,0.6103803076412269,0.8193347454071045,0.9727463722229004,0.0,0.0,0.0,1.0,0.0,1.0
SNPT-157,0,,1.0,0.0,0.0,1.0,0.8947368421052632,0.76,46.0,71.0,26.0,25.0,1913.5,441.5,1913.890246308511,459.1236813704372,60.431686541546725,9.0,0.07002444199493003,0.9634191104860017,0.3333333333333333,0.0,1.0,0.8939393939393939,237.0,434.0,198.0,198.0,1910.5,676.5,1876.9734078563342,489.10101852346173,127.06157458635846,166.0,217.40275451560765,-3.3902463085109957,217.37631862956277,0.4756094573696143,0.6938126087188721,0.9065693020820618,0.0,0.0,0.0,0.0,1.0,0.0
SNPT-157,1,14.0,0.027448442152970765,0.9696790404984208,0.47843137254901963,1.0,1.0,0.7058823529411765,0.0,284.0,285.0,255.0,955.0,496.5,6.9547492913044735,739.4275822046508,102.19475596244114,14.0,0.0019212522047904414,0.9937479527883751,0.7003257328990228,1.0,1.0,0.7687296416938111,443.0,749.0,307.0,307.0,26.0,790.5,794.6153183999756,519.570186054719,116.9968159398879,159.0,54.50792083743217,19.045250708695526,51.072417795349224,0.8734832238079714,0.9592899084091187,0.9842849969863892,1.0,0.0,1.0,1.0,0.0,1.0
SNPT-157,0,,1.0,0.0,0.0,0.0,1.0,0.8390243902439024,0.0,204.0,205.0,205.0,683.0,346.0,19.22462201614249,422.1092444112128,71.26591192052065,,1.0,0.0,0.0,1.0,1.0,0.8811881188118812,237.0,454.0,218.0,202.0,1911.0,608.0,1903.564558168031,484.06025143840884,108.20027218804783,33.0,1900.8864915505442,1891.7753779838574,185.89075558878721,0.6586481760107155,0.6432594060897827,0.8969690203666687,0.0,0.0,0.0,0.0,1.0,1.0
SNPT-157,0,,1.0,0.0,0.0,0.0,1.0,0.8947368421052632,0.0,341.0,342.0,342.0,1538.0,423.5,10.141192821424724,607.3948038176034,102.53049297600636,3.0,0.0133484019787108,0.9852579564056141,0.8418079096045198,1.0,1.0,0.8813559322033898,507.0,683.0,177.0,177.0,1400.5,1041.5,10.031203708809493,607.3262560655874,123.39220480000152,166.0,1456.5524137673824,1390.3588071785753,434.10519618239664,0.8309316876393564,0.685550332069397,0.9303853511810303,0.0,0.0,0.0,0.0,1.0,1.0
SNPT-157,0,,1.0,0.0,0.0,0.0,1.0,0.8390243902439024,0.0,204.0,205.0,205.0,683.0,346.0,19.22462201614249,422.1092444112128,71.26591192052065,9.0,0.07002444199493003,0.9634191104860017,0.3333333333333333,0.0,1.0,0.8939393939393939,237.0,434.0,198.0,198.0,1910.5,676.5,1876.9734078563342,489.10101852346173,127.06157458635846,33.0,1908.3074206995625,1891.2753779838574,254.39075558878721,0.5608769775797495,0.651093065738678,0.8898879885673523,0.0,0.0,0.0,1.0,0.0,1.0
SNPT-157,1,30.0,0.11724224171253313,0.9254545158353346,0.116,0.0,0.9951690821256038,0.828,203.0,453.0,251.0,250.0,1902.5,701.0,1855.9808493831679,477.97820742006024,104.21603712321622,30.0,0.07795048732762856,0.9606341443110987,0.8151260504201681,0.0,1.0,0.9327731092436975,631.0,749.0,119.0,119.0,1905.5,756.5,1313.7187594510347,583.5230344388292,137.89055146360184,178.0,282.88961667009886,49.51915061683212,278.52179257993976,0.7557880943766152,0.8794877529144287,0.9687707424163818,1.0,0.0,1.0,1.0,0.0,1.0
SNPT-157,0,,1.0,0.0,0.0,1.0,0.8947368421052632,0.76,46.0,71.0,26.0,25.0,1913.5,441.5,1913.890246308511,459.1236813704372,60.431686541546725,14.0,0.0019212522047904414,0.9937479527883751,0.7003257328990228,1.0,1.0,0.7687296416938111,443.0,749.0,307.0,307.0,26.0,790.5,794.6153183999756,519.570186054719,116.9968159398879,372.0,1916.7524218467267,-1887.890246308511,331.3763186295628,0.5165241981678893,0.7736868858337402,0.8984229564666748,0.0,0.0,0.0,1.0,0.0,0.0
SNPT-157,0,3.0,0.007333750112612354,0.9957201549162468,0.4528301886792453,1.0,1.0,0.8773584905660378,229.0,440.0,212.0,212.0,1909.5,898.0,1900.3713529456081,848.2155205656964,137.3318190094591,10.0,0.001208585917897596,0.9998827482524671,0.4523809523809524,1.0,1.0,0.8452380952380952,666.0,749.0,84.0,84.0,1903.5,602.0,1493.0460635983363,570.4714095577772,119.0230403769662,226.0,246.23539753623524,3.1286470543918767,-246.21552056569635,1.1538254994537689,0.7262576818466187,0.9534662961959839,0.0,1.0,1.0,1.0,0.0,1.0
SNPT-157,0,55.0,0.23579788947613692,0.8934399974796007,0.2717948717948718,1.0,1.0,0.8512820512820513,246.0,460.0,215.0,195.0,1912.5,705.5,1910.2222523713322,562.457217201315,115.87588089049333,30.0,0.07795048732762856,0.9606341443110987,0.8151260504201681,0.0,1.0,0.9327731092436975,631.0,749.0,119.0,119.0,1905.5,756.5,1313.7187594510347,583.5230344388292,137.89055146360184,171.0,194.10023499139874,-4.722252371332161,194.04278279868504,0.8403467798232747,0.6937214732170105,0.9217087030410767,0.0,1.0,0.0,0.0,1.0,1.0
SNPT-157,1,,1.0,0.0,0.0,1.0,0.8947368421052632,0.76,46.0,71.0,26.0,25.0,1913.5,441.5,1913.890246308511,459.1236813704372,60.431686541546725,26.0,0.08661633315861526,0.9352152126806753,0.09642857142857143,1.0,1.0,0.8821428571428571,172.0,451.0,280.0,280.0,1907.5,482.0,1773.6740980170375,456.1358746214213,95.36998232176511,101.0,23.752077844363832,-6.390246308510996,22.876318629562775,0.6336552138350889,0.8420886993408203,0.9422298669815063,0.0,0.0,0.0,1.0,0.0,0.0
SNPT-157,0,,1.0,0.0,0.0,0.0,1.0,0.8571428571428571,227.0,448.0,222.0,217.0,1908.0,499.5,1881.846020284941,392.6561932508523,81.37075069170356,26.0,0.1625022164350542,0.9120369156201681,0.8181818181818182,1.0,1.0,0.8181818181818182,739.0,749.0,11.0,11.0,1906.5,522.0,1839.3805322936844,510.36302172138073,116.50029507637284,291.0,131.67246887695015,24.653979715058995,129.3438067491477,0.6984596102384137,0.6115612983703613,0.9221482872962952,0.0,0.0,0.0,0.0,1.0,1.0
SNPT-157,0,,1.0,0.0,0.0,1.0,1.0,0.7760252365930599,0.0,316.0,317.0,317.0,1563.5,360.0,16.36639100352823,410.5879282183609,71.10948594901016,5.0,0.041779433318879455,0.9607511288241336,0.06031746031746032,0.0,1.0,0.8761904761904762,435.0,749.0,315.0,315.0,28.0,575.5,1011.2136369645676,510.6408297435013,95.402029348341,119.0,165.32190501441505,11.633608996471771,164.9120717816391,0.7453665968610418,0.6725032925605774,0.9499356746673584,0.0,0.0,0.0,0.0,1.0,1.0
SNPT-157,0,,1.0,0.0,0.0,0.0,1.0,0.8390243902439024,0.0,204.0,205.0,205.0,683.0,346.0,19.22462201614249,422.1092444112128,71.26591192052065,10.0,0.035048249286514226,0.9730868298431923,0.13004484304932734,0.0,1.0,0.8340807174887892,217.0,441.0,225.0,223.0,1897.5,994.5,1914.745983386702,819.2465068067363,141.8075018637734,13.0,1963.5553398424768,1878.2753779838574,572.3907555887872,0.5025538916056913,0.6564948558807373,0.8955968022346497,0.0,0.0,0.0,1.0,0.0,1.0
SNPT-158,0,11.0,0.01891177950152964,0.9896910197472986,0.6113074204946997,1.0,1.0,0.7137809187279152,0.0,282.0,283.0,283.0,1348.5,822.5,1909.5138447382844,807.0924356730806,156.86095892349147,10.0,0.06159000920417777,0.972094489439674,0.6609195402298851,1.0,1.0,0.9310344827586207,576.0,749.0,174.0,174.0,1899.0,1046.5,1042.425880416636,762.3507169671784,172.05489136815393,294.0,239.63831661094773,-10.513844738284433,239.40756432691944,0.9116913659132695,0.804284930229187,0.9680640697479248,0.0,1.0,1.0,1.0,0.0,1.0
SNPT-158,0,5.0,0.05652492379660293,0.9476457582786679,0.5614035087719298,1.0,1.0,0.9298245614035088,284.0,397.0,114.0,114.0,11.5,724.0,13.901477029341006,695.5158607324568,126.23824836309424,23.0,0.015952905623314164,0.975473415851593,0.2734375,0.0,0.991869918699187,0.9609375,455.0,582.0,128.0,128.0,1908.0,411.5,9.440022746255616,463.8241033994531,87.37801920964182,58.0,1915.2739291984399,1894.098522970659,-284.01586073245676,1.4447368972763845,0.706810474395752,0.9348052740097046,0.0,1.0,1.0,0.0,1.0,1.0
SNPT-158,0,1.0,0.019657793454825878,0.9973790347576141,0.017699115044247787,1.0,1.0,0.9646017699115044,319.0,431.0,113.0,113.0,8.0,420.0,5.625669958762822,471.84639238303384,80.63964946430232,6.0,0.023935619981037753,0.9103418161325595,0.3333333333333333,0.0,0.9651162790697675,0.8431372549019608,546.0,749.0,204.0,204.0,1901.0,755.5,669.1881504647239,629.8445529129216,130.42695403186607,115.0,1916.4819905476256,1895.3743300412373,283.65360761696616,0.6182744208271578,0.6553857326507568,0.9150799512863159,0.0,1.0,1.0,0.0,1.0,1.0
SNPT-158,1,,1.0,0.0,0.0,0.0,1.0,0.90625,0.0,287.0,288.0,288.0,1250.5,497.0,1909.8056137004487,497.57523963628205,93.92429314069635,55.0,0.06763840637803595,0.9729624769904397,0.05945945945945946,0.0,1.0,0.8864864864864865,565.0,749.0,185.0,185.0,1903.5,621.0,1128.7474043621924,499.6349195917762,82.93636980363631,278.0,123.58572828195207,-6.305613700448703,123.42476036371795,1.1324861862542996,0.8861398696899414,0.9564510583877563,0.0,0.0,0.0,1.0,0.0,1.0
SNPT-158,0,,1.0,0.0,0.0,0.0,1.0,0.6495726495726496,0.0,350.0,351.0,351.0,149.5,470.5,1905.2714217937455,432.7510744220375,85.35678984736043,3.0,0.008178181855206882,0.990162193775177,0.32978723404255317,0.0,1.0,0.8617021276595744,562.0,749.0,188.0,188.0,1893.5,754.0,1481.7520236978376,585.9398764690336,118.14568733036232,212.0,321.464521457721,-11.771421793745503,321.2489255779625,0.7224706358403363,0.8692651987075806,0.9782317280769348,0.0,0.0,0.0,1.0,0.0,1.0
SNPT-158,0,10.0,0.006216399232898261,0.9946718346941602,0.6594202898550725,1.0,1.0,0.8115942028985508,0.0,275.0,276.0,276.0,1361.0,613.0,1730.6331028856237,477.5859994886338,115.78591525315136,,1.0,0.0,0.0,1.0,1.0,0.8169642857142857,526.0,749.0,224.0,224.0,1911.5,402.5,182.65674631093194,421.74417755432216,91.12845410946987,251.0,195.83345421809193,180.86689711437634,-75.08599948863377,1.2705791663497465,0.7094686627388,0.9549468755722046,0.0,0.0,0.0,1.0,0.0,1.0
SNPT-158,0,6.0,0.00034805006175002537,0.9999653513614948,0.08843537414965986,0.0,1.0,0.8775510204081632,0.0,293.0,294.0,294.0,1304.5,569.5,1913.3895069605953,613.9171185282663,110.48956646441991,6.0,0.04750583373409297,0.9819601567255126,0.16822429906542055,1.0,1.0,0.9018691588785047,493.0,749.0,257.0,214.0,1903.0,504.0,221.7977457351597,501.9259830291107,97.39844379919315,200.0,110.40704144410901,-10.389506960595327,-109.91711852826631,1.1344079243423724,0.7285208702087402,0.9279335737228394,1.0,0.0,1.0,0.0,1.0,1.0
SNPT-158,0,9.0,0.0074604013305098705,0.991127190968165,0.6419753086419753,0.0,1.0,0.7623456790123457,218.0,541.0,324.0,324.0,8.0,656.0,10.76603595236724,560.9154751572856,109.93451951038479,3.0,0.008178181855206882,0.990162193775177,0.32978723404255317,0.0,1.0,0.8617021276595744,562.0,749.0,188.0,188.0,1893.5,754.0,1481.7520236978376,585.9398764690336,118.14568733036232,21.0,1892.6089963624947,1882.7339640476328,193.08452484271436,0.930499639847054,0.7385442852973938,0.9821417331695557,0.0,1.0,1.0,1.0,0.0,1.0
SNPT-158,1,26.0,0.07918720727117873,0.9307926682864919,0.10725552050473186,0.0,1.0,0.7791798107255521,0.0,316.0,317.0,317.0,628.0,516.0,1910.070573095295,530.8576164468683,92.92060071431959,26.0,0.019258382126514706,0.9962061399068588,0.1517509727626459,0.0,1.0,0.8210116731517509,493.0,749.0,257.0,257.0,1907.5,597.0,502.17843441313335,541.8989843348941,115.55890127538284,177.0,66.192316382854,-2.5705730952950034,66.14238355313171,0.8040973017983702,0.9777529239654541,0.9713088870048523,1.0,0.0,1.0,1.0,0.0,1.0
SNPT-158,0,,1.0,0.0,0.0,0.0,1.0,0.803125,0.0,319.0,320.0,320.0,636.0,392.5,1907.7879324277656,411.6088086806483,73.67000415283805,6.0,0.04750583373409297,0.9819601567255126,0.16822429906542055,1.0,1.0,0.9018691588785047,493.0,749.0,257.0,214.0,1903.0,504.0,221.7977457351597,501.9259830291107,97.39844379919315,174.0,92.51516919047332,-4.787932427765554,92.39119131935172,0.7563776306808747,0.6938472986221313,0.9237256646156311,0.0,0.0,0.0,0.0,1.0,1.0
SNPT-158,1,,1.0,0.0,0.0,1.0,1.0,0.753125,20.0,339.0,320.0,320.0,5.5,344.5,1915.672316350316,338.3418286285313,47.45905391219859,,1.0,0.0,0.0,1.0,1.0,0.8169642857142857,526.0,749.0,224.0,224.0,1911.5,402.5,182.65674631093194,421.74417755432216,91.12845410946987,187.0,64.29369469440888,-4.172316350315896,64.15817137146871,0.5207929222105255,0.877910315990448,0.980327844619751,0.0,0.0,0.0,1.0,0.0,1.0
SNPT-158,1,3.0,0.0005638302683066632,0.9978123726323247,0.2277580071174377,0.0,1.0,0.9323843416370107,0.0,280.0,281.0,281.0,1477.0,604.5,1894.881083715602,501.46771086493777,109.4781571886781,3.0,0.008178181855206882,0.990162193775177,0.32978723404255317,0.0,1.0,0.8617021276595744,562.0,749.0,188.0,188.0,1893.5,754.0,1481.7520236978376,585.9398764690336,118.14568733036232,282.0,252.53606563820577,-1.381083715602017,252.53228913506223,0.9266369315923667,0.879280686378479,0.9892141819000244,1.0,0.0,1.0,1.0,0.0,1.0
SNPT-158,0,,1.0,0.0,0.0,0.0,1.0,0.803125,0.0,319.0,320.0,320.0,636.0,392.5,1907.7879324277656,411.6088086806483,73.67000415283805,1.0,0.019657793454825878,0.9973790347576141,0.017699115044247787,1.0,1.0,0.9646017699115044,319.0,431.0,113.0,113.0,8.0,420.0,5.625669958762822,471.84639238303384,80.63964946430232,0.0,1899.8064639036056,-1899.7879324277656,8.39119131935172,0.9135704909710749,0.6685971021652222,0.9081180095672607,0.0,0.0,0.0,0.0,1.0,1.0
SNPT-158,1,,1.0,0.0,0.0,0.0,1.0,0.8788927335640139,0.0,288.0,289.0,289.0,1018.0,350.0,1916.239775150889,375.2945621471657,59.38696846953464,,1.0,0.0,0.0,0.0,1.0,0.8803418803418803,627.0,743.0,117.0,117.0,1908.0,441.5,1913.9158203914417,444.68300479051027,100.37312253735577,339.0,66.71621913614942,-8.239775150889045,66.20543785283428,0.5916620602037428,0.9064096808433533,0.966626763343811,0.0,0.0,0.0,1.0,0.0,1.0
SNPT-158,0,1.0,0.019657793454825878,0.9973790347576141,0.017699115044247787,1.0,1.0,0.9646017699115044,319.0,431.0,113.0,113.0,8.0,420.0,5.625669958762822,471.84639238303384,80.63964946430232,,1.0,0.0,0.0,0.0,1.0,0.8803418803418803,627.0,743.0,117.0,117.0,1908.0,441.5,1913.9158203914417,444.68300479051027,100.37312253735577,196.0,1902.6163552147111,1902.3743300412373,-30.346392383033844,0.8033988325339858,0.5875642895698547,0.9171669483184814,0.0,0.0,0.0,0.0,1.0,1.0
SNPT-158,1,,1.0,0.0,0.0,0.0,1.0,0.803125,0.0,319.0,320.0,320.0,636.0,392.5,1907.7879324277656,411.6088086806483,73.67000415283805,,1.0,0.0,0.0,0.0,1.0,0.7101449275362319,543.0,749.0,207.0,207.0,1901.0,435.5,833.7623731045734,403.248343047283,91.25473072313285,224.0,24.83676809292582,-6.787932427765554,23.89119131935172,0.8073006579390726,0.9102681279182434,0.9925040006637573,0.0,0.0,0.0,1.0,0.0,1.0
SNPT-158,0,26.0,0.07918720727117873,0.9307926682864919,0.10725552050473186,0.0,1.0,0.7791798107255521,0.0,316.0,317.0,317.0,628.0,516.0,1910.070573095295,530.8576164468683,92.92060071431959,1.0,0.019657793454825878,0.9973790347576141,0.017699115044247787,1.0,1.0,0.9646017699115044,319.0,431.0,113.0,113.0,8.0,420.0,5.625669958762822,471.84639238303384,80.63964946430232,3.0,1905.2983693267954,-1902.070573095295,-110.85761644686829,1.152294204297773,0.5677245855331421,0.8920395374298096,0.0,1.0,1.0,0.0,1.0,1.0
SNPT-158,0,30.0,0.09890998090754803,0.936881010881578,0.32781456953642385,1.0,0.9959839357429718,0.8245033112582781,0.0,301.0,302.0,302.0,1363.5,585.0,1907.7950917447743,474.79487666027535,98.43366301409662,6.0,0.023935619981037753,0.9103418161325595,0.3333333333333333,0.0,0.9651162790697675,0.8431372549019608,546.0,749.0,204.0,204.0,1901.0,755.5,669.1881504647239,629.8445529129216,130.42695403186607,245.0,280.78735644788196,-6.795091744774254,280.70512333972465,0.7547033797174102,0.7201035022735596,0.9365035891532898,0.0,1.0,1.0,0.0,1.0,1.0
SNPT-158,0,30.0,0.09890998090754803,0.936881010881578,0.32781456953642385,1.0,0.9959839357429718,0.8245033112582781,0.0,301.0,302.0,302.0,1363.5,585.0,1907.7950917447743,474.79487666027535,98.43366301409662,3.0,0.008178181855206882,0.990162193775177,0.32978723404255317,0.0,1.0,0.8617021276595744,562.0,749.0,188.0,188.0,1893.5,754.0,1481.7520236978376,585.9398764690336,118.14568733036232,261.0,279.57083279044394,-14.295091744774254,279.20512333972465,0.8331549397893265,0.6941336393356323,0.9254433512687683,0.0,1.0,1.0,0.0,1.0,1.0
SNPT-158,0,10.0,0.006216399232898261,0.9946718346941602,0.6594202898550725,1.0,1.0,0.8115942028985508,0.0,275.0,276.0,276.0,1361.0,613.0,1730.6331028856237,477.5859994886338,115.78591525315136,,1.0,0.0,0.0,0.0,0.5,0.8571428571428571,276.0,303.0,28.0,7.0,1871.0,511.5,1913.0306180588545,473.8757610615505,75.59927120335728,1.0,144.40576593821612,140.36689711437634,33.914000511366226,1.5315744902049988,0.6944292783737183,0.8018136620521545,0.0,0.0,0.0,0.0,1.0,0.0
SNPT-158,1,,1.0,0.0,0.0,0.0,0.5,0.8571428571428571,276.0,303.0,28.0,7.0,1871.0,511.5,1913.0306180588545,473.8757610615505,75.59927120335728,3.0,0.008178181855206882,0.990162193775177,0.32978723404255317,0.0,1.0,0.8617021276595744,562.0,749.0,188.0,188.0,1893.5,754.0,1481.7520236978376,585.9398764690336,118.14568733036232,259.0,280.8042632913653,-19.530618058854543,280.1242389384495,0.6398817672621807,0.7296250462532043,0.8176642656326294,0.0,0.0,0.0,1.0,0.0,0.0
SNPT-158,1,10.0,0.006216399232898261,0.9946718346941602,0.6594202898550725,1.0,1.0,0.8115942028985508,0.0,275.0,276.0,276.0,1361.0,613.0,1730.6331028856237,477.5859994886338,115.78591525315136,10.0,0.06159000920417777,0.972094489439674,0.6609195402298851,1.0,1.0,0.9310344827586207,576.0,749.0,174.0,174.0,1899.0,1046.5,1042.425880416636,762.3507169671784,172.05489136815393,301.0,593.3047716155414,168.36689711437634,568.9140005113662,0.672959160489072,0.9287736415863037,0.9778842926025391,1.0,0.0,1.0,1.0,0.0,1.0
SNPT-158,1,,1.0,0.0,0.0,1.0,1.0,0.95,276.0,295.0,20.0,20.0,1521.5,446.0,1912.95568381374,518.5960406058435,74.62812038703592,30.0,0.05864534018297718,0.9391759984788641,0.5432692307692307,1.0,1.0,0.9134615384615384,542.0,749.0,208.0,208.0,1899.5,802.0,622.7433755651372,590.0637681124164,131.94209537791363,247.0,283.72320953207196,-13.455683813740052,283.40395939415646,0.5656126664752684,0.816797137260437,0.927944540977478,0.0,0.0,0.0,1.0,0.0,1.0
SNPT-158,0,,1.0,0.0,0.0,0.0,1.0,0.8586956521739131,0.0,275.0,276.0,276.0,887.5,434.0,1376.371899803135,384.8172598411465,89.59556466677498,30.0,0.05864534018297718,0.9391759984788641,0.5432692307692307,1.0,1.0,0.9134615384615384,542.0,749.0,208.0,208.0,1899.5,802.0,622.7433755651372,590.0637681124164,131.94209537791363,267.0,669.1072020999555,523.128100196865,417.1827401588535,0.679052158525692,0.6520311236381531,0.9146450161933899,0.0,0.0,0.0,0.0,1.0,1.0
SNPT-158,0,,1.0,0.0,0.0,1.0,1.0,0.8089887640449438,243.0,331.0,89.0,89.0,10.0,475.5,1889.7536092907403,478.8834412246463,81.94865509385448,,1.0,0.0,0.0,0.0,1.0,0.7192118226600985,547.0,749.0,203.0,203.0,1897.5,499.5,1144.1774620318943,466.56033139321653,102.98225407862951,216.0,22.0238294753233,7.7463907092596855,20.616558775353724,0.7957551116650122,0.7371861338615417,0.903616189956665,0.0,0.0,0.0,0.0,1.0,1.0
SNPT-158,0,,1.0,0.0,0.0,0.0,1.0,0.803125,0.0,319.0,320.0,320.0,636.0,392.5,1907.7879324277656,411.6088086806483,73.67000415283805,,1.0,0.0,0.0,1.0,1.0,0.8169642857142857,526.0,749.0,224.0,224.0,1911.5,402.5,182.65674631093194,421.74417755432216,91.12845410946987,207.0,9.836149716300989,3.712067572234446,-9.10880868064828,0.8084193337060287,0.6979225873947144,0.9255048036575317,0.0,0.0,0.0,0.0,1.0,1.0
SNPT-158,1,6.0,0.00034805006175002537,0.9999653513614948,0.08843537414965986,0.0,1.0,0.8775510204081632,0.0,293.0,294.0,294.0,1304.5,569.5,1913.3895069605953,613.9171185282663,110.48956646441991,6.0,0.023935619981037753,0.9103418161325595,0.3333333333333333,0.0,0.9651162790697675,0.8431372549019608,546.0,749.0,204.0,204.0,1901.0,755.5,669.1881504647239,629.8445529129216,130.42695403186607,253.0,142.12393256790227,-12.389506960595327,141.58288147173369,0.8471375206494891,0.9486031532287598,0.9887505173683167,1.0,0.0,1.0,1.0,0.0,1.0
SNPT-158,1,,1.0,0.0,0.0,0.0,1.0,0.6495726495726496,0.0,350.0,351.0,351.0,149.5,470.5,1905.2714217937455,432.7510744220375,85.35678984736043,10.0,0.08721548127620983,0.973123380006888,0.527027027027027,0.0,1.0,0.8513513513513513,447.0,594.0,148.0,148.0,1906.0,529.0,6.898363497729634,444.24183943703986,102.72002622598063,97.0,96.25168310795813,0.7285782062544968,96.2489255779625,0.8309654210910961,0.8985044360160828,0.9667430520057678,0.0,0.0,0.0,1.0,0.0,1.0
SNPT-158,0,,1.0,0.0,0.0,0.0,1.0,0.8586956521739131,0.0,275.0,276.0,276.0,887.5,434.0,1376.371899803135,384.8172598411465,89.59556466677498,10.0,0.08721548127620983,0.973123380006888,0.527027027027027,0.0,1.0,0.8513513513513513,447.0,594.0,148.0,148.0,1906.0,529.0,6.898363497729634,444.24183943703986,102.72002622598063,172.0,548.9030762146045,529.628100196865,144.1827401588535,0.8722307417413204,0.8102909326553345,0.9510008096694946,0.0,0.0,0.0,1.0,0.0,1.0
SNPT-158,0,,1.0,0.0,0.0,1.0,1.0,0.753125,20.0,339.0,320.0,320.0,5.5,344.5,1915.672316350316,338.3418286285313,47.45905391219859,26.0,0.019258382126514706,0.9962061399068588,0.1517509727626459,0.0,1.0,0.8210116731517509,493.0,749.0,257.0,257.0,1907.5,597.0,502.17843441313335,541.8989843348941,115.55890127538284,154.0,258.78724151658196,-8.172316350315896,258.6581713714687,0.4106914602718592,0.6087638735771179,0.9362955093383789,0.0,0.0,0.0,0.0,1.0,1.0
SNPT-158,0,30.0,0.09890998090754803,0.936881010881578,0.32781456953642385,1.0,0.9959839357429718,0.8245033112582781,0.0,301.0,302.0,302.0,1363.5,585.0,1907.7950917447743,474.79487666027535,98.43366301409662,10.0,0.06159000920417777,0.972094489439674,0.6609195402298851,1.0,1.0,0.9310344827586207,576.0,749.0,174.0,174.0,1899.0,1046.5,1042.425880416636,762.3507169671784,172.05489136815393,275.0,571.7727710303183,-8.795091744774254,571.7051233397247,0.5721061588622522,0.8799703121185303,0.9739624261856079,0.0,1.0,1.0,1.0,0.0,1.0
SNPT-158,1,,1.0,0.0,0.0,0.0,1.0,0.8586956521739131,0.0,275.0,276.0,276.0,887.5,434.0,1376.371899803135,384.8172598411465,89.59556466677498,,1.0,0.0,0.0,0.0,1.0,0.7192118226600985,547.0,749.0,203.0,203.0,1897.5,499.5,1144.1774620318943,466.56033139321653,102.98225407862951,272.0,533.5978145618074,521.128100196865,114.6827401588535,0.8700097455467088,0.939203679561615,0.9569876194000244,0.0,0.0,0.0,1.0,0.0,1.0
SNPT-158,0,6.0,0.00034805006175002537,0.9999653513614948,0.08843537414965986,0.0,1.0,0.8775510204081632,0.0,293.0,294.0,294.0,1304.5,569.5,1913.3895069605953,613.9171185282663,110.48956646441991,,1.0,0.0,0.0,0.0,1.0,0.7192118226600985,547.0,749.0,203.0,203.0,1897.5,499.5,1144.1774620318943,466.56033139321653,102.98225407862951,254.0,115.51516542758422,-15.889506960595327,-114.41711852826631,1.072899087837584,0.8639620542526245,0.9806011915206909,0.0,0.0,0.0,1.0,0.0,1.0
SNPT-158,0,,1.0,0.0,0.0,0.0,1.0,0.6495726495726496,0.0,350.0,351.0,351.0,149.5,470.5,1905.2714217937455,432.7510744220375,85.35678984736043,30.0,0.05864534018297718,0.9391759984788641,0.5432692307692307,1.0,1.0,0.9134615384615384,542.0,749.0,208.0,208.0,1899.5,802.0,622.7433755651372,590.0637681124164,131.94209537791363,192.0,369.29402696225804,-5.771421793745503,369.2489255779625,0.6469261353086612,0.6863282322883606,0.9288423657417297,0.0,0.0,0.0,0.0,1.0,1.0
SNPT-158,1,6.0,0.007047271550362901,0.9926665122470548,0.3875,1.0,1.0,0.828125,0.0,352.0,353.0,320.0,308.0,547.0,1910.0324175677918,433.2826426982518,92.82350921020092,6.0,0.04750583373409297,0.9819601567255126,0.16822429906542055,1.0,1.0,0.9018691588785047,493.0,749.0,257.0,214.0,1903.0,504.0,221.7977457351597,501.9259830291107,97.39844379919315,141.0,71.06616297923301,-7.032417567791754,70.71735730174822,0.953028668523448,0.9338443279266357,0.992312490940094,1.0,0.0,1.0,1.0,0.0,1.0
SNPT-158,0,,1.0,0.0,0.0,0.0,1.0,0.8788927335640139,0.0,288.0,289.0,289.0,1018.0,350.0,1916.239775150889,375.2945621471657,59.38696846953464,6.0,0.04750583373409297,0.9819601567255126,0.16822429906542055,1.0,1.0,0.9018691588785047,493.0,749.0,257.0,214.0,1903.0,504.0,221.7977457351597,501.9259830291107,97.39844379919315,205.0,129.38462574408092,-13.239775150889045,128.70543785283428,0.6097322108346315,0.5774788856506348,0.9243981838226318,0.0,0.0,0.0,0.0,1.0,1.0
SNPT-158,1,,1.0,0.0,0.0,0.0,1.0,0.7717717717717718,0.0,332.0,333.0,333.0,312.0,360.0,1911.7275076705791,369.40027065297943,62.70417606368724,23.0,0.015952905623314164,0.975473415851593,0.2734375,0.0,0.991869918699187,0.9609375,455.0,582.0,128.0,128.0,1908.0,411.5,9.440022746255616,463.8241033994531,87.37801920964182,123.0,42.264423863654066,-3.7275076705791435,42.09972934702057,0.7176195641748776,0.8572418093681335,0.9653069972991943,0.0,0.0,0.0,1.0,0.0,1.0
SNPT-158,0,10.0,0.006216399232898261,0.9946718346941602,0.6594202898550725,1.0,1.0,0.8115942028985508,0.0,275.0,276.0,276.0,1361.0,613.0,1730.6331028856237,477.5859994886338,115.78591525315136,5.0,0.05652492379660293,0.9476457582786679,0.5614035087719298,1.0,1.0,0.9298245614035088,284.0,397.0,114.0,114.0,11.5,724.0,13.901477029341006,695.5158607324568,126.23824836309424,9.0,1736.703338248985,-1719.1331028856237,246.41400051136623,0.9172015356242964,0.6360429525375366,0.9802379012107849,0.0,1.0,1.0,1.0,0.0,1.0
SNPT-158,0,6.0,0.00034805006175002537,0.9999653513614948,0.08843537414965986,0.0,1.0,0.8775510204081632,0.0,293.0,294.0,294.0,1304.5,569.5,1913.3895069605953,613.9171185282663,110.48956646441991,3.0,0.008178181855206882,0.990162193775177,0.32978723404255317,0.0,1.0,0.8617021276595744,562.0,749.0,188.0,188.0,1893.5,754.0,1481.7520236978376,585.9398764690336,118.14568733036232,269.0,141.48783046099533,-19.889506960595327,140.08288147173369,0.9351976272774634,0.7938812971115112,0.9909985661506653,0.0,1.0,1.0,1.0,0.0,1.0
SNPT-158,0,6.0,0.007047271550362901,0.9926665122470548,0.3875,1.0,1.0,0.828125,0.0,352.0,353.0,320.0,308.0,547.0,1910.0324175677918,433.2826426982518,92.82350921020092,55.0,0.06763840637803595,0.9729624769904397,0.05945945945945946,0.0,1.0,0.8864864864864865,565.0,749.0,185.0,185.0,1903.5,621.0,1128.7474043621924,499.6349195917762,82.93636980363631,213.0,187.83098442917293,-6.532417567791754,187.71735730174822,1.1192135540773467,0.7032052278518677,0.9436933994293213,0.0,1.0,1.0,0.0,1.0,1.0
SNPT-158,0,1.0,0.019657793454825878,0.9973790347576141,0.017699115044247787,1.0,1.0,0.9646017699115044,319.0,431.0,113.0,113.0,8.0,420.0,5.625669958762822,471.84639238303384,80.63964946430232,6.0,0.04750583373409297,0.9819601567255126,0.16822429906542055,1.0,1.0,0.9018691588785047,493.0,749.0,257.0,214.0,1903.0,504.0,221.7977457351597,501.9259830291107,97.39844379919315,62.0,1897.6467539513828,1897.3743300412373,32.153607616966156,0.8279357073769832,0.6691641807556152,0.9197442531585693,0.0,1.0,1.0,1.0,0.0,1.0
SNPT-158,1,30.0,0.09890998090754803,0.936881010881578,0.32781456953642385,1.0,0.9959839357429718,0.8245033112582781,0.0,301.0,302.0,302.0,1363.5,585.0,1907.7950917447743,474.79487666027535,98.43366301409662,30.0,0.05864534018297718,0.9391759984788641,0.5432692307692307,1.0,1.0,0.9134615384615384,542.0,749.0,208.0,208.0,1899.5,802.0,622.7433755651372,590.0637681124164,131.94209537791363,241.0,327.3102523399147,-8.295091744774254,327.20512333972465,0.7460368332953872,0.9373199343681335,0.9865221381187439,1.0,0.0,1.0,1.0,0.0,1.0
SNPT-158,0,,1.0,0.0,0.0,0.0,0.5,0.8571428571428571,276.0,303.0,28.0,7.0,1871.0,511.5,1913.0306180588545,473.8757610615505,75.59927120335728,10.0,0.06159000920417777,0.972094489439674,0.6609195402298851,1.0,1.0,0.9310344827586207,576.0,749.0,174.0,174.0,1899.0,1046.5,1042.425880416636,762.3507169671784,172.05489136815393,273.0,572.7961044411458,-14.030618058854543,572.6242389384495,0.43939042129057504,0.6450895667076111,0.8530025482177734,0.0,0.0,0.0,0.0,1.0,0.0
SNPT-158,0,,1.0,0.0,0.0,0.0,1.0,0.7717717717717718,0.0,332.0,333.0,333.0,312.0,360.0,1911.7275076705791,369.40027065297943,62.70417606368724,30.0,0.05864534018297718,0.9391759984788641,0.5432692307692307,1.0,1.0,0.9134615384615384,542.0,749.0,208.0,208.0,1899.5,802.0,622.7433755651372,590.0637681124164,131.94209537791363,210.0,432.7725011769458,-12.227507670579143,432.59972934702057,0.4752401110812097,0.6685528755187988,0.9208992719650269,0.0,0.0,0.0,0.0,1.0,1.0
SNPT-158,0,,1.0,0.0,0.0,1.0,1.0,0.8089887640449438,243.0,331.0,89.0,89.0,10.0,475.5,1889.7536092907403,478.8834412246463,81.94865509385448,3.0,0.008178181855206882,0.990162193775177,0.32978723404255317,0.0,1.0,0.8617021276595744,562.0,749.0,188.0,188.0,1893.5,754.0,1481.7520236978376,585.9398764690336,118.14568733036232,231.0,275.14206576919327,3.7463907092596855,275.1165587753537,0.693623753397848,0.6592543125152588,0.8650214672088623,0.0,0.0,0.0,0.0,1.0,1.0
SNPT-158,0,,1.0,0.0,0.0,0.0,1.0,0.8586956521739131,0.0,275.0,276.0,276.0,887.5,434.0,1376.371899803135,384.8172598411465,89.59556466677498,6.0,0.04750583373409297,0.9819601567255126,0.16822429906542055,1.0,1.0,0.9018691588785047,493.0,749.0,257.0,214.0,1903.0,504.0,221.7977457351597,501.9259830291107,97.39844379919315,218.0,539.9459986598031,526.628100196865,119.1827401588535,0.9198870245965592,0.6607776284217834,0.917759895324707,0.0,0.0,0.0,0.0,1.0,1.0
SNPT-158,1,11.0,0.01891177950152964,0.9896910197472986,0.6113074204946997,1.0,1.0,0.7137809187279152,0.0,282.0,283.0,283.0,1348.5,822.5,1909.5138447382844,807.0924356730806,156.86095892349147,,1.0,0.0,0.0,1.0,1.0,0.75,518.0,557.0,40.0,40.0,638.5,1069.0,12.236959771468662,998.7972751337364,92.38612157921969,236.0,1297.7179068534329,-1271.0138447382844,261.90756432691944,1.6978844467346277,0.7278404235839844,0.9477183818817139,0.0,0.0,0.0,1.0,0.0,1.0
SNPT-158,0,,1.0,0.0,0.0,1.0,1.0,0.95,276.0,295.0,20.0,20.0,1521.5,446.0,1912.95568381374,518.5960406058435,74.62812038703592,10.0,0.08721548127620983,0.973123380006888,0.527027027027027,0.0,1.0,0.8513513513513513,447.0,594.0,148.0,148.0,1906.0,529.0,6.898363497729634,444.24183943703986,102.72002622598063,152.0,12.514947398690166,-6.955683813740052,10.403959394156459,0.726519678089417,0.7068761587142944,0.9143834710121155,0.0,0.0,0.0,0.0,1.0,1.0
SNPT-158,1,,1.0,0.0,0.0,1.0,1.0,0.8089887640449438,243.0,331.0,89.0,89.0,10.0,475.5,1889.7536092907403,478.8834412246463,81.94865509385448,9.0,0.01535018722067889,0.9806868235270182,0.22340425531914893,1.0,0.9884393063583815,0.9202127659574468,562.0,749.0,188.0,188.0,1911.0,634.0,1051.537423746075,484.6070376782641,94.48166599295782,231.0,156.56486171704773,21.246390709259686,155.11655877535372,0.867349810490879,0.8805578947067261,0.9552566409111023,0.0,0.0,0.0,1.0,0.0,1.0
SNPT-158,0,,1.0,0.0,0.0,0.0,1.0,0.90625,0.0,287.0,288.0,288.0,1250.5,497.0,1909.8056137004487,497.57523963628205,93.92429314069635,,1.0,0.0,0.0,0.0,1.0,0.7192118226600985,547.0,749.0,203.0,203.0,1897.5,499.5,1144.1774620318943,466.56033139321653,102.98225407862951,260.0,12.455233077000626,-12.305613700448703,1.924760363717951,0.9120434775974394,0.9022072553634644,0.9681190252304077,0.0,0.0,0.0,1.0,0.0,1.0
SNPT-158,0,30.0,0.09890998090754803,0.936881010881578,0.32781456953642385,1.0,0.9959839357429718,0.8245033112582781,0.0,301.0,302.0,302.0,1363.5,585.0,1907.7950917447743,474.79487666027535,98.43366301409662,6.0,0.04750583373409297,0.9819601567255126,0.16822429906542055,1.0,1.0,0.9018691588785047,493.0,749.0,257.0,214.0,1903.0,504.0,221.7977457351597,501.9259830291107,97.39844379919315,192.0,29.596150664053116,-4.795091744774254,29.20512333972465,1.010628703853193,0.8385810852050781,0.9843239784240723,0.0,1.0,1.0,1.0,0.0,1.0
SNPT-159,1,,1.0,0.0,0.0,0.0,1.0,0.9439252336448598,315.0,421.0,107.0,107.0,1872.0,516.0,1906.3100485066166,513.8193401203756,101.35289154675088,,1.0,0.0,0.0,0.0,1.0,0.8125,699.0,714.0,16.0,16.0,1907.5,463.0,1910.7818102551237,486.2561469055491,100.13046760513197,278.0,50.83326976328617,1.1899514933834325,-50.819340120375614,1.012208311524516,0.61418616771698,0.9675087928771973,0.0,0.0,0.0,1.0,0.0,1.0
SNPT-159,0,,1.0,0.0,0.0,1.0,1.0,0.8991596638655462,300.0,449.0,150.0,119.0,1903.5,530.5,1914.0448009445095,483.55248389619214,99.83680179161199,,1.0,0.0,0.0,0.0,1.0,0.950920245398773,587.0,749.0,163.0,163.0,1911.5,270.0,1356.0473260305903,329.36210860327236,63.43316203593574,138.0,213.56764593467938,-2.5448009445094613,-213.55248389619214,1.5738897224617796,0.6779141426086426,0.9392688274383545,0.0,0.0,0.0,0.0,1.0,1.0
SNPT-159,0,22.0,0.01042344846305091,0.9956030465744354,0.2774390243902439,1.0,1.0,0.850609756097561,0.0,327.0,328.0,328.0,692.5,469.0,10.250351140034923,494.83510651646236,112.44373801465915,,1.0,0.0,0.0,1.0,1.0,0.8,380.0,749.0,370.0,370.0,12.951978288646046,526.8883344656534,984.6548689034064,461.7051576506718,95.66641244156254,53.0,32.16688065717464,2.7016271486111236,32.05322794919107,1.1753732072198795,0.750594437122345,0.9737931489944458,0.0,0.0,0.0,1.0,0.0,1.0
SNPT-159,0,14.0,0.0043788497819105925,0.9871827882749064,0.9642857142857143,0.0,1.0,0.9642857142857143,0.0,55.0,56.0,56.0,77.0,588.0,16.77787171457163,579.5821401959322,131.10814118343833,,1.0,0.0,0.0,1.0,1.0,0.8582677165354331,623.0,749.0,127.0,127.0,1899.0,227.5,1735.351837649278,261.5478462941424,50.21683293352001,568.0,1914.8686570238376,1882.2221282854284,-352.0821401959322,2.6108404995792345,0.509751558303833,0.8146321773529053,0.0,0.0,0.0,0.0,1.0,1.0
SNPT-159,0,10.0,0.0012132692098509358,0.9998586866590712,0.8490566037735849,1.0,1.0,0.8522012578616353,0.0,317.0,318.0,318.0,647.5,776.0,8.807069708764455,601.5775465476698,150.1913774081029,,1.0,0.0,0.0,0.0,1.0,0.92,686.0,744.0,59.0,50.0,1912.5,340.0,1910.3338280447028,341.1248337134219,73.53987058593262,369.0,1921.579971195248,1903.6929302912356,-261.57754654766984,2.0423122343219475,0.7205578088760376,0.8564375638961792,0.0,0.0,0.0,0.0,1.0,1.0
SNPT-159,0,10.0,0.6793271712958813,0.7890215516090393,0.0026041666666666665,0.0,0.9746031746031746,0.8203125,0.0,431.0,432.0,384.0,1319.5,418.0,1909.1176126270407,548.3144821429543,87.70723946338381,3.0,0.07114895902419381,0.9724580998773928,0.2125984251968504,0.0,1.0,0.9763779527559056,623.0,749.0,127.0,127.0,1878.5,816.5,841.5536338020834,740.4833600713484,149.40379500132107,192.0,269.92760175875185,-30.61761262704067,268.18551785704574,0.5870482705115241,0.777051568031311,0.9500477313995361,0.0,1.0,0.0,1.0,0.0,1.0
SNPT-159,0,29.0,0.0673189101617623,0.9514355674768106,0.25,1.0,0.9565217391304348,0.8108974358974359,0.0,311.0,312.0,312.0,1011.0,455.5,8.465140170435387,455.52488360969596,99.14083944196906,,1.0,0.0,0.0,1.0,1.0,0.7896440129449838,391.0,716.0,326.0,309.0,9.5,565.5,8.091638232709897,383.63579550073695,93.40288330843985,80.0,109.97998526971972,1.0348598295646134,109.97511639030404,1.0614323233960672,0.7132143974304199,0.9705381393432617,0.0,0.0,0.0,1.0,0.0,1.0
SNPT-159,0,14.0,0.0043788497819105925,0.9871827882749064,0.9642857142857143,0.0,1.0,0.9642857142857143,0.0,55.0,56.0,56.0,77.0,588.0,16.77787171457163,579.5821401959322,131.10814118343833,,1.0,0.0,0.0,0.0,1.0,0.92,686.0,744.0,59.0,50.0,1912.5,340.0,1910.3338280447028,341.1248337134219,73.53987058593262,631.0,1910.8013998246647,1895.7221282854284,-239.5821401959322,1.7828171322417026,0.7543694972991943,0.8512121438980103,0.0,0.0,0.0,1.0,0.0,1.0
SNPT-159,1,30.0,0.010745144906881075,0.9922688472740756,0.47877358490566035,1.0,1.0,0.785377358490566,0.0,423.0,424.0,424.0,1111.5,622.5,1712.598589768429,493.542479397565,118.72154273909504,,1.0,0.0,0.0,1.0,1.0,0.8620689655172413,605.0,749.0,145.0,145.0,1914.0,296.0,1557.1595883538705,339.23435861950816,59.29189640816685,182.0,282.10912642061567,201.40141023157094,-197.542479397565,2.002323250412047,0.836386501789093,0.9386937618255615,0.0,0.0,0.0,1.0,0.0,1.0
SNPT-159,1,14.0,0.03286410348791042,0.9085334909928812,0.6379310344827587,0.0,0.9487179487179487,0.6724137931034483,0.0,57.0,58.0,58.0,223.5,574.0,10.596707664384457,568.9227230828003,123.37452062469002,5.0,0.12699578842148185,0.8664006590843201,0.04216867469879518,1.0,0.9856115107913669,0.8373493975903614,110.0,319.0,210.0,166.0,8.5,566.0,16.745786864810505,522.8346535673109,119.60613106999206,53.0,3.597011710937599,-2.096707664384457,-2.922723082800303,1.031506658738863,0.9116461277008057,0.9060565829277039,0.0,1.0,1.0,0.0,1.0,1.0
SNPT-159,1,26.0,0.04253657082487836,0.9614664340075457,0.5286783042394015,0.0,1.0,0.830423940149626,0.0,418.0,419.0,401.0,1468.5,551.0,1883.856666238738,586.1739066246682,118.01851325730598,,1.0,0.0,0.0,0.0,1.0,0.8848920863309353,611.0,749.0,139.0,139.0,1906.5,441.0,1465.7782529036645,518.343290407471,99.22095630966658,193.0,146.929179295645,22.643333761262056,-145.17390662466823,1.189451479271905,0.949196457862854,0.9730532169342041,0.0,0.0,0.0,1.0,0.0,1.0
SNPT-159,1,,1.0,0.0,0.0,1.0,1.0,0.7896440129449838,391.0,716.0,326.0,309.0,9.5,565.5,8.091638232709897,383.63579550073695,93.40288330843985,,1.0,0.0,0.0,1.0,1.0,0.9393939393939394,717.0,749.0,33.0,33.0,15.0,361.5,343.0319947259266,430.9075868785013,77.6044587049438,1.0,23.188766779589674,6.908361767290103,-22.135795500736947,1.2035762489312953,0.8993924856185913,0.9830399751663208,0.0,0.0,0.0,1.0,0.0,1.0
SNPT-159,0,14.0,0.0043788497819105925,0.9871827882749064,0.9642857142857143,0.0,1.0,0.9642857142857143,0.0,55.0,56.0,56.0,77.0,588.0,16.77787171457163,579.5821401959322,131.10814118343833,3.0,0.07114895902419381,0.9724580998773928,0.2125984251968504,0.0,1.0,0.9763779527559056,623.0,749.0,127.0,127.0,1878.5,816.5,841.5536338020834,740.4833600713484,149.40379500132107,568.0,1876.736357414585,1861.7221282854284,236.9178598040678,0.8775422416965984,0.6968204379081726,0.9070497751235962,0.0,1.0,1.0,1.0,0.0,1.0
SNPT-159,0,9.0,0.0001735714586435019,0.9999862602778844,0.8823529411764706,1.0,1.0,0.8823529411764706,66.0,184.0,119.0,119.0,1913.0,559.5,1913.608680269208,524.192281302783,132.05404110776664,3.0,0.07114895902419381,0.9724580998773928,0.2125984251968504,0.0,1.0,0.9763779527559056,623.0,749.0,127.0,127.0,1878.5,816.5,841.5536338020834,740.4833600713484,149.40379500132107,439.0,294.4085967498517,-35.10868026920798,292.30771869721696,0.8838734056695078,0.5408070087432861,0.8702943921089172,0.0,1.0,1.0,0.0,1.0,1.0
SNPT-159,0,11.0,0.048529692363075104,0.9741672218823042,0.6224489795918368,1.0,1.0,0.8061224489795918,197.0,294.0,98.0,98.0,7.0,595.0,22.561700125752864,574.7462810253894,117.39922463870565,,1.0,0.0,0.0,1.0,1.0,0.8461538461538461,418.0,430.0,13.0,13.0,1621.0,528.0,1883.3654708101612,501.9404307675789,95.66599755471658,124.0,1599.121700588976,1598.4382998742472,-46.74628102538941,1.2271781786580822,0.7822646498680115,0.8758139610290527,0.0,0.0,0.0,1.0,0.0,1.0
SNPT-159,1,,1.0,0.0,0.0,0.0,0.7692307692307693,0.8387096774193549,356.0,417.0,62.0,62.0,22.944007387265174,439.1840682476553,1334.4151495166602,456.3939637099836,96.0120297636506,20.0,0.1732291023849939,0.8247732736847617,0.16566265060240964,0.0,0.9227941176470589,0.8192771084337349,0.0,331.0,332.0,332.0,1854.0,466.5,3.9660746814008814,425.6123575676497,89.44259487447016,25.0,23.331379311350013,18.97793270586429,13.571710680005594,1.0734486169414073,0.8886238932609558,0.9659937620162964,0.0,0.0,0.0,1.0,0.0,0.0
SNPT-159,0,10.0,0.6793271712958813,0.7890215516090393,0.0026041666666666665,0.0,0.9746031746031746,0.8203125,0.0,431.0,432.0,384.0,1319.5,418.0,1909.1176126270407,548.3144821429543,87.70723946338381,,1.0,0.0,0.0,1.0,1.0,0.8620689655172413,605.0,749.0,145.0,145.0,1914.0,296.0,1557.1595883538705,339.23435861950816,59.29189640816685,174.0,252.3617158079387,4.882387372959329,-252.31448214295426,1.4792449689853915,0.6249013543128967,0.941994309425354,0.0,0.0,0.0,0.0,1.0,1.0
SNPT-159,1,,1.0,0.0,0.0,0.0,1.0,0.6666666666666666,424.0,447.0,24.0,24.0,1621.5,471.0,1913.928640438789,474.6903639768699,83.79991934380132,,1.0,0.0,0.0,0.0,1.0,0.950920245398773,587.0,749.0,163.0,163.0,1911.5,270.0,1356.0473260305903,329.36210860327236,63.43316203593574,140.0,204.7047713155812,-2.428640438788989,-204.6903639768699,1.3210742875521095,0.830382764339447,0.9700838923454285,0.0,0.0,0.0,1.0,0.0,1.0
SNPT-159,1,14.0,0.0043788497819105925,0.9871827882749064,0.9642857142857143,0.0,1.0,0.9642857142857143,0.0,55.0,56.0,56.0,77.0,588.0,16.77787171457163,579.5821401959322,131.10814118343833,14.0,0.009839166155677625,0.9910392096168117,0.7142857142857143,0.0,0.970873786407767,0.7744360902255639,185.0,321.0,137.0,133.0,17.5,584.5,6.305548869833437,525.1524319887496,111.38897084641175,130.0,4.970594965703957,0.7221282854283686,4.9178598040678025,1.1770298278831957,0.9343034029006958,0.9240819215774536,1.0,0.0,1.0,1.0,0.0,1.0
SNPT-159,1,11.0,0.048529692363075104,0.9741672218823042,0.6224489795918368,1.0,1.0,0.8061224489795918,197.0,294.0,98.0,98.0,7.0,595.0,22.561700125752864,574.7462810253894,117.39922463870565,,1.0,0.0,0.0,1.0,1.0,0.8962536023054755,403.0,749.0,347.0,347.0,17.0,595.5,571.1321161374103,649.4454117840849,114.9057667121131,109.0,21.486027077287023,-5.561700125752864,20.753718974610592,1.021700024271538,0.893637478351593,0.9757379293441772,0.0,0.0,0.0,1.0,0.0,1.0
SNPT-159,0,11.0,0.048529692363075104,0.9741672218823042,0.6224489795918368,1.0,1.0,0.8061224489795918,197.0,294.0,98.0,98.0,7.0,595.0,22.561700125752864,574.7462810253894,117.39922463870565,,1.0,0.0,0.0,0.0,1.0,0.950920245398773,587.0,749.0,163.0,163.0,1911.5,270.0,1356.0473260305903,329.36210860327236,63.43316203593574,293.0,1913.3630592573425,1888.9382998742472,-304.7462810253894,1.85075472939844,0.6750795841217041,0.9167487621307373,0.0,0.0,0.0,0.0,1.0,1.0
SNPT-159,0,29.0,0.0673189101617623,0.9514355674768106,0.25,1.0,0.9565217391304348,0.8108974358974359,0.0,311.0,312.0,312.0,1011.0,455.5,8.465140170435387,455.52488360969596,99.14083944196906,,1.0,0.0,0.0,1.0,1.0,0.8245033112582781,379.0,749.0,371.0,302.0,10.5,567.5,325.0169110264718,264.85781405600335,81.46734117308684,68.0,111.99360403678467,2.0348598295646134,111.97511639030404,1.2169396719518908,0.6330064535140991,0.9309555292129517,0.0,0.0,0.0,1.0,0.0,1.0
SNPT-159,1,5.0,0.12699578842148185,0.8664006590843201,0.04216867469879518,1.0,0.9856115107913669,0.8373493975903614,110.0,319.0,210.0,166.0,8.5,566.0,16.745786864810505,522.8346535673109,119.60613106999206,,1.0,0.0,0.0,1.0,1.0,0.7896440129449838,391.0,716.0,326.0,309.0,9.5,565.5,8.091638232709897,383.63579550073695,93.40288330843985,72.0,43.27624306142622,-7.245786864810505,42.66534643268915,1.2805400308149213,0.9505507349967957,0.9790682196617126,0.0,0.0,0.0,1.0,0.0,1.0
SNPT-159,0,14.0,0.03286410348791042,0.9085334909928812,0.6379310344827587,0.0,0.9487179487179487,0.6724137931034483,0.0,57.0,58.0,58.0,223.5,574.0,10.596707664384457,568.9227230828003,123.37452062469002,,1.0,0.0,0.0,0.0,1.0,0.950920245398773,587.0,749.0,163.0,163.0,1911.5,270.0,1356.0473260305903,329.36210860327236,63.43316203593574,530.0,1924.2630072803508,1900.9032923356156,-298.9227230828003,1.9449530287453856,0.7743017673492432,0.9123146533966064,0.0,0.0,0.0,1.0,0.0,1.0
SNPT-159,0,29.0,0.0673189101617623,0.9514355674768106,0.25,1.0,0.9565217391304348,0.8108974358974359,0.0,311.0,312.0,312.0,1011.0,455.5,8.465140170435387,455.52488360969596,99.14083944196906,,1.0,0.0,0.0,1.0,1.0,0.7513661202185792,384.0,749.0,366.0,366.0,26.5,504.0,852.2025754390509,294.75976043324965,85.08334510775549,73.0,51.72130197631887,18.034859829564613,48.47511639030404,1.1652202827287783,0.6650957465171814,0.9777485728263855,0.0,0.0,0.0,1.0,0.0,1.0
SNPT-159,0,29.0,0.0673189101617623,0.9514355674768106,0.25,1.0,0.9565217391304348,0.8108974358974359,0.0,311.0,312.0,312.0,1011.0,455.5,8.465140170435387,455.52488360969596,99.14083944196906,,1.0,0.0,0.0,1.0,1.0,0.8461538461538461,418.0,430.0,13.0,13.0,1621.0,528.0,1883.3654708101612,501.9404307675789,95.66599755471658,107.0,1614.162729300036,1612.5348598295645,72.47511639030404,1.0363226431132444,0.7385951280593872,0.9210308790206909,0.0,0.0,0.0,1.0,0.0,1.0
SNPT-159,1,10.0,0.16661305423125233,0.9267019536849614,0.17452830188679244,0.0,0.9806629834254144,0.8537735849056604,0.0,423.0,424.0,424.0,1354.5,440.5,1510.1083505770093,463.1954968044328,94.39537371580693,,1.0,0.0,0.0,0.0,1.0,0.6666666666666666,424.0,447.0,24.0,24.0,1621.5,471.0,1913.928640438789,474.6903639768699,83.79991934380132,1.0,111.66472062072279,111.39164942299067,7.804503195567179,1.126437524701381,0.8907758593559265,0.9829239845275879,0.0,0.0,0.0,1.0,0.0,1.0
SNPT-159,0,,1.0,0.0,0.0,1.0,1.0,0.8313253012048193,214.0,296.0,83.0,83.0,10.5,504.0,4.075634827130425,516.8572569744099,93.71448601903774,,1.0,0.0,0.0,0.0,1.0,0.8848920863309353,611.0,749.0,139.0,139.0,1906.5,441.0,1465.7782529036645,518.343290407471,99.22095630966658,315.0,1903.9361303990945,1902.4243651728696,-75.85725697440989,0.9445029508338616,0.4820507764816284,0.9083181023597717,0.0,0.0,0.0,0.0,1.0,1.0
SNPT-159,0,11.0,0.048529692363075104,0.9741672218823042,0.6224489795918368,1.0,1.0,0.8061224489795918,197.0,294.0,98.0,98.0,7.0,595.0,22.561700125752864,574.7462810253894,117.39922463870565,,1.0,0.0,0.0,0.0,1.0,0.92,686.0,744.0,59.0,50.0,1912.5,340.0,1910.3338280447028,341.1248337134219,73.53987058593262,392.0,1904.461234519309,1889.9382998742472,-234.7462810253894,1.5964023828614522,0.7250438928604126,0.9069750308990479,0.0,0.0,0.0,0.0,1.0,1.0
SNPT-159,1,10.0,0.0012132692098509358,0.9998586866590712,0.8490566037735849,1.0,1.0,0.8522012578616353,0.0,317.0,318.0,318.0,647.5,776.0,8.807069708764455,601.5775465476698,150.1913774081029,10.0,0.01061080242283402,0.9897188148077797,0.5483870967741935,1.0,1.0,0.8838709677419355,595.0,749.0,155.0,155.0,1902.5,988.0,1289.888305406595,662.8186142758608,153.52434352489928,278.0,1932.7170581249404,1893.6929302912356,386.42245345233016,0.978290308622907,0.8437949419021606,0.9921134114265442,1.0,0.0,1.0,1.0,0.0,1.0
SNPT-159,0,,1.0,0.0,0.0,1.0,1.0,0.8991596638655462,300.0,449.0,150.0,119.0,1903.5,530.5,1914.0448009445095,483.55248389619214,99.83680179161199,,1.0,0.0,0.0,0.0,1.0,0.8125,699.0,714.0,16.0,16.0,1907.5,463.0,1910.7818102551237,486.2561469055491,100.13046760513197,250.0,21.569399938489003,-6.544800944509461,-20.552483896192143,0.9970671682601338,0.5767255425453186,0.9245488047599792,0.0,0.0,0.0,0.0,1.0,1.0
SNPT-159,1,6.0,0.010055952120725829,0.9964854463817566,0.2828507795100223,1.0,1.0,0.8596881959910914,0.0,448.0,449.0,449.0,1424.5,511.5,1911.5241213151264,486.7037976023724,88.41477005636148,,1.0,0.0,0.0,1.0,1.0,0.86,643.0,742.0,100.0,100.0,1909.5,297.5,1879.1159100655045,332.63402472479146,62.733994456407,195.0,189.21462441961998,-2.024121315126422,-189.2037976023724,1.4093598028067493,0.762030839920044,0.9755837917327881,0.0,0.0,0.0,1.0,0.0,1.0
SNPT-159,0,,1.0,0.0,0.0,0.0,1.0,0.6666666666666666,424.0,447.0,24.0,24.0,1621.5,471.0,1913.928640438789,474.6903639768699,83.79991934380132,10.0,0.01061080242283402,0.9897188148077797,0.5483870967741935,1.0,1.0,0.8838709677419355,595.0,749.0,155.0,155.0,1902.5,988.0,1289.888305406595,662.8186142758608,153.52434352489928,148.0,513.4368473887295,-11.428640438788989,513.3096360231301,0.5458412484936649,0.610512912273407,0.8707229495048523,0.0,0.0,0.0,0.0,1.0,1.0
SNPT-159,0,,1.0,0.0,0.0,1.0,1.0,0.8541666666666666,624.0,671.0,48.0,48.0,1908.5,524.0,1913.4438668997723,682.2599867089673,107.20128460905931,,1.0,0.0,0.0,0.0,1.0,0.8833333333333333,681.0,740.0,60.0,60.0,1908.5,317.5,1911.7721872219863,315.23161154544687,61.27946108176169,10.0,364.79348914673443,-4.943866899772274,-364.7599867089673,1.7493836061323509,0.6972076892852783,0.9113669395446777,0.0,0.0,0.0,0.0,1.0,1.0
SNPT-159,1,,1.0,0.0,0.0,1.0,1.0,0.8991596638655462,300.0,449.0,150.0,119.0,1903.5,530.5,1914.0448009445095,483.55248389619214,99.83680179161199,,1.0,0.0,0.0,1.0,1.0,0.8541666666666666,624.0,671.0,48.0,48.0,1908.5,524.0,1913.4438668997723,682.2599867089673,107.20128460905931,175.0,40.82580527658982,-5.544800944509461,40.44751610380786,0.931302289479981,0.7772183418273926,0.9642438292503357,0.0,0.0,0.0,1.0,0.0,1.0
SNPT-159,0,10.0,0.0012132692098509358,0.9998586866590712,0.8490566037735849,1.0,1.0,0.8522012578616353,0.0,317.0,318.0,318.0,647.5,776.0,8.807069708764455,601.5775465476698,150.1913774081029,16.0,0.8651942610740662,0.7087706699967384,0.011527377521613832,0.0,1.0,0.7953890489913544,403.0,749.0,347.0,347.0,51.0,579.0,172.43933995642587,541.0371068544354,97.72151253687673,86.0,47.853829258203156,42.19293029123554,-22.57754654766984,1.5369325904715798,0.6873652935028076,0.8940632343292236,0.0,1.0,0.0,0.0,1.0,1.0
SNPT-159,1,,1.0,0.0,0.0,0.0,0.7692307692307693,0.8387096774193549,356.0,417.0,62.0,62.0,22.944007387265174,439.1840682476553,1334.4151495166602,456.3939637099836,96.0120297636506,,1.0,0.0,0.0,0.0,1.0,0.92,686.0,744.0,59.0,50.0,1912.5,340.0,1910.3338280447028,341.1248337134219,73.53987058593262,269.0,589.6860598203643,578.0848504833398,-116.39396370998361,1.3055778994261198,0.8050978779792786,0.9571434855461121,0.0,0.0,0.0,1.0,0.0,0.0
SNPT-159,0,14.0,0.009839166155677625,0.9910392096168117,0.7142857142857143,0.0,0.970873786407767,0.7744360902255639,185.0,321.0,137.0,133.0,17.5,584.5,6.305548869833437,525.1524319887496,111.38897084641175,,1.0,0.0,0.0,0.0,1.0,0.6666666666666666,424.0,447.0,24.0,24.0,1621.5,471.0,1913.928640438789,474.6903639768699,83.79991934380132,103.0,1616.1019772440031,1615.1944511301665,-54.15243198874964,1.3292252751392557,0.775473952293396,0.9532034397125244,0.0,0.0,0.0,1.0,0.0,1.0
SNPT-159,0,9.0,0.021917736732585322,0.9893103899626896,0.4559748427672956,0.0,1.0,0.7830188679245284,0.0,318.0,319.0,318.0,798.0,455.0,1.7757881938830096,582.5003456280012,96.91343440200697,,1.0,0.0,0.0,1.0,1.0,0.8620689655172413,605.0,749.0,145.0,145.0,1914.0,296.0,1557.1595883538705,339.23435861950816,59.29189640816685,287.0,1933.567657017072,1912.224211806117,-286.50034562800124,1.6345139938660849,0.6404329538345337,0.9367527961730957,0.0,0.0,0.0,0.0,1.0,1.0
SNPT-159,0,,1.0,0.0,0.0,0.0,0.7692307692307693,0.8387096774193549,356.0,417.0,62.0,62.0,22.944007387265174,439.1840682476553,1334.4151495166602,456.3939637099836,96.0120297636506,,1.0,0.0,0.0,1.0,1.0,0.9393939393939394,717.0,749.0,33.0,33.0,15.0,361.5,343.0319947259266,430.9075868785013,77.6044587049438,300.0,1322.8231934475077,-1319.4151495166602,-94.89396370998361,1.2371973384763026,0.6983469724655151,0.9076719284057617,0.0,0.0,0.0,0.0,1.0,0.0
SNPT-159,1,10.0,0.16661305423125233,0.9267019536849614,0.17452830188679244,0.0,0.9806629834254144,0.8537735849056604,0.0,423.0,424.0,424.0,1354.5,440.5,1510.1083505770093,463.1954968044328,94.39537371580693,,1.0,0.0,0.0,0.0,1.0,0.950920245398773,587.0,749.0,163.0,163.0,1911.5,270.0,1356.0473260305903,329.36210860327236,63.43316203593574,164.0,445.465774456378,401.39164942299067,-193.19549680443282,1.4881076504168385,0.8882080912590027,0.9834142923355103,0.0,0.0,0.0,1.0,0.0,1.0
SNPT-159,0,,1.0,0.0,0.0,1.0,1.0,0.8541666666666666,624.0,671.0,48.0,48.0,1908.5,524.0,1913.4438668997723,682.2599867089673,107.20128460905931,,1.0,0.0,0.0,1.0,1.0,0.9393939393939394,717.0,749.0,33.0,33.0,15.0,361.5,343.0319947259266,430.9075868785013,77.6044587049438,46.0,1925.3508991461522,-1898.4438668997723,-320.7599867089673,1.3813804824880513,0.8566358089447021,0.9645597338676453,0.0,0.0,0.0,1.0,0.0,1.0
SNPT-159,0,,1.0,0.0,0.0,0.0,0.7692307692307693,0.8387096774193549,356.0,417.0,62.0,62.0,22.944007387265174,439.1840682476553,1334.4151495166602,456.3939637099836,96.0120297636506,9.0,0.0001735714586435019,0.9999862602778844,0.8823529411764706,1.0,1.0,0.8823529411764706,66.0,184.0,119.0,119.0,1913.0,559.5,1913.608680269208,524.192281302783,132.05404110776664,172.0,1892.5747809718405,-1890.6646728819428,-85.00821305512773,0.7270661992486631,0.6730167865753174,0.8380740880966187,0.0,0.0,0.0,0.0,1.0,0.0
SNPT-159,1,40.0,0.10280410433248714,0.9572603639135969,0.11298076923076923,1.0,0.9802816901408451,0.8533653846153846,0.0,429.0,430.0,416.0,1316.0,452.0,1897.1082178061874,549.5346580907019,91.3077028709656,,1.0,0.0,0.0,1.0,1.0,0.8582677165354331,623.0,749.0,127.0,127.0,1899.0,227.5,1735.351837649278,261.5478462941424,50.21683293352001,194.0,322.04021464945043,1.8917821938125599,-322.0346580907019,1.8182688460629146,0.896223783493042,0.9793993830680847,0.0,0.0,0.0,1.0,0.0,1.0
SNPT-159,0,,1.0,0.0,0.0,0.0,0.7692307692307693,0.8387096774193549,356.0,417.0,62.0,62.0,22.944007387265174,439.1840682476553,1334.4151495166602,456.3939637099836,96.0120297636506,,1.0,0.0,0.0,1.0,1.0,0.86,643.0,742.0,100.0,100.0,1909.5,297.5,1879.1159100655045,332.63402472479146,62.733994456407,226.0,596.632111907258,575.0848504833398,-158.8939637099836,1.5304625601414248,0.6855167746543884,0.9204453229904175,0.0,0.0,0.0,0.0,1.0,0.0
SNPT-159,0,14.0,0.0043788497819105925,0.9871827882749064,0.9642857142857143,0.0,1.0,0.9642857142857143,0.0,55.0,56.0,56.0,77.0,588.0,16.77787171457163,579.5821401959322,131.10814118343833,9.0,0.0001735714586435019,0.9999862602778844,0.8823529411764706,1.0,1.0,0.8823529411764706,66.0,184.0,119.0,119.0,1913.0,559.5,1913.608680269208,524.192281302783,132.05404110776664,11.0,1896.328466314359,1896.2221282854284,-20.082140195932197,0.9928370240214279,0.5071784257888794,0.8866220712661743,0.0,1.0,1.0,0.0,1.0,1.0
SNPT-159,1,,1.0,0.0,0.0,1.0,1.0,0.8313253012048193,214.0,296.0,83.0,83.0,10.5,504.0,4.075634827130425,516.8572569744099,93.71448601903774,,1.0,0.0,0.0,1.0,1.0,0.8245033112582781,379.0,749.0,371.0,302.0,10.5,567.5,325.0169110264718,264.85781405600335,81.46734117308684,83.0,51.04860320351904,6.424365172869575,50.64274302559011,1.1503319571941155,0.8521453142166138,0.9714494943618774,0.0,0.0,0.0,1.0,0.0,1.0
SNPT-159,1,6.0,0.01876309780845451,0.9867210454981903,0.39908256880733944,0.0,1.0,0.8119266055045872,0.0,435.0,436.0,436.0,1820.5,656.5,1905.1389713130416,669.222010413617,145.53869318657567,,1.0,0.0,0.0,0.0,0.9940476190476191,0.96,575.0,749.0,175.0,175.0,1897.5,625.0,1301.1023400125528,626.8136063800564,130.85637843387073,140.0,44.876943832479526,-7.638971313041566,-44.222010413617,1.112201750716529,0.9422325491905212,0.9924539923667908,0.0,0.0,0.0,1.0,0.0,1.0
SNPT-159,0,26.0,0.04253657082487836,0.9614664340075457,0.5286783042394015,0.0,1.0,0.830423940149626,0.0,418.0,419.0,401.0,1468.5,551.0,1883.856666238738,586.1739066246682,118.01851325730598,,1.0,0.0,0.0,1.0,1.0,0.8582677165354331,623.0,749.0,127.0,127.0,1899.0,227.5,1735.351837649278,261.5478462941424,50.21683293352001,205.0,358.9934426292578,15.143333761262056,-358.67390662466823,2.350178343854257,0.5562397837638855,0.9104926586151123,0.0,0.0,0.0,0.0,1.0,1.0
SNPT-159,1,10.0,0.1431748226750642,0.973396360874176,0.005291005291005291,1.0,1.0,0.9470899470899471,374.0,562.0,189.0,189.0,12.138038272310212,673.6677158905992,1906.5060498691944,1020.593045628415,157.78106800270353,10.0,0.01061080242283402,0.9897188148077797,0.5483870967741935,1.0,1.0,0.8838709677419355,595.0,749.0,155.0,155.0,1902.5,988.0,1289.888305406595,662.8186142758608,153.52434352489928,33.0,32.83831693145088,-4.006049869194385,-32.593045628414984,1.0277267069187233,0.9149954915046692,0.9511679410934448,1.0,0.0,1.0,1.0,0.0,1.0
SNPT-159,0,,1.0,0.0,0.0,0.0,1.0,0.9439252336448598,315.0,421.0,107.0,107.0,1872.0,516.0,1906.3100485066166,513.8193401203756,101.35289154675088,,1.0,0.0,0.0,0.0,1.0,0.6666666666666666,424.0,447.0,24.0,24.0,1621.5,471.0,1913.928640438789,474.6903639768699,83.79991934380132,3.0,288.0108671885241,-284.81004850661657,-42.819340120375614,1.2094628770576252,0.8383007645606995,0.9780766367912292,0.0,0.0,0.0,1.0,0.0,1.0
SNPT-159,0,,1.0,0.0,0.0,1.0,1.0,0.8461538461538461,418.0,430.0,13.0,13.0,1621.0,528.0,1883.3654708101612,501.9404307675789,95.66599755471658,,1.0,0.0,0.0,1.0,1.0,0.8541666666666666,624.0,671.0,48.0,48.0,1908.5,524.0,1913.4438668997723,682.2599867089673,107.20128460905931,194.0,33.442026737547415,25.13452918983876,22.059569232421097,0.8923959997642797,0.7969870567321777,0.8875921964645386,0.0,0.0,0.0,1.0,0.0,1.0
SNPT-159,1,14.0,0.0043788497819105925,0.9871827882749064,0.9642857142857143,0.0,1.0,0.9642857142857143,0.0,55.0,56.0,56.0,77.0,588.0,16.77787171457163,579.5821401959322,131.10814118343833,16.0,0.8651942610740662,0.7087706699967384,0.011527377521613832,0.0,1.0,0.7953890489913544,403.0,749.0,347.0,347.0,51.0,579.0,172.43933995642587,541.0371068544354,97.72151253687673,348.0,34.22707921503143,34.22212828542837,-0.5821401959321975,1.3416507561112774,0.8860953450202942,0.8948106169700623,0.0,1.0,0.0,1.0,0.0,1.0
SNPT-159,1,14.0,0.009839166155677625,0.9910392096168117,0.7142857142857143,0.0,0.970873786407767,0.7744360902255639,185.0,321.0,137.0,133.0,17.5,584.5,6.305548869833437,525.1524319887496,111.38897084641175,16.0,0.8651942610740662,0.7087706699967384,0.011527377521613832,0.0,1.0,0.7953890489913544,403.0,749.0,347.0,347.0,51.0,579.0,172.43933995642587,541.0371068544354,97.72151253687673,82.0,69.97967235242731,44.69445113016656,53.84756801125036,1.1398613054047582,0.9432246685028076,0.979983925819397,0.0,1.0,0.0,1.0,0.0,1.0
SNPT-159,1,22.0,0.01042344846305091,0.9956030465744354,0.2774390243902439,1.0,1.0,0.850609756097561,0.0,327.0,328.0,328.0,692.5,469.0,10.250351140034923,494.83510651646236,112.44373801465915,,1.0,0.0,0.0,1.0,1.0,0.7513661202185792,384.0,749.0,366.0,366.0,26.5,504.0,852.2025754390509,294.75976043324965,85.08334510775549,57.0,18.656000660290378,16.249648859965077,9.16489348353764,1.3215716644926518,0.9299505949020386,0.9840079545974731,0.0,0.0,0.0,1.0,0.0,1.0
SNPT-159,1,20.0,0.1732291023849939,0.8247732736847617,0.16566265060240964,0.0,0.9227941176470589,0.8192771084337349,0.0,331.0,332.0,332.0,1854.0,466.5,3.9660746814008814,425.6123575676497,89.44259487447016,,1.0,0.0,0.0,0.0,1.0,0.92,686.0,744.0,59.0,50.0,1912.5,340.0,1910.3338280447028,341.1248337134219,73.53987058593262,355.0,1910.4531451622443,1908.5339253185991,-85.61235756764972,1.2162462914583856,0.7873871326446533,0.9730811715126038,0.0,0.0,0.0,1.0,0.0,1.0
SNPT-159,0,20.0,0.1732291023849939,0.8247732736847617,0.16566265060240964,0.0,0.9227941176470589,0.8192771084337349,0.0,331.0,332.0,332.0,1854.0,466.5,3.9660746814008814,425.6123575676497,89.44259487447016,3.0,0.07114895902419381,0.9724580998773928,0.2125984251968504,0.0,1.0,0.9763779527559056,623.0,749.0,127.0,127.0,1878.5,816.5,841.5536338020834,740.4833600713484,149.40379500132107,292.0,1914.8552389610752,1874.5339253185991,390.8876424323503,0.5986634735327793,0.7698191404342651,0.9582921266555786,0.0,1.0,0.0,1.0,0.0,1.0
SNPT-159,1,10.0,0.0012132692098509358,0.9998586866590712,0.8490566037735849,1.0,1.0,0.8522012578616353,0.0,317.0,318.0,318.0,647.5,776.0,8.807069708764455,601.5775465476698,150.1913774081029,10.0,0.1431748226750642,0.973396360874176,0.005291005291005291,1.0,1.0,0.9470899470899471,374.0,562.0,189.0,189.0,12.138038272310212,673.6677158905992,1906.5060498691944,1020.593045628415,157.78106800270353,57.0,72.16708299123334,3.330968563545756,72.09016934292936,0.9518973303281825,0.9194607734680176,0.9344654679298401,1.0,0.0,1.0,1.0,0.0,1.0
SNPT-159,0,9.0,0.0001735714586435019,0.9999862602778844,0.8823529411764706,1.0,1.0,0.8823529411764706,66.0,184.0,119.0,119.0,1913.0,559.5,1913.608680269208,524.192281302783,132.05404110776664,,1.0,0.0,0.0,1.0,1.0,0.8620689655172413,605.0,749.0,145.0,145.0,1914.0,296.0,1557.1595883538705,339.23435861950816,59.29189640816685,421.0,228.19261683345536,0.39131973079202,-228.19228130278304,2.2271853171756124,0.6891062259674072,0.8767876625061035,0.0,0.0,0.0,1.0,0.0,1.0
SNPT-159,1,29.0,0.0673189101617623,0.9514355674768106,0.25,1.0,0.9565217391304348,0.8108974358974359,0.0,311.0,312.0,312.0,1011.0,455.5,8.465140170435387,455.52488360969596,99.14083944196906,,1.0,0.0,0.0,1.0,1.0,0.8,380.0,749.0,370.0,370.0,12.951978288646046,526.8883344656534,984.6548689034064,461.7051576506718,95.66641244156254,69.0,71.50436234503239,4.48683811821066,71.36345085595747,1.0363181487810977,0.8691672086715698,0.9659680128097534,0.0,0.0,0.0,1.0,0.0,1.0
SNPT-159,0,40.0,0.10280410433248714,0.9572603639135969,0.11298076923076923,1.0,0.9802816901408451,0.8533653846153846,0.0,429.0,430.0,416.0,1316.0,452.0,1897.1082178061874,549.5346580907019,91.3077028709656,,1.0,0.0,0.0,0.0,1.0,0.8848920863309353,611.0,749.0,139.0,139.0,1906.5,441.0,1465.7782529036645,518.343290407471,99.22095630966658,182.0,108.94024774912886,9.39178219381256,-108.5346580907019,0.9202461482632371,0.6311936974525452,0.9327273964881897,0.0,0.0,0.0,0.0,1.0,1.0
SNPT-159,0,22.0,0.01042344846305091,0.9956030465744354,0.2774390243902439,1.0,1.0,0.850609756097561,0.0,327.0,328.0,328.0,692.5,469.0,10.250351140034923,494.83510651646236,112.44373801465915,,1.0,0.0,0.0,1.0,1.0,0.7896440129449838,391.0,716.0,326.0,309.0,9.5,565.5,8.091638232709897,383.63579550073695,93.40288330843985,64.0,70.66887715163637,-0.7503511400349225,70.66489348353764,1.2038572475684888,0.8463957905769348,0.9754179120063782,0.0,0.0,0.0,1.0,0.0,1.0
SNPT-159,0,9.0,0.0001735714586435019,0.9999862602778844,0.8823529411764706,1.0,1.0,0.8823529411764706,66.0,184.0,119.0,119.0,1913.0,559.5,1913.608680269208,524.192281302783,132.05404110776664,,1.0,0.0,0.0,1.0,1.0,0.86,643.0,742.0,100.0,100.0,1909.5,297.5,1879.1159100655045,332.63402472479146,62.733994456407,459.0,226.72951209715663,-4.10868026920798,-226.69228130278304,2.104983785139478,0.7420238256454468,0.8794131875038147,0.0,0.0,0.0,1.0,0.0,1.0
SNPT-159,0,14.0,0.03286410348791042,0.9085334909928812,0.6379310344827587,0.0,0.9487179487179487,0.6724137931034483,0.0,57.0,58.0,58.0,223.5,574.0,10.596707664384457,568.9227230828003,123.37452062469002,,1.0,0.0,0.0,1.0,1.0,0.8245033112582781,379.0,749.0,371.0,302.0,10.5,567.5,325.0169110264718,264.85781405600335,81.46734117308684,322.0,1.4260060808718504,-0.0967076643844571,-1.422723082800303,1.514404654038807,0.6800264716148376,0.9026095867156982,0.0,0.0,0.0,0.0,1.0,1.0
SNPT-159,0,,1.0,0.0,0.0,1.0,1.0,0.8991596638655462,300.0,449.0,150.0,119.0,1903.5,530.5,1914.0448009445095,483.55248389619214,99.83680179161199,,1.0,0.0,0.0,1.0,1.0,0.8620689655172413,605.0,749.0,145.0,145.0,1914.0,296.0,1557.1595883538705,339.23435861950816,59.29189640816685,156.0,187.55248924702664,-0.04480094450946126,-187.55248389619214,1.6838186639255561,0.7576971054077148,0.9696598649024963,0.0,0.0,0.0,1.0,0.0,1.0
SNPT-159,0,14.0,0.03286410348791042,0.9085334909928812,0.6379310344827587,0.0,0.9487179487179487,0.6724137931034483,0.0,57.0,58.0,58.0,223.5,574.0,10.596707664384457,568.9227230828003,123.37452062469002,,1.0,0.0,0.0,0.0,0.7692307692307693,0.8387096774193549,356.0,417.0,62.0,62.0,22.944007387265174,439.1840682476553,1334.4151495166602,456.3939637099836,96.0120297636506,299.0,130.32488008388705,12.347299722880717,-129.73865483514498,1.2849902343320592,0.7498973608016968,0.8965975046157837,0.0,0.0,0.0,1.0,0.0,0.0
SNPT-159,0,6.0,0.010055952120725829,0.9964854463817566,0.2828507795100223,1.0,1.0,0.8596881959910914,0.0,448.0,449.0,449.0,1424.5,511.5,1911.5241213151264,486.7037976023724,88.41477005636148,3.0,0.07114895902419381,0.9724580998773928,0.2125984251968504,0.0,1.0,0.9763779527559056,623.0,749.0,127.0,127.0,1878.5,816.5,841.5536338020834,740.4833600713484,149.40379500132107,175.0,331.4455124217752,-33.02412131512642,329.7962023976276,0.5917839640926101,0.6925665736198425,0.9152573943138123,0.0,1.0,1.0,0.0,1.0,1.0
SNPT-159,0,22.0,0.01042344846305091,0.9956030465744354,0.2774390243902439,1.0,1.0,0.850609756097561,0.0,327.0,328.0,328.0,692.5,469.0,10.250351140034923,494.83510651646236,112.44373801465915,,1.0,0.0,0.0,0.0,1.0,0.950920245398773,587.0,749.0,163.0,163.0,1911.5,270.0,1356.0473260305903,329.36210860327236,63.43316203593574,260.0,1914.4975979124156,1901.249648859965,-224.83510651646236,1.7726333420200346,0.6833496689796448,0.9182143211364746,0.0,0.0,0.0,0.0,1.0,1.0
SNPT-159,0,10.0,0.1431748226750642,0.973396360874176,0.005291005291005291,1.0,1.0,0.9470899470899471,374.0,562.0,189.0,189.0,12.138038272310212,673.6677158905992,1906.5060498691944,1020.593045628415,157.78106800270353,,1.0,0.0,0.0,0.0,1.0,0.8848920863309353,611.0,749.0,139.0,139.0,1906.5,441.0,1465.7782529036645,518.343290407471,99.22095630966658,49.0,579.5930456599897,-0.006049869194384883,-579.593045628415,1.590199025196573,0.6335618495941162,0.9444066286087036,0.0,0.0,0.0,0.0,1.0,1.0
SNPT-159,0,,1.0,0.0,0.0,1.0,1.0,0.8313253012048193,214.0,296.0,83.0,83.0,10.5,504.0,4.075634827130425,516.8572569744099,93.71448601903774,3.0,0.00030259231760115736,0.9963399158434921,0.9270833333333334,0.0,1.0,0.9270833333333334,307.0,436.0,130.0,96.0,1902.0,828.5,1908.7503987465452,692.8354257587415,164.45809394249184,11.0,1923.3403482476401,1897.9243651728696,311.6427430255901,0.5698380892813222,0.6314655542373657,0.8268318772315979,0.0,0.0,0.0,0.0,1.0,1.0
SNPT-159,0,29.0,0.0673189101617623,0.9514355674768106,0.25,1.0,0.9565217391304348,0.8108974358974359,0.0,311.0,312.0,312.0,1011.0,455.5,8.465140170435387,455.52488360969596,99.14083944196906,9.0,0.09134283661842346,0.9830096364021301,0.00273224043715847,0.0,1.0,0.825136612021858,312.0,749.0,438.0,366.0,6.0,437.0,997.8372405368943,379.3744378179164,80.22262590157185,1.0,18.688184203198457,-2.4651401704353866,-18.524883609695962,1.2358214198025466,0.7550458312034607,0.951797366142273,0.0,1.0,1.0,0.0,1.0,1.0
SNPT-159,0,,1.0,0.0,0.0,1.0,1.0,0.8313253012048193,214.0,296.0,83.0,83.0,10.5,504.0,4.075634827130425,516.8572569744099,93.71448601903774,,1.0,0.0,0.0,0.0,1.0,0.6666666666666666,424.0,447.0,24.0,24.0,1621.5,471.0,1913.928640438789,474.6903639768699,83.79991934380132,128.0,1618.0743076484705,1617.4243651728696,-45.85725697440989,1.1183123653682823,0.5363895893096924,0.9268956184387207,0.0,0.0,0.0,0.0,1.0,1.0
SNPT-159,0,,1.0,0.0,0.0,0.0,0.7692307692307693,0.8387096774193549,356.0,417.0,62.0,62.0,22.944007387265174,439.1840682476553,1334.4151495166602,456.3939637099836,96.0120297636506,,1.0,0.0,0.0,0.0,1.0,0.8125,699.0,714.0,16.0,16.0,1907.5,463.0,1910.7818102551237,486.2561469055491,100.13046760513197,282.0,573.1229236114857,573.0848504833398,6.606036290016391,0.9588692838455267,0.5815411806106567,0.9732207655906677,0.0,0.0,0.0,1.0,0.0,0.0
SNPT-159,0,14.0,0.03286410348791042,0.9085334909928812,0.6379310344827587,0.0,0.9487179487179487,0.6724137931034483,0.0,57.0,58.0,58.0,223.5,574.0,10.596707664384457,568.9227230828003,123.37452062469002,9.0,0.09134283661842346,0.9830096364021301,0.00273224043715847,0.0,1.0,0.825136612021858,312.0,749.0,438.0,366.0,6.0,437.0,997.8372405368943,379.3744378179164,80.22262590157185,255.0,132.0027824969346,-4.596707664384457,-131.9227230828003,1.5379017981294063,0.8092405796051025,0.9358472228050232,0.0,1.0,1.0,1.0,0.0,1.0
SNPT-159,0,29.0,0.0673189101617623,0.9514355674768106,0.25,1.0,0.9565217391304348,0.8108974358974359,0.0,311.0,312.0,312.0,1011.0,455.5,8.465140170435387,455.52488360969596,99.14083944196906,,1.0,0.0,0.0,0.0,1.0,0.9439252336448598,315.0,421.0,107.0,107.0,1872.0,516.0,1906.3100485066166,513.8193401203756,101.35289154675088,4.0,1864.5158657148552,1863.5348598295645,60.47511639030404,0.9781747509022821,0.7516629695892334,0.9519757628440857,0.0,0.0,0.0,0.0,1.0,1.0
SNPT-159,0,,1.0,0.0,0.0,0.0,1.0,0.6666666666666666,424.0,447.0,24.0,24.0,1621.5,471.0,1913.928640438789,474.6903639768699,83.79991934380132,,1.0,0.0,0.0,1.0,1.0,0.8582677165354331,623.0,749.0,127.0,127.0,1899.0,227.5,1735.351837649278,261.5478462941424,50.21683293352001,176.0,247.6407485620411,-14.928640438788989,-247.1903639768699,1.6687615376847953,0.7070565223693848,0.9344650506973267,0.0,0.0,0.0,0.0,1.0,1.0
SNPT-159,0,26.0,0.04253657082487836,0.9614664340075457,0.5286783042394015,0.0,1.0,0.830423940149626,0.0,418.0,419.0,401.0,1468.5,551.0,1883.856666238738,586.1739066246682,118.01851325730598,,1.0,0.0,0.0,0.0,1.0,0.8833333333333333,681.0,740.0,60.0,60.0,1908.5,317.5,1911.7721872219863,315.23161154544687,61.27946108176169,263.0,269.8017086673654,24.643333761262056,-268.67390662466823,1.9259065137638958,0.802165150642395,0.9497216939926147,0.0,0.0,0.0,1.0,0.0,1.0
SNPT-159,0,6.0,0.010055952120725829,0.9964854463817566,0.2828507795100223,1.0,1.0,0.8596881959910914,0.0,448.0,449.0,449.0,1424.5,511.5,1911.5241213151264,486.7037976023724,88.41477005636148,,1.0,0.0,0.0,1.0,1.0,0.9393939393939394,717.0,749.0,33.0,33.0,15.0,361.5,343.0319947259266,430.9075868785013,77.6044587049438,269.0,1900.6524494668056,-1896.5241213151264,-125.20379760237239,1.139300132129251,0.7834205627441406,0.9691435098648071,0.0,0.0,0.0,1.0,0.0,1.0
SNPT-159,0,9.0,0.0001735714586435019,0.9999862602778844,0.8823529411764706,1.0,1.0,0.8823529411764706,66.0,184.0,119.0,119.0,1913.0,559.5,1913.608680269208,524.192281302783,132.05404110776664,16.0,0.8651942610740662,0.7087706699967384,0.011527377521613832,0.0,1.0,0.7953890489913544,403.0,749.0,347.0,347.0,51.0,579.0,172.43933995642587,541.0371068544354,97.72151253687673,219.0,1863.4148711017076,-1862.608680269208,54.807718697216956,1.3513303026079748,0.5863252878189087,0.8825964331626892,0.0,1.0,0.0,0.0,1.0,1.0
SNPT-159,1,,1.0,0.0,0.0,1.0,1.0,0.8461538461538461,418.0,430.0,13.0,13.0,1621.0,528.0,1883.3654708101612,501.9404307675789,95.66599755471658,,1.0,0.0,0.0,1.0,1.0,0.86,643.0,742.0,100.0,100.0,1909.5,297.5,1879.1159100655045,332.63402472479146,62.733994456407,213.0,206.10410803379867,26.13452918983876,-204.4404307675789,1.5249466957056845,0.7466620802879333,0.9212498664855957,0.0,0.0,0.0,1.0,0.0,1.0
SNPT-159,0,,1.0,0.0,0.0,0.0,1.0,0.6666666666666666,424.0,447.0,24.0,24.0,1621.5,471.0,1913.928640438789,474.6903639768699,83.79991934380132,,1.0,0.0,0.0,0.0,1.0,0.8833333333333333,681.0,740.0,60.0,60.0,1908.5,317.5,1911.7721872219863,315.23161154544687,61.27946108176169,234.0,157.28407632114093,-5.428640438788989,-157.1903639768699,1.3675041827145293,0.7386800646781921,0.9779409766197205,0.0,0.0,0.0,1.0,0.0,1.0
SNPT-159,0,5.0,0.12699578842148185,0.8664006590843201,0.04216867469879518,1.0,0.9856115107913669,0.8373493975903614,110.0,319.0,210.0,166.0,8.5,566.0,16.745786864810505,522.8346535673109,119.60613106999206,10.0,0.01061080242283402,0.9897188148077797,0.5483870967741935,1.0,1.0,0.8838709677419355,595.0,749.0,155.0,155.0,1902.5,988.0,1289.888305406595,662.8186142758608,153.52434352489928,276.0,1942.2790097920952,1885.7542131351895,465.16534643268915,0.7790694838606738,0.7462900280952454,0.9421582221984863,0.0,1.0,1.0,1.0,0.0,1.0
SNPT-159,0,,1.0,0.0,0.0,0.0,1.0,0.6666666666666666,424.0,447.0,24.0,24.0,1621.5,471.0,1913.928640438789,474.6903639768699,83.79991934380132,,1.0,0.0,0.0,0.0,1.0,0.8125,699.0,714.0,16.0,16.0,1907.5,463.0,1910.7818102551237,486.2561469055491,100.13046760513197,252.0,13.341365290064216,-6.428640438788989,-11.69036397686989,0.8369073005258425,0.5672785043716431,0.9486011862754822,0.0,0.0,0.0,1.0,0.0,1.0
SNPT-159,0,30.0,0.010745144906881075,0.9922688472740756,0.47877358490566035,1.0,1.0,0.785377358490566,0.0,423.0,424.0,424.0,1111.5,622.5,1712.598589768429,493.542479397565,118.72154273909504,,1.0,0.0,0.0,1.0,1.0,0.86,643.0,742.0,100.0,100.0,1909.5,297.5,1879.1159100655045,332.63402472479146,62.733994456407,220.0,277.8539527872981,196.90141023157094,-196.042479397565,1.8924594833761628,0.7823947072029114,0.9397167563438416,0.0,0.0,0.0,1.0,0.0,1.0
SNPT-159,0,6.0,0.01876309780845451,0.9867210454981903,0.39908256880733944,0.0,1.0,0.8119266055045872,0.0,435.0,436.0,436.0,1820.5,656.5,1905.1389713130416,669.222010413617,145.53869318657567,,1.0,0.0,0.0,0.0,1.0,0.92,686.0,744.0,59.0,50.0,1912.5,340.0,1910.3338280447028,341.1248337134219,73.53987058593262,251.0,329.3042922345744,7.361028686958434,-329.222010413617,1.979044728077284,0.8647301197052002,0.9541411995887756,0.0,0.0,0.0,1.0,0.0,1.0
SNPT-159,1,3.0,0.00030259231760115736,0.9963399158434921,0.9270833333333334,0.0,1.0,0.9270833333333334,307.0,436.0,130.0,96.0,1902.0,828.5,1908.7503987465452,692.8354257587415,164.45809394249184,3.0,0.07114895902419381,0.9724580998773928,0.2125984251968504,0.0,1.0,0.9763779527559056,623.0,749.0,127.0,127.0,1878.5,816.5,841.5536338020834,740.4833600713484,149.40379500132107,187.0,127.31069690562815,-30.250398746545216,123.66457424125849,1.100762493623657,0.7854827046394348,0.933021068572998,1.0,0.0,1.0,1.0,0.0,1.0
SNPT-159,1,14.0,0.03286410348791042,0.9085334909928812,0.6379310344827587,0.0,0.9487179487179487,0.6724137931034483,0.0,57.0,58.0,58.0,223.5,574.0,10.596707664384457,568.9227230828003,123.37452062469002,,1.0,0.0,0.0,1.0,1.0,0.7896440129449838,391.0,716.0,326.0,309.0,9.5,565.5,8.091638232709897,383.63579550073695,93.40288330843985,334.0,3.594134249392143,-1.096707664384457,-3.422723082800303,1.32088556856726,0.8626405000686646,0.9207121729850769,0.0,0.0,0.0,0.0,1.0,1.0
SNPT-159,0,3.0,0.00030259231760115736,0.9963399158434921,0.9270833333333334,0.0,1.0,0.9270833333333334,307.0,436.0,130.0,96.0,1902.0,828.5,1908.7503987465452,692.8354257587415,164.45809394249184,,1.0,0.0,0.0,0.0,1.0,0.92,686.0,744.0,59.0,50.0,1912.5,340.0,1910.3338280447028,341.1248337134219,73.53987058593262,250.0,352.8553488044532,3.7496012534547845,-352.8354257587415,2.2363119846712225,0.8565154671669006,0.8672261834144592,0.0,0.0,0.0,1.0,0.0,1.0
SNPT-159,1,9.0,0.0001735714586435019,0.9999862602778844,0.8823529411764706,1.0,1.0,0.8823529411764706,66.0,184.0,119.0,119.0,1913.0,559.5,1913.608680269208,524.192281302783,132.05404110776664,,1.0,0.0,0.0,1.0,1.0,0.8541666666666666,624.0,671.0,48.0,48.0,1908.5,524.0,1913.4438668997723,682.2599867089673,107.20128460905931,440.0,5.112297545369876,-5.10868026920798,-0.19228130278304434,1.2318326369813584,0.6988770961761475,0.9209834337234497,0.0,0.0,0.0,1.0,0.0,1.0
SNPT-159,1,14.0,0.03286410348791042,0.9085334909928812,0.6379310344827587,0.0,0.9487179487179487,0.6724137931034483,0.0,57.0,58.0,58.0,223.5,574.0,10.596707664384457,568.9227230828003,123.37452062469002,,1.0,0.0,0.0,1.0,1.0,0.9393939393939394,717.0,749.0,33.0,33.0,15.0,361.5,343.0319947259266,430.9075868785013,77.6044587049438,660.0,207.46945566631476,4.403292335615543,-207.4227230828003,1.589786497883664,0.7250897884368896,0.9020140171051025,0.0,0.0,0.0,0.0,1.0,1.0
SNPT-159,1,5.0,0.12699578842148185,0.8664006590843201,0.04216867469879518,1.0,0.9856115107913669,0.8373493975903614,110.0,319.0,210.0,166.0,8.5,566.0,16.745786864810505,522.8346535673109,119.60613106999206,,1.0,0.0,0.0,1.0,1.0,0.9393939393939394,717.0,749.0,33.0,33.0,15.0,361.5,343.0319947259266,430.9075868785013,77.6044587049438,398.0,161.34409878722417,-1.7457868648105048,-161.33465356731085,1.541227566894588,0.8377847671508789,0.9735018610954285,0.0,0.0,0.0,1.0,0.0,1.0
SNPT-159,0,,1.0,0.0,0.0,1.0,1.0,0.8313253012048193,214.0,296.0,83.0,83.0,10.5,504.0,4.075634827130425,516.8572569744099,93.71448601903774,,1.0,0.0,0.0,0.0,0.9940476190476191,0.96,575.0,749.0,175.0,175.0,1897.5,625.0,1301.1023400125528,626.8136063800564,130.85637843387073,279.0,1896.5101316627295,1893.4243651728696,108.14274302559011,0.716162919535459,0.49244987964630127,0.9207400679588318,0.0,0.0,0.0,0.0,1.0,1.0
SNPT-159,0,,1.0,0.0,0.0,1.0,1.0,0.8461538461538461,418.0,430.0,13.0,13.0,1621.0,528.0,1883.3654708101612,501.9404307675789,95.66599755471658,,1.0,0.0,0.0,0.0,1.0,0.92,686.0,744.0,59.0,50.0,1912.5,340.0,1910.3338280447028,341.1248337134219,73.53987058593262,256.0,164.54034127928196,29.13452918983876,-161.9404307675789,1.3008725306761209,0.7358733415603638,0.8959932327270508,0.0,0.0,0.0,0.0,1.0,1.0
SNPT-159,0,5.0,0.12699578842148185,0.8664006590843201,0.04216867469879518,1.0,0.9856115107913669,0.8373493975903614,110.0,319.0,210.0,166.0,8.5,566.0,16.745786864810505,522.8346535673109,119.60613106999206,,1.0,0.0,0.0,0.0,1.0,0.8125,699.0,714.0,16.0,16.0,1907.5,463.0,1910.7818102551237,486.2561469055491,100.13046760513197,380.0,1891.700737499457,1890.7542131351895,-59.83465356731085,1.194502871410359,0.5788131952285767,0.9247102737426758,0.0,0.0,0.0,0.0,1.0,1.0
SNPT-159,0,10.0,0.1431748226750642,0.973396360874176,0.005291005291005291,1.0,1.0,0.9470899470899471,374.0,562.0,189.0,189.0,12.138038272310212,673.6677158905992,1906.5060498691944,1020.593045628415,157.78106800270353,3.0,0.07114895902419381,0.9724580998773928,0.2125984251968504,0.0,1.0,0.9763779527559056,623.0,749.0,127.0,127.0,1878.5,816.5,841.5536338020834,740.4833600713484,149.40379500132107,61.0,206.0056069701941,-28.006049869194385,-204.09304562841498,1.0560713534840824,0.6339951753616333,0.9292162656784058,0.0,1.0,1.0,0.0,1.0,1.0
SNPT-159,0,29.0,0.0673189101617623,0.9514355674768106,0.25,1.0,0.9565217391304348,0.8108974358974359,0.0,311.0,312.0,312.0,1011.0,455.5,8.465140170435387,455.52488360969596,99.14083944196906,3.0,0.07114895902419381,0.9724580998773928,0.2125984251968504,0.0,1.0,0.9763779527559056,623.0,749.0,127.0,127.0,1878.5,816.5,841.5536338020834,740.4833600713484,149.40379500132107,312.0,1904.555961800748,1870.0348598295645,360.97511639030404,0.6635764469108193,0.653010904788971,0.92563796043396,0.0,1.0,1.0,0.0,1.0,1.0
SNPT-159,1,9.0,0.0001735714586435019,0.9999862602778844,0.8823529411764706,1.0,1.0,0.8823529411764706,66.0,184.0,119.0,119.0,1913.0,559.5,1913.608680269208,524.192281302783,132.05404110776664,,1.0,0.0,0.0,1.0,1.0,0.8991596638655462,300.0,449.0,150.0,119.0,1903.5,530.5,1914.0448009445095,483.55248389619214,99.83680179161199,116.0,11.91523109084734,-10.10868026920798,6.307718697216956,1.3226990322005832,0.8674220442771912,0.9173586964607239,0.0,0.0,0.0,1.0,0.0,1.0
SNPT-159,0,5.0,0.12699578842148185,0.8664006590843201,0.04216867469879518,1.0,0.9856115107913669,0.8373493975903614,110.0,319.0,210.0,166.0,8.5,566.0,16.745786864810505,522.8346535673109,119.60613106999206,,1.0,0.0,0.0,0.0,0.9940476190476191,0.96,575.0,749.0,175.0,175.0,1897.5,625.0,1301.1023400125528,626.8136063800564,130.85637843387073,256.0,1883.5270553505402,1880.7542131351895,102.16534643268915,0.9140259917130132,0.733457088470459,0.9374501705169678,0.0,0.0,0.0,0.0,1.0,1.0
SNPT-159,0,,1.0,0.0,0.0,0.0,1.0,0.6666666666666666,424.0,447.0,24.0,24.0,1621.5,471.0,1913.928640438789,474.6903639768699,83.79991934380132,,1.0,0.0,0.0,1.0,1.0,0.9393939393939394,717.0,749.0,33.0,33.0,15.0,361.5,343.0319947259266,430.9075868785013,77.6044587049438,270.0,1902.2991457643889,-1898.928640438789,-113.19036397686989,1.0798338232396285,0.6107274293899536,0.9085241556167603,0.0,0.0,0.0,0.0,1.0,1.0
SNPT-159,1,10.0,0.6793271712958813,0.7890215516090393,0.0026041666666666665,0.0,0.9746031746031746,0.8203125,0.0,431.0,432.0,384.0,1319.5,418.0,1909.1176126270407,548.3144821429543,87.70723946338381,,1.0,0.0,0.0,0.0,1.0,0.8833333333333333,681.0,740.0,60.0,60.0,1908.5,317.5,1911.7721872219863,315.23161154544687,61.27946108176169,250.0,230.8153084443864,-0.6176126270406712,-230.81448214295426,1.4312664947617775,0.8111757636070251,0.9756612181663513,0.0,0.0,0.0,1.0,0.0,1.0
SNPT-159,0,,1.0,0.0,0.0,0.0,0.7692307692307693,0.8387096774193549,356.0,417.0,62.0,62.0,22.944007387265174,439.1840682476553,1334.4151495166602,456.3939637099836,96.0120297636506,,1.0,0.0,0.0,0.0,1.0,0.950920245398773,587.0,749.0,163.0,163.0,1911.5,270.0,1356.0473260305903,329.36210860327236,63.43316203593574,170.0,606.4401325480508,577.0848504833398,-186.3939637099836,1.5135936264576957,0.8627544641494751,0.9612942934036255,0.0,0.0,0.0,1.0,0.0,0.0
SNPT-159,0,29.0,0.0673189101617623,0.9514355674768106,0.25,1.0,0.9565217391304348,0.8108974358974359,0.0,311.0,312.0,312.0,1011.0,455.5,8.465140170435387,455.52488360969596,99.14083944196906,,1.0,0.0,0.0,0.0,1.0,0.8833333333333333,681.0,740.0,60.0,60.0,1908.5,317.5,1911.7721872219863,315.23161154544687,61.27946108176169,370.0,1905.0415578309633,1900.0348598295645,-138.02488360969596,1.6178477697395397,0.7049664258956909,0.9401212930679321,0.0,0.0,0.0,0.0,1.0,1.0
SNPT-160,0,,1.0,0.0,0.0,0.0,1.0,0.8088235294117647,0.0,203.0,204.0,204.0,1787.5,379.5,1913.123951649563,408.31573310912256,82.8554898522155,9.0,0.005647848301498471,0.9983308814466,0.4968944099378882,1.0,0.9787234042553191,0.8757763975155279,589.0,749.0,161.0,161.0,1909.5,580.0,1033.0264899122185,646.8428289886465,91.0552128861797,386.0,171.72251024084292,-3.6239516495629687,171.68426689087744,0.9099477913009333,0.5901008248329163,0.929870069026947,0.0,0.0,0.0,0.0,1.0,1.0
SNPT-160,0,,1.0,0.0,0.0,0.0,1.0,0.8532110091743119,0.0,238.0,239.0,218.0,1704.5,521.5,1902.8771792432,512.2403059422433,135.46298045924766,22.0,0.02893423852073402,0.9939816101737644,0.1419753086419753,0.0,0.965034965034965,0.8827160493827161,588.0,749.0,162.0,162.0,1908.0,553.0,1544.1859023967818,543.349673110924,82.69742261890372,350.0,41.08035968912919,5.122820756799911,40.75969405775675,1.6380556511840108,0.7265850305557251,0.9390683174133301,0.0,0.0,0.0,1.0,0.0,1.0
SNPT-160,0,,1.0,0.0,0.0,1.0,1.0,0.7554858934169278,0.0,338.0,339.0,319.0,753.0,415.0,1909.9787268806358,407.0930899789686,95.11683004488316,,1.0,0.0,0.0,0.0,1.0,0.8235294117647058,624.0,640.0,17.0,17.0,557.5,294.5,236.42838167017194,333.5723613223067,35.0,286.0,1357.1572902857197,-1352.4787268806358,-112.59308997896858,2.7176237155680902,0.7644898891448975,0.815302848815918,0.0,0.0,0.0,0.0,1.0,1.0
SNPT-160,0,20.0,0.01922843075643262,0.9939386248588562,0.2523364485981308,1.0,1.0,0.9345794392523364,274.0,380.0,107.0,107.0,20.0,625.5,6.94945337523932,701.4479214078451,130.1886431436087,14.0,0.0008615639380877838,0.9999246448278427,0.049689440993788817,1.0,1.0,0.9627329192546584,559.0,736.0,178.0,161.0,1910.5,382.5,4.131564489131172,529.528232810657,68.54647600291925,179.0,1930.0861276445178,1903.5505466247607,-318.9479214078451,1.8992755096274274,0.7613340616226196,0.9799134135246277,0.0,1.0,1.0,1.0,0.0,1.0
SNPT-160,1,20.0,0.01922843075643262,0.9939386248588562,0.2523364485981308,1.0,1.0,0.9345794392523364,274.0,380.0,107.0,107.0,20.0,625.5,6.94945337523932,701.4479214078451,130.1886431436087,,1.0,0.0,0.0,1.0,1.0,0.923728813559322,524.0,641.0,118.0,118.0,23.0,686.5,15.767109224434304,766.558246837458,122.02982728541835,144.0,21.933089188911143,16.05054662476068,-14.947921407845115,1.0668591936880112,0.969141960144043,0.9901621341705322,0.0,0.0,0.0,1.0,0.0,1.0
SNPT-160,1,,1.0,0.0,0.0,0.0,1.0,0.7777777777777778,449.0,484.0,36.0,36.0,1902.0,455.5,1911.8075569778532,473.78591745769313,78.73917541211028,29.0,0.00031171024861228384,0.9999747092907245,0.06842105263157895,0.0,1.0,0.9368421052631579,560.0,749.0,190.0,190.0,1895.0,436.5,101.77368411234161,590.2808915150492,91.28406525409511,76.0,40.89906615346722,-16.80755697785321,-37.28591745769313,0.8625730590868701,0.7300251722335815,0.9714934825897217,0.0,0.0,0.0,1.0,0.0,1.0
SNPT-160,0,,1.0,0.0,0.0,0.0,1.0,0.7777777777777778,449.0,484.0,36.0,36.0,1902.0,455.5,1911.8075569778532,473.78591745769313,78.73917541211028,22.0,0.02893423852073402,0.9939816101737644,0.1419753086419753,0.0,0.965034965034965,0.8827160493827161,588.0,749.0,162.0,162.0,1908.0,553.0,1544.1859023967818,543.349673110924,82.69742261890372,104.0,79.30553803587114,-3.80755697785321,79.21408254230687,0.9521357851134695,0.754459798336029,0.9570518136024475,0.0,0.0,0.0,1.0,0.0,1.0
SNPT-160,0,25.0,0.014480472291400778,0.995890064117236,0.1111111111111111,1.0,1.0,0.9487179487179487,257.0,607.0,351.0,351.0,14.5,420.0,4.700197961832309,449.0061358847114,88.68956391794013,23.0,0.014766886123970835,0.9895509356333886,0.7232142857142857,1.0,1.0,0.8214285714285714,612.0,723.0,112.0,112.0,1904.0,932.0,6.208042028052802,934.6459352857354,159.59769726738676,5.0,1959.7507011850362,1899.2998020381676,482.9938641152886,0.5557070398663173,0.5877156257629395,0.9317127466201782,0.0,1.0,1.0,1.0,0.0,1.0
SNPT-160,0,,1.0,0.0,0.0,0.0,1.0,0.8088235294117647,0.0,203.0,204.0,204.0,1787.5,379.5,1913.123951649563,408.31573310912256,82.8554898522155,25.0,0.014480472291400778,0.995890064117236,0.1111111111111111,1.0,1.0,0.9487179487179487,257.0,607.0,351.0,351.0,14.5,420.0,4.700197961832309,449.0061358847114,88.68956391794013,54.0,1898.6599042140695,-1898.623951649563,11.684266890877439,0.9342191594140365,0.7213433980941772,0.961784839630127,0.0,0.0,0.0,0.0,1.0,1.0
SNPT-160,1,9.0,0.020137056188264068,0.9842843341104912,0.7300884955752213,1.0,0.9415204678362573,0.7566371681415929,0.0,225.0,226.0,226.0,1028.5,657.5,1883.75659549872,662.8772172103952,146.76163568116607,9.0,0.005647848301498471,0.9983308814466,0.4968944099378882,1.0,0.9787234042553191,0.8757763975155279,589.0,749.0,161.0,161.0,1909.5,580.0,1033.0264899122185,646.8428289886465,91.0552128861797,364.0,86.78338555193359,25.74340450128011,-82.8772172103952,1.611787299477518,0.8720832467079163,0.9504854679107666,1.0,0.0,1.0,1.0,0.0,1.0
SNPT-160,1,,1.0,0.0,0.0,0.0,1.0,0.8088235294117647,0.0,203.0,204.0,204.0,1787.5,379.5,1913.123951649563,408.31573310912256,82.8554898522155,29.0,0.00031171024861228384,0.9999747092907245,0.06842105263157895,0.0,1.0,0.9368421052631579,560.0,749.0,190.0,190.0,1895.0,436.5,101.77368411234161,590.2808915150492,91.28406525409511,357.0,33.50866341070479,-18.12395164956297,28.18426689087744,0.9076665201268357,0.7974895238876343,0.9868285655975342,0.0,0.0,0.0,1.0,0.0,1.0
SNPT-160,0,14.0,0.010963704369689568,0.9841292403735123,0.3235294117647059,1.0,1.0,0.7436974789915967,0.0,237.0,238.0,238.0,1091.0,530.0,1887.5931409500156,500.7845249744362,115.95738438742914,25.0,0.014480472291400778,0.995890064117236,0.1111111111111111,1.0,1.0,0.9487179487179487,257.0,607.0,351.0,351.0,14.5,420.0,4.700197961832309,449.0061358847114,88.68956391794013,20.0,1874.8344071275574,-1873.0931409500156,-80.78452497443618,1.3074524133946415,0.904716968536377,0.9544010162353516,0.0,1.0,1.0,1.0,0.0,1.0
SNPT-160,1,14.0,0.010963704369689568,0.9841292403735123,0.3235294117647059,1.0,1.0,0.7436974789915967,0.0,237.0,238.0,238.0,1091.0,530.0,1887.5931409500156,500.7845249744362,115.95738438742914,14.0,0.0008615639380877838,0.9999246448278427,0.049689440993788817,1.0,1.0,0.9627329192546584,559.0,736.0,178.0,161.0,1910.5,382.5,4.131564489131172,529.528232810657,68.54647600291925,322.0,120.48216897103018,22.906859049984405,-118.28452497443618,1.6916607701684148,0.9056698679924011,0.9297277927398682,1.0,0.0,1.0,1.0,0.0,1.0
SNPT-160,0,,1.0,0.0,0.0,1.0,1.0,0.7554858934169278,0.0,338.0,339.0,319.0,753.0,415.0,1909.9787268806358,407.0930899789686,95.11683004488316,28.0,0.011956735629050504,0.9638736530354148,0.14728682170542637,0.0,1.0,0.8372093023255814,621.0,749.0,129.0,129.0,1904.5,597.5,921.2029779410773,735.8238170778114,97.2523154743488,283.0,190.48571555890945,-5.478726880635804,190.40691002103142,0.9780418037447253,0.6585476398468018,0.9453384280204773,0.0,0.0,0.0,0.0,1.0,1.0
SNPT-160,0,,1.0,0.0,0.0,0.0,1.0,0.8532110091743119,0.0,238.0,239.0,218.0,1704.5,521.5,1902.8771792432,512.2403059422433,135.46298045924766,,1.0,0.0,0.0,1.0,1.0,0.84375,622.0,749.0,128.0,128.0,1907.5,380.0,826.4170853958494,463.91269831196564,63.658471718508736,384.0,132.3210829287895,4.622820756799911,-132.24030594224325,2.1279646966432235,0.5774046182632446,0.9340190887451172,0.0,0.0,0.0,0.0,1.0,1.0
SNPT-160,0,9.0,0.020137056188264068,0.9842843341104912,0.7300884955752213,1.0,0.9415204678362573,0.7566371681415929,0.0,225.0,226.0,226.0,1028.5,657.5,1883.75659549872,662.8772172103952,146.76163568116607,22.0,0.02893423852073402,0.9939816101737644,0.1419753086419753,0.0,0.965034965034965,0.8827160493827161,588.0,749.0,162.0,162.0,1908.0,553.0,1544.1859023967818,543.349673110924,82.69742261890372,363.0,112.51997833146368,24.24340450128011,-109.8772172103952,1.7746821005231423,0.7222431898117065,0.8584119081497192,0.0,1.0,1.0,0.0,1.0,1.0
SNPT-160,1,10.0,0.0023824937504852983,0.9996066060099569,0.5355805243445693,1.0,1.0,0.7378277153558053,0.0,266.0,267.0,267.0,687.5,717.0,1901.8619908638289,687.1506191193089,174.52365260765336,10.0,0.010785663178964124,0.9981622002845587,0.6013986013986014,1.0,1.0,0.9440559440559441,607.0,749.0,143.0,143.0,1907.5,685.5,605.6539082061734,767.0792833866701,123.51217520961754,341.0,5.87466513910175,5.638009136171149,-1.6506191193088853,1.4130076837482797,0.9213532209396362,0.9086881875991821,1.0,0.0,1.0,1.0,0.0,1.0
SNPT-160,1,,1.0,0.0,0.0,0.0,1.0,0.8532110091743119,0.0,238.0,239.0,218.0,1704.5,521.5,1902.8771792432,512.2403059422433,135.46298045924766,,1.0,0.0,0.0,0.0,1.0,0.8475609756097561,557.0,720.0,164.0,164.0,1914.0,444.5,20.371910229554025,457.59029245743284,58.46793980815991,319.0,68.64740483613795,11.12282075679991,-67.74030594224325,2.3168762385628328,0.7135191559791565,0.9579448699951172,0.0,0.0,0.0,1.0,0.0,1.0
SNPT-160,0,9.0,0.020137056188264068,0.9842843341104912,0.7300884955752213,1.0,0.9415204678362573,0.7566371681415929,0.0,225.0,226.0,226.0,1028.5,657.5,1883.75659549872,662.8772172103952,146.76163568116607,10.0,0.010785663178964124,0.9981622002845587,0.6013986013986014,1.0,1.0,0.9440559440559441,607.0,749.0,143.0,143.0,1907.5,685.5,605.6539082061734,767.0792833866701,123.51217520961754,382.0,32.7954197786375,23.74340450128011,22.6227827896048,1.188236183453906,0.8161009550094604,0.9248208403587341,0.0,1.0,1.0,1.0,0.0,1.0
SNPT-160,1,,1.0,0.0,0.0,0.0,1.0,0.8088235294117647,0.0,203.0,204.0,204.0,1787.5,379.5,1913.123951649563,408.31573310912256,82.8554898522155,,1.0,0.0,0.0,0.0,1.0,0.7777777777777778,449.0,484.0,36.0,36.0,1902.0,455.5,1911.8075569778532,473.78591745769313,78.73917541211028,246.0,48.47780257325375,-11.123951649562969,47.18426689087744,1.0522778454125405,0.9092483520507812,0.9645364880561829,0.0,0.0,0.0,1.0,0.0,1.0
SNPT-160,0,14.0,0.010963704369689568,0.9841292403735123,0.3235294117647059,1.0,1.0,0.7436974789915967,0.0,237.0,238.0,238.0,1091.0,530.0,1887.5931409500156,500.7845249744362,115.95738438742914,,1.0,0.0,0.0,1.0,1.0,0.84375,622.0,749.0,128.0,128.0,1907.5,380.0,826.4170853958494,463.91269831196564,63.658471718508736,385.0,122.4139882143219,19.906859049984405,-120.78452497443618,1.821554637695056,0.6802495718002319,0.8955144882202148,0.0,0.0,0.0,1.0,0.0,1.0
SNPT-160,0,14.0,0.010963704369689568,0.9841292403735123,0.3235294117647059,1.0,1.0,0.7436974789915967,0.0,237.0,238.0,238.0,1091.0,530.0,1887.5931409500156,500.7845249744362,115.95738438742914,,1.0,0.0,0.0,0.0,1.0,0.8235294117647058,624.0,640.0,17.0,17.0,557.5,294.5,236.42838167017194,333.5723613223067,35.0,387.0,1345.9944534975643,-1330.0931409500156,-206.28452497443618,3.313068125355118,0.6640323400497437,0.7890001535415649,0.0,0.0,0.0,0.0,1.0,1.0
SNPT-160,0,,1.0,0.0,0.0,0.0,1.0,0.8532110091743119,0.0,238.0,239.0,218.0,1704.5,521.5,1902.8771792432,512.2403059422433,135.46298045924766,25.0,0.014480472291400778,0.995890064117236,0.1111111111111111,1.0,1.0,0.9487179487179487,257.0,607.0,351.0,351.0,14.5,420.0,4.700197961832309,449.0061358847114,88.68956391794013,19.0,1890.628637550702,-1888.3771792432,-92.24030594224325,1.5273835440727226,0.6922924518585205,0.949601948261261,0.0,0.0,0.0,0.0,1.0,1.0
SNPT-160,0,9.0,0.020137056188264068,0.9842843341104912,0.7300884955752213,1.0,0.9415204678362573,0.7566371681415929,0.0,225.0,226.0,226.0,1028.5,657.5,1883.75659549872,662.8772172103952,146.76163568116607,25.0,0.014480472291400778,0.995890064117236,0.1111111111111111,1.0,1.0,0.9487179487179487,257.0,607.0,351.0,351.0,14.5,420.0,4.700197961832309,449.0061358847114,88.68956391794013,32.0,1884.9693797129253,-1869.25659549872,-242.8772172103952,1.6547790878412372,0.7765123844146729,0.8717165589332581,0.0,1.0,1.0,1.0,0.0,1.0
SNPT-160,0,,1.0,0.0,0.0,0.0,1.0,0.8088235294117647,0.0,203.0,204.0,204.0,1787.5,379.5,1913.123951649563,408.31573310912256,82.8554898522155,5.0,0.00526434062703629,0.9993568733334541,0.046511627906976744,0.0,1.0,0.9651162790697675,578.0,749.0,172.0,172.0,1914.0,446.0,104.37519296945626,507.7147853111707,72.53098109310037,375.0,37.69444828904099,0.8760483504370313,37.68426689087744,1.1423461892217155,0.7776806950569153,0.9750117063522339,0.0,0.0,0.0,1.0,0.0,1.0
SNPT-160,1,,1.0,0.0,0.0,1.0,0.9944029850746269,0.8589743589743589,0.0,623.0,624.0,624.0,694.0,308.0,591.724437126858,293.60166885434285,60.212851985768935,,1.0,0.0,0.0,0.0,1.0,0.8235294117647058,624.0,640.0,17.0,17.0,557.5,294.5,236.42838167017194,333.5723613223067,35.0,1.0,34.23622490137477,-34.22443712685799,0.8983311456571528,1.7203671995933982,0.8407859206199646,0.913576602935791,0.0,0.0,0.0,0.0,1.0,1.0
SNPT-160,0,10.0,0.0023824937504852983,0.9996066060099569,0.5355805243445693,1.0,1.0,0.7378277153558053,0.0,266.0,267.0,267.0,687.5,717.0,1901.8619908638289,687.1506191193089,174.52365260765336,,1.0,0.0,0.0,0.0,1.0,0.7777777777777778,449.0,484.0,36.0,36.0,1902.0,455.5,1911.8075569778532,473.78591745769313,78.73917541211028,183.0,231.65066022975367,0.1380091361711493,-231.65061911930889,2.2164780326212457,0.6457815766334534,0.791080892086029,0.0,0.0,0.0,0.0,1.0,1.0
SNPT-160,0,9.0,0.020137056188264068,0.9842843341104912,0.7300884955752213,1.0,0.9415204678362573,0.7566371681415929,0.0,225.0,226.0,226.0,1028.5,657.5,1883.75659549872,662.8772172103952,146.76163568116607,,1.0,0.0,0.0,1.0,1.0,0.923728813559322,524.0,641.0,118.0,118.0,23.0,686.5,15.767109224434304,766.558246837458,122.02982728541835,299.0,1860.9065381041337,-1860.75659549872,23.6227827896048,1.2026701909353845,0.7958439588546753,0.9088057279586792,0.0,0.0,0.0,1.0,0.0,1.0
SNPT-160,0,,1.0,0.0,0.0,0.0,1.0,0.8088235294117647,0.0,203.0,204.0,204.0,1787.5,379.5,1913.123951649563,408.31573310912256,82.8554898522155,22.0,0.02893423852073402,0.9939816101737644,0.1419753086419753,0.0,0.965034965034965,0.8827160493827161,588.0,749.0,162.0,162.0,1908.0,553.0,1544.1859023967818,543.349673110924,82.69742261890372,385.0,144.7749700958619,-5.123951649562969,144.68426689087744,1.0019113924993794,0.8564417958259583,0.9860848188400269,0.0,0.0,0.0,1.0,0.0,1.0
SNPT-160,1,,1.0,0.0,0.0,1.0,1.0,0.7554858934169278,0.0,338.0,339.0,319.0,753.0,415.0,1909.9787268806358,407.0930899789686,95.11683004488316,,1.0,0.0,0.0,1.0,1.0,0.9003690036900369,404.0,722.0,319.0,271.0,1913.0,430.5,9.776440678156106,460.32759472523895,75.55661156088247,66.0,23.60109166954897,3.0212731193641957,23.406910021031422,1.2588816263714968,0.9753974676132202,0.9700289964675903,0.0,0.0,0.0,1.0,0.0,1.0
SNPT-161,0,22.0,0.014355953962499285,0.9924085477613053,0.4818181818181818,0.0,1.0,0.9545454545454546,0.0,109.0,110.0,110.0,1432.5,551.0,1912.5259081270162,564.7658454102075,117.3328089063549,11.0,0.3658190550685343,0.8378249648071471,0.19090909090909092,0.0,1.0,0.9090909090909091,640.0,749.0,110.0,110.0,1911.0,558.5,1243.546126490607,495.1623569743801,92.86143567386847,531.0,6.448970019833577,-1.525908127016237,-6.265845410207476,1.2635256827003027,0.7277493476867676,0.9793719053268433,0.0,1.0,0.0,1.0,0.0,1.0
SNPT-161,0,28.0,0.00814166094115728,0.9980086467482827,0.3235294117647059,0.0,1.0,0.9019607843137255,0.0,121.0,122.0,102.0,1769.5,626.0,1907.1758725253815,909.3288552792837,121.68719853252746,9.0,0.045514002186948725,0.9141748920083046,0.19004524886877827,0.0,1.0,0.834841628959276,122.0,563.0,442.0,442.0,11.5,668.0,11.76791152436039,560.0877083681946,107.45396504189003,1.0,1910.9753085964444,-1895.6758725253815,-241.32885527928374,1.132458895165839,0.8702312111854553,0.9799985885620117,0.0,1.0,1.0,1.0,0.0,1.0
SNPT-161,0,11.0,0.047437150535022905,0.9911808859218251,0.043478260869565216,0.0,1.0,0.8774703557312253,0.0,252.0,253.0,253.0,882.0,453.5,1913.5208001789824,454.1943684977604,82.82729866853174,28.0,0.03527049677719805,0.9841084446758032,0.40404040404040403,0.0,1.0,0.8888888888888888,508.0,705.0,198.0,198.0,1911.0,912.5,1904.107031019938,915.8583185017868,169.3190364980535,256.0,458.3125639781316,-2.5208001789824266,458.3056315022396,0.48917889199944703,0.856967568397522,0.930780291557312,0.0,1.0,1.0,1.0,0.0,1.0
SNPT-161,0,11.0,0.047437150535022905,0.9911808859218251,0.043478260869565216,0.0,1.0,0.8774703557312253,0.0,252.0,253.0,253.0,882.0,453.5,1913.5208001789824,454.1943684977604,82.82729866853174,6.0,0.029034333046721757,0.9825177662176628,0.5087108013937283,1.0,1.0,0.9198606271777003,463.0,749.0,287.0,287.0,1911.0,565.5,835.2195287725058,534.9637412467501,113.02663153240633,211.0,111.33417282063358,-2.5208001789824266,111.30563150223958,0.7328122367761087,0.617414653301239,0.9203413724899292,0.0,1.0,1.0,0.0,1.0,1.0
SNPT-161,0,,1.0,0.0,0.0,0.0,1.0,0.75,0.0,25.0,26.0,12.0,223.5,839.5,14.16180204524738,1035.029179434534,148.7090167342683,,1.0,0.0,0.0,1.0,1.0,0.8813559322033898,25.0,104.0,80.0,59.0,1912.0,460.0,1908.441868211158,475.58298016169607,80.14262302895034,0.0,1983.0401868891352,1897.8381979547526,-575.029179434534,1.8555546488732888,0.6007531881332397,0.9249995946884155,0.0,0.0,0.0,0.0,1.0,1.0
SNPT-161,0,14.0,0.022878528682165205,0.9933280807275039,0.7090909090909091,1.0,1.0,0.7818181818181819,27.0,81.0,55.0,55.0,1912.5,684.0,1908.2956750717065,653.454912807263,123.33922531475895,28.0,0.03527049677719805,0.9841084446758032,0.40404040404040403,0.0,1.0,0.8888888888888888,508.0,705.0,198.0,198.0,1911.0,912.5,1904.107031019938,915.8583185017868,169.3190364980535,427.0,259.0592028321143,2.704324928293545,259.045087192737,0.7284427543749746,0.5564637780189514,0.9101256728172302,0.0,1.0,1.0,0.0,1.0,1.0
SNPT-161,0,10.0,0.0014682969457252887,0.9998457572039436,0.34,1.0,1.0,0.76,180.0,229.0,50.0,50.0,1911.5,776.0,1911.6651198935274,736.5295118805161,163.8002906413549,,1.0,0.0,0.0,0.0,1.0,0.8181818181818182,728.0,749.0,22.0,22.0,13.5,654.0,172.1786895876861,660.5428898433286,127.04917828620074,499.0,1899.958405521459,-1898.1651198935274,-82.52951188051611,1.2892668244761551,0.6405125856399536,0.8633052110671997,0.0,0.0,0.0,0.0,1.0,1.0
SNPT-161,0,28.0,0.00814166094115728,0.9980086467482827,0.3235294117647059,0.0,1.0,0.9019607843137255,0.0,121.0,122.0,102.0,1769.5,626.0,1907.1758725253815,909.3288552792837,121.68719853252746,6.0,0.029034333046721757,0.9825177662176628,0.5087108013937283,1.0,1.0,0.9198606271777003,463.0,749.0,287.0,287.0,1911.0,565.5,835.2195287725058,534.9637412467501,113.02663153240633,342.0,343.85012094458364,3.8241274746185354,-343.82885527928374,1.0766241272760395,0.5899351835250854,0.9106417298316956,0.0,1.0,1.0,0.0,1.0,1.0
SNPT-161,1,,1.0,0.0,0.0,1.0,1.0,0.9565217391304348,0.0,22.0,23.0,23.0,639.5,899.5,38.74303661655344,964.959559497449,195.96726856273858,20.0,0.062299279435645824,0.9156304136762079,0.41732283464566927,1.0,1.0,0.889763779527559,228.0,608.0,381.0,381.0,15.5,671.0,16.39425503396295,625.1535106309186,114.96755129186076,206.0,294.8770275404524,-23.24303661655344,-293.95955949744905,1.70454416364187,0.8846122026443481,0.9742013812065125,0.0,0.0,0.0,1.0,0.0,1.0
SNPT-161,0,5.0,0.07066379924071953,0.9496765213134961,0.23076923076923078,0.0,1.0,0.9526627218934911,0.0,212.0,213.0,169.0,1252.5,506.0,1910.9749958538462,491.78616471506484,106.32578227839625,29.0,0.9748463239520788,0.6880776683489481,0.011152416356877323,0.0,1.0,0.9219330855018587,344.0,612.0,269.0,269.0,8.5,444.5,14.26512607428997,494.5726140492711,91.05667896327103,132.0,1903.0625557827973,-1902.4749958538462,-47.28616471506484,1.1676879004261096,0.6090204119682312,0.9326554536819458,0.0,1.0,0.0,1.0,0.0,1.0
SNPT-161,1,10.0,0.011415089018959811,0.9985602299372355,0.10843373493975904,1.0,1.0,0.9518072289156626,29.0,111.0,83.0,83.0,1902.0,715.0,1901.8329187219956,752.6387155075746,153.07085492652027,10.0,0.0014682969457252887,0.9998457572039436,0.34,1.0,1.0,0.76,180.0,229.0,50.0,50.0,1911.5,776.0,1911.6651198935274,736.5295118805161,163.8002906413549,69.0,25.282445957058396,9.667081278004389,23.361284492425398,0.9344968456843156,0.9523317813873291,0.9323824048042297,1.0,0.0,1.0,1.0,0.0,1.0
SNPT-161,0,9.0,0.028283549343920338,0.9905850281480884,0.5922330097087378,1.0,1.0,0.8932038834951457,0.0,102.0,103.0,103.0,1399.5,535.0,1878.503487621795,480.9961596786223,82.64481573583042,28.0,0.03527049677719805,0.9841084446758032,0.40404040404040403,0.0,1.0,0.8888888888888888,508.0,705.0,198.0,198.0,1911.0,912.5,1904.107031019938,915.8583185017868,169.3190364980535,406.0,432.72576480820254,32.4965123782049,431.5038403213777,0.48810114589082554,0.5822269320487976,0.9008817672729492,0.0,1.0,1.0,0.0,1.0,1.0
SNPT-161,1,6.0,0.030404746302148133,0.9905723113427187,0.32922535211267606,0.0,1.0,0.9102112676056338,0.0,567.0,568.0,568.0,1824.5,726.5,15.31180141133743,670.7251214895289,129.30522121937764,,1.0,0.0,0.0,0.0,1.0,0.8181818181818182,728.0,749.0,22.0,22.0,13.5,654.0,172.1786895876861,660.5428898433286,127.04917828620074,161.0,16.822969808973234,-1.8118014113374308,-16.725121489528874,1.0177572414368141,0.891737163066864,0.9575660228729248,0.0,0.0,0.0,1.0,0.0,1.0
SNPT-161,1,11.0,0.047437150535022905,0.9911808859218251,0.043478260869565216,0.0,1.0,0.8774703557312253,0.0,252.0,253.0,253.0,882.0,453.5,1913.5208001789824,454.1943684977604,82.82729866853174,11.0,0.3658190550685343,0.8378249648071471,0.19090909090909092,0.0,1.0,0.9090909090909091,640.0,749.0,110.0,110.0,1911.0,558.5,1243.546126490607,495.1623569743801,92.86143567386847,388.0,104.33608770038941,-2.5208001789824266,104.30563150223958,0.891945058435486,0.9334383010864258,0.9807971715927124,1.0,0.0,0.0,1.0,0.0,1.0
SNPT-161,0,,1.0,0.0,0.0,0.0,1.0,0.75,0.0,25.0,26.0,12.0,223.5,839.5,14.16180204524738,1035.029179434534,148.7090167342683,,1.0,0.0,0.0,0.0,1.0,0.8823529411764706,699.0,749.0,51.0,51.0,1905.5,585.0,985.1744521995136,550.7588402017392,99.61926165955985,674.0,1944.1415692755636,1891.3381979547526,-450.02917943453394,1.4927737292660168,0.7547879219055176,0.9782711267471313,0.0,0.0,0.0,1.0,0.0,1.0
SNPT-161,0,,1.0,0.0,0.0,0.0,1.0,0.75,0.0,25.0,26.0,12.0,223.5,839.5,14.16180204524738,1035.029179434534,148.7090167342683,,1.0,0.0,0.0,1.0,1.0,0.8518518518518519,696.0,749.0,54.0,54.0,1913.0,505.5,1684.4392718267543,473.3215851420388,86.40615995969591,671.0,1971.290859788241,1898.8381979547526,-529.529179434534,1.721046471728792,0.5818724632263184,0.9071909189224243,0.0,0.0,0.0,0.0,1.0,1.0
SNPT-161,0,10.0,0.0014682969457252887,0.9998457572039436,0.34,1.0,1.0,0.76,180.0,229.0,50.0,50.0,1911.5,776.0,1911.6651198935274,736.5295118805161,163.8002906413549,,1.0,0.0,0.0,1.0,1.0,0.8518518518518519,696.0,749.0,54.0,54.0,1913.0,505.5,1684.4392718267543,473.3215851420388,86.40615995969591,467.0,231.03336829265203,1.3348801064726104,-231.0295118805161,1.8957015416234146,0.693801760673523,0.9195549488067627,0.0,0.0,0.0,1.0,0.0,1.0
SNPT-161,1,,1.0,0.0,0.0,0.0,1.0,0.75,0.0,25.0,26.0,12.0,223.5,839.5,14.16180204524738,1035.029179434534,148.7090167342683,9.0,0.045514002186948725,0.9141748920083046,0.19004524886877827,0.0,1.0,0.834841628959276,122.0,563.0,442.0,442.0,11.5,668.0,11.76791152436039,560.0877083681946,107.45396504189003,97.0,367.03883138779116,-2.6618020452473807,-367.02917943453394,1.3839323348961141,0.8915786743164062,0.942613959312439,0.0,0.0,0.0,1.0,0.0,1.0
SNPT-161,1,10.0,0.0014682969457252887,0.9998457572039436,0.34,1.0,1.0,0.76,180.0,229.0,50.0,50.0,1911.5,776.0,1911.6651198935274,736.5295118805161,163.8002906413549,10.0,0.007616470487582481,0.9836403969675303,0.19161676646706588,1.0,1.0,0.8323353293413174,461.0,627.0,167.0,167.0,1909.0,798.5,14.568327775745967,883.5026225599674,171.23063494283926,232.0,62.02777008577665,-2.6651198935273896,61.97048811948389,0.9566062211708508,0.9137631058692932,0.9658529758453369,1.0,0.0,1.0,1.0,0.0,1.0
SNPT-161,1,28.0,0.00814166094115728,0.9980086467482827,0.3235294117647059,0.0,1.0,0.9019607843137255,0.0,121.0,122.0,102.0,1769.5,626.0,1907.1758725253815,909.3288552792837,121.68719853252746,28.0,0.03527049677719805,0.9841084446758032,0.40404040404040403,0.0,1.0,0.8888888888888888,508.0,705.0,198.0,198.0,1911.0,912.5,1904.107031019938,915.8583185017868,169.3190364980535,387.0,4.967907988465459,3.8241274746185354,3.1711447207162564,0.7186858669251073,0.8822066783905029,0.9329392910003662,1.0,0.0,1.0,1.0,0.0,1.0
SNPT-161,0,25.0,0.09905809384431905,0.9091618172824383,0.1272365805168986,1.0,0.9977728285077951,0.8926441351888668,120.0,622.0,503.0,503.0,16.0,594.0,13.764658974826864,562.2716716191504,109.46558662152061,,1.0,0.0,0.0,0.0,1.0,0.7555555555555555,705.0,749.0,45.0,45.0,1908.0,534.0,1756.6202925112318,503.9054238604613,90.48220395348682,83.0,1894.4463081874067,1894.235341025173,-28.271671619150425,1.2098023902887287,0.7042142152786255,0.9583816528320312,0.0,0.0,0.0,0.0,1.0,1.0
SNPT-161,1,29.0,0.021806018468530718,0.9951337806203149,0.1685823754789272,0.0,1.0,0.9501915708812261,0.0,260.0,261.0,261.0,1181.5,617.0,1912.3138117538642,552.734810949797,121.88842734751883,,1.0,0.0,0.0,0.0,1.0,0.8823529411764706,699.0,749.0,51.0,51.0,1905.5,585.0,985.1744521995136,550.7588402017392,99.61926165955985,439.0,32.976816933452525,-6.813811753864229,32.26518905020305,1.2235427699119263,0.8670558929443359,0.988165557384491,0.0,0.0,0.0,1.0,0.0,1.0
SNPT-161,0,9.0,0.028283549343920338,0.9905850281480884,0.5922330097087378,1.0,1.0,0.8932038834951457,0.0,102.0,103.0,103.0,1399.5,535.0,1878.503487621795,480.9961596786223,82.64481573583042,,1.0,0.0,0.0,0.0,1.0,0.8823529411764706,699.0,749.0,51.0,51.0,1905.5,585.0,985.1744521995136,550.7588402017392,99.61926165955985,597.0,107.45050247523835,26.996512378204898,104.00384032137771,0.82960678847693,0.5891714096069336,0.9134362936019897,0.0,0.0,0.0,0.0,1.0,1.0
SNPT-161,1,5.0,0.07066379924071953,0.9496765213134961,0.23076923076923078,0.0,1.0,0.9526627218934911,0.0,212.0,213.0,169.0,1252.5,506.0,1910.9749958538462,491.78616471506484,106.32578227839625,,1.0,0.0,0.0,0.0,1.0,0.7555555555555555,705.0,749.0,45.0,45.0,1908.0,534.0,1756.6202925112318,503.9054238604613,90.48220395348682,493.0,42.31853600721602,-2.974995853846167,42.21383528493516,1.1751015960337787,0.849228024482727,0.9596683979034424,0.0,0.0,0.0,1.0,0.0,1.0
SNPT-161,0,10.0,0.0014682969457252887,0.9998457572039436,0.34,1.0,1.0,0.76,180.0,229.0,50.0,50.0,1911.5,776.0,1911.6651198935274,736.5295118805161,163.8002906413549,11.0,0.3658190550685343,0.8378249648071471,0.19090909090909092,0.0,1.0,0.9090909090909091,640.0,749.0,110.0,110.0,1911.0,558.5,1243.546126490607,495.1623569743801,92.86143567386847,411.0,178.0307543232,-0.6651198935273896,-178.0295118805161,1.7639215832999324,0.6629617214202881,0.8854944705963135,0.0,1.0,0.0,0.0,1.0,1.0
SNPT-161,0,10.0,0.011415089018959811,0.9985602299372355,0.10843373493975904,1.0,1.0,0.9518072289156626,29.0,111.0,83.0,83.0,1902.0,715.0,1901.8329187219956,752.6387155075746,153.07085492652027,,1.0,0.0,0.0,0.0,1.0,0.8181818181818182,728.0,749.0,22.0,22.0,13.5,654.0,172.1786895876861,660.5428898433286,127.04917828620074,617.0,1890.9074033717557,-1888.3329187219956,-98.6387155075746,1.204815780718401,0.6384099721908569,0.913020133972168,0.0,0.0,0.0,0.0,1.0,1.0
SNPT-161,0,20.0,0.062299279435645824,0.9156304136762079,0.41732283464566927,1.0,1.0,0.889763779527559,228.0,608.0,381.0,381.0,15.5,671.0,16.39425503396295,625.1535106309186,114.96755129186076,,1.0,0.0,0.0,0.0,1.0,0.8181818181818182,728.0,749.0,22.0,22.0,13.5,654.0,172.1786895876861,660.5428898433286,127.04917828620074,120.0,28.991320444611436,-2.894255033962949,28.846489369081382,0.9049059021293,0.6321893930435181,0.910489559173584,0.0,0.0,0.0,0.0,1.0,1.0
SNPT-161,1,10.0,0.011415089018959811,0.9985602299372355,0.10843373493975904,1.0,1.0,0.9518072289156626,29.0,111.0,83.0,83.0,1902.0,715.0,1901.8329187219956,752.6387155075746,153.07085492652027,10.0,0.007616470487582481,0.9836403969675303,0.19161676646706588,1.0,1.0,0.8323353293413174,461.0,627.0,167.0,167.0,1909.0,798.5,14.568327775745967,883.5026225599674,171.23063494283926,350.0,46.417932626741354,7.167081278004389,45.8612844924254,0.8939454962461528,0.929487943649292,0.9722658395767212,1.0,0.0,1.0,1.0,0.0,1.0
SNPT-161,0,,1.0,0.0,0.0,0.0,1.0,0.75,0.0,25.0,26.0,12.0,223.5,839.5,14.16180204524738,1035.029179434534,148.7090167342683,25.0,0.09905809384431905,0.9091618172824383,0.1272365805168986,1.0,0.9977728285077951,0.8926441351888668,120.0,622.0,503.0,503.0,16.0,594.0,13.764658974826864,562.2716716191504,109.46558662152061,95.0,441.03301019812477,1.8381979547526193,-441.02917943453394,1.3585001581221374,0.6602705121040344,0.9126346111297607,0.0,0.0,0.0,0.0,1.0,1.0
SNPT-161,0,14.0,0.022878528682165205,0.9933280807275039,0.7090909090909091,1.0,1.0,0.7818181818181819,27.0,81.0,55.0,55.0,1912.5,684.0,1908.2956750717065,653.454912807263,123.33922531475895,10.0,0.007616470487582481,0.9836403969675303,0.19161676646706588,1.0,1.0,0.8323353293413174,461.0,627.0,167.0,167.0,1909.0,798.5,14.568327775745967,883.5026225599674,171.23063494283926,380.0,145.04679724955426,0.7043249282935449,145.04508719273701,0.720310506095667,0.8647265434265137,0.9759644865989685,0.0,1.0,1.0,1.0,0.0,1.0
SNPT-161,0,20.0,0.062299279435645824,0.9156304136762079,0.41732283464566927,1.0,1.0,0.889763779527559,228.0,608.0,381.0,381.0,15.5,671.0,16.39425503396295,625.1535106309186,114.96755129186076,,1.0,0.0,0.0,1.0,1.0,0.8518518518518519,696.0,749.0,54.0,54.0,1913.0,505.5,1684.4392718267543,473.3215851420388,86.40615995969591,88.0,1900.3763612622843,1896.605744966037,-119.65351063091862,1.3305480922365638,0.7708259224891663,0.9733432531356812,0.0,0.0,0.0,1.0,0.0,1.0
SNPT-161,1,9.0,0.028283549343920338,0.9905850281480884,0.5922330097087378,1.0,1.0,0.8932038834951457,0.0,102.0,103.0,103.0,1399.5,535.0,1878.503487621795,480.9961596786223,82.64481573583042,,1.0,0.0,0.0,1.0,1.0,0.8518518518518519,696.0,749.0,54.0,54.0,1913.0,505.5,1684.4392718267543,473.3215851420388,86.40615995969591,594.0,42.31368049171827,34.4965123782049,24.50384032137771,0.9564690269117391,0.8355823755264282,0.9671933650970459,0.0,0.0,0.0,1.0,0.0,1.0
SNPT-161,0,10.0,0.007616470487582481,0.9836403969675303,0.19161676646706588,1.0,1.0,0.8323353293413174,461.0,627.0,167.0,167.0,1909.0,798.5,14.568327775745967,883.5026225599674,171.23063494283926,,1.0,0.0,0.0,0.0,1.0,0.8181818181818182,728.0,749.0,22.0,22.0,13.5,654.0,172.1786895876861,660.5428898433286,127.04917828620074,101.0,229.50510906326096,-1.068327775745967,-229.50262255996745,1.3477508257244448,0.6228446960449219,0.8923555612564087,0.0,0.0,0.0,0.0,1.0,1.0
SNPT-161,1,6.0,0.001301582948947137,0.9679636110862097,0.04639175257731959,1.0,1.0,0.8479381443298969,0.0,387.0,388.0,388.0,984.0,500.5,1913.1936425132849,605.4209667143846,96.64922917363837,6.0,0.029034333046721757,0.9825177662176628,0.5087108013937283,1.0,1.0,0.9198606271777003,463.0,749.0,287.0,287.0,1911.0,565.5,835.2195287725058,534.9637412467501,113.02663153240633,76.0,39.98119121395825,-2.1936425132848854,-39.920966714384576,0.8551013850742573,0.9543414115905762,0.9813030958175659,1.0,0.0,1.0,1.0,0.0,1.0
SNPT-161,0,,1.0,0.0,0.0,1.0,1.0,0.9565217391304348,0.0,22.0,23.0,23.0,639.5,899.5,38.74303661655344,964.959559497449,195.96726856273858,10.0,0.007616470487582481,0.9836403969675303,0.19161676646706588,1.0,1.0,0.8323353293413174,461.0,627.0,167.0,167.0,1909.0,798.5,14.568327775745967,883.5026225599674,171.23063494283926,439.0,1877.6500989354636,1870.2569633834466,-166.45955949744905,1.1444638316511353,0.8589375019073486,0.9760599136352539,0.0,0.0,0.0,1.0,0.0,1.0
SNPT-161,0,28.0,0.00814166094115728,0.9980086467482827,0.3235294117647059,0.0,1.0,0.9019607843137255,0.0,121.0,122.0,102.0,1769.5,626.0,1907.1758725253815,909.3288552792837,121.68719853252746,,1.0,0.0,0.0,0.0,1.0,0.8823529411764706,699.0,749.0,51.0,51.0,1905.5,585.0,985.1744521995136,550.7588402017392,99.61926165955985,578.0,324.3331850358392,-1.6758725253814646,-324.32885527928374,1.2215227909275503,0.684664249420166,0.9804784059524536,0.0,0.0,0.0,1.0,0.0,1.0
SNPT-162,0,10.0,0.07655172838461183,0.9337125859477303,0.1252847380410023,1.0,0.9473684210526315,0.8223234624145785,0.0,438.0,439.0,439.0,1016.0,339.5,1905.7875397904336,665.6738292539915,117.63005475498156,10.0,0.09069034710103097,0.9615362783273061,0.28346456692913385,0.0,1.0,0.9133858267716536,623.0,749.0,127.0,127.0,1885.5,850.5,1082.5360099753093,483.9556248420952,131.63967959455266,185.0,185.93627312437218,-20.287539790433584,184.82617074600853,0.8935759728167035,0.7936521768569946,0.9372681379318237,1.0,0.0,1.0,0.0,1.0,1.0
SNPT-162,0,9.0,0.007196223963840185,0.9889243490823353,0.29046563192904656,1.0,0.6797900262467191,0.844789356984479,0.0,500.0,501.0,451.0,1002.0,363.5,1907.451259141065,373.8534292748477,104.07412731586297,,1.0,0.0,0.0,1.0,1.0,0.9206349206349206,576.0,749.0,174.0,126.0,1900.0,877.0,60.10745982399774,673.7187100886296,143.52694481477187,76.0,503.2017417450659,-7.451259141065066,503.1465707251523,0.7251190879188254,0.8302903771400452,0.9691702127456665,0.0,0.0,0.0,1.0,0.0,0.0
SNPT-162,0,10.0,0.5382952690124512,0.8409909009933472,0.0022172949002217295,0.0,0.951048951048951,0.6341463414634146,0.0,480.0,481.0,451.0,718.0,279.5,1901.4344695490554,461.92593835409286,85.82348046266998,,1.0,0.0,0.0,0.0,1.0,0.7619047619047619,603.0,749.0,147.0,147.0,1906.5,510.0,497.0133191580568,289.2105400444893,89.62750274553002,123.0,48.34020068104731,5.065530450944607,48.074061645907136,0.9575574219259415,0.8415187001228333,0.97833651304245,0.0,0.0,0.0,1.0,0.0,1.0
SNPT-162,1,,1.0,0.0,0.0,0.0,0.985632183908046,0.7945205479452054,0.0,447.0,448.0,438.0,902.0,296.0,1915.69558330971,410.03737749621325,110.26164866982111,,1.0,0.0,0.0,0.0,1.0,0.8646616541353384,617.0,749.0,133.0,133.0,1898.0,393.0,1002.6241849441008,214.34702694941004,68.07784507812832,170.0,24.564321700778937,-17.695583309709946,-17.037377496213253,1.6196407001908082,0.8776884078979492,0.9762893319129944,0.0,0.0,0.0,1.0,0.0,1.0
SNPT-162,0,10.0,0.07655172838461183,0.9337125859477303,0.1252847380410023,1.0,0.9473684210526315,0.8223234624145785,0.0,438.0,439.0,439.0,1016.0,339.5,1905.7875397904336,665.6738292539915,117.63005475498156,,1.0,0.0,0.0,0.0,1.0,0.7619047619047619,603.0,749.0,147.0,147.0,1906.5,510.0,497.0133191580568,289.2105400444893,89.62750274553002,165.0,155.6754595758468,0.7124602095664159,-155.67382925399147,1.3124325809785893,0.7167348861694336,0.9271011352539062,0.0,0.0,0.0,0.0,1.0,1.0
SNPT-162,1,10.0,0.07655172838461183,0.9337125859477303,0.1252847380410023,1.0,0.9473684210526315,0.8223234624145785,0.0,438.0,439.0,439.0,1016.0,339.5,1905.7875397904336,665.6738292539915,117.63005475498156,,1.0,0.0,0.0,1.0,1.0,0.92,585.0,697.0,113.0,100.0,1903.0,702.0,14.378139502701003,472.1748698260924,113.00939802766985,147.0,36.432966653175754,-2.787539790433584,36.32617074600853,1.040887366961997,0.8854471445083618,0.9502568244934082,0.0,0.0,0.0,1.0,0.0,1.0
SNPT-162,1,26.0,0.024612695875111966,0.9384343807513897,0.07926829268292683,1.0,1.0,0.8780487804878049,222.0,432.0,211.0,164.0,20.5,627.5,1908.1143827705175,790.459845769922,138.98065863398392,36.0,0.27166051864818047,0.8821964327778135,0.10606060606060606,1.0,1.0,0.9166666666666666,618.0,749.0,132.0,132.0,1902.0,847.0,783.9560550374467,431.988721201662,120.38784945786597,186.0,56.869804967358604,-6.114382770517523,56.540154230077974,1.1544409112700793,0.9554943442344666,0.992526650428772,0.0,1.0,0.0,1.0,0.0,1.0
SNPT-162,0,,1.0,0.0,0.0,0.0,0.6,1.0,442.0,446.0,5.0,5.0,1864.562760188337,323.27230054136317,1881.3928216430295,321.6685625620579,70.98141162368448,,1.0,0.0,0.0,1.0,1.0,0.84,584.0,732.0,149.0,100.0,1900.5,513.0,9.341125704469704,398.0404581293427,81.46926777589232,138.0,192.28313294939375,19.107178356970508,191.3314374379421,0.8712661051396939,0.8087977170944214,0.9681782722473145,0.0,0.0,0.0,0.0,1.0,0.0
SNPT-162,1,,1.0,0.0,0.0,0.0,0.6,1.0,442.0,446.0,5.0,5.0,1864.562760188337,323.27230054136317,1881.3928216430295,321.6685625620579,70.98141162368448,,1.0,0.0,0.0,1.0,1.0,0.8818897637795275,623.0,749.0,127.0,127.0,1909.5,407.5,1442.8798804885514,292.48768225393087,79.56847593835377,177.0,90.31638349631766,28.107178356970508,85.8314374379421,0.892079567776035,0.8197735548019409,0.8982791304588318,0.0,0.0,0.0,0.0,1.0,0.0
SNPT-162,0,10.0,0.07655172838461183,0.9337125859477303,0.1252847380410023,1.0,0.9473684210526315,0.8223234624145785,0.0,438.0,439.0,439.0,1016.0,339.5,1905.7875397904336,665.6738292539915,117.63005475498156,,1.0,0.0,0.0,0.0,1.0,0.9029850746268657,616.0,749.0,134.0,134.0,1896.0,602.5,1305.6134318851216,433.81034692227075,121.12269310760418,178.0,63.92752644801603,-9.787539790433584,-63.17382925399147,0.9711644592519109,0.7163710594177246,0.9311109781265259,0.0,0.0,0.0,0.0,1.0,1.0
SNPT-162,1,,1.0,0.0,0.0,1.0,0.8865979381443299,0.8100208768267223,0.0,478.0,479.0,479.0,889.0,327.5,1893.354793205118,459.7392296592982,106.18586256879402,14.0,0.030601959054668743,0.8875893695013863,0.0546875,1.0,1.0,0.8984375,622.0,749.0,128.0,128.0,1908.5,795.5,1177.863807755764,647.6395055388475,136.5518999580803,144.0,336.10217522152584,15.145206794881915,335.7607703407018,0.7776227397889867,0.9289882779121399,0.985647976398468,0.0,0.0,0.0,1.0,0.0,0.0
SNPT-162,1,9.0,0.027514805525616116,0.9784216406670484,0.07201309328968904,0.0,0.9981447124304267,0.8821603927986906,0.0,615.0,616.0,611.0,185.5,372.5,8.74200476711952,457.7113353029823,118.42231371005674,10.0,1.1196437403559685,0.6453631818294525,0.02727272727272727,0.0,1.0,0.8636363636363636,640.0,749.0,110.0,110.0,1912.5,576.5,1645.4498268556067,458.8887589578324,127.2280447169251,25.0,1907.4604193203108,1903.7579952328804,118.78866469701768,0.9307878146955681,0.8588053584098816,0.954756498336792,0.0,1.0,0.0,1.0,0.0,1.0
SNPT-162,0,,1.0,0.0,0.0,0.0,1.0,0.9090909090909091,519.0,595.0,77.0,77.0,14.5,385.0,6.685008387527857,472.6076810041209,95.74155138022655,,1.0,0.0,0.0,1.0,1.0,0.8818897637795275,623.0,749.0,127.0,127.0,1909.5,407.5,1442.8798804885514,292.48768225393087,79.56847593835377,28.0,1903.9285444656023,1902.814991612472,-65.10768100412088,1.2032598369032854,0.5754799246788025,0.9155315160751343,0.0,0.0,0.0,0.0,1.0,1.0
SNPT-162,1,26.0,0.03498537803682211,0.9678033834153955,0.45993031358885017,1.0,1.0,0.8885017421602788,0.0,352.0,353.0,287.0,215.5,426.5,5.000220778295429,611.0516012993287,137.36328490490055,36.0,0.27166051864818047,0.8821964327778135,0.10606060606060606,1.0,1.0,0.9166666666666666,618.0,749.0,132.0,132.0,1902.0,847.0,783.9560550374467,431.988721201662,120.38784945786597,266.0,1911.6170665739012,1896.9997792217046,235.9483987006713,1.1410062188458292,0.9399903416633606,0.9772354364395142,0.0,1.0,0.0,1.0,0.0,1.0
SNPT-162,0,26.0,0.03498537803682211,0.9678033834153955,0.45993031358885017,1.0,1.0,0.8885017421602788,0.0,352.0,353.0,287.0,215.5,426.5,5.000220778295429,611.0516012993287,137.36328490490055,3.0,0.0013293512004286011,0.9998331986940824,0.19771863117870722,1.0,1.0,0.8783269961977186,427.0,734.0,308.0,263.0,7.0,359.0,16.036970066989777,385.158268696493,103.05214462074797,75.0,252.05953430586854,1.9997792217045713,-252.0516012993287,1.3329493084343298,0.8822192549705505,0.9763206243515015,0.0,1.0,1.0,1.0,0.0,1.0
SNPT-162,1,55.0,0.03941994038213023,0.9739732727026328,0.0783132530120482,1.0,0.9950372208436724,0.8092369477911646,0.0,497.0,498.0,498.0,456.0,270.5,1894.0798401153233,372.2910604343475,89.14916261278262,,1.0,0.0,0.0,1.0,1.0,0.84,584.0,732.0,149.0,100.0,1900.5,513.0,9.341125704469704,398.0404581293427,81.46926777589232,87.0,140.85533048711807,6.42015988467665,140.70893956565249,1.0942673850710962,0.9201683402061462,0.9620717763900757,0.0,0.0,0.0,1.0,0.0,1.0
SNPT-162,0,14.0,0.032073179349668,0.957399348026426,0.5576923076923077,1.0,1.0,0.7884615384615384,0.0,364.0,365.0,364.0,441.0,804.0,1914.0274897995905,487.0528913507046,178.41175882073767,,1.0,0.0,0.0,0.0,1.0,0.7619047619047619,603.0,749.0,147.0,147.0,1906.5,510.0,497.0133191580568,289.2105400444893,89.62750274553002,239.0,24.15021527948574,-7.527489799590512,22.947108649295387,1.9905916527350258,0.6901164054870605,0.8817238807678223,0.0,0.0,0.0,0.0,1.0,1.0
SNPT-162,0,10.0,0.5382952690124512,0.8409909009933472,0.0022172949002217295,0.0,0.951048951048951,0.6341463414634146,0.0,480.0,481.0,451.0,718.0,279.5,1901.4344695490554,461.92593835409286,85.82348046266998,14.0,0.0036366682699720296,0.9992030941206833,0.5,1.0,1.0,0.8275862068965517,622.0,749.0,128.0,116.0,1907.5,890.0,1665.3799871460521,457.5712234924197,129.80529043690296,142.0,428.1170317958341,6.065530450944607,428.07406164590714,0.661170898149085,0.6892411708831787,0.9333338737487793,0.0,1.0,0.0,0.0,1.0,1.0
SNPT-162,0,,1.0,0.0,0.0,1.0,1.0,0.796812749003984,0.0,501.0,502.0,502.0,1064.0,330.0,1900.4802910245207,788.6739415599741,120.55377781389775,36.0,0.27166051864818047,0.8821964327778135,0.10606060606060606,1.0,1.0,0.9166666666666666,618.0,749.0,132.0,132.0,1902.0,847.0,783.9560550374467,431.988721201662,120.38784945786597,117.0,58.34585339610238,1.5197089754792614,58.32605844002592,1.0013782815855503,0.8291018605232239,0.973102331161499,0.0,0.0,0.0,1.0,0.0,1.0
SNPT-162,0,10.0,0.5382952690124512,0.8409909009933472,0.0022172949002217295,0.0,0.951048951048951,0.6341463414634146,0.0,480.0,481.0,451.0,718.0,279.5,1901.4344695490554,461.92593835409286,85.82348046266998,,1.0,0.0,0.0,1.0,1.0,0.9206349206349206,576.0,749.0,174.0,126.0,1900.0,877.0,60.10745982399774,673.7187100886296,143.52694481477187,96.0,415.0765403562546,-1.4344695490553931,415.07406164590714,0.5979607562428723,0.7943098545074463,0.9198263883590698,0.0,0.0,0.0,0.0,1.0,1.0
SNPT-162,0,10.0,0.07655172838461183,0.9337125859477303,0.1252847380410023,1.0,0.9473684210526315,0.8223234624145785,0.0,438.0,439.0,439.0,1016.0,339.5,1905.7875397904336,665.6738292539915,117.63005475498156,,1.0,0.0,0.0,0.0,1.0,0.9090909090909091,519.0,595.0,77.0,77.0,14.5,385.0,6.685008387527857,472.6076810041209,95.74155138022655,81.0,1912.0006162641919,-1891.2875397904336,-280.67382925399147,1.228620730071809,0.6938604712486267,0.9157518148422241,0.0,0.0,0.0,0.0,1.0,1.0
SNPT-162,1,,1.0,0.0,0.0,0.0,0.898876404494382,0.9081632653061225,0.0,293.0,294.0,294.0,968.5,287.0,1046.2660360478208,381.49095258615785,97.78956570958105,,1.0,0.0,0.0,0.0,1.0,0.7619047619047619,603.0,749.0,147.0,147.0,1906.5,510.0,497.0133191580568,289.2105400444893,89.62750274553002,310.0,869.7798848007997,860.2339639521792,128.50904741384215,1.0910664998357114,0.9407854080200195,0.9812342524528503,0.0,0.0,0.0,1.0,0.0,0.0
SNPT-162,1,28.0,0.005318424756742009,0.999136089036862,0.09696969696969697,0.0,1.0,0.9030303030303031,0.0,494.0,495.0,495.0,1108.5,574.5,1902.4573916253692,683.4267943212321,140.70438231462933,10.0,0.09069034710103097,0.9615362783273061,0.28346456692913385,0.0,1.0,0.9133858267716536,623.0,749.0,127.0,127.0,1885.5,850.5,1082.5360099753093,483.9556248420952,131.63967959455266,129.0,167.93156101970828,-16.957391625369155,167.07320567876786,1.068859957331982,0.9202945232391357,0.9897735118865967,0.0,1.0,1.0,1.0,0.0,1.0
SNPT-162,1,,1.0,0.0,0.0,0.0,1.0,0.8528138528138528,0.0,461.0,462.0,462.0,967.0,363.0,1896.0793070211616,383.396456736478,101.50882068416205,,1.0,0.0,0.0,0.0,1.0,0.9029850746268657,616.0,749.0,134.0,134.0,1896.0,602.5,1305.6134318851216,433.81034692227075,121.12269310760418,155.0,219.10355761656098,-0.07930702116163957,219.103543263522,0.838066080597982,0.9096226692199707,0.9841508865356445,0.0,0.0,0.0,1.0,0.0,1.0
SNPT-162,0,,1.0,0.0,0.0,0.0,0.898876404494382,0.9081632653061225,0.0,293.0,294.0,294.0,968.5,287.0,1046.2660360478208,381.49095258615785,97.78956570958105,,1.0,0.0,0.0,0.0,1.0,0.8602150537634409,428.0,613.0,186.0,186.0,25.5,360.5,16.31087073070941,468.8316467418176,89.712942442824,135.0,1020.9818413856611,-1020.7660360478208,-20.990952586157846,1.0900274034808797,0.8003707528114319,0.9688791036605835,0.0,0.0,0.0,1.0,0.0,0.0
SNPT-162,0,,1.0,0.0,0.0,0.0,0.898876404494382,0.9081632653061225,0.0,293.0,294.0,294.0,968.5,287.0,1046.2660360478208,381.49095258615785,97.78956570958105,,1.0,0.0,0.0,1.0,1.0,0.92,585.0,697.0,113.0,100.0,1903.0,702.0,14.378139502701003,472.1748698260924,113.00939802766985,292.0,914.723528976566,856.7339639521792,320.50904741384215,0.8653224193410686,0.7530573606491089,0.9215071797370911,0.0,0.0,0.0,0.0,1.0,0.0
SNPT-162,0,,1.0,0.0,0.0,0.0,1.0,0.8528138528138528,0.0,461.0,462.0,462.0,967.0,363.0,1896.0793070211616,383.396456736478,101.50882068416205,,1.0,0.0,0.0,1.0,1.0,0.9206349206349206,576.0,749.0,174.0,126.0,1900.0,877.0,60.10745982399774,673.7187100886296,143.52694481477187,115.0,493.61911405023403,3.9206929788383604,493.603543263522,0.7072457427081992,0.6887795329093933,0.925890326499939,0.0,0.0,0.0,0.0,1.0,1.0
SNPT-162,1,,1.0,0.0,0.0,1.0,1.0,0.796812749003984,0.0,501.0,502.0,502.0,1064.0,330.0,1900.4802910245207,788.6739415599741,120.55377781389775,,1.0,0.0,0.0,1.0,1.0,0.9206349206349206,576.0,749.0,174.0,126.0,1900.0,877.0,60.10745982399774,673.7187100886296,143.52694481477187,75.0,88.32736427075761,-0.4802910245207386,88.32605844002592,0.8399382984810131,0.9147058725357056,0.9711747169494629,0.0,0.0,0.0,1.0,0.0,1.0
SNPT-162,1,14.0,0.032073179349668,0.957399348026426,0.5576923076923077,1.0,1.0,0.7884615384615384,0.0,364.0,365.0,364.0,441.0,804.0,1914.0274897995905,487.0528913507046,178.41175882073767,14.0,0.0036366682699720296,0.9992030941206833,0.5,1.0,1.0,0.8275862068965517,622.0,749.0,128.0,116.0,1907.5,890.0,1665.3799871460521,457.5712234924197,129.80529043690296,258.0,402.9999757964147,-6.527489799590512,402.9471086492954,1.3744567591985923,0.9626520276069641,0.9739601016044617,1.0,0.0,1.0,1.0,0.0,1.0
SNPT-162,0,,1.0,0.0,0.0,0.0,1.0,0.8470588235294118,294.0,463.0,170.0,170.0,842.5,369.5,1909.1555235061282,301.412652998005,77.11420352817909,,1.0,0.0,0.0,0.0,1.0,0.8769230769230769,620.0,749.0,130.0,130.0,1908.0,459.0,1355.604883179677,286.88508914190845,84.71008788809608,157.0,157.59158343547537,-1.1555235061282474,157.587347001995,0.9103308171518919,0.7821025848388672,0.9765585660934448,0.0,0.0,0.0,1.0,0.0,1.0
SNPT-162,0,23.0,0.005911272974113138,0.9926771498040149,0.5560975609756098,1.0,1.0,0.8585365853658536,0.0,212.0,213.0,205.0,655.0,620.0,11.207106123580054,933.632557555314,170.0546931056481,,1.0,0.0,0.0,1.0,1.0,0.84,584.0,732.0,149.0,100.0,1900.5,513.0,9.341125704469704,398.0404581293427,81.46926777589232,372.0,1935.5514426972643,1889.2928938764198,-420.63255755531395,2.087347753921623,0.7408682107925415,0.8581372499465942,0.0,0.0,0.0,1.0,0.0,1.0
SNPT-162,0,9.0,0.027514805525616116,0.9784216406670484,0.07201309328968904,0.0,0.9981447124304267,0.8821603927986906,0.0,615.0,616.0,611.0,185.5,372.5,8.74200476711952,457.7113353029823,118.42231371005674,,1.0,0.0,0.0,1.0,1.0,0.8818897637795275,623.0,749.0,127.0,127.0,1909.5,407.5,1442.8798804885514,292.48768225393087,79.56847593835377,8.0,1901.4210829362935,1900.7579952328804,-50.21133530298232,1.4883069244886034,0.6794195771217346,0.934331476688385,0.0,0.0,0.0,0.0,1.0,1.0
SNPT-162,0,28.0,0.005318424756742009,0.999136089036862,0.09696969696969697,0.0,1.0,0.9030303030303031,0.0,494.0,495.0,495.0,1108.5,574.5,1902.4573916253692,683.4267943212321,140.70438231462933,36.0,0.27166051864818047,0.8821964327778135,0.10606060606060606,1.0,1.0,0.9166666666666666,618.0,749.0,132.0,132.0,1902.0,847.0,783.9560550374467,431.988721201662,120.38784945786597,124.0,163.57384516825255,-0.457391625369155,163.57320567876786,1.1687589980903668,0.601818323135376,0.9175342321395874,0.0,1.0,0.0,0.0,1.0,1.0
SNPT-162,0,,1.0,0.0,0.0,0.0,0.985632183908046,0.7945205479452054,0.0,447.0,448.0,438.0,902.0,296.0,1915.69558330971,410.03737749621325,110.26164866982111,28.0,0.043517013884907516,0.9883280942837397,0.07547169811320754,0.0,1.0,0.9119496855345912,591.0,749.0,159.0,159.0,1907.5,870.0,1486.6420422746085,766.0971895442034,139.45793112380957,144.0,460.03563088781226,-8.195583309709946,459.96262250378675,0.7906445175350533,0.8205376863479614,0.9875990152359009,0.0,0.0,0.0,1.0,0.0,1.0
SNPT-162,0,10.0,0.007487080679694221,0.9759932349598597,0.14583333333333334,0.0,1.0,0.8611111111111112,0.0,431.0,432.0,432.0,1105.5,510.5,1912.4204571084717,754.8291861233979,126.08304678875605,,1.0,0.0,0.0,0.0,1.0,0.7619047619047619,603.0,749.0,147.0,147.0,1906.5,510.0,497.0133191580568,289.2105400444893,89.62750274553002,172.0,244.90075988085187,-5.920457108471737,-244.8291861233979,1.4067450606844467,0.7875378727912903,0.9688593745231628,0.0,0.0,0.0,1.0,0.0,1.0
SNPT-162,1,23.0,0.005911272974113138,0.9926771498040149,0.5560975609756098,1.0,1.0,0.8585365853658536,0.0,212.0,213.0,205.0,655.0,620.0,11.207106123580054,933.632557555314,170.0546931056481,23.0,0.01841010696483808,0.9850123775178108,0.6731707317073171,1.0,1.0,0.8731707317073171,430.0,634.0,205.0,205.0,16.0,720.0,8.474379736801813,557.2409449919304,135.70175889974198,218.0,213.68631561083913,4.792893876419946,-213.63255755531395,1.2531502501105125,0.9558983445167542,0.9887811541557312,1.0,0.0,1.0,1.0,0.0,1.0
SNPT-162,0,9.0,0.007196223963840185,0.9889243490823353,0.29046563192904656,1.0,0.6797900262467191,0.844789356984479,0.0,500.0,501.0,451.0,1002.0,363.5,1907.451259141065,373.8534292748477,104.07412731586297,28.0,0.043517013884907516,0.9883280942837397,0.07547169811320754,0.0,1.0,0.9119496855345912,591.0,749.0,159.0,159.0,1907.5,870.0,1486.6420422746085,766.0971895442034,139.45793112380957,91.0,496.14657311927476,0.048740858934934295,496.1465707251523,0.7462761456246388,0.709498405456543,0.9584604501724243,0.0,1.0,1.0,0.0,1.0,0.0
SNPT-162,1,9.0,0.007196223963840185,0.9889243490823353,0.29046563192904656,1.0,0.6797900262467191,0.844789356984479,0.0,500.0,501.0,451.0,1002.0,363.5,1907.451259141065,373.8534292748477,104.07412731586297,,1.0,0.0,0.0,1.0,1.0,0.8818897637795275,623.0,749.0,127.0,127.0,1909.5,407.5,1442.8798804885514,292.48768225393087,79.56847593835377,123.0,33.70888696871708,2.0487408589349343,33.64657072515229,1.307981912290178,0.8986039161682129,0.9741448163986206,0.0,0.0,0.0,1.0,0.0,0.0
SNPT-162,0,26.0,0.03498537803682211,0.9678033834153955,0.45993031358885017,1.0,1.0,0.8885017421602788,0.0,352.0,353.0,287.0,215.5,426.5,5.000220778295429,611.0516012993287,137.36328490490055,,1.0,0.0,0.0,0.0,1.0,0.8602150537634409,428.0,613.0,186.0,186.0,25.5,360.5,16.31087073070941,468.8316467418176,89.712942442824,76.0,251.38883400381252,20.49977922170457,-250.5516012993287,1.5311423431735631,0.5894648432731628,0.9199144244194031,0.0,0.0,0.0,0.0,1.0,1.0
SNPT-162,0,,1.0,0.0,0.0,0.0,1.0,0.8969555035128806,0.0,429.0,430.0,427.0,1706.0,274.5,1907.655472698692,279.7540483342348,94.07844356949322,,1.0,0.0,0.0,1.0,1.0,0.9206349206349206,576.0,749.0,174.0,126.0,1900.0,877.0,60.10745982399774,673.7187100886296,143.52694481477187,147.0,597.2950134091076,-7.655472698691938,597.2459516657652,0.6554758320182025,0.5930464267730713,0.9168516397476196,0.0,0.0,0.0,0.0,1.0,1.0
SNPT-162,0,,1.0,0.0,0.0,0.0,1.0,0.8602150537634409,428.0,613.0,186.0,186.0,25.5,360.5,16.31087073070941,468.8316467418176,89.712942442824,14.0,0.030601959054668743,0.8875893695013863,0.0546875,1.0,1.0,0.8984375,622.0,749.0,128.0,128.0,1908.5,795.5,1177.863807755764,647.6395055388475,136.5518999580803,9.0,1920.1801774691064,1892.1891292692906,326.6683532581824,0.6569878739905101,0.6970168948173523,0.9067853093147278,0.0,0.0,0.0,0.0,1.0,1.0
SNPT-162,0,,1.0,0.0,0.0,1.0,0.8865979381443299,0.8100208768267223,0.0,478.0,479.0,479.0,889.0,327.5,1893.354793205118,459.7392296592982,106.18586256879402,,1.0,0.0,0.0,0.0,1.0,0.9090909090909091,519.0,595.0,77.0,77.0,14.5,385.0,6.685008387527857,472.6076810041209,95.74155138022655,41.0,1880.3407367814782,-1878.854793205118,-74.73922965929819,1.1090885935939045,0.7218976616859436,0.932739794254303,0.0,0.0,0.0,0.0,1.0,0.0
SNPT-162,0,55.0,0.03941994038213023,0.9739732727026328,0.0783132530120482,1.0,0.9950372208436724,0.8092369477911646,0.0,497.0,498.0,498.0,456.0,270.5,1894.0798401153233,372.2910604343475,89.14916261278262,,1.0,0.0,0.0,0.0,1.0,0.9090909090909091,519.0,595.0,77.0,77.0,14.5,385.0,6.685008387527857,472.6076810041209,95.74155138022655,22.0,1879.6228059142154,-1879.5798401153233,12.708939565652486,0.9311439111607559,0.632897138595581,0.9318800568580627,0.0,0.0,0.0,0.0,1.0,1.0
SNPT-162,1,30.0,0.030874476025928743,0.9917116314172745,0.026058631921824105,0.0,1.0,0.8566775244299675,0.0,306.0,307.0,307.0,854.0,358.0,24.572286386787056,496.9399565166607,115.27892147839036,,1.0,0.0,0.0,0.0,1.0,0.8602150537634409,428.0,613.0,186.0,186.0,25.5,360.5,16.31087073070941,468.8316467418176,89.712942442824,122.0,136.44311044100542,0.9277136132129442,-136.4399565166607,1.2849753707706122,0.9137368202209473,0.9736995697021484,0.0,0.0,0.0,1.0,0.0,1.0
SNPT-162,0,26.0,0.03498537803682211,0.9678033834153955,0.45993031358885017,1.0,1.0,0.8885017421602788,0.0,352.0,353.0,287.0,215.5,426.5,5.000220778295429,611.0516012993287,137.36328490490055,,1.0,0.0,0.0,0.0,1.0,0.7619047619047619,603.0,749.0,147.0,147.0,1906.5,510.0,497.0133191580568,289.2105400444893,89.62750274553002,251.0,1904.182983986925,1901.4997792217046,-101.0516012993287,1.5326019435674978,0.7142359614372253,0.919849157333374,0.0,0.0,0.0,0.0,1.0,1.0
SNPT-162,0,,1.0,0.0,0.0,0.0,1.0,0.8528138528138528,0.0,461.0,462.0,462.0,967.0,363.0,1896.0793070211616,383.396456736478,101.50882068416205,36.0,0.27166051864818047,0.8821964327778135,0.10606060606060606,1.0,1.0,0.9166666666666666,618.0,749.0,132.0,132.0,1902.0,847.0,783.9560550374467,431.988721201662,120.38784945786597,157.0,463.64134838454817,5.92069297883836,463.603543263522,0.8431816096165808,0.7018208503723145,0.9355422854423523,0.0,0.0,0.0,0.0,1.0,1.0
SNPT-162,0,14.0,0.032073179349668,0.957399348026426,0.5576923076923077,1.0,1.0,0.7884615384615384,0.0,364.0,365.0,364.0,441.0,804.0,1914.0274897995905,487.0528913507046,178.41175882073767,,1.0,0.0,0.0,1.0,1.0,0.9206349206349206,576.0,749.0,174.0,126.0,1900.0,877.0,60.10745982399774,673.7187100886296,143.52694481477187,212.0,390.1993311296458,-14.027489799590512,389.9471086492954,1.243054111205295,0.8809778690338135,0.9338549375534058,0.0,0.0,0.0,1.0,0.0,1.0
SNPT-162,0,10.0,0.07655172838461183,0.9337125859477303,0.1252847380410023,1.0,0.9473684210526315,0.8223234624145785,0.0,438.0,439.0,439.0,1016.0,339.5,1905.7875397904336,665.6738292539915,117.63005475498156,14.0,0.0036366682699720296,0.9992030941206833,0.5,1.0,1.0,0.8275862068965517,622.0,749.0,128.0,116.0,1907.5,890.0,1665.3799871460521,457.5712234924197,129.80529043690296,184.0,224.33270693667637,1.7124602095664159,224.32617074600853,0.9062038562454459,0.8037638068199158,0.9880143404006958,0.0,1.0,1.0,1.0,0.0,1.0
SNPT-162,1,10.0,0.007487080679694221,0.9759932349598597,0.14583333333333334,0.0,1.0,0.8611111111111112,0.0,431.0,432.0,432.0,1105.5,510.5,1912.4204571084717,754.8291861233979,126.08304678875605,28.0,0.043517013884907516,0.9883280942837397,0.07547169811320754,0.0,1.0,0.9119496855345912,591.0,749.0,159.0,159.0,1907.5,870.0,1486.6420422746085,766.0971895442034,139.45793112380957,160.0,115.27587461023765,-4.920457108471737,115.1708138766021,0.9040937705925136,0.8562796115875244,0.981537401676178,0.0,1.0,1.0,1.0,0.0,1.0
SNPT-162,0,10.0,0.007487080679694221,0.9759932349598597,0.14583333333333334,0.0,1.0,0.8611111111111112,0.0,431.0,432.0,432.0,1105.5,510.5,1912.4204571084717,754.8291861233979,126.08304678875605,14.0,0.0036366682699720296,0.9992030941206833,0.5,1.0,1.0,0.8275862068965517,622.0,749.0,128.0,116.0,1907.5,890.0,1665.3799871460521,457.5712234924197,129.80529043690296,191.0,135.2603409067836,-4.920457108471737,135.1708138766021,0.9713244072285616,0.6527366042137146,0.9325212836265564,0.0,1.0,1.0,0.0,1.0,1.0
SNPT-162,1,10.0,0.3397325637439887,0.8707574407259623,0.006787330316742082,0.0,0.9862258953168044,0.8212669683257918,0.0,441.0,442.0,442.0,928.5,327.5,1770.6529057930748,381.20048767623115,107.2973839569625,,1.0,0.0,0.0,0.0,1.0,0.8769230769230769,620.0,749.0,130.0,130.0,1908.0,459.0,1355.604883179677,286.88508914190845,84.71008788809608,179.0,157.8511590229931,137.34709420692525,77.79951232376885,1.2666423401508535,0.9101525545120239,0.9857668876647949,0.0,0.0,0.0,1.0,0.0,1.0
SNPT-162,0,26.0,0.03498537803682211,0.9678033834153955,0.45993031358885017,1.0,1.0,0.8885017421602788,0.0,352.0,353.0,287.0,215.5,426.5,5.000220778295429,611.0516012993287,137.36328490490055,,1.0,0.0,0.0,1.0,1.0,0.92,585.0,697.0,113.0,100.0,1903.0,702.0,14.378139502701003,472.1748698260924,113.00939802766985,233.0,1900.1775635850076,1897.9997792217046,90.9483987006713,1.2155031997539512,0.7764863967895508,0.9539779424667358,0.0,0.0,0.0,1.0,0.0,1.0
SNPT-162,0,,1.0,0.0,0.0,0.0,1.0,0.8470588235294118,294.0,463.0,170.0,170.0,842.5,369.5,1909.1555235061282,301.412652998005,77.11420352817909,14.0,0.030601959054668743,0.8875893695013863,0.0546875,1.0,1.0,0.8984375,622.0,749.0,128.0,128.0,1908.5,795.5,1177.863807755764,647.6395055388475,136.5518999580803,159.0,494.08778185514456,-0.6555235061282474,494.087347001995,0.5647245007345352,0.6850016713142395,0.9187224507331848,0.0,0.0,0.0,0.0,1.0,1.0
SNPT-162,0,,1.0,0.0,0.0,0.0,1.0,0.8528138528138528,0.0,461.0,462.0,462.0,967.0,363.0,1896.0793070211616,383.396456736478,101.50882068416205,,1.0,0.0,0.0,1.0,1.0,0.92,585.0,697.0,113.0,100.0,1903.0,702.0,14.378139502701003,472.1748698260924,113.00939802766985,124.0,318.67869990223426,6.92069297883836,318.603543263522,0.8982334430213323,0.7118768095970154,0.904389500617981,0.0,0.0,0.0,0.0,1.0,1.0
SNPT-163,1,28.0,0.0005849075834922932,0.9999402412052812,0.7733333333333333,1.0,1.0,0.8133333333333334,0.0,74.0,75.0,75.0,1680.5,876.0,1911.107637432941,737.1817601979498,146.29199421493237,28.0,0.045807211410499656,0.9378867880864576,0.15827338129496402,1.0,1.0,0.8992805755395683,262.0,539.0,278.0,278.0,1906.0,714.0,1906.2727265233116,782.9127575222394,122.22130612525976,188.0,23.73777508574944,-5.107637432940919,-23.181760197949757,1.1969434696189838,0.8783833980560303,0.9252157211303711,1.0,0.0,1.0,1.0,0.0,1.0
SNPT-163,1,8.0,0.022323728862421195,0.9907187934344014,0.6508474576271186,1.0,1.0,0.9084745762711864,0.0,294.0,295.0,295.0,653.0,616.5,19.63977858583609,563.2138646292311,104.41203665148576,,1.0,0.0,0.0,1.0,1.0,0.6728395061728395,588.0,749.0,162.0,162.0,18.5,512.0,1057.5472073417288,429.6892374373524,82.89373175236265,294.0,51.226546101469125,-1.1397785858360905,-51.213864629231125,1.2595890478595781,0.7542893886566162,0.9518563151359558,0.0,0.0,0.0,1.0,0.0,1.0
SNPT-163,0,9.0,0.036591417247347977,0.9703971368269385,0.7254237288135593,0.0,1.0,0.8271186440677966,283.0,577.0,295.0,295.0,1909.5,656.0,1907.8778514588128,501.13924386759913,105.98447890838474,55.0,0.1083906109977481,0.9609530156308954,0.34375,0.0,1.0,0.90625,590.0,749.0,160.0,160.0,10.5,544.0,698.2626900092873,456.84817281766993,87.69582752544036,13.0,1897.8618905554486,-1897.3778514588128,42.860756132400866,1.2085464257423066,0.843620777130127,0.9612981081008911,0.0,1.0,1.0,1.0,0.0,1.0
SNPT-163,1,25.0,0.002778318681559879,0.9866173565387726,0.20608108108108109,0.0,0.9779735682819384,0.7668918918918919,0.0,301.0,302.0,296.0,422.0,498.5,3.0735129377546233,444.8175811670143,77.37940715696179,25.0,0.0002663137042378841,0.9999756618686344,0.2987012987012987,0.0,1.0,0.8961038961038961,596.0,749.0,154.0,154.0,17.0,597.0,230.35379089990533,520.5534328982727,111.02380780614972,295.0,152.81830925564245,13.926487062245377,152.18241883298572,0.6969622884135638,0.8801965713500977,0.992033064365387,1.0,0.0,1.0,1.0,0.0,1.0
SNPT-163,0,8.0,0.03076483344364747,0.9947810874265783,0.2809917355371901,0.0,1.0,0.9586776859504132,0.0,120.0,121.0,121.0,1079.5,420.0,1908.978120218917,481.03258841079463,74.00241495994717,9.0,0.036591417247347977,0.9703971368269385,0.7254237288135593,0.0,1.0,0.8271186440677966,283.0,577.0,295.0,295.0,1909.5,656.0,1907.8778514588128,501.13924386759913,105.98447890838474,163.0,174.9681898995709,0.5218797810830438,174.96741158920537,0.698238229995134,0.8051270842552185,0.9504244327545166,0.0,1.0,1.0,1.0,0.0,1.0
SNPT-163,0,10.0,0.007032744681738612,0.9921397194687256,0.6344086021505376,1.0,1.0,0.899641577060932,0.0,278.0,279.0,279.0,141.0,764.0,14.137804336584315,593.183752973162,118.36568492370016,9.0,0.036591417247347977,0.9703971368269385,0.7254237288135593,0.0,1.0,0.8271186440677966,283.0,577.0,295.0,295.0,1909.5,656.0,1907.8778514588128,501.13924386759913,105.98447890838474,5.0,1896.4028405485424,1895.3621956634156,62.81624702683803,1.1168209358845647,0.6736199259757996,0.9284507036209106,0.0,1.0,1.0,0.0,1.0,1.0
SNPT-163,0,9.0,0.13086590261893924,0.9353672188396255,0.3368421052631579,1.0,0.5877551020408164,0.8596491228070176,0.0,293.0,294.0,285.0,46.0,597.5,10.761802761234918,487.8530644304337,93.06183106925648,23.0,0.066963366431644,0.8830344599706156,0.3829787234042553,0.0,1.0,0.9148936170212766,593.0,733.0,141.0,141.0,29.0,881.0,1905.0877730110033,1007.2619607488255,177.7491971905171,300.0,393.5697457710143,18.238197238765082,393.1469355695663,0.523556969821416,0.7362338304519653,0.9513670206069946,0.0,1.0,1.0,0.0,1.0,0.0
SNPT-163,0,29.0,7.409012829050291e-05,0.9999948740005493,0.8717948717948718,1.0,1.0,0.8717948717948718,0.0,38.0,39.0,39.0,1772.5,670.5,1913.775727769928,597.0810783692884,136.19476486912245,10.0,0.0006625404207056818,0.9999193278225985,0.23404255319148937,0.0,1.0,0.7659574468085106,562.0,749.0,188.0,188.0,11.0,695.0,1642.2073767866395,659.5113333278252,127.55766537331539,524.0,1905.293569349275,-1902.775727769928,97.91892163071157,1.0677113325218786,0.6890645623207092,0.8647557497024536,0.0,1.0,1.0,0.0,1.0,1.0
SNPT-163,0,29.0,7.409012829050291e-05,0.9999948740005493,0.8717948717948718,1.0,1.0,0.8717948717948718,0.0,38.0,39.0,39.0,1772.5,670.5,1913.775727769928,597.0810783692884,136.19476486912245,11.0,0.3830484818900004,0.8146450022856394,0.012552301255230125,1.0,1.0,0.9225941422594143,272.0,749.0,478.0,478.0,1905.0,496.5,1854.6032053328659,467.5015516145664,83.17736228594666,234.0,100.96319489705556,-8.775727769927926,-100.58107836928843,1.637401825762554,0.70384681224823,0.8727238178253174,0.0,1.0,0.0,1.0,0.0,1.0
SNPT-163,1,26.0,0.03217166246426087,0.9843648650429465,0.559322033898305,0.0,1.0,0.8440677966101695,0.0,300.0,301.0,295.0,1043.5,560.0,12.793114661436277,494.28194118342554,85.95851068867225,26.0,0.05489606774495769,0.9685781598091125,0.16279069767441862,0.0,0.9788732394366197,0.8255813953488372,578.0,749.0,172.0,172.0,18.5,558.5,1165.267353652917,505.54742085456223,91.7966504313717,278.0,64.47113787142685,5.706885338563723,64.21805881657446,0.9364013859409378,0.9457741975784302,0.9793739318847656,1.0,0.0,1.0,1.0,0.0,1.0
SNPT-163,0,28.0,0.0005849075834922932,0.9999402412052812,0.7733333333333333,1.0,1.0,0.8133333333333334,0.0,74.0,75.0,75.0,1680.5,876.0,1911.107637432941,737.1817601979498,146.29199421493237,,1.0,0.0,0.0,0.0,1.0,0.9148936170212766,471.0,564.0,94.0,94.0,1913.0,506.0,1904.7440620456218,506.4265533935113,82.82502022762976,397.0,231.18950513444062,1.892362567059081,-231.18176019794976,1.7662777964059047,0.6802525520324707,0.8513885736465454,0.0,0.0,0.0,0.0,1.0,1.0
SNPT-163,1,10.0,0.007032744681738612,0.9921397194687256,0.6344086021505376,1.0,1.0,0.899641577060932,0.0,278.0,279.0,279.0,141.0,764.0,14.137804336584315,593.183752973162,118.36568492370016,10.0,0.004535727408312404,0.9993200030753283,0.754601226993865,1.0,1.0,0.852760736196319,587.0,749.0,163.0,163.0,27.5,978.0,1728.1548313560297,828.4276404189111,175.45535583664346,309.0,385.0481687383642,13.362195663415685,384.816247026838,0.6746199587882842,0.8961927890777588,0.9806133508682251,1.0,0.0,1.0,1.0,0.0,1.0
SNPT-163,0,9.0,0.13086590261893924,0.9353672188396255,0.3368421052631579,1.0,0.5877551020408164,0.8596491228070176,0.0,293.0,294.0,285.0,46.0,597.5,10.761802761234918,487.8530644304337,93.06183106925648,,1.0,0.0,0.0,1.0,1.0,0.6728395061728395,588.0,749.0,162.0,162.0,18.5,512.0,1057.5472073417288,429.6892374373524,82.89373175236265,295.0,25.356541442137154,7.738197238765082,24.146935569566324,1.1226642727012228,0.7581761479377747,0.9655120372772217,0.0,0.0,0.0,1.0,0.0,0.0
SNPT-163,0,10.0,0.007032744681738612,0.9921397194687256,0.6344086021505376,1.0,1.0,0.899641577060932,0.0,278.0,279.0,279.0,141.0,764.0,14.137804336584315,593.183752973162,118.36568492370016,,1.0,0.0,0.0,0.0,1.0,0.8148148148148148,588.0,749.0,162.0,162.0,9.0,500.0,846.8520057556309,431.7304158866191,78.35959357722719,310.0,93.32528516733446,-5.137804336584315,-93.18375297316197,1.5105449061198235,0.6755086183547974,0.9047232866287231,0.0,0.0,0.0,0.0,1.0,1.0
SNPT-163,1,40.0,0.1357722507843088,0.8530894964933395,0.026845637583892617,1.0,0.9877049180327869,0.8187919463087249,0.0,297.0,298.0,298.0,1308.0,402.0,114.81458563859573,440.9539493119292,76.00680774472698,8.0,0.19419694116088346,0.9058756202459335,0.3723404255319149,1.0,1.0,0.9042553191489362,562.0,749.0,188.0,188.0,21.5,663.0,1556.6862255728051,644.1245697658336,124.33987852915809,265.0,240.8569295641546,-93.31458563859573,222.0460506880708,0.6112826282591483,0.7854783535003662,0.9696475267410278,0.0,1.0,0.0,1.0,0.0,1.0
SNPT-163,1,20.0,0.058895130258715005,0.96444392361139,0.48363636363636364,0.0,0.8465608465608465,0.6872727272727273,18.0,298.0,281.0,275.0,11.5,561.5,45.15796331175707,441.2715867493075,88.30571974351324,20.0,0.0007400066574150145,0.9999206629959313,0.2534246575342466,0.0,1.0,0.958904109589041,604.0,749.0,146.0,146.0,18.0,684.0,193.19028003356604,696.5438131228609,135.41920577060273,306.0,244.24298878461525,-27.157963311757072,242.72841325069248,0.6520915496513933,0.8919188976287842,0.9644457101821899,1.0,0.0,1.0,1.0,0.0,0.0
SNPT-163,1,30.0,0.04816401140634423,0.9621215858336153,0.7733333333333333,1.0,1.0,0.85,0.0,299.0,300.0,300.0,956.5,586.5,13.42986216144974,461.9260162218744,97.02566506132253,30.0,0.12844592984765768,0.9697931210199991,0.017964071856287425,1.0,1.0,0.8023952095808383,583.0,749.0,167.0,167.0,17.5,578.5,1228.8252619001382,496.9590716859758,95.18233349786283,284.0,116.6450158211978,4.070137838550259,116.57398377812558,1.019366320363443,0.911482036113739,0.9719195365905762,1.0,0.0,1.0,1.0,0.0,1.0
SNPT-163,1,9.0,0.13086590261893924,0.9353672188396255,0.3368421052631579,1.0,0.5877551020408164,0.8596491228070176,0.0,293.0,294.0,285.0,46.0,597.5,10.761802761234918,487.8530644304337,93.06183106925648,9.0,0.07706796928583312,0.9412710642814637,0.21367521367521367,1.0,1.0,0.8547008547008547,633.0,749.0,117.0,117.0,10.5,667.5,516.0156517013174,636.6510731057508,135.06829929892123,340.0,179.6471263344385,-0.2618027612349181,179.64693556956632,0.688998318275262,0.8515077829360962,0.9599508047103882,1.0,0.0,1.0,1.0,0.0,0.0
SNPT-163,0,40.0,0.1357722507843088,0.8530894964933395,0.026845637583892617,1.0,0.9877049180327869,0.8187919463087249,0.0,297.0,298.0,298.0,1308.0,402.0,114.81458563859573,440.9539493119292,76.00680774472698,26.0,0.05489606774495769,0.9685781598091125,0.16279069767441862,0.0,0.9788732394366197,0.8255813953488372,578.0,749.0,172.0,172.0,18.5,558.5,1165.267353652917,505.54742085456223,91.7966504313717,281.0,151.96569823186053,-96.31458563859573,117.5460506880708,0.8279910801489495,0.7353036403656006,0.9574611186981201,0.0,1.0,1.0,0.0,1.0,1.0
SNPT-163,0,23.0,0.015611144435005466,0.9788034135917966,0.5387596899224806,0.0,0.9951690821256038,0.8023255813953488,23.0,280.0,258.0,258.0,14.0,633.0,14.061938193424892,571.967082520217,99.45375042181396,10.0,0.004535727408312404,0.9993200030753283,0.754601226993865,1.0,1.0,0.852760736196319,587.0,749.0,163.0,163.0,27.5,978.0,1728.1548313560297,828.4276404189111,175.45535583664346,307.0,406.25522960604656,13.438061806575108,406.032917479783,0.5668322289027741,0.6407960653305054,0.9012410044670105,0.0,1.0,1.0,0.0,1.0,1.0
SNPT-163,0,30.0,0.04816401140634423,0.9621215858336153,0.7733333333333333,1.0,1.0,0.85,0.0,299.0,300.0,300.0,956.5,586.5,13.42986216144974,461.9260162218744,97.02566506132253,9.0,0.07706796928583312,0.9412710642814637,0.21367521367521367,1.0,1.0,0.8547008547008547,633.0,749.0,117.0,117.0,10.5,667.5,516.0156517013174,636.6510731057508,135.06829929892123,334.0,205.59486107073332,-2.9298621614497407,205.57398377812558,0.7183452043517176,0.8663171529769897,0.954339325428009,0.0,1.0,1.0,1.0,0.0,1.0
SNPT-163,0,22.0,0.06396691549769178,0.9218217389924186,0.27208480565371024,1.0,1.0,0.8197879858657244,291.0,573.0,283.0,283.0,1909.0,620.5,1907.5720747830976,624.910859345585,117.68875737043017,23.0,0.066963366431644,0.8830344599706156,0.3829787234042553,0.0,1.0,0.9148936170212766,593.0,733.0,141.0,141.0,29.0,881.0,1905.0877730110033,1007.2619607488255,177.7491971905171,20.0,1895.946910679724,-1878.5720747830976,256.089140654415,0.6621057041640965,0.6297883987426758,0.9214193224906921,0.0,1.0,1.0,0.0,1.0,1.0
SNPT-163,0,25.0,0.002778318681559879,0.9866173565387726,0.20608108108108109,0.0,0.9779735682819384,0.7668918918918919,0.0,301.0,302.0,296.0,422.0,498.5,3.0735129377546233,444.8175811670143,77.37940715696179,,1.0,0.0,0.0,0.0,1.0,0.8148148148148148,588.0,749.0,162.0,162.0,9.0,500.0,846.8520057556309,431.7304158866191,78.35959357722719,287.0,55.49975312700065,5.926487062245377,55.18241883298572,0.9874911752917737,0.7813239097595215,0.9753396511077881,0.0,0.0,0.0,1.0,0.0,1.0
SNPT-163,0,28.0,0.045807211410499656,0.9378867880864576,0.15827338129496402,1.0,1.0,0.8992805755395683,262.0,539.0,278.0,278.0,1906.0,714.0,1906.2727265233116,782.9127575222394,122.22130612525976,30.0,0.12844592984765768,0.9697931210199991,0.017964071856287425,1.0,1.0,0.8023952095808383,583.0,749.0,167.0,167.0,17.5,578.5,1228.8252619001382,496.9590716859758,95.18233349786283,44.0,1899.8018285853263,-1888.7727265233116,-204.41275752223942,1.2840755383245994,0.867484986782074,0.984046220779419,0.0,1.0,1.0,1.0,0.0,1.0
SNPT-163,1,8.0,0.03076483344364747,0.9947810874265783,0.2809917355371901,0.0,1.0,0.9586776859504132,0.0,120.0,121.0,121.0,1079.5,420.0,1908.978120218917,481.03258841079463,74.00241495994717,8.0,0.3735497295856476,0.782403826713562,0.0063025210084033615,0.0,1.0,0.8256302521008403,274.0,749.0,476.0,476.0,1803.0,472.0,1762.4686490222152,470.5723522507078,86.19040032558578,154.0,106.36235056886453,-105.97812021891696,-9.03258841079463,0.8585923105172005,0.9113363027572632,0.9905526638031006,1.0,0.0,0.0,1.0,0.0,1.0
SNPT-163,1,,1.0,0.0,0.0,0.0,1.0,0.7142857142857143,312.0,318.0,7.0,7.0,87.48404242459327,412.1332429446561,7.10694094286045,411.95090852854787,76.99696718798116,3.0,0.02834455829754006,0.9666766535777312,0.08333333333333333,0.0,1.0,0.8044871794871795,0.0,311.0,312.0,312.0,1229.0,403.5,133.08500635439088,412.2825912628361,77.18362990212314,1.0,45.601208495464746,-45.600963929797615,-0.14934831817998884,0.9975815763734007,0.8172459602355957,0.9425481557846069,0.0,0.0,0.0,1.0,0.0,1.0
SNPT-163,1,3.0,0.02834455829754006,0.9666766535777312,0.08333333333333333,0.0,1.0,0.8044871794871795,0.0,311.0,312.0,312.0,1229.0,403.5,133.08500635439088,412.2825912628361,77.18362990212314,,1.0,0.0,0.0,0.0,1.0,0.8148148148148148,588.0,749.0,162.0,162.0,9.0,500.0,846.8520057556309,431.7304158866191,78.35959357722719,277.0,151.9586542370388,-124.08500635439088,87.71740873716391,0.9849927287595606,0.8283735513687134,0.982937753200531,0.0,0.0,0.0,1.0,0.0,1.0
SNPT-163,0,8.0,0.022323728862421195,0.9907187934344014,0.6508474576271186,1.0,1.0,0.9084745762711864,0.0,294.0,295.0,295.0,653.0,616.5,19.63977858583609,563.2138646292311,104.41203665148576,55.0,0.1083906109977481,0.9609530156308954,0.34375,0.0,1.0,0.90625,590.0,749.0,160.0,160.0,10.5,544.0,698.2626900092873,456.84817281766993,87.69582752544036,296.0,21.276939314396863,-9.13977858583609,-19.213864629231125,1.1906157863804416,0.6482376456260681,0.9161199927330017,0.0,1.0,1.0,0.0,1.0,1.0
SNPT-163,0,23.0,0.015611144435005466,0.9788034135917966,0.5387596899224806,0.0,0.9951690821256038,0.8023255813953488,23.0,280.0,258.0,258.0,14.0,633.0,14.061938193424892,571.967082520217,99.45375042181396,26.0,0.05489606774495769,0.9685781598091125,0.16279069767441862,0.0,0.9788732394366197,0.8255813953488372,578.0,749.0,172.0,172.0,18.5,558.5,1165.267353652917,505.54742085456223,91.7966504313717,298.0,14.179517065306374,4.438061806575108,-13.46708252021699,1.0834137188498703,0.8735768795013428,0.9787296056747437,0.0,1.0,1.0,1.0,0.0,1.0
SNPT-163,0,29.0,7.409012829050291e-05,0.9999948740005493,0.8717948717948718,1.0,1.0,0.8717948717948718,0.0,38.0,39.0,39.0,1772.5,670.5,1913.775727769928,597.0810783692884,136.19476486912245,55.0,0.1083906109977481,0.9609530156308954,0.34375,0.0,1.0,0.90625,590.0,749.0,160.0,160.0,10.5,544.0,698.2626900092873,456.84817281766993,87.69582752544036,552.0,1904.0157816570206,-1903.275727769928,-53.081078369288434,1.5530358594268656,0.6856964826583862,0.8568047285079956,0.0,1.0,1.0,0.0,1.0,1.0
SNPT-163,0,29.0,7.409012829050291e-05,0.9999948740005493,0.8717948717948718,1.0,1.0,0.8717948717948718,0.0,38.0,39.0,39.0,1772.5,670.5,1913.775727769928,597.0810783692884,136.19476486912245,20.0,0.0007400066574150145,0.9999206629959313,0.2534246575342466,0.0,1.0,0.958904109589041,604.0,749.0,146.0,146.0,18.0,684.0,193.19028003356604,696.5438131228609,135.41920577060273,566.0,1897.7672430883208,-1895.775727769928,86.91892163071157,1.0057270982657622,0.6666616797447205,0.8663573265075684,0.0,1.0,1.0,0.0,1.0,1.0
SNPT-163,0,,1.0,0.0,0.0,1.0,1.0,0.8632478632478633,0.0,116.0,117.0,117.0,1173.5,402.0,1910.7235200038103,470.4566832556546,66.29291388470976,9.0,0.07706796928583312,0.9412710642814637,0.21367521367521367,1.0,1.0,0.8547008547008547,633.0,749.0,117.0,117.0,10.5,667.5,516.0156517013174,636.6510731057508,135.06829929892123,517.0,1910.41238863479,-1900.2235200038103,197.04331674434542,0.49081031025641436,0.8305065631866455,0.9538679122924805,0.0,0.0,0.0,1.0,0.0,1.0
SNPT-163,1,10.0,0.0031851464802540165,0.9933572832511679,0.7770034843205574,0.0,1.0,0.8432055749128919,0.0,286.0,287.0,287.0,809.5,755.0,10.168067019596162,617.3094954463756,123.59155036449064,10.0,0.0006625404207056818,0.9999193278225985,0.23404255319148937,0.0,1.0,0.7659574468085106,562.0,749.0,188.0,188.0,11.0,695.0,1642.2073767866395,659.5113333278252,127.55766537331539,276.0,77.69495871857201,0.8319329804038382,77.69050455362435,0.9689072781536308,0.9493389129638672,0.9490706324577332,1.0,0.0,1.0,1.0,0.0,1.0
SNPT-163,0,5.0,0.047268545211115835,0.9348830266578777,0.2578397212543554,1.0,1.0,0.7770034843205574,303.0,589.0,287.0,287.0,1911.0,501.5,1899.3432398760374,554.8255150917993,111.17630103382652,20.0,0.0007400066574150145,0.9999206629959313,0.2534246575342466,0.0,1.0,0.958904109589041,604.0,749.0,146.0,146.0,18.0,684.0,193.19028003356604,696.5438131228609,135.41920577060273,15.0,1885.7726357592965,-1881.3432398760374,129.17448490820072,0.8209788294147643,0.7308344841003418,0.9015084505081177,0.0,1.0,1.0,0.0,1.0,1.0
SNPT-163,0,,1.0,0.0,0.0,0.0,1.0,0.7142857142857143,312.0,318.0,7.0,7.0,87.48404242459327,412.1332429446561,7.10694094286045,411.95090852854787,76.99696718798116,,1.0,0.0,0.0,0.0,1.0,0.9148936170212766,471.0,564.0,94.0,94.0,1913.0,506.0,1904.7440620456218,506.4265533935113,82.82502022762976,153.0,1908.2121433867844,1905.8930590571395,94.04909147145213,0.9296341489125961,0.7223922610282898,0.9108409881591797,0.0,0.0,0.0,1.0,0.0,1.0
SNPT-163,0,8.0,0.03076483344364747,0.9947810874265783,0.2809917355371901,0.0,1.0,0.9586776859504132,0.0,120.0,121.0,121.0,1079.5,420.0,1908.978120218917,481.03258841079463,74.00241495994717,55.0,0.1083906109977481,0.9609530156308954,0.34375,0.0,1.0,0.90625,590.0,749.0,160.0,160.0,10.5,544.0,698.2626900092873,456.84817281766993,87.69582752544036,470.0,1899.5220630127455,-1898.478120218917,62.96741158920537,0.8438533171772539,0.8136684894561768,0.9857369661331177,0.0,1.0,1.0,1.0,0.0,1.0
SNPT-163,0,55.0,0.019387856157366264,0.9818774919057714,0.3879598662207358,0.0,1.0,0.8327759197324415,0.0,298.0,299.0,299.0,762.5,427.5,67.53170906802583,497.6862016046727,82.77384907159961,,1.0,0.0,0.0,0.0,1.0,0.8148148148148148,588.0,749.0,162.0,162.0,9.0,500.0,846.8520057556309,431.7304158866191,78.35959357722719,290.0,58.57742423014379,-58.53170906802583,2.3137983953272965,1.0563333127809291,0.6519213914871216,0.9713966846466064,0.0,0.0,0.0,1.0,0.0,1.0
SNPT-163,0,,1.0,0.0,0.0,1.0,1.0,0.8632478632478633,0.0,116.0,117.0,117.0,1173.5,402.0,1910.7235200038103,470.4566832556546,66.29291388470976,30.0,0.12844592984765768,0.9697931210199991,0.017964071856287425,1.0,1.0,0.8023952095808383,583.0,749.0,167.0,167.0,17.5,578.5,1228.8252619001382,496.9590716859758,95.18233349786283,467.0,1896.3039458348276,-1893.2235200038103,108.04331674434542,0.6964833856085096,0.8530378341674805,0.9621391892433167,0.0,0.0,0.0,1.0,0.0,1.0
SNPT-163,1,29.0,7.409012829050291e-05,0.9999948740005493,0.8717948717948718,1.0,1.0,0.8717948717948718,0.0,38.0,39.0,39.0,1772.5,670.5,1913.775727769928,597.0810783692884,136.19476486912245,29.0,0.029219432523566336,0.972766101360321,0.1064516129032258,1.0,1.0,0.8258064516129032,283.0,592.0,310.0,310.0,1908.5,559.5,1902.2174561289667,547.1716448977371,93.9174194868082,245.0,37.94958174869636,-5.275727769927926,-37.581078369288434,1.450154461369678,0.8471274971961975,0.8879411220550537,1.0,0.0,1.0,1.0,0.0,1.0
SNPT-163,0,3.0,0.02834455829754006,0.9666766535777312,0.08333333333333333,0.0,1.0,0.8044871794871795,0.0,311.0,312.0,312.0,1229.0,403.5,133.08500635439088,412.2825912628361,77.18362990212314,25.0,0.0002663137042378841,0.9999756618686344,0.2987012987012987,0.0,1.0,0.8961038961038961,596.0,749.0,154.0,154.0,17.0,597.0,230.35379089990533,520.5534328982727,111.02380780614972,285.0,218.1656475957465,-116.08500635439088,184.7174087371639,0.6951989075792433,0.867032527923584,0.9859707355499268,0.0,1.0,1.0,1.0,0.0,1.0
SNPT-163,1,29.0,7.409012829050291e-05,0.9999948740005493,0.8717948717948718,1.0,1.0,0.8717948717948718,0.0,38.0,39.0,39.0,1772.5,670.5,1913.775727769928,597.0810783692884,136.19476486912245,,1.0,0.0,0.0,0.0,0.6,1.0,590.0,595.0,6.0,5.0,1914.0305959962357,534.3130918653429,1913.0327563863993,542.5594800264283,81.2563477359166,552.0,62.76850394562759,0.2548682263077353,-62.76798650394551,1.676112312009837,0.679050862789154,0.7603147029876709,0.0,0.0,0.0,0.0,1.0,0.0
SNPT-163,0,8.0,0.022323728862421195,0.9907187934344014,0.6508474576271186,1.0,1.0,0.9084745762711864,0.0,294.0,295.0,295.0,653.0,616.5,19.63977858583609,563.2138646292311,104.41203665148576,8.0,0.19419694116088346,0.9058756202459335,0.3723404255319149,1.0,1.0,0.9042553191489362,562.0,749.0,188.0,188.0,21.5,663.0,1556.6862255728051,644.1245697658336,124.33987852915809,268.0,99.80347306553578,1.8602214141639095,99.78613537076887,0.8397308883247848,0.9285159707069397,0.9478129744529724,1.0,0.0,0.0,1.0,0.0,1.0
SNPT-163,0,28.0,0.0005849075834922932,0.9999402412052812,0.7733333333333333,1.0,1.0,0.8133333333333334,0.0,74.0,75.0,75.0,1680.5,876.0,1911.107637432941,737.1817601979498,146.29199421493237,,1.0,0.0,0.0,1.0,1.0,0.6728395061728395,588.0,749.0,162.0,162.0,18.5,512.0,1057.5472073417288,429.6892374373524,82.89373175236265,514.0,1905.9565825053164,-1892.607637432941,-225.18176019794976,1.7648137093401242,0.7169262170791626,0.9083529114723206,0.0,0.0,0.0,1.0,0.0,1.0
SNPT-163,0,28.0,0.045807211410499656,0.9378867880864576,0.15827338129496402,1.0,1.0,0.8992805755395683,262.0,539.0,278.0,278.0,1906.0,714.0,1906.2727265233116,782.9127575222394,122.22130612525976,9.0,0.07706796928583312,0.9412710642814637,0.21367521367521367,1.0,1.0,0.8547008547008547,633.0,749.0,117.0,117.0,10.5,667.5,516.0156517013174,636.6510731057508,135.06829929892123,94.0,1899.2825843535022,-1895.7727265233116,-115.41275752223942,0.9048852081476969,0.9035202264785767,0.9934027791023254,0.0,1.0,1.0,1.0,0.0,1.0
SNPT-163,0,40.0,0.1357722507843088,0.8530894964933395,0.026845637583892617,1.0,0.9877049180327869,0.8187919463087249,0.0,297.0,298.0,298.0,1308.0,402.0,114.81458563859573,440.9539493119292,76.00680774472698,23.0,0.066963366431644,0.8830344599706156,0.3829787234042553,0.0,1.0,0.9148936170212766,593.0,733.0,141.0,141.0,29.0,881.0,1905.0877730110033,1007.2619607488255,177.7491971905171,296.0,448.3354434287926,-85.81458563859573,440.0460506880708,0.42760703815309237,0.6862359046936035,0.9301345944404602,0.0,1.0,1.0,0.0,1.0,1.0
SNPT-163,0,22.0,0.06396691549769178,0.9218217389924186,0.27208480565371024,1.0,1.0,0.8197879858657244,291.0,573.0,283.0,283.0,1909.0,620.5,1907.5720747830976,624.910859345585,117.68875737043017,25.0,0.0002663137042378841,0.9999756618686344,0.2987012987012987,0.0,1.0,0.8961038961038961,596.0,749.0,154.0,154.0,17.0,597.0,230.35379089990533,520.5534328982727,111.02380780614972,23.0,1890.7780901044616,-1890.5720747830976,-27.91085934558498,1.0600317147824512,0.6784942150115967,0.9361506104469299,0.0,1.0,1.0,0.0,1.0,1.0
SNPT-163,1,,1.0,0.0,0.0,0.0,1.0,0.7142857142857143,312.0,318.0,7.0,7.0,87.48404242459327,412.1332429446561,7.10694094286045,411.95090852854787,76.99696718798116,,1.0,0.0,0.0,0.0,1.0,0.8148148148148148,588.0,749.0,162.0,162.0,9.0,500.0,846.8520057556309,431.7304158866191,78.35959357722719,270.0,88.06943954370303,1.89305905713955,88.04909147145213,0.9826105990723,0.7725276350975037,0.9269979596138,0.0,0.0,0.0,1.0,0.0,1.0
SNPT-163,0,,1.0,0.0,0.0,0.0,1.0,0.7142857142857143,312.0,318.0,7.0,7.0,87.48404242459327,412.1332429446561,7.10694094286045,411.95090852854787,76.99696718798116,,1.0,0.0,0.0,0.0,0.6,1.0,590.0,595.0,6.0,5.0,1914.0305959962357,534.3130918653429,1913.0327563863993,542.5594800264283,81.2563477359166,272.0,1910.8454490390036,1906.9236550533751,122.36218333679506,0.9475809500843128,0.767947793006897,0.9083269834518433,0.0,0.0,0.0,1.0,0.0,0.0
SNPT-163,1,23.0,0.015611144435005466,0.9788034135917966,0.5387596899224806,0.0,0.9951690821256038,0.8023255813953488,23.0,280.0,258.0,258.0,14.0,633.0,14.061938193424892,571.967082520217,99.45375042181396,23.0,0.066963366431644,0.8830344599706156,0.3829787234042553,0.0,1.0,0.9148936170212766,593.0,733.0,141.0,141.0,29.0,881.0,1905.0877730110033,1007.2619607488255,177.7491971905171,313.0,309.3937455356902,14.938061806575108,309.032917479783,0.5595172973704987,0.8453159928321838,0.9764074683189392,1.0,0.0,1.0,1.0,0.0,1.0
SNPT-163,0,30.0,0.04816401140634423,0.9621215858336153,0.7733333333333333,1.0,1.0,0.85,0.0,299.0,300.0,300.0,956.5,586.5,13.42986216144974,461.9260162218744,97.02566506132253,25.0,0.0002663137042378841,0.9999756618686344,0.2987012987012987,0.0,1.0,0.8961038961038961,596.0,749.0,154.0,154.0,17.0,597.0,230.35379089990533,520.5534328982727,111.02380780614972,297.0,135.12115666275056,3.5701378385502593,135.07398377812558,0.8739176486428182,0.6652783155441284,0.9219805002212524,0.0,1.0,1.0,0.0,1.0,1.0
SNPT-163,0,14.0,0.16802091966116328,0.8832786566380298,0.45051194539249145,0.0,1.0,0.7406143344709898,300.0,592.0,293.0,293.0,1912.0,520.5,1900.0141145394919,700.6769686978654,120.835569698446,23.0,0.066963366431644,0.8830344599706156,0.3829787234042553,0.0,1.0,0.9148936170212766,593.0,733.0,141.0,141.0,29.0,881.0,1905.0877730110033,1007.2619607488255,177.7491971905171,1.0,1879.6835404993017,-1871.0141145394919,180.3230313021346,0.6798093696531899,0.9105666875839233,0.9916843175888062,0.0,1.0,0.0,1.0,0.0,1.0
SNPT-163,1,,1.0,0.0,0.0,1.0,1.0,0.8632478632478633,0.0,116.0,117.0,117.0,1173.5,402.0,1910.7235200038103,470.4566832556546,66.29291388470976,11.0,0.3830484818900004,0.8146450022856394,0.012552301255230125,1.0,1.0,0.9225941422594143,272.0,749.0,478.0,478.0,1905.0,496.5,1854.6032053328659,467.5015516145664,83.17736228594666,156.0,26.664827550170273,-5.723520003810336,26.043316744345418,0.7970066862280192,0.875881552696228,0.9857820272445679,0.0,0.0,0.0,1.0,0.0,1.0
SNPT-163,0,28.0,0.0005849075834922932,0.9999402412052812,0.7733333333333333,1.0,1.0,0.8133333333333334,0.0,74.0,75.0,75.0,1680.5,876.0,1911.107637432941,737.1817601979498,146.29199421493237,,1.0,0.0,0.0,0.0,1.0,0.7142857142857143,312.0,318.0,7.0,7.0,87.48404242459327,412.1332429446561,7.10694094286045,411.95090852854787,76.99696718798116,238.0,1852.3659343768268,-1823.6235950083476,-325.04851725329365,1.8999708632389851,0.7256068587303162,0.8624660968780518,0.0,0.0,0.0,0.0,1.0,1.0
SNPT-163,1,55.0,0.019387856157366264,0.9818774919057714,0.3879598662207358,0.0,1.0,0.8327759197324415,0.0,298.0,299.0,299.0,762.5,427.5,67.53170906802583,497.6862016046727,82.77384907159961,55.0,0.1083906109977481,0.9609530156308954,0.34375,0.0,1.0,0.90625,590.0,749.0,160.0,160.0,10.5,544.0,698.2626900092873,456.84817281766993,87.69582752544036,292.0,73.46825002014789,-57.03170906802583,46.3137983953273,0.943874428319718,0.8419663310050964,0.9844279289245605,1.0,0.0,1.0,1.0,0.0,1.0
SNPT-163,0,5.0,0.047268545211115835,0.9348830266578777,0.2578397212543554,1.0,1.0,0.7770034843205574,303.0,589.0,287.0,287.0,1911.0,501.5,1899.3432398760374,554.8255150917993,111.17630103382652,25.0,0.0002663137042378841,0.9999756618686344,0.2987012987012987,0.0,1.0,0.8961038961038961,596.0,749.0,154.0,154.0,17.0,597.0,230.35379089990533,520.5534328982727,111.02380780614972,7.0,1882.8156468131153,-1882.3432398760374,42.174484908200725,1.0013735182632455,0.731033444404602,0.9333760142326355,0.0,1.0,1.0,0.0,1.0,1.0
SNPT-163,0,9.0,0.13086590261893924,0.9353672188396255,0.3368421052631579,1.0,0.5877551020408164,0.8596491228070176,0.0,293.0,294.0,285.0,46.0,597.5,10.761802761234918,487.8530644304337,93.06183106925648,20.0,0.0007400066574150145,0.9999206629959313,0.2534246575342466,0.0,1.0,0.958904109589041,604.0,749.0,146.0,146.0,18.0,684.0,193.19028003356604,696.5438131228609,135.41920577060273,311.0,196.28044179846057,7.238197238765082,196.14693556956632,0.6872129439815299,0.8158473968505859,0.9375205039978027,0.0,1.0,1.0,0.0,1.0,0.0
SNPT-163,0,8.0,0.03076483344364747,0.9947810874265783,0.2809917355371901,0.0,1.0,0.9586776859504132,0.0,120.0,121.0,121.0,1079.5,420.0,1908.978120218917,481.03258841079463,74.00241495994717,29.0,0.029219432523566336,0.972766101360321,0.1064516129032258,1.0,1.0,0.8258064516129032,283.0,592.0,310.0,310.0,1908.5,559.5,1902.2174561289667,547.1716448977371,93.9174194868082,163.0,78.46886822462459,-0.4781202189169562,78.46741158920537,0.7879519620994451,0.7241509556770325,0.9373795986175537,0.0,1.0,1.0,0.0,1.0,1.0
SNPT-164,0,,1.0,0.0,0.0,1.0,1.0,0.89,155.0,254.0,100.0,100.0,1904.5,439.5,1907.7700281668108,506.6968238496596,92.009498460719,,1.0,0.0,0.0,1.0,1.0,0.8509316770186336,360.0,520.0,161.0,161.0,1906.0,358.5,1903.5446997625645,444.0750614820879,75.8106958423336,106.0,148.2073938737145,-1.7700281668107891,-148.1968238496596,1.213674369274682,0.7778116464614868,0.9780394434928894,0.0,0.0,0.0,1.0,0.0,1.0
SNPT-164,0,,1.0,0.0,0.0,0.0,1.0,0.8875,157.0,254.0,98.0,80.0,1914.0,381.5,1914.5551774842397,415.05731118178676,70.0501872235337,10.0,0.002539714968123816,0.9996989382637872,0.16791044776119404,1.0,1.0,0.9626865671641791,482.0,749.0,268.0,268.0,15.5,922.0,1430.5841544732252,624.4499602228129,144.50232455682956,228.0,1965.5537278018978,-1899.0551774842397,506.94268881821324,0.484768583746793,0.6187607049942017,0.9270421266555786,0.0,0.0,0.0,0.0,1.0,1.0
SNPT-164,0,,1.0,0.0,0.0,0.0,1.0,0.7964071856287425,0.0,166.0,167.0,167.0,910.5,378.0,7.2129385622095405,302.7107057348451,55.22797136865719,23.0,0.004118691057212301,0.9889228111576467,0.6970954356846473,0.0,1.0,0.8464730290456431,509.0,749.0,241.0,241.0,9.0,810.5,1088.635963205561,869.1469051518892,166.10159850447408,343.0,507.7924388555688,1.7870614377904595,507.7892942651549,0.3324951226593378,0.5225028395652771,0.7905114889144897,0.0,0.0,0.0,1.0,0.0,1.0
SNPT-164,1,,1.0,0.0,0.0,0.0,1.0,0.8875,157.0,254.0,98.0,80.0,1914.0,381.5,1914.5551774842397,415.05731118178676,70.0501872235337,,1.0,0.0,0.0,0.0,0.85,0.9090909090909091,594.0,666.0,73.0,66.0,1910.0,347.5,1913.8999763572494,320.3149532152818,60.42421743996876,340.0,67.71070769107125,-4.555177484239721,-67.55731118178676,1.159306486561093,0.949753999710083,0.9816474318504333,0.0,0.0,0.0,1.0,0.0,0.0
SNPT-164,0,,1.0,0.0,0.0,1.0,1.0,0.8509316770186336,360.0,520.0,161.0,161.0,1906.0,358.5,1903.5446997625645,444.0750614820879,75.8106958423336,,1.0,0.0,0.0,1.0,1.0,0.8076923076923077,611.0,636.0,26.0,26.0,1911.0,367.0,1914.2496371029224,365.747950843554,71.80640750622761,91.0,77.43478936562,7.455300237435495,-77.0750614820879,1.0557650560050467,0.802026629447937,0.9820764660835266,0.0,0.0,0.0,1.0,0.0,1.0
SNPT-164,0,23.0,0.00942784209583001,0.9915505547753789,0.44783715012722647,0.0,1.0,0.8982188295165394,0.0,392.0,393.0,393.0,632.0,673.0,6.262467987809089,538.6919002276296,119.34609278565497,,1.0,0.0,0.0,1.0,0.9285714285714286,0.9090909090909091,589.0,665.0,77.0,77.0,1912.0,358.5,1912.985453996299,320.4960344948296,58.10660445255985,197.0,1914.2373577557096,1905.737532012191,-180.19190022762962,2.053916141031663,0.6798344850540161,0.9133541584014893,0.0,0.0,0.0,0.0,1.0,1.0
SNPT-164,0,,1.0,0.0,0.0,0.0,1.0,0.8095238095238095,135.0,155.0,21.0,21.0,1909.0,370.0,1287.919014267628,324.89611237816086,78.10041025946241,,1.0,0.0,0.0,0.0,1.0,0.8902439024390244,626.0,707.0,82.0,82.0,5.5,318.5,5.146024332490826,285.44840223160816,57.00519640446427,471.0,1282.4349645922434,-1282.419014267628,-6.396112378160865,1.3700577348304004,0.6978695392608643,0.9536764025688171,0.0,0.0,0.0,1.0,0.0,1.0
SNPT-164,0,10.0,0.002523295325092609,0.9995643655118001,0.6544943820224719,1.0,1.0,0.8202247191011236,0.0,355.0,356.0,356.0,490.5,624.0,8.576970133031281,698.9669599786923,136.14165072181493,,1.0,0.0,0.0,0.0,1.0,0.8902439024390244,626.0,707.0,82.0,82.0,5.5,318.5,5.146024332490826,285.44840223160816,57.00519640446427,271.0,380.4794020451402,-3.0769701330312813,-380.46695997869233,2.3882322894891947,0.6283034086227417,0.8657273650169373,0.0,0.0,0.0,0.0,1.0,1.0
SNPT-164,1,,1.0,0.0,0.0,0.0,1.0,0.7964071856287425,0.0,166.0,167.0,167.0,910.5,378.0,7.2129385622095405,302.7107057348451,55.22797136865719,,1.0,0.0,0.0,0.0,1.0,0.8902439024390244,626.0,707.0,82.0,82.0,5.5,318.5,5.146024332490826,285.44840223160816,57.00519640446427,460.0,15.881938543816323,-1.7129385622095405,15.789294265154922,0.9688234556162689,0.9282252788543701,0.9588868618011475,0.0,0.0,0.0,1.0,0.0,1.0
SNPT-164,0,20.0,0.0902501023017286,0.9530596516349099,0.21428571428571427,0.0,1.0,0.8961038961038961,0.0,153.0,154.0,154.0,354.0,616.0,11.085462220511026,529.7987758281871,105.81791736012313,5.0,0.028517838343499795,0.9889914251509166,0.65625,1.0,1.0,0.71875,456.0,521.0,66.0,32.0,1912.0,487.0,1908.5667356266517,447.95496100588343,93.90395454275554,303.0,1901.3962804091627,1900.914537779489,-42.798775828187104,1.1268739200109301,0.669619083404541,0.9104064702987671,0.0,1.0,1.0,0.0,1.0,1.0
SNPT-164,1,,1.0,0.0,0.0,0.0,1.0,0.8606060606060606,231.0,395.0,165.0,165.0,13.5,283.5,9.280163636791194,290.01408288977893,54.799771657427414,,1.0,0.0,0.0,0.0,1.0,0.8902439024390244,626.0,707.0,82.0,82.0,5.5,318.5,5.146024332490826,285.44840223160816,57.00519640446427,231.0,28.735641818677095,-3.780163636791194,28.485917110221067,0.9613118647747674,0.9187310934066772,0.9825654029846191,0.0,0.0,0.0,1.0,0.0,1.0
SNPT-164,1,,1.0,0.0,0.0,1.0,1.0,0.89,155.0,254.0,100.0,100.0,1904.5,439.5,1907.7700281668108,506.6968238496596,92.009498460719,,1.0,0.0,0.0,1.0,1.0,0.8076923076923077,611.0,636.0,26.0,26.0,1911.0,367.0,1914.2496371029224,365.747950843554,71.80640750622761,357.0,139.73415943041996,3.229971833189211,-139.6968238496596,1.2813549884491744,0.8884412050247192,0.9644383192062378,0.0,0.0,0.0,1.0,0.0,1.0
SNPT-164,0,,1.0,0.0,0.0,0.0,1.0,0.8095238095238095,135.0,155.0,21.0,21.0,1909.0,370.0,1287.919014267628,324.89611237816086,78.10041025946241,,1.0,0.0,0.0,1.0,1.0,0.8509316770186336,360.0,520.0,161.0,161.0,1906.0,358.5,1903.5446997625645,444.0750614820879,75.8106958423336,205.0,618.9938014125844,618.080985732372,33.603887621839135,1.0302030523752324,0.6807963848114014,0.9262557029724121,0.0,0.0,0.0,0.0,1.0,1.0
SNPT-164,1,29.0,0.006570385303558186,0.9989407177154834,0.19548872180451127,1.0,1.0,0.8345864661654135,141.0,273.0,133.0,133.0,1906.5,667.0,1902.929319423142,716.2009390596502,134.89341737855787,29.0,0.13660247200089637,0.8692523386743334,0.12931034482758622,1.0,1.0,0.9080459770114943,348.0,695.0,348.0,348.0,1897.5,645.5,1911.742922088591,541.0091672730508,111.22444489093601,75.0,70.90909880484222,-5.429319423142033,-70.70093905965018,1.212803691767858,0.9644174575805664,0.9915876984596252,1.0,0.0,1.0,1.0,0.0,1.0
SNPT-164,0,23.0,0.00942784209583001,0.9915505547753789,0.44783715012722647,0.0,1.0,0.8982188295165394,0.0,392.0,393.0,393.0,632.0,673.0,6.262467987809089,538.6919002276296,119.34609278565497,,1.0,0.0,0.0,0.0,1.0,0.8902439024390244,626.0,707.0,82.0,82.0,5.5,318.5,5.146024332490826,285.44840223160816,57.00519640446427,234.0,220.1932203390623,-0.7624679878090888,-220.19190022762962,2.093600238456657,0.6149623394012451,0.8885622024536133,0.0,0.0,0.0,1.0,0.0,1.0
SNPT-164,1,10.0,0.056856718564807625,0.9777114045235419,0.12704918032786885,0.0,1.0,0.8278688524590164,0.0,274.0,275.0,244.0,1366.5,725.0,1910.4421716262498,712.0795646845838,136.48136911697915,10.0,0.000915655155935724,0.9999016486681425,0.3857566765578635,0.0,0.9967213114754099,0.9050445103857567,337.0,673.0,337.0,337.0,1898.5,767.5,1909.4781051682603,630.079074961578,126.55927847442459,63.0,56.69250491644405,-11.942171626249774,55.42043531541617,1.0783987611351595,0.9466102719306946,0.9905517101287842,1.0,0.0,1.0,1.0,0.0,1.0
SNPT-164,0,,1.0,0.0,0.0,0.0,1.0,0.8875,157.0,254.0,98.0,80.0,1914.0,381.5,1914.5551774842397,415.05731118178676,70.0501872235337,,1.0,0.0,0.0,0.0,1.0,0.8902439024390244,626.0,707.0,82.0,82.0,5.5,318.5,5.146024332490826,285.44840223160816,57.00519640446427,372.0,1911.4954839135871,-1909.0551774842397,-96.55731118178676,1.2288386259826627,0.533323347568512,0.9157357215881348,0.0,0.0,0.0,1.0,0.0,1.0
SNPT-164,0,22.0,0.0039981607649679065,0.9995689312616984,0.13274336283185842,1.0,1.0,0.8938053097345132,152.0,264.0,113.0,113.0,1885.5,742.5,1907.2347657651162,760.9419676941064,146.55203233290456,,1.0,0.0,0.0,1.0,1.0,0.8076923076923077,611.0,636.0,26.0,26.0,1911.0,367.0,1914.2496371029224,365.747950843554,71.80640750622761,347.0,393.9599610360778,3.765234234883792,-393.94196769410644,2.04093252151898,0.6188217401504517,0.9374825358390808,0.0,0.0,0.0,1.0,0.0,1.0
SNPT-164,0,,1.0,0.0,0.0,1.0,1.0,0.8888888888888888,155.0,253.0,99.0,99.0,1903.5,351.0,1911.0031334862713,401.0824838383003,66.17810305393692,5.0,0.028517838343499795,0.9889914251509166,0.65625,1.0,1.0,0.71875,456.0,521.0,66.0,32.0,1912.0,487.0,1908.5667356266517,447.95496100588343,93.90395454275554,203.0,85.92329908844357,0.9968665137287189,85.91751616169972,0.7047424506899257,0.7905385494232178,0.9554740190505981,0.0,0.0,0.0,1.0,0.0,1.0
SNPT-164,0,20.0,0.0902501023017286,0.9530596516349099,0.21428571428571427,0.0,1.0,0.8961038961038961,0.0,153.0,154.0,154.0,354.0,616.0,11.085462220511026,529.7987758281871,105.81791736012313,,1.0,0.0,0.0,0.0,1.0,0.8902439024390244,626.0,707.0,82.0,82.0,5.5,318.5,5.146024332490826,285.44840223160816,57.00519640446427,473.0,211.37258586369998,-5.585462220511026,-211.2987758281871,1.856285462281754,0.5612682700157166,0.8974959850311279,0.0,0.0,0.0,1.0,0.0,1.0
SNPT-164,1,,1.0,0.0,0.0,0.0,1.0,0.9322033898305084,434.0,492.0,59.0,59.0,1911.0,464.5,1901.1504103521372,490.0272045381206,83.29599693848894,,1.0,0.0,0.0,0.0,0.85,0.9090909090909091,594.0,666.0,73.0,66.0,1910.0,347.5,1913.8999763572494,320.3149532152818,60.42421743996876,102.0,142.80167810774083,8.849589647862786,-142.5272045381206,1.3785200780008977,0.8905842900276184,0.9767615795135498,0.0,0.0,0.0,1.0,0.0,0.0
SNPT-164,1,,1.0,0.0,0.0,1.0,1.0,0.8888888888888888,155.0,253.0,99.0,99.0,1903.5,351.0,1911.0031334862713,401.0824838383003,66.17810305393692,,1.0,0.0,0.0,1.0,1.0,0.8509316770186336,360.0,520.0,161.0,161.0,1906.0,358.5,1903.5446997625645,444.0750614820879,75.8106958423336,107.0,42.87539241243809,-5.003133486271281,-42.58248383830028,0.8729388685677025,0.971072256565094,0.980640709400177,0.0,0.0,0.0,1.0,0.0,1.0
SNPT-164,1,5.0,0.028517838343499795,0.9889914251509166,0.65625,1.0,1.0,0.71875,456.0,521.0,66.0,32.0,1912.0,487.0,1908.5667356266517,447.95496100588343,93.90395454275554,,1.0,0.0,0.0,1.0,1.0,0.8076923076923077,611.0,636.0,26.0,26.0,1911.0,367.0,1914.2496371029224,365.747950843554,71.80640750622761,90.0,80.99152108075705,2.4332643733482655,-80.95496100588343,1.3077378162194155,0.8110600113868713,0.9443179368972778,0.0,0.0,0.0,1.0,0.0,1.0
SNPT-164,0,29.0,0.006570385303558186,0.9989407177154834,0.19548872180451127,1.0,1.0,0.8345864661654135,141.0,273.0,133.0,133.0,1906.5,667.0,1902.929319423142,716.2009390596502,134.89341737855787,,1.0,0.0,0.0,1.0,1.0,0.8076923076923077,611.0,636.0,26.0,26.0,1911.0,367.0,1914.2496371029224,365.747950843554,71.80640750622761,338.0,349.2941907978362,8.070680576857967,-349.2009390596502,1.8785707580045534,0.6734915375709534,0.9554901123046875,0.0,0.0,0.0,1.0,0.0,1.0
SNPT-164,0,,1.0,0.0,0.0,0.0,1.0,0.9322033898305084,434.0,492.0,59.0,59.0,1911.0,464.5,1901.1504103521372,490.0272045381206,83.29599693848894,23.0,0.004118691057212301,0.9889228111576467,0.6970954356846473,0.0,1.0,0.8464730290456431,509.0,749.0,241.0,241.0,9.0,810.5,1088.635963205561,869.1469051518892,166.10159850447408,17.0,1919.0977015323926,-1892.1504103521372,320.4727954618794,0.5014761910087535,0.6761146783828735,0.8784725069999695,0.0,0.0,0.0,1.0,0.0,1.0
SNPT-164,0,,1.0,0.0,0.0,0.0,1.0,0.8095238095238095,135.0,155.0,21.0,21.0,1909.0,370.0,1287.919014267628,324.89611237816086,78.10041025946241,10.0,0.002539714968123816,0.9996989382637872,0.16791044776119404,1.0,1.0,0.9626865671641791,482.0,749.0,268.0,268.0,15.5,922.0,1430.5841544732252,624.4499602228129,144.50232455682956,327.0,1405.5544103601667,-1272.419014267628,597.1038876218391,0.5404785736076325,0.7134450674057007,0.934847354888916,0.0,0.0,0.0,0.0,1.0,1.0
SNPT-164,1,,1.0,0.0,0.0,0.0,1.0,0.8875,157.0,254.0,98.0,80.0,1914.0,381.5,1914.5551774842397,415.05731118178676,70.0501872235337,,1.0,0.0,0.0,0.0,1.0,0.9322033898305084,434.0,492.0,59.0,59.0,1911.0,464.5,1901.1504103521372,490.0272045381206,83.29599693848894,180.0,49.57034158162634,-3.555177484239721,49.44268881821324,0.8409790361866154,0.9370902180671692,0.9907781481742859,0.0,0.0,0.0,1.0,0.0,1.0
SNPT-164,1,20.0,0.0902501023017286,0.9530596516349099,0.21428571428571427,0.0,1.0,0.8961038961038961,0.0,153.0,154.0,154.0,354.0,616.0,11.085462220511026,529.7987758281871,105.81791736012313,20.0,0.04656975092336562,0.9667752059066996,0.32136105860113423,0.0,1.0,0.831758034026465,221.0,749.0,529.0,529.0,8.5,576.5,455.2839072808125,551.5123779302747,101.38327379303713,68.0,46.77273729470632,-2.585462220511026,46.701224171812896,1.0437413727252371,0.8530791997909546,0.9909647703170776,1.0,0.0,1.0,1.0,0.0,1.0
SNPT-164,0,10.0,0.056856718564807625,0.9777114045235419,0.12704918032786885,0.0,1.0,0.8278688524590164,0.0,274.0,275.0,244.0,1366.5,725.0,1910.4421716262498,712.0795646845838,136.48136911697915,,1.0,0.0,0.0,1.0,0.9285714285714286,0.9090909090909091,589.0,665.0,77.0,77.0,1912.0,358.5,1912.985453996299,320.4960344948296,58.10660445255985,315.0,353.58299646869597,1.557828373750226,-353.57956468458383,2.348809922775767,0.7022342681884766,0.8886634111404419,0.0,0.0,0.0,0.0,1.0,1.0
SNPT-164,0,,1.0,0.0,0.0,1.0,1.0,0.89,155.0,254.0,100.0,100.0,1904.5,439.5,1907.7700281668108,506.6968238496596,92.009498460719,10.0,0.002539714968123816,0.9996989382637872,0.16791044776119404,1.0,1.0,0.9626865671641791,482.0,749.0,268.0,268.0,15.5,922.0,1430.5841544732252,624.4499602228129,144.50232455682956,228.0,1937.3080776218799,-1892.2700281668108,415.3031761503404,0.6367336909139735,0.7882058620452881,0.9817070960998535,0.0,0.0,0.0,1.0,0.0,1.0
SNPT-164,0,,1.0,0.0,0.0,0.0,1.0,0.8095238095238095,135.0,155.0,21.0,21.0,1909.0,370.0,1287.919014267628,324.89611237816086,78.10041025946241,23.0,0.004118691057212301,0.9889228111576467,0.6970954356846473,0.0,1.0,0.8464730290456431,509.0,749.0,241.0,241.0,9.0,810.5,1088.635963205561,869.1469051518892,166.10159850447408,354.0,1368.0076683735092,-1278.919014267628,485.60388762183914,0.47019662039771826,0.7119756937026978,0.8422334790229797,0.0,0.0,0.0,1.0,0.0,1.0
SNPT-164,1,10.0,0.002523295325092609,0.9995643655118001,0.6544943820224719,1.0,1.0,0.8202247191011236,0.0,355.0,356.0,356.0,490.5,624.0,8.576970133031281,698.9669599786923,136.14165072181493,10.0,0.002539714968123816,0.9996989382637872,0.16791044776119404,1.0,1.0,0.9626865671641791,482.0,749.0,268.0,268.0,15.5,922.0,1430.5841544732252,624.4499602228129,144.50232455682956,127.0,223.1404608843613,6.923029866968719,223.03304002130767,0.9421415962638956,0.9232754111289978,0.9593935012817383,1.0,0.0,1.0,1.0,0.0,1.0
SNPT-164,0,28.0,0.0023394702831484784,0.9945356129675873,0.5222672064777328,1.0,1.0,0.9230769230769231,0.0,493.0,494.0,494.0,1484.0,817.0,1904.423908789395,781.6919847928355,144.03169129924183,,1.0,0.0,0.0,0.0,0.85,0.9090909090909091,594.0,666.0,73.0,66.0,1910.0,347.5,1913.8999763572494,320.3149532152818,60.42421743996876,101.0,434.22778866803407,5.576091210605,-434.19198479283546,2.3836749138263444,0.663830041885376,0.9141903519630432,0.0,0.0,0.0,0.0,1.0,0.0
SNPT-164,0,,1.0,0.0,0.0,0.0,1.0,0.7964071856287425,0.0,166.0,167.0,167.0,910.5,378.0,7.2129385622095405,302.7107057348451,55.22797136865719,10.0,0.002539714968123816,0.9996989382637872,0.16791044776119404,1.0,1.0,0.9626865671641791,482.0,749.0,268.0,268.0,15.5,922.0,1430.5841544732252,624.4499602228129,144.50232455682956,316.0,619.3447387188393,8.28706143779046,619.2892942651549,0.3821943455791069,0.6221636533737183,0.8949319124221802,0.0,0.0,0.0,0.0,1.0,1.0
SNPT-164,1,23.0,0.00942784209583001,0.9915505547753789,0.44783715012722647,0.0,1.0,0.8982188295165394,0.0,392.0,393.0,393.0,632.0,673.0,6.262467987809089,538.6919002276296,119.34609278565497,23.0,0.004118691057212301,0.9889228111576467,0.6970954356846473,0.0,1.0,0.8464730290456431,509.0,749.0,241.0,241.0,9.0,810.5,1088.635963205561,869.1469051518892,166.10159850447408,117.0,271.82188503390347,2.7375320121909112,271.8080997723704,0.7185126083084642,0.8848370313644409,0.949090838432312,1.0,0.0,1.0,1.0,0.0,1.0
SNPT-164,0,29.0,0.006570385303558186,0.9989407177154834,0.19548872180451127,1.0,1.0,0.8345864661654135,141.0,273.0,133.0,133.0,1906.5,667.0,1902.929319423142,716.2009390596502,134.89341737855787,,1.0,0.0,0.0,0.0,1.0,0.9322033898305084,434.0,492.0,59.0,59.0,1911.0,464.5,1901.1504103521372,490.0272045381206,83.29599693848894,161.0,251.83029724098608,8.070680576857967,-251.70093905965018,1.6194465801060254,0.6892023086547852,0.9279318451881409,0.0,0.0,0.0,0.0,1.0,1.0
SNPT-164,1,,1.0,0.0,0.0,0.0,1.0,0.7964071856287425,0.0,166.0,167.0,167.0,910.5,378.0,7.2129385622095405,302.7107057348451,55.22797136865719,,1.0,0.0,0.0,0.0,1.0,0.8606060606060606,231.0,395.0,165.0,165.0,13.5,283.5,9.280163636791194,290.01408288977893,54.799771657427414,65.0,20.21332125983658,6.2870614377904595,-19.210705734845078,1.007813895902826,0.9480618834495544,0.9732300639152527,0.0,0.0,0.0,1.0,0.0,1.0
SNPT-164,0,,1.0,0.0,0.0,0.0,1.0,0.7964071856287425,0.0,166.0,167.0,167.0,910.5,378.0,7.2129385622095405,302.7107057348451,55.22797136865719,,1.0,0.0,0.0,1.0,1.0,0.8509316770186336,360.0,520.0,161.0,161.0,1906.0,358.5,1903.5446997625645,444.0750614820879,75.8106958423336,194.0,1899.6064724142639,1898.7870614377905,55.78929426515492,0.7284984098222355,0.5930299162864685,0.9113553762435913,0.0,0.0,0.0,0.0,1.0,1.0
SNPT-164,0,10.0,0.002523295325092609,0.9995643655118001,0.6544943820224719,1.0,1.0,0.8202247191011236,0.0,355.0,356.0,356.0,490.5,624.0,8.576970133031281,698.9669599786923,136.14165072181493,,1.0,0.0,0.0,1.0,1.0,0.8076923076923077,611.0,636.0,26.0,26.0,1911.0,367.0,1914.2496371029224,365.747950843554,71.80640750622761,256.0,1931.169450640133,1902.4230298669688,-331.96695997869233,1.8959540722045962,0.7781242728233337,0.9259220361709595,0.0,0.0,0.0,1.0,0.0,1.0
SNPT-164,0,,1.0,0.0,0.0,0.0,1.0,0.8095238095238095,135.0,155.0,21.0,21.0,1909.0,370.0,1287.919014267628,324.89611237816086,78.10041025946241,29.0,0.13660247200089637,0.8692523386743334,0.12931034482758622,1.0,1.0,0.9080459770114943,348.0,695.0,348.0,348.0,1897.5,645.5,1911.742922088591,541.0091672730508,111.22444489093601,193.0,688.7494689106389,609.580985732372,320.60388762183914,0.7021874583060025,0.7481144666671753,0.9314212203025818,0.0,0.0,0.0,0.0,1.0,1.0
SNPT-164,0,,1.0,0.0,0.0,0.0,1.0,0.8875,157.0,254.0,98.0,80.0,1914.0,381.5,1914.5551774842397,415.05731118178676,70.0501872235337,,1.0,0.0,0.0,1.0,1.0,0.8076923076923077,611.0,636.0,26.0,26.0,1911.0,367.0,1914.2496371029224,365.747950843554,71.80640750622761,357.0,48.18863398113223,-3.555177484239721,-48.05731118178676,0.9755422901146864,0.6319167017936707,0.9390227794647217,0.0,0.0,0.0,0.0,1.0,1.0
SNPT-164,1,,1.0,0.0,0.0,1.0,1.0,0.8888888888888888,155.0,253.0,99.0,99.0,1903.5,351.0,1911.0031334862713,401.0824838383003,66.17810305393692,,1.0,0.0,0.0,1.0,0.9285714285714286,0.9090909090909091,589.0,665.0,77.0,77.0,1912.0,358.5,1912.985453996299,320.4960344948296,58.10660445255985,336.0,42.59415068627731,0.9968665137287189,-42.58248383830028,1.1389084541666328,0.8484249114990234,0.9844560623168945,0.0,0.0,0.0,1.0,0.0,1.0
SNPT-164,0,,1.0,0.0,0.0,0.0,1.0,0.7964071856287425,0.0,166.0,167.0,167.0,910.5,378.0,7.2129385622095405,302.7107057348451,55.22797136865719,,1.0,0.0,0.0,1.0,0.9285714285714286,0.9090909090909091,589.0,665.0,77.0,77.0,1912.0,358.5,1912.985453996299,320.4960344948296,58.10660445255985,423.0,1905.6038924119086,1904.7870614377905,55.78929426515492,0.9504594510207033,0.5227567553520203,0.9194316864013672,0.0,0.0,0.0,0.0,1.0,1.0
SNPT-164,0,23.0,0.00942784209583001,0.9915505547753789,0.44783715012722647,0.0,1.0,0.8982188295165394,0.0,392.0,393.0,393.0,632.0,673.0,6.262467987809089,538.6919002276296,119.34609278565497,10.0,0.002539714968123816,0.9996989382637872,0.16791044776119404,1.0,1.0,0.9626865671641791,482.0,749.0,268.0,268.0,15.5,922.0,1430.5841544732252,624.4499602228129,144.50232455682956,90.0,383.41939354808557,9.237532012190911,383.3080997723704,0.8259112311976601,0.6969589591026306,0.9165029525756836,0.0,1.0,1.0,0.0,1.0,1.0
SNPT-164,0,20.0,0.0902501023017286,0.9530596516349099,0.21428571428571427,0.0,1.0,0.8961038961038961,0.0,153.0,154.0,154.0,354.0,616.0,11.085462220511026,529.7987758281871,105.81791736012313,23.0,0.004118691057212301,0.9889228111576467,0.6970954356846473,0.0,1.0,0.8464730290456431,509.0,749.0,241.0,241.0,9.0,810.5,1088.635963205561,869.1469051518892,166.10159850447408,356.0,280.7089710077459,-2.085462220511026,280.7012241718129,0.6370674232690954,0.67064368724823,0.9085261821746826,0.0,1.0,1.0,1.0,0.0,1.0
SNPT-164,0,29.0,0.006570385303558186,0.9989407177154834,0.19548872180451127,1.0,1.0,0.8345864661654135,141.0,273.0,133.0,133.0,1906.5,667.0,1902.929319423142,716.2009390596502,134.89341737855787,10.0,0.002539714968123816,0.9996989382637872,0.16791044776119404,1.0,1.0,0.9626865671641791,482.0,749.0,268.0,268.0,15.5,922.0,1430.5841544732252,624.4499602228129,144.50232455682956,209.0,1898.6159931123605,-1887.429319423142,205.79906094034982,0.9335034421920824,0.7812280654907227,0.9921217560768127,0.0,1.0,1.0,1.0,0.0,1.0
SNPT-164,1,,1.0,0.0,0.0,1.0,1.0,0.89,155.0,254.0,100.0,100.0,1904.5,439.5,1907.7700281668108,506.6968238496596,92.009498460719,5.0,0.028517838343499795,0.9889914251509166,0.65625,1.0,1.0,0.71875,456.0,521.0,66.0,32.0,1912.0,487.0,1908.5667356266517,447.95496100588343,93.90395454275554,202.0,20.145906072303962,4.229971833189211,-19.69682384965961,0.9798255984930435,0.8466904163360596,0.9552408456802368,0.0,0.0,0.0,1.0,0.0,1.0
SNPT-164,0,,1.0,0.0,0.0,0.0,1.0,0.9322033898305084,434.0,492.0,59.0,59.0,1911.0,464.5,1901.1504103521372,490.0272045381206,83.29599693848894,,1.0,0.0,0.0,1.0,1.0,0.8076923076923077,611.0,636.0,26.0,26.0,1911.0,367.0,1914.2496371029224,365.747950843554,71.80640750622761,119.0,123.42085509627556,9.849589647862786,-123.0272045381206,1.1600078576729362,0.587364673614502,0.9286065101623535,0.0,0.0,0.0,0.0,1.0,1.0
SNPT-164,1,,1.0,0.0,0.0,1.0,1.0,0.8509316770186336,360.0,520.0,161.0,161.0,1906.0,358.5,1903.5446997625645,444.0750614820879,75.8106958423336,,1.0,0.0,0.0,1.0,0.9285714285714286,0.9090909090909091,589.0,665.0,77.0,77.0,1912.0,358.5,1912.985453996299,320.4960344948296,58.10660445255985,69.0,85.99176268555205,8.455300237435495,-85.5750614820879,1.3046829453651514,0.8799068927764893,0.9696710109710693,0.0,0.0,0.0,1.0,0.0,1.0
SNPT-164,0,20.0,0.0902501023017286,0.9530596516349099,0.21428571428571427,0.0,1.0,0.8961038961038961,0.0,153.0,154.0,154.0,354.0,616.0,11.085462220511026,529.7987758281871,105.81791736012313,,1.0,0.0,0.0,1.0,0.9285714285714286,0.9090909090909091,589.0,665.0,77.0,77.0,1912.0,358.5,1912.985453996299,320.4960344948296,58.10660445255985,436.0,1908.6171304223494,1900.914537779489,-171.2987758281871,1.8210996556599064,0.6809528470039368,0.9249685406684875,0.0,0.0,0.0,0.0,1.0,1.0
SNPT-164,0,,1.0,0.0,0.0,0.0,1.0,0.8875,157.0,254.0,98.0,80.0,1914.0,381.5,1914.5551774842397,415.05731118178676,70.0501872235337,5.0,0.028517838343499795,0.9889914251509166,0.65625,1.0,1.0,0.71875,456.0,521.0,66.0,32.0,1912.0,487.0,1908.5667356266517,447.95496100588343,93.90395454275554,202.0,71.98805044151585,-2.555177484239721,71.94268881821324,0.7459769672600853,0.6440266370773315,0.9183900952339172,0.0,0.0,0.0,0.0,1.0,1.0
SNPT-165,0,22.0,0.09046996544864973,0.9259131742375237,0.6542056074766355,1.0,1.0,0.9345794392523364,0.0,106.0,107.0,107.0,1607.5,823.5,1894.1694534104286,800.1255149271336,195.61559468366895,8.0,0.03214546842038702,0.9572765153867228,0.6923076923076923,0.0,1.0,0.8333333333333334,672.0,749.0,78.0,78.0,14.5,1037.0,1376.4274332615973,701.0500667170899,158.96931067503823,566.0,1894.5360317932184,-1879.6694534104286,236.87448507286638,1.2305242681937667,0.561142086982727,0.9172928333282471,0.0,1.0,1.0,0.0,1.0,1.0
SNPT-165,0,23.0,0.0021680656891476247,0.9997873902320862,0.002242152466367713,0.0,1.0,0.9013452914798207,0.0,519.0,520.0,446.0,576.0,467.0,6.47169106031691,515.2488908856689,103.38117559921714,10.0,0.002828540181023224,0.9627399359430585,0.7777777777777778,0.0,1.0,0.7777777777777778,741.0,749.0,9.0,9.0,16.5,894.5,119.26036668117065,909.9469211744909,184.46697504735454,222.0,379.38367221671524,10.02830893968309,379.25110911433114,0.5604318907093161,0.8630188703536987,0.9565103054046631,0.0,1.0,1.0,1.0,0.0,1.0
SNPT-165,1,23.0,0.0021680656891476247,0.9997873902320862,0.002242152466367713,0.0,1.0,0.9013452914798207,0.0,519.0,520.0,446.0,576.0,467.0,6.47169106031691,515.2488908856689,103.38117559921714,23.0,0.003669001394882798,0.9996550679206848,0.09090909090909091,0.0,1.0,0.8181818181818182,739.0,749.0,11.0,11.0,235.5,1071.0,401.70745257043814,1031.9531251758826,50.77977046043513,220.0,601.09338839949,229.0283089396831,555.7511091143311,2.03587323577538,0.7647520899772644,0.955858588218689,1.0,0.0,1.0,1.0,0.0,1.0
SNPT-165,0,,1.0,0.0,0.0,0.0,1.0,0.8079625292740047,0.0,426.0,427.0,427.0,1346.0,307.0,13.817156040599688,232.57042133207008,76.75593715846266,8.0,0.03214546842038702,0.9572765153867228,0.6923076923076923,0.0,1.0,0.8333333333333334,672.0,749.0,78.0,78.0,14.5,1037.0,1376.4274332615973,701.0500667170899,158.96931067503823,246.0,804.4298684855854,0.6828439594003122,804.42957866793,0.4828349373380976,0.692662239074707,0.8930925130844116,0.0,0.0,0.0,1.0,0.0,1.0
SNPT-165,0,8.0,0.05408235858912236,0.9728601246044554,0.23434343434343435,1.0,1.0,0.9616161616161616,0.0,494.0,495.0,495.0,1476.5,423.5,24.682119213824368,471.7835118983405,96.7422748094967,10.0,0.002828540181023224,0.9627399359430585,0.7777777777777778,0.0,1.0,0.7777777777777778,741.0,749.0,9.0,9.0,16.5,894.5,119.26036668117065,909.9469211744909,184.46697504735454,247.0,422.7956674184702,-8.182119213824368,422.7164881016595,0.5244422465574772,0.6520986557006836,0.9396330714225769,0.0,1.0,1.0,0.0,1.0,1.0
SNPT-165,0,,1.0,0.0,0.0,1.0,1.0,0.8985507246376812,0.0,482.0,483.0,483.0,1677.0,339.0,32.26727015348727,352.8983418329811,92.18830570665955,1.0,0.15980131274913079,0.9016129217878746,0.545816733067729,0.0,1.0,0.7808764940239044,499.0,749.0,251.0,251.0,1907.0,362.5,344.4468634284053,514.931133941372,101.75315725139488,17.0,1874.7573176806948,1874.7327298465127,9.601658167018911,0.9059994618043735,0.681442379951477,0.8871143460273743,0.0,0.0,0.0,0.0,1.0,1.0
SNPT-165,1,8.0,0.02725908577828443,0.9906671929032835,0.2802303262955854,0.0,1.0,0.8253358925143954,0.0,520.0,521.0,521.0,911.0,514.0,12.893261132675537,1009.7605336819383,130.4204228677893,8.0,0.03214546842038702,0.9572765153867228,0.6923076923076923,0.0,1.0,0.8333333333333334,672.0,749.0,78.0,78.0,14.5,1037.0,1376.4274332615973,701.0500667170899,158.96931067503823,152.0,27.286812475637138,1.606738867324463,27.23946631806166,0.8204125834979057,0.9372994899749756,0.9756307005882263,1.0,0.0,1.0,1.0,0.0,1.0
SNPT-165,1,22.0,0.09046996544864973,0.9259131742375237,0.6542056074766355,1.0,1.0,0.9345794392523364,0.0,106.0,107.0,107.0,1607.5,823.5,1894.1694534104286,800.1255149271336,195.61559468366895,22.0,0.017209385091293997,0.9890837556437442,0.2602739726027397,1.0,1.0,0.947945205479452,385.0,749.0,365.0,365.0,1903.5,699.5,536.173103962571,562.9055052704492,129.22112388183703,279.0,101.05717863670525,9.33054658957144,-100.62551492713362,1.5138050870269837,0.8379896879196167,0.959555983543396,1.0,0.0,1.0,1.0,0.0,1.0
SNPT-165,0,22.0,0.09046996544864973,0.9259131742375237,0.6542056074766355,1.0,1.0,0.9345794392523364,0.0,106.0,107.0,107.0,1607.5,823.5,1894.1694534104286,800.1255149271336,195.61559468366895,17.0,0.05932622955731945,0.9603872286236804,0.12534059945504086,0.0,1.0,0.8637602179836512,166.0,532.0,367.0,367.0,1910.0,356.5,12.835778944122094,445.53648865931723,78.49618333333592,60.0,443.90787749226644,15.83054658957144,-443.6255149271336,2.492039566471438,0.5204919576644897,0.903190016746521,0.0,1.0,1.0,0.0,1.0,1.0
SNPT-165,1,17.0,0.05932622955731945,0.9603872286236804,0.12534059945504086,0.0,1.0,0.8637602179836512,166.0,532.0,367.0,367.0,1910.0,356.5,12.835778944122094,445.53648865931723,78.49618333333592,,1.0,0.0,0.0,0.0,1.0,0.9464285714285714,694.0,749.0,56.0,56.0,22.0,559.0,722.7584786090238,573.7104482683048,101.12669940607285,162.0,113.83299764707176,9.164221055877906,113.46351134068277,0.7762162099065015,0.8068597316741943,0.9432365894317627,0.0,0.0,0.0,1.0,0.0,1.0
SNPT-165,0,29.0,0.02537545570653838,0.9804554550271285,0.3130148270181219,1.0,1.0,0.8451400329489291,0.0,606.0,607.0,607.0,1770.0,603.5,4.707829548033802,889.5151534321706,122.77852889434263,8.0,0.03214546842038702,0.9572765153867228,0.6923076923076923,0.0,1.0,0.8333333333333334,672.0,749.0,78.0,78.0,14.5,1037.0,1376.4274332615973,701.0500667170899,158.96931067503823,66.0,147.80956183311196,9.792170451966198,147.48484656782944,0.7723410787464755,0.7783958911895752,0.9423503875732422,0.0,1.0,1.0,0.0,1.0,1.0
SNPT-165,0,8.0,0.05408235858912236,0.9728601246044554,0.23434343434343435,1.0,1.0,0.9616161616161616,0.0,494.0,495.0,495.0,1476.5,423.5,24.682119213824368,471.7835118983405,96.7422748094967,,1.0,0.0,0.0,0.0,1.0,0.9464285714285714,694.0,749.0,56.0,56.0,22.0,559.0,722.7584786090238,573.7104482683048,101.12669940607285,200.0,87.25771920159313,-2.682119213824368,87.21648810165948,0.9566442430898437,0.7238162755966187,0.9002270698547363,0.0,0.0,0.0,0.0,1.0,1.0
SNPT-165,0,,1.0,0.0,0.0,0.0,0.9489795918367347,0.814968814968815,0.0,484.0,485.0,481.0,1518.0,370.0,9.403127925412171,357.2757826682342,85.78957327047891,23.0,0.003669001394882798,0.9996550679206848,0.09090909090909091,0.0,1.0,0.8181818181818182,739.0,749.0,11.0,11.0,235.5,1071.0,401.70745257043814,1031.9531251758826,50.77977046043513,255.0,748.6802080780245,226.09687207458782,713.7242173317658,1.689443896508385,0.7538009881973267,0.9608286619186401,0.0,0.0,0.0,1.0,0.0,1.0
SNPT-165,1,10.0,0.003474792945391008,0.9340153876692057,0.033126293995859216,0.0,1.0,0.8881987577639752,0.0,482.0,483.0,483.0,1269.0,461.0,22.628339103632456,503.87445589284073,107.77102286299252,10.0,0.002828540181023224,0.9627399359430585,0.7777777777777778,0.0,1.0,0.7777777777777778,741.0,749.0,9.0,9.0,16.5,894.5,119.26036668117065,909.9469211744909,184.46697504735454,259.0,390.67361345397177,-6.128339103632456,390.62554410715927,0.5842293604875702,0.8593740463256836,0.962302029132843,1.0,0.0,1.0,1.0,0.0,1.0
SNPT-165,0,,1.0,0.0,0.0,0.0,1.0,0.8079625292740047,0.0,426.0,427.0,427.0,1346.0,307.0,13.817156040599688,232.57042133207008,76.75593715846266,11.0,0.03719712512838669,0.9901519748004707,0.24915824915824916,1.0,1.0,0.8249158249158249,453.0,749.0,297.0,297.0,1894.0,341.0,287.8916993699355,463.5766974258788,84.77218564821808,27.0,1883.3067992893148,1880.1828439594003,108.42957866792992,0.9054377514457311,0.7016671895980835,0.9141640067100525,0.0,0.0,0.0,0.0,1.0,1.0
SNPT-166,0,4.0,0.0475139417331645,0.9703967814382753,0.3179916317991632,1.0,1.0,0.8158995815899581,362.0,600.0,239.0,239.0,870.0,877.5,5.981056127190474,592.7770034234227,117.48560491904843,,1.0,0.0,0.0,0.0,0.95,0.9090909090909091,728.0,749.0,22.0,22.0,11.0,293.0,486.80792225558673,316.103999625524,74.13656079743018,128.0,299.8190147057474,5.018943872809526,-299.7770034234227,1.5847188439191917,0.7655831575393677,0.9142694473266602,0.0,0.0,0.0,0.0,1.0,1.0
SNPT-166,0,8.0,0.002532015546031679,0.9975621126316212,0.3562005277044855,1.0,1.0,0.9551451187335093,0.0,378.0,379.0,379.0,405.5,708.0,10.531407598743593,668.7024567949463,120.51881863136535,,1.0,0.0,0.0,0.0,1.0,0.7647058823529411,682.0,749.0,68.0,68.0,6.0,307.5,814.4426543941045,247.88083620260943,61.631871486366315,304.0,361.2308797009622,-4.531407598743593,-361.20245679494633,1.9554625833165802,0.5532011985778809,0.90036940574646,0.0,0.0,0.0,0.0,1.0,1.0
SNPT-166,0,4.0,0.0475139417331645,0.9703967814382753,0.3179916317991632,1.0,1.0,0.8158995815899581,362.0,600.0,239.0,239.0,870.0,877.5,5.981056127190474,592.7770034234227,117.48560491904843,,1.0,0.0,0.0,1.0,1.0,0.9375,734.0,749.0,16.0,16.0,13.0,377.5,325.99281165278126,390.02311739512004,81.12738442999057,134.0,215.39139670854541,7.018943872809526,-215.27700342342268,1.4481621186793399,0.8931517004966736,0.9587785005569458,0.0,0.0,0.0,1.0,0.0,1.0
SNPT-166,0,,1.0,0.0,0.0,0.0,1.0,0.8541666666666666,0.0,95.0,96.0,96.0,1894.5,631.0,1910.5706964633082,686.4290272061589,114.72389287001363,,1.0,0.0,0.0,1.0,1.0,0.9375,734.0,749.0,16.0,16.0,13.0,377.5,325.99281165278126,390.02311739512004,81.12738442999057,639.0,1922.5534301877772,-1897.5706964633082,-308.92902720615893,1.4141204437450512,0.7629645466804504,0.9282887578010559,0.0,0.0,0.0,0.0,1.0,1.0
SNPT-166,0,,1.0,0.0,0.0,1.0,1.0,0.9396984924623115,0.0,596.0,597.0,597.0,587.5,203.0,8.98561930363967,367.6349998639444,55.82927630409088,,1.0,0.0,0.0,1.0,0.8695652173913043,0.7419354838709677,718.0,749.0,32.0,31.0,7.0,322.5,463.87309576929334,313.6048769800731,63.239124937119584,122.0,45.1786553223671,-1.9856193036396697,-45.134999863944415,0.8828280966822909,0.8975324034690857,0.9734917879104614,0.0,0.0,0.0,1.0,0.0,0.0
SNPT-166,0,,1.0,0.0,0.0,0.0,1.0,0.9320754716981132,0.0,264.0,265.0,265.0,396.0,301.0,5.788003888243779,467.4860217733277,71.03438041783852,,1.0,0.0,0.0,1.0,1.0,0.9464285714285714,694.0,749.0,56.0,56.0,6.5,315.0,704.477243313889,268.5745225682681,61.99759871947789,430.0,152.48768400995186,0.7119961117562212,-152.4860217733277,1.145760188862307,0.6393398642539978,0.9238051176071167,0.0,0.0,0.0,0.0,1.0,1.0
SNPT-166,0,,1.0,0.0,0.0,0.0,1.0,0.8541666666666666,0.0,95.0,96.0,96.0,1894.5,631.0,1910.5706964633082,686.4290272061589,114.72389287001363,4.0,0.0475139417331645,0.9703967814382753,0.3179916317991632,1.0,1.0,0.8158995815899581,362.0,600.0,239.0,239.0,870.0,877.5,5.981056127190474,592.7770034234227,117.48560491904843,267.0,1057.9676228422677,-1040.5706964633082,191.07097279384107,0.9764931878170291,0.7948169708251953,0.9309120178222656,0.0,0.0,0.0,0.0,1.0,1.0
SNPT-166,0,,1.0,0.0,0.0,0.0,1.0,0.9320754716981132,0.0,264.0,265.0,265.0,396.0,301.0,5.788003888243779,467.4860217733277,71.03438041783852,,1.0,0.0,0.0,1.0,1.0,0.9375,734.0,749.0,16.0,16.0,13.0,377.5,325.99281165278126,390.02311739512004,81.12738442999057,470.0,90.27456453789071,7.211996111756221,-89.9860217733277,0.8755906641996837,0.7480547428131104,0.9218825101852417,0.0,0.0,0.0,0.0,1.0,1.0
SNPT-166,1,4.0,0.0475139417331645,0.9703967814382753,0.3179916317991632,1.0,1.0,0.8158995815899581,362.0,600.0,239.0,239.0,870.0,877.5,5.981056127190474,592.7770034234227,117.48560491904843,,1.0,0.0,0.0,1.0,1.0,0.8571428571428571,701.0,749.0,49.0,49.0,6.5,443.5,546.166223360281,451.90312799115486,89.2990671306361,101.0,149.27790544424073,0.5189438728095261,-149.27700342342268,1.3156420183782893,0.9477107524871826,0.9713496565818787,0.0,0.0,0.0,1.0,0.0,1.0
SNPT-166,0,,1.0,0.0,0.0,1.0,1.0,0.7096774193548387,549.0,579.0,31.0,31.0,6.0,381.0,9.75390259947365,403.7462113476546,72.49334669389982,,1.0,0.0,0.0,1.0,1.0,0.9464285714285714,694.0,749.0,56.0,56.0,6.5,315.0,704.477243313889,268.5745225682681,61.99759871947789,115.0,88.80584389942724,-3.2539025994736495,-88.7462113476546,1.1692928144187054,0.8529694080352783,0.9819844961166382,0.0,0.0,0.0,1.0,0.0,1.0
SNPT-166,1,,1.0,0.0,0.0,0.0,1.0,0.8695652173913043,375.0,581.0,207.0,207.0,6.5,371.0,10.71668555592923,376.42977706045036,68.17867069962975,,1.0,0.0,0.0,0.0,0.95,0.9090909090909091,728.0,749.0,22.0,22.0,11.0,293.0,486.80792225558673,316.103999625524,74.13656079743018,147.0,83.43025810478275,0.2833144440707702,-83.42977706045036,0.9196362761677104,0.9324221014976501,0.9650132656097412,0.0,0.0,0.0,1.0,0.0,1.0
SNPT-166,0,,1.0,0.0,0.0,0.0,1.0,0.9320754716981132,0.0,264.0,265.0,265.0,396.0,301.0,5.788003888243779,467.4860217733277,71.03438041783852,,1.0,0.0,0.0,1.0,1.0,0.7096774193548387,549.0,579.0,31.0,31.0,6.0,381.0,9.75390259947365,403.7462113476546,72.49334669389982,285.0,86.48628159730255,0.21199611175622124,-86.4860217733277,0.9798744803130455,0.711661696434021,0.9389488697052002,0.0,0.0,0.0,0.0,1.0,1.0
SNPT-166,1,,1.0,0.0,0.0,0.0,1.0,0.8541666666666666,0.0,95.0,96.0,96.0,1894.5,631.0,1910.5706964633082,686.4290272061589,114.72389287001363,22.0,0.06795064065534881,0.9585481802622478,0.08670520231213873,0.0,1.0,0.9595375722543352,577.0,749.0,173.0,173.0,1908.5,627.5,1511.1520602922776,533.9162547648194,116.15910941539248,482.0,58.965396897734664,-2.0706964633081952,-58.929027206158935,0.9876443909341073,0.9157242774963379,0.9885788559913635,0.0,0.0,0.0,1.0,0.0,1.0
SNPT-166,1,,1.0,0.0,0.0,1.0,1.0,0.9396984924623115,0.0,596.0,597.0,597.0,587.5,203.0,8.98561930363967,367.6349998639444,55.82927630409088,,1.0,0.0,0.0,1.0,1.0,0.9464285714285714,694.0,749.0,56.0,56.0,6.5,315.0,704.477243313889,268.5745225682681,61.99759871947789,98.0,52.69365724639024,-2.4856193036396697,-52.634999863944415,0.900507075390178,0.9475612640380859,0.9832741022109985,0.0,0.0,0.0,1.0,0.0,1.0
SNPT-166,0,,1.0,0.0,0.0,1.0,1.0,0.9234567901234568,0.0,404.0,405.0,405.0,1358.5,261.0,1053.0117036603956,888.6884054627886,106.63556468422371,,1.0,0.0,0.0,1.0,1.0,0.7096774193548387,549.0,579.0,31.0,31.0,6.0,381.0,9.75390259947365,403.7462113476546,72.49334669389982,145.0,1163.6069029716148,-1047.0117036603956,-507.68840546278864,1.4709703655217905,0.881726861000061,0.9401460886001587,0.0,0.0,0.0,1.0,0.0,1.0
SNPT-166,0,,1.0,0.0,0.0,1.0,1.0,0.9342105263157895,0.0,227.0,228.0,228.0,71.0,322.5,4.821384242038231,420.809234428306,69.4749460467292,22.0,0.06795064065534881,0.9585481802622478,0.08670520231213873,0.0,1.0,0.9595375722543352,577.0,749.0,173.0,173.0,1908.5,627.5,1511.1520602922776,533.9162547648194,116.15910941539248,350.0,1914.866403869148,1903.6786157579618,206.690765571694,0.5981015728889786,0.6973711848258972,0.9268845319747925,0.0,0.0,0.0,0.0,1.0,1.0
SNPT-166,0,,1.0,0.0,0.0,1.0,1.0,0.9396984924623115,0.0,596.0,597.0,597.0,587.5,203.0,8.98561930363967,367.6349998639444,55.82927630409088,,1.0,0.0,0.0,0.0,0.95,0.9090909090909091,728.0,749.0,22.0,22.0,11.0,293.0,486.80792225558673,316.103999625524,74.13656079743018,132.0,74.66217874051662,2.0143806963603303,-74.63499986394442,0.7530599707293963,0.7618520259857178,0.9337202310562134,0.0,0.0,0.0,0.0,1.0,1.0
SNPT-166,1,,1.0,0.0,0.0,1.0,1.0,0.9342105263157895,0.0,227.0,228.0,228.0,71.0,322.5,4.821384242038231,420.809234428306,69.4749460467292,,1.0,0.0,0.0,1.0,1.0,0.7096774193548387,549.0,579.0,31.0,31.0,6.0,381.0,9.75390259947365,403.7462113476546,72.49334669389982,322.0,39.82667800448263,1.1786157579617687,-39.80923442830601,0.9583630666147103,0.9496184587478638,0.9789878129959106,0.0,0.0,0.0,1.0,0.0,1.0
SNPT-166,1,,1.0,0.0,0.0,1.0,1.0,0.7096774193548387,549.0,579.0,31.0,31.0,6.0,381.0,9.75390259947365,403.7462113476546,72.49334669389982,,1.0,0.0,0.0,1.0,0.8695652173913043,0.7419354838709677,718.0,749.0,32.0,31.0,7.0,322.5,463.87309576929334,313.6048769800731,63.239124937119584,139.0,81.29287076906034,-2.7539025994736495,-81.2462113476546,1.1463369672806505,0.9357312321662903,0.9866320490837097,0.0,0.0,0.0,1.0,0.0,0.0
SNPT-166,1,,1.0,0.0,0.0,0.0,0.9982578397212544,0.9348534201954397,0.0,613.0,614.0,614.0,821.0,238.0,8.19017779473046,361.2849586895695,57.069933432648234,,1.0,0.0,0.0,0.0,1.0,0.7647058823529411,682.0,749.0,68.0,68.0,6.0,307.5,814.4426543941045,247.88083620260943,61.631871486366315,69.0,53.829533343799575,-2.1901777947304595,-53.78495868956952,0.9259808611405345,0.8801544308662415,0.9776571393013,0.0,0.0,0.0,1.0,0.0,1.0
SNPT-166,0,,1.0,0.0,0.0,0.0,1.0,0.8571428571428571,489.0,630.0,142.0,91.0,6.0,485.0,4.973995955210384,434.0617320563035,81.19147679108609,,1.0,0.0,0.0,1.0,0.8695652173913043,0.7419354838709677,718.0,749.0,32.0,31.0,7.0,322.5,463.87309576929334,313.6048769800731,63.239124937119584,88.0,111.58012704685349,2.026004044789616,-111.56173205630353,1.2838804596334472,0.7582910060882568,0.9356552362442017,0.0,0.0,0.0,0.0,1.0,0.0
SNPT-166,1,,1.0,0.0,0.0,0.0,1.0,0.9320754716981132,0.0,264.0,265.0,265.0,396.0,301.0,5.788003888243779,467.4860217733277,71.03438041783852,,1.0,0.0,0.0,0.0,1.0,0.8571428571428571,489.0,630.0,142.0,91.0,6.0,485.0,4.973995955210384,434.0617320563035,81.19147679108609,225.0,17.515261222024378,0.21199611175622124,17.513978226672293,0.874899474985745,0.942838191986084,0.9774413108825684,0.0,0.0,0.0,1.0,0.0,1.0
SNPT-166,0,,1.0,0.0,0.0,1.0,1.0,0.9342105263157895,0.0,227.0,228.0,228.0,71.0,322.5,4.821384242038231,420.809234428306,69.4749460467292,,1.0,0.0,0.0,0.0,1.0,0.7647058823529411,682.0,749.0,68.0,68.0,6.0,307.5,814.4426543941045,247.88083620260943,61.631871486366315,455.0,113.31536410316883,1.1786157579617687,-113.30923442830601,1.127256797030703,0.6532909274101257,0.931381344795227,0.0,0.0,0.0,0.0,1.0,1.0
SNPT-166,1,,1.0,0.0,0.0,0.0,1.0,0.9320754716981132,0.0,264.0,265.0,265.0,396.0,301.0,5.788003888243779,467.4860217733277,71.03438041783852,,1.0,0.0,0.0,0.0,1.0,0.8636363636363636,728.0,749.0,22.0,22.0,6.5,466.0,388.02391318635443,486.66559715784683,96.55887434409419,464.0,1.647786143272239,0.7119961117562212,-1.4860217733277068,0.735658746027865,0.9119827747344971,0.9639434814453125,0.0,0.0,0.0,1.0,0.0,1.0
SNPT-166,0,,1.0,0.0,0.0,1.0,1.0,0.9591836734693877,587.0,684.0,98.0,98.0,1913.5,366.5,1907.6241078469225,316.22830271311364,64.23385650338025,,1.0,0.0,0.0,1.0,1.0,0.9464285714285714,694.0,749.0,56.0,56.0,6.5,315.0,704.477243313889,268.5745225682681,61.99759871947789,10.0,1901.124504645688,-1901.1241078469225,-1.228302713113635,1.0360700709396957,0.5448647737503052,0.9569880366325378,0.0,0.0,0.0,1.0,0.0,1.0
SNPT-166,0,,1.0,0.0,0.0,1.0,1.0,0.9234567901234568,0.0,404.0,405.0,405.0,1358.5,261.0,1053.0117036603956,888.6884054627886,106.63556468422371,,1.0,0.0,0.0,0.0,1.0,0.8571428571428571,489.0,630.0,142.0,91.0,6.0,485.0,4.973995955210384,434.0617320563035,81.19147679108609,85.0,1122.1398470364259,-1047.0117036603956,-403.68840546278864,1.3133837306421687,0.6632178425788879,0.9197639226913452,0.0,0.0,0.0,0.0,1.0,1.0
SNPT-166,0,,1.0,0.0,0.0,0.0,1.0,0.8541666666666666,0.0,95.0,96.0,96.0,1894.5,631.0,1910.5706964633082,686.4290272061589,114.72389287001363,,1.0,0.0,0.0,1.0,1.0,0.7096774193548387,549.0,579.0,31.0,31.0,6.0,381.0,9.75390259947365,403.7462113476546,72.49334669389982,454.0,1928.905500144274,-1904.5706964633082,-305.42902720615893,1.5825437519725851,0.7196134328842163,0.9377249479293823,0.0,0.0,0.0,0.0,1.0,1.0
SNPT-166,1,,1.0,0.0,0.0,0.0,1.0,0.8571428571428571,489.0,630.0,142.0,91.0,6.0,485.0,4.973995955210384,434.0617320563035,81.19147679108609,,1.0,0.0,0.0,0.0,1.0,0.8636363636363636,728.0,749.0,22.0,22.0,6.5,466.0,388.02391318635443,486.66559715784683,96.55887434409419,98.0,31.974703244722445,1.526004044789616,31.938267943696474,0.8408494542071263,0.9364622831344604,0.9846014976501465,0.0,0.0,0.0,1.0,0.0,1.0
SNPT-166,0,,1.0,0.0,0.0,0.0,0.9982578397212544,0.9348534201954397,0.0,613.0,614.0,614.0,821.0,238.0,8.19017779473046,361.2849586895695,57.069933432648234,,1.0,0.0,0.0,1.0,1.0,0.9375,734.0,749.0,16.0,16.0,13.0,377.5,325.99281165278126,390.02311739512004,81.12738442999057,121.0,16.913366144717347,4.8098222052695405,16.21504131043048,0.703460783724602,0.7165918946266174,0.9349347352981567,0.0,0.0,0.0,0.0,1.0,1.0
SNPT-166,0,,1.0,0.0,0.0,1.0,1.0,0.7096774193548387,549.0,579.0,31.0,31.0,6.0,381.0,9.75390259947365,403.7462113476546,72.49334669389982,,1.0,0.0,0.0,1.0,1.0,0.9591836734693877,587.0,684.0,98.0,98.0,1913.5,366.5,1907.6241078469225,316.22830271311364,64.23385650338025,8.0,1904.1104179189526,1903.7460974005264,-37.246211347654594,1.1285846847773326,0.48746684193611145,0.9428194761276245,0.0,0.0,0.0,1.0,0.0,1.0
SNPT-166,0,,1.0,0.0,0.0,1.0,1.0,0.7096774193548387,549.0,579.0,31.0,31.0,6.0,381.0,9.75390259947365,403.7462113476546,72.49334669389982,,1.0,0.0,0.0,0.0,1.0,0.8636363636363636,728.0,749.0,22.0,22.0,6.5,466.0,388.02391318635443,486.66559715784683,96.55887434409419,149.0,62.338768705338985,-3.2539025994736495,62.253788652345406,0.7507683492204434,0.7059791088104248,0.943162202835083,0.0,0.0,0.0,0.0,1.0,1.0
SNPT-166,1,,1.0,0.0,0.0,1.0,1.0,0.9342105263157895,0.0,227.0,228.0,228.0,71.0,322.5,4.821384242038231,420.809234428306,69.4749460467292,,1.0,0.0,0.0,1.0,0.8695652173913043,0.7419354838709677,718.0,749.0,32.0,31.0,7.0,322.5,463.87309576929334,313.6048769800731,63.239124937119584,491.0,98.33337144886504,2.1786157579617687,-98.30923442830601,1.098607011336891,0.93154376745224,0.9695146083831787,0.0,0.0,0.0,1.0,0.0,0.0
SNPT-166,0,,1.0,0.0,0.0,0.0,1.0,0.8541666666666666,0.0,95.0,96.0,96.0,1894.5,631.0,1910.5706964633082,686.4290272061589,114.72389287001363,,1.0,0.0,0.0,0.0,1.0,0.8636363636363636,728.0,749.0,22.0,22.0,6.5,466.0,388.02391318635443,486.66559715784683,96.55887434409419,633.0,1916.787461656957,-1904.0706964633082,-220.42902720615893,1.1881237602375847,0.7996070384979248,0.974861204624176,0.0,0.0,0.0,1.0,0.0,1.0
SNPT-166,1,8.0,0.002532015546031679,0.9975621126316212,0.3562005277044855,1.0,1.0,0.9551451187335093,0.0,378.0,379.0,379.0,405.5,708.0,10.531407598743593,668.7024567949463,120.51881863136535,8.0,0.0013010001458622546,0.9998564502088035,0.48046875,1.0,1.0,0.89453125,494.0,749.0,256.0,256.0,10.0,689.5,717.8876626449174,579.3050698538918,131.84582217287965,116.0,20.804331217370976,-0.5314075987435931,20.79754320505367,0.9140890218981528,0.9623149633407593,0.9862287640571594,1.0,0.0,1.0,1.0,0.0,1.0
SNPT-166,0,8.0,0.002532015546031679,0.9975621126316212,0.3562005277044855,1.0,1.0,0.9551451187335093,0.0,378.0,379.0,379.0,405.5,708.0,10.531407598743593,668.7024567949463,120.51881863136535,,1.0,0.0,0.0,1.0,1.0,0.9591836734693877,587.0,684.0,98.0,98.0,1913.5,366.5,1907.6241078469225,316.22830271311364,64.23385650338025,209.0,1926.8149336556744,1902.9685924012565,-302.20245679494633,1.8762507062770417,0.46132123470306396,0.8992288112640381,0.0,0.0,0.0,1.0,0.0,1.0
SNPT-166,0,,1.0,0.0,0.0,0.0,1.0,0.8695652173913043,375.0,581.0,207.0,207.0,6.5,371.0,10.71668555592923,376.42977706045036,68.17867069962975,,1.0,0.0,0.0,1.0,1.0,0.9464285714285714,694.0,749.0,56.0,56.0,6.5,315.0,704.477243313889,268.5745225682681,61.99759871947789,113.0,61.57432863437664,-4.21668555592923,-61.42977706045036,1.0996985707159321,0.6749927401542664,0.9141079783439636,0.0,0.0,0.0,0.0,1.0,1.0
SNPT-167,0,11.0,0.042398117181619455,0.9865410002795133,0.13959390862944163,1.0,1.0,0.9238578680203046,0.0,464.0,465.0,394.0,1525.5,608.0,1908.213217655068,496.22705505420026,102.70884399749622,25.0,0.0070956790004856884,0.9991688132286072,0.017543859649122806,0.0,1.0,0.8421052631578947,693.0,749.0,57.0,57.0,1902.5,602.0,1326.3317797242848,594.0272152192887,127.45680963729347,229.0,105.92712937902813,-5.713217655068092,105.77294494579974,0.8058325348781045,0.6320494413375854,0.9396005868911743,0.0,1.0,1.0,0.0,1.0,1.0
SNPT-167,0,10.0,0.8308012029156089,0.7129318118095398,0.005263157894736842,1.0,1.0,0.8421052631578947,0.0,379.0,380.0,380.0,1437.0,555.0,1894.2053089867356,481.67271092183466,89.2280325577107,10.0,0.013605450890036782,0.9972683702196393,0.4375,0.0,1.0,0.78125,543.0,647.0,105.0,32.0,1912.0,661.0,1910.4830456778968,618.2253973527008,124.93390531922327,164.0,180.20801213148496,17.794691013264355,179.32728907816534,0.714201900034429,0.6932938098907471,0.9068225026130676,1.0,0.0,0.0,0.0,1.0,1.0
SNPT-167,1,55.0,0.03149462621928939,0.9907263154919083,0.7254901960784313,0.0,1.0,0.9313725490196079,648.0,749.0,102.0,102.0,1904.1813011551485,576.2398918002095,1135.6604779237455,520.7332090556733,109.66356616005397,55.0,0.058069004508070066,0.983177852828473,0.4184027777777778,0.0,0.9980119284294234,0.8732638888888888,0.0,638.0,639.0,576.0,939.5,658.5,1905.982663668034,553.0319000249942,103.18221418772826,10.0,23.27779605420777,-1.8013625128855892,23.207991775215305,1.0628146238510994,0.9223103523254395,0.991248369216919,1.0,0.0,1.0,1.0,0.0,1.0
SNPT-167,0,14.0,0.0066481696680524595,0.9890257160189331,0.6739130434782609,0.0,1.0,0.8188405797101449,0.0,312.0,313.0,276.0,1320.5,589.0,1910.7399434618674,651.4559822266467,108.4564872350772,23.0,0.020327159842341805,0.9781839789615737,0.5294117647058824,0.0,1.0,0.9669117647058824,478.0,749.0,272.0,272.0,32.5,600.0,181.6624047157859,557.7676619598235,108.79396248985233,166.0,1878.944651479268,-1878.2399434618674,-51.45598222664671,0.9968980332451205,0.8556206226348877,0.9884197115898132,0.0,1.0,1.0,1.0,0.0,1.0
SNPT-167,0,26.0,0.1388887744929679,0.9014371592704564,0.3686868686868687,0.0,1.0,0.8484848484848485,0.0,201.0,202.0,198.0,67.0,657.0,6.277919613239796,614.722323178878,113.52935934966361,25.0,0.0070956790004856884,0.9991688132286072,0.017543859649122806,0.0,1.0,0.8421052631578947,693.0,749.0,57.0,57.0,1902.5,602.0,1326.3317797242848,594.0272152192887,127.45680963729347,492.0,1896.2647588491857,1896.2220803867601,-12.722323178878014,0.890728080145239,0.7529151439666748,0.9809465408325195,0.0,1.0,1.0,1.0,0.0,1.0
SNPT-167,1,9.0,0.03900147093993201,0.9630613394321934,0.5414847161572053,1.0,1.0,0.9650655021834061,521.0,749.0,229.0,229.0,1906.1050262466624,847.7354049903224,730.1811146305886,673.9959421725887,170.60203488641463,9.0,0.09486862199601227,0.9638023776550816,0.1721698113207547,1.0,0.9973404255319149,0.8867924528301887,0.0,457.0,458.0,424.0,1117.5,578.0,1909.9572812812216,640.1301852702925,106.1231758532655,64.0,207.64095724074573,-3.852255034559221,207.60521972002994,1.6075850869964807,0.8510773181915283,0.9729936122894287,1.0,0.0,1.0,1.0,0.0,1.0
SNPT-167,1,10.0,0.026033801136513154,0.974517176232015,0.5691609977324263,0.0,1.0,0.7981859410430839,0.0,477.0,478.0,441.0,1069.0,621.5,1897.9755667258348,648.8721399102734,114.7006978727563,10.0,0.013605450890036782,0.9972683702196393,0.4375,0.0,1.0,0.78125,543.0,647.0,105.0,32.0,1912.0,661.0,1910.4830456778968,618.2253973527008,124.93390531922327,66.0,18.54102799246834,14.024433274165176,12.127860089726596,0.9180910304507033,0.8519995212554932,0.977484941482544,1.0,0.0,1.0,1.0,0.0,1.0
SNPT-167,0,10.0,0.026033801136513154,0.974517176232015,0.5691609977324263,0.0,1.0,0.7981859410430839,0.0,477.0,478.0,441.0,1069.0,621.5,1897.9755667258348,648.8721399102734,114.7006978727563,25.0,0.0070956790004856884,0.9991688132286072,0.017543859649122806,0.0,1.0,0.8421052631578947,693.0,749.0,57.0,57.0,1902.5,602.0,1326.3317797242848,594.0272152192887,127.45680963729347,216.0,47.08999889807408,4.524433274165176,-46.872139910273404,0.899918162075157,0.8098777532577515,0.9297279119491577,0.0,1.0,1.0,1.0,0.0,1.0
SNPT-167,0,26.0,0.1388887744929679,0.9014371592704564,0.3686868686868687,0.0,1.0,0.8484848484848485,0.0,201.0,202.0,198.0,67.0,657.0,6.277919613239796,614.722323178878,113.52935934966361,55.0,0.03149462621928939,0.9907263154919083,0.7254901960784313,0.0,1.0,0.9313725490196079,648.0,749.0,102.0,102.0,1904.1813011551485,576.2398918002095,1135.6604779237455,520.7332090556733,109.66356616005397,447.0,1898.293481839156,1897.9033815419086,-38.48243137866848,1.03525139045695,0.7818372249603271,0.9756430387496948,0.0,1.0,1.0,1.0,0.0,1.0
SNPT-167,0,55.0,0.03149462621928939,0.9907263154919083,0.7254901960784313,0.0,1.0,0.9313725490196079,648.0,749.0,102.0,102.0,1904.1813011551485,576.2398918002095,1135.6604779237455,520.7332090556733,109.66356616005397,8.0,0.09249686068862037,0.9597393414553474,0.12200956937799043,1.0,1.0,0.8851674641148325,0.0,417.0,418.0,418.0,1247.5,554.0,1900.1638996771217,555.3595092676743,99.6968118941792,231.0,21.263346146377216,4.017401478026841,20.880382532535236,1.0999706417538582,0.6021625399589539,0.9332411885261536,0.0,1.0,1.0,0.0,1.0,1.0
SNPT-167,1,25.0,0.03322244045354081,0.9790488912654017,0.5292887029288703,0.0,0.9799498746867168,0.8347280334728033,0.0,575.0,576.0,478.0,1369.0,627.5,1902.8518423231963,555.8509648720732,100.67544082453729,25.0,0.0070956790004856884,0.9991688132286072,0.017543859649122806,0.0,1.0,0.8421052631578947,693.0,749.0,57.0,57.0,1902.5,602.0,1326.3317797242848,594.0272152192887,127.45680963729347,118.0,46.15037633929994,-0.3518423231962515,46.14903512792682,0.7898788704270217,0.8525938987731934,0.9676188826560974,1.0,0.0,1.0,1.0,0.0,1.0
SNPT-167,0,9.0,0.09486862199601227,0.9638023776550816,0.1721698113207547,1.0,0.9973404255319149,0.8867924528301887,0.0,457.0,458.0,424.0,1117.5,578.0,1909.9572812812216,640.1301852702925,106.1231758532655,10.0,0.013605450890036782,0.9972683702196393,0.4375,0.0,1.0,0.78125,543.0,647.0,105.0,32.0,1912.0,661.0,1910.4830456778968,618.2253973527008,124.93390531922327,86.0,20.96954617096813,2.04271871877836,20.869814729707514,0.849434551670391,0.6562024354934692,0.9107284545898438,0.0,1.0,1.0,0.0,1.0,1.0
SNPT-168,1,14.0,0.00027937581869614175,0.9934240430593491,0.25101214574898784,1.0,0.9902676399026764,0.8319838056680162,0.0,493.0,494.0,494.0,1192.5,509.5,1908.0781651396585,440.8630375745224,80.40113096494888,,1.0,0.0,0.0,1.0,1.0,0.7350993377483444,599.0,749.0,151.0,151.0,1907.5,511.0,1695.8992011936607,535.5054712471147,101.4708129214503,106.0,70.13934540043535,-0.5781651396584948,70.13696242547758,0.7923572173132021,0.9501221179962158,0.9831467270851135,0.0,0.0,0.0,1.0,0.0,1.0
SNPT-168,0,,1.0,0.0,0.0,0.0,1.0,0.9,291.0,350.0,60.0,60.0,8.5,403.5,10.195306933736811,463.5359725061692,82.15384385506981,,1.0,0.0,0.0,1.0,1.0,0.7350993377483444,599.0,749.0,151.0,151.0,1907.5,511.0,1695.8992011936607,535.5054712471147,101.4708129214503,249.0,1897.8982934386138,1897.304693066263,47.46402749383083,0.8096302916057845,0.6925286054611206,0.950035810470581,0.0,0.0,0.0,0.0,1.0,1.0
SNPT-168,0,,1.0,0.0,0.0,1.0,0.8103448275862069,0.8923076923076924,284.0,354.0,71.0,65.0,7.0,388.5,4.229930120411887,367.15268275273735,80.80270126933424,,1.0,0.0,0.0,1.0,1.0,0.7350993377483444,599.0,749.0,151.0,151.0,1907.5,511.0,1695.8992011936607,535.5054712471147,101.4708129214503,245.0,1908.6982500067127,1903.2700698795882,143.84731724726265,0.7963147129991411,0.8398127555847168,0.9884507060050964,0.0,0.0,0.0,1.0,0.0,0.0
SNPT-168,1,,1.0,0.0,0.0,1.0,1.0,0.8981481481481481,137.0,352.0,216.0,216.0,9.5,500.0,40.410601095669136,360.3437713551742,72.45078712794458,,1.0,0.0,0.0,1.0,1.0,0.9364548494983278,451.0,749.0,299.0,299.0,6.5,390.5,215.60339902809568,432.1048155960789,94.0014428793412,99.0,45.379808205286714,-33.910601095669136,30.156228644825774,0.7707412238442052,0.9663159251213074,0.9825353026390076,0.0,0.0,0.0,1.0,0.0,1.0
SNPT-168,0,,1.0,0.0,0.0,0.0,1.0,0.75,537.0,548.0,12.0,12.0,5.5,605.0,5.182505920513514,612.7465463860888,96.96663863070053,,1.0,0.0,0.0,1.0,1.0,0.7350993377483444,599.0,749.0,151.0,151.0,1907.5,511.0,1695.8992011936607,535.5054712471147,101.4708129214503,51.0,1905.0365371777923,1902.3174940794866,-101.74654638608877,0.9556111342654118,0.7184973955154419,0.8977815508842468,0.0,0.0,0.0,0.0,1.0,1.0
SNPT-168,1,,1.0,0.0,0.0,1.0,1.0,0.9183673469387755,340.0,388.0,49.0,49.0,1912.0,346.0,1912.0151424731357,370.62139710641236,60.471624045704516,,1.0,0.0,0.0,1.0,1.0,0.8837209302325582,707.0,749.0,43.0,43.0,1913.0,576.0,1633.5323304052192,558.3834109228058,114.55052859941995,319.0,205.38096423687907,0.984857526864289,205.37860289358764,0.5279034918919678,0.813766598701477,0.9802236557006836,0.0,0.0,0.0,1.0,0.0,1.0
SNPT-168,0,14.0,0.00027937581869614175,0.9934240430593491,0.25101214574898784,1.0,0.9902676399026764,0.8319838056680162,0.0,493.0,494.0,494.0,1192.5,509.5,1908.0781651396585,440.8630375745224,80.40113096494888,,1.0,0.0,0.0,1.0,1.0,0.8125,525.0,572.0,48.0,48.0,5.5,494.0,11.248502137261859,507.703590623879,104.43688559766908,32.0,1903.320049608577,-1902.5781651396585,53.13696242547758,0.769853778239662,0.8189826607704163,0.9760938882827759,0.0,0.0,0.0,1.0,0.0,1.0
SNPT-168,1,,1.0,0.0,0.0,1.0,0.8103448275862069,0.8923076923076924,284.0,354.0,71.0,65.0,7.0,388.5,4.229930120411887,367.15268275273735,80.80270126933424,,1.0,0.0,0.0,1.0,1.0,1.0,743.0,749.0,7.0,7.0,6.5,475.0,9.713565107656972,467.41119349037774,64.0,389.0,107.87120586463253,2.270069879588113,107.84731724726265,1.2625422073333474,0.7622076272964478,0.940658688545227,0.0,0.0,0.0,1.0,0.0,0.0
SNPT-168,0,14.0,0.00027937581869614175,0.9934240430593491,0.25101214574898784,1.0,0.9902676399026764,0.8319838056680162,0.0,493.0,494.0,494.0,1192.5,509.5,1908.0781651396585,440.8630375745224,80.40113096494888,,1.0,0.0,0.0,0.0,1.0,0.75,537.0,548.0,12.0,12.0,5.5,605.0,5.182505920513514,612.7465463860888,96.96663863070053,44.0,1909.645154708186,-1902.5781651396585,164.13696242547758,0.829162814142277,0.6841182708740234,0.8673427104949951,0.0,0.0,0.0,0.0,1.0,1.0
SNPT-168,0,,1.0,0.0,0.0,0.0,1.0,0.9,291.0,350.0,60.0,60.0,8.5,403.5,10.195306933736811,463.5359725061692,82.15384385506981,,1.0,0.0,0.0,1.0,1.0,0.9364548494983278,451.0,749.0,299.0,299.0,6.5,390.5,215.60339902809568,432.1048155960789,94.0014428793412,101.0,73.12939609525313,-3.695306933736811,-73.03597250616917,0.8739636471380681,0.6639185547828674,0.9320632815361023,0.0,0.0,0.0,0.0,1.0,1.0
SNPT-168,0,,1.0,0.0,0.0,0.0,1.0,0.9,291.0,350.0,60.0,60.0,8.5,403.5,10.195306933736811,463.5359725061692,82.15384385506981,,1.0,0.0,0.0,1.0,1.0,1.0,743.0,749.0,7.0,7.0,6.5,475.0,9.713565107656972,467.41119349037774,64.0,393.0,12.044883549201813,-3.695306933736811,11.464027493830827,1.2836538102354658,0.6382068395614624,0.8995858430862427,0.0,0.0,0.0,0.0,1.0,1.0
SNPT-168,1,,1.0,0.0,0.0,1.0,0.8103448275862069,0.8923076923076924,284.0,354.0,71.0,65.0,7.0,388.5,4.229930120411887,367.15268275273735,80.80270126933424,,1.0,0.0,0.0,1.0,1.0,0.8125,525.0,572.0,48.0,48.0,5.5,494.0,11.248502137261859,507.703590623879,104.43688559766908,171.0,126.85367543089453,1.270069879588113,126.84731724726265,0.7736988785802865,0.8737480640411377,0.9817318916320801,0.0,0.0,0.0,1.0,0.0,0.0
SNPT-168,0,,1.0,0.0,0.0,1.0,1.0,0.8981481481481481,137.0,352.0,216.0,216.0,9.5,500.0,40.410601095669136,360.3437713551742,72.45078712794458,,1.0,0.0,0.0,1.0,1.0,1.0,743.0,749.0,7.0,7.0,6.5,475.0,9.713565107656972,467.41119349037774,64.0,391.0,119.56579625346106,-33.910601095669136,114.65622864482577,1.132043548874134,0.6886088252067566,0.9442960619926453,0.0,0.0,0.0,1.0,0.0,1.0
SNPT-168,0,,1.0,0.0,0.0,1.0,1.0,0.8981481481481481,137.0,352.0,216.0,216.0,9.5,500.0,40.410601095669136,360.3437713551742,72.45078712794458,,1.0,0.0,0.0,0.0,1.0,0.75,537.0,548.0,12.0,12.0,5.5,605.0,5.182505920513514,612.7465463860888,96.96663863070053,185.0,247.1344174403278,-34.910601095669136,244.65622864482577,0.7471723074146658,0.6099518537521362,0.8972219824790955,0.0,0.0,0.0,0.0,1.0,1.0
SNPT-168,1,,1.0,0.0,0.0,0.0,1.0,0.9,291.0,350.0,60.0,60.0,8.5,403.5,10.195306933736811,463.5359725061692,82.15384385506981,,1.0,0.0,0.0,0.0,1.0,0.75,537.0,548.0,12.0,12.0,5.5,605.0,5.182505920513514,612.7465463860888,96.96663863070053,187.0,141.54192658706228,-4.695306933736811,141.46402749383083,0.8472382359045614,0.7544803619384766,0.8963889479637146,0.0,0.0,0.0,1.0,0.0,1.0
SNPT-168,0,,1.0,0.0,0.0,1.0,0.8103448275862069,0.8923076923076924,284.0,354.0,71.0,65.0,7.0,388.5,4.229930120411887,367.15268275273735,80.80270126933424,,1.0,0.0,0.0,1.0,1.0,0.8837209302325582,707.0,749.0,43.0,43.0,1913.0,576.0,1633.5323304052192,558.3834109228058,114.55052859941995,353.0,1920.1615509090652,1908.7700698795882,208.84731724726265,0.7053891610740537,0.6876876354217529,0.9186527729034424,0.0,0.0,0.0,1.0,0.0,0.0
SNPT-168,0,,1.0,0.0,0.0,1.0,0.8103448275862069,0.8923076923076924,284.0,354.0,71.0,65.0,7.0,388.5,4.229930120411887,367.15268275273735,80.80270126933424,,1.0,0.0,0.0,1.0,1.0,0.9364548494983278,451.0,749.0,299.0,299.0,6.5,390.5,215.60339902809568,432.1048155960789,94.0014428793412,97.0,23.45741758810081,2.270069879588113,23.34731724726265,0.8595900104751726,0.8520582914352417,0.9833122491836548,0.0,0.0,0.0,1.0,0.0,0.0
SNPT-168,0,,1.0,0.0,0.0,1.0,1.0,0.9183673469387755,340.0,388.0,49.0,49.0,1912.0,346.0,1912.0151424731357,370.62139710641236,60.471624045704516,,1.0,0.0,0.0,1.0,1.0,0.7350993377483444,599.0,749.0,151.0,151.0,1907.5,511.0,1695.8992011936607,535.5054712471147,101.4708129214503,211.0,140.45119672650813,-4.515142473135711,140.37860289358764,0.5959509173590269,0.6135580539703369,0.9083240628242493,0.0,0.0,0.0,1.0,0.0,1.0
SNPT-168,0,,1.0,0.0,0.0,1.0,1.0,0.9183673469387755,340.0,388.0,49.0,49.0,1912.0,346.0,1912.0151424731357,370.62139710641236,60.471624045704516,,1.0,0.0,0.0,1.0,1.0,1.0,743.0,749.0,7.0,7.0,6.5,475.0,9.713565107656972,467.41119349037774,64.0,355.0,1908.3717800618494,-1905.5151424731357,104.37860289358764,0.9448691257141331,0.4878745377063751,0.9511510133743286,0.0,0.0,0.0,1.0,0.0,1.0
SNPT-168,0,,1.0,0.0,0.0,1.0,1.0,0.8981481481481481,137.0,352.0,216.0,216.0,9.5,500.0,40.410601095669136,360.3437713551742,72.45078712794458,,1.0,0.0,0.0,1.0,1.0,0.8125,525.0,572.0,48.0,48.0,5.5,494.0,11.248502137261859,507.703590623879,104.43688559766908,173.0,138.1402820484267,-34.910601095669136,133.65622864482577,0.6937279555333811,0.7614878416061401,0.9798963069915771,0.0,0.0,0.0,1.0,0.0,1.0
SNPT-168,1,,1.0,0.0,0.0,1.0,1.0,0.8125,525.0,572.0,48.0,48.0,5.5,494.0,11.248502137261859,507.703590623879,104.43688559766908,,1.0,0.0,0.0,1.0,1.0,1.0,743.0,749.0,7.0,7.0,6.5,475.0,9.713565107656972,467.41119349037774,64.0,171.0,33.04652950374436,-4.748502137261859,-32.703590623878995,1.6318263374635793,0.7961846590042114,0.9532452821731567,0.0,0.0,0.0,1.0,0.0,1.0
SNPT-169,0,,1.0,0.0,0.0,0.0,1.0,0.9285714285714286,0.0,139.0,140.0,140.0,298.0,518.5,12.777733844283752,693.2009735016205,104.10390499061752,26.0,0.0033770871323010204,0.9968588791953192,0.47368421052631576,1.0,1.0,0.8357894736842105,275.0,749.0,475.0,475.0,7.5,574.0,1400.7193819985068,527.2585601471316,93.62600603354348,136.0,119.3177545810561,-5.277733844283752,-119.20097350162052,1.111912270970099,0.6115903258323669,0.9397324919700623,0.0,0.0,0.0,0.0,1.0,1.0
SNPT-169,1,,1.0,0.0,0.0,0.0,0.6,1.0,303.0,317.0,15.0,15.0,20.5,405.0,420.6131709755521,422.2156542883665,63.03124085615332,4.0,0.031180651894583418,0.98199597976904,0.5231481481481481,1.0,1.0,0.9120370370370371,318.0,749.0,432.0,432.0,523.5,446.0,1011.4194155966192,541.6783502770734,86.15521855738304,1.0,105.60016424057525,102.88682902444788,23.784345711633478,0.7316009629082635,0.7923842072486877,0.9369727969169617,0.0,0.0,0.0,0.0,1.0,0.0
SNPT-169,1,,1.0,0.0,0.0,0.0,1.0,0.8928571428571429,86.0,169.0,84.0,84.0,14.5,457.0,12.195766885985218,427.3932247647727,84.78939258714487,11.0,0.25554281952220964,0.8741556235722133,0.01443298969072165,0.0,0.9973262032085561,0.7711340206185567,201.0,690.0,490.0,485.0,5.593609174790913,395.05870311032976,1913.3828638028326,382.95190148886365,69.76015273168052,32.0,33.00166324695047,-6.602157711194305,-32.33452165444294,1.215441613398863,0.8898465037345886,0.9853618144989014,0.0,0.0,0.0,1.0,0.0,1.0
SNPT-169,0,22.0,0.08529538180007673,0.9702759741441064,0.16083916083916083,0.0,1.0,0.8636363636363636,0.0,315.0,316.0,286.0,1346.0,524.0,1917.7020372080979,570.7614034881983,105.55202843248982,,1.0,0.0,0.0,0.0,1.0,0.9411764705882353,580.0,749.0,170.0,170.0,11.5,518.0,922.1484228315849,448.93157607527144,74.75018578809915,265.0,1906.9320838337026,-1906.2020372080979,-52.76140348819831,1.4120637603725472,0.6644246578216553,0.9369515180587769,0.0,0.0,0.0,1.0,0.0,1.0
SNPT-169,1,,1.0,0.0,0.0,0.0,1.0,0.7938931297709924,0.0,141.0,142.0,131.0,313.0,603.0,7.711052418860984,684.8997703122461,109.03206345778014,21.0,0.12886230049875455,0.8919564534776977,0.23931623931623933,0.0,1.0,0.8482905982905983,282.0,749.0,468.0,468.0,7.5,471.0,1678.1274289073153,473.74544100559547,89.24764912102498,141.0,213.89987443370592,-0.2110524188609837,-213.89977031224612,1.2216799493499975,0.932702898979187,0.9900976419448853,0.0,0.0,0.0,1.0,0.0,1.0
SNPT-169,0,30.0,0.10975582185866577,0.916367002269801,0.125,0.0,0.8798283261802575,0.8566176470588235,299.0,570.0,272.0,272.0,21.0,381.5,1913.8921439409173,447.85949570240064,66.70492152999975,10.0,0.020914256186781287,0.9946336785088414,0.38333333333333336,1.0,1.0,0.9333333333333333,630.0,749.0,120.0,120.0,1908.0,733.5,1526.2266151353306,611.2491819881028,126.0001608806173,60.0,285.7012689079406,-5.892143940917322,285.64050429759936,0.5294034631686015,0.7906606197357178,0.9534885883331299,0.0,1.0,1.0,0.0,1.0,0.0
SNPT-169,0,,1.0,0.0,0.0,0.0,1.0,0.8928571428571429,86.0,169.0,84.0,84.0,14.5,457.0,12.195766885985218,427.3932247647727,84.78939258714487,,1.0,0.0,0.0,0.0,0.6,1.0,303.0,317.0,15.0,15.0,20.5,405.0,420.6131709755521,422.2156542883665,63.03124085615332,134.0,23.88340015528628,8.304233114014782,-22.393224764772697,1.345196309567297,0.7246033549308777,0.9630752801895142,0.0,0.0,0.0,1.0,0.0,0.0
SNPT-169,0,14.0,0.013702249907392515,0.9062110642592113,0.6428571428571429,1.0,1.0,0.8857142857142857,356.0,433.0,78.0,70.0,1911.4263600522145,476.0969985302729,1912.6944574457957,458.658688290766,90.24105934717765,,1.0,0.0,0.0,0.0,1.0,0.8928571428571429,86.0,169.0,84.0,84.0,14.5,457.0,12.195766885985218,427.3932247647727,84.78939258714487,187.0,1899.8549690956802,1899.2305931662293,48.703773765500216,1.0642965658048518,0.68180912733078,0.9463983178138733,0.0,0.0,0.0,0.0,1.0,1.0
SNPT-169,0,22.0,0.08529538180007673,0.9702759741441064,0.16083916083916083,0.0,1.0,0.8636363636363636,0.0,315.0,316.0,286.0,1346.0,524.0,1917.7020372080979,570.7614034881983,105.55202843248982,,1.0,0.0,0.0,0.0,1.0,0.8181818181818182,739.0,749.0,11.0,11.0,1911.9360561803417,422.0004133312616,1860.7683145215442,421.71642114535126,93.0333018645259,424.0,148.87269302892545,-5.765981027756197,-148.7609901569367,1.1345617786004583,0.8301851749420166,0.9676977396011353,0.0,0.0,0.0,1.0,0.0,1.0
SNPT-169,1,17.0,0.009021662735904101,0.8680134012418634,0.11258278145695365,1.0,0.9193548387096774,0.8211920529801324,0.0,150.0,151.0,151.0,437.0,507.5,13.52553328942259,525.7244252637931,88.06193689702947,,1.0,0.0,0.0,1.0,1.0,0.8958333333333334,618.0,665.0,48.0,48.0,1911.3076956419986,431.66177331069593,1911.2127532671739,393.3178331663726,74.57129223034286,468.0,1900.1118172981476,1897.782162352576,-94.0626519530972,1.1809093588591093,0.8716042637825012,0.9708238840103149,0.0,0.0,0.0,1.0,0.0,1.0
SNPT-169,0,,1.0,0.0,0.0,0.0,1.0,0.8181818181818182,739.0,749.0,11.0,11.0,1911.9360561803417,422.0004133312616,1860.7683145215442,421.71642114535126,93.0333018645259,,1.0,0.0,0.0,0.0,0.6,1.0,303.0,317.0,15.0,15.0,20.5,405.0,420.6131709755521,422.2156542883665,63.03124085615332,422.0,1491.322900737532,1491.3228852047896,-0.21524095710492475,1.475987154954505,0.6394734382629395,0.9755710363388062,0.0,0.0,0.0,1.0,0.0,0.0
SNPT-169,1,17.0,0.044160851168429265,0.9784179778724182,0.5342019543973942,1.0,0.9953917050691244,0.7068403908794788,284.0,597.0,314.0,307.0,8.0,374.5,1913.71560186753,439.0309973979115,69.55239649971514,,1.0,0.0,0.0,1.0,1.0,0.8958333333333334,618.0,665.0,48.0,48.0,1911.3076956419986,431.66177331069593,1911.2127532671739,393.3178331663726,74.57129223034286,21.0,7.752643164660106,-2.4079062255314057,-7.369224087215571,0.9326966774945393,0.9213120937347412,0.9797512888908386,0.0,0.0,0.0,1.0,0.0,1.0
SNPT-169,0,17.0,0.009021662735904101,0.8680134012418634,0.11258278145695365,1.0,0.9193548387096774,0.8211920529801324,0.0,150.0,151.0,151.0,437.0,507.5,13.52553328942259,525.7244252637931,88.06193689702947,9.0,0.01942285481295857,0.9787423288822175,0.29832935560859186,0.0,1.0,0.8782816229116945,312.0,749.0,438.0,419.0,357.5,449.0,1264.1556470267587,473.4948430525973,98.23062272946574,162.0,352.4273984537603,343.9744667105774,-76.72442526379314,0.896481509025535,0.7631027102470398,0.9488866329193115,0.0,1.0,1.0,0.0,1.0,1.0
SNPT-169,1,,1.0,0.0,0.0,0.0,1.0,0.8928571428571429,86.0,169.0,84.0,84.0,14.5,457.0,12.195766885985218,427.3932247647727,84.78939258714487,,1.0,0.0,0.0,0.0,1.0,0.7916666666666666,232.0,303.0,72.0,72.0,8.5,336.5,771.2697733269333,318.2335081259955,58.62436976987725,63.0,90.96832965936571,-3.6957668859852184,-90.8932247647727,1.4463164878356083,0.7835557460784912,0.9786019325256348,0.0,0.0,0.0,1.0,0.0,1.0
SNPT-169,0,10.0,0.00018376920167741315,0.9999857885496957,0.0880503144654088,0.0,1.0,0.8176100628930818,0.0,158.0,159.0,159.0,882.5,741.0,403.1324156266429,1072.0226083596203,138.1528547949988,25.0,0.009693157534542788,0.9945618727349288,0.40482573726541554,1.0,1.0,0.8418230563002681,309.0,749.0,441.0,373.0,18.5,593.5,1088.4111347856874,468.30030201808415,98.48078092439223,151.0,613.9429793246936,-384.6324156266429,-478.52260835962034,1.4028407725672327,0.7490578293800354,0.9175931811332703,0.0,1.0,1.0,0.0,1.0,1.0
SNPT-169,0,10.0,0.00018376920167741315,0.9999857885496957,0.0880503144654088,0.0,1.0,0.8176100628930818,0.0,158.0,159.0,159.0,882.5,741.0,403.1324156266429,1072.0226083596203,138.1528547949988,19.0,0.08179630094159317,0.9062720071367857,0.27546296296296297,0.0,0.9950124688279302,0.9282407407407407,318.0,749.0,432.0,432.0,349.5,445.5,1295.8582623931197,450.3767989218602,86.87305870574208,160.0,628.8139747108768,-53.63241562664291,-626.5226083596203,1.5902842245137532,0.7787712812423706,0.957883358001709,0.0,1.0,1.0,1.0,0.0,1.0
SNPT-169,0,17.0,0.044160851168429265,0.9784179778724182,0.5342019543973942,1.0,0.9953917050691244,0.7068403908794788,284.0,597.0,314.0,307.0,8.0,374.5,1913.71560186753,439.0309973979115,69.55239649971514,10.0,0.020914256186781287,0.9946336785088414,0.38333333333333336,1.0,1.0,0.9333333333333333,630.0,749.0,120.0,120.0,1908.0,733.5,1526.2266151353306,611.2491819881028,126.0001608806173,33.0,294.5244668922718,-5.71560186753004,294.4690026020885,0.5520024420096946,0.8560699224472046,0.9815662503242493,0.0,1.0,1.0,1.0,0.0,1.0
SNPT-169,0,,1.0,0.0,0.0,0.0,1.0,0.9285714285714286,0.0,139.0,140.0,140.0,298.0,518.5,12.777733844283752,693.2009735016205,104.10390499061752,30.0,0.10975582185866577,0.916367002269801,0.125,0.0,0.8798283261802575,0.8566176470588235,299.0,570.0,272.0,272.0,21.0,381.5,1913.8921439409173,447.85949570240064,66.70492152999975,160.0,311.80940098495006,8.222266155716248,-311.7009735016205,1.5606630305950966,0.8514595031738281,0.977730393409729,0.0,0.0,0.0,1.0,0.0,0.0
SNPT-169,0,17.0,0.009021662735904101,0.8680134012418634,0.11258278145695365,1.0,0.9193548387096774,0.8211920529801324,0.0,150.0,151.0,151.0,437.0,507.5,13.52553328942259,525.7244252637931,88.06193689702947,,1.0,0.0,0.0,0.0,0.9230769230769231,0.9285714285714286,304.0,317.0,14.0,14.0,19.0,510.0,252.73871694388612,427.5641350999591,69.46365351467209,154.0,16.650145213836307,5.47446671057741,-15.724425263793137,1.26774122064324,0.6824593544006348,0.9162205457687378,0.0,0.0,0.0,0.0,1.0,1.0
SNPT-169,1,10.0,0.00018376920167741315,0.9999857885496957,0.0880503144654088,0.0,1.0,0.8176100628930818,0.0,158.0,159.0,159.0,882.5,741.0,403.1324156266429,1072.0226083596203,138.1528547949988,10.0,0.04650955275589462,0.9853529223175936,0.2847682119205298,0.0,1.0,0.7748344370860927,235.0,385.0,151.0,151.0,147.5,1073.5,696.589647315596,1066.2680092355931,109.7760778137881,77.0,255.63668477973144,-255.6324156266429,1.4773916403796648,1.2584969106779884,0.8511213064193726,0.9706629514694214,1.0,0.0,1.0,1.0,0.0,1.0
SNPT-169,0,,1.0,0.0,0.0,0.0,1.0,0.8928571428571429,86.0,169.0,84.0,84.0,14.5,457.0,12.195766885985218,427.3932247647727,84.78939258714487,10.0,0.020914256186781287,0.9946336785088414,0.38333333333333336,1.0,1.0,0.9333333333333333,630.0,749.0,120.0,120.0,1908.0,733.5,1526.2266151353306,611.2491819881028,126.0001608806173,461.0,1920.3580520668347,1895.8042331140148,306.1067752352273,0.6729308279810942,0.7033427953720093,0.9387273788452148,0.0,0.0,0.0,0.0,1.0,1.0
SNPT-169,1,17.0,0.009021662735904101,0.8680134012418634,0.11258278145695365,1.0,0.9193548387096774,0.8211920529801324,0.0,150.0,151.0,151.0,437.0,507.5,13.52553328942259,525.7244252637931,88.06193689702947,17.0,0.044160851168429265,0.9784179778724182,0.5342019543973942,1.0,0.9953917050691244,0.7068403908794788,284.0,597.0,314.0,307.0,8.0,374.5,1913.71560186753,439.0309973979115,69.55239649971514,134.0,151.3253393007829,-5.52553328942259,-151.22442526379314,1.2661236898916939,0.9110181331634521,0.9834248423576355,1.0,0.0,1.0,1.0,0.0,1.0
SNPT-169,1,10.0,0.04650955275589462,0.9853529223175936,0.2847682119205298,0.0,1.0,0.7748344370860927,235.0,385.0,151.0,151.0,147.5,1073.5,696.589647315596,1066.2680092355931,109.7760778137881,10.0,0.022391707945953042,0.9836302612509046,0.3027027027027027,0.0,1.0,0.9675675675675676,565.0,749.0,185.0,185.0,5.0,681.5,269.61939555132477,605.7564384207424,117.31670105969337,180.0,791.4181329772726,-691.589647315596,-384.7680092355931,0.9357242133661052,0.697462797164917,0.977817177772522,1.0,0.0,1.0,1.0,0.0,1.0
SNPT-169,0,,1.0,0.0,0.0,0.0,1.0,0.8928571428571429,86.0,169.0,84.0,84.0,14.5,457.0,12.195766885985218,427.3932247647727,84.78939258714487,8.0,0.04847617531927624,0.974923575868701,0.45393258426966293,0.0,1.0,0.903370786516854,305.0,749.0,445.0,445.0,69.5,502.5,1405.282271507596,454.24459534996674,99.92990893506449,136.0,94.47117454028134,57.30423311401478,75.1067752352273,0.848488640595499,0.79079669713974,0.9660622477531433,0.0,0.0,0.0,1.0,0.0,1.0
SNPT-169,1,10.0,0.00018376920167741315,0.9999857885496957,0.0880503144654088,0.0,1.0,0.8176100628930818,0.0,158.0,159.0,159.0,882.5,741.0,403.1324156266429,1072.0226083596203,138.1528547949988,10.0,0.022391707945953042,0.9836302612509046,0.3027027027027027,0.0,1.0,0.9675675675675676,565.0,749.0,185.0,185.0,5.0,681.5,269.61939555132477,605.7564384207424,117.31670105969337,407.0,557.689275504476,-398.1324156266429,-390.52260835962034,1.1776060317678343,0.8130506277084351,0.9717752933502197,1.0,0.0,1.0,1.0,0.0,1.0
SNPT-169,0,,1.0,0.0,0.0,0.0,1.0,0.7916666666666666,232.0,303.0,72.0,72.0,8.5,336.5,771.2697733269333,318.2335081259955,58.62436976987725,23.0,0.0011988860181523146,0.9997924262514482,0.3432343234323432,1.0,1.0,0.9174917491749175,447.0,749.0,303.0,303.0,7.5,616.0,885.6170695461421,504.66852838782904,95.40263266873974,144.0,819.7616423880949,-763.7697733269333,297.7664918740045,0.6144942558706401,0.6391547918319702,0.9222300052642822,0.0,0.0,0.0,0.0,1.0,1.0
SNPT-169,0,,1.0,0.0,0.0,1.0,1.0,0.8958333333333334,618.0,665.0,48.0,48.0,1911.3076956419986,431.66177331069593,1911.2127532671739,393.3178331663726,74.57129223034286,25.0,0.0008223663433699795,0.9978411957621575,0.5333333333333333,1.0,1.0,0.8266666666666667,311.0,385.0,75.0,75.0,66.0,439.5,6.208194834148127,539.9508445650755,98.77734004853825,233.0,1908.1746856437062,1905.0995008078505,-108.28907125437956,0.7549433118334553,0.7397605776786804,0.9578725099563599,0.0,0.0,0.0,1.0,0.0,1.0
SNPT-169,1,10.0,0.029803822854655267,0.9855586874241732,0.15555555555555556,1.0,1.0,0.8825396825396825,0.0,314.0,315.0,315.0,846.0,516.5,1900.8621450755077,578.6319626066814,101.98259139465647,10.0,0.020914256186781287,0.9946336785088414,0.38333333333333336,1.0,1.0,0.9333333333333333,630.0,749.0,120.0,120.0,1908.0,733.5,1526.2266151353306,611.2491819881028,126.0001608806173,316.0,155.03244169844393,7.137854924492331,154.86803739331856,0.8093846125425426,0.9045577049255371,0.990504801273346,1.0,0.0,1.0,1.0,0.0,1.0
SNPT-169,0,26.0,0.16038923860842738,0.9261066534302451,0.13253012048192772,1.0,1.0,0.9578313253012049,0.0,165.0,166.0,166.0,467.0,660.0,19.472046940001142,722.9300515503194,133.04060758391105,,1.0,0.0,0.0,0.0,1.0,0.9411764705882353,580.0,749.0,170.0,170.0,11.5,518.0,922.1484228315849,448.93157607527144,74.75018578809915,415.0,205.08505445504832,-7.9720469400011424,-204.93005155031938,1.7798030356881365,0.5968220233917236,0.9276290535926819,0.0,0.0,0.0,0.0,1.0,1.0
SNPT-169,0,,1.0,0.0,0.0,0.0,1.0,0.7938931297709924,0.0,141.0,142.0,131.0,313.0,603.0,7.711052418860984,684.8997703122461,109.03206345778014,,1.0,0.0,0.0,0.0,1.0,0.9411764705882353,580.0,749.0,170.0,170.0,11.5,518.0,922.1484228315849,448.93157607527144,74.75018578809915,439.0,166.94277299138508,3.7889475811390163,-166.89977031224612,1.4586192971728902,0.6032318472862244,0.9392390251159668,0.0,0.0,0.0,1.0,0.0,1.0
SNPT-169,1,26.0,0.16038923860842738,0.9261066534302451,0.13253012048192772,1.0,1.0,0.9578313253012049,0.0,165.0,166.0,166.0,467.0,660.0,19.472046940001142,722.9300515503194,133.04060758391105,26.0,0.0033770871323010204,0.9968588791953192,0.47368421052631576,1.0,1.0,0.8357894736842105,275.0,749.0,475.0,475.0,7.5,574.0,1400.7193819985068,527.2585601471316,93.62600603354348,110.0,149.41047541158008,-11.972046940001142,-148.93005155031938,1.4209792046052512,0.947577953338623,0.9825417995452881,1.0,0.0,0.0,1.0,0.0,1.0
SNPT-169,0,25.0,0.0008223663433699795,0.9978411957621575,0.5333333333333333,1.0,1.0,0.8266666666666667,311.0,385.0,75.0,75.0,66.0,439.5,6.208194834148127,539.9508445650755,98.77734004853825,10.0,0.022391707945953042,0.9836302612509046,0.3027027027027027,0.0,1.0,0.9675675675675676,565.0,749.0,185.0,185.0,5.0,681.5,269.61939555132477,605.7564384207424,117.31670105969337,180.0,141.55431162312817,-1.2081948341481272,141.5491554349245,0.8419716814085841,0.6486101150512695,0.9387553930282593,0.0,1.0,1.0,0.0,1.0,1.0
SNPT-169,0,,1.0,0.0,0.0,1.0,1.0,0.8958333333333334,618.0,665.0,48.0,48.0,1911.3076956419986,431.66177331069593,1911.2127532671739,393.3178331663726,74.57129223034286,,1.0,0.0,0.0,0.0,0.9230769230769231,0.9285714285714286,304.0,317.0,14.0,14.0,19.0,510.0,252.73871694388612,427.5641350999591,69.46365351467209,301.0,1658.5740404753133,1658.5689786981125,4.097638210736818,1.073529658421896,0.6109678149223328,0.9231588840484619,0.0,0.0,0.0,0.0,1.0,1.0
SNPT-169,0,,1.0,0.0,0.0,0.0,1.0,0.7916666666666666,232.0,303.0,72.0,72.0,8.5,336.5,771.2697733269333,318.2335081259955,58.62436976987725,10.0,0.020914256186781287,0.9946336785088414,0.38333333333333336,1.0,1.0,0.9333333333333333,630.0,749.0,120.0,120.0,1908.0,733.5,1526.2266151353306,611.2491819881028,126.0001608806173,327.0,1210.207365497973,1136.7302266730667,415.2664918740045,0.465272181877789,0.7105869650840759,0.9351528286933899,0.0,0.0,0.0,0.0,1.0,1.0
SNPT-169,1,,1.0,0.0,0.0,0.0,1.0,0.8181818181818182,739.0,749.0,11.0,11.0,1911.9360561803417,422.0004133312616,1860.7683145215442,421.71642114535126,93.0333018645259,30.0,0.10975582185866577,0.916367002269801,0.125,0.0,0.8798283261802575,0.8566176470588235,299.0,570.0,272.0,272.0,21.0,381.5,1913.8921439409173,447.85949570240064,66.70492152999975,169.0,25.932960116508635,-1.956087760575656,-25.85908237113904,1.3946992175485173,0.7993835210800171,0.9847782254219055,0.0,0.0,0.0,1.0,0.0,0.0
SNPT-169,0,17.0,0.009021662735904101,0.8680134012418634,0.11258278145695365,1.0,0.9193548387096774,0.8211920529801324,0.0,150.0,151.0,151.0,437.0,507.5,13.52553328942259,525.7244252637931,88.06193689702947,,1.0,0.0,0.0,0.0,1.0,0.8181818181818182,739.0,749.0,11.0,11.0,1911.9360561803417,422.0004133312616,1860.7683145215442,421.71642114535126,93.0333018645259,589.0,1901.242010916641,1898.410522890919,-103.72401193253154,0.9465635974660377,0.6781734228134155,0.9307315349578857,0.0,0.0,0.0,0.0,1.0,1.0
SNPT-169,0,10.0,0.00018376920167741315,0.9999857885496957,0.0880503144654088,0.0,1.0,0.8176100628930818,0.0,158.0,159.0,159.0,882.5,741.0,403.1324156266429,1072.0226083596203,138.1528547949988,17.0,0.044160851168429265,0.9784179778724182,0.5342019543973942,1.0,0.9953917050691244,0.7068403908794788,284.0,597.0,314.0,307.0,8.0,374.5,1913.71560186753,439.0309973979115,69.55239649971514,126.0,801.6654009321809,-395.1324156266429,-697.5226083596203,1.9863133658602923,0.7428296208381653,0.91233891248703,0.0,1.0,1.0,0.0,1.0,1.0
SNPT-169,0,10.0,0.00018376920167741315,0.9999857885496957,0.0880503144654088,0.0,1.0,0.8176100628930818,0.0,158.0,159.0,159.0,882.5,741.0,403.1324156266429,1072.0226083596203,138.1528547949988,,1.0,0.0,0.0,1.0,1.0,0.8958333333333334,618.0,665.0,48.0,48.0,1911.3076956419986,431.66177331069593,1911.2127532671739,393.3178331663726,74.57129223034286,460.0,1638.4915850604643,1508.1752800153558,-640.3608350489244,1.85262787680089,0.6744468212127686,0.8864080309867859,0.0,0.0,0.0,0.0,1.0,1.0
SNPT-169,1,,1.0,0.0,0.0,0.0,1.0,0.9285714285714286,0.0,139.0,140.0,140.0,298.0,518.5,12.777733844283752,693.2009735016205,104.10390499061752,8.0,0.04847617531927624,0.974923575868701,0.45393258426966293,0.0,1.0,0.903370786516854,305.0,749.0,445.0,445.0,69.5,502.5,1405.282271507596,454.24459534996674,99.92990893506449,166.0,198.95797740303274,56.72226615571625,-190.70097350162052,1.0417692370586003,0.928118884563446,0.9835687279701233,0.0,0.0,0.0,1.0,0.0,1.0
SNPT-169,0,17.0,0.009021662735904101,0.8680134012418634,0.11258278145695365,1.0,0.9193548387096774,0.8211920529801324,0.0,150.0,151.0,151.0,437.0,507.5,13.52553328942259,525.7244252637931,88.06193689702947,26.0,0.0033770871323010204,0.9968588791953192,0.47368421052631576,1.0,1.0,0.8357894736842105,275.0,749.0,475.0,475.0,7.5,574.0,1400.7193819985068,527.2585601471316,93.62600603354348,125.0,48.65016102268351,-6.02553328942259,48.27557473620686,0.9405713287126596,0.8500844240188599,0.9851576089859009,0.0,1.0,1.0,1.0,0.0,1.0
SNPT-169,0,17.0,0.009021662735904101,0.8680134012418634,0.11258278145695365,1.0,0.9193548387096774,0.8211920529801324,0.0,150.0,151.0,151.0,437.0,507.5,13.52553328942259,525.7244252637931,88.06193689702947,,1.0,0.0,0.0,0.0,1.0,0.7916666666666666,232.0,303.0,72.0,72.0,8.5,336.5,771.2697733269333,318.2335081259955,58.62436976987725,82.0,189.29114903041804,-5.02553328942259,-189.22442526379314,1.5021387392769554,0.6832247972488403,0.9495499730110168,0.0,0.0,0.0,0.0,1.0,1.0
SNPT-169,0,10.0,0.00018376920167741315,0.9999857885496957,0.0880503144654088,0.0,1.0,0.8176100628930818,0.0,158.0,159.0,159.0,882.5,741.0,403.1324156266429,1072.0226083596203,138.1528547949988,,1.0,0.0,0.0,0.0,0.6,1.0,303.0,317.0,15.0,15.0,20.5,405.0,420.6131709755521,422.2156542883665,63.03124085615332,145.0,768.977714599813,-382.6324156266429,-667.0226083596203,2.191815565082785,0.8141659498214722,0.9057023525238037,0.0,0.0,0.0,1.0,0.0,0.0
SNPT-170,0,,1.0,0.0,0.0,0.0,1.0,0.9333333333333333,108.0,137.0,30.0,30.0,1316.7566915374932,461.6854428896504,1914.405630774113,517.8204238512404,70.79653029558465,,1.0,0.0,0.0,1.0,1.0,0.8557692307692307,0.0,107.0,108.0,104.0,613.0,481.5,1855.5557960732149,469.33457171237006,85.73668643804704,1.0,538.8533977068736,-538.7991045357217,-7.6491288227196605,0.8257437187841626,0.5785332918167114,0.9405040740966797,0.0,0.0,0.0,0.0,1.0,1.0
SNPT-170,0,,1.0,0.0,0.0,0.0,1.0,0.8,98.0,147.0,50.0,50.0,956.5,437.0,1910.1418399648144,451.05376595617577,64.3948803656491,10.0,0.019809212099627993,0.9898445442389537,0.6635220125786163,0.0,1.0,0.8836477987421384,396.0,749.0,354.0,318.0,1907.0,620.5,1610.1372190157813,454.42170561639944,108.99716829028867,249.0,169.47535924139228,-3.1418399648143804,169.44623404382423,0.5907940671829958,0.7829669713973999,0.9072721004486084,0.0,0.0,0.0,1.0,0.0,1.0
SNPT-170,1,,1.0,0.0,0.0,1.0,1.0,0.9292929292929293,0.0,99.0,100.0,99.0,492.5,422.5,1393.9311695927838,450.5362368982754,64.94389492011041,5.0,0.015782791162685803,0.9959598898887634,0.375,1.0,1.0,0.8375,421.0,529.0,109.0,80.0,1913.0,593.0,1914.2155842858429,539.9691421207294,124.53463656013892,322.0,538.2642236833317,519.0688304072162,142.46376310172462,0.5214926281874072,0.7652428150177002,0.9794082641601562,0.0,0.0,0.0,1.0,0.0,1.0
SNPT-170,0,,1.0,0.0,0.0,0.0,1.0,0.9333333333333333,108.0,137.0,30.0,30.0,1316.7566915374932,461.6854428896504,1914.405630774113,517.8204238512404,70.79653029558465,,1.0,0.0,0.0,1.0,1.0,0.8787878787878788,0.0,103.0,104.0,99.0,1105.0,442.5,1902.632325098165,516.7608012266444,79.11067366271145,5.0,588.4586247953774,-585.8756335606718,-55.075358336993986,0.8949049100179052,0.6562509536743164,0.9214224815368652,0.0,0.0,0.0,0.0,1.0,1.0
SNPT-170,0,,1.0,0.0,0.0,0.0,1.0,0.8648648648648649,0.0,73.0,74.0,74.0,1152.0,489.5,1911.5032322173479,488.56332690033685,90.84266992729287,8.0,0.02416885890575083,0.9871569502870098,0.42615384615384616,0.0,1.0,0.8769230769230769,100.0,749.0,650.0,650.0,14.0,614.0,1163.772749369778,496.60618154345286,107.72896679777148,27.0,1901.6447815597935,-1897.5032322173479,125.43667309966315,0.8432520298632631,0.7491559982299805,0.9083447456359863,0.0,0.0,0.0,1.0,0.0,1.0
SNPT-170,0,,1.0,0.0,0.0,0.0,1.0,0.8611111111111112,0.0,71.0,72.0,72.0,1560.0,611.0,1915.066374720018,683.8753999812154,118.09009792960991,10.0,0.019809212099627993,0.9898445442389537,0.6635220125786163,0.0,1.0,0.8836477987421384,396.0,749.0,354.0,318.0,1907.0,620.5,1610.1372190157813,454.42170561639944,108.99716829028867,325.0,63.88667876719518,-8.066374720018075,-63.37539998121542,1.0834235400969714,0.7447232007980347,0.9579445123672485,0.0,0.0,0.0,1.0,0.0,1.0
SNPT-170,1,,1.0,0.0,0.0,1.0,1.0,0.8780487804878049,142.0,554.0,413.0,369.0,1911.4802586676947,428.23820539865415,1909.1557913337615,491.3680405436951,86.4561024260263,,1.0,0.0,0.0,1.0,1.0,0.8048780487804879,101.0,141.0,41.0,41.0,1070.0,443.0,1891.1770174430694,429.2461280529364,56.567090079114166,1.0,20.328244201168427,20.303241224625253,-1.007922654282254,1.5283816492082174,0.7666690349578857,0.9627957344055176,0.0,0.0,0.0,1.0,0.0,1.0
SNPT-170,0,10.0,0.00038774378725651396,0.9999660314139673,0.6020408163265306,0.0,1.0,0.6938775510204082,0.0,97.0,98.0,98.0,235.5,513.5,1302.4526937132634,451.94490087683346,88.49391747461243,,1.0,0.0,0.0,1.0,1.0,0.7692307692307693,724.0,736.0,13.0,13.0,1913.5,469.5,1912.6830031360419,468.70560956208567,49.18754774917294,627.0,611.2994291061468,611.0473062867366,17.555099123166542,1.7991122046961652,0.6837643384933472,0.8369841575622559,0.0,0.0,0.0,0.0,1.0,1.0
SNPT-170,0,,1.0,0.0,0.0,1.0,0.9166666666666666,0.8571428571428571,98.0,111.0,14.0,14.0,1540.0,441.5,1872.0777776871935,428.6259534931678,64.0972313307838,17.0,0.005685700393213564,0.9859076098697942,0.07414104882459313,0.0,1.0,0.891500904159132,197.0,749.0,553.0,553.0,1912.0,353.0,1296.2981587256947,452.6916585983522,83.94526742565246,86.0,85.51648189760805,39.922222312806525,-75.6259534931678,0.7635597967157898,0.6833441257476807,0.9498900175094604,0.0,0.0,0.0,0.0,1.0,1.0
SNPT-170,0,,1.0,0.0,0.0,0.0,1.0,0.5882352941176471,81.0,97.0,17.0,17.0,10.0,540.5,363.4044731602702,498.43156646305323,84.26839425866204,26.0,0.029454146382003537,0.9684082469442389,0.3339449541284404,0.0,1.0,0.8862385321100917,205.0,749.0,545.0,545.0,1910.5,456.0,1589.4819805222005,502.8995227239843,102.22264187841205,108.0,1547.6772942057428,1547.0955268397297,-42.43156646305323,0.8243613421661949,0.6746000051498413,0.8698588609695435,0.0,0.0,0.0,1.0,0.0,1.0
SNPT-170,0,,1.0,0.0,0.0,1.0,1.0,0.8787878787878788,0.0,103.0,104.0,99.0,1105.0,442.5,1902.632325098165,516.7608012266444,79.11067366271145,17.0,0.005685700393213564,0.9859076098697942,0.07414104882459313,0.0,1.0,0.891500904159132,197.0,749.0,553.0,553.0,1912.0,353.0,1296.2981587256947,452.6916585983522,83.94526742565246,94.0,164.0285138366467,9.367674901835016,-163.7608012266444,0.9424077865113378,0.6442614793777466,0.9411436319351196,0.0,0.0,0.0,0.0,1.0,1.0
SNPT-170,1,,1.0,0.0,0.0,0.0,1.0,0.7608695652173914,62.0,107.0,46.0,46.0,14.0,435.5,1072.185511905599,409.80742347833905,72.54295060789791,26.0,0.029454146382003537,0.9684082469442389,0.3339449541284404,0.0,1.0,0.8862385321100917,205.0,749.0,545.0,545.0,1910.5,456.0,1589.4819805222005,502.8995227239843,102.22264187841205,98.0,839.5861689396074,838.314488094401,46.19257652166095,0.7096563860498105,0.8738394379615784,0.9263632893562317,0.0,0.0,0.0,1.0,0.0,1.0
SNPT-170,0,,1.0,0.0,0.0,1.0,1.0,0.8484848484848485,0.0,100.0,101.0,99.0,308.5,480.0,1423.4093768378882,447.18824184628465,71.7786368304538,,1.0,0.0,0.0,1.0,1.0,0.8780487804878049,142.0,554.0,413.0,369.0,1911.4802586676947,428.23820539865415,1909.1557913337615,491.3680405436951,86.4561024260263,42.0,488.4386241601819,488.07088182980647,-18.95003644763051,0.8302321619444868,0.8397388458251953,0.9934021830558777,0.0,0.0,0.0,1.0,0.0,1.0
SNPT-170,1,,1.0,0.0,0.0,1.0,1.0,0.8048780487804879,101.0,141.0,41.0,41.0,1070.0,443.0,1891.1770174430694,429.2461280529364,56.567090079114166,,1.0,0.0,0.0,1.0,1.0,0.7692307692307693,724.0,736.0,13.0,13.0,1913.5,469.5,1912.6830031360419,468.70560956208567,49.18754774917294,583.0,46.02922720367594,22.322982556930583,40.2538719470636,1.150028669198401,0.8135072588920593,0.9773902297019958,0.0,0.0,0.0,1.0,0.0,1.0
SNPT-170,0,,1.0,0.0,0.0,0.0,1.0,0.8611111111111112,0.0,71.0,72.0,72.0,1560.0,611.0,1915.066374720018,683.8753999812154,118.09009792960991,5.0,0.015782791162685803,0.9959598898887634,0.375,1.0,1.0,0.8375,421.0,529.0,109.0,80.0,1913.0,593.0,1914.2155842858429,539.9691421207294,124.53463656013892,350.0,90.89889012649945,-2.066374720018075,-90.87539998121542,0.9482510343424266,0.7025604248046875,0.8779799938201904,0.0,0.0,0.0,0.0,1.0,1.0
SNPT-170,1,,1.0,0.0,0.0,0.0,1.0,0.6666666666666666,97.0,117.0,21.0,21.0,1473.0,440.5,1912.5367421293208,505.95966185662724,78.45087313342377,10.0,0.019809212099627993,0.9898445442389537,0.6635220125786163,0.0,1.0,0.8836477987421384,396.0,749.0,354.0,318.0,1907.0,620.5,1610.1372190157813,454.42170561639944,108.99716829028867,279.0,114.67407978878562,-5.536742129320828,114.54033814337276,0.7197514794557605,0.7704097032546997,0.8818631768226624,0.0,0.0,0.0,1.0,0.0,1.0
SNPT-170,0,,1.0,0.0,0.0,0.0,1.0,0.8611111111111112,0.0,71.0,72.0,72.0,1560.0,611.0,1915.066374720018,683.8753999812154,118.09009792960991,10.0,0.011302914242169119,0.9973556517961606,0.3180379746835443,1.0,0.996,0.7911392405063291,118.0,749.0,632.0,632.0,6.5,786.0,148.60204760353562,530.7576003059357,107.18632316926069,47.0,1911.296690898854,-1908.566374720018,102.12460001878458,1.1017272954043846,0.7040264010429382,0.8984885215759277,0.0,0.0,0.0,0.0,1.0,1.0
SNPT-170,1,10.0,0.00038774378725651396,0.9999660314139673,0.6020408163265306,0.0,1.0,0.6938775510204082,0.0,97.0,98.0,98.0,235.5,513.5,1302.4526937132634,451.94490087683346,88.49391747461243,,1.0,0.0,0.0,0.0,1.0,0.6666666666666666,97.0,117.0,21.0,21.0,1473.0,440.5,1912.5367421293208,505.95966185662724,78.45087313342377,0.0,170.93089082357955,170.54730628673656,-11.444900876833458,1.128016986173094,0.8749985694885254,0.8323611617088318,0.0,0.0,0.0,1.0,0.0,1.0
SNPT-170,0,,1.0,0.0,0.0,1.0,1.0,0.8484848484848485,0.0,100.0,101.0,99.0,308.5,480.0,1423.4093768378882,447.18824184628465,71.7786368304538,5.0,0.015782791162685803,0.9959598898887634,0.375,1.0,1.0,0.8375,421.0,529.0,109.0,80.0,1913.0,593.0,1914.2155842858429,539.9691421207294,124.53463656013892,321.0,510.84248756749133,489.5906231621118,145.81175815371535,0.5763748850368327,0.7622189521789551,0.9660295248031616,0.0,0.0,0.0,1.0,0.0,1.0
SNPT-170,1,,1.0,0.0,0.0,1.0,1.0,0.8787878787878788,0.0,103.0,104.0,99.0,1105.0,442.5,1902.632325098165,516.7608012266444,79.11067366271145,21.0,0.1888442368635387,0.8595586744638589,0.17195767195767195,1.0,1.0,0.8941798941798942,372.0,749.0,378.0,378.0,1911.5,536.0,1698.0488128390298,464.37729329362827,84.60867728283583,269.0,21.18448554025617,8.867674901835016,19.23919877335561,0.9350184425913519,0.7069568634033203,0.9819602966308594,0.0,0.0,0.0,1.0,0.0,1.0
SNPT-170,1,,1.0,0.0,0.0,0.0,1.0,0.8,98.0,147.0,50.0,50.0,956.5,437.0,1910.1418399648144,451.05376595617577,64.3948803656491,17.0,0.005685700393213564,0.9859076098697942,0.07414104882459313,0.0,1.0,0.891500904159132,197.0,749.0,553.0,553.0,1912.0,353.0,1296.2981587256947,452.6916585983522,83.94526742565246,50.0,98.07137083218963,1.8581600351856196,-98.05376595617577,0.7671055479414788,0.8097800016403198,0.9523364305496216,0.0,0.0,0.0,1.0,0.0,1.0
SNPT-170,1,10.0,0.00038774378725651396,0.9999660314139673,0.6020408163265306,0.0,1.0,0.6938775510204082,0.0,97.0,98.0,98.0,235.5,513.5,1302.4526937132634,451.94490087683346,88.49391747461243,10.0,0.019809212099627993,0.9898445442389537,0.6635220125786163,0.0,1.0,0.8836477987421384,396.0,749.0,354.0,318.0,1907.0,620.5,1610.1372190157813,454.42170561639944,108.99716829028867,299.0,627.6051839962523,604.5473062867366,168.55509912316654,0.8118918946493124,0.8738869428634644,0.9681814908981323,1.0,0.0,1.0,1.0,0.0,1.0
SNPT-170,0,,1.0,0.0,0.0,0.0,1.0,0.8,98.0,147.0,50.0,50.0,956.5,437.0,1910.1418399648144,451.05376595617577,64.3948803656491,,1.0,0.0,0.0,1.0,1.0,0.7692307692307693,724.0,736.0,13.0,13.0,1913.5,469.5,1912.6830031360419,468.70560956208567,49.18754774917294,577.0,18.74942103696693,3.3581600351856196,18.446234043824234,1.309170375681757,0.757106363773346,0.9677780866622925,0.0,0.0,0.0,0.0,1.0,1.0
SNPT-170,0,,1.0,0.0,0.0,0.0,1.0,0.8611111111111112,0.0,71.0,72.0,72.0,1560.0,611.0,1915.066374720018,683.8753999812154,118.09009792960991,8.0,0.02416885890575083,0.9871569502870098,0.42615384615384616,0.0,1.0,0.8769230769230769,100.0,749.0,650.0,650.0,14.0,614.0,1163.772749369778,496.60618154345286,107.72896679777148,29.0,1902.3501077913202,-1901.066374720018,-69.87539998121542,1.0961777638811696,0.7851068377494812,0.9717792272567749,0.0,0.0,0.0,1.0,0.0,1.0
SNPT-170,1,,1.0,0.0,0.0,0.0,1.0,0.9333333333333333,108.0,137.0,30.0,30.0,1316.7566915374932,461.6854428896504,1914.405630774113,517.8204238512404,70.79653029558465,,1.0,0.0,0.0,0.0,1.0,0.7608695652173914,62.0,107.0,46.0,46.0,14.0,435.5,1072.185511905599,409.80742347833905,72.54295060789791,1.0,250.01278128243095,244.5711796318942,51.87801941131136,0.9759257061137085,0.9674333333969116,0.9955861568450928,0.0,0.0,0.0,1.0,0.0,1.0
SNPT-170,0,,1.0,0.0,0.0,0.0,1.0,0.8611111111111112,0.0,71.0,72.0,72.0,1560.0,611.0,1915.066374720018,683.8753999812154,118.09009792960991,,1.0,0.0,0.0,1.0,1.0,0.7748031496062993,115.0,749.0,635.0,635.0,18.5,465.5,1441.0789825960192,428.60874799724405,68.39665729177591,44.0,1909.097124044659,-1896.566374720018,-218.37539998121542,1.7265477964200042,0.6035474538803101,0.8740589618682861,0.0,0.0,0.0,0.0,1.0,1.0
SNPT-170,0,,1.0,0.0,0.0,1.0,1.0,0.8557692307692307,0.0,107.0,108.0,104.0,613.0,481.5,1855.5557960732149,469.33457171237006,85.73668643804704,21.0,0.1888442368635387,0.8595586744638589,0.17195767195767195,1.0,1.0,0.8941798941798942,372.0,749.0,378.0,378.0,1911.5,536.0,1698.0488128390298,464.37729329362827,84.60867728283583,265.0,87.02892209935068,55.94420392678512,66.66542828762994,1.0133320741020502,0.7664583921432495,0.9865602850914001,0.0,0.0,0.0,1.0,0.0,1.0
SNPT-170,1,,1.0,0.0,0.0,0.0,1.0,0.9333333333333333,108.0,137.0,30.0,30.0,1316.7566915374932,461.6854428896504,1914.405630774113,517.8204238512404,70.79653029558465,26.0,0.029454146382003537,0.9684082469442389,0.3339449541284404,0.0,1.0,0.8862385321100917,205.0,749.0,545.0,545.0,1910.5,456.0,1589.4819805222005,502.8995227239843,102.22264187841205,68.0,61.94367406677389,-3.9056307741129785,-61.820423851240434,0.6925719096537638,0.8889129161834717,0.9191605448722839,0.0,0.0,0.0,1.0,0.0,1.0
SNPT-170,0,,1.0,0.0,0.0,1.0,1.0,0.8787878787878788,0.0,103.0,104.0,99.0,1105.0,442.5,1902.632325098165,516.7608012266444,79.11067366271145,10.0,0.011302914242169119,0.9973556517961606,0.3180379746835443,1.0,0.996,0.7911392405063291,118.0,749.0,632.0,632.0,6.5,786.0,148.60204760353562,530.7576003059357,107.18632316926069,15.0,1915.1520932913636,-1896.132325098165,269.2391987733556,0.7380668664022157,0.8073818683624268,0.9747104048728943,0.0,0.0,0.0,1.0,0.0,1.0
SNPT-170,0,,1.0,0.0,0.0,0.0,1.0,0.9333333333333333,108.0,137.0,30.0,30.0,1316.7566915374932,461.6854428896504,1914.405630774113,517.8204238512404,70.79653029558465,,1.0,0.0,0.0,0.0,1.0,0.8,82.0,106.0,25.0,25.0,10.5,430.5,726.2938014067319,505.9464993458844,75.1826691249949,2.0,592.1194691446934,590.4628901307614,-44.26105645623397,0.9416602405786089,0.8532021045684814,0.971049427986145,0.0,0.0,0.0,1.0,0.0,1.0
SNPT-170,0,10.0,0.00038774378725651396,0.9999660314139673,0.6020408163265306,0.0,1.0,0.6938775510204082,0.0,97.0,98.0,98.0,235.5,513.5,1302.4526937132634,451.94490087683346,88.49391747461243,,1.0,0.0,0.0,1.0,1.0,0.7748031496062993,115.0,749.0,635.0,635.0,18.5,465.5,1441.0789825960192,428.60874799724405,68.39665729177591,18.0,1284.0242444774103,-1283.9526937132634,13.555099123166542,1.2938339529825684,0.6453686952590942,0.8713861703872681,0.0,0.0,0.0,0.0,1.0,1.0
SNPT-170,1,,1.0,0.0,0.0,1.0,0.9166666666666666,0.8571428571428571,98.0,111.0,14.0,14.0,1540.0,441.5,1872.0777776871935,428.6259534931678,64.0972313307838,5.0,0.015782791162685803,0.9959598898887634,0.375,1.0,1.0,0.8375,421.0,529.0,109.0,80.0,1913.0,593.0,1914.2155842858429,539.9691421207294,124.53463656013892,310.0,169.3914267135412,40.922222312806525,164.3740465068322,0.5146940088417141,0.7714595794677734,0.9619170427322388,0.0,0.0,0.0,1.0,0.0,1.0
SNPT-170,0,,1.0,0.0,0.0,0.0,1.0,0.5882352941176471,81.0,97.0,17.0,17.0,10.0,540.5,363.4044731602702,498.43156646305323,84.26839425866204,21.0,0.1888442368635387,0.8595586744638589,0.17195767195767195,1.0,1.0,0.8941798941798942,372.0,749.0,378.0,378.0,1911.5,536.0,1698.0488128390298,464.37729329362827,84.60867728283583,275.0,1548.5513060339977,1548.0955268397297,37.56843353694677,0.9959781545451152,0.612857460975647,0.8998591899871826,0.0,0.0,0.0,0.0,1.0,1.0
SNPT-170,0,,1.0,0.0,0.0,0.0,1.0,0.9333333333333333,108.0,137.0,30.0,30.0,1316.7566915374932,461.6854428896504,1914.405630774113,517.8204238512404,70.79653029558465,,1.0,0.0,0.0,1.0,1.0,0.8484848484848485,0.0,100.0,101.0,99.0,308.5,480.0,1423.4093768378882,447.18824184628465,71.7786368304538,8.0,107.63347118753,-106.65268530039498,14.497201043365749,0.9863175649714696,0.6297191381454468,0.9117871522903442,0.0,0.0,0.0,0.0,1.0,1.0
SNPT-170,0,,1.0,0.0,0.0,1.0,1.0,0.8048780487804879,101.0,141.0,41.0,41.0,1070.0,443.0,1891.1770174430694,429.2461280529364,56.567090079114166,21.0,0.1888442368635387,0.8595586744638589,0.17195767195767195,1.0,1.0,0.8941798941798942,372.0,749.0,378.0,378.0,1911.5,536.0,1698.0488128390298,464.37729329362827,84.60867728283583,231.0,108.67112217925863,20.322982556930583,106.7538719470636,0.6685731522550308,0.7770565748214722,0.9694620370864868,0.0,0.0,0.0,1.0,0.0,1.0
SNPT-170,1,,1.0,0.0,0.0,1.0,1.0,0.8780487804878049,142.0,554.0,413.0,369.0,1911.4802586676947,428.23820539865415,1909.1557913337615,491.3680405436951,86.4561024260263,,1.0,0.0,0.0,1.0,1.0,0.7692307692307693,724.0,736.0,13.0,13.0,1913.5,469.5,1912.6830031360419,468.70560956208567,49.18754774917294,170.0,22.295366024277644,4.344208666238501,-21.868040543695088,1.7576827140661837,0.6942827701568604,0.949499249458313,0.0,0.0,0.0,1.0,0.0,1.0
SNPT-170,0,,1.0,0.0,0.0,1.0,1.0,0.9292929292929293,0.0,99.0,100.0,99.0,492.5,422.5,1393.9311695927838,450.5362368982754,64.94389492011041,9.0,0.017869520237536563,0.9849252815791002,0.20483870967741935,1.0,0.9866920152091255,0.8483870967741935,100.0,749.0,650.0,620.0,12.0,552.0,447.15775754512623,519.0485128960452,102.22078964870012,1.0,1385.6509851744206,-1381.9311695927838,101.46376310172462,0.6353296148787505,0.8831969499588013,0.9864233732223511,0.0,0.0,0.0,1.0,0.0,1.0
SNPT-170,0,,1.0,0.0,0.0,0.0,1.0,0.8611111111111112,0.0,71.0,72.0,72.0,1560.0,611.0,1915.066374720018,683.8753999812154,118.09009792960991,,1.0,0.0,0.0,1.0,1.0,0.8048780487804879,101.0,141.0,41.0,41.0,1070.0,443.0,1891.1770174430694,429.2461280529364,56.567090079114166,30.0,878.7252904056788,-845.0663747200181,-240.87539998121542,2.0876113260280893,0.6798136830329895,0.8447615504264832,0.0,0.0,0.0,0.0,1.0,1.0
SNPT-170,0,,1.0,0.0,0.0,0.0,1.0,0.8,82.0,106.0,25.0,25.0,10.5,430.5,726.2938014067319,505.9464993458844,75.1826691249949,5.0,0.015782791162685803,0.9959598898887634,0.375,1.0,1.0,0.8375,421.0,529.0,109.0,80.0,1913.0,593.0,1914.2155842858429,539.9691421207294,124.53463656013892,315.0,1189.8949171064735,1186.7061985932683,87.05350065411562,0.6037089054231792,0.7404707670211792,0.9361456632614136,0.0,0.0,0.0,0.0,1.0,1.0
