round,train_auc,val_auc,train_logloss,val_logloss,train_aucpr,val_aucpr,train_error,val_error
0,0.927442680056477,0.8834282283929675,0.6639971081213548,0.6656714204590896,0.6299939342368166,0.4429707344623504,0.16967126193001061,0.18615172413793105
1,0.9518082839926154,0.8990105794517549,0.6354851966066047,0.6371399554088197,0.7214078686472861,0.5282462089658128,0.11576528808766348,0.12286896551724139
2,0.9571521605195656,0.9124876027688954,0.6086578482650707,0.6118609226851628,0.756705792237149,0.572633023541745,0.10922587486744433,0.11856551724137931
3,0.9609371854798822,0.9185024192946871,0.5842470325116094,0.5881058374996843,0.7699129003829065,0.6022072117589367,0.10383527748320961,0.10857931034482758
4,0.9617055131961858,0.920830115226278,0.561917644875047,0.5659997613199826,0.7759557318916553,0.6080692715403755,0.10639802050194415,0.1104551724137931
5,0.9631499693028365,0.9221859307968635,0.5408961935572593,0.545313898563385,0.7852121030141237,0.615987583775926,0.10418875927889713,0.10697931034482759
6,0.965106194572569,0.9250127641554604,0.5235182778253367,0.5292771518937472,0.8008773214039028,0.6290468085792138,0.10781194768469424,0.11437241379310345
7,0.9653757832449562,0.9245776520209712,0.5058652778956401,0.5122195141973167,0.8024054001449111,0.6280497325530578,0.107988688582538,0.11542068965517241
8,0.9660302996100669,0.9255012427306871,0.48961594762177213,0.4959942278056309,0.8021138835328435,0.629410311781795,0.10922587486744433,0.11310344827586206
9,0.9663707451718466,0.9257588837800186,0.47418689590306956,0.48073107328414916,0.8060328442246067,0.6308208035857916,0.10896076352067868,0.11415172413793104
10,0.9666084325180013,0.9261073295846898,0.4612269648770512,0.46823662961433676,0.8085310116021235,0.633574814225503,0.1093142453163662,0.11398620689655173
11,0.9674282516707309,0.9269772170050792,0.44759955188175865,0.4543909082494933,0.8101197539444653,0.6373014513243499,0.10781194768469424,0.11023448275862069
12,0.9675540147863995,0.9266990281918208,0.4373655391454739,0.44601099486351015,0.8111350519418106,0.6373509820511685,0.11055143160127254,0.11459310344827586
13,0.9678400034363569,0.9274493824843546,0.425396772472207,0.43434313469426383,0.8120998646780996,0.6407381761114871,0.10790031813361611,0.112
14,0.9681924007626125,0.9269222625638509,0.4155002235655188,0.42503869777383474,0.8138864638061895,0.6402287025732272,0.10949098621420997,0.11409655172413793
15,0.9685497405478617,0.927537853360185,0.4067166873973855,0.4165006198397998,0.815461024404066,0.6411589178298261,0.10763520678685047,0.11321379310344827
16,0.9693167203208033,0.9280149272046139,0.39633572327032995,0.4066400268521802,0.818782670078073,0.6418209789496113,0.10622127960410038,0.11117241379310344
17,0.9696956721312889,0.9284205169663416,0.3868995281262274,0.3975160930386905,0.8208762009042112,0.6447201817201903,0.10374690703428774,0.10852413793103448
18,0.9704064875974833,0.9285219565128472,0.37788770963843105,0.38924856706158867,0.821800926520787,0.6443422098420588,0.10047720042417815,0.10681379310344828
19,0.9706056237634866,0.9284625989793488,0.37000306513319803,0.38220885561827955,0.8227619998355897,0.644058368694806,0.09870979144574055,0.10615172413793103
20,0.9710468505572937,0.9287963196885595,0.3625242594009303,0.3750432994858972,0.8232141421627208,0.6436628642341552,0.09720749381406858,0.10317241379310345
21,0.9715123403316156,0.9297905764201175,0.3543834337900788,0.3667218606019842,0.8260131016402058,0.6459191650498691,0.09455638034641216,0.10035862068965518
22,0.9717816144838851,0.9299180495504275,0.3479705813925841,0.3609854395693746,0.8286938368374209,0.6479843542755904,0.0948214916931778,0.1022344827586207
23,0.972111591018887,0.9304844363921592,0.34144854128950686,0.35538541136281243,0.8298785757811159,0.6491148579837718,0.0929657122658183,0.10013793103448276
24,0.9722444982343739,0.9306224240105674,0.33608973486241667,0.3502108314037323,0.8305153881160522,0.6489528999895107,0.0929657122658183,0.10107586206896552
25,0.97253655262946,0.9309040053703289,0.3302468818712146,0.3449983206337896,0.8316847965038882,0.6494555497158211,0.09499823259102157,0.10195862068965517
26,0.9729372961909637,0.9309050159160959,0.32480985458088285,0.3399986577913679,0.8328830457409874,0.650112194855901,0.09323082361258395,0.09991724137931035
27,0.9734344177028457,0.9312287274100916,0.31895612978227317,0.3350289921801666,0.8340478974930279,0.6517771494519488,0.09190526687875575,0.09958620689655172
28,0.9737908139277416,0.931481291669975,0.3135338466523624,0.33003074231435514,0.8354352338944661,0.6521030924968668,0.0907564510427713,0.09798620689655173
29,0.9741635651987623,0.9317130675597967,0.30820794426334036,0.32555191327004596,0.8370364736890581,0.6534808572232452,0.08907741251325557,0.09776551724137932
30,0.9743843583214474,0.9320973155573521,0.30397729007227653,0.3215241262460577,0.8381395086636323,0.6555588487558446,0.08828207847295864,0.09715862068965517
31,0.9749667597166947,0.9323579641833708,0.2987476425859702,0.31680442672680165,0.8417499674769028,0.656066263630609,0.08792859667727113,0.09660689655172414
32,0.9755432301611493,0.9325006195607976,0.29357988897285703,0.3121420672626331,0.8439988039775191,0.6557774550985112,0.08554259455638034,0.09528275862068966
33,0.975932920587085,0.9327898040744242,0.28903760413183954,0.30759472696657836,0.8451946187613486,0.6568862460148437,0.0852774832096147,0.09533793103448276
34,0.9765621854798822,0.9327789767983504,0.2839916255799135,0.30297058489980366,0.8477015698056428,0.6566909630964124,0.08483563096500531,0.09495172413793103
35,0.9767902574967218,0.9328731981608067,0.2804771197762916,0.3000995074268045,0.848926904794115,0.6579282306522335,0.08518911276069283,0.09484137931034482
36,0.9771384761985553,0.9334385744567715,0.2768650758075246,0.2964417739707848,0.8505343180340426,0.6590439194882565,0.08421703782255213,0.0944
37,0.9775681556108952,0.933710483449907,0.2729664057810564,0.292907008779871,0.8521368579389287,0.6594582789349158,0.08412866737363026,0.09478620689655172
38,0.9778543239866342,0.9341506001920037,0.26989698612890656,0.29016124734015303,0.852789945139904,0.6601630139193181,0.08342170378225522,0.0943448275862069
39,0.9783595331586878,0.9344173842744642,0.2661083992096583,0.28701923927150924,0.8544616252072089,0.6604679582328431,0.08262636974195829,0.09406896551724138
40,0.978688071887437,0.9344165662136054,0.26248467718137475,0.283971585807307,0.856149346051899,0.6606850927046899,0.08236125839519265,0.09406896551724138
41,0.9789581548057236,0.9346101097885794,0.25950161606032557,0.2814191713061826,0.8575663421314342,0.6619757187751445,0.08156592435489572,0.09368275862068966
42,0.9793491931750212,0.9348008142111608,0.2563099710819877,0.27845177951270134,0.8595954858119454,0.6622801383877817,0.08068221986567692,0.09335172413793104
43,0.9796118624048172,0.9348671974438004,0.25345396189780867,0.2762241708952805,0.8612760093005225,0.6627237404032075,0.08094733121244256,0.09313103448275863
44,0.9797039718678828,0.9349473914685876,0.25104364976003773,0.2738053241300172,0.862036196456234,0.6626250660887354,0.08085896076352068,0.09246896551724137
45,0.9798801929967333,0.9351245738263835,0.2486239680849192,0.2719160779650869,0.8629851169519337,0.6628729136219019,0.08094733121244256,0.09219310344827586
46,0.9801868501115738,0.9355649552352285,0.24618221234204957,0.26971085470318795,0.8640996050738261,0.6636987233190437,0.08050547896783315,0.09235862068965517
47,0.9804264245784352,0.935663627811182,0.24419941866593275,0.2683041161035669,0.8655099079840116,0.6639092733994914,0.07997525627430187,0.09274482758620689
48,0.9805974336596195,0.9359047873402676,0.24219529255704486,0.26619673488140105,0.866115202583133,0.6647552810643658,0.08050547896783315,0.09241379310344827
49,0.9808494092054107,0.9361169297694752,0.23923320271280196,0.26360655722248144,0.8674539598683908,0.6656796025339977,0.0784729586426299,0.09224827586206896
50,0.9811987961248246,0.9361869220941396,0.23696878478628938,0.2620168771708834,0.8686915745464794,0.6659121752411749,0.07723577235772358,0.09175172413793103
51,0.9816648250764913,0.9362759944853074,0.23420380495097548,0.2594963308564548,0.8713322066860875,0.6681560579744681,0.07705903145987981,0.09147586206896552
52,0.9820109769318365,0.9363649946946347,0.231811122879249,0.2577283818386752,0.8725840604555194,0.6691091158174166,0.07688229056203605,0.09086896551724138
53,0.9820971554441096,0.9364548370254345,0.2300279420027203,0.2557908970142233,0.8734676113949346,0.6691503181744793,0.07705903145987981,0.09086896551724138
54,0.9821051981728358,0.93643561259525,0.22880962801904287,0.2547899828235651,0.8737057794280564,0.6696942156975152,0.07750088370448922,0.0911448275862069
55,0.9824497774275921,0.9366311050799173,0.2266614755532303,0.2530356587385309,0.8755789318621027,0.6704992203642126,0.0767055496641923,0.09097931034482759
56,0.982547907704341,0.9365302670487492,0.22501413686893626,0.2518950616844769,0.8761701487560034,0.6709428167655649,0.07723577235772358,0.09086896551724138
57,0.9828777045135614,0.9366219379861748,0.223293698202363,0.25060985886978693,0.877409205444218,0.671485290569095,0.07599858607281725,0.09064827586206897
58,0.9831246477374681,0.9367943082212711,0.22119543988461096,0.24902520040150347,0.8790746146146564,0.6718405190871404,0.07537999293036408,0.09059310344827586
59,0.9832018399606616,0.9367974842222527,0.2203092133511449,0.24869067954606022,0.8794362517625788,0.6721917444457163,0.07582184517497349,0.0910344827586207
60,0.9833179428155697,0.9367919984023753,0.21880966654447684,0.2474401121464269,0.8800367205679089,0.6722380262605552,0.07591021562389537,0.0910896551724138
61,0.9834636105615496,0.9366921227957471,0.2174715790673748,0.24624881949476127,0.8806009101534815,0.671854888247922,0.07555673382820785,0.09136551724137931
62,0.9836069418723689,0.9368419963572231,0.2166238467224843,0.24560226068342556,0.881310260892331,0.6723836949354434,0.07599858607281725,0.09153103448275862
63,0.9838388779935127,0.9368920424332979,0.21479937071806973,0.24433977971323606,0.8824272854883687,0.6726456883899177,0.07626369741958289,0.09147586206896552
64,0.9840298366364536,0.937105411953794,0.2134424934291092,0.24320737489574942,0.8835873452806503,0.6732356055839026,0.07582184517497349,0.09097931034482759
65,0.9842007109233016,0.9371781712490105,0.21224212097566997,0.24265745050568005,0.8846164380556429,0.6737957513554073,0.07582184517497349,0.0912
66,0.9845357647116336,0.9374400469663176,0.20989614209033794,0.24066619178827467,0.8863033631321378,0.6743182751789355,0.07493814068575469,0.09026206896551724
67,0.9845976802433919,0.9374829711007971,0.2087226097441396,0.23977360340089635,0.8865447014328987,0.6747280881157287,0.07520325203252033,0.09048275862068965
68,0.9849958627125077,0.9372103643498702,0.20671126896049005,0.23820870348600479,0.8882897343588047,0.6747451711979918,0.07334747260516084,0.09004137931034482
69,0.9852008399664128,0.9371504534222613,0.2046768796580329,0.23643125295746942,0.8895680231272802,0.6746579779692369,0.0735242135030046,0.09042758620689655
70,0.9854451771664865,0.9372838454634916,0.2027973108559507,0.23491822547491253,0.8907731339858794,0.6750959257827767,0.07299399080947332,0.08993103448275862
71,0.9855301874611793,0.9371984543461889,0.20178489071096778,0.23410172341728006,0.8915467738908329,0.6747405115107513,0.07272887946270767,0.08987586206896551
72,0.9856935581966458,0.9371801923405443,0.20058158186197508,0.23364696180912956,0.8923019840201211,0.6748306497519098,0.07219865676917639,0.09026206896551724
73,0.9858403941602061,0.9372756167336754,0.19957947039628746,0.23285479334263967,0.8933137707358295,0.6750920081146161,0.07228702721809827,0.0896551724137931
74,0.9859195633669972,0.937436293510612,0.1987627504641021,0.23197915150302237,0.8937726297823393,0.6756310518829646,0.0716684340756451,0.08888275862068966
75,0.9861335269099818,0.9374725287945392,0.19748056198352767,0.23138139024330623,0.895149256447367,0.6755529963268084,0.07113821138211382,0.08866206896551725
76,0.9862120670765373,0.9376327243592057,0.19698886010570654,0.23110759851449522,0.8955865720478458,0.6760869368672381,0.07096147048427005,0.08893793103448276
77,0.9862990543548276,0.9376808937074278,0.1959273505821125,0.23030517690726396,0.896235020906224,0.6760132324260533,0.07051961823966066,0.08849655172413794
78,0.9864415768996296,0.93766852655209,0.19421956763166925,0.22901182295900993,0.897104018879513,0.6761878649552534,0.07034287734181689,0.08838620689655173
79,0.9866594045469185,0.9376303904796964,0.19322765881079454,0.22872246042921626,0.8982148490243128,0.6764501700242722,0.06972428419936373,0.08893793103448276
80,0.9868417363523431,0.9376613324286542,0.1920042343488863,0.2276598185199088,0.8992686943402113,0.6760242666483748,0.06919406150583245,0.08844137931034483
81,0.9869154239227955,0.9379143297795807,0.1913212115791853,0.2270348125629384,0.8997083245733688,0.6768015550962969,0.06972428419936373,0.08822068965517241
82,0.9871191430962295,0.9379669262806863,0.18985670704211705,0.22583101971149444,0.9005384183791275,0.6772047195069701,0.06972428419936373,0.08844137931034483
83,0.9873783076732844,0.9379218366909919,0.18813134151526203,0.22487847249903556,0.9020471204604783,0.6766441372919062,0.0690173206079887,0.0880551724137931
84,0.9876711708343877,0.9379273225108694,0.18692998805751787,0.22454394650482412,0.9037359172605023,0.6766387567077939,0.06733828207847296,0.088
85,0.9878180966608388,0.9378169805373697,0.18596671420354766,0.2239337953219126,0.9045291946262328,0.6764772727076751,0.06680805938494168,0.0881655172413793
86,0.9879519923681244,0.9377317097231345,0.18517133178344616,0.22344304958659,0.9053876287905777,0.6762437263444527,0.06654294803817604,0.0881655172413793
87,0.9880118410533943,0.9378744372824018,0.18473874486480127,0.22308948554496827,0.9057052279195859,0.6766418132170302,0.06645457758925416,0.0881655172413793
88,0.9881812326025443,0.9379751068892754,0.18359071370059496,0.22255716535546657,0.9070186245219352,0.6764987897446356,0.06680805938494168,0.08877241379310345
89,0.9882809804113276,0.9380321305432646,0.18234825887265144,0.2214250712260347,0.9075607462990211,0.6764955123210034,0.06636620714033227,0.08866206896551725
90,0.9883659008431296,0.9381076808696468,0.18155664978320085,0.22069494240009066,0.9080755982711168,0.6765473761878431,0.06574761399787911,0.08855172413793104
91,0.9884956628574386,0.9382480504887913,0.18043829866846448,0.21972048808464717,0.9089016836121284,0.6770803979504224,0.06601272534464475,0.0881655172413793
92,0.9886498675780441,0.9383741281035184,0.1793676173413543,0.21886026700136477,0.9095749265053724,0.6769762490051952,0.06548250265111347,0.08783448275862069
93,0.9889617816719961,0.9384303818178756,0.17750918873491608,0.21744164557233453,0.9116847750113685,0.677294091083596,0.06459879816189466,0.08684137931034483
94,0.9891513923715751,0.9382339028480549,0.17611224110980284,0.21647517494227866,0.9128763329745551,0.6771265409262166,0.06344998232591022,0.08651034482758621
95,0.9893638282454162,0.9383219165722287,0.17476616426864106,0.21542515895094339,0.9142396535673595,0.6772323165561334,0.06221279604100389,0.08612413793103449
96,0.9895068001046723,0.9383727325879355,0.1736439142275818,0.21452079667795834,0.9150081851874222,0.6776375618214595,0.0616825733474726,0.08524137931034483
97,0.9896220941935633,0.9384986658389816,0.17284401506082656,0.21414135718413724,0.9158041219712965,0.6777206832891133,0.0612407211028632,0.08513103448275862
98,0.9897072842140376,0.9383977315653594,0.17207064358371854,0.21378363020972446,0.9164211417455251,0.6777265490150157,0.06106398020501944,0.08502068965517241
99,0.9898190736501875,0.938378122165359,0.171224165292863,0.21341550363884146,0.9171624089628361,0.6778445695237529,0.06132909155178509,0.08513103448275862
100,0.9899451512859739,0.9383478057923521,0.17026023707925314,0.21300085406070896,0.9178881810938203,0.6778143544816128,0.06106398020501944,0.08524137931034483
101,0.9900369012974763,0.9383841373187334,0.16978699149962742,0.2128460226231351,0.9185490037280057,0.6779393130121835,0.0607988688582538,0.08529655172413793
102,0.9901991936782535,0.9383976112622919,0.1688089542446723,0.21214543692138174,0.9195614871675938,0.6782683397603875,0.0603570166136444,0.08507586206896552
103,0.9902240856990039,0.9383146983881795,0.16854233834643137,0.21203949459648594,0.919653546126877,0.6781883930132663,0.0603570166136444,0.0848
104,0.9904043506579402,0.9383406357295299,0.16762802649131187,0.21153645695790904,0.9207139050123135,0.6784281956634431,0.05973842347119123,0.0848551724137931
105,0.990503828878051,0.9384780940144412,0.16689136085877315,0.211298387134255,0.9213132841282492,0.6787085557764115,0.05920820077765995,0.0848551724137931
106,0.9906893058846534,0.9385951248384932,0.16569057408349158,0.21023438870163055,0.9224987354449318,0.6791901775619105,0.05894308943089431,0.0847448275862069
107,0.9907767424773977,0.9385526337950565,0.16484891370724994,0.20969268225547055,0.9230061792090145,0.6792763584391964,0.05858960763520678,0.0847448275862069
108,0.9909281614483885,0.9384014609604515,0.16381052464030132,0.2092402112777377,0.9238225758349943,0.678737478511335,0.05867797808412867,0.08452413793103448
109,0.991097283408866,0.938504632871129,0.16297178925412137,0.2086421442644478,0.9248434854604849,0.6790085608345716,0.05797101449275362,0.08408275862068966
110,0.9912672141353608,0.9385414696703936,0.16165256982674336,0.20763109271465963,0.9258980782198467,0.6792495052900319,0.05691056910569105,0.08380689655172414
111,0.9913683997503968,0.9384637779494102,0.1611068073956667,0.20737618793882429,0.9265492342347966,0.679214835684914,0.05673382820784729,0.08364137931034482
112,0.9915789485035312,0.9384523732186123,0.15961442431736625,0.2066330153194224,0.9281182117296101,0.6791174333513357,0.05585012371862849,0.0833655172413793
113,0.9917142820170697,0.938582011804137,0.15873884747266379,0.20628753547543852,0.9289682399141647,0.679343785300963,0.05585012371862849,0.08303448275862069
114,0.9917960572476937,0.9386624704956728,0.15817604174845454,0.2062003026224159,0.9295630574574268,0.6792666351860973,0.05567338282078473,0.0831448275862069
115,0.9919337271963928,0.9385288378483074,0.1570041038662555,0.20547302101620568,0.930506711443874,0.6788572850587833,0.05558501237186285,0.08253793103448276
116,0.9920802037083899,0.9385089156603315,0.15598980947091695,0.2047583447150886,0.9314391104149198,0.6791953461695659,0.05514316012725345,0.08264827586206897
117,0.992191453967195,0.9384279998171393,0.15520134323286497,0.20417831149526455,0.9322720199402877,0.6789624314385685,0.05452456698480028,0.08226206896551724
118,0.9923094439428098,0.9384803797727235,0.15452828934776985,0.20363082685177697,0.9331378892077891,0.6791488481876936,0.0544361965358784,0.08198620689655173
119,0.9923764816593434,0.938581626834321,0.15401256223347345,0.20318796699937305,0.9335689012049454,0.6795394881077972,0.053994344291269,0.08193103448275862
120,0.9925572857956245,0.9386357150934634,0.15272782545013483,0.20225678150420046,0.9347398447127525,0.6802199325747998,0.05364086249558148,0.08182068965517242
121,0.9926342084301456,0.9386836919567775,0.15216327997559434,0.20175143842327825,0.9354072164562833,0.6807159248554905,0.05346412159773772,0.08121379310344827
122,0.9926755453599116,0.9387376839734659,0.1519039903099778,0.201716067607187,0.9357486880134303,0.6808925256523127,0.05337575114881583,0.08121379310344827
123,0.9927494126561458,0.9386712044983723,0.15140698075557818,0.20151968881364526,0.9362241795715309,0.6810461218155174,0.05302226935312832,0.08137931034482758
124,0.9929304863810992,0.9385855246537076,0.15017237766499889,0.200560308728791,0.937400493875845,0.6807547313685776,0.05205019441498763,0.08104827586206896
125,0.9929584337401367,0.9386524131592308,0.14979483239634914,0.2003226535377767,0.9376055641644538,0.681227681824288,0.05187345351714387,0.08082758620689655
126,0.9930268194000322,0.9385650250110077,0.14918595684629757,0.20023175402324775,0.9380977336528742,0.6810053411967915,0.05160834217037823,0.08071724137931034
127,0.9931015853251742,0.9385945714443827,0.1486477456341682,0.19989484070808594,0.9385181488880002,0.6811318366815996,0.0516967126193001,0.08044137931034483
128,0.9932550711426534,0.9387144414208274,0.14761685564698893,0.19933480598557868,0.939656139727021,0.6813403517163911,0.05107811947684694,0.08027586206896552
129,0.9933065625790793,0.9386461092784943,0.14712866629484894,0.19925429060343525,0.9400629137343895,0.6812351379290275,0.05054789678331566,0.08066206896551724
130,0.9933909438335365,0.9384998688696564,0.14626650251083353,0.19896164292509444,0.9407199935349658,0.6809832821119362,0.04957582184517497,0.08
131,0.9935461370459407,0.9384637298281832,0.1450646654615175,0.1981512090654594,0.9419068661779278,0.6810534102216339,0.0499293036408625,0.08
132,0.9936901872598863,0.9384324269700229,0.14408901078091266,0.19769382302468835,0.9428563099818569,0.680944314900471,0.04957582184517497,0.07939310344827587
133,0.9937338606248131,0.9385095412362825,0.1436730714783473,0.19733989092557339,0.9431286264793713,0.680975547882167,0.04922234004948745,0.07900689655172413
134,0.9938308226839817,0.9385553045231547,0.14295677575927068,0.19670512152057912,0.9438801489990299,0.6809441471942806,0.04869211735595617,0.07895172413793103
135,0.993983320009662,0.9385107923881844,0.14191154264283556,0.1963924708229072,0.9451212460767968,0.6806173367164065,0.04825026511134677,0.07933793103448276
136,0.9940824387782098,0.9385354785776328,0.14136016907413884,0.19581409075521575,0.9460102543620248,0.6808147550507972,0.04851537645811241,0.07895172413793103
137,0.9941494764947434,0.9385699333761612,0.14064865077725655,0.19527363847690024,0.9465459737177105,0.681134276673616,0.04842700600919052,0.07873103448275862
138,0.9941990808104626,0.9386912469894158,0.14025963505622896,0.1948940720008365,0.9469449229548547,0.6812453311640888,0.04842700600919052,0.07878620689655172
139,0.9942111224378293,0.938678831712851,0.14025235089182841,0.19495097536761957,0.9469857937640735,0.681298847681231,0.04825026511134677,0.07884137931034482
140,0.994297480675884,0.9387198069376373,0.13971770436659942,0.1946151807125144,0.947775551321234,0.6815012739359382,0.04807352421350301,0.0785655172413793
141,0.9943372000736157,0.9387141526934654,0.1391158494946249,0.19428789080791176,0.948128664265989,0.6815819137919912,0.04825026511134677,0.0785103448275862
142,0.9943734148186064,0.938824398424511,0.1386043887319249,0.19407622906596175,0.9484058564493094,0.6820434365562361,0.04798515376458112,0.0783448275862069
143,0.9943824909705767,0.9387740636210742,0.1384779561811646,0.19409507051735217,0.9484867856182421,0.6821262620268332,0.04798515376458112,0.0784
144,0.9945038957360418,0.9387714650748165,0.13758027753248278,0.19365067559418686,0.9494484663879357,0.6824238789944003,0.04780841286673736,0.07806896551724138
145,0.9945830649428328,0.9386910304438942,0.13680233871910347,0.19337525334625089,0.9500872013475762,0.6825396405432123,0.04736656062212796,0.07801379310344828
146,0.9946499229335849,0.9386131943592297,0.13618299164863504,0.19296897026012683,0.9505779082886721,0.6826760952588729,0.04701307882644044,0.07784827586206897
147,0.9946966516367987,0.9386183914517452,0.13568271189067305,0.19280967735782073,0.9509575535350091,0.6827502276309093,0.04648285613290915,0.07784827586206897
148,0.9947195666739516,0.9386286893943222,0.13560219758913272,0.19288144199122065,0.9511584877633019,0.6828610355185963,0.04630611523506539,0.07801379310344828
149,0.994820572563206,0.9386771955911332,0.13486263275464025,0.1925708569584607,0.9520319696001496,0.683025122289656,0.04595263343937787,0.07795862068965517
150,0.9949103455911109,0.9388025032662283,0.13402875732609318,0.19200430776761074,0.9528505469180628,0.6831678961584358,0.04604100388829975,0.07768275862068966
151,0.9949668693494215,0.9387769990159209,0.13331055347202997,0.1915626000917645,0.9532167110161033,0.6833794584854457,0.04524566984800283,0.07768275862068966
152,0.9950926773965355,0.9386973343246307,0.13207143644678346,0.19081221568027254,0.954231604185898,0.6833053937604084,0.04515729939908095,0.07740689655172414
153,0.9951516274528974,0.938785420230645,0.13134391651349217,0.190489585855828,0.9546775761961078,0.6833526466668018,0.04453870625662779,0.07718620689655173
154,0.9951773282396651,0.9388278631528547,0.1309459748370596,0.1902846724686245,0.9548940786537276,0.6838422739212735,0.04418522446094026,0.07724137931034483
155,0.9953391713059881,0.938766364224755,0.1299302883534135,0.18973179071465957,0.9561558771117104,0.6839193715389666,0.04462707670554966,0.0768
156,0.9953799690584094,0.9388971577197276,0.1294439305887829,0.18937810653263767,0.956473013501506,0.6842308736362098,0.04427359490986214,0.07641379310344827
157,0.9954425136304033,0.9388939576581323,0.128946836781078,0.18921013928951116,0.957037494862371,0.6838271520214863,0.04409685401201838,0.07619310344827586
158,0.9955212335227404,0.9390219360613257,0.12849106292381973,0.1889849510736073,0.9576874183962049,0.6837330138712768,0.04392011311417462,0.07624827586206896
159,0.9956263731049714,0.9391031165712663,0.12766296554993425,0.18845448675968138,0.9585829286560799,0.6843029814830902,0.04347826086956522,0.07591724137931034
160,0.9956979938289355,0.9391134145138432,0.12697861456075746,0.1881189409654989,0.9591465655018109,0.6841649744175281,0.0431247790738777,0.07569655172413793
161,0.9957448123950401,0.939076649896419,0.1265210140309339,0.18808876463242583,0.9595073859571823,0.6838470360141924,0.04330151997172146,0.07564137931034483
162,0.9958264078998826,0.9391195259096716,0.125874734204817,0.18777202609104812,0.9601805524770892,0.684019338630723,0.04285966772711206,0.07564137931034483
163,0.9958516593721963,0.9391551596782615,0.12551217970190048,0.18760892122810194,0.9604360172973861,0.6842505260536422,0.04277129727819017,0.07575172413793103
164,0.9959683014044491,0.9390756874718792,0.1243847472253803,0.1870413776523498,0.9614677269489803,0.6842999563438328,0.04250618593142453,0.07542068965517242
165,0.9960128733982838,0.9389835112615702,0.12401687475850683,0.18677829719473577,0.9618648243377002,0.6844334805397533,0.04215270413573701,0.07531034482758621
166,0.9960379451448158,0.939008750845129,0.1237780231939575,0.1867739199151028,0.9620824606750363,0.6844674506305204,0.04206433368681513,0.07497931034482759
167,0.9960433369182636,0.9390128411494236,0.1236765099994682,0.18666824810488536,0.9621017974798463,0.6844482610434723,0.04224107458465889,0.0752
168,0.9960902004158135,0.938931756881937,0.12322077197792151,0.1864727777335054,0.9625257731805966,0.6843873324902812,0.04215270413573701,0.0752
169,0.9961499592381927,0.9388796656537148,0.12273531296157304,0.1864771700676129,0.9629918586135737,0.6841998431711445,0.04232944503358077,0.0752551724137931
170,0.9962040117670063,0.9389576461020603,0.12225740257690663,0.18642063836412473,0.9634538444400945,0.684380922127235,0.04206433368681513,0.0752
171,0.9962295328279923,0.9389763652593613,0.12206481147204928,0.1864741927092397,0.963712044906654,0.6844578452743869,0.04206433368681513,0.07536551724137931
172,0.9962337563838598,0.9390022544794847,0.12187777350588799,0.18631764250224583,0.9637184373520385,0.6847441023293942,0.04197596323789325,0.07531034482758621
173,0.9962414845924682,0.9390171479992396,0.12140911691718773,0.18591504103841966,0.9637792020311423,0.6849463428312408,0.04188759278897137,0.0751448275862069
174,0.9962967502703076,0.9389921490218157,0.12104954761591702,0.18562395061743928,0.9642442543819258,0.6847790259639375,0.04135737009544008,0.0751448275862069
175,0.996353723343072,0.9390083658753131,0.120249828411306,0.18516579596675,0.9647178932595613,0.6846914640215163,0.04073877695298692,0.07470344827586207
176,0.9963843665888334,0.9389306019724891,0.11977686194344035,0.18492982742135927,0.9649666450671608,0.6845065698704882,0.04065040650406504,0.07470344827586207
177,0.9964176158584278,0.9389445571283177,0.1193825516831506,0.1848033427805479,0.9653132072710688,0.6847672557265541,0.0403852951572994,0.07448275862068965
178,0.9964931905495871,0.9390101463607119,0.11853353941800035,0.18416731368171307,0.965980132718054,0.6849045909753136,0.03958996111700248,0.07404137931034482
179,0.9965483663645357,0.938941814218379,0.1177843585698375,0.18371519509569004,0.966420167564203,0.6849098141061061,0.03950159066808059,0.07376551724137931
180,0.9966003969783064,0.9389353178527347,0.1172635867836892,0.1833447201063736,0.9668401553473838,0.6850892576254295,0.03897136797454931,0.07376551724137931
181,0.9966513043059422,0.9388680924986226,0.1169815436947146,0.1834226003161206,0.9672961236274561,0.685004694807028,0.03879462707670555,0.07415172413793103
182,0.9966898105546481,0.938883202563899,0.11654565947019535,0.18311631421894797,0.9676225615116164,0.6852950607647754,0.03852951572993991,0.07376551724137931
183,0.9967364493949711,0.938892056869666,0.11621785491805955,0.18308520622602584,0.9680725267766042,0.6854128790466092,0.03844114528101802,0.07376551724137931
184,0.9967600833352505,0.9388774280166595,0.11610147237867563,0.18298121654006796,0.9682743295171381,0.6854231576619814,0.03861788617886179,0.07382068965517241
185,0.9968250542052958,0.938903076630648,0.11541981504627499,0.1826957153862005,0.9687729436884752,0.6858031359741128,0.03826440438317427,0.0736
186,0.9968864305597093,0.9389580791931033,0.11447232683208472,0.18203522218962537,0.9693183365965341,0.6857963995054963,0.03826440438317427,0.07337931034482759
187,0.9968923615105018,0.9389299282753112,0.11431290537220183,0.18196787418260657,0.9693507017092683,0.6857056702873187,0.03817603393425239,0.07321379310344828
188,0.9969224655789183,0.9389856045349444,0.11387038857937586,0.181712592308045,0.9696579834033952,0.6860915595749696,0.03835277483209615,0.07310344827586207
189,0.9969689246934597,0.9388837800186229,0.11316409073216338,0.1813655540599014,0.9700727316224971,0.6859000081783423,0.03782255213856486,0.07332413793103448
190,0.9969899526099059,0.9388318090934683,0.11290159592124756,0.1813977213723858,0.9702364032549967,0.6856839728240763,0.0376458112407211,0.07337931034482759
191,0.9970472851342336,0.9388074597526088,0.11242656724794943,0.181140940309731,0.9708121789218214,0.6854392643545434,0.0376458112407211,0.07288275862068966
192,0.9970768500253054,0.9388388347926095,0.11228816306559093,0.18112780373138215,0.9710576022297299,0.6854716007804383,0.03755744079179922,0.07299310344827586
193,0.9971059656019232,0.9388409521265974,0.11212864714587124,0.18106450579253602,0.971325096075456,0.685281569638985,0.03738069989395546,0.07304827586206897
194,0.9971512564988843,0.938815111027701,0.11165189222171387,0.18076242376155188,0.9717285920001933,0.6853224698610114,0.0372039589961117,0.07304827586206897
195,0.9972097572407923,0.9388406152780083,0.1110256072277344,0.18068090169862364,0.9722861588818865,0.6854529920198001,0.03693884764934606,0.07244137931034483
196,0.9972393221318641,0.9388442003094195,0.1104228310929914,0.18034060137853797,0.97259020148317,0.6855154473423527,0.0367621067515023,0.07271724137931035
197,0.9973038436874554,0.9388059679945719,0.10984008300612255,0.18017570604255165,0.9731296602316916,0.6851635045745532,0.03667373630258042,0.07293793103448276
198,0.9973310721433666,0.9388614517692973,0.10939135569030363,0.17973710327819312,0.9733583419963735,0.6853690882234147,0.03658536585365853,0.07299310344827586
199,0.9973521000598128,0.938810274844388,0.10900544957034307,0.17969605758963875,0.9735177771085174,0.6850954659727361,0.03623188405797102,0.07304827586206897
200,0.9973937065782512,0.9388115500569033,0.10853619319265617,0.179532055887999,0.9739000282843072,0.685085984819557,0.03614351360904913,0.07282758620689656
201,0.9974277646138627,0.9388123681177623,0.10821239636886693,0.17943765618422888,0.9742622495552966,0.6854309716667459,0.03605514316012726,0.07266206896551725
202,0.99750989929605,0.9388793528657394,0.10740645381912628,0.17884327909836528,0.9750813492124547,0.685568605769251,0.03579003181336161,0.07249655172413794
203,0.9975647156594355,0.9388268285464743,0.10671524174828205,0.17864166674050502,0.9755966057411793,0.6851949129050839,0.03561329091551785,0.07249655172413794
204,0.9975753194805493,0.9388012039930994,0.10654183746385577,0.17850093776791695,0.9756767662222443,0.6853246109512753,0.03534817956875221,0.07227586206896552
205,0.9976280689974465,0.9387629957388653,0.1059112581471417,0.17809833813261658,0.9762249123095808,0.6854655685149433,0.03481795687522093,0.07188965517241379
206,0.9976446037693528,0.9387903767170255,0.10550489817047137,0.17792239181645986,0.9763554199539535,0.6855827459869773,0.03472958642629904,0.07172413793103448
207,0.9976709335963561,0.9388003859322405,0.10516347855048824,0.17784924980518568,0.9765876899742623,0.6855271608736327,0.03464121597737717,0.07172413793103448
208,0.9976765949584762,0.938824061575922,0.1051054582562211,0.17791792763062786,0.9766515502241069,0.6855520903207145,0.0344644750795334,0.07177931034482758
209,0.9976942979479629,0.9388390272775176,0.10491787799045384,0.1779815380934674,0.9768272411787685,0.6854011259429639,0.03455284552845529,0.07177931034482758
210,0.9977218858554372,0.9388200675140814,0.10457572392723846,0.1777013305166736,0.9770863740632244,0.6857078450370354,0.03455284552845529,0.07194482758620689
211,0.9977679855184154,0.9388270932132228,0.10410177961430593,0.1774311440104707,0.9775432527619113,0.6856272694035921,0.03419936373276776,0.07161379310344827
212,0.9978307996790816,0.9388787513504019,0.10329612994965012,0.17690971928829777,0.9781498177697775,0.685721753543833,0.03419936373276776,0.07172413793103448
213,0.9978738440037728,0.9388530546151865,0.10264119321333733,0.17649499174174613,0.9785312418900464,0.6854997409580678,0.03375751148815836,0.07161379310344827
214,0.9979079020393844,0.9388381129742046,0.1021844158394212,0.17622718656705813,0.9788185168569449,0.6855885448516587,0.0335807705903146,0.07155862068965517
215,0.9979325244714624,0.9388113575719954,0.10186061060047644,0.17616856507711104,0.9790457422610988,0.6854593510645569,0.0335807705903146,0.07166896551724138
216,0.9979871611090663,0.9387934083543262,0.101037059723977,0.1757267285253467,0.979551913473745,0.6854910083515577,0.03331565924354896,0.07144827586206896
217,0.9980581527927949,0.9387558978578836,0.10026340318958163,0.17523777451746905,0.9802997328155323,0.6856492255887476,0.0331389183457052,0.07117241379310345
218,0.9980811576928386,0.938732751547699,0.09983681512051308,0.1750667786540034,0.9805568102303349,0.6857163832557569,0.03305054789678331,0.07095172413793104
219,0.9980819664588557,0.938775362894203,0.09970353930645286,0.17504236425060282,0.9805823741610331,0.6861135812298044,0.03305054789678331,0.07089655172413793
220,0.9981273472187076,0.9387290221526069,0.09892349711555853,0.17469737099241545,0.9810173922307306,0.6861681126305489,0.03287380699893955,0.07045517241379311
221,0.9982168506579402,0.9387427367023005,0.09812632831451008,0.1744229487766548,0.9818803058741952,0.6861222314067253,0.03234358430540827,0.07051034482758621
222,0.998270139352182,0.938824446545738,0.09757425321363289,0.17404369733036568,0.9824387105080041,0.6863775734388337,0.03207847295864263,0.0704
223,0.9982782270123536,0.9387715613172705,0.09739947816956639,0.17408854457536022,0.9825045186386052,0.6861321767763371,0.03234358430540827,0.0702896551724138
224,0.9982732845533598,0.9387239694237723,0.09738266500469508,0.17416115033135163,0.982433311096767,0.6860525048692431,0.03234358430540827,0.0702344827586207
225,0.9983020406784145,0.9387245949997233,0.09705767798077843,0.17391289365777168,0.9826949903943936,0.6861009441999556,0.03172499116295511,0.0702344827586207
226,0.9983275617394005,0.9387595791317487,0.09679033627847167,0.17373262071421505,0.9829533069241467,0.6862285245876771,0.03190173206079887,0.0702896551724138
227,0.9983285502311993,0.9387793569560436,0.09665369192321559,0.17375333318841715,0.9829857206585811,0.6863258906861308,0.03163662071403323,0.0702896551724138
228,0.9983566773160183,0.9388233638181306,0.09619842006045076,0.17342517103370367,0.9832481834558623,0.6867098023723776,0.03128313891834571,0.07006896551724139
229,0.9983843550863833,0.9388130658755537,0.09591929528187505,0.1732897197380931,0.9835113401803123,0.6868581684847196,0.03119476846942382,0.07006896551724139
230,0.9984026871161057,0.9388189847864741,0.09571915757272373,0.1732086124212758,0.983697903915521,0.6869383145238471,0.03128313891834571,0.06995862068965518
231,0.9984380930950792,0.9387424960961654,0.09512251243700547,0.1730306108846538,0.984094950932463,0.6866872203746219,0.03092965712265818,0.06984827586206896
232,0.9984844623467298,0.9386505604919915,0.09438145897707952,0.17257324927365408,0.9845249683606082,0.6864985898518465,0.03031106398020502,0.06946206896551724
233,0.9985025247877798,0.9386730090443847,0.09413526114362374,0.17236960696806158,0.9846853409137624,0.686823110116514,0.03031106398020502,0.06935172413793103
234,0.9985069280694288,0.938654891402421,0.0939109191265482,0.1723651855063737,0.9847159662335774,0.6868015570500731,0.03022269353128314,0.06929655172413793
235,0.9985273269456394,0.9386775805609492,0.09347845523204762,0.17224080288552174,0.9849084885251385,0.6869981563342625,0.02978084128667374,0.06907586206896552
236,0.9985336173479952,0.9387072713580051,0.0932834902821759,0.1721422018656776,0.9849808228813728,0.6872329571693425,0.02978084128667374,0.06924137931034482
237,0.9985566222480389,0.9387100623891708,0.0930970227354871,0.17218901623967545,0.9852376777622264,0.6873167648154916,0.02978084128667374,0.06935172413793103
238,0.9985851087844211,0.9387103029953058,0.09285524436198442,0.1722995355508246,0.9855191014060796,0.6872311829948425,0.02969247083775186,0.06924137931034482
239,0.9986037104028158,0.9387711282262275,0.09267622068053023,0.1723014081517407,0.9856933819564149,0.6872080763353832,0.02960410038882998,0.06918620689655172
240,0.998621233666521,0.938771681620338,0.09242723180381555,0.17206730863039407,0.985864575561007,0.6871892176775095,0.02942735949098621,0.06929655172413793
241,0.9986397454220249,0.9387798381683136,0.09199313697524425,0.17186824595286984,0.9860300485408132,0.6873479288506162,0.02889713679745493,0.06907586206896552
242,0.9986601442982356,0.9387256536667172,0.09156210135520723,0.17185747616058294,0.9861914035731465,0.6873189687148344,0.02836691410392365,0.06896551724137931
243,0.9986730845545101,0.9386994275980048,0.09147660845205857,0.1718682481908123,0.9863139908165418,0.6872663959380585,0.02819017320607989,0.06913103448275862
244,0.9986954604143182,0.9387292627587418,0.09101591733093052,0.1714761147104015,0.9865192354638492,0.6873648856035561,0.02845528455284553,0.06918620689655172
245,0.9986912368584508,0.9386950966875753,0.09098557167821669,0.17159068623447654,0.9864974590352875,0.6874609641216728,0.02845528455284553,0.06913103448275862
246,0.9987020204053464,0.9386517875832798,0.09064202400783249,0.17147058336564444,0.9865986774572155,0.6874756425985464,0.02810180275715801,0.06896551724137931
247,0.9987252050311717,0.9385899036853642,0.09018846713392245,0.17128511730047016,0.9868336266439152,0.6875084154563063,0.02810180275715801,0.0687448275862069
248,0.9987345507718144,0.9386064573874504,0.08977907455303567,0.1709417485229392,0.9869199424031115,0.6877385014120694,0.02792506185931425,0.06852413793103448
249,0.9987461430847271,0.9386043881746897,0.08951550845991962,0.17077069894008395,0.9870396968957507,0.6876620597750261,0.02730646871686108,0.06863448275862069
250,0.9987836159101888,0.9385973143543214,0.08905487595553285,0.1705409229065396,0.9874170866797718,0.6878976752562493,0.0267762460233298,0.0689103448275862
251,0.9987979041098254,0.9385157007533378,0.0888292734249576,0.1705791694032791,0.987548071291075,0.6876994031411996,0.0267762460233298,0.06852413793103448
252,0.9988056323184338,0.9384766263170178,0.08877647810257817,0.17064164793266362,0.9876190693781778,0.6877750211250724,0.0267762460233298,0.06852413793103448
253,0.9988149780590766,0.9383885644716169,0.08807455250639046,0.17025219980208986,0.9876819551919452,0.6878350853280962,0.02651113467656416,0.06857931034482759
254,0.9988332202259081,0.93838803513812,0.08781238510618458,0.17003392881864646,0.9878549076412155,0.688009171559907,0.02651113467656416,0.06824827586206897
255,0.9988554163599347,0.9384382736991028,0.08757365852104404,0.16997674994197884,0.9880905543732633,0.6879967895351942,0.02624602332979852,0.06824827586206897
256,0.9988626053911983,0.9385043441437669,0.0872223609792079,0.16969955152961935,0.9881661351982921,0.6879821811033366,0.02624602332979852,0.06824827586206897
257,0.9988822853642826,0.9385283566360375,0.08682429424250672,0.16960524486608017,0.9883563389111077,0.6878791861982725,0.02642276422764228,0.06802758620689656
258,0.9989231729795947,0.9385100705697794,0.08635419479301151,0.16939039785487534,0.9887675358643735,0.687806994455294,0.02615765288087664,0.06769655172413794
259,0.9989372814534496,0.9383646001005733,0.08571294872459086,0.16916356104309913,0.9889111883459881,0.6876437264499263,0.02580417108518911,0.06764137931034482
260,0.9989629822402172,0.9382868121371358,0.08526873274718956,0.16893743873833747,0.9891443856711957,0.6874568350615934,0.02545068928950159,0.06753103448275861
261,0.9989633416917804,0.938232507332472,0.08505568507220397,0.16888601079657292,0.9891361954733717,0.687528712113754,0.02553905973842347,0.0673103448275862
262,0.9989904802848006,0.9382989146257251,0.08473677503422912,0.1687158055094737,0.9894123400398471,0.6875913737923939,0.02518557794273595,0.0672
263,0.9989965010984839,0.9382861625005714,0.08444361413698313,0.16860531567319553,0.989462440330751,0.687494936955145,0.02518557794273595,0.0673655172413793
264,0.9990188769582922,0.9382486760647423,0.08400102078151654,0.1682782082689898,0.9896857701935817,0.6878681973580125,0.02500883704489219,0.0672
265,0.9990327158434746,0.9382608266745586,0.08382237473462124,0.16814609834682517,0.98982053662641,0.6879351760449948,0.02518557794273595,0.06692413793103448
266,0.9990447574708413,0.9382547633999572,0.08354793960419213,0.16805918212171828,0.9899336623933118,0.6878399643652243,0.02509720749381407,0.06686896551724138
267,0.9990709974349536,0.9382079173854775,0.08311101788519311,0.16774116088772104,0.9902212560535886,0.6879921528879264,0.02500883704489219,0.06703448275862069
268,0.9990759398939474,0.9381727888897711,0.08286233692282466,0.1676319229060246,0.990258466882398,0.687977951047426,0.02492046659597031,0.06697931034482758
269,0.9990889700131128,0.9381793333766424,0.0826273000058756,0.16759681008717442,0.9903974830253114,0.6879228039656543,0.02492046659597031,0.06714482758620689
270,0.9990904976822563,0.9382319298777481,0.08239810137955757,0.16753189037917965,0.9904176871952388,0.688049179455119,0.02465535524920467,0.06697931034482758
271,0.999102988624077,0.9383097900230261,0.08213661527502783,0.1673581107751617,0.9905259874356102,0.6882204543374166,0.02456698480028278,0.06692413793103448
272,0.9991144910740988,0.9383177540860936,0.08189612193742575,0.1672842503421697,0.9906561871337658,0.6883027186689431,0.02421350300459526,0.06681379310344827
273,0.999130666394442,0.9381863109545567,0.08161976896250177,0.16720291081765618,0.9908277455073662,0.6882614900181685,0.02430187345351715,0.06692413793103448
274,0.9991454039085326,0.9381610473103843,0.0813673678474984,0.1672468136153232,0.991003972026882,0.6884960412091818,0.02412513255567338,0.06675862068965517
275,0.9991555584151924,0.9380969498360269,0.08106214276332924,0.1672720793506835,0.9911190384587365,0.6882566306079229,0.02394839165782962,0.06675862068965517
276,0.9991735309933516,0.9380711568583576,0.0807180960698142,0.16713600888010838,0.991289489256254,0.6882596884834311,0.02377165075998586,0.06664827586206896
277,0.9991968054820677,0.9380777975876828,0.0801957576877416,0.16686972243121648,0.991535316403999,0.6881210966425441,0.02350653941322022,0.06615172413793104
278,0.9992188218903126,0.9380344884833873,0.07992485653533872,0.1668685023886025,0.9917452989378134,0.6878092792310023,0.02368328031106398,0.06604137931034483
279,0.9992401193954312,0.9380608829763941,0.07940839714086206,0.1665988233208899,0.9919547855095119,0.687889704573979,0.02324142806645458,0.06604137931034483
280,0.9992535089661598,0.9380446420622833,0.07884022565491966,0.16637911361828306,0.9920876724436183,0.6878654759639982,0.02297631671968894,0.06604137931034483
281,0.9992596196427339,0.9380873015300144,0.07853192975110306,0.1662412701493912,0.9921374281111007,0.6876223440941167,0.02271120537292329,0.06576551724137931
282,0.9992861291955186,0.9380839089835112,0.07816806267176951,0.1661214330166482,0.9924368964082625,0.687587613013561,0.02209261223047013,0.06571034482758621
283,0.9992973620568681,0.9380836202561493,0.07799598709609984,0.16610935252910353,0.9925570992790695,0.6877064114429344,0.02182750088370449,0.06587586206896552
284,0.9993069773861832,0.9381062372328369,0.07747188076500279,0.16576209434412553,0.9926713020182083,0.6878923510273844,0.02165075998586073,0.06565517241379311
285,0.9993273762623939,0.9381000536551681,0.07702779125614115,0.16567170189971994,0.9928949163747893,0.6881124384728838,0.02156238953693885,0.06565517241379311
286,0.9993395077526513,0.9381152118416716,0.07672271108469095,0.1656632985436755,0.9930153272301332,0.6879616128591743,0.02138564863909509,0.0654344827586207
287,0.9993369915917091,0.9380877346210573,0.07653537372429797,0.1655883946557474,0.9929729679687433,0.6878684323603228,0.02120890774125133,0.0655448275862069
288,0.9993440907600819,0.9380694966760262,0.07619119697288562,0.16550562957688636,0.99303670503335,0.6877822821162177,0.02120890774125133,0.0654344827586207
289,0.9993486737675125,0.9380447383047373,0.07604644100819115,0.16560853926389085,0.9930853806998964,0.6876690823471363,0.02112053729232944,0.0654344827586207
290,0.9993496622593112,0.9380173332659636,0.07585460762470132,0.16555498873128802,0.9930880974905469,0.6875186711089002,0.02103216684340756,0.06526896551724137
291,0.9993600863546436,0.9379968095626502,0.0756042062969492,0.16552142554496824,0.9931859952411524,0.6875383054729939,0.0208554259455638,0.06515862068965517
292,0.9993648490878557,0.9380102835062089,0.07538999634154218,0.16545838953567538,0.9932370730512323,0.687475618814303,0.02076705549664192,0.06526896551724137
293,0.9993644896362925,0.9379828544068217,0.07529352062207482,0.16542161061634564,0.993236993302351,0.6875842354379998,0.02067868504772004,0.06521379310344827
294,0.9993782386585843,0.9379450311224036,0.07501280722360797,0.1652541252688863,0.993393624883494,0.6874595173440946,0.02067868504772004,0.06521379310344827
295,0.9993818331742161,0.9380067947172517,0.07451514279867703,0.16501466017430216,0.9934254066539681,0.6874402851845628,0.02067868504772004,0.06493793103448275
296,0.9993891120683706,0.9379689954934471,0.07428182888962584,0.16493688499114692,0.9934978313499214,0.6875875672117203,0.02059031459879816,0.06466206896551724
297,0.9993985476719042,0.9379489289417902,0.07404571134752042,0.1648084024408824,0.9936013641672,0.6876124576161518,0.02059031459879816,0.06449655172413793
298,0.9994102298477076,0.9377981170163877,0.07370454142092997,0.16474636528436776,0.9937204254015303,0.6873683866627638,0.02023683280311064,0.06455172413793103
299,0.9994140939520118,0.9378163549614188,0.07368735029439577,0.1647990934108984,0.9937548481561997,0.6873800666989488,0.02032520325203252,0.06444137931034483
300,0.9994141838149025,0.9378093292622776,0.0735366490165648,0.16473654132414567,0.9937558250864942,0.6873103945691053,0.02023683280311064,0.06449655172413793
301,0.9994161607985,0.9378203490232594,0.07314110665192927,0.1646033825377244,0.9937876044681621,0.6871258553762263,0.02006009190526688,0.06449655172413793
302,0.9994189016166694,0.9378424366664502,0.07292021643979542,0.1646223098215111,0.99383221921139,0.6871962736206153,0.02014846235418876,0.06482758620689655
303,0.9994308084496998,0.9378331252090266,0.07266845429751288,0.1647722766456388,0.9939498439177317,0.6872141949253403,0.01988335100742312,0.06504827586206896
304,0.999451387051692,0.937862888187923,0.0722927987759553,0.16464105964300216,0.9941842578361572,0.6873548982219229,0.01961823966065748,0.06499310344827586
305,0.9994546221157606,0.9378596400051008,0.07208745460427313,0.16456497640199258,0.994214771352493,0.6873944348071493,0.0195298692117356,0.06493793103448275
306,0.9994651360739838,0.9378958993496416,0.07183601942162138,0.16448333759261155,0.9943199455911945,0.6875316792481729,0.01944149876281372,0.06493793103448275
307,0.999472954145483,0.9378361809069408,0.07154963955994201,0.16427570755491014,0.994407375314131,0.6876731891205506,0.01917638741604807,0.06499310344827586
308,0.9994772675642412,0.9378853608009297,0.07138886057622008,0.16418851046180352,0.9944537841223977,0.687805652624701,0.01926475786496995,0.06499310344827586
309,0.9994883656312544,0.9378492698806834,0.07119640440217126,0.16418805212063287,0.9945679388124989,0.6876750405980164,0.01926475786496995,0.06499310344827586
310,0.9994930834330212,0.9379282127535687,0.07084535718538841,0.16404502340544513,0.9946107286029541,0.6876877845078336,0.01908801696712619,0.06482758620689655
311,0.9994954198681819,0.9378718146755306,0.07075329929891769,0.16395768304125793,0.9946339308064871,0.68766024419376,0.01908801696712619,0.06482758620689655
312,0.9995040467056984,0.9378013170779829,0.07031219718212034,0.16394887073079167,0.994719188277695,0.6872526935348627,0.01908801696712619,0.06460689655172414
313,0.9995152795670478,0.9377141935965083,0.069881484377955,0.1640016999885504,0.9948301585880532,0.6868612954095952,0.01891127606928243,0.06460689655172414
314,0.9995221091467482,0.9377303623287787,0.06973309537719562,0.16383725912148145,0.9949041926576958,0.6870178341143114,0.01891127606928243,0.06444137931034483
315,0.999536307483494,0.9376713657044827,0.0694569400195754,0.16368674817127987,0.9950652942612095,0.6867772173079818,0.01855779427359491,0.06416551724137931
316,0.9995408904909245,0.9376808455862008,0.06939858502649834,0.16363611546228019,0.9951118593973166,0.6867965004682978,0.01864616472251679,0.0640551724137931
317,0.9995454734983551,0.9376842140720905,0.06905519941389536,0.1636511758687616,0.9951587081535556,0.6865551360204782,0.01829268292682927,0.06433103448275862
318,0.9995577847143942,0.9376311122981014,0.06881831558555694,0.1636197127820132,0.995287037520939,0.6865258825734677,0.01855779427359491,0.06433103448275862
319,0.9995628170362787,0.9376621023682862,0.06867200594847436,0.16345713119932365,0.9953406866826119,0.6865718274474666,0.01829268292682927,0.06427586206896552
320,0.9995687479870713,0.9376926352868146,0.06844174935841342,0.16331564912628502,0.9954001357782032,0.6868709234852057,0.01820431247790739,0.06422068965517241
321,0.9995770153730245,0.9376582767307401,0.06824705965400076,0.16330678628300024,0.9954799161315536,0.6867426354414584,0.01838105337575115,0.06427586206896552
322,0.999582946323817,0.9376564481241143,0.06793278039137907,0.16331919779031173,0.9955404272462247,0.6866642512965961,0.01811594202898551,0.06427586206896552
323,0.9995882482343739,0.9376070757452174,0.06770232981228531,0.16324390241879375,0.9955980434742279,0.68660174060324,0.01767408978437611,0.06433103448275862
324,0.9995955271285284,0.937571899128284,0.0674001367299962,0.16323694999555402,0.9956832255461137,0.6865906346129977,0.01749734888653234,0.06433103448275862
325,0.9995978635636891,0.9375989913790822,0.0673292644932583,0.1632127712761041,0.9956994233946113,0.6865727901804529,0.01758571933545422,0.06422068965517241
326,0.9996029857484644,0.937581523373683,0.0672292147469395,0.16330108298645135,0.9957534910210322,0.686668685240881,0.01767408978437611,0.06438620689655172
327,0.9996174536738826,0.9376957631665692,0.06690578121841877,0.1629938463975276,0.9959048134624057,0.6869852400469924,0.01758571933545422,0.06427586206896552
328,0.9996196103832616,0.9376644362477955,0.06677401598636301,0.16301936112571255,0.995929409513676,0.6870088359431524,0.01758571933545422,0.06422068965517241
329,0.9996205090121696,0.9376612602468137,0.06663570178980897,0.16299530699041268,0.9959436763739737,0.6869235624539982,0.01776246023329799,0.06427586206896552
330,0.9996206887379512,0.9376135721108617,0.06646246810516482,0.16296184209066128,0.9959389396931545,0.686768618219019,0.01749734888653234,0.064
331,0.9996232947617842,0.9376125615650948,0.06636035136813513,0.1629667402972661,0.995970662904964,0.6867802013468505,0.01767408978437611,0.06416551724137931
332,0.9996350668004785,0.937668911521906,0.06601101445753327,0.16279750510118632,0.9961005817726193,0.6869262328885042,0.01732060798868858,0.0638896551724138
333,0.9996409078883802,0.9376721837653417,0.06587227501823202,0.16265497493977107,0.9961580628643834,0.6870183255442134,0.01732060798868858,0.06383448275862069
334,0.9996516015723849,0.9376755522512313,0.06558558600044365,0.162515996234899,0.9962736799361961,0.687038202100779,0.01714386709084482,0.06355862068965518
335,0.9996549264993444,0.9377231922659564,0.06551264719915725,0.16241884695250744,0.9963096512960913,0.6872716392580077,0.01696712619300106,0.06350344827586207
336,0.9996589703294302,0.9377179951734409,0.06525408826343117,0.16231865714375332,0.9963470894482647,0.6872724515818988,0.01705549664192294,0.06366896551724138
337,0.9996611270388093,0.9377616411263254,0.06511722308975504,0.16214115300582013,0.9963763487429207,0.6873308823878064,0.01696712619300106,0.06361379310344828
338,0.999666518812257,0.9377479265766319,0.06496069687277123,0.1621216270883088,0.9964228299110298,0.6872822450663435,0.01714386709084482,0.06355862068965518
339,0.999670922093906,0.9377288224495148,0.06484532339592734,0.1620702972923439,0.9964645155621956,0.6874070927823245,0.01705549664192294,0.06372413793103449
340,0.9996744267466471,0.9377030775930725,0.0645526314422349,0.1620469771832847,0.9965051857172635,0.6872217974213544,0.01670201484623542,0.06377931034482759
341,0.9996853900193241,0.937707360382275,0.06421561081450837,0.16191119072398072,0.9966209467110801,0.6872316244777675,0.01670201484623542,0.06366896551724138
342,0.9996941067197314,0.9376750710389613,0.06399825911585937,0.16171511438265487,0.9967144609710115,0.6872071961337064,0.01670201484623542,0.06344827586206897
343,0.9996972519209092,0.9376241587808006,0.06365111031701774,0.16160709447485985,0.9967736594426525,0.6870086893924716,0.0163485330505479,0.06350344827586207
344,0.999703901774828,0.9376003387734381,0.06326887902355635,0.16154905472830955,0.9968460857631966,0.6866142681720063,0.0163485330505479,0.06344827586206897
345,0.9997074962904599,0.937634961996261,0.06302103542588881,0.16140483532317845,0.996879399847236,0.6866140675378384,0.0163485330505479,0.06322758620689656
346,0.9997107313545285,0.937606281744972,0.06284901110322788,0.1613844175558185,0.9969171269978746,0.6866317570290804,0.0163485330505479,0.06361379310344828
347,0.9997124387494536,0.9376675160063231,0.06267061812851317,0.16128196621889937,0.9969297698178065,0.6866015011375347,0.0163485330505479,0.06344827586206897
348,0.9997185494260278,0.9376944638934404,0.06228983166555777,0.16108015692896085,0.99699809384095,0.6868241617761177,0.01617179215270413,0.06333793103448276
349,0.9997216946272056,0.9376598406706175,0.06210726008961634,0.16110702414312053,0.9970305763831775,0.6866694979034916,0.01617179215270413,0.06350344827586207
350,0.9997253790057282,0.937716744021539,0.06200145374519275,0.160948234387708,0.9970715480201373,0.6868646352518686,0.01608342170378226,0.06333793103448276
351,0.9997314896823023,0.9377116431714776,0.06179999091237549,0.16096425823814356,0.997135949214488,0.6867953700402115,0.01617179215270413,0.06322758620689656
352,0.999738229399112,0.9377495145771226,0.06166631395333379,0.16090534361450334,0.9972105973216985,0.6868910010965904,0.0163485330505479,0.06350344827586207
353,0.9997390381651292,0.9377634697329512,0.06156535293046377,0.16088535534037907,0.9972137902271774,0.6869556399306224,0.01617179215270413,0.06350344827586207
354,0.9997406556971635,0.9377491296073067,0.06149759148620475,0.16098038795209782,0.9972338712566141,0.6870514563158107,0.01617179215270413,0.06355862068965518
355,0.9997498217120246,0.9377418633020305,0.06112516058143378,0.16092875626727066,0.9973357605446092,0.6869172129535779,0.01599505125486038,0.06350344827586207
356,0.9997606052589202,0.9377630366419083,0.06074867281899277,0.16078614268168723,0.9974498853542791,0.6869933267829472,0.01528808766348533,0.06333793103448276
357,0.9997626721054085,0.9377601012470616,0.06060208019540576,0.1607036541134171,0.997476535918318,0.6871193195882414,0.01537645811240721,0.06333793103448276
358,0.9997709394913616,0.9377179470522139,0.06018879182496648,0.16057644218336456,0.9975620800298437,0.6868660691142259,0.01519971721456345,0.06311724137931035
359,0.999772107708942,0.9377473491219079,0.0601034700378471,0.1605455061471158,0.9975762557117411,0.6869643892195292,0.01511134676564157,0.06311724137931035
360,0.9997742644183211,0.9377569733673069,0.06001899550993105,0.1604132257926509,0.9975926959998221,0.6872546842939058,0.01519971721456345,0.06295172413793103
361,0.99978091427224,0.9376426132713532,0.05965180400326348,0.1604384134215649,0.9976735905607915,0.6869256346070222,0.01484623541887593,0.0625103448275862
362,0.9997847783765442,0.9376016380465669,0.0594205148150482,0.1604681459328054,0.9977113861670587,0.6869609564654082,0.01466949452103217,0.06273103448275862
363,0.999781812901148,0.9375214440217796,0.05934909788623598,0.16050501293270947,0.9976699750788435,0.6871265379122763,0.01466949452103217,0.06300689655172413
364,0.999781363586694,0.9374877832234967,0.05927801882276647,0.1605579329582343,0.9976656014387273,0.6871399412441588,0.01466949452103217,0.06311724137931035
365,0.9997821723527112,0.9374151201707341,0.05904590964441798,0.16066630867481355,0.9976691749380663,0.6872444353074869,0.01458112407211029,0.06306206896551723
366,0.9997901701499919,0.9373932731336784,0.0587681185284803,0.16060288976597176,0.9977527486759907,0.6872617386328955,0.01440438317426652,0.06289655172413793
367,0.9997943937058593,0.9374676204293857,0.05849012772454421,0.1605839772663361,0.9977949979777998,0.6873781726005149,0.01440438317426652,0.06289655172413793
368,0.9997965504152384,0.9375218049309821,0.05838998007513883,0.16059322132128753,0.9978182435229032,0.6874774621681866,0.01440438317426652,0.06295172413793103
369,0.9998005043824335,0.9375480309996944,0.05834674572799099,0.1605638453367592,0.9978663513368845,0.6875294074482687,0.01440438317426652,0.06306206896551723
370,0.9998061657445536,0.9375410534217802,0.05813451684261709,0.1605026598556248,0.9979265736951621,0.68754758320589,0.01431601272534464,0.06306206896551723
371,0.9998115575180013,0.9374975999538037,0.05787190218532676,0.1604221597778058,0.9979859398752005,0.6875624287520617,0.01431601272534464,0.06295172413793103
372,0.9998156912109779,0.9375226229918411,0.05768878049654304,0.16030011121048507,0.9980310442831775,0.6875782252805456,0.01413927182750088,0.06284137931034482
373,0.9998124561469093,0.9375216605673011,0.05763960823280047,0.16034037454213132,0.9979886672871278,0.6875385302781549,0.014050901378579,0.06273103448275862
374,0.9998144331305068,0.9374822492823922,0.05749044851373289,0.16031807623609728,0.9980096861686837,0.6873713276796956,0.01387416048073524,0.0625655172413793
375,0.9998149723078515,0.9374676685506127,0.05733465898636959,0.1602947573732538,0.998021278842852,0.6872043205611239,0.01387416048073524,0.0624551724137931
376,0.9998202742184085,0.9375021233491412,0.05720313019884073,0.1603525899304827,0.9980850682515982,0.6872091118168786,0.01369741958289148,0.06234482758620689
377,0.9998219816133337,0.9374903336485274,0.05705375426689274,0.16031323775850997,0.9981075562944387,0.6871690710181305,0.01343230823612584,0.0624
378,0.9998212627102073,0.9375112663822702,0.05698732899306255,0.1603902498107142,0.9980975373011775,0.6872383965140888,0.01352067868504772,0.0624551724137931
379,0.9998252166774023,0.9374638188524531,0.05672169083443779,0.1602977649015648,0.9981411327962858,0.6872640174622632,0.01334393778720396,0.0624
380,0.9998251268145115,0.9374804206757664,0.0566460692934297,0.16033072824051142,0.998145398085057,0.6874329120783131,0.01343230823612584,0.0624551724137931
381,0.999828451741471,0.9374557344863179,0.05650450797343867,0.16030464257717172,0.9981843815479143,0.6873860609059772,0.01343230823612584,0.06223448275862069
382,0.9998397744657112,0.9374625677005513,0.05634511898179748,0.16031381524495794,0.9983110539751328,0.6872960047374685,0.0131671968893602,0.06228965517241379
383,0.9998415717235271,0.9374888418904905,0.056178317793991,0.1603596230139175,0.9983289295384521,0.687369921445416,0.01325556733828208,0.06228965517241379
384,0.9998446270618142,0.9374861471017788,0.05601169266297804,0.1603067872355474,0.9983614296404695,0.6873052727421058,0.01307882644043832,0.06234482758620689
385,0.9998513667786239,0.9374007800450896,0.05579308360782198,0.16024633603915162,0.9984412416618914,0.6871962688344179,0.01299045599151644,0.0624
386,0.9998522654075318,0.9374045816220222,0.05565513606813335,0.1602133297902684,0.9984473639622726,0.6872261819338282,0.01299045599151644,0.06234482758620689
387,0.9998509174641699,0.9373878113744144,0.0554903151962283,0.16019914162586799,0.9984337189055221,0.6872748491351987,0.01299045599151644,0.0624
388,0.9998516363672962,0.9373214762630018,0.05537640401440141,0.16023155947985768,0.9984371967803228,0.6870354293756357,0.01299045599151644,0.0624551724137931
389,0.999853074173549,0.9372589667891352,0.05514239561259326,0.1601834891732846,0.9984566494607472,0.6869690500622733,0.01290208554259456,0.06212413793103448
390,0.9998579267696519,0.9372310805380916,0.05476781832812429,0.16001178292840942,0.9985071092231101,0.6869220299879465,0.0127253446447508,0.06195862068965517
391,0.9998582862212151,0.9372355558122021,0.054656770733167,0.15990432067516874,0.9985086906739957,0.6870292166938362,0.01246023329798515,0.06201379310344828
392,0.9998633185430997,0.9372039882872933,0.05447927192109106,0.15994934001309816,0.9985709664414036,0.6869969524019224,0.01263697419582891,0.06184827586206897
393,0.9998678116876395,0.9372093778647168,0.05438226016185837,0.15996133715351255,0.9986237649306576,0.6871111556650986,0.01263697419582891,0.06195862068965517
394,0.9998738325013228,0.9371720839137956,0.05409167018147021,0.15990085141909574,0.9986874699725916,0.6868601594552651,0.01246023329798515,0.06162758620689655
395,0.9998748209931215,0.9371859187665567,0.05398771633517548,0.159828553777239,0.9987009809254159,0.6869847741314211,0.01246023329798515,0.06168275862068966
396,0.9998762587993743,0.9371682101550225,0.05381549295133925,0.15975195334798112,0.9987140698125702,0.6870125892497526,0.01246023329798515,0.06168275862068966
397,0.999880751943914,0.9371251175962485,0.05352243063578498,0.1597730374177483,0.99876658046991,0.6869576137131835,0.01254860374690703,0.06179310344827586
398,0.9998836275564195,0.9371238905049601,0.05322647259678963,0.1596650593787022,0.9987945194947381,0.6870836593039212,0.01237186284906327,0.06190344827586207
399,0.9998856944029079,0.9370812069766155,0.05288117316120616,0.15957190737362562,0.9988136676389828,0.6870885490784793,0.01210675150229763,0.06179310344827586
400,0.9998883004267409,0.9371097428642235,0.05271575874376568,0.15953491406546028,0.998845758718152,0.6872518413170063,0.01219512195121951,0.06173793103448276
401,0.9998893787814305,0.9371025487407878,0.05266080606404854,0.1595600496875384,0.9988565903102545,0.6874470514242994,0.01219512195121951,0.06162758620689655
402,0.999890906450574,0.9372090891373548,0.05251161811975606,0.15952099374679507,0.9988728356104275,0.6876947725363608,0.01210675150229763,0.06162758620689655
403,0.9998933327486255,0.9372153208362507,0.0523948555964403,0.15945435814043302,0.9989009215378363,0.687577059127707,0.01228349240014139,0.06146206896551724
404,0.9998931530228439,0.9372581487282763,0.05230345189124152,0.159386360257351,0.998897902029676,0.6877814499557445,0.01210675150229763,0.06162758620689655
405,0.9998982752076192,0.9372569456976014,0.05199474523855921,0.15940201638972445,0.9989554708881018,0.6876110031511847,0.01201838105337575,0.06162758620689655
406,0.9999011508201247,0.9372448432090121,0.05176814283478322,0.15931825607576666,0.9989848101182756,0.6875527127908342,0.01175326970661011,0.06140689655172414
407,0.999902319037705,0.9372306233864351,0.05176579148664161,0.15931737757590939,0.998996876919441,0.6875581184916698,0.01175326970661011,0.06124137931034482
408,0.9999057338275553,0.9372091131979683,0.05158203116495366,0.15935987903825366,0.9990346535164562,0.6875347301406013,0.01184164015553199,0.06118620689655172
409,0.999908070262716,0.9372235495660668,0.05135927207866738,0.15925742766131717,0.9990610826453459,0.687574083446166,0.01166489925768823,0.06129655172413793
410,0.9999092384802963,0.9371807697952682,0.05127197066703817,0.1592899641618746,0.999073601125539,0.6875004164321741,0.01175326970661011,0.06135172413793103
411,0.9999142708021809,0.9372088725918334,0.05116825714196239,0.15918674783848594,0.99913000686019,0.6874749966949848,0.01175326970661011,0.06124137931034482
412,0.9999181349064851,0.9372420762384599,0.05090050401373389,0.1590034743815454,0.9991746036331276,0.6873972539289519,0.01184164015553199,0.06096551724137931
413,0.9999228976396972,0.937309205350118,0.05061006333835057,0.15865585906069452,0.9992238190880143,0.6875351481308367,0.01184164015553199,0.06063448275862069
414,0.9999219091478985,0.9373229198998116,0.05038560979591938,0.15859036547905647,0.9992145311989259,0.6874485590829568,0.01157652880876635,0.06041379310344828
415,0.9999231672283696,0.9373408691174807,0.05025833236154191,0.1585448411621337,0.9992292447799085,0.6875373417333601,0.01139978791092259,0.06035862068965517
416,0.9999237962686052,0.937357711546929,0.05007524137982013,0.15843564594498372,0.9992351448185841,0.6877981795032193,0.01139978791092259,0.06041379310344828
417,0.9999273907842371,0.9374176224745379,0.04975245948281136,0.15819940706304858,0.9992717757366335,0.6878508116832227,0.01113467656415695,0.06035862068965517
418,0.999929188042053,0.9373817721604265,0.04956034627694012,0.1582188252542144,0.9992909337821925,0.6877043470616684,0.01095793566631319,0.06030344827586207
419,0.9999306258483057,0.9373897362234942,0.04947714439666413,0.15826122439028137,0.9993072625658389,0.6877193307642232,0.01095793566631319,0.06041379310344828
420,0.9999343102268283,0.9373933693761324,0.04919657918501913,0.15822154763646767,0.9993443964970226,0.6876718336677964,0.01095793566631319,0.06019310344827586
421,0.999935748033081,0.9373708005206717,0.04903050689845873,0.15810487653438843,0.99935943328695,0.6876477700986207,0.01095793566631319,0.06030344827586207
422,0.9999388932342589,0.9373797510688927,0.04879630044616548,0.158113608903539,0.9993937340172552,0.6875486088493273,0.01104630611523507,0.06041379310344828
423,0.9999399715889484,0.9373808097358867,0.04877025114854139,0.15820587769451433,0.9994058917443671,0.6875347708635543,0.01104630611523507,0.06046896551724138
424,0.9999400614518392,0.9373272508102412,0.04874480097535842,0.15832503259327885,0.9994074932471192,0.6874323144736827,0.01095793566631319,0.06052413793103448
425,0.9999418587096551,0.9373503489991988,0.04857593043174332,0.1583032777270343,0.9994264575926444,0.6874574867220171,0.01095793566631319,0.06030344827586207
426,0.999944105281925,0.9373656515493832,0.04841397030816326,0.15825552635574092,0.9994502826134967,0.68744558353753,0.01078119476846942,0.06024827586206897
427,0.9999451836366146,0.9373728216122055,0.04839255355350637,0.15836318220730478,0.9994610208469382,0.6874406761962767,0.01078119476846942,0.06041379310344828
428,0.9999480592491201,0.9373625717908555,0.04816088528569195,0.1582994705893148,0.999490976540421,0.6871086163414366,0.01078119476846942,0.06030344827586207
429,0.999949407192482,0.9373791254929418,0.0480549899682074,0.15824532447353407,0.9995043337956462,0.687076200424843,0.0108695652173913,0.06013793103448276
430,0.9999502159584992,0.9373636304578494,0.04796948989751072,0.15825626709696164,0.9995118453366353,0.68703535527157,0.01069282431954754,0.06002758620689655
431,0.9999508449987348,0.9373263124463147,0.04787894554859887,0.15819059445757055,0.9995181104908505,0.6871720739557183,0.01069282431954754,0.06002758620689655
432,0.9999506652729532,0.9373425533604256,0.0477575577987417,0.15814979159394335,0.9995160629904808,0.687339817555092,0.0108695652173913,0.06008275862068965
433,0.9999541699256942,0.9373274914163762,0.04747689170504742,0.1581092504155656,0.9995523233510785,0.6873780339001898,0.01060445387062566,0.05986206896551724
434,0.9999547989659298,0.9373315817206707,0.04732247304144679,0.1581059353499057,0.9995590291559032,0.6874908766609165,0.01069282431954754,0.05986206896551724
435,0.9999580340299984,0.9372515320595645,0.04720774323810986,0.15811775954211568,0.999591444887074,0.6873757631164816,0.01060445387062566,0.05986206896551724
436,0.9999597414249235,0.9372063702880296,0.0469616375265241,0.15812876271402013,0.9996072612910545,0.6872488789142414,0.01051608342170378,0.05997241379310345
437,0.9999593819733603,0.9372321151444719,0.04677890947157738,0.15818518581453467,0.9996028825735648,0.6871697342354677,0.0104277129727819,0.05975172413793103
438,0.9999593819733603,0.9372151764725697,0.04659715470002347,0.1581615096811152,0.999602706525314,0.687324858751598,0.0104277129727819,0.05969655172413793
439,0.9999602806022683,0.9372166682306066,0.04649157441006664,0.15816059124846432,0.9996110075766467,0.6873685872700052,0.0104277129727819,0.05975172413793103
440,0.9999591123846879,0.9372342805996867,0.04635201299199101,0.15819605396847705,0.9995977826844946,0.6873712291938014,0.0104277129727819,0.06008275862068965
441,0.9999601907393775,0.9372203495044716,0.04614132588652967,0.1580853603917383,0.9996085166322126,0.6875098580150284,0.0099858607281725,0.05991724137931034
442,0.9999609995053946,0.9372573787886443,0.04595805777643443,0.15790722089659484,0.9996161577863432,0.6873783642381237,0.01016260162601626,0.05975172413793103
443,0.9999624373116474,0.9373039120151485,0.04580305984424503,0.15786866776375266,0.9996296855715368,0.6873248072410096,0.00989749027925062,0.05997241379310345
444,0.9999645041581356,0.9372688316406692,0.0455785296627815,0.15782850226870582,0.9996503941574859,0.6873561597786404,0.00972074938140686,0.06002758620689655
445,0.9999648636096988,0.9373000141957619,0.04550643850390107,0.15785906069231148,0.9996539798024243,0.6872916685238957,0.00972074938140686,0.05980689655172414
446,0.9999668405932963,0.9373307155385848,0.04541238790982685,0.15785243987034517,0.9996737293350926,0.6874081016137008,0.00972074938140686,0.05975172413793103
447,0.9999672899077503,0.9373399548141679,0.04528435219776453,0.15779112974757586,0.9996779840024316,0.6874229358046403,0.00945563803464122,0.05975172413793103
448,0.9999689973026755,0.9373459218463153,0.04519173933970606,0.1577509800421745,0.999695508994703,0.6873653372369152,0.00936726758571934,0.05953103448275862
449,0.9999717830522902,0.9374606909726985,0.04500012285422216,0.1575594837787562,0.9997234367974766,0.6874396453710895,0.00919052668787558,0.05942068965517242
450,0.999971423600727,0.9374536893341706,0.04491243677119398,0.15752633665586863,0.9997195595063878,0.6875355485635712,0.00910215623895369,0.05947586206896552
451,0.9999742093503416,0.937474357401165,0.04480127400374122,0.1574946774504899,0.9997487221918316,0.6875670750251351,0.00919052668787558,0.05903448275862069
452,0.9999750181163588,0.9374824898885272,0.04461170096220268,0.15747507381144507,0.9997565995655537,0.6873580912869445,0.00892541534110993,0.05942068965517242
453,0.9999756471565944,0.9374866283140487,0.04454448204264765,0.15743034783872448,0.9997626274461104,0.687409216767944,0.00901378579003181,0.05925517241379311
454,0.9999766356483931,0.9375204815972398,0.04433950423444662,0.15729689110290784,0.9997726020653405,0.6874859412483626,0.00901378579003181,0.05931034482758621
455,0.9999773545515195,0.9375346292379763,0.04423888516770813,0.15722204750756913,0.9997798363622482,0.6874981521999337,0.00892541534110993,0.0591448275862069
456,0.9999776241401919,0.9375296486909823,0.04413644295628477,0.1572628311645393,0.9997818842345125,0.6874520696093318,0.00883704489218805,0.05936551724137931
457,0.9999769950999563,0.9375144664438654,0.04397560092484443,0.15723281680611184,0.9997753947550034,0.6874945246859872,0.00874867444326617,0.05925517241379311
458,0.9999774444144103,0.9374512351515939,0.04381071938011417,0.15720177694147888,0.9997797120113595,0.6873711754197019,0.00857193354542241,0.05903448275862069
459,0.9999771748257379,0.9374126659881573,0.0435811143886781,0.1570803000587082,0.9997760606882257,0.6873897912198965,0.00857193354542241,0.05903448275862069
460,0.9999774444144103,0.937407083925826,0.04349173021282116,0.15715744624929742,0.9997782295525666,0.6872962853750294,0.00839519264757865,0.05892413793103448
461,0.9999772646886287,0.9373839376156413,0.04346177815277,0.15720631272454091,0.999776024597917,0.6872145148790099,0.00848356309650053,0.05892413793103448
462,0.999977983591755,0.9373935137398134,0.04330206447274373,0.15722237086833485,0.9997832024181085,0.6872928787068365,0.00830682219865677,0.05875862068965517
463,0.9999780734546458,0.9374191382931882,0.04316523188166988,0.15726478611236624,0.9997843446733161,0.6873128072657309,0.00830682219865677,0.05903448275862069
464,0.9999800504382433,0.9374018868333105,0.04299237731289209,0.15725467583355857,0.9998045766250598,0.687318475498999,0.00821845174973489,0.05892413793103448
465,0.9999802301640249,0.9373699583991992,0.04295973852949105,0.157306924853098,0.9998065352895669,0.6872525968851203,0.00821845174973489,0.05892413793103448
466,0.9999801403011341,0.9373013375295043,0.04278485928912108,0.15735522790955717,0.9998057705456599,0.6871930897270848,0.00804171085189113,0.05886896551724138
467,0.9999810389300421,0.9372657518821415,0.0425527224988683,0.15730619208095678,0.9998145652676639,0.687190186238751,0.00795334040296925,0.05870344827586207
468,0.999982386873404,0.9372832920693812,0.0424263765381217,0.15723940974199985,0.9998279810904517,0.6872365042304073,0.00804171085189113,0.05881379310344827
469,0.9999830159136396,0.9372892109803016,0.04222718364469619,0.1571632854245904,0.9998337972206024,0.6872868969072039,0.00795334040296925,0.05864827586206896
470,0.9999833753652028,0.937294793042633,0.04198900467495764,0.1570041549731993,0.9998373740381421,0.6872875337973355,0.00759985860728173,0.05886896551724138
471,0.9999838246796567,0.9372866124340439,0.04183791819548642,0.1569997561928657,0.9998412298305426,0.6873224258586828,0.00768822905620361,0.05864827586206896
472,0.9999835550909844,0.937279755159197,0.04180006539390994,0.1570918558281862,0.9998384169024573,0.6872145483199712,0.00777659950512549,0.05870344827586207
473,0.9999836449538752,0.9372651263061905,0.04177384475512813,0.15717573393708104,0.9998393921161273,0.6872335165155442,0.00786496995404737,0.05864827586206896
474,0.9999838246796567,0.9372738843695037,0.04167166452939048,0.15712713764787348,0.9998412929434197,0.6873997664274663,0.00759985860728173,0.05864827586206896
475,0.9999842739941107,0.9372719835810374,0.04146576857996017,0.15713978252384192,0.9998463802125286,0.6872906176838988,0.00751148815835984,0.05853793103448276
476,0.9999856219374726,0.9372375047218954,0.0412669626212312,0.15713670824443662,0.9998598410114248,0.6871564869292955,0.00742311770943796,0.05864827586206896
477,0.9999864307034898,0.9372676286099944,0.04110776276528076,0.15702417061146923,0.9998678260943643,0.6871729529790378,0.0072463768115942,0.05870344827586207
478,0.9999861611148174,0.9372682060647183,0.04097241387274988,0.15700206830216784,0.9998648971703208,0.6871639649971629,0.00733474726051608,0.05853793103448276
479,0.9999858016632542,0.9372227074445945,0.04075587561350947,0.15692730412062664,0.9998613032112719,0.6871079736771425,0.00698126546482856,0.05864827586206896
480,0.9999860712519266,0.9372149358664347,0.04061660747042792,0.1568702786108871,0.9998640459286411,0.687116645365672,0.00715800636267232,0.05870344827586207
481,0.9999860712519266,0.9371975641034895,0.04045084543947042,0.1569256546654238,0.9998637563766472,0.6870299348663103,0.00706963591375044,0.05864827586206896
482,0.9999875989210701,0.9372060334394406,0.04040016915639882,0.15698488998141938,0.9998797022387224,0.687060287848339,0.00698126546482856,0.05859310344827586
483,0.9999878685097425,0.9372197720497477,0.04027475352086109,0.15697762911548935,0.9998823569394163,0.687172024182144,0.00689289501590668,0.05864827586206896
484,0.9999880482355241,0.9371921504654526,0.04022042185951331,0.1569506273927229,0.9998841410913463,0.6871734010846882,0.00689289501590668,0.05859310344827586
485,0.9999888570015413,0.9371922467079066,0.04003405234354938,0.15689068860397212,0.999892124793475,0.6872608668866342,0.00698126546482856,0.05820689655172414
486,0.9999898454933401,0.9372511470897485,0.0399024139563021,0.15686171284550932,0.999902149973796,0.6872241694142187,0.0068045245669848,0.05815172413793104
487,0.9999896657675585,0.9372158020485206,0.03985848507277823,0.15691310890384816,0.9999003353282963,0.6871467962975668,0.00689289501590668,0.05826206896551724
488,0.9999904745335757,0.9371989114978454,0.03974148535186248,0.15692416262956013,0.9999084556809302,0.6870552474590261,0.0068045245669848,0.05820689655172414
489,0.9999909238480297,0.9372015581653301,0.03963283069356419,0.15683530391574077,0.9999129129235653,0.6870595455854617,0.0068045245669848,0.05826206896551724
490,0.99999209206561,0.9372078620460664,0.03948011300483934,0.15677188686194418,0.9999243086419349,0.6871788565284593,0.00671615411806292,0.05815172413793104
491,0.9999928109687364,0.93721180798668,0.03942634856406398,0.1568290917699028,0.9999312072417317,0.6871570527197454,0.00671615411806292,0.05820689655172414
492,0.9999927211058456,0.9372400310863126,0.03937894957642896,0.15681259531934807,0.9999303179164112,0.687209709022446,0.00662778366914104,0.05826206896551724
493,0.999992541380064,0.9372625277599328,0.0393536661826767,0.15675044450114498,0.9999285833447922,0.6874913138340033,0.00671615411806292,0.05826206896551724
494,0.9999926312429548,0.9372664737005464,0.03922926213632292,0.1567120806893352,0.9999294387343843,0.6875821892980413,0.00662778366914104,0.05820689655172414
495,0.9999928109687364,0.9372692647317121,0.03918611030595448,0.15676282153291843,0.9999310833454509,0.6876025787841983,0.00671615411806292,0.05826206896551724
496,0.9999932602831904,0.9372660406095035,0.03902336225319938,0.15674101270427868,0.9999353871690141,0.6876209726362296,0.00662778366914104,0.05853793103448276
497,0.9999937095976443,0.9372978006193202,0.03889470033473234,0.15665041771372526,0.9999397369556285,0.6877331370315896,0.00653941322021916,0.05842758620689655
498,0.9999937994605351,0.9373539580912235,0.03879619789431214,0.1566405902332471,0.999940587595271,0.6877374087487261,0.00653941322021916,0.05820689655172414
499,0.9999940690492075,0.9373524663331866,0.03864866870811821,0.15653033263380117,0.9999432892843982,0.6878507182196278,0.00645104277129728,0.05848275862068966
500,0.9999937994605351,0.9372968381947803,0.03854480205844903,0.15660133285400596,0.9999406370611067,0.6878500255493596,0.00645104277129728,0.05837241379310345
501,0.9999939791863167,0.9372581968495033,0.03840799219872203,0.1566273321657832,0.999942368197369,0.6878600309273114,0.0063626723223754,0.05820689655172414
502,0.9999942487749891,0.9372769160068043,0.03829621286394611,0.15657259221492673,0.9999449405402804,0.6879778722590428,0.00645104277129728,0.05826206896551724
503,0.9999942487749891,0.9372862755854549,0.03821494589232364,0.15665824851850624,0.99994498274746,0.6879696917890071,0.00645104277129728,0.05831724137931035
504,0.9999944285007707,0.9372843747969886,0.03809192446114928,0.1565990526357388,0.9999466676480101,0.6879600073015176,0.00645104277129728,0.05815172413793104
505,0.9999944285007707,0.9372676286099944,0.03807206288618276,0.1566557508901339,0.9999466676480101,0.6880137333579137,0.0063626723223754,0.05804137931034483
506,0.9999937095976443,0.937260602910853,0.03801498115894193,0.1566857199284928,0.9999396123071146,0.6880262468730589,0.00645104277129728,0.05782068965517241
507,0.9999941589120983,0.9372207344742877,0.03782667252464533,0.1566416244618083,0.9999440099565765,0.6881051463556608,0.00618593142453164,0.05787586206896551
508,0.9999947879523339,0.9372020634382136,0.03768960038577242,0.15668099985422454,0.9999501993243901,0.6881014732705639,0.00618593142453164,0.05793103448275862
509,0.9999949676781155,0.937192703859563,0.03754432102051184,0.15660646820682558,0.9999519183417735,0.6881443464058499,0.00600919052668788,0.05782068965517241
510,0.9999943386378799,0.9372399107832452,0.03751969353449804,0.1566209248779849,0.9999457826044684,0.6881480551970577,0.00627430187345352,0.05798620689655173
511,0.9999947879523339,0.9372565366671719,0.03749969015114124,0.15665219236964045,0.9999501558912871,0.6882026372850226,0.00609756097560976,0.05798620689655173
512,0.9999954169925694,0.9372402476318341,0.03728779004366427,0.1565578025501128,0.9999563097387899,0.6880493740270188,0.005920820077766,0.05809655172413793
513,0.9999955068554602,0.937227038355024,0.03726247548239405,0.15661900339376839,0.9999571855060282,0.6880982475142717,0.005920820077766,0.05804137931034483
514,0.999995596718351,0.9371657559724458,0.03713647801217302,0.1566966831862495,0.9999580604395993,0.6879640372864253,0.005920820077766,0.05787586206896551
515,0.999995596718351,0.9371511993012798,0.03706937000367161,0.15664709605473898,0.9999580604395993,0.6879387869457327,0.00609756097560976,0.05776551724137931
516,0.9999954169925694,0.9371716989439797,0.03693861545559849,0.15655204958232444,0.9999563097387899,0.6880215812955819,0.00583244962884411,0.05798620689655173
517,0.9999954169925694,0.9371339237807885,0.03688559430043525,0.15655941964163025,0.9999563097387899,0.6880929348147989,0.00583244962884411,0.05787586206896551
518,0.9999957764441326,0.937120161109868,0.03682634335984627,0.1565834657907083,0.9999598078120783,0.6879943813391307,0.00583244962884411,0.05787586206896551
519,0.9999957764441326,0.937120161109868,0.03686714235299561,0.15663145051190583,0.9999598078120783,0.6879943813391307,0.00583244962884411,0.05793103448275862
520,0.9999955068554602,0.9371281732941626,0.03676792375604311,0.156657278292855,0.999957158806817,0.6880707771790622,0.00583244962884411,0.05787586206896551
521,0.9999968547988222,0.9371480473609116,0.03663360715607403,0.15660064115628824,0.9999701749917711,0.6881185278767554,0.00574407917992223,0.05804137931034483
522,0.9999971243874946,0.9371127263802972,0.03657261352921463,0.15661672338503513,0.9999727440341949,0.68807604740884,0.00565570873100035,0.05798620689655173
523,0.9999973939761669,0.9371611363346543,0.03640371558062113,0.15654033036590764,0.9999753318847465,0.6880923379177433,0.00556733828207847,0.0576
524,0.9999974838390577,0.9371569979091326,0.03628267224867768,0.15654405416866682,0.9999761928849472,0.6879397567918101,0.00574407917992223,0.0577103448275862
525,0.9999974838390577,0.9371659003361268,0.03620269113039571,0.15656925546202974,0.9999761928849472,0.6879205558038356,0.00547896783315659,0.0576551724137931
526,0.9999975737019485,0.9372038679842258,0.0361441090264859,0.1565125277998965,0.9999770530793451,0.6878966112628006,0.00556733828207847,0.0576551724137931
527,0.9999980230164025,0.9372043973177228,0.0360579407082435,0.15650346026886117,0.9999813050138,0.68795352056574,0.00565570873100035,0.05748965517241379
528,0.9999979331535117,0.9372401995106071,0.0359390538009533,0.15656117933552252,0.9999804755642321,0.688018441822207,0.00565570873100035,0.05737931034482759
529,0.9999979331535117,0.9372284579312203,0.03592559069154076,0.15656251096860008,0.9999804755642321,0.6879269459268773,0.00565570873100035,0.0576551724137931
530,0.9999979331535117,0.9372056484696247,0.03586640829826288,0.15655708982291144,0.9999804755642321,0.6879259125134001,0.00565570873100035,0.0576
531,0.9999978432906209,0.93720252058987,0.03575168162054391,0.15658782787603462,0.9999796288427695,0.6878236140946549,0.00539059738423471,0.0577103448275862
532,0.9999978432906209,0.9372474176946564,0.03560855997942475,0.15653870019636992,0.9999796123501833,0.6878153498935416,0.00547896783315659,0.0576551724137931
533,0.9999979331535117,0.9372276639309749,0.03546055348353658,0.15640543690171693,0.9999804701361971,0.6878652868578844,0.00539059738423471,0.0576
534,0.9999982027421841,0.9371941956175999,0.03535225870376544,0.15636831748872326,0.9999830300317756,0.6878483523841039,0.00547896783315659,0.05748965517241379
535,0.9999982027421841,0.9371722763987036,0.03522350377387463,0.15633319771311943,0.9999830079640926,0.6878971673668681,0.00521385648639095,0.05748965517241379
536,0.9999982926050749,0.9371522339076602,0.03510514740628996,0.15627324976637064,0.9999838523519253,0.6877932395084395,0.00486037469070343,0.05737931034482759
537,0.9999983824679657,0.9371724929442251,0.03507725287440071,0.15629688209736492,0.9999847093381385,0.6879555372909602,0.00477200424178155,0.05748965517241379
538,0.9999982027421841,0.9371425856016476,0.03500705055128354,0.15638472675101203,0.9999829945659116,0.6879651058000222,0.00486037469070343,0.0576
539,0.9999982027421841,0.9371338275383345,0.03482379062769651,0.15626276641373468,0.9999829945659116,0.6879203163571881,0.00468363379285967,0.05743448275862069
540,0.9999982926050749,0.9371195595945305,0.03468475939244783,0.15615915885260398,0.9999838523519253,0.6878583370341679,0.00450689289501591,0.05737931034482759
541,0.9999987419195289,0.9371018269223829,0.03457864596860175,0.15624162245607104,0.9999881293147247,0.6878628144089288,0.00459526334393779,0.05732413793103448
542,0.9999989216453105,0.9370602261216456,0.03452781143756575,0.15634117460350483,0.9999898345427595,0.6878511839229033,0.00459526334393779,0.05743448275862069
543,0.9999990115082013,0.9370651585474127,0.034401851351395,0.15627307457300996,0.9999906859718588,0.6878323548290343,0.00450689289501591,0.05732413793103448
544,0.999999101371092,0.9370845995231186,0.03434724792080753,0.1563063435127714,0.9999915366129626,0.6878747092265444,0.00450689289501591,0.05732413793103448
545,0.9999992810968736,0.9370776700664314,0.03419030335191127,0.15630090181461473,0.9999932300803401,0.687701705200481,0.00441852244609403,0.05743448275862069
546,0.9999992810968736,0.9370977847393153,0.03414757353224869,0.1563407614193808,0.9999932300803401,0.6876999965988653,0.00433015199717215,0.05737931034482759
547,0.9999992810968736,0.9371233611714631,0.03401390519669,0.1562632239990723,0.9999932300803401,0.6878700057310451,0.00450689289501591,0.05726896551724138
548,0.9999992810968736,0.9371230243228742,0.03397059600957812,0.1562183204347331,0.9999932300803401,0.687925256259385,0.00433015199717215,0.05726896551724138
549,0.9999992810968736,0.937124131111095,0.03393654672059954,0.15621658759087828,0.9999932300803401,0.687983637545394,0.00433015199717215,0.05715862068965517
550,0.9999993709597644,0.9371323117196843,0.03378467092902112,0.1562968677614003,0.9999940791498204,0.6878832244919761,0.00433015199717215,0.05721379310344828
551,0.9999993709597644,0.9371112346222604,0.03373330487067297,0.15634082910600366,0.9999940791498204,0.6878188339315917,0.00450689289501591,0.05737931034482759
552,0.9999994608226552,0.9371037517714627,0.03357683188880464,0.15632850966333453,0.9999949274356648,0.687671600269026,0.00459526334393779,0.05721379310344828
553,0.9999993709597644,0.9371029818318307,0.03357649510012363,0.15638969789653864,0.9999940791498204,0.6876772372778646,0.00450689289501591,0.05726896551724138
554,0.9999993709597644,0.937129207900543,0.03355282644221982,0.15631554022781866,0.9999940791498204,0.6878356136252224,0.00450689289501591,0.05726896551724138
555,0.9999993709597644,0.9371254785054509,0.03346634088634783,0.1562607166750144,0.9999940791498204,0.6878238166009292,0.00450689289501591,0.05715862068965517
556,0.9999993709597644,0.9370996374065546,0.03341569583648011,0.1562389465442225,0.9999940791498204,0.6878614147085212,0.00441852244609403,0.05715862068965517
557,0.9999994608226552,0.9370716789736705,0.03336375597671817,0.15625826021940395,0.9999949274356648,0.6879800219819955,0.00450689289501591,0.05704827586206897
558,0.9999997304113276,0.9370784640666767,0.03327585134138415,0.15621210952288034,0.9999974676058133,0.6880296444483477,0.00441852244609403,0.05704827586206897
559,0.9999997304113276,0.9370750474595602,0.03322417406884105,0.15622834985505818,0.9999974676058133,0.6880387657198896,0.00441852244609403,0.05704827586206897
560,0.9999998202742184,0.9370686954575967,0.03310087781665684,0.15634597780242815,0.9999983127715253,0.687888514072189,0.00424178154825027,0.05748965517241379
561,0.9999997304113276,0.9370958598902355,0.03301844461785505,0.1563884580230524,0.9999974676058133,0.6879494426526248,0.00433015199717215,0.05732413793103448
562,0.9999998202742184,0.9370893875852047,0.03298621205013406,0.15643196670155318,0.9999983127715253,0.6878170975138143,0.00433015199717215,0.05726896551724138
563,0.9999998202742184,0.9370893875852047,0.03304826355934123,0.15650669467093914,0.9999983127715253,0.6878170975138143,0.00433015199717215,0.05726896551724138
564,0.9999998202742184,0.9370773332178424,0.0329563560278625,0.1565875461055419,0.9999983127715253,0.6878104502218004,0.00433015199717215,0.05737931034482759
565,0.9999998202742184,0.937056905756983,0.03289668760088822,0.15659894682101805,0.9999983127715253,0.6879653433398483,0.00433015199717215,0.05737931034482759
566,0.9999998202742184,0.9370142703498654,0.03278830980648328,0.1565777607734365,0.9999983127715253,0.6878776084815398,0.00441852244609403,0.05721379310344828
567,0.9999998202742184,0.9370165079869206,0.03271994494701556,0.15655427828933016,0.9999983127715253,0.6878858797947432,0.00433015199717215,0.05710344827586207
568,0.9999998202742184,0.9370099153788223,0.03266401549950337,0.15656675273026127,0.9999983127715253,0.6879287489716385,0.00424178154825027,0.05710344827586207
569,0.9999999101371092,0.9369464675410294,0.03256697676610951,0.1566602538500415,0.9999991556107379,0.6878466771125984,0.00424178154825027,0.05721379310344828
570,0.9999999101371092,0.9369373245079003,0.03249756396657771,0.15661163892362553,0.9999991556107379,0.68793878177469,0.00424178154825027,0.05721379310344828
571,0.9999999101371092,0.9369580166355082,0.03238210872118161,0.15657907183617079,0.9999991556107379,0.6879425785886881,0.00424178154825027,0.05721379310344828
572,0.9999999101371092,0.9369840020980855,0.03232329825408761,0.15656666071516942,0.9999991556107379,0.6879623223065382,0.00424178154825027,0.05710344827586207
573,0.9999999101371092,0.9369923751915826,0.03234058531932429,0.15661372696313186,0.9999991556107379,0.6879753290441971,0.00424178154825027,0.05721379310344828
574,0.9999999101371092,0.9370002189515828,0.03226466113280053,0.156622773244601,0.9999991556107379,0.6880216972713867,0.00433015199717215,0.05726896551724138
575,0.9999999101371092,0.9370002189515828,0.03228873804804878,0.15665174258092016,0.9999991556107379,0.6880216972713867,0.00433015199717215,0.05726896551724138
576,0.9999999101371092,0.9370268299901111,0.0322120878505778,0.1566161753692694,0.9999991556107379,0.6880850480669707,0.00433015199717215,0.05715862068965517
577,0.9999999101371092,0.937027311202381,0.0321799995701948,0.1566142952684955,0.9999991556107379,0.6881961407131068,0.00433015199717215,0.05710344827586207
578,0.9999999101371092,0.9370185050178409,0.0321363555038397,0.15661621572917536,0.9999991556107379,0.688181049436181,0.00424178154825027,0.05721379310344828
579,0.9999999101371092,0.9370515643007865,0.03203413421218835,0.15659470467078498,0.9999991556107379,0.6883202841577012,0.00424178154825027,0.05715862068965517
580,0.9999999101371092,0.9370740850350202,0.03203597713641944,0.15667242833758097,0.9999991556107379,0.6883185582651684,0.00424178154825027,0.05710344827586207
581,0.9999999101371092,0.9370784881272902,0.03197162744493365,0.15668971417433894,0.9999991556107379,0.6883318109277751,0.00424178154825027,0.05710344827586207
582,0.9999999101371092,0.9370557267869216,0.03194350379114337,0.15669827643606765,0.9999991556107379,0.6884398748809151,0.00424178154825027,0.05704827586206897
583,0.9999999101371092,0.9370623915768604,0.03183362257841934,0.15679615714689912,0.9999991556107379,0.6883700443701624,0.00424178154825027,0.05715862068965517
584,0.9999999101371092,0.937037176053915,0.0317411131056964,0.1567999528719053,0.9999991556107379,0.6883027039710021,0.00424178154825027,0.05710344827586207
585,0.9999999101371092,0.9370749512171062,0.03166135908385564,0.15672107156408485,0.9999991556107379,0.6884378264385557,0.00424178154825027,0.05699310344827586
586,0.9999999101371092,0.9370749271564927,0.03169456454253787,0.15676118799647917,0.9999991556107379,0.6884369952345902,0.00424178154825027,0.05704827586206897
587,0.9999999101371092,0.9370565448477806,0.03153206666336057,0.1566916899902982,0.9999991556107379,0.6884896088717722,0.0040650406504065,0.05688275862068966
588,0.9999999101371092,0.9370623434556334,0.03144101539691623,0.15663522283745512,0.9999991556107379,0.6883626569718884,0.0040650406504065,0.05693793103448276
589,0.9999999101371092,0.9370651826080262,0.03139606137356299,0.15666844202104815,0.9999991556107379,0.6882321290340899,0.0040650406504065,0.05682758620689655
590,0.9999999101371092,0.9370047664075338,0.03128066321385416,0.15663759852400835,0.9999991556107379,0.6881776795824802,0.0040650406504065,0.05682758620689655
591,0.9999999101371092,0.9370121530158776,0.03132350666364076,0.1566934898149083,0.9999991556107379,0.6881745929333002,0.0040650406504065,0.05682758620689655
592,0.9999999101371092,0.9370116236823807,0.03126796377096155,0.15664162941587506,0.9999991556107379,0.6881688770136266,0.0040650406504065,0.05699310344827586
593,0.9999999101371092,0.9369974279204171,0.03115243971217205,0.1566916100184168,0.9999991556107379,0.6880502763370946,0.0040650406504065,0.05699310344827586
594,0.9999999101371092,0.9369446389344035,0.0310161696680303,0.15662899086543927,0.9999991556107379,0.6881833235491476,0.00379992930364086,0.05677241379310345
595,0.9999999101371092,0.9369359289923175,0.03096394729706856,0.1566076064733471,0.9999991556107379,0.688345972807127,0.00371155885471898,0.05655172413793103
596,0.9999999101371092,0.936949932269373,0.03083311153649882,0.15646730887798024,0.9999991556107379,0.6885151415804182,0.00379992930364086,0.05644137931034483
597,0.9999999101371092,0.9369488976629926,0.03076326422590778,0.15640426848366137,0.9999991556107379,0.6885321653103426,0.00371155885471898,0.05649655172413793
598,0.9999999101371092,0.9369396102661826,0.0307573081271482,0.15648289014714784,0.9999991556107379,0.6884541665369193,0.00379992930364086,0.05649655172413793
599,0.9999999101371092,0.9369524345731768,0.03071746804248562,0.15643110263447862,0.9999991556107379,0.6885523887827961,0.00379992930364086,0.05644137931034483
600,0.9999999101371092,0.9369524345731768,0.03074032367427433,0.15645865538209222,0.9999991556107379,0.6885523887827961,0.00379992930364086,0.05644137931034483
601,0.9999999101371092,0.9369118683788199,0.03059253841111588,0.15638307585859856,0.9999991556107379,0.6885628901358624,0.00379992930364086,0.05649655172413793
602,0.9999999101371092,0.9368867009771015,0.03058055742955581,0.15635995408745013,0.9999991556107379,0.688570773030875,0.00379992930364086,0.05655172413793103
603,0.9999999101371092,0.9369078983775928,0.03054963069605955,0.15637412352926522,0.9999991556107379,0.6886592783043036,0.00388829975256274,0.05655172413793103
604,0.9999999101371092,0.9369170654713354,0.03044066635415942,0.15640371977524775,0.9999991556107379,0.6887276287687689,0.00371155885471898,0.05660689655172414
605,0.9999999101371092,0.9368859310374696,0.03035884060742655,0.1563768348689348,0.9999991556107379,0.688660010009606,0.00371155885471898,0.05666206896551724
606,0.9999999101371092,0.9368777985501074,0.03024127514139249,0.15641137292390236,0.9999991556107379,0.688506104769973,0.0036231884057971,0.05649655172413793
607,0.9999999101371092,0.9369232971702313,0.03018687569235648,0.15638955609279898,0.9999991556107379,0.6885468596929297,0.0036231884057971,0.05671724137931034
608,0.9999999101371092,0.9368910559481446,0.03012319374398269,0.1565031755429232,0.9999991556107379,0.6883417263417991,0.00371155885471898,0.05660689655172414
609,0.9999999101371092,0.9368807580055676,0.02999058220722746,0.1564988243167798,0.9999991556107379,0.6882795919630503,0.00371155885471898,0.05666206896551724
610,0.9999999101371092,0.9369435562067961,0.02991598259495755,0.15652686086527576,0.9999991556107379,0.6883199918325126,0.0036231884057971,0.05655172413793103
611,0.9999999101371092,0.9369370839017653,0.02983659560084998,0.15637300214712116,0.9999991556107379,0.6884068418292782,0.00371155885471898,0.05644137931034483
612,0.9999999101371092,0.9368592718777143,0.02979853361126068,0.1564446188274791,0.9999991556107379,0.688365596298027,0.00371155885471898,0.05644137931034483
613,0.9999999101371092,0.9368737082458128,0.0297903071395942,0.1564230697715369,0.9999991556107379,0.688327054583233,0.00371155885471898,0.05644137931034483
614,0.9999999101371092,0.9368697141839722,0.02963357970778932,0.15634842112007036,0.9999991556107379,0.6885304232383792,0.00371155885471898,0.05611034482758621
615,0.9999999101371092,0.9368945928583287,0.02963457854005357,0.15636118304104235,0.9999991556107379,0.688554418333878,0.0036231884057971,0.05622068965517241
616,0.9999999101371092,0.9368948334644637,0.02961129192322283,0.15636652550474747,0.9999991556107379,0.6885562639392668,0.0036231884057971,0.05633103448275862
617,0.9999999101371092,0.9369318386880229,0.02949110340434706,0.1563321172652564,0.9999991556107379,0.6885010718312532,0.00353481795687522,0.05644137931034483
618,0.9999999101371092,0.9369263528681454,0.02939386688243985,0.15631299491645298,0.9999991556107379,0.6883976271365739,0.00344644750795334,0.05633103448275862
619,0.9999999101371092,0.9369543113010296,0.0292660060296863,0.15626394531793775,0.9999991556107379,0.6885091429889689,0.00335807705903146,0.05622068965517241
620,0.9999999101371092,0.9369315018394339,0.02923576900117802,0.15628320557982614,0.9999991556107379,0.6883976070106822,0.00353481795687522,0.05622068965517241
621,0.9999999101371092,0.936921203896857,0.02916334422897966,0.156431781987978,0.9999991556107379,0.6883585132970873,0.00344644750795334,0.05627586206896552
622,0.9999999101371092,0.936921203896857,0.02918880400230705,0.15646262353062013,0.9999991556107379,0.6883585132970873,0.00353481795687522,0.05627586206896552
623,0.9999999101371092,0.9369230806247097,0.02918205743901893,0.15648701991037367,0.9999991556107379,0.6883890015742672,0.00353481795687522,0.05627586206896552
624,0.9999999101371092,0.9369469487532993,0.0291347425550854,0.1565447761810065,0.9999991556107379,0.6884401783890401,0.00353481795687522,0.05611034482758621
625,0.9999999101371092,0.9369469487532993,0.02913143113096411,0.1565407536833285,0.9999991556107379,0.6884401783890401,0.00353481795687522,0.05611034482758621
626,0.9999999101371092,0.9369328011125627,0.02902288007664653,0.15645834465239286,0.9999991556107379,0.6884911851974032,0.00335807705903146,0.0560551724137931
627,0.9999999101371092,0.9369346778404156,0.02897003164276328,0.15644483063445347,0.9999991556107379,0.6885377821331728,0.00344644750795334,0.05588965517241379
628,0.9999999101371092,0.9369273634139124,0.0288928015206068,0.15644721907764014,0.9999991556107379,0.6884831845788564,0.0031813361611877,0.05588965517241379
629,0.9999999101371092,0.9369065750438504,0.02879205954082657,0.15649072484617574,0.9999991556107379,0.6884914243531497,0.00309296571226582,0.0559448275862069
630,0.9999999101371092,0.9368969026772245,0.02879886942244022,0.15650688890187522,0.9999991556107379,0.6884824809139306,0.00309296571226582,0.05588965517241379
631,0.9999999101371092,0.9368969026772245,0.02881307644216249,0.1565241617348105,0.9999991556107379,0.6884824809139306,0.00309296571226582,0.0559448275862069
632,0.9999999101371092,0.9368776541864264,0.0287156815589646,0.15654898766074238,0.9999991556107379,0.6883150146632335,0.00309296571226582,0.0560551724137931
633,0.9999999101371092,0.9368776541864264,0.0287622346171888,0.1566055928539796,0.9999991556107379,0.6883150146632335,0.00309296571226582,0.05611034482758621
634,0.9999999101371092,0.9368776541864264,0.02879042118458658,0.15663987297793983,0.9999991556107379,0.6883150146632335,0.00309296571226582,0.05616551724137931
635,0.9999999101371092,0.936905781043605,0.02870961545202723,0.15661909286955464,0.9999991556107379,0.6883458152471936,0.00291622481442206,0.05627586206896552
636,0.9999999101371092,0.9368997658902307,0.02868684759055498,0.15662793032492245,0.9999991556107379,0.6883299485567524,0.00291622481442206,0.05622068965517241
637,0.9999999101371092,0.9368785684897394,0.02864751582214443,0.15670710449058545,0.9999991556107379,0.6882249741190417,0.00291622481442206,0.05622068965517241
638,0.9999999101371092,0.936882129460537,0.02855013108965682,0.15677423974312665,0.9999991556107379,0.6881618018623651,0.00291622481442206,0.05622068965517241
639,0.9999999101371092,0.93696023021195,0.02838920148940155,0.15663550450653765,0.9999991556107379,0.6883941443582497,0.00291622481442206,0.0560551724137931
640,0.9999999101371092,0.9369634062129316,0.02839818450532757,0.15665532591071954,0.9999991556107379,0.6884615351633729,0.00291622481442206,0.05611034482758621
641,0.9999999101371092,0.9369935301010305,0.02831808238167181,0.15657482316675309,0.9999991556107379,0.6886163540180763,0.00291622481442206,0.0560551724137931
642,0.9999999101371092,0.9369935301010305,0.02834653500302045,0.15660951393162034,0.9999991556107379,0.6886163540180763,0.00291622481442206,0.05611034482758621
643,0.9999999101371092,0.9369604948786984,0.02827862193153873,0.15667504788585443,0.9999991556107379,0.6884983534577566,0.00291622481442206,0.05577931034482759
644,0.9999999101371092,0.9369482480264282,0.02822613576819338,0.15671888430373623,0.9999991556107379,0.6885265738864795,0.00291622481442206,0.05572413793103449
645,0.9999999101371092,0.9369637430615206,0.02816048578468547,0.15677070396438791,0.9999991556107379,0.6885967997180139,0.00291622481442206,0.0559448275862069
646,0.9999999101371092,0.9369637430615206,0.0281965897390282,0.1568148032094302,0.9999991556107379,0.6885967997180139,0.00291622481442206,0.0559448275862069
647,0.9999999101371092,0.9369160068043415,0.02809176730025429,0.15680520647367968,0.9999991556107379,0.6885445883556668,0.00282785436550018,0.05611034482758621
648,0.9999999101371092,0.9369004636480222,0.02807689925141876,0.15682307320337432,0.9999991556107379,0.6885552512830293,0.00282785436550018,0.05611034482758621
649,0.9999999101371092,0.9369079224382063,0.02805966310963894,0.15676665182109445,0.9999991556107379,0.688688996125383,0.00282785436550018,0.0559448275862069
650,0.9999999101371092,0.9369079224382063,0.02807266829447748,0.15678252725468406,0.9999991556107379,0.688688996125383,0.00291622481442206,0.056
651,0.9999999101371092,0.9369079224382063,0.02808829885267478,0.15680162984297671,0.9999991556107379,0.688688996125383,0.00291622481442206,0.056
652,0.9999999101371092,0.9369098472872861,0.0279850654805785,0.15677776853102085,0.9999991556107379,0.6886570498714916,0.00282785436550018,0.056
653,0.9999999101371092,0.9369075374683904,0.02797491820720183,0.15677397795393522,0.9999991556107379,0.6886496049031091,0.00282785436550018,0.056
654,0.9999999101371092,0.93688696564385,0.02792398684799062,0.1567044880421688,0.9999991556107379,0.688700502573364,0.0027394839165783,0.05583448275862069
655,0.9999999101371092,0.93688696564385,0.02789019567526781,0.1566632249522749,0.9999991556107379,0.688700502573364,0.0027394839165783,0.05577931034482759
656,0.9999999101371092,0.9368748631552607,0.02778777753410971,0.15673854286514233,0.9999991556107379,0.6886772299009375,0.0027394839165783,0.05572413793103449
657,0.9999999101371092,0.9368870378256905,0.02777911196370959,0.15674619484129274,0.9999991556107379,0.6887135635506269,0.0027394839165783,0.05561379310344827
658,1.0,0.9368563846040946,0.0277408409107571,0.15681105050694763,1.0,0.6885407944237187,0.0027394839165783,0.05566896551724138
659,1.0,0.9368312172023763,0.02759956729762664,0.15674101098073903,1.0,0.6884783803672236,0.0027394839165783,0.05555862068965517
660,1.0,0.9368345375670389,0.02759896709651593,0.15674817915336955,1.0,0.688510396883584,0.0027394839165783,0.05555862068965517
661,1.0,0.93683275708164,0.02755591020280568,0.15679597086205538,1.0,0.6885084769358787,0.0027394839165783,0.05555862068965517
662,1.0,0.93683275708164,0.02755794564876438,0.15679845576757617,1.0,0.6885084769358787,0.0027394839165783,0.05555862068965517
663,1.0,0.9368313615660572,0.02744931620075368,0.15674682255460956,1.0,0.6886052722496459,0.00265111346765642,0.05555862068965517
664,1.0,0.9368167808342777,0.02736606262603004,0.1568128319962413,1.0,0.688508696056855,0.00265111346765642,0.05566896551724138
665,1.0,0.9367901697957495,0.02722641366520141,0.1568103316193793,1.0,0.6883766934103667,0.00256274301873454,0.05544827586206896
666,1.0,0.9367901697957495,0.02723526617729454,0.15682120954127868,1.0,0.6883766934103667,0.00256274301873454,0.05550344827586207
667,1.0,0.9367744822757491,0.02707361607412484,0.1567868133751926,1.0,0.688242295083798,0.00256274301873454,0.05539310344827586
668,1.0,0.9367744822757491,0.02709666171768073,0.15681512921938948,1.0,0.688242295083798,0.00256274301873454,0.05539310344827586
669,1.0,0.9367744822757491,0.02711280232045521,0.15683497676899472,1.0,0.688242295083798,0.00256274301873454,0.05544827586206896
670,1.0,0.9367744822757491,0.02711542711141809,0.15683820120924202,1.0,0.688242295083798,0.00256274301873454,0.05544827586206896
671,1.0,0.9367744822757491,0.02713891169393063,0.15686707146142273,1.0,0.688242295083798,0.00256274301873454,0.05555862068965517
672,1.0,0.9367665903945219,0.02704020152919551,0.15688112179226651,1.0,0.688276474574689,0.00247437256981265,0.05550344827586207
673,1.0,0.9367838659150131,0.02696863639054935,0.15692080053723578,1.0,0.6883514049227853,0.00247437256981265,0.05555862068965517
674,1.0,0.9367838659150131,0.02698936922389134,0.15694641362658804,1.0,0.6883514049227853,0.00256274301873454,0.05555862068965517
675,1.0,0.9367794868833565,0.02699084907746801,0.15700364330571018,1.0,0.6882265174053456,0.00256274301873454,0.05555862068965517
676,1.0,0.9367969067675288,0.02690481341186379,0.15696110560611737,1.0,0.6883580972499992,0.00256274301873454,0.05517241379310345
677,1.0,0.9367900735532955,0.02680854926529748,0.1569072908887463,1.0,0.6883134811535035,0.00265111346765642,0.05517241379310345
678,1.0,0.9367900735532955,0.02681787016687009,0.15691878671401455,1.0,0.6883134811535035,0.00265111346765642,0.05517241379310345
679,1.0,0.9367969067675288,0.02674447474949962,0.15692622593194722,1.0,0.6883497282329529,0.00256274301873454,0.05517241379310345
680,1.0,0.9367969067675288,0.02674331066135957,0.15692479542558913,1.0,0.6883497282329529,0.00256274301873454,0.05517241379310345
681,1.0,0.9367985428892466,0.02677401194780246,0.15699327742450073,1.0,0.6883634254632905,0.00256274301873454,0.05517241379310345
682,1.0,0.9367985428892466,0.02678587757473541,0.15700794436050794,1.0,0.6883634254632905,0.00256274301873454,0.05517241379310345
683,1.0,0.9368231087756276,0.02669459812205125,0.15701527559273962,1.0,0.6884227213821965,0.00247437256981265,0.05517241379310345
684,1.0,0.936833334536364,0.02667585778095277,0.15698452984511074,1.0,0.6884249135648105,0.00247437256981265,0.05522758620689655
685,1.0,0.936833334536364,0.02670938161060728,0.15702595885135315,1.0,0.6884249135648105,0.00247437256981265,0.05522758620689655
686,1.0,0.9368188019258115,0.02662575898948941,0.1570151380711692,1.0,0.688502168718516,0.00238600212089077,0.05517241379310345
687,1.0,0.9368307359901062,0.02651407602088759,0.15696797762945855,1.0,0.6884478759557728,0.00247437256981265,0.05506206896551724
688,1.0,0.9368852092190647,0.02646652230773267,0.15693251921250154,1.0,0.6885214484312625,0.00238600212089077,0.05506206896551724
689,1.0,0.9368852092190647,0.02647909176118527,0.1569480552832628,1.0,0.6885214484312625,0.00238600212089077,0.05506206896551724
690,1.0,0.9369343891130536,0.02632858969905878,0.15688804325054523,1.0,0.6885746782709788,0.00238600212089077,0.05506206896551724
691,1.0,0.9370027212553865,0.0262669126940675,0.15689015921152388,1.0,0.6887012376213238,0.00229763167196889,0.05511724137931034
692,1.0,0.9369776019748951,0.02620291606172442,0.1568972267463416,1.0,0.6887040690836954,0.00229763167196889,0.05528275862068965
693,1.0,0.9369527714217657,0.0261849605411996,0.1569546798061402,1.0,0.6887462231460223,0.00229763167196889,0.05522758620689655
694,1.0,0.9369535413613976,0.02618782638307161,0.15694810189184039,1.0,0.6887702428450053,0.00229763167196889,0.05522758620689655
695,1.0,0.9369605429999254,0.02609394997389564,0.15702970955750245,1.0,0.6886047761081112,0.00220926122304701,0.05533793103448276
696,1.0,0.9369605429999254,0.02610573906151208,0.15704431665130691,1.0,0.6886047761081112,0.00229763167196889,0.05539310344827586
697,1.0,0.9369605429999254,0.02611176002299132,0.1570517570446015,1.0,0.6886047761081112,0.00229763167196889,0.05539310344827586
698,1.0,0.9369605670605389,0.02613254988145509,0.15707750911581062,1.0,0.6886049321610496,0.00238600212089077,0.05544827586206896
699,1.0,0.9369605429999254,0.02613874602788072,0.15708520175804527,1.0,0.6886047761081112,0.00238600212089077,0.05544827586206896
700,1.0,0.9369870818566132,0.02604610850755665,0.15704417113074592,1.0,0.688528290337642,0.00229763167196889,0.05533793103448276
701,1.0,0.9369870818566132,0.02607114424567096,0.15707515982229864,1.0,0.688528290337642,0.00229763167196889,0.05533793103448276
702,1.0,0.9369870818566132,0.02607193237593711,0.15707614528626598,1.0,0.688528290337642,0.00229763167196889,0.05533793103448276
703,1.0,0.9369870818566132,0.02607701501211422,0.1570824330009501,1.0,0.688528290337642,0.00229763167196889,0.05533793103448276
704,1.0,0.936978997490478,0.02603820928249035,0.1570733684708086,1.0,0.6885775940466177,0.00220926122304701,0.05544827586206896
705,1.0,0.9369758214894963,0.02603329263569995,0.15707745931635783,1.0,0.6885696225091068,0.00220926122304701,0.05544827586206896
706,1.0,0.936959989605815,0.02597991483643593,0.1571788498091473,1.0,0.68851197832343,0.00229763167196889,0.05544827586206896
707,1.0,0.936959989605815,0.02598029587604895,0.157179338196493,1.0,0.6885119783234301,0.00229763167196889,0.05544827586206896
708,1.0,0.936959989605815,0.02597266427476962,0.15716986773104075,1.0,0.68851197832343,0.00229763167196889,0.05544827586206896
709,1.0,0.9369798636725639,0.02588223969883631,0.1571465945921918,1.0,0.6885725913475763,0.00229763167196889,0.05550344827586207
710,1.0,0.9369798636725639,0.02589535279364943,0.15716286036656385,1.0,0.6885725913475763,0.00238600212089077,0.05544827586206896
711,1.0,0.9369836171282695,0.02590534298233314,0.1571838960323835,1.0,0.6886363608616464,0.00238600212089077,0.05544827586206896
712,1.0,0.9370113349550186,0.02585166621438205,0.15714697837555988,1.0,0.6886881128267844,0.00238600212089077,0.05561379310344827
713,1.0,0.9369939150708465,0.02584275404032433,0.15711263239361112,1.0,0.6887081626457463,0.00229763167196889,0.05572413793103449
714,1.0,0.9369912684033618,0.02576835703225541,0.1571120509994415,1.0,0.6886959526628408,0.00220926122304701,0.05566896551724138
715,1.0,0.9370189862301109,0.02566026600132844,0.1571352266577089,1.0,0.688684329151631,0.00220926122304701,0.05550344827586207
716,1.0,0.9370223065947736,0.02565408126997727,0.15711584301432324,1.0,0.6887165480676114,0.00220926122304701,0.05550344827586207
717,1.0,0.9369983662843435,0.0255274336885164,0.15716324770493426,1.0,0.6886248380916891,0.00212089077412513,0.05555862068965517
