sequence,tid_a,tid_b,label,pairwise_temporal_gap,pairwise_spatial_distance,pairwise_endpoint_dx,pairwise_endpoint_dy,pairwise_bbox_height_ratio,pairwise_reid_cosine_sim,pairwise_siglip_cosine_sim,pairwise_jersey_match,pairwise_jersey_conflict,pairwise_jersey_both_confident,pairwise_team_match,pairwise_team_both_consistent
SNPT-101,3,34,0,17.0,1903.3873291015625,1899.993896484375,-113.60740661621094,1.2154669761657715,0.6897702217102051,0.9020407199859619,0.0,1.0,0.0,0.0,1.0
SNPT-160,18,25,0,180.0,1906.5498046875,1888.050537109375,-264.9479064941406,1.4261924028396606,0.7171729803085327,0.950760543346405,0.0,1.0,1.0,0.0,1.0
SNPT-102,11,24,0,177.0,255.383544921875,-1.4691439867019653,-255.3793182373047,1.098999261856079,0.6401776671409607,0.8945300579071045,0.0,0.0,0.0,0.0,1.0
SNPT-108,4,26,0,190.0,119.56898498535156,9.225786209106445,-119.21253204345703,0.9917733073234558,0.6591112017631531,0.90764319896698,1.0,0.0,1.0,0.0,1.0
SNPT-071,2,23,0,145.0,110.81342315673828,23.10262107849121,-108.37843322753906,0.876964271068573,0.8442311882972717,0.9567034840583801,0.0,1.0,1.0,1.0,1.0
SNPT-115,1,27,0,199.0,1890.7774658203125,1889.9117431640625,-57.21080017089844,1.1257257461547852,0.8142723441123962,0.9356645345687866,0.0,1.0,1.0,1.0,1.0
SNPT-160,2,29,1,364.0,86.78338623046875,25.743404388427734,-82.8772201538086,1.6117873191833496,0.8720832467079163,0.9496679902076721,1.0,0.0,1.0,1.0,1.0
SNPT-170,17,30,0,88.0,50.00115966796875,-2.0367422103881836,-49.95966339111328,0.7674510478973389,0.7078649997711182,0.9033331871032715,0.0,0.0,0.0,1.0,1.0
SNPT-108,14,35,0,286.0,214.7692413330078,-8.28857421875,214.6092529296875,0.8881350159645081,0.7301487922668457,0.9779564738273621,0.0,0.0,0.0,1.0,1.0
SNPT-113,38,13,1,434.0,57.25021743774414,-6.756369590759277,-56.85014343261719,0.8200237154960632,0.9580928087234497,0.9252030253410339,1.0,0.0,1.0,1.0,1.0
SNPT-075,8,24,0,278.0,113.05322265625,-1.0872808694839478,-113.0479965209961,1.6807680130004883,0.823555588722229,0.8418973088264465,0.0,0.0,0.0,1.0,1.0
SNPT-068,27,31,0,25.0,1912.314208984375,-1895.4742431640625,253.22598266601562,0.737137496471405,0.7448263168334961,0.9523611664772034,0.0,0.0,0.0,0.0,0.0
SNPT-162,18,28,0,78.0,1756.156982421875,-1756.1529541015625,3.7995123863220215,1.1206982135772705,0.6680509448051453,0.9366018176078796,0.0,0.0,0.0,0.0,0.0
SNPT-170,19,29,1,50.0,98.07137298583984,1.8581600189208984,-98.05376434326172,0.7671055197715759,0.8097800016403198,0.9526512026786804,0.0,0.0,0.0,1.0,1.0
SNPT-066,8,30,0,67.0,118.8305892944336,-9.075037956237793,-118.48355102539062,1.570954442024231,0.9250224828720093,0.9624567031860352,0.0,1.0,1.0,1.0,1.0
SNPT-105,36,33,1,25.0,11.888855934143066,11.108135223388672,4.237241744995117,1.1535134315490723,0.9594640731811523,0.9944157600402832,0.0,0.0,0.0,1.0,1.0
SNPT-063,46,42,0,97.0,60.338043212890625,-21.67176055908203,56.31175994873047,0.916157066822052,0.7736936807632446,0.9526170492172241,0.0,0.0,0.0,0.0,1.0
SNPT-110,42,45,0,62.0,76.87853240966797,2.7733657360076904,76.8284912109375,1.4652941226959229,0.7640796899795532,0.9460707306861877,0.0,0.0,0.0,1.0,1.0
SNPT-161,24,29,0,104.0,1900.003173828125,-1881.8328857421875,-262.1387023925781,1.6770979166030884,0.8609896898269653,0.9718684554100037,0.0,1.0,0.0,1.0,1.0
SNPT-154,3,21,0,85.0,1892.811279296875,1891.5384521484375,69.40288543701172,1.1686564683914185,0.5760436058044434,0.9190580248832703,0.0,1.0,0.0,0.0,0.0
SNPT-164,15,34,0,439.0,622.4915161132812,622.0809936523438,22.6038875579834,1.2925349473953247,0.7602844834327698,0.9438058733940125,0.0,0.0,0.0,1.0,0.0
SNPT-101,24,36,1,240.0,62.19118118286133,-0.019709119573235512,62.19118118286133,1.0774133205413818,0.9205117225646973,0.9597134590148926,0.0,1.0,0.0,1.0,1.0
SNPT-071,7,27,0,96.0,518.3214721679688,503.6249694824219,-122.55228424072266,0.8425501585006714,0.7030776143074036,0.9191038012504578,0.0,1.0,1.0,0.0,1.0
SNPT-153,1,27,0,289.0,1934.226806640625,1901.0955810546875,-356.4676208496094,2.4384565353393555,0.6256071925163269,0.8854243755340576,0.0,1.0,1.0,0.0,1.0
SNPT-105,16,24,1,101.0,16.949459075927734,-15.341728210449219,-7.20524263381958,0.7111579775810242,0.7992153167724609,0.9367589950561523,0.0,0.0,0.0,1.0,1.0
SNPT-073,11,37,0,468.0,1897.466796875,-1893.8118896484375,117.71566009521484,0.689932644367218,0.7221391201019287,0.9544957280158997,0.0,0.0,0.0,0.0,1.0
SNPT-112,1,29,0,92.0,387.140869140625,3.093815565109253,-387.12847900390625,1.917698860168457,0.6586723327636719,0.9448077082633972,0.0,0.0,0.0,1.0,1.0
SNPT-166,12,29,0,132.0,74.66217803955078,2.014380693435669,-74.63500213623047,0.753059983253479,0.7618520259857178,0.9346923232078552,0.0,0.0,0.0,0.0,1.0
SNPT-065,18,26,1,55.0,18.5480899810791,17.89872169494629,-4.8649163246154785,0.7845539450645447,0.9697822332382202,0.9703959822654724,1.0,0.0,1.0,1.0,1.0
SNPT-068,6,34,0,168.0,366.7654724121094,-2.743513822555542,-366.75518798828125,0.8282771110534668,0.7665809392929077,0.9570477604866028,0.0,0.0,0.0,0.0,1.0
SNPT-065,45,30,1,90.0,50.71660614013672,7.676340579986572,50.13230514526367,0.8194372057914734,0.932748556137085,0.9826706051826477,0.0,0.0,0.0,1.0,1.0
SNPT-159,23,43,1,175.0,40.8258056640625,-5.544800758361816,40.44751739501953,0.9313023090362549,0.7772183418273926,0.9642437696456909,0.0,0.0,0.0,1.0,1.0
SNPT-170,37,13,0,9.0,1901.8897705078125,-1901.003173828125,-58.06332778930664,1.2082927227020264,0.6750063300132751,0.9398157000541687,0.0,0.0,0.0,0.0,0.0
SNPT-098,2,25,0,278.0,151.93287658691406,0.022598013281822205,-151.93287658691406,0.8746576309204102,0.5905753374099731,0.8844849467277527,0.0,0.0,0.0,0.0,1.0
SNPT-108,10,23,0,19.0,1903.37255859375,-1903.2764892578125,19.11873435974121,0.6487818360328674,0.6406378149986267,0.9398376941680908,0.0,0.0,0.0,0.0,1.0
SNPT-107,5,34,0,379.0,56.98042678833008,22.310028076171875,52.431209564208984,0.5722710490226746,0.6786608695983887,0.916254997253418,0.0,0.0,0.0,0.0,1.0
SNPT-167,20,27,0,229.0,105.92713165283203,-5.713217735290527,105.77294158935547,0.8058325052261353,0.6320494413375854,0.9395725727081299,0.0,1.0,1.0,0.0,1.0
SNPT-063,9,32,0,413.0,1889.50732421875,1884.7841796875,-133.5153350830078,1.1695356369018555,0.8257910013198853,0.9627042412757874,0.0,0.0,0.0,0.0,1.0
SNPT-097,12,24,0,162.0,45.39311599731445,-12.017749786376953,43.773380279541016,0.9039399027824402,0.693274199962616,0.9205889701843262,0.0,1.0,1.0,0.0,1.0
SNPT-101,18,35,0,186.0,1844.9979248046875,1844.993896484375,-3.895872116088867,1.212755560874939,0.7129406929016113,0.9156594276428223,0.0,0.0,0.0,0.0,1.0
SNPT-102,18,33,0,69.0,1889.684814453125,-1889.1754150390625,-43.87508010864258,1.0808132886886597,0.6175518035888672,0.916951060295105,0.0,0.0,0.0,0.0,1.0
SNPT-168,17,24,0,245.0,1908.6982421875,1903.27001953125,143.84732055664062,0.7963147163391113,0.8398127555847168,0.9886576533317566,0.0,0.0,0.0,1.0,0.0
SNPT-170,39,25,1,1.0,256.25689697265625,251.658203125,48.32959747314453,1.1163148880004883,0.9264634251594543,0.9898485541343689,0.0,0.0,0.0,1.0,1.0
SNPT-110,40,21,0,154.0,1909.53125,-1899.2108154296875,-198.2620086669922,1.0656797885894775,0.881385087966919,0.9213627576828003,0.0,1.0,0.0,1.0,1.0
SNPT-153,1,30,1,501.0,19.636327743530273,10.595549583435059,16.53238296508789,0.9464512467384338,0.7419949173927307,0.8965973258018494,0.0,0.0,0.0,1.0,1.0
SNPT-107,18,26,0,439.0,1897.8116455078125,-1897.809814453125,2.6740310192108154,0.9192398190498352,0.7223412990570068,0.9181103110313416,0.0,0.0,0.0,0.0,1.0
SNPT-065,19,36,0,310.0,1891.1165771484375,1890.8665771484375,-30.748390197753906,0.4947996735572815,0.7303736805915833,0.9144791960716248,0.0,0.0,0.0,0.0,1.0
SNPT-062,29,28,0,93.0,181.89324951171875,2.967724084854126,181.86904907226562,0.6783438324928284,0.8001788854598999,0.9361802339553833,0.0,0.0,0.0,0.0,1.0
SNPT-164,28,33,1,69.0,85.99176025390625,8.455300331115723,-85.57505798339844,1.304682970046997,0.8799068927764893,0.9710091948509216,0.0,0.0,0.0,1.0,1.0
SNPT-111,13,28,0,335.0,1903.88916015625,-1891.6878662109375,-215.19984436035156,1.5335609912872314,0.7297799587249756,0.9449959993362427,0.0,0.0,0.0,0.0,0.0
SNPT-167,32,38,0,175.0,65.41836547851562,-5.883535385131836,65.15325164794922,1.1732503175735474,0.8085262179374695,0.9570863246917725,0.0,0.0,0.0,1.0,1.0
SNPT-101,5,39,0,624.0,1900.6375732421875,-1900.181640625,41.6263313293457,0.8160831332206726,0.7843433022499084,0.9909275770187378,0.0,0.0,0.0,1.0,1.0
SNPT-067,14,36,0,244.0,283.95452880859375,-7.42943811416626,283.8573303222656,0.728884756565094,0.6930415630340576,0.9173393845558167,0.0,0.0,0.0,0.0,1.0
SNPT-069,10,27,1,1.0,12.3626070022583,12.270227432250977,1.508500337600708,0.9216722249984741,0.7034357190132141,0.8806047439575195,0.0,0.0,0.0,0.0,1.0
SNPT-067,5,22,0,167.0,223.8341827392578,3.4973528385162354,223.80686950683594,0.5674058198928833,0.6810976266860962,0.9598684310913086,0.0,0.0,0.0,0.0,1.0
SNPT-077,16,22,0,76.0,1883.0782470703125,-1881.953857421875,-65.06430053710938,1.7447302341461182,0.8440517783164978,0.9557291865348816,0.0,0.0,0.0,1.0,1.0
SNPT-162,46,27,1,137.0,141.99560546875,7.334839344024658,141.80604553222656,1.14559805393219,0.9715512990951538,0.9789849519729614,1.0,0.0,1.0,1.0,1.0
SNPT-077,14,28,0,106.0,159.54248046875,-0.3786036968231201,159.5420379638672,0.5232947468757629,0.7113237977027893,0.9345539808273315,0.0,0.0,0.0,0.0,1.0
SNPT-159,58,46,0,371.0,1909.083251953125,1899.8037109375,-188.00271606445312,1.513278603553772,0.8328633308410645,0.9538482427597046,0.0,0.0,0.0,1.0,1.0
SNPT-158,10,31,0,251.0,195.8334503173828,180.8668975830078,-75.08599853515625,1.270579218864441,0.7094686627388,0.9559113383293152,0.0,0.0,0.0,1.0,1.0
SNPT-115,18,25,1,128.0,13.421655654907227,3.101125478744507,-13.058478355407715,1.539979338645935,0.8257333040237427,0.9754225015640259,0.0,0.0,0.0,0.0,0.0
SNPT-157,4,27,0,149.0,426.577880859375,23.545249938964844,-425.9275817871094,1.2157292366027832,0.850140392780304,0.9664270877838135,0.0,1.0,1.0,1.0,1.0
SNPT-106,11,23,1,344.0,115.92476654052734,4.843763828277588,-115.82352447509766,1.290701150894165,0.954623818397522,0.9848189949989319,0.0,1.0,0.0,1.0,1.0
SNPT-060,3,36,0,377.0,21.26837921142578,4.363827705383301,20.815881729125977,1.1314603090286255,0.7850843071937561,0.9419309496879578,0.0,0.0,0.0,0.0,1.0
SNPT-111,7,42,0,5.0,238.1755828857422,-1.1562187671661377,238.1727752685547,3.6565470695495605,0.5065547227859497,0.8586761951446533,0.0,0.0,0.0,1.0,1.0
SNPT-102,3,24,0,151.0,182.01724243164062,0.20551100373268127,-182.0171356201172,1.1131871938705444,0.7127504348754883,0.9601221680641174,0.0,0.0,0.0,1.0,1.0
SNPT-159,54,45,1,425.0,132.47996520996094,-3.482182264328003,-132.43418884277344,1.3870916366577148,0.7634809017181396,0.966732919216156,0.0,0.0,0.0,1.0,1.0
SNPT-114,3,15,0,133.0,51.08279037475586,-3.070695638656616,-50.990413665771484,1.353968620300293,0.6735010147094727,0.8912124037742615,0.0,1.0,1.0,0.0,1.0
SNPT-101,6,32,1,340.0,114.7866439819336,-6.620280742645264,114.59557342529297,0.9970196485519409,0.904821515083313,0.9900373816490173,0.0,0.0,0.0,1.0,1.0
SNPT-072,17,32,1,555.0,44.73242950439453,-7.866090297698975,-44.03538131713867,0.8658837080001831,0.844916820526123,0.9321077466011047,0.0,0.0,0.0,1.0,1.0
SNPT-115,1,21,1,1.0,21.560836791992188,3.4117040634155273,21.289199829101562,1.0931895971298218,0.9784610867500305,0.9515693187713623,1.0,0.0,1.0,1.0,1.0
SNPT-065,1,40,1,381.0,1125.1654052734375,1122.32275390625,79.93059539794922,0.5983489751815796,0.8985327482223511,0.9767282009124756,1.0,0.0,1.0,1.0,1.0
SNPT-063,45,22,0,131.0,33.151058197021484,1.5684863328933716,-33.113929748535156,1.1042035818099976,0.7287408113479614,0.9564250707626343,0.0,0.0,0.0,0.0,1.0
SNPT-162,16,29,0,129.0,467.226318359375,-15.69558334350586,466.9626159667969,0.768229603767395,0.691449761390686,0.9300606846809387,0.0,0.0,0.0,0.0,1.0
SNPT-112,10,25,0,215.0,153.7207489013672,0.5709269046783447,153.71969604492188,1.0314756631851196,0.6439858078956604,0.9025754332542419,0.0,1.0,1.0,0.0,1.0
SNPT-112,13,25,0,161.0,490.0616760253906,6.901012897491455,490.0130920410156,0.5402175188064575,0.6259725093841553,0.9047927856445312,0.0,0.0,0.0,0.0,1.0
SNPT-154,27,56,0,101.0,40.23903274536133,14.258766174316406,37.628013610839844,1.1010801792144775,0.794434666633606,0.9349459409713745,0.0,0.0,0.0,0.0,1.0
SNPT-060,12,35,0,547.0,1851.86767578125,-1851.4278564453125,40.3568229675293,0.9578458666801453,0.7666233777999878,0.9668460488319397,0.0,0.0,0.0,0.0,1.0
SNPT-107,7,34,0,315.0,38.20969772338867,24.011186599731445,29.722782135009766,0.6172909736633301,0.6072340607643127,0.9176625609397888,0.0,0.0,0.0,0.0,1.0
SNPT-068,22,27,0,29.0,1929.9613037109375,1892.5882568359375,-377.9688720703125,1.9145437479019165,0.6608597636222839,0.8826409578323364,0.0,0.0,0.0,0.0,0.0
SNPT-159,14,41,0,205.0,358.9934387207031,15.143333435058594,-358.6739196777344,2.3501782417297363,0.5562397837638855,0.9119318127632141,0.0,0.0,0.0,0.0,1.0
SNPT-155,6,24,1,276.0,11.36530876159668,1.7191895246505737,11.234528541564941,1.0268409252166748,0.7982689738273621,0.877688467502594,0.0,1.0,0.0,1.0,1.0
SNPT-106,6,25,0,497.0,24.088703155517578,7.324812412261963,-22.948043823242188,1.0769753456115723,0.7651310563087463,0.916714072227478,0.0,0.0,0.0,0.0,0.0
SNPT-155,1,20,0,75.0,1949.6572265625,1897.563720703125,-447.6774597167969,1.764349341392517,0.7514944076538086,0.9786588549613953,0.0,1.0,1.0,1.0,1.0
SNPT-110,5,40,1,84.0,34.937931060791016,-26.707275390625,-22.525108337402344,0.7536231875419617,0.7779057025909424,0.9785383343696594,0.0,1.0,0.0,1.0,0.0
SNPT-064,16,21,1,96.0,17.939233779907227,1.1768369674682617,17.900590896606445,0.9326189756393433,0.9524194002151489,0.9820806980133057,1.0,0.0,1.0,1.0,1.0
SNPT-158,8,34,0,264.0,52.290199279785156,-8.51384449005127,-51.59243392944336,1.2026728391647339,0.6602113246917725,0.9340974688529968,0.0,1.0,1.0,0.0,1.0
SNPT-065,25,40,1,213.0,111.5845947265625,-4.29340124130249,111.50196838378906,0.5482296943664551,0.8943830132484436,0.9336975812911987,1.0,0.0,1.0,1.0,1.0
SNPT-169,1,31,0,154.0,624.6915283203125,-45.632415771484375,-623.0225830078125,1.4064133167266846,0.8467714190483093,0.9566875696182251,0.0,1.0,1.0,1.0,1.0
SNPT-073,19,35,0,339.0,37.182647705078125,-0.18146483600139618,-37.18220520019531,1.0751711130142212,0.8936697840690613,0.9855629205703735,0.0,0.0,0.0,1.0,1.0
SNPT-166,2,17,0,267.0,1057.9676513671875,-1040.5706787109375,191.0709686279297,0.9764931797981262,0.7948169708251953,0.9325467944145203,0.0,0.0,0.0,0.0,1.0
SNPT-162,44,19,0,149.0,820.3651123046875,818.2967529296875,-58.218650817871094,0.725858747959137,0.8339377641677856,0.9054247140884399,0.0,0.0,0.0,1.0,0.0
SNPT-155,3,27,0,124.0,86.6249008178711,-0.6497863531112671,-86.62246704101562,1.2035548686981201,0.5632817149162292,0.9175117015838623,0.0,1.0,1.0,0.0,1.0
SNPT-067,14,31,0,224.0,252.8759765625,3.0705618858337402,252.85733032226562,0.8003363013267517,0.7844501733779907,0.9530587196350098,0.0,0.0,0.0,1.0,1.0
SNPT-162,17,33,0,125.0,51.95133590698242,13.145206451416016,50.26076889038086,1.1847463846206665,0.7559678554534912,0.9479202032089233,0.0,0.0,0.0,0.0,0.0
SNPT-064,14,33,0,130.0,39.061676025390625,-4.427280426025391,38.80997085571289,1.4507732391357422,0.7645188570022583,0.986423909664154,0.0,1.0,1.0,1.0,1.0
SNPT-162,15,36,0,117.0,58.34585189819336,1.5197089910507202,58.32605743408203,1.0013782978057861,0.8291018605232239,0.9747015237808228,0.0,0.0,0.0,1.0,1.0
SNPT-158,24,30,0,87.0,870.1278076171875,632.8743286132812,597.1536254882812,0.8728545904159546,0.6709098219871521,0.8958240747451782,0.0,0.0,0.0,0.0,0.0
SNPT-154,4,25,1,84.0,132.9271697998047,5.877199172973633,132.79718017578125,0.6798408031463623,0.9359933137893677,0.9853631258010864,1.0,0.0,1.0,1.0,1.0
SNPT-102,14,29,1,299.0,143.04824829101562,2.110281467437744,-143.03268432617188,0.8709670305252075,0.832033634185791,0.9673594236373901,0.0,0.0,0.0,1.0,1.0
SNPT-158,8,23,0,2.0,1899.831787109375,-1898.0137939453125,-83.09243774414062,1.2425787448883057,0.7664369344711304,0.9700168967247009,0.0,1.0,1.0,1.0,1.0
SNPT-167,1,38,0,264.0,1904.0321044921875,1900.3603515625,-118.18923950195312,1.2146090269088745,0.7491832971572876,0.9706716537475586,0.0,0.0,0.0,1.0,1.0
SNPT-154,3,39,0,345.0,1890.963623046875,1890.5384521484375,-40.09711456298828,1.5084149837493896,0.6638126373291016,0.8961209654808044,0.0,0.0,0.0,0.0,0.0
SNPT-163,13,20,1,154.0,106.36235046386719,-105.97811889648438,-9.032588005065918,0.8585923314094543,0.9113363027572632,0.9902193546295166,1.0,0.0,0.0,1.0,1.0
SNPT-160,2,30,0,382.0,32.7954216003418,23.743404388427734,22.622783660888672,1.1882362365722656,0.8161009550094604,0.926494836807251,0.0,1.0,1.0,1.0,1.0
SNPT-158,23,26,0,58.0,1915.27392578125,1894.0985107421875,-284.015869140625,1.4447368383407593,0.706810474395752,0.9358581900596619,0.0,1.0,1.0,0.0,1.0
SNPT-111,13,25,0,164.0,1859.013671875,-1858.6878662109375,34.80015563964844,1.2606521844863892,0.5744978189468384,0.8958940505981445,0.0,0.0,0.0,0.0,1.0
SNPT-098,7,28,0,425.0,1906.531494140625,-1900.925048828125,146.1027374267578,0.5403605699539185,0.8453517556190491,0.968273401260376,0.0,0.0,0.0,1.0,1.0
SNPT-155,4,26,0,80.0,1906.7120361328125,-1906.489501953125,-29.129167556762695,1.0255109071731567,0.8368802070617676,0.9569026827812195,0.0,1.0,1.0,1.0,1.0
SNPT-075,30,25,0,121.0,152.5214080810547,6.075322151184082,-152.40037536621094,1.8189167976379395,0.8445299863815308,0.9367150068283081,0.0,1.0,0.0,1.0,1.0
SNPT-101,12,39,0,622.0,1904.16259765625,-1903.3321533203125,-56.22942352294922,0.9989463686943054,0.6009536385536194,0.9036047458648682,0.0,0.0,0.0,0.0,1.0
SNPT-151,7,38,0,90.0,383.0921630859375,10.828315734863281,382.9390869140625,0.9020222425460815,0.602820634841919,0.879867434501648,0.0,0.0,0.0,0.0,0.0
SNPT-105,31,34,1,124.0,116.19483184814453,0.05545865371823311,-116.19481658935547,1.5059232711791992,0.9243830442428589,0.9251438975334167,1.0,0.0,0.0,1.0,1.0
SNPT-157,17,39,0,292.0,152.64169311523438,58.522377014160156,140.97735595703125,0.631051778793335,0.7647352814674377,0.9775615334510803,0.0,0.0,0.0,1.0,1.0
SNPT-102,1,30,0,341.0,400.6143493652344,8.116460800170898,400.5321044921875,0.3434735834598541,0.5607956051826477,0.9223957657814026,0.0,0.0,0.0,1.0,1.0
SNPT-168,2,22,0,32.0,1903.320068359375,-1902.578125,53.136962890625,0.7698537707328796,0.8189826607704163,0.9772436618804932,0.0,0.0,0.0,1.0,1.0
SNPT-099,5,28,1,249.0,185.01123046875,11.366585731506348,184.6617431640625,0.785735011100769,0.8737189173698425,0.9839624166488647,1.0,0.0,1.0,1.0,1.0
SNPT-067,14,30,0,224.0,120.45823669433594,-4.92943811416626,120.35733032226562,0.9773764610290527,0.8130710124969482,0.9723462462425232,0.0,0.0,0.0,1.0,1.0
SNPT-169,21,36,0,67.0,1914.52783203125,-1909.798583984375,134.485107421875,0.7835932374000549,0.7156482934951782,0.967778205871582,0.0,1.0,1.0,1.0,1.0
SNPT-073,15,36,1,300.0,97.16133880615234,3.132477283477783,97.11083221435547,0.9652106165885925,0.817952036857605,0.9824413061141968,0.0,0.0,0.0,1.0,1.0
SNPT-076,4,24,0,153.0,411.06201171875,-17.994049072265625,-410.66796875,1.0663105249404907,0.8346098065376282,0.9607915878295898,0.0,0.0,0.0,1.0,1.0
SNPT-111,1,30,0,637.0,1272.661376953125,1261.688720703125,-166.7593231201172,0.16373351216316223,0.6969138979911804,0.865414559841156,0.0,0.0,0.0,0.0,1.0
SNPT-066,8,41,0,489.0,96.31478881835938,-7.575037956237793,96.01644897460938,0.9878809452056885,0.8150382041931152,0.9784159660339355,0.0,1.0,1.0,1.0,1.0
SNPT-111,37,23,1,78.0,16.70366668701172,0.7317570447921753,-16.687631607055664,0.9979439973831177,0.9403713941574097,0.9800037741661072,0.0,0.0,0.0,0.0,0.0
SNPT-159,55,41,0,221.0,265.30841064453125,-5.908044815063477,-265.2426452636719,1.8539204597473145,0.7234416007995605,0.9447498321533203,0.0,0.0,0.0,0.0,0.0
SNPT-151,38,31,0,47.0,68.04293823242188,-34.10328674316406,-58.87959671020508,0.714611828327179,0.7814613580703735,0.9119322896003723,0.0,0.0,0.0,1.0,0.0
SNPT-060,19,32,0,324.0,179.2967987060547,54.20697021484375,170.90625,0.6241464614868164,0.6091334819793701,0.9276940226554871,0.0,0.0,0.0,0.0,0.0
SNPT-070,5,19,0,236.0,1891.647705078125,1891.584716796875,-15.425759315490723,1.5945935249328613,0.8036973476409912,0.8874608874320984,0.0,1.0,0.0,0.0,1.0
SNPT-109,36,28,0,141.0,237.4770050048828,12.180669784545898,237.16441345214844,0.7902345657348633,0.6812067627906799,0.9771185517311096,0.0,0.0,0.0,1.0,1.0
SNPT-105,2,32,0,187.0,1935.8973388671875,1902.39990234375,358.5707702636719,0.3914856016635895,0.625151515007019,0.9022954702377319,0.0,1.0,0.0,0.0,1.0
SNPT-160,20,32,0,137.0,123.92971801757812,-7.307557106018066,123.71408081054688,0.8096380829811096,0.7571291327476501,0.94841068983078,0.0,0.0,0.0,1.0,1.0
SNPT-070,3,27,0,112.0,71.66918182373047,9.594915390014648,-71.02400970458984,1.5390231609344482,0.8020826578140259,0.9403368830680847,0.0,0.0,0.0,0.0,1.0
SNPT-154,1,29,1,131.0,78.62036895751953,13.902806282043457,77.38135528564453,1.001341462135315,0.9310997724533081,0.9736487865447998,0.0,0.0,0.0,1.0,1.0
SNPT-163,15,34,0,292.0,108.4172592163086,-34.657962799072266,102.7284164428711,1.0069546699523926,0.8071233630180359,0.9835037589073181,0.0,1.0,1.0,1.0,0.0
SNPT-108,18,35,0,287.0,129.09458923339844,-9.26063346862793,128.7620086669922,1.0294479131698608,0.5931677222251892,0.9266014695167542,0.0,1.0,0.0,0.0,1.0
SNPT-107,9,33,0,177.0,224.05323791503906,12.436311721801758,223.70782470703125,0.7282568216323853,0.7976568341255188,0.965864896774292,0.0,0.0,0.0,1.0,1.0
SNPT-101,32,41,0,109.0,36.115150451660156,6.561188697814941,-35.51415252685547,1.0480364561080933,0.8144738674163818,0.9830945730209351,0.0,0.0,0.0,1.0,1.0
SNPT-153,7,18,0,213.0,20.548402786254883,1.1708872318267822,20.5150146484375,0.9057647585868835,0.8866332173347473,0.9725175499916077,0.0,0.0,0.0,1.0,1.0
SNPT-110,39,31,1,130.0,3.752485752105713,1.412553071975708,-3.4764699935913086,0.7452952861785889,0.7379703521728516,0.85626620054245,0.0,0.0,0.0,0.0,1.0
SNPT-168,14,22,0,173.0,138.14028930664062,-34.91060256958008,133.65623474121094,0.693727970123291,0.7614878416061401,0.980189859867096,0.0,0.0,0.0,1.0,1.0
SNPT-068,16,17,0,103.0,139.1062774658203,-0.5548786520957947,-139.1051788330078,1.1350247859954834,0.9191923141479492,0.9765814542770386,0.0,0.0,0.0,1.0,0.0
SNPT-108,10,24,0,24.0,1897.68212890625,-1896.7764892578125,58.618736267089844,0.5428768992424011,0.7059895396232605,0.9490572214126587,0.0,0.0,0.0,1.0,1.0
SNPT-073,15,29,0,267.0,357.17242431640625,6.632477283477783,357.11083984375,0.6509547233581543,0.76218181848526,0.9866064190864563,0.0,0.0,0.0,1.0,1.0
SNPT-066,47,28,0,1.0,276.7115173339844,-275.35833740234375,-27.33213233947754,1.499130368232727,0.880806565284729,0.9866464138031006,0.0,1.0,0.0,1.0,1.0
SNPT-062,19,25,0,343.0,146.81723022460938,6.985044956207275,146.65097045898438,0.7887285351753235,0.8307920098304749,0.9535630941390991,0.0,0.0,0.0,0.0,1.0
SNPT-108,6,34,0,653.0,1904.1483154296875,1882.2567138671875,287.9072265625,0.6167604923248291,0.6733739376068115,0.8957542777061462,0.0,1.0,1.0,0.0,1.0
SNPT-072,22,26,0,100.0,1900.739501953125,1900.623291015625,21.020231246948242,0.777144730091095,0.6544854640960693,0.884088933467865,0.0,0.0,0.0,0.0,0.0
SNPT-066,7,37,0,6.0,277.30718994140625,-264.7173767089844,82.60737609863281,1.3493598699569702,0.8565909266471863,0.9192837476730347,0.0,1.0,1.0,0.0,1.0
SNPT-151,4,25,1,258.0,134.27108764648438,-5.082443714141846,-134.17486572265625,1.0849279165267944,0.8965051770210266,0.9402607083320618,0.0,0.0,0.0,1.0,1.0
SNPT-154,3,30,1,166.0,30.44178581237793,1.5384496450424194,30.40288543701172,1.0566928386688232,0.9300661087036133,0.9800978302955627,0.0,0.0,0.0,0.0,0.0
SNPT-170,9,28,0,11.0,1130.1356201171875,-1065.685546875,376.19256591796875,0.6767929792404175,0.6981648206710815,0.9198934435844421,0.0,0.0,0.0,0.0,1.0
SNPT-164,20,32,0,256.0,1945.5689697265625,-1902.003173828125,409.4175109863281,0.39841940999031067,0.5071778893470764,0.8289627432823181,0.0,0.0,0.0,0.0,1.0
SNPT-155,18,21,0,122.0,1899.78515625,-1899.323974609375,-41.85700225830078,1.0729748010635376,0.7656877040863037,0.9358059763908386,0.0,0.0,0.0,0.0,1.0
SNPT-105,12,34,0,188.0,1908.6744384765625,-1904.4072265625,-127.55831146240234,1.4933768510818481,0.8246288895606995,0.9403818845748901,0.0,1.0,0.0,1.0,1.0
SNPT-069,6,24,1,139.0,46.777042388916016,-8.537559509277344,45.99132537841797,0.6992765665054321,0.906302809715271,0.9804449677467346,1.0,0.0,1.0,1.0,1.0
SNPT-161,3,27,0,1.0,1910.975341796875,-1895.6759033203125,-241.328857421875,1.1324589252471924,0.8702312111854553,0.9800522327423096,0.0,1.0,1.0,1.0,1.0
SNPT-063,3,41,0,398.0,1908.86181640625,-1814.1348876953125,-593.8584594726562,1.9591922760009766,0.704771876335144,0.9294288158416748,0.0,0.0,0.0,0.0,1.0
SNPT-159,12,34,1,1.0,111.66471862792969,111.39164733886719,7.804502964019775,1.1264375448226929,0.8907758593559265,0.9850079417228699,0.0,0.0,0.0,1.0,1.0
SNPT-162,17,29,0,98.0,417.3136901855469,6.645206928253174,417.2607727050781,0.7398322224617004,0.8686221837997437,0.9831719994544983,0.0,0.0,0.0,1.0,0.0
SNPT-105,3,37,0,387.0,58.24592208862305,10.582085609436035,-57.27658462524414,0.8669793605804443,0.8113088607788086,0.9715942740440369,0.0,0.0,0.0,1.0,1.0
SNPT-158,2,38,0,213.0,187.8309783935547,-6.5324177742004395,187.7173614501953,1.119213581085205,0.7032052278518677,0.9435114860534668,0.0,1.0,1.0,0.0,1.0
SNPT-109,35,36,1,22.0,27.453075408935547,-3.791527509689331,27.189992904663086,0.8563390970230103,0.854432225227356,0.9858434796333313,0.0,0.0,0.0,1.0,0.0
SNPT-163,13,27,0,442.0,1896.2293701171875,-1887.4781494140625,181.9674072265625,0.5951623320579529,0.6285123825073242,0.9299319982528687,1.0,0.0,0.0,0.0,1.0
SNPT-111,37,32,0,580.0,491.3402099609375,5.231757164001465,491.3123779296875,0.5915457606315613,0.5968341827392578,0.9324749708175659,0.0,0.0,0.0,0.0,0.0
SNPT-068,24,31,0,330.0,1888.3697509765625,-1887.573486328125,54.835330963134766,0.9718061685562134,0.8060674667358398,0.9328900575637817,0.0,0.0,0.0,1.0,1.0
SNPT-169,20,46,1,21.0,7.75264310836792,-2.4079062938690186,-7.3692240715026855,0.9326967000961304,0.9213120937347412,0.9808973073959351,0.0,0.0,0.0,1.0,1.0
SNPT-071,7,28,0,252.0,1372.893310546875,-1362.875,-165.5522918701172,1.102393627166748,0.8680667281150818,0.9814049601554871,0.0,1.0,1.0,1.0,0.0
SNPT-110,41,23,0,87.0,8.673108100891113,1.3092015981674194,8.573726654052734,0.6529738903045654,0.688015341758728,0.9343141913414001,0.0,0.0,0.0,0.0,1.0
SNPT-151,4,38,0,204.0,200.3259735107422,-0.5824437141418457,200.32513427734375,1.09479820728302,0.7105878591537476,0.8485845327377319,0.0,0.0,0.0,0.0,0.0
SNPT-074,2,29,0,597.0,1916.29150390625,1889.7113037109375,-318.0631408691406,1.276190996170044,0.6264814138412476,0.91436767578125,0.0,0.0,0.0,1.0,1.0
SNPT-101,6,16,0,42.0,1903.9915771484375,-1903.1202392578125,57.59557342529297,1.0212359428405762,0.822980523109436,0.9905962944030762,0.0,0.0,0.0,1.0,1.0
SNPT-063,6,40,0,463.0,1901.6103515625,1889.3172607421875,-215.87574768066406,1.2487668991088867,0.6909728050231934,0.943688690662384,0.0,0.0,0.0,0.0,1.0
SNPT-163,7,21,0,167.0,89.07107543945312,-2.223520040512085,89.04331970214844,0.705863893032074,0.8174926042556763,0.9719575643539429,0.0,0.0,0.0,1.0,1.0
SNPT-159,10,48,0,381.0,1909.46728515625,1905.7242431640625,-119.5003433227539,0.9678716063499451,0.6303817629814148,0.9382177591323853,0.0,0.0,0.0,1.0,0.0
SNPT-157,5,27,0,92.0,294.59912109375,20.358806610107422,-293.8948059082031,1.2197232246398926,0.7262703776359558,0.9485771059989929,0.0,0.0,0.0,0.0,1.0
SNPT-154,3,23,0,149.0,107.10265350341797,6.538449764251709,106.90288543701172,1.0929903984069824,0.5407509803771973,0.9043335914611816,0.0,0.0,0.0,0.0,0.0
SNPT-072,17,24,0,185.0,125.05776977539062,-2.3660902976989746,-125.0353775024414,1.139728307723999,0.803098201751709,0.8950486779212952,0.0,1.0,0.0,0.0,1.0
SNPT-164,1,19,0,2.0,1895.5665283203125,1893.41455078125,-90.29877471923828,1.1500760316848755,0.6190117597579956,0.9115166664123535,0.0,0.0,0.0,0.0,1.0
SNPT-071,18,27,1,72.0,107.63929748535156,-22.11131477355957,-105.34375762939453,0.7912312746047974,0.9884142875671387,0.9964924454689026,0.0,0.0,0.0,0.0,0.0
SNPT-060,7,24,0,114.0,153.50282287597656,4.023229598999023,-153.45008850097656,1.3273530006408691,0.8828880786895752,0.9903541207313538,0.0,0.0,0.0,1.0,1.0
SNPT-158,12,34,1,253.0,142.12393188476562,-12.389507293701172,141.5828857421875,0.8471375107765198,0.9486031532287598,0.9885657429695129,1.0,0.0,1.0,1.0,1.0
SNPT-109,39,33,0,477.0,35.25328063964844,2.3767261505126953,-35.173072814941406,0.8708972930908203,0.7460058927536011,0.9313468933105469,0.0,0.0,0.0,0.0,0.0
SNPT-066,49,30,0,18.0,183.01316833496094,-8.90697193145752,-182.79629516601562,1.6555973291397095,0.7451996803283691,0.9597282409667969,0.0,1.0,0.0,0.0,1.0
SNPT-101,29,38,1,226.0,15.709789276123047,-3.237002372741699,15.3726806640625,1.0477503538131714,0.9649847745895386,0.9014058113098145,1.0,0.0,1.0,1.0,1.0
SNPT-114,11,25,0,170.0,307.2176818847656,-2.8982818126678467,307.2040100097656,0.6880283951759338,0.5877047777175903,0.8870944976806641,0.0,0.0,0.0,1.0,1.0
SNPT-163,11,32,0,287.0,68.93079376220703,15.42648696899414,67.18241882324219,0.9334771633148193,0.703930139541626,0.9456395506858826,0.0,0.0,0.0,0.0,1.0
SNPT-063,14,24,0,106.0,20.327733993530273,-2.2290961742401123,20.20514488220215,1.1506743431091309,0.7742319703102112,0.9448028206825256,0.0,1.0,1.0,0.0,1.0
SNPT-107,8,29,1,139.0,58.586029052734375,0.9237792491912842,58.5787467956543,0.5566736459732056,0.901611328125,0.9753539562225342,1.0,0.0,1.0,1.0,1.0
SNPT-168,22,26,1,171.0,33.04652786254883,-4.748502254486084,-32.703590393066406,1.6318262815475464,0.7961846590042114,0.9532453417778015,0.0,0.0,0.0,1.0,1.0
SNPT-108,5,19,0,161.0,124.45231628417969,7.259448528289795,-124.24040985107422,0.8466147184371948,0.648870587348938,0.9120818376541138,0.0,1.0,1.0,0.0,1.0
SNPT-102,24,26,1,116.0,31.740564346313477,2.694974660873413,31.625946044921875,1.0365029573440552,0.9485516548156738,0.9873576164245605,0.0,0.0,0.0,1.0,1.0
SNPT-063,19,32,1,181.0,62.73725509643555,-10.381683349609375,-61.872318267822266,0.9967918992042542,0.9712892174720764,0.9959134459495544,0.0,0.0,0.0,1.0,1.0
SNPT-114,27,30,0,225.0,1999.049072265625,-1890.72412109375,-649.1221923828125,2.093700647354126,0.570458710193634,0.7376470565795898,0.0,0.0,0.0,0.0,0.0
SNPT-109,35,24,0,221.0,1897.2183837890625,1897.17626953125,-12.649190902709961,1.0878161191940308,0.7692490816116333,0.9644452333450317,0.0,1.0,1.0,0.0,0.0
SNPT-063,19,36,0,194.0,23.888593673706055,-0.8816834688186646,-23.872318267822266,1.0873968601226807,0.8320280313491821,0.9615780711174011,0.0,0.0,0.0,0.0,1.0
SNPT-162,19,42,0,347.0,887.9131469726562,866.2339477539062,195.00904846191406,0.7686164379119873,0.7558146715164185,0.9709274172782898,0.0,0.0,0.0,1.0,0.0
SNPT-077,9,30,0,645.0,2002.11767578125,1899.8797607421875,631.6107177734375,0.7780540585517883,0.718206524848938,0.891563355922699,0.0,0.0,0.0,0.0,1.0
SNPT-114,9,22,1,155.0,14.717954635620117,9.210582733154297,-11.479693412780762,0.9584310054779053,0.9139462113380432,0.9546318650245667,0.0,0.0,0.0,1.0,1.0
SNPT-159,12,46,0,263.0,420.8279724121094,402.39166259765625,-123.19549560546875,1.2835944890975952,0.843280553817749,0.9802446961402893,0.0,0.0,0.0,1.0,1.0
SNPT-111,3,42,1,4.0,21.30125617980957,-0.19370253384113312,21.30037498474121,5.6832122802734375,0.6422586441040039,0.8101884722709656,0.0,0.0,0.0,0.0,1.0
SNPT-061,6,32,1,424.0,137.49130249023438,5.18298864364624,137.39356994628906,0.8954522609710693,0.9866207242012024,0.997094988822937,1.0,0.0,1.0,1.0,1.0
SNPT-101,29,41,0,242.0,152.2018585205078,4.762997627258301,-152.1273193359375,1.3232935667037964,0.667598307132721,0.9232839941978455,0.0,0.0,0.0,0.0,1.0
SNPT-105,16,22,0,99.0,14.448758125305176,5.6582722663879395,13.294757843017578,0.6401199102401733,0.6511223912239075,0.8903084993362427,0.0,0.0,0.0,0.0,1.0
SNPT-101,14,37,0,468.0,323.00946044921875,-9.046698570251465,-322.8827209472656,1.469438910484314,0.6297723054885864,0.9537110924720764,0.0,0.0,0.0,1.0,1.0
SNPT-060,1,36,0,584.0,1949.22119140625,-1884.8797607421875,-496.680908203125,2.2242894172668457,0.7988837361335754,0.9119901061058044,0.0,0.0,0.0,1.0,1.0
SNPT-102,5,30,1,372.0,361.6684875488281,-2.497150182723999,361.65985107421875,0.4263429343700409,0.6519581079483032,0.9358404874801636,0.0,0.0,0.0,1.0,1.0
SNPT-071,1,25,0,143.0,1407.519287109375,1406.9476318359375,40.1111946105957,0.5665351748466492,0.8460750579833984,0.9669211506843567,0.0,0.0,0.0,1.0,1.0
SNPT-160,3,30,1,341.0,5.874665260314941,5.638009071350098,-1.6506191492080688,1.4130077362060547,0.9213532209396362,0.9179887175559998,1.0,0.0,1.0,1.0,1.0
SNPT-060,5,16,0,25.0,1897.6959228515625,-1897.6173095703125,-17.277605056762695,1.4890767335891724,0.7957253456115723,0.9615763425827026,0.0,0.0,0.0,0.0,1.0
SNPT-114,9,28,0,274.0,1868.1134033203125,-1867.2894287109375,-55.47969436645508,1.224500060081482,0.6632682085037231,0.8955167531967163,0.0,0.0,0.0,0.0,1.0
SNPT-113,16,21,1,58.0,10.74155330657959,0.21173524856567383,-10.739465713500977,1.2400847673416138,0.9183981418609619,0.9923895001411438,1.0,0.0,1.0,1.0,1.0
SNPT-154,11,28,0,146.0,57.64017868041992,3.099191665649414,57.556800842285156,1.150322675704956,0.9211694598197937,0.9789056777954102,0.0,1.0,1.0,1.0,1.0
SNPT-072,2,31,1,417.0,93.41243743896484,-0.205846905708313,-93.4122085571289,1.1136283874511719,0.9202825427055359,0.9107356071472168,1.0,0.0,1.0,1.0,1.0
SNPT-161,12,36,0,538.0,84.0408706665039,32.49651336669922,77.50383758544922,0.8899799585342407,0.6234052777290344,0.9443709254264832,0.0,1.0,0.0,0.0,1.0
SNPT-061,19,33,1,104.0,91.66578674316406,-1.7212241888046265,-91.64962005615234,1.1822141408920288,0.9377514123916626,0.987782895565033,0.0,0.0,0.0,1.0,1.0
SNPT-114,3,17,0,137.0,129.7306671142578,-7.570695400238037,129.50958251953125,1.0989387035369873,0.9258589148521423,0.9003691673278809,0.0,1.0,1.0,1.0,1.0
SNPT-109,14,33,0,592.0,1178.8260498046875,-1176.3787841796875,75.91939544677734,0.7747948169708252,0.7119427919387817,0.8676934838294983,0.0,0.0,0.0,1.0,1.0
SNPT-061,19,34,0,108.0,47.1810302734375,-1.7212241888046265,-47.14962387084961,0.9433977007865906,0.926429033279419,0.9950869083404541,0.0,0.0,0.0,1.0,1.0
SNPT-110,26,29,0,61.0,1903.4891357421875,1897.333984375,152.95245361328125,0.8144118189811707,0.7361977100372314,0.9475076794624329,0.0,0.0,0.0,1.0,1.0
SNPT-158,11,36,0,261.0,279.5708312988281,-14.29509162902832,279.2051086425781,0.8331549167633057,0.6941336393356323,0.9265118837356567,0.0,1.0,1.0,0.0,1.0
SNPT-159,51,56,1,25.0,23.331378936767578,18.97793197631836,13.571710586547852,1.073448657989502,0.8886238932609558,0.9672667384147644,0.0,0.0,0.0,1.0,0.0
SNPT-170,13,32,0,290.0,1186.250244140625,1180.7061767578125,114.55349731445312,0.6897671818733215,0.7164357900619507,0.9035999774932861,0.0,0.0,0.0,1.0,1.0
SNPT-065,44,40,0,125.0,1887.167724609375,1875.9490966796875,205.46771240234375,0.6155241131782532,0.760211169719696,0.9263461828231812,0.0,1.0,1.0,0.0,1.0
SNPT-105,16,28,0,314.0,1895.8621826171875,-1895.8416748046875,8.794757843017578,0.6605612635612488,0.6094872355461121,0.9314246773719788,0.0,0.0,0.0,0.0,1.0
SNPT-109,2,28,1,137.0,309.08563232421875,-12.307804107666016,308.8404846191406,0.6702049374580383,0.9153565764427185,0.9889487028121948,1.0,0.0,1.0,1.0,1.0
SNPT-106,6,23,0,476.0,35.925872802734375,8.324812889099121,-34.94804382324219,1.0033107995986938,0.7168474197387695,0.9055359959602356,0.0,0.0,0.0,0.0,1.0
SNPT-162,26,38,0,9.0,1937.518798828125,1891.1890869140625,421.1683654785156,0.6911346912384033,0.584418535232544,0.9097141623497009,0.0,0.0,0.0,0.0,1.0
SNPT-111,2,32,1,622.0,212.8146209716797,10.459443092346191,212.55743408203125,1.017167329788208,0.8037089109420776,0.9543378353118896,1.0,0.0,1.0,1.0,1.0
SNPT-114,4,16,1,139.0,37.73985290527344,14.516204833984375,-34.836421966552734,1.1866248846054077,0.9320964813232422,0.9494208097457886,0.0,1.0,0.0,1.0,1.0
SNPT-061,2,25,0,100.0,395.2220764160156,7.687789548072033e-06,395.2220764160156,0.5371411442756653,0.8675265312194824,0.9711254239082336,0.0,1.0,1.0,1.0,1.0
SNPT-164,9,31,1,127.0,223.1404571533203,6.923029899597168,223.0330352783203,0.942141592502594,0.9232754111289978,0.9618862271308899,1.0,0.0,1.0,1.0,1.0
SNPT-114,27,29,0,25.0,1900.4227294921875,-1891.72412109375,-181.62217712402344,1.4383214712142944,0.857292115688324,0.8274596929550171,0.0,1.0,1.0,1.0,1.0
SNPT-162,26,41,0,10.0,1907.757568359375,1869.1890869140625,381.6683654785156,0.6815038323402405,0.8926078081130981,0.9583292603492737,0.0,0.0,0.0,1.0,1.0
SNPT-098,8,23,0,146.0,1971.7186279296875,1899.3577880859375,529.258544921875,0.3969988226890564,0.5910376310348511,0.8426578044891357,0.0,0.0,0.0,0.0,0.0
SNPT-108,8,36,1,651.0,1894.5115966796875,1894.4927978515625,8.450820922851562,1.0619558095932007,0.8453793525695801,0.9793424010276794,0.0,0.0,0.0,1.0,1.0
SNPT-153,7,14,0,201.0,277.01507568359375,0.17088724672794342,277.0150146484375,0.688287079334259,0.7106482982635498,0.8756482005119324,0.0,0.0,0.0,0.0,1.0
SNPT-065,15,37,1,109.0,32.818904876708984,11.522355079650879,-30.729721069335938,0.5600261092185974,0.824196457862854,0.9665723443031311,1.0,0.0,1.0,1.0,1.0
SNPT-074,1,27,0,617.0,75.15125274658203,17.698665618896484,73.03744506835938,0.505189836025238,0.752587616443634,0.9323007464408875,0.0,0.0,0.0,0.0,1.0
SNPT-157,19,37,0,226.0,246.2353973388672,3.1286470890045166,-246.21551513671875,1.1538255214691162,0.7262576818466187,0.955237627029419,0.0,1.0,1.0,1.0,1.0
SNPT-154,20,36,0,160.0,36.612064361572266,10.619433403015137,35.03813552856445,1.3141274452209473,0.8764020204544067,0.9421500563621521,0.0,0.0,0.0,1.0,1.0
SNPT-158,14,34,0,207.0,417.4161071777344,-14.672316551208496,417.1581726074219,0.3638745844364166,0.6854828000068665,0.9256577491760254,0.0,0.0,0.0,0.0,1.0
SNPT-098,20,32,0,53.0,1891.079833984375,-1889.765380859375,70.49748992919922,0.7094880938529968,0.849885106086731,0.9255673289299011,0.0,1.0,0.0,1.0,1.0
SNPT-166,14,27,1,491.0,98.3333740234375,2.1786158084869385,-98.30923461914062,1.098607063293457,0.93154376745224,0.967872142791748,0.0,0.0,0.0,1.0,0.0
SNPT-060,18,30,0,141.0,229.24346923828125,45.507694244384766,224.68115234375,0.847787618637085,0.9228630065917969,0.9878302812576294,0.0,1.0,0.0,1.0,1.0
SNPT-159,7,41,0,200.0,324.8447265625,186.4014129638672,-266.04248046875,2.36417818069458,0.6776522397994995,0.9254927039146423,0.0,0.0,0.0,1.0,1.0
SNPT-109,38,32,0,78.0,110.35565185546875,8.384873390197754,110.0366439819336,0.7067127227783203,0.7851384878158569,0.971376895904541,0.0,1.0,1.0,1.0,1.0
SNPT-065,45,28,0,79.0,697.8602294921875,696.6763305664062,40.63230514526367,0.8712978959083557,0.8420068025588989,0.9809876680374146,0.0,0.0,0.0,1.0,1.0
SNPT-157,21,37,0,212.0,117.93976593017578,-0.06455817073583603,117.93975067138672,0.9090699553489685,0.7808020710945129,0.9802160859107971,0.0,0.0,0.0,1.0,1.0
SNPT-105,18,25,0,109.0,9.382586479187012,1.5591219663619995,-9.252138137817383,0.9229010343551636,0.6430252194404602,0.9069418907165527,0.0,1.0,1.0,0.0,1.0
SNPT-165,9,30,0,256.0,556.0982666015625,6.7865214347839355,556.0568237304688,0.4467533230781555,0.7638357877731323,0.9586593508720398,0.0,0.0,0.0,1.0,1.0
SNPT-161,16,33,0,441.0,1914.396484375,1872.2569580078125,-399.4595642089844,1.7338149547576904,0.7852149605751038,0.9548009634017944,0.0,0.0,0.0,1.0,1.0
SNPT-169,8,35,0,306.0,68.90009307861328,-0.21105241775512695,-68.89977264404297,1.1428622007369995,0.6915349960327148,0.9314480423927307,0.0,0.0,0.0,0.0,1.0
SNPT-162,43,30,0,155.0,233.35568237304688,-7.155472755432129,233.24595642089844,1.154772162437439,0.5579259991645813,0.8902660012245178,0.0,0.0,0.0,0.0,0.0
SNPT-108,3,20,0,92.0,230.6057891845703,23.333608627319336,-229.42225646972656,1.3005176782608032,0.8062870502471924,0.9826138615608215,0.0,0.0,0.0,1.0,1.0
SNPT-064,21,33,1,157.0,50.544456481933594,0.9046608209609985,-50.53636169433594,1.732141137123108,0.9344791769981384,0.9685497879981995,1.0,0.0,1.0,1.0,1.0
SNPT-109,36,39,0,1.0,11.14551830291748,-6.091066360473633,-9.33388900756836,1.2056937217712402,0.7659496068954468,0.9814535975456238,0.0,0.0,0.0,1.0,0.0
SNPT-159,17,44,0,459.0,226.72950744628906,-4.108680248260498,-226.69227600097656,2.1049838066101074,0.7420238256454468,0.8805577754974365,0.0,0.0,0.0,1.0,1.0
SNPT-164,16,27,1,75.0,70.90909576416016,-5.429319381713867,-70.70093536376953,1.2128037214279175,0.9644174575805664,0.9922704696655273,1.0,0.0,1.0,1.0,1.0
SNPT-067,20,34,1,246.0,69.68061065673828,19.462186813354492,66.90747833251953,0.8025667071342468,0.8474260568618774,0.9731666445732117,1.0,0.0,1.0,1.0,1.0
SNPT-067,26,32,1,112.0,23.173715591430664,-18.649860382080078,13.755135536193848,0.9873361587524414,0.9316504597663879,0.9594739675521851,0.0,0.0,0.0,0.0,0.0
SNPT-170,6,27,0,12.0,1884.8294677734375,-1884.13232421875,-51.260799407958984,1.1566452980041504,0.6252790689468384,0.9351476430892944,0.0,0.0,0.0,0.0,0.0
SNPT-102,5,29,0,344.0,230.9461669921875,-6.997150421142578,-230.8401336669922,1.4035484790802002,0.6146955490112305,0.9275743961334229,0.0,0.0,0.0,0.0,1.0
SNPT-159,4,33,0,107.0,1614.1627197265625,1612.534912109375,72.47511291503906,1.0363225936889648,0.7385951280593872,0.9211388826370239,0.0,0.0,0.0,1.0,1.0
SNPT-114,3,24,0,163.0,53.06521987915039,2.429304361343384,53.009586334228516,1.1693956851959229,0.729790449142456,0.8448730707168579,0.0,1.0,1.0,0.0,1.0
SNPT-066,43,24,0,53.0,689.2156372070312,-647.9935302734375,-234.78196716308594,1.5493770837783813,0.9321249127388,0.9577404856681824,0.0,1.0,1.0,1.0,1.0
SNPT-114,5,22,0,150.0,158.9203643798828,-14.968859672546387,158.21383666992188,0.7584137320518494,0.617372453212738,0.866007924079895,0.0,0.0,0.0,0.0,1.0
SNPT-075,31,24,0,241.0,56.29316329956055,2.2544667720794678,56.24800109863281,1.2933881282806396,0.7677775621414185,0.9467571377754211,0.0,0.0,0.0,0.0,1.0
SNPT-107,14,33,0,663.0,1890.27197265625,-1885.962890625,127.56269073486328,0.860378623008728,0.8185282945632935,0.8845746517181396,0.0,0.0,0.0,0.0,1.0
SNPT-069,1,21,0,289.0,86.46553802490234,-10.606563568115234,-85.8125228881836,1.380197525024414,0.7910674810409546,0.903860867023468,0.0,0.0,0.0,1.0,1.0
SNPT-115,19,26,1,148.0,127.11383056640625,-8.254080772399902,-126.8455581665039,1.4724321365356445,0.8750748634338379,0.9469459056854248,1.0,0.0,1.0,1.0,1.0
SNPT-111,2,31,0,568.0,102.3985366821289,13.959443092346191,-101.44256591796875,1.4982061386108398,0.6653610467910767,0.8063746094703674,0.0,0.0,0.0,0.0,1.0
SNPT-164,24,32,0,114.0,520.4860229492188,-0.28016364574432373,520.4859008789062,0.32991719245910645,0.5499907732009888,0.8112921714782715,0.0,0.0,0.0,0.0,0.0
SNPT-115,22,28,0,90.0,228.41934204101562,-0.6276407241821289,-228.41848754882812,2.376617431640625,0.6275131702423096,0.841071605682373,0.0,0.0,0.0,0.0,1.0
SNPT-064,20,25,0,92.0,42.41342544555664,18.955066680908203,-37.942115783691406,1.6435649394989014,0.8760616779327393,0.9298578500747681,0.0,0.0,0.0,1.0,1.0
SNPT-111,23,25,0,43.0,1880.0931396484375,-1870.8104248046875,186.59750366210938,0.916992723941803,0.4797440469264984,0.8944640159606934,0.0,0.0,0.0,0.0,0.0
SNPT-167,33,26,1,66.0,18.541027069091797,14.024433135986328,12.127860069274902,0.9180910587310791,0.8519995212554932,0.9823967814445496,1.0,0.0,1.0,1.0,1.0
SNPT-105,4,30,0,215.0,48.86729431152344,-11.421870231628418,47.51371765136719,0.7067135572433472,0.6045582294464111,0.8194225430488586,0.0,1.0,0.0,0.0,1.0
SNPT-066,7,40,0,377.0,1197.88037109375,-1194.2174072265625,93.60737609863281,1.1422064304351807,0.9379382133483887,0.9525418281555176,0.0,1.0,1.0,1.0,1.0
SNPT-159,18,29,1,72.0,43.276241302490234,-7.245786666870117,42.665348052978516,1.2805399894714355,0.9505507349967957,0.980632483959198,0.0,0.0,0.0,1.0,1.0
SNPT-066,47,38,0,214.0,47.80341339111328,40.64166259765625,25.16786766052246,1.1315360069274902,0.7740961313247681,0.9554058313369751,0.0,1.0,0.0,0.0,1.0
SNPT-110,37,43,0,4.0,251.40444946289062,3.2311811447143555,251.38369750976562,1.8519543409347534,0.731239378452301,0.9235866665840149,0.0,1.0,0.0,0.0,0.0
SNPT-068,26,33,0,147.0,229.67208862304688,-6.288924694061279,-229.58596801757812,0.8746923208236694,0.7768163681030273,0.9323398470878601,0.0,0.0,0.0,0.0,1.0
SNPT-151,10,38,1,216.0,30.23566246032715,1.9522333145141602,30.17257308959961,1.6060510873794556,0.7910329103469849,0.9214393496513367,0.0,0.0,0.0,1.0,0.0
SNPT-060,13,34,0,159.0,464.29437255859375,19.620712280273438,463.879638671875,0.38433271646499634,0.7361524105072021,0.9521280527114868,0.0,0.0,0.0,1.0,1.0
SNPT-099,2,23,0,82.0,1891.6866455078125,-1891.421875,31.64439582824707,0.9018144011497498,0.7086957693099976,0.9041353464126587,0.0,0.0,0.0,0.0,0.0
SNPT-169,8,21,0,158.0,951.0799560546875,889.7889404296875,-335.8997802734375,1.1860519647598267,0.830700695514679,0.9851222038269043,0.0,0.0,0.0,1.0,1.0
SNPT-074,6,27,1,310.0,185.98751831054688,-24.546463012695312,184.360595703125,0.6366933584213257,0.9521889090538025,0.9815313220024109,1.0,0.0,1.0,1.0,1.0
SNPT-060,9,33,0,100.0,259.591064453125,19.98394012451172,258.8207092285156,0.6470669507980347,0.8575788736343384,0.9563226103782654,0.0,1.0,0.0,1.0,1.0
SNPT-110,41,32,1,346.0,13.82807445526123,3.309201717376709,-13.426273345947266,0.6052258610725403,0.7221262454986572,0.9655494093894958,0.0,0.0,0.0,1.0,1.0
SNPT-164,22,30,0,202.0,71.98805236816406,-2.5551774501800537,71.94268798828125,0.745976984500885,0.6440266370773315,0.9183900952339172,0.0,0.0,0.0,0.0,1.0
SNPT-098,23,28,0,27.0,1933.77490234375,-1903.652587890625,-339.9891052246094,1.5060174465179443,0.5353384017944336,0.8433480858802795,1.0,0.0,1.0,0.0,1.0
SNPT-073,40,11,0,250.0,1917.255126953125,-1899.0697021484375,263.4422912597656,1.9108837842941284,0.8062536716461182,0.9738922119140625,0.0,0.0,0.0,1.0,1.0
SNPT-154,3,27,0,159.0,121.82202911376953,21.538450241088867,119.90288543701172,0.9734587669372559,0.6898738145828247,0.918583869934082,0.0,1.0,0.0,0.0,0.0
SNPT-154,15,48,0,329.0,1891.737060546875,-1890.03369140625,80.25882720947266,1.155995488166809,0.8435317277908325,0.9702568650245667,0.0,1.0,1.0,1.0,1.0
SNPT-073,21,24,0,33.0,1910.2852783203125,1900.0751953125,197.24105834960938,0.7665020227432251,0.6901274919509888,0.9410083889961243,0.0,0.0,0.0,0.0,0.0
SNPT-101,9,24,0,93.0,358.32769775390625,1.4787778854370117,358.32464599609375,0.6909997463226318,0.6617580652236938,0.9041911363601685,0.0,1.0,0.0,0.0,1.0
SNPT-101,42,38,0,396.0,1918.1846923828125,-1905.8594970703125,217.09902954101562,0.6982576251029968,0.6160861849784851,0.8319746851921082,0.0,1.0,1.0,0.0,1.0
SNPT-154,19,53,0,96.0,1208.9500732421875,1208.9051513671875,-10.426981925964355,0.9119500517845154,0.8285415172576904,0.9896161556243896,0.0,0.0,0.0,1.0,1.0
SNPT-154,16,55,1,79.0,12.37363338470459,11.439615249633789,4.716142177581787,1.069212794303894,0.9815782904624939,0.9869443774223328,0.0,0.0,0.0,1.0,1.0
SNPT-104,11,23,1,65.0,33.28831481933594,-2.1690869331359863,-33.21757125854492,1.173815369606018,0.9488354921340942,0.9911279082298279,0.0,0.0,0.0,1.0,1.0
SNPT-155,3,26,1,113.0,8.520153045654297,-5.649786472320557,6.377532958984375,0.9314945340156555,0.9299210906028748,0.944471001625061,1.0,0.0,1.0,1.0,1.0
SNPT-072,21,35,0,71.0,14.57809829711914,-0.7590258121490479,14.558324813842773,0.7831349968910217,0.810723602771759,0.935309648513794,0.0,1.0,1.0,0.0,1.0
SNPT-067,10,29,1,105.0,117.08451080322266,106.4417495727539,48.774349212646484,1.1662192344665527,0.9535662531852722,0.9905815720558167,0.0,0.0,0.0,1.0,1.0
SNPT-073,18,25,1,141.0,76.30350494384766,-0.4531744122505188,76.30215454101562,0.7780896425247192,0.952648401260376,0.9774262309074402,0.0,0.0,0.0,1.0,1.0
SNPT-109,36,12,0,4.0,79.99208068847656,-0.7319251298904419,79.98873138427734,1.278183937072754,0.7482081055641174,0.9275282025337219,0.0,0.0,0.0,0.0,1.0
SNPT-108,7,24,0,118.0,24.836925506591797,11.420683860778809,22.055402755737305,0.664287805557251,0.7151851654052734,0.9887971878051758,0.0,0.0,0.0,1.0,1.0
SNPT-157,6,39,0,423.0,1893.414306640625,1890.1336669921875,111.41207122802734,0.6103802919387817,0.8193347454071045,0.9726449251174927,0.0,0.0,0.0,1.0,1.0
SNPT-159,56,46,1,355.0,1910.453125,1908.533935546875,-85.61235809326172,1.216246247291565,0.7873871326446533,0.9733160138130188,0.0,0.0,0.0,1.0,1.0
SNPT-163,3,30,0,305.0,15.063763618469238,3.3621957302093506,-14.68375301361084,1.2435678243637085,0.8092517852783203,0.9760666489601135,0.0,1.0,1.0,1.0,1.0
SNPT-062,7,27,0,78.0,29.292089462280273,-6.569240093231201,-28.545955657958984,0.8372572064399719,0.7579621076583862,0.9459471702575684,0.0,0.0,0.0,0.0,1.0
SNPT-164,9,30,0,101.0,1915.1890869140625,1903.4229736328125,-211.9669647216797,1.4497967958450317,0.8510671257972717,0.9609970450401306,0.0,1.0,1.0,1.0,1.0
SNPT-157,2,19,0,25.0,1949.2596435546875,1890.275390625,475.8907470703125,0.5189322829246521,0.6107807755470276,0.8571868538856506,0.0,0.0,0.0,0.0,0.0
SNPT-071,13,28,0,398.0,804.4243774414062,-786.76904296875,-167.60983276367188,0.9839242100715637,0.8078811764717102,0.9705673456192017,0.0,1.0,1.0,0.0,0.0
SNPT-114,14,20,0,4.0,1897.2542724609375,1891.5184326171875,-147.41673278808594,1.4209051132202148,0.7360095381736755,0.9697909355163574,0.0,0.0,0.0,1.0,1.0
SNPT-098,2,29,0,440.0,1896.7340087890625,-1895.9774169921875,53.56711959838867,0.6752603650093079,0.6650505065917969,0.9669594764709473,0.0,0.0,0.0,1.0,1.0
SNPT-107,6,36,0,362.0,84.04288482666016,0.6371958255767822,84.04046630859375,0.49172675609588623,0.7698397636413574,0.9613423943519592,0.0,0.0,0.0,1.0,1.0
SNPT-063,21,43,0,368.0,1891.9031982421875,-1891.9031982421875,-0.1227586641907692,1.061659574508667,0.7901972532272339,0.9386027455329895,0.0,0.0,0.0,0.0,1.0
SNPT-065,43,29,0,35.0,130.90045166015625,28.333837509155273,127.79718780517578,0.6411577463150024,0.9386393427848816,0.9711405038833618,0.0,1.0,0.0,1.0,1.0
SNPT-158,21,31,0,223.0,71.39217376708984,-1.5306180715560913,-71.37576293945312,0.8295902013778687,0.7941553592681885,0.8594834208488464,0.0,0.0,0.0,0.0,0.0
SNPT-061,5,21,0,8.0,1879.8299560546875,1876.5806884765625,-110.4797592163086,1.1124310493469238,0.9459461569786072,0.993272066116333,0.0,1.0,1.0,1.0,1.0
SNPT-101,4,37,0,396.0,1895.9329833984375,-1894.0010986328125,85.5676498413086,0.9271623492240906,0.5988922119140625,0.8782832622528076,0.0,0.0,0.0,0.0,1.0
SNPT-063,4,21,0,37.0,1884.22119140625,1883.4598388671875,53.557315826416016,1.1460602283477783,0.8564514517784119,0.9639031291007996,0.0,1.0,1.0,0.0,1.0
SNPT-102,7,30,0,340.0,160.4610595703125,0.5093474388122559,160.4602508544922,0.633328378200531,0.7328273057937622,0.957678496837616,0.0,0.0,0.0,1.0,1.0
SNPT-066,10,30,1,100.0,21.888349533081055,-9.123916625976562,-19.896080017089844,1.5112203359603882,0.9418246746063232,0.9808585047721863,0.0,0.0,0.0,1.0,1.0
SNPT-066,36,38,1,203.0,356.17803955078125,-352.8953857421875,48.2455940246582,0.5449578166007996,0.7344132661819458,0.8100541830062866,0.0,0.0,0.0,1.0,1.0
SNPT-151,11,18,0,217.0,1904.472412109375,-1904.13330078125,35.9411735534668,1.1198524236679077,0.5617707967758179,0.9178251028060913,0.0,1.0,0.0,0.0,1.0
SNPT-066,21,27,0,98.0,762.0165405273438,-759.9346923828125,56.28924560546875,0.9576064348220825,0.7004028558731079,0.9541381001472473,0.0,0.0,0.0,0.0,1.0
SNPT-107,13,33,0,167.0,34.95103454589844,13.026036262512207,32.43296432495117,1.0904293060302734,0.7941301465034485,0.9352825284004211,0.0,0.0,0.0,0.0,1.0
SNPT-162,17,30,0,106.0,53.7379150390625,7.145206928253174,53.26076889038086,1.3033854961395264,0.836086094379425,0.9331194162368774,0.0,0.0,0.0,1.0,0.0
SNPT-170,35,33,0,324.0,626.6295166015625,610.5473022460938,141.0550994873047,0.7105967998504639,0.6873481869697571,0.8788470029830933,0.0,1.0,1.0,0.0,1.0
SNPT-067,24,36,0,9.0,1894.6544189453125,1888.94091796875,147.02911376953125,0.6213616728782654,0.6246645450592041,0.8870343565940857,0.0,0.0,0.0,0.0,0.0
SNPT-104,26,2,0,52.0,165.536865234375,19.721168518066406,164.35792541503906,1.8453669548034668,0.7501601576805115,0.8503710627555847,0.0,0.0,0.0,0.0,1.0
SNPT-163,16,33,0,308.0,72.14488220214844,-5.061938285827637,-71.96707916259766,1.26919686794281,0.7440280914306641,0.9554060697555542,0.0,0.0,0.0,1.0,1.0
SNPT-114,12,23,0,138.0,55.45185852050781,-2.762248992919922,55.383018493652344,0.9018464684486389,0.7997756004333496,0.9343319535255432,0.0,0.0,0.0,1.0,1.0
SNPT-159,21,35,0,279.0,1896.5101318359375,1893.42431640625,108.14274597167969,0.716162919998169,0.49244987964630127,0.921086311340332,0.0,0.0,0.0,0.0,1.0
SNPT-105,16,34,0,527.0,1905.8880615234375,-1900.3416748046875,145.2947540283203,0.6805505156517029,0.595294177532196,0.9018861055374146,0.0,0.0,0.0,0.0,1.0
SNPT-157,2,28,0,229.0,34.61792755126953,0.7753779888153076,-34.60924530029297,0.7935106754302979,0.6525764465332031,0.9107233881950378,0.0,0.0,0.0,0.0,0.0
SNPT-107,7,30,0,297.0,17.59908676147461,13.511187553405762,-11.277217864990234,0.7146579027175903,0.8820377588272095,0.9906564950942993,0.0,0.0,0.0,1.0,1.0
SNPT-158,6,28,0,218.0,539.9459838867188,526.6281127929688,119.1827392578125,0.9198870062828064,0.6607776284217834,0.9169220924377441,0.0,0.0,0.0,0.0,1.0
SNPT-073,11,31,0,448.0,1923.8646240234375,-1885.3118896484375,383.2156677246094,0.5158840417861938,0.7826646566390991,0.963920533657074,0.0,0.0,0.0,0.0,1.0
SNPT-108,5,25,0,184.0,48.246089935302734,-0.7405515313148499,-48.24040603637695,0.7227501273155212,0.7213479280471802,0.9168082475662231,0.0,1.0,1.0,0.0,1.0
SNPT-060,7,37,0,514.0,1891.4351806640625,-1889.476806640625,86.04991149902344,0.8226869702339172,0.8500707149505615,0.9765317440032959,0.0,0.0,0.0,1.0,0.0
SNPT-154,27,46,0,116.0,17.56804084777832,9.592412948608398,-14.718073844909668,1.8793801069259644,0.8199402093887329,0.9674730896949768,0.0,0.0,0.0,1.0,0.0
SNPT-159,34,48,0,252.0,13.341364860534668,-6.428640365600586,-11.690363883972168,0.8369073271751404,0.5672785043716431,0.9522114396095276,0.0,0.0,0.0,1.0,0.0
SNPT-151,3,27,1,283.0,234.413818359375,-10.304725646972656,-234.18722534179688,1.434288501739502,0.8633302450180054,0.9787191152572632,0.0,0.0,0.0,1.0,1.0
SNPT-153,10,31,0,236.0,341.45672607421875,-0.3903096616268158,341.4565124511719,0.5643495917320251,0.8377466201782227,0.9669255018234253,0.0,0.0,0.0,1.0,1.0
SNPT-154,24,45,1,105.0,55.74106979370117,-0.05526627227663994,55.74104309082031,1.0920116901397705,0.8873237371444702,0.9752371311187744,0.0,0.0,0.0,1.0,1.0
SNPT-100,20,27,0,294.0,1884.9979248046875,1884.7894287109375,-28.032371520996094,0.8803884387016296,0.7291417121887207,0.9454343914985657,0.0,0.0,0.0,0.0,0.0
SNPT-063,9,44,0,542.0,79.61043548583984,-9.715803146362305,-79.01534271240234,1.3257941007614136,0.7315917015075684,0.9771671295166016,0.0,0.0,0.0,1.0,1.0
SNPT-063,9,22,0,92.0,108.79531860351562,-8.215803146362305,108.48465728759766,1.0311986207962036,0.6583187580108643,0.957877516746521,0.0,0.0,0.0,0.0,1.0
SNPT-066,17,42,1,128.0,189.67254638671875,8.211060523986816,-189.49472045898438,1.191155195236206,0.898859441280365,0.9759784936904907,0.0,0.0,0.0,1.0,0.0
SNPT-060,11,27,0,203.0,21.994081497192383,3.2437310218811035,21.753570556640625,1.0450505018234253,0.8365206718444824,0.971643328666687,0.0,0.0,0.0,0.0,1.0
SNPT-061,1,35,0,530.0,51.93798065185547,-10.042533874511719,50.95783996582031,0.9982784986495972,0.5493510961532593,0.9040443897247314,0.0,0.0,0.0,0.0,0.0
SNPT-166,21,27,1,139.0,81.2928695678711,-2.7539026737213135,-81.24620819091797,1.1463369131088257,0.9357312321662903,0.9863719344139099,0.0,0.0,0.0,1.0,0.0
SNPT-110,15,18,0,2.0,1903.3465576171875,1903.153564453125,-27.106914520263672,0.6839181184768677,0.5845514535903931,0.8985608220100403,0.0,0.0,0.0,0.0,1.0
SNPT-064,19,29,0,122.0,24.141210556030273,-1.6377735137939453,-24.085590362548828,1.5057034492492676,0.7687105536460876,0.9659714102745056,0.0,0.0,0.0,0.0,1.0
SNPT-114,19,30,0,57.0,1898.2430419921875,-1895.29443359375,-105.76300048828125,1.1047159433364868,0.5999827980995178,0.9575973749160767,0.0,0.0,0.0,0.0,0.0
SNPT-067,2,30,0,242.0,28.252073287963867,10.114368438720703,26.3795223236084,0.9746577143669128,0.855776309967041,0.9653316140174866,0.0,0.0,0.0,0.0,0.0
SNPT-163,6,36,0,297.0,135.12115478515625,3.5701377391815186,135.07398986816406,0.8739176392555237,0.6652783155441284,0.9222263693809509,0.0,1.0,1.0,0.0,1.0
SNPT-161,21,37,0,592.0,30.262264251708984,4.558131694793701,29.91701889038086,0.9275104999542236,0.5956138968467712,0.9266490340232849,0.0,0.0,0.0,1.0,1.0
SNPT-106,5,18,1,223.0,36.60659408569336,10.011354446411133,-35.21101379394531,1.4055817127227783,0.788144052028656,0.9657681584358215,0.0,0.0,0.0,1.0,1.0
SNPT-159,51,49,0,300.0,1322.8232421875,-1319.4151611328125,-94.89396667480469,1.2371972799301147,0.6983469724655151,0.9076308608055115,0.0,0.0,0.0,0.0,0.0
SNPT-154,27,48,1,120.0,185.31674194335938,3.5924127101898193,185.28192138671875,1.0829607248306274,0.7878457307815552,0.9562559723854065,0.0,1.0,1.0,1.0,1.0
SNPT-158,6,36,0,287.0,635.3875732421875,517.1281127929688,369.1827392578125,0.7583481669425964,0.8625994920730591,0.9736775755882263,0.0,0.0,0.0,1.0,1.0
SNPT-160,3,27,0,312.0,50.78506851196289,6.638009071350098,50.34938049316406,1.22194504737854,0.6258231997489929,0.8716735243797302,1.0,0.0,0.0,0.0,1.0
SNPT-063,7,25,1,129.0,5.4406538009643555,5.424757957458496,-0.415594220161438,1.0443545579910278,0.9325028657913208,0.950754702091217,1.0,0.0,1.0,1.0,1.0
SNPT-107,13,30,0,149.0,104.71295166015625,5.526036262512207,-104.56703186035156,0.9610316753387451,0.744418740272522,0.9268581867218018,0.0,0.0,0.0,0.0,1.0
SNPT-066,9,33,0,152.0,1043.148681640625,-1030.575439453125,-161.47335815429688,1.7757772207260132,0.9135347008705139,0.9791842699050903,0.0,1.0,1.0,1.0,1.0
SNPT-067,20,31,0,233.0,161.3909454345703,32.462188720703125,-158.09251403808594,1.1752744913101196,0.9102760553359985,0.9759069085121155,1.0,0.0,0.0,1.0,1.0
SNPT-108,5,13,0,139.0,178.35215759277344,14.759448051452637,-177.7404022216797,1.0256434679031372,0.5884386301040649,0.9096660614013672,0.0,0.0,0.0,0.0,1.0
SNPT-164,9,36,0,271.0,380.4794006347656,-3.076970100402832,-380.4669494628906,2.3882322311401367,0.6283034086227417,0.8694299459457397,0.0,0.0,0.0,0.0,0.0
SNPT-163,2,42,1,552.0,62.76850509643555,0.2548682391643524,-62.76798629760742,1.6761122941970825,0.679050862789154,0.7603146433830261,0.0,0.0,0.0,0.0,0.0
SNPT-062,21,24,0,241.0,121.09988403320312,9.737875938415527,120.70773315429688,0.6845448613166809,0.8053581714630127,0.9547092914581299,0.0,0.0,0.0,1.0,1.0
SNPT-069,20,21,0,9.0,1901.2999267578125,-1900.10009765625,-67.53535461425781,0.9936735033988953,0.7269507646560669,0.929287850856781,0.0,1.0,1.0,0.0,1.0
SNPT-066,43,46,0,352.0,1887.1383056640625,-1885.623046875,75.6091079711914,0.8692100644111633,0.841247022151947,0.9666878581047058,0.0,1.0,1.0,1.0,1.0
SNPT-072,24,30,0,107.0,1872.5667724609375,-1872.0770263671875,-42.826263427734375,1.0605943202972412,0.7394131422042847,0.9566965699195862,0.0,1.0,0.0,0.0,1.0
SNPT-113,36,34,0,393.0,110.44566345214844,-10.980478286743164,-109.89846801757812,0.6091893911361694,0.424089640378952,0.9176244139671326,0.0,0.0,0.0,0.0,0.0
SNPT-169,10,20,0,145.0,318.7367858886719,-4.77773380279541,-318.7009582519531,1.4967695474624634,0.7214416861534119,0.9506607055664062,0.0,0.0,0.0,0.0,1.0
SNPT-161,24,32,1,350.0,46.41793441772461,7.167081356048584,45.86128616333008,0.8939455151557922,0.929487943649292,0.9734960198402405,1.0,0.0,1.0,1.0,1.0
SNPT-151,8,35,0,46.0,274.7929382324219,-9.365030288696289,274.6333312988281,0.6977961659431458,0.6799477338790894,0.9185976386070251,0.0,1.0,1.0,0.0,1.0
SNPT-157,18,33,0,175.0,659.1519775390625,20.153980255126953,658.8438110351562,0.5008296966552734,0.7322006225585938,0.913368284702301,0.0,0.0,0.0,1.0,1.0
SNPT-170,38,12,0,93.0,1556.39697265625,1550.60400390625,-134.1594696044922,1.0284377336502075,0.6127212047576904,0.8962752223014832,0.0,0.0,0.0,0.0,1.0
SNPT-074,21,27,0,495.0,1777.927001953125,-1761.824462890625,238.74505615234375,0.32607725262641907,0.6371324062347412,0.9004675149917603,0.0,0.0,0.0,1.0,1.0
SNPT-066,15,39,0,93.0,1905.406494140625,1904.5328369140625,57.69060516357422,0.9030089378356934,0.7752283215522766,0.9708579778671265,0.0,1.0,1.0,0.0,1.0
SNPT-063,1,35,0,521.0,1900.69287109375,1897.38232421875,112.13307189941406,0.7051622867584229,0.6014305353164673,0.8989015817642212,0.0,0.0,0.0,1.0,1.0
SNPT-151,9,33,0,4.0,1776.2430419921875,1775.829345703125,38.33578109741211,1.557965874671936,0.6238402128219604,0.9273915886878967,0.0,0.0,0.0,0.0,0.0
SNPT-102,3,28,0,310.0,391.48297119140625,-0.2944889962673187,391.4828796386719,0.5068157315254211,0.6700604557991028,0.8772662281990051,0.0,1.0,1.0,0.0,1.0
SNPT-106,11,20,0,84.0,46.02894592285156,4.343763828277588,-45.823524475097656,1.4956858158111572,0.7468423843383789,0.9262028932571411,0.0,1.0,1.0,0.0,1.0
SNPT-157,5,25,1,78.0,81.57101440429688,5.35880708694458,-81.39480590820312,0.9024913907051086,0.9079631567001343,0.9784212708473206,0.0,0.0,0.0,1.0,1.0
SNPT-063,3,44,0,411.0,1975.0643310546875,-1903.6348876953125,-526.3584594726562,1.8268951177597046,0.7236687541007996,0.948310375213623,0.0,0.0,0.0,1.0,1.0
SNPT-170,4,29,0,90.0,129.3046112060547,56.4442024230957,-116.3345718383789,1.0213403701782227,0.6245554089546204,0.9390777945518494,0.0,0.0,0.0,0.0,1.0
SNPT-098,34,32,0,217.0,63.962310791015625,9.1312255859375,63.30717086791992,0.7357232570648193,0.7608228921890259,0.9211171865463257,0.0,1.0,0.0,1.0,1.0
SNPT-068,1,35,1,136.0,248.9601287841797,-10.40259838104248,-248.74270629882812,0.8130150437355042,0.887316882610321,0.9603071212768555,0.0,0.0,0.0,1.0,1.0
SNPT-106,11,24,0,364.0,100.89676666259766,3.843763589859009,-100.82352447509766,1.29240882396698,0.7526290416717529,0.9321817755699158,0.0,1.0,1.0,0.0,1.0
SNPT-160,5,23,1,319.0,68.64740753173828,11.122820854187012,-67.74030303955078,2.316876173019409,0.7135191559791565,0.9581494927406311,0.0,0.0,0.0,1.0,1.0
SNPT-068,7,36,0,723.0,1904.4761962890625,1899.6436767578125,-135.58544921875,0.8859907984733582,0.819554328918457,0.9413647055625916,0.0,0.0,0.0,0.0,1.0
SNPT-169,9,43,0,154.0,838.8153076171875,813.6344604492188,-203.98536682128906,1.2649916410446167,0.7506970167160034,0.942544162273407,0.0,1.0,0.0,0.0,0.0
SNPT-065,42,43,1,14.0,14.001296997070312,5.743896484375,-12.768867492675781,1.5485916137695312,0.9541089534759521,0.9651445150375366,1.0,0.0,0.0,1.0,1.0
SNPT-063,10,23,1,24.0,63.54981994628906,-1.8988301753997803,63.521446228027344,1.3034876585006714,0.9779989719390869,0.9940544962882996,0.0,1.0,0.0,1.0,1.0
SNPT-163,13,41,0,163.0,174.9681854248047,0.5218797922134399,174.9674072265625,0.6982382535934448,0.8051270842552185,0.9510766863822937,0.0,1.0,1.0,1.0,1.0
SNPT-064,41,26,0,17.0,99.31407928466797,-20.817256927490234,-97.10781860351562,2.9090685844421387,0.7634837627410889,0.9545778632164001,0.0,0.0,0.0,0.0,1.0
SNPT-064,41,34,0,34.0,2.319763660430908,-2.3172566890716553,-0.10781984031200409,2.0191240310668945,0.8925405144691467,0.9581630229949951,0.0,0.0,0.0,1.0,1.0
SNPT-108,9,18,0,125.0,29.862106323242188,3.9081532955169678,29.60526466369629,0.7140423059463501,0.7335137724876404,0.9889237284660339,0.0,0.0,0.0,1.0,1.0
SNPT-103,33,18,0,103.0,138.41522216796875,-19.575658798217773,-137.0239715576172,0.8202394843101501,0.917790949344635,0.9739549160003662,0.0,0.0,0.0,1.0,1.0
SNPT-073,17,30,0,198.0,740.4639892578125,683.7615966796875,-284.17767333984375,1.7407855987548828,0.7917790412902832,0.9654887914657593,0.0,0.0,0.0,0.0,1.0
SNPT-075,2,25,1,113.0,51.437442779541016,2.8225536346435547,-51.35994338989258,1.5690263509750366,0.929611086845398,0.9821509718894958,1.0,0.0,1.0,1.0,1.0
SNPT-158,8,40,0,345.0,365.5955810546875,-1.5138447284698486,-365.5924377441406,1.5627784729003906,0.6500293612480164,0.8778166770935059,0.0,0.0,0.0,0.0,0.0
SNPT-108,16,31,1,126.0,225.64186096191406,-1.9357951879501343,225.63356018066406,0.5850718021392822,0.8857707977294922,0.9611383080482483,1.0,0.0,1.0,1.0,1.0
SNPT-077,5,30,1,217.0,59.63827133178711,9.789328575134277,-58.829349517822266,0.6772148013114929,0.9273079633712769,0.978403627872467,0.0,0.0,0.0,1.0,1.0
SNPT-112,10,15,1,145.0,34.07805252075195,-4.929073333740234,33.719696044921875,1.0259974002838135,0.9375408887863159,0.9893438220024109,1.0,0.0,1.0,1.0,1.0
SNPT-159,7,48,0,276.0,197.28001403808594,194.9014129638672,-30.542478561401367,1.1856684684753418,0.5786786079406738,0.8995915055274963,0.0,0.0,0.0,0.0,0.0
SNPT-163,1,42,0,516.0,202.8897247314453,2.9229586124420166,-202.86866760253906,1.8003761768341064,0.6927489042282104,0.7879598736763,0.0,0.0,0.0,0.0,0.0
SNPT-163,1,18,1,188.0,23.737775802612305,-5.107637405395508,-23.181760787963867,1.1969435214996338,0.8783833980560303,0.9255123734474182,1.0,0.0,1.0,1.0,1.0
SNPT-072,1,31,0,348.0,23.1875,0.21049955487251282,-23.18654441833496,1.1229488849639893,0.7884589433670044,0.8918200135231018,0.0,1.0,1.0,0.0,1.0
SNPT-064,35,36,0,7.0,68.55805969238281,-53.593631744384766,-42.754302978515625,2.2067294120788574,0.8896557688713074,0.9522789716720581,0.0,0.0,0.0,1.0,1.0
SNPT-153,12,22,0,59.0,1963.260498046875,1901.850830078125,-487.19122314453125,1.964677095413208,0.7972512245178223,0.8899198770523071,0.0,1.0,1.0,0.0,1.0
SNPT-062,12,28,0,435.0,1906.95751953125,1886.201416015625,-280.5911865234375,1.006377100944519,0.893651008605957,0.9689083695411682,0.0,0.0,0.0,1.0,1.0
SNPT-159,53,44,0,214.0,252.339111328125,12.3917818069458,-252.03465270996094,1.4535622596740723,0.6640679240226746,0.9698188304901123,0.0,0.0,0.0,1.0,1.0
SNPT-167,29,30,0,62.0,20.73955726623535,6.918042182922363,19.55172348022461,1.154575228691101,0.8663321733474731,0.9524878263473511,0.0,1.0,1.0,1.0,1.0
SNPT-169,44,46,0,74.0,28.69169807434082,0.7233029007911682,28.682580947875977,1.247575283050537,0.6224644780158997,0.9300103187561035,0.0,0.0,0.0,0.0,1.0
SNPT-162,44,28,0,73.0,1867.9666748046875,-1866.892822265625,63.33143615722656,0.7413856387138367,0.6788208484649658,0.9296162724494934,0.0,0.0,0.0,0.0,0.0
SNPT-064,19,27,1,118.0,129.8508758544922,-10.637773513793945,129.41441345214844,1.690143346786499,0.94721519947052,0.9819664359092712,0.0,0.0,0.0,1.0,1.0
SNPT-068,3,31,0,485.0,1897.0560302734375,-1894.842529296875,-91.61515808105469,1.1693774461746216,0.8232070207595825,0.9567623734474182,0.0,1.0,1.0,0.0,1.0
SNPT-169,5,40,0,52.0,167.77203369140625,10.6945219039917,-167.4308319091797,1.1140989065170288,0.8372980356216431,0.9869996905326843,0.0,1.0,1.0,1.0,1.0
SNPT-105,19,27,0,137.0,326.31988525390625,0.14874544739723206,-326.3198547363281,1.3364444971084595,0.5824823379516602,0.9494774341583252,0.0,0.0,0.0,0.0,0.0
SNPT-100,2,26,0,473.0,1892.626220703125,-1892.604736328125,9.028491973876953,0.7680577635765076,0.861311137676239,0.9734805822372437,0.0,0.0,0.0,1.0,1.0
SNPT-063,7,21,0,22.0,1899.6629638671875,1899.4248046875,30.08440589904785,1.059417963027954,0.9261550903320312,0.9734527468681335,0.0,1.0,1.0,1.0,1.0
SNPT-159,17,28,0,200.0,1887.2166748046875,-1887.108642578125,-20.19228172302246,1.5520551204681396,0.7177931070327759,0.9002109169960022,0.0,0.0,0.0,1.0,1.0
SNPT-155,9,23,1,184.0,74.6125717163086,1.3963371515274048,74.5995101928711,0.7454891800880432,0.9278149008750916,0.9815216064453125,1.0,0.0,1.0,1.0,1.0
SNPT-164,1,24,0,78.0,246.31060791015625,2.4145376682281494,-246.2987823486328,1.9309918880462646,0.5162608027458191,0.9068658947944641,0.0,0.0,0.0,0.0,0.0
SNPT-163,39,27,1,265.0,240.85693359375,-93.31458282470703,222.04605102539062,0.6112826466560364,0.7854783535003662,0.9714827537536621,0.0,1.0,0.0,1.0,1.0
SNPT-064,1,33,0,213.0,1900.3936767578125,1900.249267578125,-23.422117233276367,1.4930267333984375,0.8179603815078735,0.9654673933982849,0.0,1.0,1.0,0.0,0.0
SNPT-163,18,37,0,65.0,1890.861572265625,-1888.272705078125,-98.91275787353516,0.902540385723114,0.6815249919891357,0.8952370285987854,0.0,1.0,1.0,0.0,1.0
SNPT-168,17,21,0,97.0,23.45741844177246,2.2700698375701904,23.34731674194336,0.8595899939537048,0.8520582914352417,0.9830995798110962,0.0,0.0,0.0,1.0,0.0
SNPT-066,45,39,0,75.0,1902.1878662109375,1892.219970703125,-194.47862243652344,1.033619999885559,0.833662748336792,0.9746849536895752,1.0,0.0,1.0,0.0,0.0
SNPT-107,15,34,1,311.0,26.88080406188965,21.16164207458496,16.57596206665039,0.6298536062240601,0.8987438678741455,0.9898901581764221,0.0,0.0,0.0,1.0,1.0
SNPT-159,8,37,0,147.0,501.3774108886719,-9.024121284484863,501.29620361328125,0.575900673866272,0.8360482454299927,0.9450961351394653,0.0,1.0,1.0,1.0,1.0
SNPT-062,13,23,0,511.0,26.214447021484375,6.102309703826904,25.494295120239258,1.142221450805664,0.7987328767776489,0.9623710513114929,0.0,0.0,0.0,0.0,1.0
SNPT-100,7,25,0,243.0,54.29477310180664,-1.1118273735046387,54.283390045166016,0.9558976888656616,0.8821926712989807,0.987739622592926,0.0,1.0,0.0,1.0,1.0
SNPT-158,18,39,0,245.0,567.69189453125,9.246390342712402,567.6165771484375,0.4762936532497406,0.7984740138053894,0.9283726811408997,0.0,0.0,0.0,1.0,1.0
SNPT-154,55,42,1,44.0,33.51504898071289,7.676922798156738,32.62397003173828,1.0988587141036987,0.8993362188339233,0.9775282144546509,0.0,0.0,0.0,1.0,1.0
SNPT-065,45,38,0,390.0,1895.3175048828125,1895.1763916015625,23.13230323791504,0.4961931109428406,0.8270934820175171,0.9370086193084717,0.0,0.0,0.0,1.0,0.0
SNPT-158,22,37,0,267.0,115.4205322265625,-1.9556838274002075,115.40396118164062,0.7898688316345215,0.8024008274078369,0.955670952796936,0.0,0.0,0.0,1.0,1.0
SNPT-108,6,15,1,129.0,13.166509628295898,10.756706237792969,-7.592776298522949,0.8625757694244385,0.9258533716201782,0.9824042916297913,0.0,0.0,0.0,1.0,1.0
SNPT-160,18,22,1,144.0,21.933088302612305,16.050546646118164,-14.947921752929688,1.066859245300293,0.969141960144043,0.9900633692741394,0.0,0.0,0.0,1.0,1.0
SNPT-160,18,30,0,227.0,1900.617431640625,1900.550537109375,-15.947921752929688,1.054055094718933,0.9022044539451599,0.9748318195343018,0.0,1.0,1.0,1.0,1.0
SNPT-115,4,19,0,45.0,1905.806396484375,1896.4365234375,188.75025939941406,0.673381507396698,0.6736160516738892,0.8551918864250183,0.0,0.0,0.0,0.0,1.0
SNPT-099,14,25,0,170.0,352.7938537597656,17.881622314453125,352.34039306640625,0.6918179988861084,0.8051649332046509,0.9318122863769531,0.0,1.0,1.0,1.0,1.0
SNPT-169,10,37,0,441.0,175.20562744140625,-1.2777338027954102,-175.2009735107422,1.392690896987915,0.6971858739852905,0.937249481678009,0.0,0.0,0.0,0.0,0.0
SNPT-066,49,36,0,21.0,114.32389831542969,-23.906972885131836,-111.79629516601562,1.801514983177185,0.680959939956665,0.7682772278785706,0.0,0.0,0.0,0.0,1.0
SNPT-107,2,28,0,316.0,12.978887557983398,11.646407127380371,-5.728238105773926,0.701025664806366,0.6714093089103699,0.909006655216217,0.0,1.0,1.0,0.0,1.0
SNPT-072,12,23,1,84.0,27.24231719970703,7.2840447425842285,26.250457763671875,1.490661382675171,0.6650272011756897,0.8285977244377136,0.0,0.0,0.0,0.0,1.0
SNPT-154,51,23,0,78.0,77.469970703125,3.969498634338379,77.36820983886719,1.191036343574524,0.8863435983657837,0.9263858199119568,0.0,0.0,0.0,1.0,1.0
SNPT-105,18,33,0,495.0,1881.6239013671875,-1881.44091796875,26.247861862182617,1.2445629835128784,0.6185088157653809,0.9136598110198975,0.0,0.0,0.0,0.0,1.0
SNPT-110,41,44,0,46.0,44.22027587890625,0.5433127284049988,-44.21693801879883,0.6835696697235107,0.7382385730743408,0.9675148129463196,0.0,0.0,0.0,1.0,1.0
SNPT-063,30,40,0,33.0,1885.0047607421875,1884.1646728515625,-56.27094268798828,0.8975578546524048,0.6695697903633118,0.9498618245124817,0.0,0.0,0.0,0.0,1.0
SNPT-162,23,36,1,186.0,56.86980438232422,-6.114382743835449,56.54015350341797,1.1544408798217773,0.9554943442344666,0.9926686882972717,0.0,1.0,0.0,1.0,1.0
SNPT-067,2,24,0,24.0,1883.450439453125,-1882.8856201171875,-46.12047576904297,1.1697813272476196,0.6414391994476318,0.9318861961364746,0.0,0.0,0.0,0.0,0.0
SNPT-160,10,33,0,284.0,27.206241607666016,-2.478726863861084,-27.093090057373047,1.4941740036010742,0.6286026239395142,0.9221562147140503,0.0,0.0,0.0,0.0,0.0
SNPT-154,17,41,0,280.0,137.0433349609375,99.2025375366211,94.55016326904297,0.7281290888786316,0.7267798781394958,0.9820853471755981,0.0,0.0,0.0,1.0,1.0
SNPT-065,31,38,0,131.0,1898.4990234375,1895.5570068359375,-105.65157318115234,0.7461663484573364,0.8847464919090271,0.9558742046356201,0.0,1.0,1.0,1.0,0.0
SNPT-066,11,27,0,115.0,777.5020751953125,-773.806396484375,75.71772003173828,0.922907829284668,0.8332110643386841,0.9634822607040405,0.0,0.0,0.0,1.0,1.0
SNPT-101,6,29,0,299.0,225.53802490234375,-14.120280265808105,225.09556579589844,0.7896305322647095,0.6233017444610596,0.9209049940109253,0.0,0.0,0.0,0.0,1.0
SNPT-151,12,35,0,221.0,2004.866455078125,-1900.062744140625,639.7271118164062,0.5810799598693848,0.720233142375946,0.9399837255477905,0.0,1.0,1.0,0.0,1.0
SNPT-108,4,19,0,165.0,99.71290588378906,-0.27421364188194275,-99.71253204345703,1.0570253133773804,0.8255098462104797,0.9923480749130249,0.0,1.0,1.0,1.0,1.0
SNPT-151,9,32,0,2.0,1783.3209228515625,1760.829345703125,282.3357849121094,0.9007217288017273,0.7799196243286133,0.9784642457962036,0.0,0.0,0.0,1.0,1.0
SNPT-153,20,27,0,14.0,1906.3619384765625,1894.010986328125,-216.65264892578125,1.847447395324707,0.6657522916793823,0.9390655755996704,0.0,0.0,0.0,0.0,1.0
SNPT-101,14,38,0,499.0,204.13011169433594,-10.046698570251465,-203.8827362060547,1.280905842781067,0.9232696890830994,0.9057893753051758,0.0,1.0,1.0,1.0,1.0
SNPT-075,27,28,1,46.0,49.78004837036133,17.023540496826172,-46.77875900268555,1.1691370010375977,0.9069331884384155,0.8650510907173157,0.0,0.0,0.0,1.0,1.0
SNPT-066,50,20,0,74.0,123.96571350097656,9.859962463378906,123.57296752929688,1.0119889974594116,0.7996869087219238,0.9751103520393372,0.0,1.0,1.0,0.0,1.0
SNPT-151,15,26,0,306.0,1906.464111328125,1904.2445068359375,-91.97005462646484,1.49298095703125,0.6125763654708862,0.9261874556541443,0.0,0.0,0.0,0.0,1.0
SNPT-061,12,29,0,159.0,49.88963317871094,-23.925125122070312,43.7785758972168,0.9950438737869263,0.8325315117835999,0.992831289768219,0.0,1.0,1.0,1.0,1.0
SNPT-108,14,33,0,277.0,360.0489501953125,-17.78857421875,359.6092529296875,0.6809162497520447,0.7395632863044739,0.9771385192871094,0.0,0.0,0.0,1.0,1.0
SNPT-164,22,32,0,255.0,1946.154052734375,-1905.55517578125,395.44268798828125,0.42173096537590027,0.7001468539237976,0.8714280128479004,0.0,0.0,0.0,1.0,1.0
SNPT-067,11,20,1,83.0,156.1432647705078,0.121255062520504,156.14321899414062,0.673230767250061,0.7926679253578186,0.9555280208587646,1.0,0.0,1.0,1.0,1.0
SNPT-068,3,38,1,111.0,39.804832458496094,-7.5366902351379395,-39.084815979003906,0.8913388252258301,0.9801359176635742,0.9856904149055481,1.0,0.0,1.0,1.0,1.0
SNPT-065,24,39,0,287.0,61.6735725402832,-35.11345291137695,-50.70182418823242,0.5946719646453857,0.6933640837669373,0.7696772813796997,0.0,0.0,0.0,0.0,1.0
SNPT-109,17,22,0,148.0,290.98956298828125,-3.73773455619812,290.9655456542969,0.7972666025161743,0.6860744953155518,0.9319912195205688,0.0,0.0,0.0,0.0,0.0
SNPT-113,20,29,0,336.0,1941.5458984375,1886.13720703125,460.52899169921875,0.49188363552093506,0.6528419256210327,0.8712396621704102,0.0,0.0,0.0,0.0,1.0
SNPT-102,4,33,0,426.0,169.29454040527344,7.148944854736328,-169.14352416992188,0.8495345711708069,0.8170164227485657,0.9747048616409302,0.0,0.0,0.0,1.0,1.0
SNPT-167,37,38,1,40.0,8.135322570800781,6.049084186553955,5.439857482910156,1.0778453350067139,0.8018678426742554,0.9577209949493408,0.0,0.0,0.0,1.0,1.0
SNPT-102,7,27,0,301.0,281.0933837890625,-5.490652561187744,-281.0397644042969,1.2428032159805298,0.6498856544494629,0.9065716862678528,0.0,0.0,0.0,0.0,1.0
SNPT-066,13,35,0,7.0,514.111328125,-509.1703796386719,-71.10526275634766,1.7536966800689697,0.8796500563621521,0.9488825798034668,0.0,1.0,0.0,0.0,1.0
SNPT-111,39,40,1,10.0,59.08600616455078,-6.509389400482178,58.726348876953125,5.093073844909668,0.6734181642532349,0.8121529817581177,0.0,0.0,0.0,1.0,1.0
SNPT-161,10,22,0,2.0,1930.5205078125,1898.3382568359375,-351.0291748046875,1.2056912183761597,0.5973524451255798,0.867519736289978,0.0,0.0,0.0,0.0,1.0
SNPT-162,43,37,0,191.0,179.24627685546875,0.34452730417251587,179.24595642089844,1.1105931997299194,0.6798403263092041,0.9083299040794373,0.0,0.0,0.0,0.0,0.0
SNPT-097,28,24,0,182.0,85.24089813232422,-7.185474395751953,-84.93750762939453,1.3627269268035889,0.6843875646591187,0.8727450370788574,0.0,1.0,1.0,0.0,1.0
SNPT-105,16,31,0,344.0,1908.95068359375,-1899.3416748046875,191.2947540283203,0.45191577076911926,0.6079466342926025,0.8044348359107971,0.0,0.0,0.0,0.0,1.0
SNPT-163,14,42,0,279.0,1785.1214599609375,1780.945556640625,122.03050231933594,0.9498781561851501,0.6774746179580688,0.8656527400016785,0.0,0.0,0.0,1.0,0.0
SNPT-154,7,56,0,401.0,84.26521301269531,10.811266899108887,83.56878662109375,1.1480735540390015,0.817965030670166,0.9061744213104248,0.0,0.0,0.0,0.0,1.0
SNPT-105,17,30,0,329.0,1922.9156494140625,-1907.26904296875,244.8050079345703,0.4491363763809204,0.6485236883163452,0.7624493837356567,0.0,0.0,0.0,0.0,1.0
SNPT-066,6,50,0,5.0,646.9400024414062,632.8173217773438,134.43817138671875,1.159835696220398,0.8696986436843872,0.9845167398452759,0.0,1.0,1.0,1.0,0.0
SNPT-063,5,40,0,497.0,1885.6279296875,1881.753662109375,-120.81342315673828,1.2045053243637085,0.7008897066116333,0.9620081186294556,0.0,1.0,0.0,0.0,0.0
SNPT-110,20,27,1,67.0,140.4495849609375,-0.4205467402935028,140.44895935058594,0.7903600335121155,0.9642013311386108,0.992229700088501,1.0,0.0,1.0,1.0,1.0
SNPT-159,20,45,0,387.0,1903.4019775390625,1885.9383544921875,-257.24627685546875,1.9158005714416504,0.714622974395752,0.910366952419281,0.0,0.0,0.0,0.0,1.0
SNPT-107,9,34,0,177.0,128.63735961914062,15.436311721801758,127.70783233642578,0.5543913245201111,0.6381427049636841,0.928396999835968,0.0,0.0,0.0,0.0,1.0
SNPT-064,17,32,0,93.0,1057.6226806640625,-1019.9381103515625,-279.8072814941406,2.0109879970550537,0.9051030874252319,0.9808230996131897,0.0,1.0,1.0,1.0,1.0
SNPT-064,37,42,1,36.0,81.48958587646484,-12.74722957611084,-80.48640441894531,1.1687406301498413,0.843161940574646,0.973870038986206,0.0,0.0,0.0,0.0,0.0
SNPT-164,22,29,1,180.0,49.570343017578125,-3.5551774501800537,49.44268798828125,0.8409790396690369,0.9370902180671692,0.9907782077789307,0.0,0.0,0.0,1.0,1.0
SNPT-064,41,33,0,33.0,113.08980560302734,6.682743549346924,112.89218139648438,1.554793119430542,0.8496086597442627,0.9728305339813232,0.0,1.0,1.0,1.0,1.0
SNPT-073,1,25,0,132.0,81.02019500732422,6.302540302276611,80.7746810913086,0.8913614749908447,0.8061094284057617,0.9595379829406738,0.0,1.0,0.0,0.0,1.0
SNPT-063,24,44,0,97.0,36.898277282714844,-29.47364616394043,-22.198806762695312,1.176532506942749,0.7597153186798096,0.9692399501800537,0.0,0.0,0.0,1.0,1.0
SNPT-066,16,33,0,8.0,700.416015625,-695.8621215820312,-79.73986053466797,1.7800871133804321,0.7635831236839294,0.959935188293457,0.0,1.0,1.0,0.0,1.0
SNPT-065,41,46,1,12.0,47.29933547973633,2.939446449279785,-47.207908630371094,0.7346130013465881,0.9576300382614136,0.9683884382247925,1.0,0.0,0.0,1.0,1.0
SNPT-107,13,39,0,203.0,2.093365430831909,1.526036262512207,1.4329661130905151,0.7735499739646912,0.6168571710586548,0.9114342331886292,0.0,1.0,1.0,0.0,1.0
SNPT-166,23,25,0,10.0,1901.12451171875,-1901.1241455078125,-1.2283027172088623,1.0360701084136963,0.5448647737503052,0.9569880366325378,0.0,0.0,0.0,0.0,0.0
SNPT-061,1,34,0,474.0,96.4819107055664,-10.042533874511719,95.95783996582031,0.7670418620109558,0.5737627148628235,0.9168539643287659,0.0,0.0,0.0,0.0,0.0
SNPT-105,12,33,0,156.0,1892.976806640625,-1888.9072265625,-124.05831146240234,1.7070246934890747,0.6672549247741699,0.8715597987174988,0.0,0.0,0.0,0.0,1.0
SNPT-158,18,25,0,116.0,52.68410110473633,16.24639129638672,50.11655807495117,0.79778653383255,0.7584332823753357,0.9215021133422852,0.0,0.0,0.0,0.0,1.0
SNPT-073,7,36,0,302.0,102.29045104980469,-11.999512672424316,101.58419036865234,1.0178223848342896,0.6667681932449341,0.9592612981796265,0.0,0.0,0.0,0.0,1.0
SNPT-105,4,37,0,392.0,30.82542610168457,-6.279433250427246,30.179059982299805,1.1687437295913696,0.5504403114318848,0.9037716388702393,0.0,1.0,0.0,0.0,1.0
SNPT-099,12,25,0,161.0,405.7063903808594,20.416934967041016,405.19232177734375,0.5928280353546143,0.6455141305923462,0.8514494895935059,0.0,0.0,0.0,0.0,1.0
SNPT-107,14,27,0,626.0,1894.039794921875,-1893.962890625,17.06269073486328,0.6642804741859436,0.7622692584991455,0.969899594783783,0.0,0.0,0.0,1.0,1.0
SNPT-168,14,23,0,185.0,247.13441467285156,-34.91060256958008,244.65623474121094,0.7471722960472107,0.6099518537521362,0.8986664414405823,0.0,0.0,0.0,0.0,1.0
SNPT-162,6,29,0,79.0,504.74365234375,5.920159816741943,504.7089538574219,0.6211318969726562,0.9116308689117432,0.9869238138198853,0.0,0.0,0.0,1.0,1.0
SNPT-167,37,39,0,112.0,91.88798522949219,10.989696502685547,91.22844696044922,0.9694939255714417,0.7381817102432251,0.9109896421432495,0.0,0.0,0.0,0.0,1.0
SNPT-106,4,19,0,222.0,120.43035888671875,2.780921459197998,-120.39824676513672,1.6151620149612427,0.6221668720245361,0.9020254611968994,0.0,0.0,0.0,0.0,1.0
SNPT-061,5,26,0,225.0,1900.8668212890625,1887.0806884765625,228.52023315429688,0.8811566233634949,0.8505119681358337,0.9692813158035278,0.0,1.0,1.0,0.0,1.0
SNPT-109,14,20,0,79.0,748.3652954101562,692.6211547851562,283.4194030761719,0.7650887370109558,0.8267266750335693,0.9482405781745911,0.0,0.0,0.0,1.0,1.0
SNPT-075,27,25,0,426.0,4.7521796226501465,4.606860160827637,1.166210651397705,1.650878667831421,0.7865082025527954,0.9420512914657593,0.0,1.0,1.0,1.0,1.0
SNPT-068,20,33,0,369.0,1897.915771484375,1897.462158203125,-41.4888916015625,0.5301295518875122,0.8154177665710449,0.9534656405448914,0.0,0.0,0.0,1.0,1.0
SNPT-154,19,36,1,185.0,1205.839599609375,1202.9051513671875,84.0730209350586,1.121369481086731,0.983169436454773,0.9934574961662292,0.0,0.0,0.0,1.0,1.0
SNPT-063,4,20,0,33.0,1878.1270751953125,1877.4598388671875,50.057315826416016,1.1927376985549927,0.9362521171569824,0.9942784309387207,0.0,1.0,1.0,1.0,1.0
SNPT-068,20,28,1,126.0,114.02799224853516,1.9621831178665161,114.0111083984375,0.7638851404190063,0.9298616647720337,0.9852339029312134,0.0,0.0,0.0,1.0,1.0
SNPT-068,18,29,1,115.0,114.97425079345703,1.63966703414917,114.96256256103516,1.0709186792373657,0.951130747795105,0.9879763126373291,0.0,0.0,0.0,1.0,1.0
SNPT-151,4,39,0,239.0,281.8460998535156,-0.7746389508247375,281.84503173828125,0.7738892436027527,0.651735782623291,0.8673120141029358,0.0,0.0,0.0,0.0,1.0
SNPT-104,26,22,0,583.0,1908.52880859375,-1890.395751953125,262.46209716796875,2.297172784805298,0.6179244518280029,0.9431760907173157,0.0,0.0,0.0,0.0,1.0
SNPT-162,10,35,0,186.0,362.1164245605469,-14.420456886291504,-361.8291931152344,1.852042317390442,0.8616067171096802,0.9574617743492126,0.0,0.0,0.0,1.0,1.0
SNPT-066,13,33,0,7.0,631.9713745117188,-627.6703491210938,-73.60526275634766,1.8317086696624756,0.8948208093643188,0.9429193139076233,1.0,0.0,0.0,0.0,1.0
SNPT-098,37,25,1,1.0,29.514453887939453,4.311008930206299,29.197914123535156,0.28452396392822266,0.645269513130188,0.8415682911872864,0.0,0.0,0.0,0.0,1.0
SNPT-068,16,25,0,218.0,125.67060852050781,-4.0548787117004395,-125.60517120361328,1.1106252670288086,0.8569524884223938,0.954481840133667,0.0,0.0,0.0,1.0,0.0
SNPT-104,22,24,1,344.0,26.973928451538086,-3.382014751434326,26.76106834411621,0.8631564974784851,0.8697566986083984,0.9637557864189148,0.0,0.0,0.0,0.0,1.0
SNPT-068,6,33,1,168.0,235.7775115966797,-3.243513822555542,-235.7552032470703,0.750625729560852,0.8901770114898682,0.9527910351753235,0.0,0.0,0.0,1.0,1.0
SNPT-109,21,24,0,61.0,221.91192626953125,-4.54982852935791,-221.8652801513672,1.4114881753921509,0.7578956484794617,0.9303719997406006,0.0,1.0,1.0,0.0,1.0
SNPT-159,17,24,0,123.0,304.529052734375,-11.608680725097656,304.3077087402344,0.8029646873474121,0.632964551448822,0.8800512552261353,0.0,1.0,1.0,0.0,1.0
SNPT-063,5,35,0,444.0,1892.637451171875,1888.753662109375,121.18657684326172,0.898635983467102,0.7539021968841553,0.9690670371055603,0.0,0.0,0.0,0.0,0.0
SNPT-060,15,30,1,129.0,140.85873413085938,37.49739456176758,135.77603149414062,0.748144805431366,0.923699140548706,0.9927988648414612,0.0,1.0,0.0,1.0,1.0
SNPT-161,24,37,0,585.0,247.39088439941406,11.167080879211426,-247.1387176513672,1.7715270519256592,0.6828076839447021,0.9674246311187744,0.0,0.0,0.0,1.0,1.0
SNPT-066,27,41,0,162.0,1897.9462890625,1896.7149658203125,-68.35624694824219,0.823616087436676,0.8792672753334045,0.9923411011695862,0.0,1.0,1.0,1.0,1.0
SNPT-105,18,29,0,321.0,1895.81396484375,-1893.94091796875,-84.25213623046875,1.1298043727874756,0.5904327630996704,0.9261665940284729,0.0,1.0,1.0,0.0,1.0
SNPT-168,18,23,1,187.0,141.54193115234375,-4.695306777954102,141.4640350341797,0.8472382426261902,0.7544803619384766,0.8963890671730042,0.0,0.0,0.0,1.0,1.0
SNPT-170,37,32,0,323.0,132.0135040283203,-4.503232002258301,131.93667602539062,0.8334406614303589,0.6799886226654053,0.9092056751251221,0.0,0.0,0.0,0.0,0.0
SNPT-160,3,29,0,323.0,107.42250061035156,7.638009071350098,-107.15061950683594,1.9166793823242188,0.790668249130249,0.915752112865448,0.0,1.0,1.0,1.0,1.0
SNPT-166,7,19,1,225.0,17.515260696411133,0.21199610829353333,17.513978958129883,0.8748994469642639,0.942838191986084,0.9775063395500183,0.0,0.0,0.0,1.0,1.0
SNPT-067,8,32,0,227.0,80.64840698242188,0.2549879848957062,-80.64800262451172,1.0665620565414429,0.9077576398849487,0.9666269421577454,0.0,0.0,0.0,0.0,0.0
SNPT-098,15,37,0,12.0,56.04805374145508,6.330843925476074,55.68935775756836,3.65147066116333,0.6766963005065918,0.8178740739822388,0.0,0.0,0.0,0.0,1.0
SNPT-101,32,37,0,62.0,12.993260383605957,-0.4388114809989929,12.985848426818848,0.9519460797309875,0.6666347980499268,0.8802886605262756,0.0,0.0,0.0,0.0,1.0
SNPT-154,21,39,0,167.0,33.90801239013672,-10.975133895874023,-32.08270263671875,1.290725827217102,0.7767479419708252,0.968258261680603,0.0,0.0,0.0,1.0,1.0
SNPT-163,26,35,0,29.0,1912.7783203125,-1875.7440185546875,374.5734558105469,0.4659656584262848,0.6358948349952698,0.8906485438346863,0.0,0.0,0.0,1.0,1.0
SNPT-067,17,24,0,9.0,1844.7137451171875,-1843.6514892578125,62.59497833251953,1.1467348337173462,0.6200008988380432,0.9156297445297241,0.0,0.0,0.0,0.0,0.0
SNPT-069,26,27,0,13.0,118.68022155761719,0.4208029806613922,-118.67948150634766,1.2055623531341553,0.730263352394104,0.8784281015396118,0.0,0.0,0.0,0.0,1.0
SNPT-101,11,45,1,74.0,10.831494331359863,5.918542861938477,9.071500778198242,0.9546261429786682,0.9276289939880371,0.98621666431427,0.0,0.0,0.0,1.0,1.0
SNPT-152,22,23,0,31.0,61.123844146728516,-10.70844554901123,-60.17851257324219,0.8481740355491638,0.5888736248016357,0.9235953688621521,0.0,0.0,0.0,0.0,1.0
SNPT-163,16,29,0,298.0,14.179516792297363,4.438061714172363,-13.467082977294922,1.0834137201309204,0.8735768795013428,0.9786978960037231,0.0,1.0,1.0,1.0,1.0
SNPT-159,17,32,0,219.0,1897.94873046875,-1896.608642578125,71.3077163696289,1.1492377519607544,0.7540186643600464,0.9351089000701904,0.0,0.0,0.0,1.0,1.0
SNPT-075,28,25,0,313.0,78.28095245361328,-2.6609644889831543,78.23571014404297,1.4120490550994873,0.7972779273986816,0.9312645792961121,0.0,0.0,0.0,1.0,1.0
SNPT-074,6,25,0,300.0,59.814537048339844,57.45353698730469,-16.639404296875,1.076097846031189,0.9345530271530151,0.9945086240768433,0.0,1.0,1.0,1.0,1.0
SNPT-076,23,24,0,185.0,142.4795684814453,-0.05486515164375305,-142.4795684814453,0.9538025856018066,0.7926139831542969,0.9368727207183838,0.0,0.0,0.0,0.0,1.0
SNPT-169,41,28,0,140.0,166.2263641357422,6.304233074188232,166.10678100585938,0.8609740138053894,0.6912329196929932,0.9252756237983704,0.0,0.0,0.0,0.0,1.0
SNPT-065,4,44,0,9.0,649.88134765625,-645.3868408203125,76.29931640625,0.6710238456726074,0.783661961555481,0.9473867416381836,0.0,0.0,0.0,0.0,1.0
SNPT-072,21,33,0,64.0,55.738121032714844,5.740973949432373,-55.441673278808594,0.8531743288040161,0.7788253426551819,0.8952410817146301,0.0,0.0,0.0,0.0,1.0
SNPT-113,27,29,0,177.0,375.71759033203125,-14.072132110595703,375.4539489746094,0.5229269862174988,0.7511298656463623,0.9303732514381409,0.0,0.0,0.0,1.0,1.0
SNPT-064,17,26,0,83.0,326.3251953125,-31.438095092773438,-324.8072814941406,2.8563568592071533,0.7449179887771606,0.9646475315093994,0.0,0.0,0.0,0.0,1.0
SNPT-098,23,32,0,185.0,1900.9627685546875,-1895.652587890625,-141.9890899658203,0.9629210829734802,0.6793156266212463,0.8600144386291504,0.0,1.0,0.0,1.0,1.0
SNPT-159,56,37,0,264.0,1980.0784912109375,1898.533935546875,562.3876342773438,0.5825955271720886,0.7066380977630615,0.9040497541427612,0.0,1.0,0.0,0.0,1.0
SNPT-072,2,32,0,447.0,1898.2086181640625,1897.294189453125,-58.912208557128906,0.9553803205490112,0.8570602536201477,0.895163357257843,0.0,0.0,0.0,1.0,1.0
SNPT-074,7,29,0,283.0,1890.4000244140625,1889.4871826171875,-58.74351119995117,1.176145315170288,0.6482681632041931,0.9111952781677246,0.0,0.0,0.0,1.0,1.0
SNPT-159,8,41,0,175.0,259.5061950683594,-12.524121284484863,-259.20379638671875,1.7606600522994995,0.8748198747634888,0.9749306440353394,0.0,0.0,0.0,1.0,1.0
SNPT-170,39,30,0,105.0,1093.8787841796875,1092.158203125,61.32959747314453,0.61773681640625,0.6468073129653931,0.9171962141990662,0.0,0.0,0.0,0.0,1.0
SNPT-108,8,33,0,626.0,1903.8089599609375,1877.4927978515625,315.4508361816406,0.5544838905334473,0.7766823768615723,0.9807168245315552,0.0,0.0,0.0,1.0,1.0
SNPT-169,41,16,1,63.0,90.96833038330078,-3.6957669258117676,-90.89322662353516,1.4463164806365967,0.7835557460784912,0.978966236114502,0.0,0.0,0.0,1.0,1.0
SNPT-164,24,29,0,39.0,1909.707763671875,1901.7198486328125,174.4859161376953,0.6578920483589172,0.481445848941803,0.925021767616272,0.0,0.0,0.0,0.0,0.0
SNPT-161,28,39,0,476.0,202.5626678466797,-3.6651198863983154,-202.52951049804688,1.8103039264678955,0.645147442817688,0.9023674726486206,0.0,0.0,0.0,0.0,1.0
SNPT-066,49,23,0,9.0,138.89012145996094,-130.40696716308594,-47.79629135131836,1.5892246961593628,0.8313456177711487,0.9572640061378479,1.0,0.0,0.0,0.0,1.0
SNPT-066,43,42,0,515.0,131.16421508789062,10.006443977355957,-130.78196716308594,1.4371812343597412,0.7897498607635498,0.9166539907455444,0.0,0.0,0.0,0.0,0.0
SNPT-158,13,34,0,259.0,258.0750427246094,-8.80561351776123,257.9247741699219,0.7201294898986816,0.8560090065002441,0.9706130623817444,0.0,0.0,0.0,1.0,1.0
SNPT-110,40,20,0,156.0,1901.2451171875,-1889.4288330078125,-211.64064025878906,1.0237194299697876,0.7573567628860474,0.9005644917488098,0.0,1.0,0.0,0.0,1.0
SNPT-066,5,39,1,329.0,764.593994140625,764.5193481445312,-10.687190055847168,1.1730979681015015,0.9683602452278137,0.9668187499046326,1.0,0.0,1.0,1.0,1.0
SNPT-157,19,32,1,67.0,535.9386596679688,-499.871337890625,193.28448486328125,1.112969994544983,0.952054500579834,0.9854057431221008,1.0,0.0,1.0,1.0,1.0
SNPT-105,8,32,0,183.0,1902.10546875,1901.22705078125,57.798946380615234,0.7707192301750183,0.6550804376602173,0.9060618877410889,0.0,1.0,1.0,0.0,1.0
SNPT-071,13,25,0,147.0,608.22021484375,607.73095703125,24.390167236328125,0.6676627397537231,0.8790274858474731,0.9645701050758362,0.0,1.0,1.0,0.0,0.0
SNPT-071,5,23,0,146.0,1004.0687866210938,-1000.8207397460938,80.69662475585938,0.6266452074050903,0.8722901344299316,0.952319324016571,0.0,1.0,1.0,1.0,1.0
SNPT-164,2,31,0,90.0,383.4194030761719,9.237531661987305,383.30810546875,0.8259112238883972,0.6969589591026306,0.9175251126289368,0.0,1.0,1.0,0.0,1.0
SNPT-103,30,23,0,60.0,49.677635192871094,8.43903923034668,-48.955589294433594,1.2965465784072876,0.6714180111885071,0.8577083349227905,0.0,1.0,1.0,0.0,1.0
SNPT-161,10,34,0,483.0,1900.79150390625,1896.8382568359375,-122.52918243408203,0.8782770037651062,0.8395787477493286,0.875154435634613,0.0,0.0,0.0,1.0,1.0
SNPT-073,1,24,1,126.0,49.27507781982422,-0.19745983183383942,49.27468490600586,0.9615572094917297,0.9544000625610352,0.9790966510772705,1.0,0.0,1.0,1.0,1.0
SNPT-075,28,30,0,96.0,125.65202331542969,-7.175784587860107,125.44695281982422,0.7763131260871887,0.8156912326812744,0.9888461232185364,0.0,0.0,0.0,1.0,1.0
SNPT-159,20,41,0,329.0,1908.2978515625,1876.4383544921875,-347.24627685546875,2.337846040725708,0.733269989490509,0.9295522570610046,0.0,0.0,0.0,1.0,1.0
SNPT-159,14,39,1,193.0,146.92918395996094,22.643333435058594,-145.1739044189453,1.1894514560699463,0.949196457862854,0.975138247013092,0.0,0.0,0.0,1.0,1.0
SNPT-170,3,32,0,297.0,540.488037109375,513.06884765625,169.96376037597656,0.595831036567688,0.7043627500534058,0.9283265471458435,0.0,0.0,0.0,0.0,1.0
SNPT-068,16,29,1,492.0,156.3983917236328,-1.05487859249115,156.3948211669922,0.936915934085846,0.9251407384872437,0.9639790058135986,0.0,0.0,0.0,1.0,0.0
SNPT-103,19,24,0,106.0,1917.4942626953125,1900.916259765625,251.59873962402344,1.2696375846862793,0.708098292350769,0.9261550903320312,0.0,0.0,0.0,0.0,0.0
SNPT-113,27,32,1,192.0,24.541595458984375,-2.072131872177124,24.453960418701172,0.964399516582489,0.9240206480026245,0.9847155809402466,0.0,0.0,0.0,1.0,1.0
SNPT-157,22,39,0,305.0,44.20591354370117,29.526592254638672,32.898983001708984,1.0906544923782349,0.4765092730522156,0.9141368865966797,0.0,1.0,0.0,0.0,1.0
SNPT-160,6,20,1,246.0,48.47780227661133,-11.12395191192627,47.18426513671875,1.0522778034210205,0.9092483520507812,0.965213418006897,0.0,0.0,0.0,1.0,1.0
SNPT-114,13,17,0,132.0,238.89944458007812,-11.15500545501709,238.6388702392578,0.7671410441398621,0.7431498169898987,0.9119415283203125,0.0,0.0,0.0,1.0,1.0
SNPT-167,34,10,1,64.0,207.64096069335938,-3.85225510597229,207.605224609375,1.607585072517395,0.8510773181915283,0.9732149243354797,1.0,0.0,1.0,1.0,1.0
SNPT-069,3,18,0,3.0,1896.193359375,1896.1861572265625,5.213633060455322,1.0836149454116821,0.7293839454650879,0.9540334939956665,0.0,0.0,0.0,0.0,1.0
SNPT-169,24,33,0,1.0,98.40956115722656,96.76128387451172,17.93586540222168,0.7995994687080383,0.7690421938896179,0.9404223561286926,0.0,0.0,0.0,1.0,1.0
SNPT-161,29,39,0,135.0,1901.185302734375,1898.37158203125,-103.39759826660156,1.0087206363677979,0.7002788186073303,0.9592925906181335,0.0,0.0,0.0,0.0,1.0
SNPT-075,31,23,0,85.0,67.78919982910156,-2.2455332279205322,-67.75199890136719,1.0734330415725708,0.695467472076416,0.9309961199760437,0.0,0.0,0.0,0.0,1.0
SNPT-111,43,44,1,14.0,13.948813438415527,-3.9626951217651367,13.374096870422363,0.1760905683040619,0.5770021080970764,0.8789055347442627,0.0,0.0,0.0,1.0,1.0
SNPT-166,21,25,0,115.0,88.80584716796875,-3.2539026737213135,-88.74620819091797,1.1692928075790405,0.8529694080352783,0.9819844961166382,0.0,0.0,0.0,1.0,1.0
SNPT-066,27,42,0,195.0,1902.631103515625,1900.2149658203125,-95.85624694824219,0.970889687538147,0.7900798320770264,0.964497447013855,0.0,0.0,0.0,0.0,0.0
SNPT-114,9,30,0,480.0,1895.156005859375,-1868.2894287109375,-317.9797058105469,1.4275710582733154,0.7092365026473999,0.9445218443870544,0.0,0.0,0.0,0.0,0.0
SNPT-063,29,35,0,93.0,1896.8572998046875,1896.5302734375,35.216400146484375,1.0450714826583862,0.7291674017906189,0.9283080697059631,0.0,0.0,0.0,0.0,1.0
SNPT-075,28,32,0,79.0,7.253304958343506,-5.422077655792236,-4.817831993103027,1.1373353004455566,0.6595127582550049,0.9113866090774536,0.0,0.0,0.0,0.0,1.0
SNPT-061,5,32,0,425.0,159.56837463378906,-3.919353723526001,159.52023315429688,0.9580954313278198,0.9154421091079712,0.9951767325401306,0.0,1.0,1.0,1.0,1.0
SNPT-154,52,44,0,67.0,111.5596694946289,39.58121109008789,104.30191040039062,0.9976471066474915,0.7325361371040344,0.9455167651176453,0.0,0.0,0.0,0.0,1.0
SNPT-063,20,34,1,194.0,28.50802230834961,-5.791512489318848,-27.91353988647461,0.9780129194259644,0.9559282064437866,0.9925246238708496,1.0,0.0,1.0,1.0,1.0
SNPT-154,13,45,0,315.0,1878.621337890625,-1877.6114501953125,61.59054946899414,1.1066324710845947,0.7261404991149902,0.9169548153877258,0.0,0.0,0.0,0.0,1.0
SNPT-064,16,33,1,402.0,34.43882369995117,-4.823163032531738,-34.09941101074219,1.6154277324676514,0.8942571878433228,0.9292267560958862,1.0,0.0,1.0,1.0,1.0
SNPT-162,4,40,1,123.0,33.708885192871094,2.048740863800049,33.64657211303711,1.3079819679260254,0.8986039161682129,0.974388599395752,0.0,0.0,0.0,1.0,0.0
SNPT-157,1,37,0,403.0,1894.0,1893.5126953125,-42.96038818359375,0.8971251249313354,0.6314483880996704,0.9297693371772766,0.0,0.0,0.0,0.0,1.0
SNPT-159,7,38,1,182.0,282.109130859375,201.4014129638672,-197.54248046875,2.0023231506347656,0.836386501789093,0.943118155002594,0.0,0.0,0.0,1.0,1.0
SNPT-070,22,29,0,4.0,1912.1190185546875,-1902.23583984375,194.1591339111328,0.9482765793800354,0.6520736217498779,0.9287869334220886,0.0,0.0,0.0,1.0,0.0
SNPT-162,18,37,1,179.0,157.85116577148438,137.3470916748047,77.79951477050781,1.2666423320770264,0.9101525545120239,0.985616147518158,0.0,0.0,0.0,1.0,1.0
SNPT-070,34,11,0,163.0,51.675453186035156,2.4773294925689697,-51.61603546142578,0.5621651411056519,0.7998080253601074,0.956756055355072,0.0,0.0,0.0,0.0,1.0
SNPT-159,52,37,0,331.0,552.091796875,-10.487381935119629,551.9921875,0.5951892733573914,0.7185724377632141,0.9171448349952698,0.0,1.0,1.0,1.0,1.0
SNPT-170,6,38,0,87.0,152.91246032714844,11.376124382019043,-152.4886932373047,0.9128351807594299,0.712063193321228,0.9836726188659668,0.0,0.0,0.0,1.0,1.0
SNPT-097,27,24,0,410.0,118.48640441894531,-8.94114875793457,-118.14856719970703,1.134521245956421,0.71190345287323,0.8993043899536133,0.0,1.0,1.0,0.0,1.0
SNPT-159,53,37,0,166.0,438.4985046386719,5.391782283782959,438.46533203125,0.5939629077911377,0.7180293798446655,0.9041900038719177,0.0,0.0,0.0,1.0,1.0
SNPT-154,2,50,0,97.0,1865.451416015625,1862.7586669921875,-100.1938247680664,1.5676226615905762,0.7574251294136047,0.911895751953125,0.0,0.0,0.0,1.0,0.0
SNPT-155,8,21,1,80.0,56.35892868041992,-16.706911087036133,-53.82571792602539,0.7805761694908142,0.9555761218070984,0.9882814884185791,1.0,0.0,1.0,1.0,0.0
SNPT-159,1,31,0,346.0,41.641056060791016,40.40329360961914,10.077277183532715,1.2625113725662231,0.8896125555038452,0.9457759857177734,0.0,1.0,0.0,1.0,0.0
SNPT-066,13,48,0,7.0,199.18975830078125,-173.28341674804688,-98.23146057128906,2.2692179679870605,0.8921269178390503,0.9606532454490662,0.0,0.0,0.0,1.0,1.0
SNPT-100,4,24,0,97.0,418.0003967285156,-16.828880310058594,417.6614990234375,0.5540881752967834,0.6827539205551147,0.9457650184631348,0.0,0.0,0.0,1.0,1.0
SNPT-063,14,27,1,112.0,31.231014251708984,1.2709038257598877,31.20514488220215,0.995163083076477,0.9750418663024902,0.9782034158706665,1.0,0.0,1.0,1.0,1.0
SNPT-169,3,36,0,250.0,1915.905029296875,-1912.7020263671875,110.73859405517578,0.899718701839447,0.8300886750221252,0.9884374141693115,0.0,1.0,1.0,1.0,1.0
SNPT-169,9,35,0,297.0,90.4764404296875,-6.025533199310303,90.27557373046875,0.9230556488037109,0.9218443632125854,0.9829084277153015,0.0,1.0,1.0,1.0,0.0
SNPT-111,2,40,0,139.0,1891.768798828125,-1888.054931640625,118.48121643066406,4.190530300140381,0.5250087976455688,0.8113771080970764,0.0,0.0,0.0,1.0,1.0
SNPT-072,26,30,0,198.0,1902.0220947265625,-1901.78271484375,30.180164337158203,1.0470035076141357,0.6510235071182251,0.8916074633598328,0.0,0.0,0.0,0.0,0.0
SNPT-063,6,23,0,82.0,93.91407012939453,-2.682720422744751,-93.87574768066406,1.3501297235488892,0.8069149255752563,0.9771914482116699,0.0,0.0,0.0,1.0,1.0
SNPT-154,49,54,0,161.0,131.71047973632812,7.979079246520996,131.46856689453125,1.0830692052841187,0.9368590712547302,0.9878753423690796,0.0,1.0,1.0,1.0,1.0
SNPT-101,4,39,1,442.0,1893.9794921875,-1893.5010986328125,42.56765365600586,1.0138404369354248,0.9434625506401062,0.9816792607307434,0.0,0.0,0.0,1.0,1.0
SNPT-160,6,28,0,385.0,144.77496337890625,-5.123951435089111,144.68426513671875,1.0019114017486572,0.8564417958259583,0.98615562915802,0.0,0.0,0.0,1.0,1.0
SNPT-061,1,27,0,281.0,1898.014404296875,1892.95751953125,138.4578399658203,0.9215054512023926,0.6107903718948364,0.9118740558624268,0.0,0.0,0.0,0.0,0.0
SNPT-065,7,29,1,105.0,61.95158767700195,27.75142478942871,55.38824462890625,0.6743794679641724,0.9581466913223267,0.9667286276817322,1.0,0.0,1.0,1.0,1.0
SNPT-072,24,35,1,159.0,53.532997131347656,27.922958374023438,45.673736572265625,0.7536965608596802,0.9760479927062988,0.9894019961357117,1.0,0.0,0.0,1.0,1.0
SNPT-110,37,15,0,156.0,228.90133666992188,5.664381980895996,228.83123779296875,1.764616847038269,0.7735773324966431,0.9612157344818115,0.0,0.0,0.0,1.0,1.0
SNPT-109,37,38,0,25.0,33.20029067993164,2.369553565979004,33.115623474121094,0.8717867732048035,0.8746522068977356,0.9640509486198425,0.0,0.0,0.0,0.0,0.0
SNPT-111,38,32,0,379.0,347.3977355957031,-1.4718397855758667,347.3946228027344,0.7716488838195801,0.8354490995407104,0.9467145800590515,0.0,0.0,0.0,1.0,1.0
SNPT-064,38,39,0,192.0,1900.4149169921875,1895.4456787109375,-137.340576171875,0.49917057156562805,0.8894811868667603,0.9186027646064758,0.0,1.0,1.0,1.0,1.0
SNPT-155,18,20,1,71.0,28.644832611083984,-0.32403481006622314,28.64299964904785,1.206140398979187,0.9212079048156738,0.9778995513916016,0.0,0.0,0.0,1.0,1.0
SNPT-154,10,21,0,26.0,1882.9254150390625,1882.38671875,45.040958404541016,1.0611934661865234,0.8796144127845764,0.9737067222595215,0.0,1.0,0.0,1.0,1.0
SNPT-167,30,31,1,37.0,18.013792037963867,6.0503363609313965,16.967327117919922,1.0060153007507324,0.9465525150299072,0.9853981137275696,1.0,0.0,1.0,1.0,1.0
SNPT-101,7,16,0,34.0,1906.91650390625,-1905.3187255859375,78.04419708251953,0.8529837727546692,0.7485682964324951,0.9305035471916199,0.0,0.0,0.0,0.0,1.0
SNPT-063,4,41,0,557.0,191.88075256347656,67.95989227294922,-179.44268798828125,1.6127982139587402,0.8063290119171143,0.9798159003257751,0.0,0.0,0.0,1.0,1.0
SNPT-159,54,31,0,147.0,1865.452392578125,-1860.982177734375,129.06581115722656,0.8698210716247559,0.743894636631012,0.9682731628417969,0.0,1.0,0.0,1.0,1.0
SNPT-111,1,40,0,239.0,693.891357421875,-640.3256225585938,-267.3355407714844,0.6166947484016418,0.9172804355621338,0.966727077960968,0.0,0.0,0.0,1.0,1.0
SNPT-098,14,33,0,246.0,378.0748596191406,1.6402740478515625,378.0713195800781,0.4853253960609436,0.7035697102546692,0.9079934358596802,0.0,1.0,1.0,0.0,1.0
SNPT-101,4,30,0,110.0,362.5800476074219,2.998913288116455,362.5676574707031,0.789309024810791,0.6795970797538757,0.8845933675765991,0.0,1.0,1.0,0.0,1.0
SNPT-109,8,33,0,166.0,1951.1885986328125,-1895.6114501953125,-462.378662109375,1.1317681074142456,0.8458338975906372,0.9380831122398376,0.0,0.0,0.0,1.0,1.0
SNPT-067,11,34,1,534.0,278.2410888671875,-7.378745079040527,278.1432189941406,0.5403125882148743,0.8320329189300537,0.9719440937042236,1.0,0.0,1.0,1.0,1.0
SNPT-109,37,33,1,471.0,65.17559814453125,6.2156524658203125,64.87853240966797,0.850922703742981,0.7757547497749329,0.9426712393760681,0.0,0.0,0.0,1.0,0.0
SNPT-101,23,32,0,20.0,1888.922607421875,1888.6494140625,32.120689392089844,1.2211341857910156,0.6746373176574707,0.8505455851554871,0.0,1.0,1.0,0.0,1.0
SNPT-160,18,32,0,241.0,1900.3955078125,1897.550537109375,-103.94792175292969,1.3386688232421875,0.7017905116081238,0.9350034594535828,0.0,1.0,1.0,0.0,1.0
SNPT-154,12,37,0,266.0,1893.8555908203125,1892.531494140625,70.8077621459961,1.0556896924972534,0.7473076581954956,0.9515518546104431,0.0,1.0,0.0,0.0,0.0
SNPT-101,12,33,0,319.0,85.90658569335938,-4.832154273986816,85.77057647705078,0.8637396097183228,0.8480935096740723,0.9760087728500366,0.0,0.0,0.0,1.0,1.0
SNPT-108,11,36,0,343.0,14.132949829101562,-6.815781593322754,-12.380846977233887,1.399403691291809,0.6167852878570557,0.9433457255363464,0.0,0.0,0.0,0.0,1.0
SNPT-159,21,25,0,16.0,79.88043975830078,1.9243651628494263,-79.85725402832031,1.168180227279663,0.501998782157898,0.9154197573661804,0.0,0.0,0.0,0.0,1.0
SNPT-111,14,31,0,351.0,192.60098266601562,5.2410430908203125,192.5296630859375,0.8583530783653259,0.6854108572006226,0.9817659258842468,0.0,0.0,0.0,1.0,1.0
SNPT-074,1,26,1,617.0,89.1782455444336,6.198665142059326,-88.96255493164062,0.749305009841919,0.8996516466140747,0.9829046130180359,0.0,0.0,0.0,1.0,1.0
SNPT-111,42,31,0,287.0,41.58797836303711,3.5280075073242188,-41.43806076049805,0.2365145981311798,0.6046849489212036,0.8615830540657043,0.0,0.0,0.0,0.0,1.0
SNPT-166,15,20,1,116.0,20.804330825805664,-0.5314075946807861,20.797542572021484,0.914089024066925,0.9623149633407593,0.9862686395645142,1.0,0.0,1.0,1.0,1.0
SNPT-114,3,31,1,496.0,250.1927032470703,-9.570695877075195,250.00958251953125,0.7768493890762329,0.8943498134613037,0.9141721129417419,1.0,0.0,1.0,1.0,1.0
SNPT-156,19,24,1,1.0,5.096004009246826,5.092411518096924,-0.1913079172372818,0.9879270792007446,0.693192720413208,0.8643474578857422,0.0,0.0,0.0,0.0,1.0
SNPT-154,12,25,0,74.0,194.8883056640625,15.031478881835938,194.30775451660156,0.8172779083251953,0.8164899349212646,0.9694968461990356,0.0,1.0,1.0,0.0,0.0
SNPT-064,38,41,1,3.0,1.5087940692901611,1.273684024810791,0.8088191747665405,0.5478406548500061,0.9499277472496033,0.9696865081787109,1.0,0.0,1.0,1.0,1.0
SNPT-159,23,49,0,268.0,1902.962890625,-1899.0447998046875,-122.05248260498047,1.286482810974121,0.708765983581543,0.9781811237335205,0.0,0.0,0.0,1.0,1.0
SNPT-101,4,32,0,134.0,83.12177276611328,2.998913288116455,83.0676498413086,0.9739652276039124,0.8547025322914124,0.9929046034812927,0.0,1.0,1.0,1.0,1.0
SNPT-154,12,46,0,415.0,28.454355239868164,6.031479358673096,27.807762145996094,1.9524648189544678,0.8144465684890747,0.9499717950820923,0.0,0.0,0.0,0.0,0.0
SNPT-154,7,42,0,404.0,27.45850944519043,8.144913673400879,26.222702026367188,1.4580715894699097,0.7878456115722656,0.9345995187759399,0.0,0.0,0.0,1.0,1.0
SNPT-065,2,39,0,307.0,56.724979400634766,-19.808216094970703,-53.15409469604492,0.5252727270126343,0.8851970434188843,0.8640094995498657,0.0,1.0,1.0,1.0,1.0
SNPT-098,2,11,1,92.0,112.12014770507812,-6.477402210235596,-111.9328842163086,1.2114228010177612,0.918971061706543,0.9868851900100708,0.0,0.0,0.0,1.0,1.0
SNPT-113,20,32,0,351.0,1901.294677734375,1898.13720703125,109.52898406982422,0.9071483016014099,0.5442191958427429,0.8892215490341187,0.0,0.0,0.0,0.0,1.0
SNPT-159,9,31,1,348.0,34.22707748413086,34.222129821777344,-0.5821402072906494,1.3416507244110107,0.8860953450202942,0.8950003981590271,0.0,1.0,0.0,1.0,1.0
SNPT-070,1,30,0,459.0,115.72338104248047,-8.597264289855957,-115.4035873413086,2.019050121307373,0.7585962414741516,0.9212279915809631,0.0,1.0,1.0,0.0,1.0
SNPT-102,14,23,0,129.0,282.5230407714844,5.610281467437744,282.4673156738281,0.34664681553840637,0.5271897912025452,0.9466936588287354,0.0,0.0,0.0,1.0,1.0
SNPT-157,8,9,1,101.0,23.752077102661133,-6.390246391296387,22.876317977905273,0.6336551904678345,0.8420886993408203,0.9422475695610046,0.0,0.0,0.0,1.0,0.0
SNPT-170,12,31,0,275.0,1548.55126953125,1548.0955810546875,37.56843185424805,0.9959781765937805,0.612857460975647,0.9001893401145935,0.0,0.0,0.0,0.0,1.0
SNPT-162,1,27,0,66.0,1912.26904296875,-1898.0274658203125,232.94711303710938,1.3147343397140503,0.9437598586082458,0.9808672666549683,0.0,1.0,1.0,1.0,1.0
SNPT-159,59,37,1,33.0,32.83831787109375,-4.006049633026123,-32.59304428100586,1.027726650238037,0.9149954915046692,0.95418781042099,1.0,0.0,1.0,1.0,1.0
SNPT-157,2,21,0,33.0,1900.886474609375,1891.775390625,185.89076232910156,0.6586481928825378,0.6432594060897827,0.8973586559295654,0.0,0.0,0.0,0.0,0.0
SNPT-073,18,36,0,488.0,1907.896484375,-1906.453125,-74.19784545898438,1.3307808637619019,0.7008423805236816,0.9537064433097839,0.0,0.0,0.0,0.0,1.0
SNPT-151,10,39,1,251.0,111.70632934570312,1.7600380182266235,111.69245910644531,1.1352828741073608,0.9086198806762695,0.9791756868362427,1.0,0.0,1.0,1.0,1.0
SNPT-066,43,39,0,393.0,235.76004028320312,15.006443977355957,-235.28196716308594,1.2436037063598633,0.868405818939209,0.9485521912574768,0.0,1.0,1.0,1.0,1.0
SNPT-069,3,25,0,455.0,1880.5589599609375,1879.6861572265625,-57.2863655090332,0.8591959476470947,0.6679483652114868,0.9440737366676331,0.0,0.0,0.0,0.0,1.0
SNPT-162,28,39,0,27.0,1929.03076171875,1901.81494140625,322.892333984375,0.7011367082595825,0.6394898891448975,0.9085326194763184,0.0,0.0,0.0,0.0,0.0
SNPT-109,4,33,0,7.0,1886.027099609375,-1886.009521484375,-8.150049209594727,0.9334400296211243,0.6263553500175476,0.9047409892082214,0.0,0.0,0.0,0.0,1.0
SNPT-159,4,41,0,312.0,1904.2366943359375,1890.534912109375,-228.02488708496094,1.974255084991455,0.8354111313819885,0.9678573608398438,0.0,0.0,0.0,1.0,1.0
SNPT-098,34,31,0,153.0,502.24652099609375,394.1312255859375,311.3071594238281,1.2268996238708496,0.6921788454055786,0.8006986975669861,0.0,1.0,1.0,0.0,1.0
SNPT-159,34,39,0,164.0,34.49964141845703,-7.428640365600586,-33.690364837646484,0.8445788025856018,0.6697375774383545,0.9677362442016602,0.0,0.0,0.0,1.0,1.0
SNPT-162,12,42,0,146.0,107.3973617553711,10.042608261108398,-106.92679595947266,1.1059226989746094,0.8529239892959595,0.9746712446212769,0.0,1.0,0.0,1.0,1.0
SNPT-068,25,30,1,249.0,23.37748908996582,2.2449913024902344,23.26944351196289,1.0585811138153076,0.8481525778770447,0.9271156787872314,0.0,0.0,0.0,1.0,1.0
SNPT-113,14,22,0,96.0,1903.7574462890625,-1900.7783203125,-106.46068572998047,1.318698763847351,0.7053472995758057,0.9570931792259216,0.0,1.0,1.0,1.0,1.0
SNPT-154,12,27,1,82.0,114.23577880859375,14.531478881835938,113.3077621459961,1.038887619972229,0.9248818159103394,0.9676446318626404,0.0,1.0,1.0,0.0,0.0
SNPT-064,42,16,0,378.0,203.80416870117188,-30.776216506958008,-201.46702575683594,0.7276551723480225,0.7869867086410522,0.9067178964614868,0.0,0.0,0.0,1.0,0.0
SNPT-109,23,29,1,155.0,404.10980224609375,7.333983898162842,404.0432434082031,0.7173976898193359,0.7776156663894653,0.9624772667884827,0.0,0.0,0.0,1.0,1.0
SNPT-164,3,31,0,316.0,619.3447265625,8.28706169128418,619.289306640625,0.3821943402290344,0.6221636533737183,0.8960081934928894,0.0,0.0,0.0,0.0,0.0
SNPT-065,43,27,0,28.0,137.79739379882812,17.333837509155273,-136.70281982421875,0.9219385981559753,0.8221685886383057,0.9668936133384705,0.0,1.0,0.0,0.0,1.0
SNPT-063,4,50,0,373.0,1884.0596923828125,1883.5230712890625,-44.965599060058594,1.2649717330932617,0.9434657096862793,0.9932398200035095,0.0,1.0,1.0,1.0,1.0
SNPT-163,18,30,0,44.0,1899.8018798828125,-1888.772705078125,-204.41275024414062,1.2840754985809326,0.867484986782074,0.9844045042991638,0.0,1.0,1.0,1.0,1.0
SNPT-154,52,47,0,76.0,122.952392578125,6.081211090087891,122.80191040039062,1.1782031059265137,0.8393265008926392,0.983573317527771,0.0,0.0,0.0,1.0,1.0
SNPT-169,8,45,0,158.0,303.690673828125,13.288947105407715,-303.3997802734375,1.6345430612564087,0.8467749953269958,0.9802680015563965,0.0,0.0,0.0,1.0,0.0
SNPT-154,49,37,1,194.0,28.39393424987793,7.591269016265869,27.36033821105957,0.9880834221839905,0.9220817685127258,0.9663692712783813,1.0,0.0,0.0,1.0,1.0
SNPT-108,31,35,0,78.0,218.28244018554688,-6.774205207824707,-218.1772918701172,2.0417561531066895,0.6452113389968872,0.8832027316093445,0.0,1.0,0.0,0.0,1.0
SNPT-060,7,25,0,133.0,92.95571899414062,1.023229718208313,-92.95008850097656,1.1382604837417603,0.9464479088783264,0.9941542148590088,0.0,1.0,1.0,1.0,1.0
SNPT-098,34,29,1,88.0,61.98345184326172,9.1312255859375,61.30717086791992,0.7726373672485352,0.8471379280090332,0.9483101963996887,1.0,0.0,1.0,1.0,1.0
SNPT-158,3,26,1,123.0,42.26442337036133,-3.7275075912475586,42.099727630615234,0.7176195383071899,0.8572418093681335,0.9654713869094849,0.0,0.0,0.0,1.0,1.0
SNPT-068,11,35,0,126.0,253.18272399902344,-2.1104986667633057,-253.17393493652344,0.8643139600753784,0.8458828926086426,0.9448121190071106,0.0,0.0,0.0,0.0,1.0
SNPT-063,5,24,0,133.0,91.47405242919922,-7.246336460113525,91.18657684326172,1.1421834230422974,0.8601192831993103,0.9734705686569214,0.0,1.0,1.0,1.0,0.0
SNPT-159,52,23,0,36.0,94.96730041503906,-9.487381935119629,94.4922103881836,0.9152541160583496,0.770593523979187,0.98275226354599,0.0,0.0,0.0,1.0,1.0
SNPT-073,11,23,1,103.0,37.081886291503906,4.6881537437438965,-36.784339904785156,0.5688223242759705,0.8503354787826538,0.9741528034210205,0.0,0.0,0.0,1.0,1.0
SNPT-101,8,21,0,205.0,1891.1375732421875,-1890.861328125,32.32587814331055,1.1406991481781006,0.5575090050697327,0.927964985370636,0.0,0.0,0.0,0.0,1.0
SNPT-110,43,46,1,1.0,31.963720321655273,-0.9040781259536743,-31.9509334564209,0.7019122242927551,0.8796373605728149,0.9841710329055786,1.0,0.0,0.0,1.0,0.0
SNPT-163,40,12,0,14.0,87.8487548828125,19.952333450317383,-85.5529556274414,0.9302088618278503,0.6972579956054688,0.9436149001121521,0.0,0.0,0.0,1.0,1.0
SNPT-166,17,29,0,128.0,299.8190002441406,5.018943786621094,-299.7770080566406,1.5847188234329224,0.7655831575393677,0.9150200486183167,0.0,0.0,0.0,0.0,1.0
SNPT-073,14,33,0,298.0,89.38480377197266,2.4354162216186523,89.35162353515625,1.1267389059066772,0.5979206562042236,0.9551592469215393,0.0,0.0,0.0,0.0,1.0
SNPT-072,22,25,0,54.0,1908.4432373046875,1905.123291015625,112.52023315429688,0.7653542160987854,0.7497267127037048,0.9443880319595337,0.0,1.0,1.0,0.0,1.0
SNPT-066,7,30,0,1.0,692.7852172851562,692.7825927734375,-1.8926243782043457,1.8248873949050903,0.8402557969093323,0.9169797301292419,0.0,1.0,1.0,1.0,1.0
SNPT-060,15,32,0,142.0,121.70002746582031,41.99739456176758,-114.2239761352539,0.8795409798622131,0.9594659805297852,0.9952358603477478,0.0,1.0,0.0,1.0,1.0
SNPT-108,9,15,0,110.0,43.244529724121094,7.408153533935547,42.60526657104492,0.7010452151298523,0.6387308835983276,0.9296389818191528,0.0,0.0,0.0,0.0,1.0
SNPT-074,3,24,0,236.0,1890.1158447265625,1889.8985595703125,-28.656179428100586,0.6796640157699585,0.6177910566329956,0.9001170992851257,0.0,0.0,0.0,1.0,1.0
SNPT-111,13,31,0,538.0,54.576839447021484,13.812124252319336,52.80015563964844,1.2003026008605957,0.690407395362854,0.8670819997787476,0.0,0.0,0.0,0.0,1.0
SNPT-073,1,30,0,462.0,1226.50537109375,-1217.697509765625,-146.72531127929688,1.7422422170639038,0.8660003542900085,0.9688971042633057,0.0,0.0,0.0,1.0,1.0
SNPT-102,3,25,1,155.0,135.03372192382812,3.7055110931396484,134.9828643798828,0.6072131395339966,0.8798007369041443,0.9709205627441406,1.0,0.0,0.0,1.0,1.0
SNPT-101,6,40,1,648.0,1900.9822998046875,-1900.6202392578125,37.09557342529297,0.9628658294677734,0.9238433837890625,0.9839038252830505,0.0,0.0,0.0,1.0,1.0
SNPT-070,1,26,1,408.0,125.37753295898438,-15.597264289855957,-124.4035873413086,1.9526329040527344,0.9041173458099365,0.9711571335792542,1.0,0.0,1.0,1.0,1.0
SNPT-162,15,37,0,119.0,329.75970458984375,7.51970911026001,-329.6739501953125,1.4231336116790771,0.7033839225769043,0.9230501651763916,0.0,0.0,0.0,0.0,1.0
SNPT-155,1,25,0,247.0,351.17791748046875,0.563763439655304,-351.1774597167969,1.3241932392120361,0.65103679895401,0.9082375764846802,0.0,1.0,1.0,0.0,1.0
SNPT-098,11,37,0,274.0,1919.3798828125,1898.556884765625,281.9593811035156,2.537601947784424,0.6915491223335266,0.8913412094116211,0.0,0.0,0.0,1.0,1.0
SNPT-170,2,26,0,1.0,1354.8675537109375,-1345.409423828125,159.81175231933594,0.8219970464706421,0.820480227470398,0.9928145408630371,0.0,0.0,0.0,1.0,1.0
SNPT-170,35,32,1,299.0,627.6051635742188,604.5473022460938,168.5550994873047,0.8118919134140015,0.8738869428634644,0.971367597579956,1.0,0.0,1.0,1.0,1.0
SNPT-073,14,31,0,285.0,422.23272705078125,17.935415267944336,421.85162353515625,0.6912190318107605,0.691909909248352,0.981959879398346,0.0,0.0,0.0,1.0,1.0
SNPT-164,18,26,0,73.0,10.922633171081543,-8.734766006469727,6.558032512664795,1.1579715013504028,0.7306549549102783,0.9043546319007874,0.0,1.0,1.0,0.0,1.0
SNPT-154,51,38,0,273.0,1882.5406494140625,1882.469482421875,16.368206024169922,1.330979824066162,0.6780267357826233,0.8887612819671631,0.0,0.0,0.0,0.0,1.0
SNPT-164,15,29,0,279.0,638.5289306640625,623.0809936523438,139.6038818359375,0.937624990940094,0.6806696653366089,0.94448322057724,0.0,0.0,0.0,1.0,1.0
SNPT-064,37,27,0,47.0,53.010902404785156,3.705824851989746,52.8812141418457,2.093933582305908,0.8609294891357422,0.9686070084571838,0.0,1.0,0.0,0.0,1.0
SNPT-114,4,29,0,272.0,1893.6204833984375,-1880.4837646484375,222.66357421875,0.9078278541564941,0.8116204738616943,0.9039052724838257,0.0,1.0,0.0,1.0,1.0
SNPT-099,14,27,0,214.0,101.51841735839844,18.381622314453125,99.84040069580078,0.9984849095344543,0.681767463684082,0.91777104139328,0.0,1.0,0.0,0.0,1.0
SNPT-073,2,31,0,420.0,1924.8759765625,-1889.987060546875,364.8236389160156,0.6003254055976868,0.8543338179588318,0.9675630331039429,0.0,0.0,0.0,1.0,1.0
SNPT-154,3,28,0,161.0,186.5175323486328,6.538449764251709,186.40289306640625,0.88785320520401,0.5813132524490356,0.8903492093086243,0.0,1.0,0.0,0.0,0.0
SNPT-154,11,38,0,329.0,1883.4263916015625,1881.5992431640625,-82.94319915771484,1.5824912786483765,0.5678905248641968,0.8990391492843628,0.0,0.0,0.0,0.0,1.0
SNPT-074,1,22,0,114.0,121.19337463378906,16.698665618896484,120.03744506835938,0.557415246963501,0.7864211797714233,0.9487346410751343,0.0,0.0,0.0,0.0,1.0
SNPT-069,1,22,1,297.0,46.4166259765625,-4.606563568115234,46.18747329711914,1.0542418956756592,0.8884338140487671,0.8406292200088501,0.0,0.0,0.0,1.0,1.0
SNPT-158,24,28,0,62.0,1897.646728515625,1897.3743896484375,32.15360641479492,0.8279356956481934,0.6691641807556152,0.9209930896759033,0.0,1.0,1.0,0.0,0.0
SNPT-157,1,29,1,172.0,71.7579574584961,18.012731552124023,-69.46038818359375,1.1192482709884644,0.9164178371429443,0.9733123183250427,0.0,0.0,0.0,1.0,1.0
SNPT-164,24,34,0,199.0,1901.5889892578125,1900.7198486328125,57.48591613769531,0.9069173336029053,0.5424441695213318,0.9387446045875549,0.0,0.0,0.0,0.0,0.0
SNPT-066,8,34,0,69.0,188.55738830566406,-154.57504272460938,-107.98355102539062,1.5254675149917603,0.7705445289611816,0.9534425735473633,0.0,0.0,0.0,0.0,1.0
SNPT-067,9,25,0,67.0,171.7137908935547,13.384781837463379,171.1913299560547,0.9676573276519775,0.9171305298805237,0.9957618117332458,0.0,0.0,0.0,1.0,1.0
SNPT-061,9,30,1,416.0,119.07193756103516,-1.640362024307251,-119.06063842773438,1.2341270446777344,0.9719328880310059,0.9680817723274231,1.0,0.0,1.0,1.0,1.0
SNPT-151,38,27,0,37.0,387.0115051269531,-10.103286743164062,-386.8796081542969,1.0193780660629272,0.7310265302658081,0.9294087886810303,0.0,0.0,0.0,0.0,0.0
SNPT-070,6,31,0,258.0,321.9812927246094,-4.217580795288086,-321.95367431640625,2.2569127082824707,0.7799978256225586,0.9198361039161682,0.0,0.0,0.0,1.0,1.0
SNPT-067,5,26,0,346.0,1906.5748291015625,1906.497314453125,-17.193138122558594,0.8949189186096191,0.8123009204864502,0.9356470108032227,0.0,0.0,0.0,1.0,1.0
SNPT-159,4,28,0,73.0,51.7213020324707,18.034860610961914,48.47511672973633,1.1652202606201172,0.6650957465171814,0.9813910126686096,0.0,0.0,0.0,1.0,1.0
SNPT-114,12,21,0,128.0,28.852373123168945,-12.262248992919922,-26.116981506347656,1.0817118883132935,0.7599197626113892,0.8980658650398254,0.0,0.0,0.0,0.0,1.0
SNPT-156,10,24,0,0.0,0.0,0.0,0.0,0.9668623805046082,0.6942625045776367,0.8764873147010803,0.0,0.0,0.0,0.0,1.0
SNPT-105,5,29,0,159.0,402.05181884765625,-6.052655220031738,-402.0062561035156,1.48333740234375,0.5786280632019043,0.8723042011260986,0.0,1.0,1.0,0.0,1.0
SNPT-109,38,31,1,50.0,11.931303024291992,8.884873390197754,-7.963353633880615,0.8557400703430176,0.8480569124221802,0.9835636019706726,1.0,0.0,1.0,1.0,1.0
SNPT-163,4,35,0,300.0,393.5697326660156,18.238197326660156,393.1469421386719,0.5235569477081299,0.7362338304519653,0.9540963768959045,0.0,1.0,1.0,0.0,0.0
SNPT-153,2,20,0,147.0,1913.6673583984375,1909.469970703125,126.67868041992188,1.0001124143600464,0.7119505405426025,0.8982706069946289,0.0,0.0,0.0,0.0,0.0
SNPT-070,5,21,0,243.0,1895.6319580078125,1894.084716796875,76.5742416381836,1.4113836288452148,0.9150975942611694,0.9299396872520447,0.0,1.0,1.0,1.0,1.0
SNPT-103,20,26,0,88.0,7.972892761230469,-3.037750482559204,-7.371505260467529,1.1213955879211426,0.7417569160461426,0.9231946468353271,0.0,0.0,0.0,0.0,1.0
SNPT-160,9,33,0,385.0,122.41398620605469,19.906858444213867,-120.7845230102539,1.8215546607971191,0.6802495718002319,0.8981836438179016,0.0,0.0,0.0,0.0,0.0
SNPT-074,21,25,0,485.0,1680.2484130859375,-1679.824462890625,37.74504852294922,0.5511146187782288,0.6887000203132629,0.9136931300163269,0.0,0.0,0.0,1.0,1.0
SNPT-067,16,28,1,78.0,33.77876663208008,1.6102865934371948,33.740360260009766,0.8488175272941589,0.901606559753418,0.9653629064559937,0.0,0.0,0.0,1.0,1.0
SNPT-151,15,36,0,450.0,380.0989990234375,7.2444586753845215,380.0299377441406,0.7638208270072937,0.6013845205307007,0.911535382270813,0.0,0.0,0.0,0.0,1.0
SNPT-101,42,40,0,411.0,1901.9456787109375,-1901.8594970703125,18.099027633666992,0.8126428723335266,0.7543823719024658,0.9889686107635498,0.0,0.0,0.0,1.0,1.0
SNPT-162,4,32,0,91.0,496.1465759277344,0.04874086007475853,496.1465759277344,0.7462761402130127,0.709498405456543,0.9600276350975037,0.0,1.0,1.0,0.0,0.0
SNPT-100,15,23,0,27.0,1893.327880859375,1888.5567626953125,134.32704162597656,0.9954725503921509,0.7533645629882812,0.9049408435821533,0.0,1.0,1.0,0.0,1.0
SNPT-066,47,39,0,337.0,570.1954345703125,570.1416625976562,-7.8321332931518555,1.2239928245544434,0.8198286890983582,0.9530096650123596,0.0,1.0,0.0,0.0,1.0
SNPT-111,18,28,0,160.0,1915.7926025390625,-1900.7340087890625,-239.7321014404297,1.0196330547332764,0.5999135971069336,0.9477621912956238,0.0,0.0,0.0,0.0,0.0
SNPT-109,40,19,1,46.0,94.75299835205078,-94.35247802734375,-8.702967643737793,1.0968295335769653,0.9134634137153625,0.985246479511261,0.0,0.0,0.0,1.0,0.0
SNPT-153,1,19,0,160.0,1913.804931640625,1900.5955810546875,-224.46762084960938,2.2170145511627197,0.7683969736099243,0.9027130007743835,0.0,1.0,1.0,0.0,0.0
SNPT-063,23,44,1,99.0,11.329042434692383,-10.841682434082031,3.2871150970458984,1.0318983793258667,0.910198986530304,0.985009491443634,0.0,0.0,0.0,1.0,1.0
SNPT-060,17,29,0,19.0,1921.81103515625,1877.39501953125,-410.78656005859375,1.7631442546844482,0.779090404510498,0.9227874875068665,0.0,0.0,0.0,0.0,1.0
SNPT-069,9,25,0,247.0,15.177048683166504,-14.897012710571289,-2.9020347595214844,0.813432514667511,0.7895865440368652,0.9438475966453552,0.0,0.0,0.0,0.0,1.0
SNPT-067,9,28,0,90.0,189.62957763671875,12.884781837463379,189.1913299560547,0.8087602257728577,0.7794885039329529,0.9647089838981628,0.0,0.0,0.0,0.0,1.0
SNPT-157,8,13,0,136.0,123.95409393310547,-4.390246391296387,123.8763198852539,0.6410480737686157,0.8186830878257751,0.9441052079200745,0.0,0.0,0.0,1.0,0.0
SNPT-060,18,35,0,186.0,161.28619384765625,48.507694244384766,-153.81884765625,1.271228313446045,0.7289371490478516,0.9514439105987549,0.0,0.0,0.0,0.0,1.0
SNPT-161,16,30,1,206.0,294.87701416015625,-23.2430362701416,-293.9595642089844,1.704544186592102,0.8846122026443481,0.9750027656555176,0.0,0.0,0.0,1.0,1.0
SNPT-109,2,33,0,266.0,29.9078369140625,-19.307804107666016,22.840476989746094,0.8905442953109741,0.5956779718399048,0.907431423664093,0.0,0.0,0.0,0.0,1.0
SNPT-159,56,38,0,274.0,1914.426513671875,1910.033935546875,-129.6123504638672,1.5085129737854004,0.6343907713890076,0.9449744820594788,0.0,0.0,0.0,0.0,1.0
SNPT-060,19,30,0,311.0,423.8311462402344,49.70697021484375,420.90625,0.5309041142463684,0.5988711714744568,0.9120608568191528,0.0,0.0,0.0,0.0,0.0
SNPT-072,24,31,0,114.0,1870.45654296875,-1870.0770263671875,37.673736572265625,0.8855687379837036,0.8071558475494385,0.9492897391319275,0.0,1.0,0.0,0.0,1.0
SNPT-101,42,37,0,365.0,1907.3839111328125,-1904.8594970703125,98.09902954101562,0.801032304763794,0.6473884582519531,0.8832812905311584,0.0,0.0,0.0,0.0,1.0
SNPT-104,11,24,0,454.0,1909.02587890625,1905.3309326171875,-118.71757507324219,1.5297094583511353,0.6633001565933228,0.9403771758079529,0.0,0.0,0.0,1.0,1.0
SNPT-158,22,38,0,270.0,102.83958435058594,-9.455683708190918,102.40396118164062,0.899823784828186,0.6857185363769531,0.9257718324661255,0.0,0.0,0.0,0.0,1.0
SNPT-170,35,21,0,1.0,1228.709228515625,-1227.45263671875,55.55509948730469,1.055606484413147,0.8141037225723267,0.9272336363792419,0.0,0.0,0.0,1.0,1.0
SNPT-070,5,30,0,458.0,136.956787109375,-2.9152328968048096,-136.92576599121094,2.1547114849090576,0.848215639591217,0.908920407295227,0.0,1.0,1.0,1.0,1.0
SNPT-162,7,37,0,182.0,206.6856689453125,2.2124602794647217,-206.673828125,1.3886191844940186,0.7231565713882446,0.929077684879303,0.0,0.0,0.0,0.0,1.0
SNPT-156,1,23,0,211.0,1880.022216796875,1879.3868408203125,-48.873207092285156,0.815208375453949,0.8772258758544922,0.988907516002655,0.0,0.0,0.0,1.0,1.0
SNPT-105,15,20,1,67.0,13.537029266357422,-7.010745525360107,-11.580181121826172,0.7213102579116821,0.8470765352249146,0.9629815816879272,0.0,0.0,0.0,1.0,1.0
SNPT-105,8,30,1,116.0,64.70567321777344,-0.7729142904281616,-64.70105743408203,0.7255871891975403,0.9086969494819641,0.9246412515640259,1.0,0.0,1.0,1.0,1.0
SNPT-060,7,32,0,451.0,1845.4984130859375,-1845.476806640625,-8.950090408325195,0.9803632497787476,0.8414633274078369,0.9778638482093811,0.0,1.0,0.0,0.0,1.0
SNPT-098,1,33,0,274.0,404.58026123046875,-394.1786193847656,-91.15039825439453,0.6015650033950806,0.871715784072876,0.9595271944999695,0.0,1.0,1.0,1.0,1.0
SNPT-115,17,25,0,112.0,66.52508544921875,-10.872221946716309,-65.63064575195312,1.6854689121246338,0.733306884765625,0.9583290815353394,0.0,1.0,0.0,0.0,1.0
SNPT-064,41,29,0,24.0,74.86356353759766,6.182743549346924,-74.60781860351562,2.1111550331115723,0.7892230749130249,0.9479199647903442,0.0,0.0,0.0,0.0,1.0
SNPT-159,4,57,1,69.0,71.50436401367188,4.486838340759277,71.36344909667969,1.0363181829452515,0.8691672086715698,0.967445433139801,0.0,0.0,0.0,1.0,1.0
SNPT-075,8,26,1,317.0,37.20836639404297,-9.587281227111816,35.952003479003906,1.4618520736694336,0.9342490434646606,0.9639495015144348,1.0,0.0,1.0,1.0,1.0
SNPT-157,4,30,1,159.0,54.50791931152344,19.045249938964844,51.072418212890625,0.8734832406044006,0.9592899084091187,0.9849851727485657,1.0,0.0,1.0,1.0,1.0
SNPT-065,11,37,0,231.0,279.86395263671875,-18.20729637145996,-279.27105712890625,0.7519500851631165,0.8066357374191284,0.9724591970443726,0.0,1.0,1.0,1.0,1.0
SNPT-110,40,45,1,259.0,84.03570556640625,2.775080680847168,-83.98987579345703,1.5286911725997925,0.703744649887085,0.983757734298706,0.0,0.0,0.0,1.0,1.0
SNPT-109,21,25,1,62.0,117.67424774169922,-3.049828290939331,117.63471984863281,0.9104203581809998,0.9033459424972534,0.9208599328994751,1.0,0.0,1.0,1.0,1.0
SNPT-111,39,44,1,19.0,7.4883809089660645,-7.4577460289001465,0.6766616106033325,1.8880741596221924,0.8373034000396729,0.9424139261245728,1.0,0.0,1.0,1.0,1.0
SNPT-159,26,38,0,184.0,217.95504760742188,7.689951419830322,-217.8193359375,1.7093886137008667,0.6695922017097473,0.9359918832778931,0.0,0.0,0.0,0.0,1.0
SNPT-151,10,36,0,425.0,1903.2464599609375,-1897.5477294921875,147.17257690429688,0.9633767008781433,0.8052434921264648,0.9791887998580933,0.0,0.0,0.0,1.0,1.0
SNPT-114,10,24,0,177.0,60.87096405029297,-2.0272347927093506,60.83720016479492,0.9165388941764832,0.7421188354492188,0.8535681962966919,0.0,0.0,0.0,1.0,1.0
SNPT-153,12,16,0,8.0,1964.6182861328125,1897.350830078125,-509.69122314453125,1.7394545078277588,0.8230271935462952,0.9057537913322449,0.0,0.0,0.0,1.0,0.0
SNPT-163,17,24,0,4.0,1904.4921875,1903.918701171875,-46.733787536621094,0.6501141786575317,0.5735743045806885,0.9232152104377747,0.0,0.0,0.0,1.0,1.0
SNPT-064,8,42,0,82.0,108.16199493408203,-31.434551239013672,-103.49341583251953,1.0133928060531616,0.8393822908401489,0.9317091703414917,0.0,0.0,0.0,0.0,0.0
SNPT-163,6,37,0,305.0,222.12100219726562,4.570137977600098,222.07398986816406,0.7164837718009949,0.6815692186355591,0.8996195793151855,0.0,1.0,1.0,0.0,1.0
SNPT-064,1,40,1,1.0,28.481922149658203,-0.8894556760787964,28.46803092956543,2.5338611602783203,0.7141493558883667,0.913521409034729,0.0,0.0,0.0,0.0,0.0
SNPT-102,13,27,1,263.0,67.7778549194336,1.887155294418335,-67.75157928466797,0.7542137503623962,0.7510212659835815,0.9930580854415894,0.0,0.0,0.0,1.0,1.0
SNPT-068,1,36,0,137.0,59.038509368896484,-5.9025983810424805,-58.742698669433594,0.6372490525245667,0.8483726382255554,0.9495545625686646,0.0,0.0,0.0,0.0,1.0
SNPT-098,27,31,0,64.0,1573.9056396484375,-1508.6209716796875,448.59979248046875,1.0821207761764526,0.7575480341911316,0.776053786277771,0.0,0.0,0.0,0.0,0.0
SNPT-100,20,23,0,41.0,1894.545166015625,1893.2894287109375,68.9676284790039,0.980202853679657,0.7973905205726624,0.9447730183601379,0.0,1.0,1.0,1.0,0.0
SNPT-107,3,37,1,449.0,101.79014587402344,-4.556929111480713,101.68809509277344,0.6153486371040344,0.9028029441833496,0.9365647435188293,0.0,0.0,0.0,1.0,1.0
SNPT-155,18,25,0,243.0,1901.4466552734375,-1897.323974609375,125.14299774169922,0.9052419662475586,0.7947938442230225,0.9279118180274963,0.0,0.0,0.0,0.0,1.0
SNPT-065,20,29,0,116.0,216.46768188476562,21.8658390045166,215.36048889160156,0.5960001945495605,0.8402324914932251,0.950320839881897,0.0,1.0,1.0,0.0,1.0
SNPT-165,6,30,0,247.0,422.795654296875,-8.182119369506836,422.71649169921875,0.5244422554969788,0.6520986557006836,0.9396129846572876,0.0,1.0,1.0,0.0,1.0
SNPT-159,14,35,0,157.0,41.153446197509766,13.643333435058594,38.82609176635742,0.9018934965133667,0.828034520149231,0.9808290600776672,0.0,0.0,0.0,1.0,1.0
SNPT-065,4,38,0,314.0,1246.8994140625,1246.7777099609375,-17.421159744262695,0.5030668377876282,0.761507511138916,0.9328920841217041,0.0,0.0,0.0,1.0,0.0
SNPT-108,14,36,1,302.0,52.61515808105469,-0.7885743975639343,52.60924530029297,1.3041009902954102,0.7515572309494019,0.9744843244552612,0.0,0.0,0.0,1.0,1.0
SNPT-166,15,24,0,304.0,361.2308654785156,-4.531407833099365,-361.20245361328125,1.9554625749588013,0.5532011985778809,0.9011209607124329,0.0,0.0,0.0,0.0,1.0
SNPT-102,9,26,1,225.0,13.004178047180176,3.827455759048462,-12.428162574768066,0.7817277908325195,0.7855633497238159,0.9846791625022888,0.0,0.0,0.0,1.0,1.0
SNPT-151,15,35,0,374.0,542.6004028320312,8.74445915222168,542.5299682617188,0.6092007756233215,0.6447620987892151,0.9573135375976562,0.0,0.0,0.0,1.0,1.0
SNPT-167,20,26,0,79.0,164.8164520263672,3.7867822647094727,164.77294921875,0.8221054673194885,0.6228940486907959,0.9146672487258911,0.0,1.0,1.0,0.0,1.0
SNPT-071,1,28,1,394.0,152.39801025390625,12.447627067565918,-151.88880920410156,0.8348941206932068,0.8482426404953003,0.9811622500419617,0.0,0.0,0.0,1.0,0.0
SNPT-164,29,34,1,102.0,142.8016815185547,8.849589347839355,-142.52720642089844,1.378520131111145,0.8905842900276184,0.9758626818656921,0.0,0.0,0.0,1.0,0.0
SNPT-101,43,8,0,269.0,9.098029136657715,2.0195178985595703,8.871058464050293,0.8816810250282288,0.616055965423584,0.9242429733276367,0.0,0.0,0.0,0.0,1.0
SNPT-161,6,31,0,132.0,1903.0625,-1902.4749755859375,-47.286163330078125,1.1676878929138184,0.6090204119682312,0.9330889582633972,0.0,1.0,0.0,0.0,0.0
SNPT-161,13,33,1,76.0,39.9811897277832,-2.1936426162719727,-39.92096710205078,0.8551014065742493,0.9543414115905762,0.982257068157196,1.0,0.0,1.0,1.0,1.0
SNPT-169,1,17,1,77.0,255.63668823242188,-255.63241577148438,1.4773916006088257,1.258496880531311,0.8511213064193726,0.9697902202606201,1.0,0.0,1.0,1.0,1.0
SNPT-102,3,21,0,10.0,1895.2042236328125,1894.20556640625,-61.517127990722656,1.1945748329162598,0.6694087386131287,0.9386610388755798,0.0,0.0,0.0,1.0,1.0
SNPT-101,33,37,1,63.0,32.755558013916016,-10.077717781066895,31.166748046875,1.0576586723327637,0.7497121095657349,0.9701748490333557,0.0,0.0,0.0,1.0,1.0
SNPT-111,2,30,0,537.0,219.50177001953125,13.959443092346191,219.05743408203125,1.1125928163528442,0.5832363963127136,0.8596703410148621,0.0,1.0,0.0,0.0,1.0
SNPT-102,20,31,0,443.0,415.25396728515625,0.8219649791717529,-415.2531433105469,1.9415491819381714,0.6697771549224854,0.7625894546508789,0.0,0.0,0.0,0.0,1.0
SNPT-068,37,26,1,159.0,126.94481658935547,7.075347900390625,126.74748992919922,1.031934142112732,0.976938009262085,0.9884588718414307,1.0,0.0,1.0,1.0,1.0
SNPT-162,19,28,0,226.0,1031.77197265625,-1031.7659912109375,3.509047508239746,1.0213910341262817,0.6795639991760254,0.9318459630012512,0.0,0.0,0.0,0.0,0.0
SNPT-165,1,21,0,27.0,1883.3067626953125,1880.182861328125,108.42958068847656,0.9054377675056458,0.7016671895980835,0.9145612716674805,0.0,0.0,0.0,0.0,0.0
SNPT-159,10,38,0,287.0,1933.567626953125,1912.2242431640625,-286.5003356933594,1.6345139741897583,0.6404329538345337,0.938663125038147,0.0,0.0,0.0,0.0,1.0
SNPT-151,11,35,0,428.0,1954.7235107421875,-1898.13330078125,466.941162109375,0.6553674936294556,0.6762225031852722,0.9223790168762207,0.0,1.0,1.0,0.0,1.0
SNPT-154,21,41,1,265.0,60.62179183959961,-4.975133895874023,60.41729736328125,0.9407338500022888,0.9455678462982178,0.9935661554336548,0.0,0.0,0.0,1.0,1.0
SNPT-073,12,37,0,502.0,1902.1895751953125,-1900.8214111328125,72.1312484741211,0.836440920829773,0.7113310098648071,0.9698739051818848,0.0,0.0,0.0,0.0,1.0
SNPT-164,1,33,0,436.0,1908.6171875,1900.91455078125,-171.2987823486328,1.8210996389389038,0.6809528470039368,0.9263155460357666,0.0,0.0,0.0,0.0,1.0
SNPT-154,28,45,0,144.0,42.67124938964844,9.662881851196289,-41.562774658203125,1.2714420557022095,0.7113930583000183,0.8831031918525696,0.0,0.0,0.0,0.0,1.0
SNPT-073,14,35,0,300.0,237.35595703125,1.4354161024093628,237.35162353515625,0.774044394493103,0.721625566482544,0.9809143543243408,0.0,0.0,0.0,1.0,1.0
SNPT-159,33,39,0,181.0,65.18391418457031,23.13452911376953,-60.9404296875,0.964171290397644,0.6220329999923706,0.884692907333374,0.0,0.0,0.0,0.0,1.0
SNPT-103,9,26,1,395.0,1888.173828125,-1888.1690673828125,4.240675449371338,0.8584736585617065,0.7899987697601318,0.9669141173362732,0.0,0.0,0.0,1.0,1.0
SNPT-161,11,39,0,73.0,1904.9488525390625,1900.0850830078125,-136.0389862060547,1.5157886743545532,0.6632487773895264,0.9275047779083252,0.0,0.0,0.0,0.0,1.0
SNPT-072,2,24,0,77.0,1907.9310302734375,1902.794189453125,-139.91221618652344,1.2575291395187378,0.8144521713256836,0.8650299906730652,0.0,1.0,0.0,0.0,1.0
SNPT-073,14,29,0,268.0,357.3929443359375,5.435416221618652,357.35162353515625,0.782261312007904,0.7895568609237671,0.9895639419555664,0.0,0.0,0.0,1.0,1.0
SNPT-164,30,35,1,90.0,80.99152374267578,2.4332642555236816,-80.95496368408203,1.3077378273010254,0.8110600113868713,0.9443179368972778,0.0,0.0,0.0,1.0,1.0
SNPT-109,14,40,1,155.0,1174.5782470703125,-1172.3953857421875,71.57556915283203,0.782002866268158,0.8300472497940063,0.9484140872955322,0.0,0.0,0.0,1.0,0.0
SNPT-062,7,28,0,91.0,167.99195861816406,-3.569239854812622,167.95404052734375,0.6843219995498657,0.8899941444396973,0.9697540402412415,0.0,0.0,0.0,1.0,1.0
SNPT-151,15,29,0,316.0,1920.2598876953125,1900.2445068359375,276.5299377441406,0.967999279499054,0.6148834228515625,0.9809588193893433,0.0,0.0,0.0,1.0,1.0
SNPT-114,3,30,0,470.0,1908.22216796875,-1893.0706787109375,-239.99041748046875,1.6294177770614624,0.6842194199562073,0.8873664140701294,0.0,0.0,0.0,0.0,0.0
SNPT-099,6,24,0,109.0,559.2007446289062,-314.6326599121094,462.2897033691406,0.8241375684738159,0.897826611995697,0.8653805255889893,0.0,1.0,1.0,1.0,1.0
SNPT-069,7,22,0,12.0,1887.2891845703125,-1887.096923828125,-26.94244384765625,1.161513328552246,0.8404105305671692,0.960237443447113,0.0,1.0,1.0,1.0,1.0
SNPT-066,49,24,0,11.0,669.3878784179688,-661.906982421875,-99.79629516601562,1.3230808973312378,0.8305956721305847,0.9641331434249878,0.0,1.0,0.0,0.0,1.0
SNPT-101,28,40,0,264.0,30.02753257751465,-3.9809207916259766,29.762475967407227,0.7913684844970703,0.6828947067260742,0.9470767974853516,0.0,0.0,0.0,0.0,1.0
SNPT-098,5,39,0,516.0,38.00783157348633,2.709949493408203,-37.911102294921875,0.7093326449394226,0.702478289604187,0.8854914903640747,0.0,1.0,1.0,0.0,1.0
SNPT-109,23,33,0,270.0,46.886558532714844,6.333983898162842,-46.456756591796875,1.1000124216079712,0.743340253829956,0.8943785429000854,0.0,0.0,0.0,1.0,1.0
SNPT-067,3,24,0,69.0,1909.3558349609375,-1903.4683837890625,149.82615661621094,1.196668028831482,0.6618611812591553,0.9143300652503967,0.0,0.0,0.0,0.0,0.0
SNPT-162,14,42,0,334.0,1889.6033935546875,1887.927734375,79.56004333496094,0.9060810804367065,0.8147649765014648,0.9564138650894165,0.0,1.0,0.0,1.0,1.0
SNPT-065,28,36,1,86.0,37.07588195800781,-11.285701751708984,-35.31648254394531,0.5973522663116455,0.8627216815948486,0.9691479206085205,0.0,0.0,0.0,1.0,1.0
SNPT-065,30,39,0,107.0,1865.21435546875,1862.3397216796875,103.51475524902344,0.624557375907898,0.8517113924026489,0.890072762966156,0.0,1.0,1.0,1.0,1.0
SNPT-159,1,49,1,660.0,207.46945190429688,4.403292179107666,-207.4227294921875,1.5897865295410156,0.7250897884368896,0.9238360524177551,0.0,0.0,0.0,0.0,0.0
SNPT-073,7,37,0,306.0,160.647216796875,-4.499512195587158,160.58419799804688,0.8111836314201355,0.6208595633506775,0.9639235138893127,0.0,0.0,0.0,0.0,1.0
SNPT-159,51,39,0,194.0,572.2919311523438,572.0848388671875,-15.393963813781738,0.9676587581634521,0.735822856426239,0.9503528475761414,0.0,0.0,0.0,1.0,0.0
SNPT-064,39,32,0,216.0,905.0777587890625,884.854736328125,-190.2572021484375,2.2477927207946777,0.9142120480537415,0.9391388893127441,0.0,1.0,1.0,1.0,1.0
SNPT-101,3,35,0,173.0,1904.84765625,1900.993896484375,-121.10740661621094,1.3428503274917603,0.7697069048881531,0.9537097811698914,0.0,0.0,0.0,1.0,1.0
SNPT-163,40,33,1,270.0,88.06944274902344,1.8930590152740479,88.0490951538086,0.9826105833053589,0.7725276350975037,0.9277754426002502,0.0,0.0,0.0,1.0,1.0
SNPT-114,13,20,0,137.0,56.52764892578125,-8.65500545501709,-55.86112976074219,1.2225346565246582,0.8066991567611694,0.9558867812156677,0.0,0.0,0.0,1.0,1.0
SNPT-159,20,23,0,6.0,1881.4586181640625,1880.9383544921875,-44.246280670166016,1.1759113073349,0.819507360458374,0.9785840511322021,0.0,0.0,0.0,1.0,1.0
SNPT-154,1,42,0,447.0,60.795223236083984,11.902806282043457,-59.6186408996582,1.411511778831482,0.7677162289619446,0.9362863302230835,0.0,0.0,0.0,1.0,1.0
SNPT-111,34,10,0,242.0,80.88825225830078,34.35442352294922,-73.2303466796875,0.6498240828514099,0.6884282827377319,0.8276517987251282,0.0,0.0,0.0,1.0,1.0
SNPT-063,1,46,0,63.0,75.58998107910156,-0.6479087471961975,75.58720397949219,1.0964840650558472,0.6616798639297485,0.8946003913879395,0.0,0.0,0.0,1.0,1.0
SNPT-111,23,29,0,364.0,352.5981750488281,0.6895381212234497,352.5975036621094,0.6979271769523621,0.6233478784561157,0.923764705657959,0.0,0.0,0.0,0.0,0.0
SNPT-109,35,28,0,369.0,287.58795166015625,11.676264762878418,287.3507995605469,0.6767088174819946,0.7800886034965515,0.9732353687286377,0.0,1.0,1.0,1.0,0.0
SNPT-066,13,36,0,8.0,382.8211669921875,380.3296203613281,-43.60525894165039,2.0381994247436523,0.6819947361946106,0.764718234539032,0.0,0.0,0.0,0.0,1.0
SNPT-107,1,32,0,449.0,1937.72802734375,-1860.8145751953125,-540.5176391601562,1.8457456827163696,0.5904091596603394,0.7392682433128357,0.0,0.0,0.0,0.0,0.0
SNPT-154,50,55,1,79.0,87.36121368408203,31.790878295898438,81.37150573730469,0.8337706923484802,0.7592202425003052,0.9367471933364868,0.0,0.0,0.0,1.0,0.0
SNPT-158,6,26,0,180.0,532.2973022460938,531.6281127929688,26.6827392578125,1.025378704071045,0.7454174757003784,0.9174100160598755,0.0,0.0,0.0,1.0,1.0
SNPT-061,14,30,0,248.0,1892.7762451171875,-1885.4818115234375,166.01217651367188,1.365726113319397,0.8303913474082947,0.9111440181732178,0.0,1.0,1.0,0.0,1.0
SNPT-108,20,30,0,42.0,1875.933349609375,-1875.2669677734375,-49.99861145019531,0.9548073410987854,0.7811008095741272,0.928701639175415,0.0,0.0,0.0,0.0,1.0
SNPT-073,7,34,0,299.0,199.6067352294922,-2.999512195587158,199.58419799804688,0.7938213348388672,0.7439287900924683,0.9862905740737915,0.0,0.0,0.0,1.0,1.0
SNPT-074,24,25,0,10.0,1733.83935546875,-1732.21435546875,75.04873657226562,1.2206321954727173,0.6804785132408142,0.9028500914573669,0.0,0.0,0.0,1.0,1.0
SNPT-070,33,23,1,35.0,83.71852111816406,-0.37002497911453247,-83.71769714355469,1.5871487855911255,0.8867328763008118,0.9445377588272095,0.0,0.0,0.0,1.0,1.0
SNPT-101,42,32,0,103.0,95.92156219482422,-7.859556198120117,95.59902954101562,0.8414681553840637,0.8228238821029663,0.9964997172355652,0.0,1.0,1.0,1.0,1.0
SNPT-064,17,27,0,86.0,149.41281127929688,-13.438095092773438,-148.80728149414062,2.326819658279419,0.8816908597946167,0.9777780771255493,0.0,1.0,1.0,1.0,1.0
SNPT-154,11,52,0,127.0,83.4196548461914,2.0729684829711914,-83.3938980102539,1.3251190185546875,0.6916171312332153,0.9097812175750732,0.0,0.0,0.0,0.0,1.0
SNPT-064,36,41,0,27.0,742.1754760742188,-737.7681884765625,-80.76213073730469,0.4310179352760315,0.8211179375648499,0.9513584971427917,0.0,0.0,0.0,0.0,1.0
SNPT-164,17,26,0,1.0,56.322818756103516,-11.58719539642334,-55.11802673339844,1.151200532913208,0.8661767840385437,0.9906375408172607,0.0,1.0,1.0,1.0,1.0
SNPT-113,25,29,0,169.0,392.7587585449219,2.1353719234466553,392.7529296875,0.47068560123443604,0.6802914142608643,0.8729128837585449,0.0,0.0,0.0,0.0,1.0
SNPT-165,5,26,0,66.0,147.80955505371094,9.792170524597168,147.48484802246094,0.7723410725593567,0.7783958911895752,0.9435809254646301,0.0,1.0,1.0,0.0,1.0
SNPT-066,23,36,0,0.0,0.0,0.0,0.0,1.1335810422897339,0.7659139633178711,0.8514427542686462,0.0,0.0,0.0,1.0,1.0
SNPT-067,1,36,1,251.0,135.25955200195312,0.9214117527008057,-135.2564239501953,0.7946353554725647,0.8881626129150391,0.9570538401603699,0.0,0.0,0.0,1.0,1.0
SNPT-069,10,24,0,142.0,48.41773986816406,6.523638725280762,-47.97623825073242,0.7440260648727417,0.7037019729614258,0.9574544429779053,0.0,1.0,1.0,0.0,1.0
SNPT-154,27,41,0,67.0,1893.09521484375,1893.0924072265625,3.281925916671753,1.1293694972991943,0.8026251792907715,0.9559224843978882,0.0,0.0,0.0,0.0,1.0
SNPT-164,18,29,0,170.0,296.46588134765625,3.7652342319488525,-296.44195556640625,1.7594126462936401,0.5149297714233398,0.917810320854187,0.0,0.0,0.0,0.0,1.0
SNPT-110,39,40,0,75.0,48.76536560058594,4.404326915740967,-48.56606674194336,0.7771222591400146,0.6905359625816345,0.8653962016105652,0.0,0.0,0.0,0.0,1.0
SNPT-161,3,33,0,342.0,343.8501281738281,3.824127435684204,-343.828857421875,1.0766241550445557,0.5899351835250854,0.9121412038803101,0.0,1.0,1.0,0.0,1.0
SNPT-169,10,42,0,62.0,298.22882080078125,-7.18412446975708,-298.14227294921875,1.4801195859909058,0.6266644597053528,0.9270722270011902,0.0,0.0,0.0,0.0,1.0
SNPT-070,1,27,0,409.0,152.41195678710938,-1.5972641706466675,-152.40357971191406,2.009920835494995,0.7427694797515869,0.9115267992019653,0.0,0.0,0.0,0.0,1.0
SNPT-155,9,27,0,213.0,20.147953033447266,1.3963371515274048,20.09950828552246,0.8015574812889099,0.5437732934951782,0.9253863096237183,0.0,1.0,1.0,0.0,1.0
SNPT-155,1,28,1,314.0,1895.3358154296875,1892.063720703125,111.32252502441406,1.0477588176727295,0.9088780283927917,0.9636791348457336,1.0,0.0,1.0,1.0,1.0
SNPT-153,12,24,1,106.0,46.845367431640625,1.850815773010254,46.80879211425781,0.971024215221405,0.8339383602142334,0.9361655116081238,1.0,0.0,1.0,1.0,1.0
SNPT-074,3,29,0,376.0,1887.9102783203125,1887.8985595703125,-6.656179904937744,0.9405724406242371,0.5868702530860901,0.9199629426002502,0.0,0.0,0.0,1.0,1.0
SNPT-065,2,31,0,12.0,1893.6318359375,-1892.8082275390625,55.84590530395508,0.6825145483016968,0.9204772710800171,0.9726444482803345,0.0,1.0,1.0,1.0,1.0
SNPT-165,10,29,0,255.0,748.6802368164062,226.0968780517578,713.7242431640625,1.6894439458847046,0.7538009881973267,0.960921585559845,0.0,0.0,0.0,1.0,1.0
SNPT-170,8,14,0,14.0,1877.4527587890625,-1870.06640625,-166.37539672851562,1.3502798080444336,0.6424565315246582,0.901812732219696,0.0,0.0,0.0,0.0,1.0
SNPT-114,1,29,1,136.0,188.89366149902344,1.434174656867981,188.88821411132812,1.056857943534851,0.9596066474914551,0.9724757671356201,1.0,0.0,1.0,1.0,1.0
SNPT-155,19,28,1,151.0,1633.0618896484375,1633.0517578125,5.7446160316467285,0.5886881947517395,0.8724643588066101,0.959449291229248,1.0,0.0,1.0,1.0,1.0
SNPT-064,37,34,0,61.0,26.455244064331055,4.205824851989746,-26.118785858154297,1.7841103076934814,0.8064385056495667,0.9623742699623108,0.0,0.0,0.0,0.0,1.0
SNPT-151,18,34,0,29.0,1920.87255859375,1900.496826171875,279.03961181640625,0.8748689889907837,0.5068120956420898,0.9794002175331116,0.0,1.0,0.0,1.0,1.0
SNPT-169,8,28,0,168.0,92.03433990478516,10.788947105407715,-91.39977264404297,1.1071405410766602,0.7343758344650269,0.9361715316772461,0.0,0.0,0.0,0.0,1.0
SNPT-111,40,31,0,422.0,1915.4024658203125,1905.7486572265625,-192.0642852783203,0.3575218617916107,0.6459347009658813,0.8977317810058594,0.0,0.0,0.0,0.0,1.0
SNPT-160,5,16,0,19.0,1890.628662109375,-1888.377197265625,-92.24030303955078,1.52738356590271,0.6922924518585205,0.949957013130188,0.0,0.0,0.0,0.0,1.0
SNPT-060,3,33,0,359.0,344.11419677734375,29.863826751708984,342.8158874511719,0.6775950193405151,0.9167037606239319,0.9708716869354248,0.0,1.0,1.0,1.0,1.0
SNPT-069,1,20,0,204.0,1886.9244384765625,1886.8934326171875,-10.812525749206543,1.3889849185943604,0.6845282316207886,0.8861843347549438,0.0,0.0,0.0,0.0,1.0
SNPT-070,9,27,0,404.0,36.560245513916016,11.615991592407227,34.66584014892578,1.4297243356704712,0.7551875114440918,0.9606923460960388,0.0,0.0,0.0,1.0,1.0
SNPT-157,13,37,1,207.0,37.51161575317383,7.802135944366455,36.691253662109375,0.7920326590538025,0.8734724521636963,0.9865632653236389,0.0,0.0,0.0,1.0,1.0
SNPT-111,34,14,0,55.0,11.190877914428711,8.24930191040039,-7.562061309814453,0.7578173279762268,0.5931488871574402,0.851947546005249,0.0,0.0,0.0,0.0,1.0
SNPT-107,9,35,0,179.0,227.84608459472656,7.936311721801758,227.70782470703125,0.6082300543785095,0.8027731776237488,0.9472780227661133,0.0,0.0,0.0,0.0,0.0
SNPT-154,17,55,0,82.0,131.99224853515625,105.7025375366211,79.05016326904297,0.8204621076583862,0.653571367263794,0.9507903456687927,0.0,0.0,0.0,0.0,1.0
SNPT-109,20,32,0,299.0,1907.7796630859375,-1893.63525390625,231.880859375,0.7332262396812439,0.6932846307754517,0.9221829771995544,0.0,0.0,0.0,0.0,1.0
SNPT-160,5,32,0,383.0,85.27513885498047,1.6228207349777222,85.25969696044922,1.3929023742675781,0.7782861590385437,0.926889181137085,0.0,0.0,0.0,1.0,1.0
SNPT-101,12,21,0,169.0,1898.9442138671875,-1897.3321533203125,-78.22942352294922,1.103921890258789,0.5943931341171265,0.9260557293891907,0.0,0.0,0.0,0.0,1.0
SNPT-159,21,32,0,107.0,79.69767761230469,12.924365043640137,78.64274597167969,0.8155768513679504,0.6136004328727722,0.9006645083427429,0.0,0.0,0.0,1.0,1.0
SNPT-166,17,30,0,134.0,215.3914031982422,7.018943786621094,-215.27700805664062,1.4481620788574219,0.8931517004966736,0.9592230916023254,0.0,0.0,0.0,1.0,1.0
SNPT-101,8,28,0,302.0,26.217077255249023,-8.861309051513672,-24.674121856689453,1.210130214691162,0.842151403427124,0.9854716062545776,0.0,0.0,0.0,1.0,1.0
SNPT-107,14,23,0,287.0,182.71815490722656,-15.462878227233887,182.06268310546875,0.5856495499610901,0.7080090641975403,0.8360149264335632,0.0,0.0,0.0,0.0,1.0
SNPT-164,24,33,0,194.0,1903.9520263671875,1902.7198486328125,68.48591613769531,0.9430902600288391,0.5149543285369873,0.9438890814781189,0.0,0.0,0.0,0.0,0.0
SNPT-158,9,36,1,282.0,252.53607177734375,-1.3810837268829346,252.53228759765625,0.9266369342803955,0.879280686378479,0.9891344308853149,1.0,0.0,1.0,1.0,1.0
SNPT-071,4,24,0,136.0,125.17180633544922,18.21039390563965,-123.84007263183594,0.8033738136291504,0.6819837093353271,0.9117417931556702,0.0,1.0,1.0,0.0,1.0
SNPT-154,5,38,1,177.0,79.01591491699219,76.22135925292969,-20.82830238342285,1.1290373802185059,0.9192582964897156,0.9893109798431396,0.0,0.0,0.0,1.0,1.0
SNPT-164,3,29,0,268.0,1910.6494140625,1903.787109375,161.78929138183594,0.6630327105522156,0.4778275489807129,0.906857430934906,0.0,0.0,0.0,0.0,0.0
SNPT-158,24,40,0,196.0,1902.6163330078125,1902.3743896484375,-30.346391677856445,0.803398847579956,0.5875642895698547,0.9178544282913208,0.0,0.0,0.0,0.0,0.0
SNPT-106,8,19,1,205.0,157.544677734375,13.823957443237305,-156.93701171875,1.7491908073425293,0.8581212759017944,0.958753228187561,0.0,0.0,0.0,1.0,1.0
SNPT-063,49,38,0,133.0,503.41925048828125,-18.939716339111328,503.0628356933594,0.5106958150863647,0.7777563333511353,0.9246863722801208,0.0,1.0,1.0,0.0,1.0
SNPT-069,27,25,1,162.0,70.48493194580078,-16.56770896911621,-68.51012420654297,0.8379859328269958,0.6405450701713562,0.8965706825256348,0.0,0.0,0.0,0.0,1.0
SNPT-065,2,38,0,306.0,70.19430541992188,8.691783905029297,-69.65409851074219,0.5092693567276001,0.8955610990524292,0.94530189037323,0.0,1.0,1.0,1.0,0.0
SNPT-111,12,28,0,389.0,1908.2733154296875,-1890.97900390625,-256.3312072753906,1.3818509578704834,0.6712291240692139,0.8729733824729919,0.0,0.0,0.0,0.0,0.0
SNPT-064,40,34,0,209.0,1900.607421875,1892.0673828125,-179.97056579589844,0.7652003765106201,0.8412191867828369,0.9855801463127136,0.0,0.0,0.0,1.0,1.0
SNPT-060,11,19,0,67.0,1892.881103515625,-1891.7562255859375,-65.24642944335938,1.6774415969848633,0.5794466733932495,0.9173001646995544,0.0,0.0,0.0,0.0,0.0
SNPT-160,6,29,0,386.0,171.72250366210938,-3.6239516735076904,171.68426513671875,0.9099478125572205,0.5901008248329163,0.9318023324012756,0.0,0.0,0.0,0.0,1.0
SNPT-151,12,31,0,165.0,385.6102294921875,-38.06279373168945,383.7270812988281,0.8679613471031189,0.8043636083602905,0.9697076082229614,0.0,1.0,1.0,1.0,1.0
SNPT-114,26,30,0,210.0,1909.6170654296875,-1884.1810302734375,-310.64337158203125,1.5060369968414307,0.6457063555717468,0.8342181444168091,0.0,0.0,0.0,0.0,0.0
SNPT-060,1,21,1,173.0,168.2588348388672,5.120283126831055,-168.180908203125,1.3805781602859497,0.957690954208374,0.9847732782363892,1.0,0.0,1.0,1.0,1.0
SNPT-151,4,36,0,413.0,1926.3978271484375,-1900.0823974609375,317.32513427734375,0.6567058563232422,0.6213909387588501,0.8681723475456238,0.0,0.0,0.0,0.0,1.0
SNPT-109,6,31,0,120.0,1892.6654052734375,-1891.8028564453125,57.13600540161133,0.8051796555519104,0.7652835845947266,0.9862715005874634,0.0,1.0,1.0,1.0,1.0
SNPT-065,7,38,0,413.0,1912.9608154296875,1899.25146484375,-228.61175537109375,0.6382076144218445,0.9027500748634338,0.9381800293922424,0.0,1.0,1.0,1.0,0.0
SNPT-074,23,29,0,381.0,1890.338134765625,1889.339599609375,-61.43215560913086,1.229422926902771,0.6066816449165344,0.9123411178588867,0.0,0.0,0.0,0.0,1.0
SNPT-103,33,22,0,75.0,15.950326919555664,-8.710874557495117,13.36164665222168,1.1404906511306763,0.7050842046737671,0.8871622085571289,0.0,0.0,0.0,0.0,1.0
SNPT-164,17,29,0,98.0,358.11920166015625,0.9128048419952393,-358.1180114746094,1.7491250038146973,0.6901366710662842,0.9560317993164062,0.0,0.0,0.0,1.0,1.0
SNPT-111,36,27,0,101.0,91.7213134765625,4.366297245025635,91.61732482910156,0.9866440892219543,0.766635537147522,0.9341732263565063,0.0,0.0,0.0,1.0,0.0
SNPT-105,26,34,0,319.0,131.50958251953125,0.595400869846344,131.50823974609375,0.5603352189064026,0.8860455751419067,0.9810433387756348,0.0,0.0,0.0,1.0,1.0
SNPT-070,9,26,0,403.0,62.7111701965332,-2.3840081691741943,62.66584014892578,1.3889734745025635,0.7059909105300903,0.9539575576782227,0.0,1.0,1.0,0.0,1.0
SNPT-163,4,31,0,294.0,490.4326477050781,16.738197326660156,490.1469421386719,0.5304017663002014,0.7798290252685547,0.9493554830551147,0.0,1.0,1.0,1.0,0.0
SNPT-154,4,34,0,248.0,1879.8736572265625,1879.377197265625,-43.20281982421875,1.0886642932891846,0.7582746148109436,0.9276121854782104,0.0,0.0,0.0,0.0,1.0
SNPT-151,15,16,1,95.0,7.373987674713135,4.2444586753845215,6.029946804046631,1.3383678197860718,0.8770928978919983,0.9840481877326965,0.0,0.0,0.0,1.0,1.0
SNPT-107,5,36,1,386.0,7.593767166137695,3.8100273609161377,-6.568789482116699,0.631603479385376,0.8729793429374695,0.959446132183075,0.0,0.0,0.0,1.0,1.0
SNPT-161,3,38,0,578.0,324.33319091796875,-1.675872564315796,-324.328857421875,1.2215228080749512,0.684664249420166,0.9809888601303101,0.0,0.0,0.0,1.0,1.0
SNPT-157,3,39,0,456.0,1911.12158203125,1894.258056640625,-253.32156372070312,1.5069302320480347,0.45666980743408203,0.8878049850463867,0.0,1.0,0.0,0.0,1.0
SNPT-101,12,38,1,607.0,1907.7664794921875,-1904.8321533203125,105.77057647705078,0.7963317036628723,0.9252733588218689,0.9010863304138184,0.0,0.0,0.0,1.0,1.0
SNPT-155,17,27,0,5.0,1885.9732666015625,-1882.119140625,-120.51085662841797,0.9404416084289551,0.49684494733810425,0.9242449998855591,0.0,1.0,1.0,0.0,1.0
SNPT-063,46,41,0,89.0,72.66929626464844,66.32823944091797,-29.688241958618164,1.0313502550125122,0.7957373857498169,0.9737643599510193,0.0,0.0,0.0,1.0,1.0
SNPT-073,19,34,0,337.0,79.72864532470703,9.318534851074219,-79.18220520019531,1.2565670013427734,0.7390782833099365,0.9599701762199402,0.0,0.0,0.0,0.0,1.0
SNPT-063,6,32,0,397.0,1907.4776611328125,1893.8172607421875,-227.87574768066406,1.2289941310882568,0.8057024478912354,0.9424310326576233,0.0,0.0,0.0,0.0,1.0
SNPT-061,3,21,0,15.0,1917.824462890625,1892.6038818359375,-310.001708984375,1.2997218370437622,0.8417869806289673,0.9562685489654541,0.0,1.0,0.0,0.0,1.0
SNPT-100,18,26,0,129.0,144.304443359375,8.623563766479492,144.04653930664062,0.7066425681114197,0.5869371891021729,0.9129326939582825,0.0,1.0,1.0,0.0,1.0
SNPT-154,2,55,0,181.0,1885.81982421875,1885.81884765625,-1.948519229888916,1.3070378303527832,0.7901833057403564,0.9818851351737976,0.0,0.0,0.0,1.0,1.0
SNPT-159,51,37,0,178.0,778.026611328125,568.0848388671875,531.6060180664062,0.6253863573074341,0.693514347076416,0.8719965219497681,0.0,0.0,0.0,0.0,0.0
SNPT-065,18,37,0,334.0,1918.30029296875,1879.398681640625,-384.36492919921875,0.8709023594856262,0.7443161010742188,0.9698880910873413,0.0,1.0,1.0,1.0,1.0
SNPT-071,2,28,0,417.0,373.51507568359375,10.102622032165527,-373.37841796875,1.3776570558547974,0.8297513723373413,0.9398912191390991,0.0,1.0,1.0,1.0,0.0
SNPT-162,2,46,1,1.0,60.053550720214844,4.879796028137207,-59.85496520996094,1.0938830375671387,0.970209538936615,0.976500391960144,1.0,0.0,1.0,1.0,1.0
SNPT-062,1,26,0,416.0,1882.7169189453125,1882.713134765625,3.7364509105682373,0.8097172975540161,0.815687894821167,0.9412384033203125,0.0,1.0,1.0,0.0,1.0
SNPT-065,43,40,0,389.0,1876.35009765625,1876.3338623046875,7.797187328338623,0.49817267060279846,0.8478587865829468,0.9550265669822693,0.0,1.0,0.0,1.0,1.0
SNPT-060,9,31,1,69.0,27.53519630432129,27.48394012451172,-1.6792991161346436,0.927444577217102,0.9843263626098633,0.9931885600090027,0.0,0.0,0.0,1.0,1.0
SNPT-103,5,24,0,325.0,16.18893814086914,-5.957979679107666,15.052714347839355,1.415319800376892,0.8380048871040344,0.9728595614433289,0.0,1.0,1.0,1.0,1.0
SNPT-077,16,20,1,71.0,56.20372772216797,-8.453824996948242,-55.56430435180664,1.2208726406097412,0.9148929119110107,0.9589622020721436,0.0,0.0,0.0,1.0,1.0
SNPT-162,7,30,0,146.0,152.76536560058594,-5.287539958953857,-152.673828125,1.443858027458191,0.8327327966690063,0.9148297905921936,0.0,0.0,0.0,1.0,1.0
SNPT-098,14,29,0,113.0,216.1892547607422,7.1402740478515625,216.07131958007812,0.5555480718612671,0.5958234667778015,0.8978525400161743,0.0,1.0,1.0,0.0,1.0
SNPT-107,9,27,0,140.0,113.29472351074219,4.436311721801758,113.20783233642578,0.5622719526290894,0.6521255970001221,0.9226762056350708,0.0,0.0,0.0,0.0,1.0
SNPT-064,39,42,0,198.0,1884.770751953125,1874.9017333984375,-192.6248321533203,1.4516594409942627,0.8262135982513428,0.9263290762901306,0.0,0.0,0.0,1.0,0.0
SNPT-074,7,25,1,203.0,97.02935028076172,96.48712921142578,-10.243510246276855,1.0374038219451904,0.9573334455490112,0.996998131275177,1.0,0.0,1.0,1.0,1.0
SNPT-070,3,31,0,232.0,58.055274963378906,-1.9050848484039307,-58.02400588989258,1.5230251550674438,0.7416759133338928,0.9340837597846985,0.0,0.0,0.0,0.0,1.0
SNPT-066,8,46,1,359.0,1919.4925537109375,-1899.70458984375,274.9075012207031,0.7043083906173706,0.9136157035827637,0.9851303696632385,1.0,0.0,1.0,1.0,1.0
SNPT-168,17,22,1,171.0,126.85367584228516,1.2700698375701904,126.84732055664062,0.7736988663673401,0.8737480640411377,0.9816678762435913,0.0,0.0,0.0,1.0,0.0
SNPT-162,20,34,1,155.0,219.1035614013672,-0.07930701971054077,219.10354614257812,0.8380661010742188,0.9096226692199707,0.9848466515541077,0.0,0.0,0.0,1.0,1.0
SNPT-166,12,27,0,122.0,45.178653717041016,-1.985619306564331,-45.1349983215332,0.8828281164169312,0.8975324034690857,0.972386360168457,0.0,0.0,0.0,1.0,0.0
SNPT-164,20,29,0,181.0,63.41751480102539,-0.003133486257866025,63.41751480102539,0.7944931983947754,0.6305497884750366,0.9337195754051208,0.0,0.0,0.0,0.0,1.0
SNPT-167,29,32,0,61.0,76.24710845947266,-1.4058010578155518,76.23414611816406,1.048417568206787,0.8432888388633728,0.9417175054550171,0.0,1.0,1.0,1.0,1.0
SNPT-063,3,43,0,408.0,1935.18505859375,-1893.6348876953125,-398.8584899902344,1.4780521392822266,0.6851662397384644,0.9074874520301819,0.0,0.0,0.0,0.0,1.0
SNPT-066,8,38,0,277.0,528.5834350585938,-528.5750122070312,-2.9835546016693115,0.9315574169158936,0.9133431315422058,0.9893649816513062,0.0,1.0,1.0,1.0,1.0
SNPT-067,26,33,0,119.0,106.50900268554688,-12.649860382080078,105.75513458251953,0.8432192802429199,0.8898240327835083,0.9852769374847412,0.0,0.0,0.0,1.0,1.0
SNPT-063,29,42,0,204.0,145.78724670410156,1.030326008796692,-145.78359985351562,1.4887754917144775,0.760969340801239,0.92665034532547,0.0,0.0,0.0,1.0,1.0
SNPT-163,16,35,1,313.0,309.39373779296875,14.938061714172363,309.0329284667969,0.5595173239707947,0.8453159928321838,0.9764798879623413,1.0,0.0,1.0,1.0,1.0
SNPT-108,9,13,1,108.0,13.530167579650879,12.408153533935547,-5.394735336303711,0.810232937335968,0.9577237963676453,0.9933370351791382,0.0,0.0,0.0,1.0,1.0
SNPT-063,1,24,0,210.0,82.14470672607422,1.3823492527008057,82.13307189941406,0.8962746262550354,0.613804817199707,0.8875306844711304,0.0,0.0,0.0,0.0,1.0
SNPT-101,14,23,1,64.0,205.39202880859375,1.9533015489578247,-205.3827362060547,1.2640836238861084,0.842843234539032,0.9530361294746399,1.0,0.0,1.0,1.0,1.0
SNPT-106,9,28,1,72.0,151.85829162597656,10.104656219482422,151.52174377441406,0.4980812072753906,0.8822621703147888,0.9782432913780212,0.0,0.0,0.0,1.0,1.0
SNPT-160,2,22,0,299.0,1860.906494140625,-1860.756591796875,23.622783660888672,1.2026702165603638,0.7958439588546753,0.9105272889137268,0.0,0.0,0.0,1.0,1.0
SNPT-154,1,30,0,133.0,58.64039611816406,-1.597193956375122,-58.6186408996582,1.0956897735595703,0.6101254224777222,0.9170446395874023,0.0,0.0,0.0,0.0,0.0
SNPT-158,2,28,1,141.0,71.066162109375,-7.0324177742004395,70.71735382080078,0.953028678894043,0.9338443279266357,0.9921061396598816,1.0,0.0,1.0,1.0,1.0
SNPT-074,2,22,1,24.0,25.553258895874023,13.71130657196045,-21.563142776489258,0.7348612546920776,0.9494812488555908,0.976182758808136,0.0,0.0,0.0,1.0,1.0
SNPT-108,5,17,1,153.0,82.87786865234375,10.259448051452637,-82.24040985107422,0.658632755279541,0.9615373611450195,0.9843044877052307,1.0,0.0,1.0,1.0,1.0
SNPT-107,11,31,0,246.0,143.95040893554688,-0.003451704978942871,-143.95040893554688,1.214250087738037,0.7894280552864075,0.9808129072189331,0.0,0.0,0.0,1.0,1.0
SNPT-107,5,35,0,381.0,153.14898681640625,14.810027122497559,152.43121337890625,0.6278461217880249,0.7730122804641724,0.9348555207252502,0.0,0.0,0.0,0.0,0.0
SNPT-105,18,22,1,99.0,109.62708282470703,9.059122085571289,-109.25213623046875,1.0241119861602783,0.8244909644126892,0.9866145849227905,1.0,0.0,1.0,1.0,1.0
SNPT-064,1,29,0,204.0,1911.42236328125,1899.749267578125,-210.922119140625,2.0272865295410156,0.8819595575332642,0.9772537350654602,0.0,0.0,0.0,1.0,0.0
SNPT-067,18,24,0,5.0,1898.56640625,-1898.10986328125,41.63555145263672,1.1533901691436768,0.6154825687408447,0.9147773385047913,0.0,0.0,0.0,0.0,0.0
SNPT-111,2,22,1,112.0,71.71688842773438,13.459443092346191,-70.44256591796875,1.256518006324768,0.8451895713806152,0.9059481620788574,0.0,1.0,0.0,1.0,1.0
SNPT-105,9,34,1,301.0,9.604043960571289,-1.6709907054901123,9.457560539245605,0.8115215301513672,0.899823009967804,0.985737144947052,0.0,1.0,0.0,1.0,1.0
SNPT-071,4,22,0,16.0,730.375732421875,727.7103881835938,-62.34006881713867,0.8201847672462463,0.8313248753547668,0.9543272256851196,0.0,1.0,1.0,0.0,0.0
SNPT-105,15,34,0,511.0,1918.83349609375,-1909.5107421875,188.91981506347656,0.6142216920852661,0.5661452412605286,0.9297903776168823,0.0,0.0,0.0,0.0,1.0
SNPT-169,42,44,0,441.0,1094.4521484375,1090.4808349609375,93.14984893798828,0.7560173869132996,0.6216505169868469,0.9259064197540283,0.0,0.0,0.0,0.0,1.0
SNPT-111,10,41,1,55.0,27.996868133544922,16.84616470336914,22.36138153076172,0.9024214148521423,0.8626000881195068,0.9771868586540222,0.0,0.0,0.0,1.0,1.0
SNPT-154,12,43,0,408.0,122.81158447265625,-0.9685208201408386,122.8077621459961,1.1746519804000854,0.7603631019592285,0.9259487986564636,0.0,0.0,0.0,0.0,0.0
SNPT-073,12,26,1,156.0,4.835513591766357,-4.821433067321777,-0.368749737739563,0.73658287525177,0.9345281720161438,0.9883228540420532,0.0,0.0,0.0,1.0,1.0
SNPT-159,17,23,1,116.0,11.915230751037598,-10.108680725097656,6.307718753814697,1.3226990699768066,0.8674220442771912,0.9184725284576416,0.0,0.0,0.0,1.0,1.0
SNPT-154,38,48,0,2.0,1892.5145263671875,-1885.525146484375,162.49879455566406,0.8631126284599304,0.844384491443634,0.9484027028083801,0.0,0.0,0.0,1.0,1.0
SNPT-062,21,23,1,199.0,32.806236267089844,6.2378764152526855,32.20772933959961,0.944572389125824,0.9514174461364746,0.9898818135261536,0.0,0.0,0.0,1.0,1.0
SNPT-154,6,43,1,116.0,113.53682708740234,-2.768320083618164,113.5030746459961,1.1395542621612549,0.8571943044662476,0.9615809321403503,0.0,0.0,0.0,1.0,1.0
SNPT-110,21,28,1,78.0,16.586965560913086,-6.702638149261475,-15.172411918640137,1.047512412071228,0.9180681109428406,0.9484625458717346,1.0,0.0,1.0,1.0,1.0
SNPT-064,21,26,0,141.0,261.8902587890625,-26.595338821411133,-260.5363464355469,3.2408926486968994,0.7123509645462036,0.9266985058784485,0.0,0.0,0.0,0.0,1.0
SNPT-159,58,32,0,88.0,67.63434600830078,4.303668022155762,67.49728393554688,0.9685007333755493,0.7046643495559692,0.9361779689788818,0.0,0.0,0.0,0.0,1.0
SNPT-153,7,15,0,202.0,26.948102951049805,8.670886993408203,25.5150146484375,0.8086387515068054,0.7393856048583984,0.9078890681266785,0.0,0.0,0.0,0.0,1.0
SNPT-101,6,28,0,292.0,15.895794868469238,-15.120280265808105,-4.904428482055664,1.216709852218628,0.7215967178344727,0.9296947717666626,0.0,0.0,0.0,0.0,1.0
SNPT-115,16,23,1,90.0,34.63103103637695,-4.437592029571533,34.34553909301758,1.2813671827316284,0.9386213421821594,0.9830653667449951,1.0,0.0,1.0,1.0,1.0
SNPT-110,39,32,0,137.0,55.12925338745117,3.412553071975708,55.023529052734375,0.763026237487793,0.7949539422988892,0.8917451500892639,0.0,0.0,0.0,0.0,1.0
SNPT-153,7,21,0,256.0,192.02227783203125,1.6708872318267822,192.0150146484375,0.7605285048484802,0.7700923681259155,0.9355508089065552,0.0,0.0,0.0,0.0,1.0
SNPT-064,42,20,0,129.0,112.66960906982422,-8.997987747192383,-112.30973052978516,0.8293008208274841,0.7825074791908264,0.9525113105773926,0.0,0.0,0.0,1.0,0.0
SNPT-157,2,14,0,13.0,1963.5552978515625,1878.275390625,572.3907470703125,0.5025538802146912,0.6564948558807373,0.8998005390167236,0.0,0.0,0.0,0.0,0.0
SNPT-106,6,16,1,92.0,17.777816772460938,2.824812412261963,17.551956176757812,1.3465834856033325,0.8306806087493896,0.9699697494506836,0.0,0.0,0.0,1.0,0.0
SNPT-106,6,21,0,274.0,16.21943473815918,2.324812412261963,16.051956176757812,1.200718641281128,0.7899115085601807,0.9627635478973389,0.0,0.0,0.0,1.0,1.0
SNPT-068,37,29,0,317.0,1911.2034912109375,-1891.4246826171875,274.24749755859375,0.9371113777160645,0.7928897142410278,0.9641631841659546,0.0,0.0,0.0,0.0,1.0
SNPT-162,43,29,0,147.0,597.2949829101562,-7.655472755432129,597.2459716796875,0.6554758548736572,0.5930464267730713,0.9174531698226929,0.0,0.0,0.0,0.0,0.0
SNPT-162,26,37,0,7.0,1891.7147216796875,1891.6890869140625,-9.831646919250488,1.0590585470199585,0.7694814205169678,0.9594745635986328,0.0,0.0,0.0,1.0,1.0
SNPT-164,1,32,0,356.0,280.708984375,-2.0854623317718506,280.70123291015625,0.637067437171936,0.67064368724823,0.9169034361839294,0.0,1.0,1.0,1.0,1.0
SNPT-151,15,34,0,329.0,1921.2445068359375,1902.2445068359375,269.5299377441406,0.9107084274291992,0.5932961702346802,0.9737213253974915,0.0,0.0,0.0,1.0,1.0
SNPT-101,12,34,0,322.0,47.7305793762207,-0.33215442299842834,-47.72942352294922,0.9637936949729919,0.8173263669013977,0.9879112243652344,0.0,0.0,0.0,1.0,1.0
SNPT-154,14,37,0,171.0,102.41573333740234,3.6245052814483643,-102.35157775878906,1.2413772344589233,0.6519744992256165,0.8775697946548462,0.0,1.0,0.0,0.0,1.0
SNPT-105,37,30,1,101.0,26.196239471435547,2.7797999382019043,-26.0483341217041,0.6046779751777649,0.8740449547767639,0.8711472153663635,1.0,0.0,0.0,1.0,1.0
SNPT-155,3,24,0,104.0,24.16022491455078,1.350213646888733,-24.122467041015625,0.9652379155158997,0.7500559091567993,0.8907039165496826,0.0,1.0,0.0,0.0,1.0
SNPT-070,5,18,0,67.0,1887.09033203125,1887.084716796875,4.5742411613464355,1.5562978982925415,0.9081521034240723,0.931713879108429,0.0,1.0,1.0,1.0,1.0
SNPT-101,32,40,1,108.0,67.06307220458984,2.5611884593963623,-67.01415252685547,0.9657440781593323,0.823239266872406,0.9888942837715149,0.0,0.0,0.0,1.0,1.0
SNPT-064,9,33,0,134.0,177.16348266601562,54.742923736572266,168.49365234375,1.1810779571533203,0.7434370517730713,0.964127779006958,0.0,1.0,1.0,0.0,1.0
SNPT-158,21,36,1,259.0,280.80426025390625,-19.53061866760254,280.1242370605469,0.6398817896842957,0.7296250462532043,0.8181278705596924,0.0,0.0,0.0,1.0,0.0
SNPT-064,38,40,0,178.0,1904.0958251953125,1895.6583251953125,-179.05392456054688,1.4455798864364624,0.8386739492416382,0.9810135960578918,0.0,0.0,0.0,1.0,1.0
SNPT-105,19,23,0,102.0,281.9588317871094,-8.8512544631958,-281.8198547363281,1.033850908279419,0.5687021017074585,0.8966294527053833,0.0,0.0,0.0,0.0,1.0
SNPT-114,13,18,0,135.0,12.821063041687012,-7.155005931854248,10.638870239257812,0.8623577952384949,0.8472338914871216,0.949019193649292,0.0,0.0,0.0,1.0,1.0
SNPT-060,11,28,0,303.0,1864.42724609375,-1864.2562255859375,-25.246429443359375,1.0679486989974976,0.8518324494361877,0.966101348400116,0.0,0.0,0.0,0.0,1.0
SNPT-167,30,17,0,228.0,111.21289825439453,5.572388648986816,-111.07321166992188,0.9548014998435974,0.6966536045074463,0.9275851845741272,0.0,1.0,1.0,0.0,1.0
SNPT-077,9,22,1,61.0,102.20458221435547,22.879758834838867,99.61071014404297,1.768588900566101,0.9480006694793701,0.966178834438324,0.0,0.0,0.0,1.0,1.0
SNPT-113,35,31,0,422.0,102.91761779785156,-85.07197570800781,-57.92059326171875,1.2555687427520752,0.6722429990768433,0.8668096661567688,0.0,0.0,0.0,0.0,1.0
SNPT-111,34,40,0,126.0,1948.625,1908.7568359375,-392.156005859375,1.8193987607955933,0.6880303025245667,0.9606866836547852,0.0,0.0,0.0,1.0,1.0
SNPT-063,1,43,0,634.0,41.45427322387695,10.382349014282227,40.13307571411133,0.8531417846679688,0.5987387895584106,0.8658726811408997,0.0,0.0,0.0,1.0,1.0
SNPT-067,14,35,0,242.0,1454.0621337890625,-1453.929443359375,-19.642667770385742,1.306603193283081,0.6327353119850159,0.8999850749969482,0.0,0.0,0.0,0.0,1.0
SNPT-108,5,28,0,205.0,89.57711029052734,7.759448528289795,-89.24040985107422,0.7577081322669983,0.8577184677124023,0.9682648181915283,0.0,1.0,1.0,1.0,1.0
SNPT-105,15,30,0,312.0,1934.98583984375,-1907.5107421875,324.9198303222656,0.36680662631988525,0.7101661562919617,0.8290203213691711,0.0,0.0,0.0,1.0,1.0
SNPT-167,30,12,0,274.0,62.134979248046875,0.9214937090873718,-62.128143310546875,0.8852732181549072,0.5260258913040161,0.9213454723358154,0.0,1.0,1.0,0.0,1.0
SNPT-166,7,27,0,454.0,144.9910888671875,1.211996078491211,-144.98602294921875,1.123266339302063,0.7491906881332397,0.9390267729759216,0.0,0.0,0.0,0.0,0.0
SNPT-100,21,25,0,372.0,1891.099853515625,-1891.0953369140625,4.141763210296631,0.9940908551216125,0.8225198984146118,0.976331353187561,0.0,0.0,0.0,1.0,1.0
SNPT-074,1,25,0,607.0,162.21664428710938,99.69866180419922,-127.96255493164062,0.853839099407196,0.7941135168075562,0.9497248530387878,0.0,0.0,0.0,0.0,1.0
SNPT-151,8,37,0,189.0,114.59114074707031,-12.865030288696289,-113.86668395996094,0.8994994163513184,0.6876969337463379,0.8913710713386536,0.0,0.0,0.0,0.0,1.0
SNPT-065,20,24,0,67.0,1858.7674560546875,1858.3658447265625,-38.6395149230957,0.9782816171646118,0.7706677913665771,0.9545082449913025,0.0,0.0,0.0,1.0,1.0
SNPT-154,17,56,0,314.0,1784.2928466796875,-1779.631103515625,128.89625549316406,0.7098903059959412,0.7674932479858398,0.9609142541885376,0.0,0.0,0.0,1.0,1.0
SNPT-155,16,23,0,46.0,1906.300537109375,-1902.0924072265625,126.59532928466797,0.7367955446243286,0.8164006471633911,0.9711782932281494,0.0,0.0,0.0,1.0,1.0
SNPT-113,25,30,0,176.0,10.10451602935791,8.635372161865234,-5.247056484222412,0.8545244336128235,0.9058012366294861,0.988320529460907,0.0,0.0,0.0,1.0,1.0
SNPT-167,1,30,0,448.0,1908.6011962890625,1906.2271728515625,-95.16485595703125,1.140075922012329,0.7799582481384277,0.9603354334831238,0.0,1.0,1.0,1.0,1.0
SNPT-159,24,38,0,169.0,396.8701477050781,5.249601364135742,-396.8354187011719,2.773702621459961,0.6179810762405396,0.8408350944519043,0.0,0.0,0.0,0.0,1.0
SNPT-073,39,29,1,225.0,35.03079605102539,-5.674236297607422,34.56818771362305,1.084929347038269,0.9802989363670349,0.9847703576087952,1.0,0.0,1.0,1.0,1.0
SNPT-061,6,35,0,492.0,210.16163635253906,-4.81701135635376,-210.10643005371094,1.3375763893127441,0.745186448097229,0.9416804313659668,0.0,0.0,0.0,0.0,1.0
SNPT-163,2,40,0,274.0,1835.632568359375,-1826.2916259765625,-184.9478302001953,1.768832802772522,0.7371509075164795,0.8378291130065918,0.0,0.0,0.0,0.0,1.0
SNPT-075,8,32,0,79.0,159.16094970703125,-4.34839391708374,-159.10154724121094,1.4282317161560059,0.704519510269165,0.8552112579345703,0.0,0.0,0.0,0.0,1.0
SNPT-097,7,23,0,108.0,368.85235595703125,-4.086896896362305,368.8297119140625,0.7677812576293945,0.6462588310241699,0.9858988523483276,0.0,1.0,1.0,1.0,1.0
SNPT-105,15,22,0,83.0,57.027984619140625,-3.5107455253601074,56.91981887817383,0.5777316093444824,0.6460998058319092,0.918887197971344,0.0,0.0,0.0,0.0,1.0
SNPT-067,10,34,0,242.0,509.8177490234375,92.9417495727539,501.27435302734375,0.5113009810447693,0.6689382791519165,0.9377922415733337,0.0,0.0,0.0,0.0,1.0
SNPT-070,1,24,0,395.0,34.75495529174805,-9.597264289855957,-33.40358352661133,1.4201152324676514,0.7312955856323242,0.9256047010421753,0.0,1.0,1.0,0.0,1.0
SNPT-063,13,48,0,513.0,267.8238220214844,0.4959881007671356,-267.8233642578125,1.5876836776733398,0.8542855381965637,0.9853276014328003,0.0,0.0,0.0,1.0,1.0
SNPT-110,44,12,1,46.0,38.48265838623047,5.530259132385254,38.083213806152344,1.4005868434906006,0.8100345730781555,0.9675002694129944,0.0,1.0,0.0,1.0,0.0
SNPT-111,10,23,0,90.0,71.0819091796875,23.34616470336914,-67.13861846923828,1.1464980840682983,0.7797837257385254,0.9264551997184753,0.0,0.0,0.0,0.0,0.0
SNPT-098,8,33,0,447.0,505.7984924316406,6.357760429382324,505.7585144042969,0.3507135510444641,0.6211463212966919,0.9380901455879211,0.0,0.0,0.0,0.0,0.0
SNPT-106,10,20,0,214.0,26.801183700561523,0.7445285320281982,26.79084014892578,1.050316572189331,0.687667965888977,0.9387370347976685,0.0,0.0,0.0,0.0,1.0
SNPT-159,20,32,1,109.0,21.486026763916016,-5.561700344085693,20.753719329833984,1.0217000246047974,0.893637478351593,0.976197361946106,0.0,0.0,0.0,1.0,1.0
SNPT-107,13,28,1,136.0,90.63351440429688,6.026036262512207,90.43296813964844,0.6542994976043701,0.9615874290466309,0.9876649975776672,1.0,0.0,1.0,1.0,1.0
SNPT-154,8,44,1,455.0,53.27379608154297,40.73975372314453,34.327388763427734,1.1407588720321655,0.8342025876045227,0.9325236678123474,0.0,0.0,0.0,1.0,0.0
SNPT-069,12,25,0,193.0,59.03422927856445,-17.098751068115234,56.50374221801758,0.6277776956558228,0.8827852010726929,0.9527210593223572,0.0,0.0,0.0,1.0,1.0
SNPT-109,19,31,0,398.0,158.23219299316406,-96.8359146118164,125.14085388183594,0.79195636510849,0.6950163841247559,0.9179532527923584,0.0,0.0,0.0,0.0,1.0
SNPT-063,9,42,1,537.0,61.070499420166016,-8.215803146362305,-60.51533889770508,1.2629997730255127,0.8384647369384766,0.9739120602607727,0.0,0.0,0.0,1.0,1.0
SNPT-153,20,29,1,196.0,4.1522626876831055,-3.9890708923339844,-1.15264892578125,0.8874063491821289,0.9217342138290405,0.9723703861236572,0.0,0.0,0.0,1.0,1.0
SNPT-164,28,35,0,91.0,77.4347915649414,7.455300331115723,-77.07505798339844,1.0557650327682495,0.802026629447937,0.9826932549476624,0.0,0.0,0.0,1.0,1.0
SNPT-072,26,31,0,205.0,1903.0040283203125,-1899.78271484375,110.68016815185547,0.8742206692695618,0.669924795627594,0.8777878880500793,0.0,0.0,0.0,0.0,0.0
SNPT-167,10,38,0,8.0,143.6354522705078,-3.3190245628356934,-143.5970916748047,1.1353729963302612,0.6309009194374084,0.9259223937988281,0.0,0.0,0.0,0.0,1.0
SNPT-169,41,44,0,570.0,1899.7479248046875,1899.740234375,-5.392811298370361,0.91138756275177,0.7811776399612427,0.982358455657959,0.0,0.0,0.0,1.0,1.0
SNPT-164,1,31,0,329.0,392.22607421875,4.4145379066467285,392.20123291015625,0.7322921752929688,0.5951768755912781,0.9201475381851196,0.0,1.0,1.0,0.0,1.0
SNPT-060,28,34,0,181.0,345.6673278808594,26.136672973632812,344.67779541015625,0.6971701383590698,0.72474205493927,0.9327049255371094,0.0,0.0,0.0,0.0,1.0
SNPT-111,5,36,1,1.0,6.751946926116943,5.596430778503418,-3.777400255203247,1.0992659330368042,0.6624090671539307,0.9346027970314026,0.0,0.0,0.0,0.0,0.0
SNPT-063,47,41,1,53.0,87.39598846435547,87.28948974609375,4.313210487365723,1.1649831533432007,0.9425203800201416,0.9896098971366882,0.0,0.0,0.0,1.0,1.0
SNPT-075,28,26,0,317.0,190.53421020507812,-10.660964965820312,190.2357177734375,1.1641080379486084,0.806756317615509,0.8893001675605774,0.0,0.0,0.0,1.0,1.0
SNPT-077,9,20,0,56.0,1899.51611328125,1896.3797607421875,109.11071014404297,1.2375677824020386,0.8787874579429626,0.977996289730072,0.0,0.0,0.0,1.0,1.0
SNPT-107,14,36,0,670.0,1901.6607666015625,-1901.462890625,-27.43730926513672,0.7228766679763794,0.6710917353630066,0.840922474861145,0.0,0.0,0.0,0.0,1.0
SNPT-159,54,29,0,135.0,1905.989013671875,-1902.482177734375,115.56581115722656,0.9100385904312134,0.6661365032196045,0.9337936043739319,0.0,0.0,0.0,0.0,1.0
SNPT-066,44,49,0,7.0,58.82270431518555,-44.45273208618164,-38.523563385009766,0.8171671628952026,0.8362812399864197,0.9553336501121521,0.0,1.0,0.0,0.0,1.0
SNPT-170,36,9,1,1.0,250.01278686523438,244.57118225097656,51.878021240234375,0.9759256839752197,0.9674333333969116,0.9951030015945435,0.0,0.0,0.0,1.0,1.0
SNPT-154,2,43,0,421.0,91.23918914794922,-11.181174278259277,90.55148315429688,1.1612951755523682,0.8170567750930786,0.9519472718238831,0.0,0.0,0.0,1.0,1.0
SNPT-098,11,30,1,184.0,135.94342041015625,2.952178478240967,135.91136169433594,0.7732638120651245,0.8766891956329346,0.9748216867446899,1.0,0.0,1.0,1.0,1.0
SNPT-170,4,34,0,617.0,57.94443893432617,57.9442024230957,0.1654282808303833,1.7430567741394043,0.6640880703926086,0.9660248756408691,0.0,0.0,0.0,1.0,1.0
SNPT-155,1,24,0,240.0,380.1861267089844,2.563763380050659,-380.1774597167969,1.4008896350860596,0.6270763874053955,0.875178873538971,0.0,1.0,0.0,0.0,1.0
SNPT-065,4,28,1,3.0,48.2778205871582,48.27775955200195,0.07884008437395096,0.8833679556846619,0.9321559071540833,0.9820638298988342,0.0,0.0,0.0,1.0,1.0
SNPT-068,21,26,0,10.0,1886.210205078125,1884.50439453125,-80.20135498046875,1.307068109512329,0.8222432136535645,0.9607746601104736,0.0,1.0,1.0,1.0,1.0
SNPT-159,33,36,0,157.0,233.64056396484375,28.13452911376953,-231.9404296875,1.5081385374069214,0.745461106300354,0.8955423831939697,0.0,0.0,0.0,0.0,1.0
SNPT-108,4,31,1,501.0,1898.367919921875,1884.225830078125,231.2874755859375,0.5689978003501892,0.9301900863647461,0.9573038816452026,1.0,0.0,1.0,1.0,1.0
SNPT-064,9,27,0,121.0,141.8994903564453,45.242923736572266,134.49365234375,1.8001562356948853,0.8153200149536133,0.9382767081260681,0.0,1.0,1.0,0.0,1.0
SNPT-064,36,40,0,202.0,1185.61669921875,1156.616455078125,-260.6248779296875,1.1373213529586792,0.7454441785812378,0.941416323184967,0.0,0.0,0.0,0.0,1.0
SNPT-072,10,33,1,66.0,71.49949645996094,5.508573532104492,71.28697967529297,0.7591218948364258,0.956363320350647,0.9671666026115417,0.0,0.0,0.0,1.0,1.0
SNPT-065,1,25,1,3.0,32.50428009033203,32.32273864746094,3.4305944442749023,1.0914201736450195,0.9618734121322632,0.9582634568214417,1.0,0.0,1.0,1.0,1.0
SNPT-159,52,55,0,19.0,63.92709732055664,-6.778965473175049,63.566650390625,0.9815037250518799,0.6980043649673462,0.9497868418693542,0.0,0.0,0.0,0.0,0.0
SNPT-073,2,22,1,65.0,44.74552536010742,-2.4870595932006836,-44.676353454589844,0.8172571063041687,0.9309159517288208,0.9848296046257019,0.0,0.0,0.0,1.0,0.0
SNPT-103,7,25,1,67.0,31.13300132751465,7.516872406005859,30.211923599243164,0.9521821141242981,0.9216136932373047,0.9911685585975647,1.0,0.0,1.0,1.0,1.0
SNPT-097,9,23,0,103.0,92.76811981201172,-7.372303009033203,92.47471618652344,1.165751338005066,0.7167984247207642,0.8991112112998962,0.0,1.0,1.0,0.0,1.0
SNPT-115,4,26,0,265.0,1903.1705322265625,1893.9365234375,187.25025939941406,0.9915086627006531,0.7202529907226562,0.8478367328643799,0.0,0.0,0.0,0.0,1.0
SNPT-159,9,20,0,142.0,18.256975173950195,-9.777872085571289,15.41786003112793,1.1167718172073364,0.6534320712089539,0.8533015251159668,0.0,1.0,1.0,0.0,1.0
SNPT-105,1,26,1,1.0,41.22628402709961,-40.80891036987305,5.851431369781494,0.8650906085968018,0.900504469871521,0.9932787418365479,0.0,0.0,0.0,1.0,1.0
SNPT-161,22,39,0,624.0,119.45527648925781,-0.2956750690937042,-119.45491027832031,1.363132357597351,0.6511114835739136,0.9269250631332397,0.0,0.0,0.0,0.0,1.0
SNPT-099,6,25,1,169.0,248.04696655273438,19.36734390258789,247.28970336914062,0.8401030898094177,0.9226647019386292,0.968982458114624,1.0,0.0,1.0,1.0,1.0
SNPT-060,16,32,1,152.0,66.96125793457031,47.84589767456055,46.846343994140625,0.6995563507080078,0.9286215305328369,0.9894855618476868,0.0,0.0,0.0,1.0,1.0
SNPT-075,2,24,0,78.0,88.4223861694336,3.3225536346435547,-88.35994720458984,1.4872299432754517,0.8392326831817627,0.9623236656188965,0.0,0.0,0.0,1.0,1.0
SNPT-074,1,23,1,122.0,22.040929794311523,15.198665618896484,-15.962554931640625,0.7873862981796265,0.9632809162139893,0.9909524321556091,0.0,0.0,0.0,1.0,1.0
SNPT-067,9,24,0,16.0,1886.9527587890625,-1886.615234375,35.69132995605469,1.177567958831787,0.6508550047874451,0.9298432469367981,0.0,0.0,0.0,0.0,0.0
SNPT-159,10,41,0,305.0,1930.1514892578125,1897.2242431640625,-355.0003356933594,1.9298993349075317,0.7225965857505798,0.9262678623199463,0.0,0.0,0.0,0.0,1.0
SNPT-066,36,41,0,415.0,223.47354125976562,168.10459899902344,147.24559020996094,0.5779068470001221,0.8239853382110596,0.8110771179199219,0.0,0.0,0.0,1.0,1.0
SNPT-158,13,40,0,340.0,56.10430145263672,-1.8056137561798096,-56.07524108886719,0.9357514381408691,0.5539700388908386,0.8868778944015503,0.0,0.0,0.0,0.0,0.0
SNPT-168,20,21,0,63.0,1905.6187744140625,-1905.51513671875,19.878602981567383,0.6433053016662598,0.458316445350647,0.8584036231040955,0.0,0.0,0.0,1.0,1.0
SNPT-154,20,41,0,274.0,20.974458694458008,11.619433403015137,-17.461862564086914,1.2024106979370117,0.9297313690185547,0.9431877732276917,0.0,0.0,0.0,1.0,1.0
SNPT-159,4,59,0,63.0,218.1737518310547,3.672898054122925,218.14283752441406,0.6283443570137024,0.7625675201416016,0.9852645993232727,0.0,1.0,1.0,1.0,1.0
SNPT-105,6,37,0,395.0,298.02838134765625,7.065234661102295,297.9446105957031,0.6842735409736633,0.5774927139282227,0.9174210429191589,0.0,0.0,0.0,0.0,1.0
SNPT-159,17,43,1,440.0,5.112297534942627,-5.108680248260498,-0.1922813057899475,1.2318326234817505,0.6988770961761475,0.9215460419654846,0.0,0.0,0.0,1.0,1.0
SNPT-066,7,35,1,3.0,215.76705932617188,-211.71737670898438,41.60737609863281,1.7085473537445068,0.9469078183174133,0.9506109356880188,1.0,0.0,1.0,1.0,1.0
SNPT-170,6,31,1,269.0,21.184486389160156,8.867674827575684,19.239198684692383,0.9350184202194214,0.7069568634033203,0.9823277592658997,0.0,0.0,0.0,1.0,1.0
SNPT-157,1,27,0,170.0,332.0945129394531,20.512731552124023,-331.46038818359375,1.2702590227127075,0.651152491569519,0.9314343929290771,0.0,0.0,0.0,0.0,1.0
SNPT-105,4,32,0,282.0,1898.2071533203125,1890.578125,170.0137176513672,0.7506716251373291,0.8218614459037781,0.9847412109375,0.0,1.0,0.0,1.0,1.0
SNPT-106,4,17,1,121.0,17.316560745239258,-2.719078540802002,17.10175132751465,1.2620861530303955,0.8953736424446106,0.9877777099609375,0.0,0.0,0.0,1.0,1.0
SNPT-068,18,33,0,356.0,1921.8646240234375,1893.1396484375,-331.0374450683594,1.031507968902588,0.7853805422782898,0.9352073669433594,0.0,0.0,0.0,1.0,1.0
SNPT-063,21,41,0,358.0,1822.8763427734375,-1812.4031982421875,-195.1227569580078,1.4072542190551758,0.739136815071106,0.9498740434646606,0.0,0.0,0.0,0.0,1.0
SNPT-101,44,37,0,400.0,1905.509765625,-1903.4710693359375,88.12095642089844,0.7641283273696899,0.7833508253097534,0.933000922203064,0.0,0.0,0.0,1.0,1.0
SNPT-168,14,26,0,391.0,119.5657958984375,-33.91060256958008,114.6562271118164,1.1320436000823975,0.6886088252067566,0.945178747177124,0.0,0.0,0.0,1.0,1.0
SNPT-060,10,35,1,168.0,64.81866455078125,42.16424560546875,49.230430603027344,0.8219331502914429,0.9424181580543518,0.9910197257995605,0.0,0.0,0.0,1.0,1.0
SNPT-108,7,21,0,106.0,10.536246299743652,6.920684337615967,-7.944597244262695,0.6797478795051575,0.7142933011054993,0.9868377447128296,0.0,0.0,0.0,1.0,1.0
SNPT-065,44,20,1,119.0,25.109712600708008,1.2012418508529663,25.080963134765625,1.3291797637939453,0.9625796675682068,0.9836927056312561,1.0,0.0,1.0,1.0,1.0
SNPT-066,10,33,0,102.0,1032.339599609375,-1032.1239013671875,21.103919982910156,1.4778170585632324,0.8142939805984497,0.9802165031433105,0.0,0.0,0.0,1.0,1.0
SNPT-154,21,56,0,299.0,1886.1907958984375,-1883.808837890625,94.76338195800781,0.9171695709228516,0.8971911072731018,0.9693906903266907,0.0,0.0,0.0,1.0,1.0
SNPT-061,24,33,0,202.0,131.001953125,-0.3980291485786438,-131.0013427734375,1.3035238981246948,0.812828540802002,0.9668298959732056,0.0,0.0,0.0,1.0,1.0
SNPT-106,4,24,0,524.0,181.90696716308594,1.780921459197998,-181.89825439453125,1.2584317922592163,0.6903566122055054,0.9806593656539917,0.0,0.0,0.0,1.0,1.0
SNPT-154,5,40,0,191.0,195.39862060546875,80.22135925292969,178.17169189453125,0.9184785485267639,0.7640351057052612,0.9221363663673401,0.0,1.0,1.0,0.0,1.0
SNPT-062,1,30,0,383.0,1927.1563720703125,1894.218994140625,-354.7755432128906,1.2032550573349,0.8467460870742798,0.8949084877967834,0.0,0.0,0.0,0.0,1.0
SNPT-159,10,31,0,85.0,49.3485107421875,49.224212646484375,-3.5003457069396973,0.991730809211731,0.842767059803009,0.9808180332183838,0.0,1.0,0.0,1.0,1.0
SNPT-168,2,25,0,214.0,135.2265625,4.921834945678711,135.136962890625,0.7018835544586182,0.7526369094848633,0.8949601650238037,0.0,0.0,0.0,0.0,0.0
SNPT-151,9,34,0,9.0,1821.46826171875,1771.829345703125,422.3357849121094,0.7635881304740906,0.6723881959915161,0.9490482807159424,0.0,1.0,1.0,0.0,1.0
SNPT-163,6,30,1,284.0,116.64501953125,4.070137977600098,116.57398223876953,1.0193662643432617,0.911482036113739,0.9714926481246948,1.0,0.0,1.0,1.0,1.0
SNPT-158,4,24,0,3.0,1905.29833984375,-1902.070556640625,-110.85762023925781,1.1522941589355469,0.5677245855331421,0.8923836946487427,0.0,1.0,1.0,0.0,0.0
SNPT-062,30,7,1,38.0,18.02912712097168,-4.563357353210449,17.442052841186523,1.2468538284301758,0.9840232133865356,0.9477236866950989,0.0,0.0,0.0,1.0,1.0
SNPT-107,10,29,0,57.0,243.05416870117188,2.644993305206299,243.03977966308594,0.43849050998687744,0.7420166730880737,0.9738900065422058,0.0,0.0,0.0,1.0,1.0
SNPT-105,18,27,0,135.0,169.0226593017578,9.559122085571289,-168.75213623046875,1.371519923210144,0.6872090101242065,0.9501286149024963,0.0,1.0,1.0,1.0,0.0
SNPT-157,7,28,1,126.0,62.874244689941406,15.236553192138672,-61.00014877319336,0.8415969014167786,0.915002703666687,0.9808589220046997,0.0,0.0,0.0,1.0,1.0
SNPT-166,12,26,0,105.0,75.90570831298828,-2.485619306564331,75.86499786376953,0.6251943707466125,0.8515392541885376,0.9824774861335754,0.0,0.0,0.0,1.0,1.0
SNPT-170,17,32,1,279.0,114.67407989501953,-5.536742210388184,114.54033660888672,0.7197514772415161,0.7704097032546997,0.8835394382476807,0.0,0.0,0.0,1.0,1.0
SNPT-110,3,34,1,303.0,180.62705993652344,12.652803421020508,-180.183349609375,0.8512348532676697,0.8524986505508423,0.9818037748336792,1.0,0.0,1.0,1.0,0.0
SNPT-163,2,19,0,234.0,100.96319580078125,-8.775728225708008,-100.5810775756836,1.637401819229126,0.70384681224823,0.8726732134819031,0.0,1.0,0.0,1.0,1.0
SNPT-071,5,25,0,167.0,380.7570495605469,380.67926025390625,7.69662618637085,0.6679999828338623,0.9167453646659851,0.938541829586029,0.0,1.0,1.0,1.0,1.0
SNPT-151,12,22,1,134.0,12.004676818847656,-11.562792778015137,3.227085590362549,1.1681350469589233,0.8543541431427002,0.9878196120262146,0.0,0.0,0.0,1.0,1.0
SNPT-167,32,26,0,1.0,42.45579528808594,-6.30174446105957,-41.985504150390625,0.8777726292610168,0.8889803886413574,0.9790741205215454,0.0,1.0,1.0,1.0,1.0
SNPT-068,18,35,0,358.0,1961.291259765625,1891.6396484375,-518.0374145507812,1.3356305360794067,0.74513179063797,0.9136843681335449,0.0,0.0,0.0,1.0,1.0
SNPT-107,3,21,0,27.0,1899.0626220703125,1898.943115234375,-21.311904907226562,0.7190081477165222,0.647240400314331,0.9330499768257141,0.0,0.0,0.0,0.0,1.0
SNPT-077,2,28,1,70.0,90.26473999023438,0.70060795545578,-90.26201629638672,1.2027497291564941,0.8545433282852173,0.9793705344200134,0.0,1.0,0.0,1.0,1.0
SNPT-154,1,21,0,52.0,1888.5047607421875,1888.40283203125,-19.618640899658203,1.2117853164672852,0.7316445708274841,0.932307243347168,0.0,0.0,0.0,0.0,1.0
SNPT-114,12,15,1,116.0,33.4204216003418,-8.262248992919922,32.383018493652344,0.9589839577674866,0.8891546726226807,0.9606459140777588,0.0,0.0,0.0,1.0,1.0
SNPT-115,17,24,1,102.0,12.170815467834473,-6.372221946716309,10.369355201721191,1.205376148223877,0.9642143249511719,0.9859472513198853,1.0,0.0,1.0,1.0,1.0
SNPT-063,23,43,0,96.0,130.78982543945312,-0.8416823148727417,130.787109375,0.8348588943481445,0.7885280847549438,0.9486246705055237,0.0,0.0,0.0,0.0,1.0
SNPT-154,12,48,1,419.0,227.80776977539062,0.03147915378212929,227.80775451660156,1.1250746250152588,0.7101328372955322,0.9438127875328064,0.0,1.0,1.0,0.0,0.0
SNPT-111,13,29,1,485.0,201.20848083496094,12.812124252319336,200.80015563964844,0.9594879150390625,0.8214259147644043,0.977441668510437,1.0,0.0,1.0,1.0,1.0
SNPT-073,17,36,0,215.0,207.18516540527344,1.7616119384765625,-207.1776885986328,1.5232371091842651,0.7689937353134155,0.9614368677139282,0.0,0.0,0.0,0.0,1.0
SNPT-161,28,36,0,411.0,178.03076171875,-0.6651198863983154,-178.02951049804688,1.7639216184616089,0.6629617214202881,0.8902274370193481,0.0,1.0,0.0,0.0,1.0
SNPT-163,13,28,0,442.0,1910.000732421875,-1897.9781494140625,213.9674072265625,0.5801486968994141,0.8074110746383667,0.9142781496047974,0.0,1.0,1.0,1.0,1.0
SNPT-159,55,45,1,279.0,175.27943420410156,3.5919551849365234,-175.2426300048828,1.5192368030548096,0.8230826258659363,0.9873045086860657,0.0,0.0,0.0,1.0,0.0
SNPT-163,3,32,0,310.0,81.30086517333984,4.3621954917907715,-81.18375396728516,1.4279208183288574,0.7662816047668457,0.9599864482879639,0.0,0.0,0.0,1.0,1.0
SNPT-164,4,34,0,101.0,434.227783203125,5.576091289520264,-434.1919860839844,2.3836748600006104,0.663830041885376,0.9156268835067749,0.0,0.0,0.0,0.0,0.0
SNPT-064,41,28,0,21.0,939.1817626953125,-937.8172607421875,-50.607818603515625,2.0021185874938965,0.8083604574203491,0.94282066822052,0.0,0.0,0.0,0.0,1.0
SNPT-060,16,39,0,270.0,108.39799499511719,3.3458988666534424,108.34634399414062,0.6569942831993103,0.8626978397369385,0.9605494141578674,0.0,0.0,0.0,1.0,1.0
SNPT-160,9,16,0,20.0,1874.8343505859375,-1873.0931396484375,-80.7845230102539,1.3074524402618408,0.904716968536377,0.956040620803833,0.0,1.0,1.0,1.0,1.0
SNPT-101,21,41,0,295.0,115.18963623046875,7.220187187194824,114.96312713623047,0.9110748767852783,0.7040104269981384,0.94503253698349,0.0,0.0,0.0,1.0,1.0
SNPT-066,47,37,1,9.0,397.401123046875,-397.35833740234375,-5.8321332931518555,1.4109578132629395,0.9779361486434937,0.9907498359680176,0.0,1.0,0.0,1.0,1.0
SNPT-068,22,36,0,411.0,1933.39697265625,1896.5882568359375,-375.4688720703125,1.182676911354065,0.7487730383872986,0.8502671718597412,0.0,0.0,0.0,0.0,1.0
SNPT-170,39,34,1,624.0,1097.711669921875,1095.158203125,74.82959747314453,1.2837941646575928,0.7555571794509888,0.9718478322029114,0.0,0.0,0.0,1.0,1.0
SNPT-153,12,28,0,162.0,1902.631103515625,1893.350830078125,-187.6912078857422,1.2307897806167603,0.7632091045379639,0.91861891746521,0.0,1.0,1.0,1.0,1.0
SNPT-067,16,27,0,78.0,117.27862548828125,2.1102867126464844,-117.25963592529297,1.2769650220870972,0.7340559363365173,0.9882693290710449,0.0,0.0,0.0,1.0,1.0
SNPT-166,7,21,0,285.0,86.48628234863281,0.21199610829353333,-86.48602294921875,0.9798744916915894,0.711661696434021,0.938987672328949,0.0,0.0,0.0,0.0,1.0
SNPT-158,11,39,0,275.0,571.7727661132812,-8.79509162902832,571.7051391601562,0.5721061825752258,0.8799703121185303,0.9739287495613098,0.0,1.0,1.0,1.0,1.0
SNPT-170,8,19,0,27.0,989.846923828125,-958.5663452148438,-246.87539672851562,1.8338429927825928,0.7793529033660889,0.8785831928253174,0.0,0.0,0.0,1.0,1.0
SNPT-165,2,29,1,220.0,601.0933837890625,229.02830505371094,555.7510986328125,2.0358731746673584,0.7647520899772644,0.95623379945755,1.0,0.0,1.0,1.0,1.0
SNPT-108,17,33,1,35.0,55.72869110107422,-22.57575798034668,-50.951175689697266,1.0831440687179565,0.9584634304046631,0.9832085371017456,0.0,0.0,0.0,1.0,1.0
SNPT-154,10,23,1,90.0,82.58232116699219,-2.613339900970459,82.54095458984375,0.9924852252006531,0.9307804703712463,0.9684418439865112,0.0,0.0,0.0,1.0,1.0
SNPT-063,45,29,0,212.0,54.486778259277344,8.068486213684082,53.886070251464844,0.9084079265594482,0.8407580852508545,0.9530144333839417,0.0,0.0,0.0,1.0,1.0
SNPT-072,22,33,0,410.0,1906.2618408203125,1904.623291015625,79.02023315429688,0.6299388408660889,0.8044840097427368,0.9131643176078796,0.0,0.0,0.0,0.0,1.0
SNPT-108,3,21,0,99.0,234.1288604736328,9.833608627319336,-233.92225646972656,1.0556373596191406,0.5701758861541748,0.9155698418617249,0.0,1.0,0.0,0.0,1.0
SNPT-067,20,28,0,89.0,211.86712646484375,30.962186813354492,-209.59251403808594,1.1830825805664062,0.9361506700515747,0.9848303198814392,0.0,0.0,0.0,1.0,1.0
SNPT-115,1,22,0,38.0,303.8138427734375,7.911704063415527,-303.7108154296875,1.1497794389724731,0.6030460596084595,0.7967902421951294,0.0,1.0,1.0,0.0,1.0
SNPT-077,26,30,0,475.0,268.17999267578125,-5.038294315338135,268.1326599121094,0.4897107779979706,0.8240607976913452,0.9636019468307495,0.0,1.0,1.0,1.0,1.0
SNPT-065,18,27,0,59.0,292.5870361328125,11.398722648620605,-292.36492919921875,1.1636700630187988,0.8192911744117737,0.9796587824821472,0.0,1.0,1.0,1.0,1.0
SNPT-154,3,31,0,175.0,218.68165588378906,11.03844928741455,218.40289306640625,0.8268541097640991,0.50925612449646,0.910897433757782,0.0,1.0,0.0,0.0,0.0
SNPT-164,20,33,1,336.0,42.59415054321289,0.9968665242195129,-42.58248519897461,1.1389085054397583,0.8484249114990234,0.984184741973877,0.0,0.0,0.0,1.0,1.0
SNPT-108,11,35,0,327.0,150.30247497558594,-14.315781593322754,149.61915588378906,0.9530392289161682,0.5449169874191284,0.9210693836212158,0.0,0.0,0.0,0.0,1.0
SNPT-066,9,41,1,572.0,13.474076271057129,-6.075397968292236,12.02664852142334,1.1419224739074707,0.9443482756614685,0.9778796434402466,1.0,0.0,1.0,1.0,1.0
SNPT-063,29,38,0,95.0,1922.6197509765625,1887.0302734375,368.2164001464844,0.6969678401947021,0.8870847821235657,0.9696968793869019,0.0,1.0,1.0,1.0,1.0
SNPT-101,43,12,0,233.0,101.78162384033203,-4.451327323913574,-101.68424224853516,0.9110543131828308,0.6142463684082031,0.8986270427703857,0.0,0.0,0.0,0.0,1.0
SNPT-068,16,26,0,334.0,1897.4659423828125,1897.445068359375,8.894827842712402,1.0317188501358032,0.7885271310806274,0.9366109371185303,0.0,0.0,0.0,0.0,0.0
SNPT-067,18,29,0,99.0,19.433542251586914,3.390169620513916,19.13555145263672,1.2256872653961182,0.7663533687591553,0.9549566507339478,0.0,0.0,0.0,0.0,1.0
SNPT-154,8,52,0,111.0,49.62843704223633,0.7135307192802429,-49.62330627441406,1.1434491872787476,0.7785108089447021,0.9327468276023865,0.0,0.0,0.0,0.0,0.0
SNPT-066,30,39,0,126.0,486.1414489746094,485.49505615234375,-25.061491012573242,0.641440749168396,0.8883672952651978,0.9891455769538879,0.0,1.0,1.0,1.0,1.0
SNPT-101,42,29,0,62.0,206.6705780029297,-15.359556198120117,206.09902954101562,0.6664351224899292,0.6202355623245239,0.925035834312439,0.0,1.0,1.0,0.0,1.0
SNPT-063,13,38,0,414.0,1914.998046875,1886.6630859375,328.20654296875,0.717238187789917,0.7220607995986938,0.9398707747459412,0.0,1.0,1.0,0.0,1.0
SNPT-067,9,27,0,90.0,40.468875885009766,13.384781837463379,38.19132995605469,1.2167024612426758,0.7079763412475586,0.967058002948761,0.0,0.0,0.0,0.0,1.0
SNPT-169,40,24,0,49.0,1658.898681640625,1658.8179931640625,-16.36300277709961,1.3177852630615234,0.6811612844467163,0.9171668291091919,0.0,0.0,0.0,0.0,1.0
SNPT-073,17,35,0,214.0,67.18952941894531,1.2616119384765625,-67.17768096923828,1.0165066719055176,0.7869011163711548,0.9740572571754456,0.0,0.0,0.0,0.0,1.0
SNPT-154,20,40,1,189.0,175.08660888671875,4.1194329261779785,175.0381317138672,1.0867325067520142,0.9757082462310791,0.9966676831245422,1.0,0.0,1.0,1.0,1.0
SNPT-103,28,24,0,290.0,6.931027412414551,-1.0440152883529663,6.851946830749512,1.719243049621582,0.7881196737289429,0.9071047902107239,0.0,1.0,1.0,1.0,1.0
SNPT-103,30,22,0,53.0,235.1873779296875,10.43903923034668,-234.95559692382812,1.4799572229385376,0.7007454037666321,0.8405982255935669,0.0,0.0,0.0,0.0,1.0
SNPT-151,10,19,0,157.0,1948.8062744140625,-1903.0477294921875,-419.8274230957031,1.8227183818817139,0.6578404903411865,0.8969996571540833,0.0,0.0,0.0,1.0,1.0
SNPT-154,2,29,0,100.0,127.5516128540039,-0.18117448687553406,127.55148315429688,1.0188910961151123,0.8500583171844482,0.9858843088150024,0.0,1.0,0.0,1.0,1.0
SNPT-061,4,26,0,160.0,1906.4471435546875,1877.5963134765625,330.413330078125,0.7233576774597168,0.7893596887588501,0.9678948521614075,1.0,0.0,1.0,0.0,1.0
SNPT-159,14,46,0,268.0,247.83468627929688,28.643333435058594,-246.1739044189453,1.6048234701156616,0.7689272165298462,0.9490861892700195,0.0,0.0,0.0,1.0,1.0
SNPT-158,5,29,0,174.0,185.39141845703125,-0.287932425737381,185.3911895751953,0.6375104188919067,0.7630365490913391,0.974716305732727,0.0,0.0,0.0,1.0,1.0
SNPT-060,12,37,0,578.0,1912.219482421875,-1893.9278564453125,263.8568115234375,0.6301981806755066,0.8106555342674255,0.9570580124855042,0.0,0.0,0.0,0.0,0.0
SNPT-160,6,26,0,375.0,37.6944465637207,0.8760483264923096,37.68426513671875,1.1423461437225342,0.7776806950569153,0.9756895899772644,0.0,0.0,0.0,1.0,1.0
SNPT-170,37,40,0,32.0,1086.9219970703125,-1085.4014892578125,-57.4720344543457,1.130881667137146,0.6947952508926392,0.9321078062057495,0.0,0.0,0.0,0.0,0.0
SNPT-163,2,37,0,566.0,1897.7672119140625,-1895.7757568359375,86.9189224243164,1.0057270526885986,0.6666616797447205,0.8670334815979004,0.0,1.0,1.0,0.0,1.0
SNPT-168,2,24,1,106.0,70.13934326171875,-0.5781651139259338,70.136962890625,0.7923572063446045,0.9501221179962158,0.9841796159744263,0.0,0.0,0.0,1.0,1.0
SNPT-161,10,38,0,674.0,1944.1416015625,1891.3382568359375,-450.0291748046875,1.4927737712860107,0.7547879219055176,0.9777994751930237,0.0,0.0,0.0,1.0,1.0
SNPT-099,12,27,1,205.0,154.11834716796875,20.916934967041016,152.6923370361328,0.855614960193634,0.8988882303237915,0.9805580377578735,0.0,0.0,0.0,1.0,1.0
SNPT-166,18,25,0,113.0,61.5743293762207,-4.216685771942139,-61.42977523803711,1.099698543548584,0.6749927401542664,0.9149174094200134,0.0,0.0,0.0,0.0,1.0
SNPT-076,20,24,0,25.0,1912.4798583984375,-1904.01611328125,179.7266387939453,0.47523996233940125,0.6039059162139893,0.9046421051025391,0.0,0.0,0.0,0.0,1.0
SNPT-101,4,38,0,427.0,1906.0107421875,-1895.0010986328125,204.56765747070312,0.8082048296928406,0.6135780215263367,0.8308451175689697,0.0,1.0,1.0,0.0,1.0
SNPT-154,2,37,0,279.0,1882.713623046875,1882.31884765625,38.55147933959961,1.0436854362487793,0.7729125022888184,0.9716419577598572,0.0,1.0,0.0,1.0,1.0
SNPT-159,6,37,1,278.0,1932.717041015625,1893.69287109375,386.4224548339844,0.978290319442749,0.8437949419021606,0.9910847544670105,1.0,0.0,1.0,1.0,1.0
SNPT-076,23,25,0,189.0,190.88568115234375,12.445135116577148,-190.4795684814453,1.0610549449920654,0.8830468654632568,0.9408953189849854,0.0,0.0,0.0,1.0,1.0
SNPT-109,17,32,0,454.0,289.97869873046875,2.76226544380188,289.9655456542969,0.5994089841842651,0.6117844581604004,0.9277478456497192,0.0,0.0,0.0,0.0,0.0
SNPT-161,10,28,0,155.0,1914.938232421875,1897.3382568359375,-259.0291748046875,0.9078678488731384,0.6835956573486328,0.8416978716850281,0.0,0.0,0.0,0.0,1.0
SNPT-108,3,37,0,627.0,1909.946533203125,1906.3336181640625,-117.4222640991211,1.0805022716522217,0.5591771602630615,0.9023557901382446,0.0,1.0,0.0,0.0,1.0
SNPT-162,12,31,0,91.0,18.58112907409668,0.542608380317688,18.573205947875977,1.2450679540634155,0.7466611862182617,0.892626941204071,0.0,0.0,0.0,0.0,1.0
SNPT-108,31,34,1,78.0,41.24260330200195,-16.774206161499023,-37.67729187011719,1.392325758934021,0.9291068315505981,0.9773873686790466,1.0,0.0,1.0,1.0,1.0
SNPT-163,40,42,0,272.0,1910.845458984375,1906.9237060546875,122.3621826171875,0.9475809335708618,0.767947793006897,0.908327043056488,0.0,0.0,0.0,1.0,0.0
SNPT-066,10,40,0,476.0,1897.630615234375,-1896.1239013671875,75.60391998291016,0.9458805918693542,0.857904314994812,0.9786629676818848,0.0,0.0,0.0,1.0,1.0
SNPT-151,11,23,1,342.0,55.79546356201172,-5.13327169418335,-55.5588264465332,1.231526255607605,0.9325059652328491,0.9614338278770447,1.0,0.0,0.0,1.0,1.0
SNPT-061,15,31,1,96.0,74.19226837158203,-4.9597907066345215,-74.02630615234375,1.3240126371383667,0.9412265419960022,0.9858109354972839,0.0,0.0,0.0,1.0,1.0
SNPT-169,10,16,0,93.0,356.72662353515625,-4.27773380279541,-356.7009582519531,1.7757786512374878,0.7708675265312195,0.973853349685669,0.0,0.0,0.0,1.0,1.0
SNPT-101,1,41,0,366.0,46.971187591552734,-8.636380195617676,-46.17039489746094,1.332829236984253,0.7017414569854736,0.9243208169937134,0.0,0.0,0.0,1.0,1.0
SNPT-097,27,28,1,49.0,32.51800537109375,-5.6437225341796875,-32.02450942993164,0.8325375318527222,0.9464288949966431,0.9737745523452759,1.0,0.0,1.0,1.0,1.0
SNPT-154,16,45,0,325.0,1877.7723388671875,-1877.5604248046875,28.216142654418945,0.9743121266365051,0.8331519961357117,0.9473407864570618,0.0,0.0,0.0,1.0,1.0
SNPT-158,3,32,0,210.0,432.7724914550781,-12.227507591247559,432.5997314453125,0.4752401113510132,0.6685528755187988,0.9213725328445435,0.0,0.0,0.0,0.0,1.0
SNPT-164,3,33,0,423.0,1905.6038818359375,1904.787109375,55.7892951965332,0.9504594802856445,0.5227567553520203,0.9199034571647644,0.0,0.0,0.0,0.0,0.0
SNPT-066,43,44,1,49.0,176.1763458251953,-30.539316177368164,-173.5092315673828,1.4330450296401978,0.9583518505096436,0.9629242420196533,1.0,0.0,1.0,1.0,1.0
SNPT-154,30,46,0,141.0,45.58120346069336,13.79198932647705,43.44452667236328,1.731344223022461,0.6100426912307739,0.9201828837394714,0.0,0.0,0.0,0.0,0.0
SNPT-111,1,32,0,722.0,1270.06201171875,1258.188720703125,-173.2593231201172,0.14969031512737274,0.6228938698768616,0.8659281730651855,0.0,0.0,0.0,1.0,1.0
SNPT-163,1,26,0,397.0,231.1894989013672,1.8923625946044922,-231.1817626953125,1.76627779006958,0.6802525520324707,0.8502739667892456,0.0,0.0,0.0,0.0,1.0
SNPT-072,1,24,0,8.0,1904.48583984375,1903.21044921875,-69.6865463256836,1.2680538892745972,0.8983582258224487,0.9463862180709839,0.0,1.0,0.0,1.0,1.0
SNPT-151,2,24,0,179.0,426.5462341308594,0.08250957727432251,-426.5462341308594,2.4360814094543457,0.7168456315994263,0.8563951849937439,0.0,0.0,0.0,0.0,1.0
SNPT-071,13,24,0,134.0,781.3221435546875,-781.26904296875,-9.109831809997559,0.7692477703094482,0.8678305745124817,0.9528095126152039,0.0,1.0,1.0,1.0,0.0
SNPT-162,46,39,0,329.0,1912.222412109375,1899.8348388671875,217.30604553222656,1.1384657621383667,0.8906843662261963,0.9171387553215027,0.0,1.0,1.0,1.0,1.0
SNPT-064,19,33,0,131.0,163.41836547851562,-1.1377735137939453,163.41441345214844,1.1088987588882446,0.827290415763855,0.9866885542869568,0.0,0.0,0.0,1.0,1.0
SNPT-063,4,19,0,9.0,1877.948974609375,1876.9598388671875,-60.942684173583984,1.3309123516082764,0.9121002554893494,0.9921397566795349,0.0,1.0,1.0,1.0,1.0
SNPT-111,36,18,0,37.0,21.20601463317871,-8.258787155151367,-19.531705856323242,1.3144826889038086,0.8258521556854248,0.9410455822944641,0.0,0.0,0.0,1.0,0.0
SNPT-158,5,32,0,223.0,390.4791564941406,-8.287932395935059,390.3912048339844,0.5583510398864746,0.6541547775268555,0.9138398170471191,0.0,0.0,0.0,0.0,1.0
SNPT-170,36,39,0,8.0,502.9000244140625,498.4148864746094,67.0150375366211,1.1211440563201904,0.6541241407394409,0.9492092728614807,0.0,0.0,0.0,0.0,1.0
SNPT-160,2,28,0,363.0,112.51998138427734,24.243404388427734,-109.8772201538086,1.7746820449829102,0.7222431898117065,0.8615763187408447,0.0,1.0,1.0,0.0,1.0
SNPT-076,4,25,0,157.0,458.70086669921875,-5.494049072265625,-458.66796875,1.1862142086029053,0.7450286149978638,0.9208983778953552,0.0,0.0,0.0,0.0,1.0
SNPT-110,12,33,0,351.0,165.60765075683594,8.796148300170898,165.37388610839844,0.6251251101493835,0.7065371870994568,0.9545141458511353,0.0,1.0,0.0,0.0,0.0
SNPT-098,2,30,1,487.0,1905.120849609375,-1900.4774169921875,-132.93287658691406,0.9367494583129883,0.7688862085342407,0.9673752784729004,0.0,0.0,0.0,1.0,1.0
SNPT-111,38,13,1,53.0,13.082496643066406,12.4349946975708,4.064805507659912,0.9469088315963745,0.8533822298049927,0.9694654941558838,0.0,0.0,0.0,1.0,1.0
SNPT-111,3,27,1,76.0,28.50421905517578,3.2562196254730225,28.31761932373047,1.264223575592041,0.9415417909622192,0.9760162234306335,1.0,0.0,1.0,1.0,1.0
SNPT-063,12,23,0,62.0,14.768766403198242,-13.331489562988281,-6.3551435470581055,1.4276416301727295,0.860141932964325,0.9683886766433716,0.0,1.0,0.0,0.0,1.0
SNPT-112,3,21,0,96.0,294.031982421875,-5.990060329437256,-293.970947265625,1.4802170991897583,0.5405471920967102,0.8999271392822266,0.0,1.0,1.0,0.0,1.0
SNPT-105,2,31,0,136.0,146.07200622558594,-0.6001237034797668,146.07078552246094,0.40982115268707275,0.653184175491333,0.8571756482124329,0.0,1.0,0.0,0.0,1.0
SNPT-067,17,30,1,227.0,143.82603454589844,49.34852600097656,135.09498596191406,0.9554554224014282,0.8913558721542358,0.980735182762146,0.0,0.0,0.0,1.0,1.0
SNPT-097,6,19,0,242.0,118.8282699584961,3.8681528568267822,-118.76529693603516,1.0601112842559814,0.8083986043930054,0.9872691035270691,0.0,0.0,0.0,1.0,1.0
SNPT-163,5,32,1,294.0,51.22654724121094,-1.1397786140441895,-51.213863372802734,1.2595890760421753,0.7542893886566162,0.9549033641815186,0.0,0.0,0.0,1.0,1.0
SNPT-064,4,34,0,8.0,823.3778076171875,822.3507080078125,41.11262130737305,1.9623479843139648,0.8075121641159058,0.9156785011291504,0.0,0.0,0.0,0.0,1.0
SNPT-099,5,26,0,206.0,397.1626892089844,0.8665856719017029,397.1617431640625,0.7164357900619507,0.8384517431259155,0.9733310341835022,0.0,1.0,1.0,1.0,1.0
SNPT-108,3,12,1,67.0,53.6878547668457,5.333608627319336,-53.422264099121094,0.8689332604408264,0.9614309668540955,0.98859703540802,1.0,0.0,0.0,1.0,1.0
SNPT-151,13,24,1,165.0,121.53340911865234,5.520341396331787,-121.40796661376953,1.3255236148834229,0.6994961500167847,0.9781018495559692,0.0,0.0,0.0,1.0,1.0
SNPT-158,14,31,1,187.0,64.29369354248047,-4.172316551208496,64.15817260742188,0.5207929015159607,0.877910315990448,0.9801672697067261,0.0,0.0,0.0,1.0,1.0
SNPT-068,3,24,0,126.0,176.62026977539062,-1.3425837755203247,-176.6151580810547,1.2033032178878784,0.7691994905471802,0.8941361904144287,0.0,0.0,0.0,0.0,1.0
SNPT-100,2,22,1,212.0,7.97599983215332,-6.604709625244141,-4.471508026123047,1.216302514076233,0.8040854930877686,0.9696363210678101,0.0,0.0,0.0,1.0,1.0
SNPT-170,37,27,0,42.0,1893.1436767578125,-1893.003173828125,-23.06332778930664,1.328174114227295,0.6413329243659973,0.9319347739219666,0.0,0.0,0.0,0.0,0.0
SNPT-160,18,34,0,244.0,684.6257934570312,550.550537109375,-406.9479064941406,3.7196755409240723,0.6595548391342163,0.8780800104141235,0.0,0.0,0.0,0.0,1.0
SNPT-068,7,26,0,321.0,1910.3486328125,1903.6436767578125,159.91455078125,0.9980437159538269,0.7415225505828857,0.9253591895103455,0.0,0.0,0.0,0.0,1.0
SNPT-170,8,18,0,27.0,446.56536865234375,-375.0663757324219,-242.37539672851562,1.8423588275909424,0.6597097516059875,0.8794011473655701,0.0,0.0,0.0,0.0,1.0
SNPT-170,25,30,0,64.0,33.00223159790039,19.322982788085938,26.75387191772461,0.5533714294433594,0.7178144454956055,0.9087827801704407,0.0,0.0,0.0,0.0,1.0
SNPT-154,28,44,1,139.0,49.46902084350586,41.162879943847656,27.437225341796875,1.1492438316345215,0.8756434321403503,0.9308634400367737,0.0,0.0,0.0,1.0,1.0
SNPT-071,2,27,0,261.0,1905.4625244140625,1876.6026611328125,-330.37841796875,1.0529316663742065,0.6635887026786804,0.8497079014778137,0.0,1.0,1.0,0.0,1.0
SNPT-166,14,24,0,455.0,113.31536102294922,1.1786158084869385,-113.30923461914062,1.1272567510604858,0.6532909274101257,0.9315178394317627,0.0,0.0,0.0,0.0,1.0
SNPT-075,29,30,0,102.0,193.75389099121094,3.9894158840179443,193.7128143310547,0.6219182014465332,0.7371690273284912,0.9227888584136963,0.0,0.0,0.0,1.0,1.0
SNPT-066,16,50,0,12.0,334.8356018066406,313.322021484375,118.08551788330078,1.2202520370483398,0.7061971426010132,0.9660184979438782,0.0,1.0,1.0,0.0,1.0
SNPT-107,25,36,0,23.0,1900.3734130859375,-1899.77587890625,-47.656455993652344,0.7883882522583008,0.5604836940765381,0.8921641707420349,0.0,0.0,0.0,0.0,0.0
SNPT-111,38,29,1,272.0,181.39752197265625,1.0281602144241333,181.3946075439453,0.908547580242157,0.9348832368850708,0.9884989261627197,0.0,0.0,0.0,1.0,1.0
SNPT-157,2,39,0,535.0,1889.9171142578125,1887.275390625,99.89075469970703,0.611723005771637,0.4884655475616455,0.916281521320343,0.0,0.0,0.0,0.0,0.0
SNPT-167,13,24,0,61.0,1868.197265625,-1867.6639404296875,44.6404914855957,0.9163818359375,0.6298946738243103,0.935115396976471,0.0,1.0,1.0,0.0,1.0
SNPT-164,3,36,1,460.0,15.881938934326172,-1.7129385471343994,15.789294242858887,0.9688234329223633,0.9282252788543701,0.9594138264656067,0.0,0.0,0.0,0.0,0.0
SNPT-170,6,28,0,15.0,1915.152099609375,-1896.13232421875,269.23919677734375,0.7380668520927429,0.8073818683624268,0.9741600155830383,0.0,0.0,0.0,1.0,1.0
SNPT-111,18,26,0,10.0,1867.6104736328125,-1863.7340087890625,120.26790618896484,0.7916299700737,0.8590991497039795,0.9702406525611877,0.0,1.0,0.0,1.0,1.0
SNPT-163,5,37,0,310.0,120.7972640991211,-1.6397786140441895,120.7861328125,0.7710282802581787,0.64771968126297,0.9118075370788574,0.0,1.0,1.0,0.0,1.0
SNPT-105,6,28,0,204.0,43.007301330566406,4.422797203063965,42.77928161621094,0.6725035905838013,0.7859727144241333,0.9645994901657104,0.0,0.0,0.0,1.0,1.0
SNPT-064,16,31,0,396.0,429.1993713378906,-409.3231506347656,-129.0994110107422,1.8729881048202515,0.7699406147003174,0.9331324696540833,0.0,1.0,1.0,1.0,1.0
SNPT-068,4,33,0,489.0,8.64453125,-7.642661094665527,4.039511203765869,0.6252943873405457,0.7050122022628784,0.9363849759101868,0.0,0.0,0.0,0.0,1.0
SNPT-106,4,25,0,525.0,184.90682983398438,1.780921459197998,-184.89825439453125,1.3490426540374756,0.7300800681114197,0.9221557378768921,0.0,0.0,0.0,0.0,0.0
SNPT-108,18,34,0,287.0,309.8612060546875,-19.26063346862793,309.2619934082031,0.7020068764686584,0.7521570920944214,0.9556111097335815,0.0,1.0,1.0,1.0,1.0
SNPT-114,1,25,0,37.0,1903.532958984375,1897.9342041015625,145.88821411132812,1.0542411804199219,0.7509447336196899,0.8920873403549194,0.0,1.0,1.0,0.0,1.0
SNPT-107,3,34,0,418.0,97.58341979980469,16.443071365356445,96.18809509277344,0.6229478120803833,0.6462600231170654,0.9176424145698547,0.0,0.0,0.0,0.0,1.0
SNPT-158,8,32,0,260.0,11.234321594238281,-10.01384449005127,-5.092435836791992,1.1888620853424072,0.8096250295639038,0.9634994268417358,0.0,1.0,1.0,1.0,1.0
SNPT-066,47,34,0,6.0,422.25689697265625,414.64166259765625,-79.8321304321289,1.8529415130615234,0.910041093826294,0.9841011762619019,0.0,0.0,0.0,1.0,1.0
SNPT-068,4,27,1,110.0,9.762312889099121,-8.642661094665527,4.539511203765869,1.0273255109786987,0.9577499032020569,0.9943434596061707,0.0,0.0,0.0,0.0,0.0
SNPT-101,11,32,0,131.0,152.10499572753906,-2.0077645778656006,152.0917510986328,0.7335062026977539,0.6527214646339417,0.9360331892967224,0.0,0.0,0.0,0.0,1.0
SNPT-115,4,18,0,20.0,1878.35546875,1877.4365234375,-58.74973678588867,0.9935747981071472,0.5566943883895874,0.8402804732322693,0.0,0.0,0.0,0.0,0.0
SNPT-161,8,33,0,211.0,111.33417510986328,-2.5208001136779785,111.30563354492188,0.732812225818634,0.617414653301239,0.9215008616447449,0.0,1.0,1.0,0.0,1.0
SNPT-115,16,27,0,137.0,288.3144836425781,-16.437591552734375,287.8455505371094,0.8797746896743774,0.8497170209884644,0.9876624345779419,0.0,1.0,1.0,1.0,1.0
SNPT-062,20,28,0,436.0,1918.8236083984375,1901.38818359375,258.0829772949219,0.6741361618041992,0.7474461793899536,0.9423332214355469,0.0,0.0,0.0,0.0,1.0
SNPT-114,13,29,0,265.0,1927.2830810546875,-1897.655029296875,336.6388854980469,0.7814038991928101,0.6890838742256165,0.9204626679420471,0.0,0.0,0.0,1.0,1.0
SNPT-154,3,34,0,315.0,1895.7020263671875,1895.5384521484375,24.90288543701172,1.2263247966766357,0.5455770492553711,0.9116665124893188,0.0,0.0,0.0,0.0,0.0
SNPT-154,52,45,0,72.0,36.21506118774414,8.08121109008789,35.301910400390625,1.1037261486053467,0.8058091402053833,0.971522867679596,0.0,0.0,0.0,1.0,1.0
SNPT-163,12,29,0,280.0,78.11802673339844,-49.031707763671875,60.81379699707031,0.9017088413238525,0.7929805517196655,0.9868177175521851,0.0,1.0,1.0,1.0,1.0
SNPT-158,13,38,1,278.0,123.58573150634766,-6.3056135177612305,123.42475891113281,1.1324862241744995,0.8861398696899414,0.9559865593910217,0.0,0.0,0.0,1.0,1.0
SNPT-163,12,28,0,264.0,205.25245666503906,-56.531707763671875,197.3137969970703,0.6489131450653076,0.8704203367233276,0.9376900792121887,0.0,1.0,1.0,1.0,1.0
SNPT-068,20,31,0,209.0,261.18255615234375,9.462182998657227,261.0111083984375,0.6420280933380127,0.7099366784095764,0.9604000449180603,0.0,0.0,0.0,0.0,1.0
SNPT-154,3,38,0,344.0,1885.5972900390625,1885.0384521484375,45.90288543701172,1.2214137315750122,0.625645637512207,0.8908430933952332,0.0,0.0,0.0,0.0,0.0
SNPT-108,9,35,0,634.0,1895.4718017578125,1888.908203125,157.6052703857422,0.7350693941116333,0.6078320145606995,0.938580334186554,0.0,0.0,0.0,0.0,1.0
SNPT-164,19,30,1,202.0,20.145906448364258,4.229971885681152,-19.696823120117188,0.9798256158828735,0.8466904163360596,0.9538871049880981,0.0,0.0,0.0,1.0,1.0
SNPT-068,3,27,0,266.0,393.69329833984375,-7.842583656311035,-393.61517333984375,1.5863763093948364,0.6897231340408325,0.9093053936958313,0.0,0.0,0.0,0.0,0.0
SNPT-065,1,37,0,295.0,1142.1055908203125,1131.32275390625,-156.5694122314453,0.8287361264228821,0.7939658761024475,0.9395434260368347,0.0,1.0,1.0,0.0,1.0
SNPT-061,14,31,0,261.0,1900.83544921875,-1884.9818115234375,-244.98782348632812,1.7924820184707642,0.8275625109672546,0.9228326082229614,0.0,0.0,0.0,1.0,1.0
SNPT-156,4,24,0,62.0,152.77687072753906,-8.141158103942871,152.559814453125,1.0011974573135376,0.7657361030578613,0.9105808138847351,0.0,0.0,0.0,1.0,1.0
SNPT-162,43,31,0,156.0,422.2716064453125,-4.655472755432129,422.2459411621094,0.8324833512306213,0.6202710866928101,0.9220038056373596,0.0,0.0,0.0,0.0,0.0
SNPT-103,5,27,0,531.0,1911.05322265625,-1906.4580078125,-132.44728088378906,1.4096876382827759,0.637012779712677,0.8740043044090271,0.0,0.0,0.0,0.0,1.0
SNPT-108,10,35,0,506.0,174.02902221679688,-17.77649688720703,173.1187286376953,0.6480588316917419,0.6342182755470276,0.9499377608299255,0.0,0.0,0.0,0.0,1.0
SNPT-106,8,28,0,627.0,1875.711669921875,-1875.676025390625,11.562989234924316,0.7540924549102783,0.6719377636909485,0.9727091193199158,0.0,0.0,0.0,1.0,1.0
SNPT-111,12,25,0,218.0,1857.98974609375,-1857.97900390625,-6.331199645996094,1.1359400749206543,0.6741570830345154,0.9432870149612427,0.0,0.0,0.0,1.0,1.0
SNPT-108,16,34,1,294.0,185.05189514160156,-12.435794830322266,184.63356018066406,0.814610481262207,0.8892582654953003,0.955898106098175,1.0,0.0,1.0,1.0,1.0
SNPT-107,6,30,0,337.0,102.40535736083984,8.637195587158203,102.04046630859375,0.5158095955848694,0.7338372468948364,0.9842517375946045,0.0,0.0,0.0,1.0,1.0
SNPT-111,39,25,0,65.0,180.66806030273438,23.00494956970215,-179.1974334716797,1.9124369621276855,0.5712464451789856,0.8609183430671692,0.0,0.0,0.0,0.0,1.0
SNPT-072,12,35,1,545.0,82.75074005126953,-0.215955451130867,82.75045776367188,0.7236118316650391,0.9579973220825195,0.9579604268074036,1.0,0.0,0.0,1.0,1.0
SNPT-161,24,25,0,9.0,1892.49365234375,-1885.8328857421875,-158.6387176513672,1.3983467817306519,0.9069560170173645,0.9873381853103638,0.0,1.0,1.0,1.0,1.0
SNPT-065,45,24,0,33.0,1860.9349365234375,1860.1763916015625,53.13230514526367,0.8606182932853699,0.6585772037506104,0.914108395576477,0.0,0.0,0.0,0.0,1.0
SNPT-109,36,17,0,35.0,68.6330795288086,-6.705526828765869,68.30472564697266,1.2683637142181396,0.5751032829284668,0.9521632790565491,0.0,0.0,0.0,0.0,0.0
SNPT-159,10,36,0,269.0,1935.12353515625,1909.7242431640625,-312.5003356933594,1.527803897857666,0.8062166571617126,0.9676762223243713,0.0,0.0,0.0,1.0,1.0
SNPT-160,10,32,0,283.0,190.4857177734375,-5.478726863861084,190.4069061279297,0.9780418276786804,0.6585476398468018,0.9457635283470154,0.0,0.0,0.0,0.0,1.0
SNPT-157,8,35,0,560.0,297.4946594238281,-8.390246391296387,297.3763122558594,0.4382583498954773,0.6532553434371948,0.8855189085006714,0.0,0.0,0.0,0.0,0.0
SNPT-102,4,26,0,323.0,221.67355346679688,3.648944854736328,-221.64352416992188,1.0841023921966553,0.7331752777099609,0.9872305393218994,0.0,0.0,0.0,1.0,1.0
SNPT-162,17,39,1,144.0,336.1021728515625,15.145206451416016,335.7607727050781,0.7776227593421936,0.9289882779121399,0.9847501516342163,0.0,0.0,0.0,1.0,0.0
SNPT-107,21,38,0,26.0,1890.093505859375,-1889.765869140625,35.19160842895508,0.8467780351638794,0.7769879102706909,0.9753875732421875,0.0,1.0,1.0,1.0,1.0
SNPT-169,39,35,0,135.0,1918.178955078125,-1906.645263671875,210.03411865234375,0.8146957755088806,0.7333280444145203,0.9337265491485596,0.0,0.0,0.0,0.0,1.0
SNPT-167,36,20,0,91.0,61.30017852783203,3.154909610748291,61.21894073486328,1.1114275455474854,0.6558719277381897,0.9348072409629822,0.0,0.0,0.0,0.0,1.0
SNPT-107,2,31,0,337.0,193.86000061035156,7.146407127380371,-193.72824096679688,1.098407506942749,0.6762988567352295,0.9148075580596924,0.0,0.0,0.0,0.0,1.0
SNPT-161,11,37,0,64.0,1912.1773681640625,1905.0850830078125,-164.5389862060547,1.5872931480407715,0.7741904258728027,0.9526167511940002,0.0,0.0,0.0,1.0,1.0
SNPT-066,47,42,0,459.0,573.349609375,565.1416625976562,96.6678695678711,1.4145177602767944,0.8631327152252197,0.9660318493843079,0.0,0.0,0.0,1.0,0.0
SNPT-097,2,24,0,107.0,465.75689697265625,-8.449870109558105,-465.68023681640625,1.9273432493209839,0.7031589150428772,0.9003921151161194,0.0,1.0,1.0,1.0,1.0
SNPT-104,26,3,0,158.0,120.70330047607422,7.287018775939941,120.4831314086914,2.024178981781006,0.6929553747177124,0.8204358220100403,0.0,0.0,0.0,0.0,1.0
SNPT-106,15,27,1,117.0,12.477983474731445,-2.014937162399292,12.314224243164062,0.8693551421165466,0.8753131628036499,0.989111065864563,1.0,0.0,1.0,1.0,1.0
SNPT-115,18,24,0,118.0,63.398834228515625,7.601125240325928,62.94152069091797,1.1013282537460327,0.6350786685943604,0.924307644367218,0.0,0.0,0.0,0.0,0.0
SNPT-060,13,36,0,177.0,74.9349594116211,-2.8792877197265625,74.87962341308594,0.6839642524719238,0.933447003364563,0.9851621985435486,0.0,0.0,0.0,1.0,1.0
SNPT-099,8,28,0,250.0,241.21739196777344,4.109100818634033,241.18238830566406,0.7633360624313354,0.7261025309562683,0.9711496829986572,0.0,1.0,1.0,1.0,1.0
SNPT-166,19,28,1,98.0,31.974702835083008,1.5260040760040283,31.938268661499023,0.8408494591712952,0.9364622831344604,0.984490692615509,0.0,0.0,0.0,1.0,1.0
SNPT-099,1,6,0,6.0,431.9938049316406,15.506558418273926,431.7154235839844,0.8375259041786194,0.9047166109085083,0.9725489616394043,0.0,1.0,1.0,1.0,1.0
SNPT-166,21,28,0,149.0,62.338768005371094,-3.2539026737213135,62.253787994384766,0.7507683634757996,0.7059791088104248,0.943390965461731,0.0,0.0,0.0,0.0,1.0
SNPT-168,23,25,0,159.0,1908.17138671875,1907.8175048828125,-36.74654769897461,0.8464966416358948,0.5741052627563477,0.9236857295036316,0.0,0.0,0.0,0.0,0.0
SNPT-154,13,42,0,304.0,1876.8607177734375,-1876.6114501953125,30.590547561645508,1.3344777822494507,0.6976092457771301,0.901621401309967,0.0,0.0,0.0,0.0,1.0
SNPT-060,9,39,0,199.0,72.90553283691406,-3.5160598754882812,72.8207015991211,0.8018182516098022,0.8001562356948853,0.9496769905090332,0.0,0.0,0.0,0.0,1.0
SNPT-165,1,26,0,246.0,804.4298706054688,0.6828439831733704,804.4295654296875,0.48283493518829346,0.692662239074707,0.8933416604995728,0.0,0.0,0.0,0.0,0.0
SNPT-063,18,42,0,314.0,1905.4696044921875,-1902.0194091796875,-114.61437225341797,1.4143528938293457,0.75336754322052,0.9314804077148438,0.0,0.0,0.0,0.0,1.0
SNPT-107,12,38,0,416.0,140.66864013671875,19.092403411865234,139.36695861816406,0.7499313354492188,0.8537065982818604,0.9883270859718323,0.0,1.0,1.0,1.0,1.0
SNPT-072,2,25,0,99.0,1908.6915283203125,1904.794189453125,-121.9122085571289,1.2545263767242432,0.7594274878501892,0.8636938333511353,0.0,1.0,1.0,0.0,1.0
SNPT-162,16,35,1,170.0,24.564321517944336,-17.69558334350586,-17.037378311157227,1.6196407079696655,0.8776884078979492,0.9755497574806213,0.0,0.0,0.0,1.0,1.0
SNPT-164,3,28,0,194.0,1899.6064453125,1898.787109375,55.7892951965332,0.7284983992576599,0.5930299162864685,0.9128984212875366,0.0,0.0,0.0,0.0,0.0
SNPT-162,23,38,0,190.0,99.54205322265625,-0.6143827438354492,99.54015350341797,1.070685625076294,0.877673327922821,0.9714574813842773,0.0,1.0,1.0,1.0,1.0
SNPT-070,6,30,0,188.0,297.9538269042969,0.2824191749095917,-297.95367431640625,2.29097843170166,0.8819847106933594,0.9397953748703003,0.0,1.0,1.0,1.0,1.0
SNPT-163,25,36,0,7.0,1882.815673828125,-1882.34326171875,42.17448425292969,1.001373529434204,0.731033444404602,0.9336051344871521,0.0,1.0,1.0,0.0,1.0
SNPT-151,3,38,0,216.0,70.33321380615234,1.6952742338180542,70.31278228759766,1.4070230722427368,0.7916903495788574,0.9299080967903137,0.0,0.0,0.0,0.0,0.0
SNPT-106,8,23,0,487.0,233.84597778320312,13.823957443237305,-233.43701171875,1.3610577583312988,0.6524120569229126,0.9711300730705261,0.0,0.0,0.0,1.0,1.0
SNPT-108,20,35,1,295.0,158.60626220703125,-5.766959190368652,158.5013885498047,0.9469345808029175,0.904564619064331,0.9876136779785156,0.0,0.0,0.0,1.0,1.0
SNPT-068,16,21,0,139.0,87.18531036376953,14.945121765136719,85.89482879638672,0.7893382906913757,0.7859117984771729,0.8885810375213623,0.0,0.0,0.0,0.0,0.0
SNPT-065,15,36,0,85.0,35.10001754760742,16.022356033325195,-31.229721069335938,0.5165777206420898,0.62955641746521,0.9352486729621887,0.0,0.0,0.0,0.0,1.0
SNPT-110,41,33,0,351.0,83.1610107421875,3.809201717376709,83.07372283935547,0.5984939932823181,0.6446260809898376,0.9374503493309021,0.0,0.0,0.0,0.0,1.0
SNPT-077,26,28,0,371.0,72.41183471679688,-2.5382940769195557,-72.3673324584961,0.7668946385383606,0.8193989396095276,0.9727938175201416,0.0,1.0,0.0,1.0,1.0
SNPT-115,7,22,1,81.0,134.04185485839844,-0.2753324508666992,134.04156494140625,0.7927561402320862,0.7326719760894775,0.9306769371032715,0.0,0.0,0.0,1.0,1.0
SNPT-073,11,22,0,93.0,26.375263214111328,2.1881535053253174,-26.284339904785156,0.7023022174835205,0.8136078715324402,0.9649851322174072,0.0,0.0,0.0,0.0,0.0
SNPT-063,48,16,1,67.0,42.064056396484375,-7.1645612716674805,-41.44941329956055,0.9351845383644104,0.9229165315628052,0.9912818670272827,0.0,0.0,0.0,1.0,1.0
SNPT-109,13,29,0,142.0,510.9084777832031,12.999719619750977,510.7430725097656,0.5600699186325073,0.7935002446174622,0.9709604978561401,0.0,0.0,0.0,1.0,1.0
SNPT-110,36,46,0,33.0,29.713531494140625,-5.171337127685547,-29.26006317138672,0.7090240716934204,0.6574336290359497,0.9466248154640198,0.0,1.0,1.0,0.0,1.0
SNPT-159,18,35,0,256.0,1883.527099609375,1880.7542724609375,102.16534423828125,0.9140259623527527,0.733457088470459,0.9387563467025757,0.0,0.0,0.0,0.0,1.0
SNPT-060,17,38,0,209.0,137.4009246826172,-5.60500955581665,-137.28656005859375,1.1929707527160645,0.8981114625930786,0.9200259447097778,0.0,0.0,0.0,1.0,0.0
SNPT-075,29,24,1,284.0,109.87115478515625,9.00423526763916,109.50157165527344,1.0722450017929077,0.9140918254852295,0.936381995677948,0.0,0.0,0.0,1.0,1.0
SNPT-156,2,24,0,307.0,91.42976379394531,-3.0927557945251465,-91.37744140625,1.0646332502365112,0.7032952904701233,0.9162923097610474,0.0,0.0,0.0,1.0,1.0
SNPT-169,7,45,0,134.0,341.4334716796875,1.527953028678894,-341.4300537109375,1.994464635848999,0.7406857013702393,0.948456346988678,0.0,1.0,0.0,0.0,0.0
SNPT-101,12,25,0,255.0,85.61349487304688,-15.332154273986816,-84.22942352294922,1.0091339349746704,0.6032580137252808,0.8859186768531799,0.0,0.0,0.0,0.0,1.0
SNPT-166,2,30,0,639.0,1922.553466796875,-1897.5706787109375,-308.92901611328125,1.4141204357147217,0.7629645466804504,0.9317923784255981,0.0,0.0,0.0,0.0,1.0
SNPT-161,28,32,1,232.0,62.02777099609375,-2.6651198863983154,61.970489501953125,0.9566062092781067,0.9137631058692932,0.9689098596572876,1.0,0.0,1.0,1.0,1.0
SNPT-111,22,26,0,52.0,1851.269775390625,-1848.264892578125,105.43570709228516,1.1827460527420044,0.6950989961624146,0.8607833981513977,0.0,1.0,0.0,0.0,1.0
SNPT-101,6,31,0,334.0,255.6468505859375,-5.120280742645264,255.59556579589844,0.8530906438827515,0.8253387808799744,0.9723541140556335,0.0,0.0,0.0,1.0,1.0
SNPT-060,10,34,0,155.0,492.623046875,19.664243698120117,492.2304382324219,0.4582744538784027,0.6891802549362183,0.9287413954734802,0.0,0.0,0.0,0.0,1.0
SNPT-064,8,33,0,106.0,64.10897827148438,-5.481497764587402,63.874202728271484,1.191217303276062,0.7646503448486328,0.9503223299980164,0.0,1.0,1.0,0.0,1.0
SNPT-067,1,33,0,240.0,243.25711059570312,-0.5785882472991943,-243.2564239501953,0.9707723259925842,0.8278462886810303,0.9653716683387756,0.0,0.0,0.0,1.0,1.0
SNPT-073,40,17,1,1.0,4.6944708824157715,4.003806114196777,-2.4510390758514404,1.0859910249710083,0.9786925911903381,0.9955660104751587,1.0,0.0,1.0,1.0,1.0
SNPT-153,7,16,0,211.0,15.696081161499023,4.670887470245361,-14.984984397888184,0.9583448171615601,0.8923217058181763,0.9824899435043335,0.0,0.0,0.0,1.0,0.0
SNPT-164,15,32,0,354.0,1368.0076904296875,-1278.9190673828125,485.6038818359375,0.4701966345310211,0.7119756937026978,0.8534060716629028,0.0,0.0,0.0,1.0,1.0
SNPT-159,52,41,1,359.0,208.97642517089844,-13.987381935119629,-208.50779724121094,1.8196297883987427,0.8550918102264404,0.9732370376586914,0.0,0.0,0.0,1.0,1.0
SNPT-108,9,21,0,140.0,14.177309036254883,5.408153533935547,13.105264663696289,0.6300961971282959,0.8411237001419067,0.985433042049408,0.0,0.0,0.0,1.0,1.0
SNPT-170,39,26,0,1.0,770.1881713867188,-740.341796875,212.32958984375,0.7231453657150269,0.7142966389656067,0.9685858488082886,0.0,0.0,0.0,1.0,1.0
SNPT-159,53,41,1,194.0,322.04022216796875,1.8917821645736694,-322.03466796875,1.8158804178237915,0.9064289927482605,0.9823460578918457,0.0,0.0,0.0,1.0,1.0
SNPT-108,6,22,0,162.0,24.912757873535156,13.256706237792969,-21.092777252197266,0.7367422580718994,0.9099613428115845,0.9873542785644531,0.0,1.0,1.0,1.0,1.0
SNPT-105,9,29,0,95.0,97.5514907836914,1.3290092945098877,-97.54244232177734,0.842086672782898,0.6805355548858643,0.9414196610450745,0.0,1.0,0.0,0.0,1.0
SNPT-161,12,37,1,594.0,42.31367874145508,34.49651336669922,24.50383949279785,0.9564689993858337,0.8355823755264282,0.9688127040863037,0.0,0.0,0.0,1.0,1.0
SNPT-111,36,12,0,266.0,36.16177749633789,1.496239185333252,-36.13080978393555,0.9699236154556274,0.7056196928024292,0.8911368250846863,0.0,0.0,0.0,1.0,0.0
SNPT-073,1,37,0,483.0,1892.2279052734375,-1892.197509765625,-10.725316047668457,1.2150046825408936,0.8359001874923706,0.9722004532814026,0.0,1.0,1.0,1.0,1.0
SNPT-166,2,27,0,623.0,1938.046875,-1903.5706787109375,-363.92901611328125,1.8141283988952637,0.6937770247459412,0.949321448802948,0.0,0.0,0.0,0.0,0.0
SNPT-113,36,14,1,1.0,9.359458923339844,2.2311418056488037,9.089635848999023,0.343781054019928,0.660301685333252,0.9194217920303345,0.0,0.0,0.0,1.0,1.0
SNPT-164,24,36,1,231.0,28.735641479492188,-3.780163526535034,28.485918045043945,0.9613118767738342,0.9187310934066772,0.9827557802200317,0.0,0.0,0.0,0.0,0.0
SNPT-101,43,35,0,152.0,1904.8316650390625,1902.2110595703125,99.8843765258789,0.970091700553894,0.7545703649520874,0.9443994164466858,0.0,0.0,0.0,1.0,1.0
SNPT-111,33,36,0,46.0,86.43435668945312,-13.13420295715332,85.43061828613281,0.8757513761520386,0.6766649484634399,0.9375756978988647,0.0,0.0,0.0,1.0,0.0
SNPT-163,42,38,0,38.0,1906.630859375,-1902.53271484375,124.94052124023438,0.6015945076942444,0.7399171590805054,0.8486335277557373,0.0,0.0,0.0,0.0,0.0
SNPT-107,16,37,0,305.0,125.51265716552734,3.500781536102295,125.46382141113281,0.5181950926780701,0.5277456045150757,0.8672447204589844,0.0,0.0,0.0,0.0,1.0
SNPT-156,15,24,1,342.0,91.49544525146484,1.7537333965301514,91.4786376953125,0.9009888172149658,0.6794865131378174,0.8680043816566467,0.0,0.0,0.0,0.0,1.0
SNPT-111,10,18,0,2.0,1860.92236328125,-1853.15380859375,169.86138916015625,1.2542990446090698,0.6820387840270996,0.9198315739631653,0.0,1.0,0.0,0.0,1.0
SNPT-110,3,28,0,106.0,23.308015823364258,7.152803897857666,-22.183349609375,0.8522711992263794,0.751978874206543,0.9475002288818359,0.0,1.0,1.0,0.0,0.0
SNPT-115,16,25,0,106.0,78.72222137451172,-9.437591552734375,-78.15446472167969,1.8366590738296509,0.7135713696479797,0.9316068291664124,0.0,1.0,0.0,1.0,1.0
SNPT-111,10,29,0,485.0,276.531494140625,30.34616470336914,274.86138916015625,0.8001722097396851,0.7690508365631104,0.9870864152908325,0.0,1.0,1.0,1.0,1.0
SNPT-111,13,43,0,100.0,1895.90478515625,-1885.1878662109375,201.30015563964844,7.067911624908447,0.47456908226013184,0.8526423573493958,0.0,0.0,0.0,1.0,1.0
SNPT-111,33,31,0,372.0,133.2302703857422,-0.10942857712507248,133.230224609375,0.9186906218528748,0.7969918251037598,0.9673649072647095,0.0,0.0,0.0,1.0,1.0
SNPT-103,22,26,1,77.0,16.73255157470703,7.266662120819092,15.07228946685791,0.8870927095413208,0.9153894186019897,0.992226243019104,0.0,0.0,0.0,1.0,1.0
SNPT-098,8,20,0,127.0,1894.72412109375,1894.3577880859375,37.258522033691406,0.5388089418411255,0.6609399318695068,0.9164682626724243,0.0,0.0,0.0,0.0,0.0
SNPT-169,42,36,0,267.0,889.3596801757812,-816.4552001953125,352.6494445800781,0.5995292663574219,0.5906152129173279,0.923912525177002,0.0,0.0,0.0,0.0,1.0
SNPT-111,7,34,1,1.0,7.403180122375488,5.801962375640869,4.598294258117676,1.3295314311981201,0.6806031465530396,0.8502311110496521,0.0,0.0,0.0,1.0,1.0
SNPT-066,20,34,1,70.0,160.66799926757812,-121.8241958618164,-104.7524185180664,1.431404709815979,0.9273900985717773,0.9904931783676147,0.0,0.0,0.0,1.0,1.0
SNPT-068,7,29,0,479.0,307.45758056640625,5.143686294555664,307.41455078125,0.9063351154327393,0.7987709641456604,0.9543251395225525,0.0,0.0,0.0,1.0,1.0
SNPT-098,5,18,0,206.0,486.1512145996094,0.11832813173532486,-486.1512145996094,1.280503749847412,0.6511901617050171,0.9111711978912354,1.0,0.0,1.0,0.0,1.0
SNPT-072,23,35,1,454.0,55.942169189453125,-5.946386814117432,55.62523651123047,0.4854300618171692,0.7220643162727356,0.8989935517311096,0.0,0.0,0.0,0.0,1.0
SNPT-066,10,28,0,97.0,845.7230834960938,-844.6239013671875,43.103919982910156,1.1872572898864746,0.6932138204574585,0.9703546762466431,0.0,0.0,0.0,0.0,1.0
SNPT-064,8,29,0,97.0,123.77041625976562,-5.981497764587402,-123.62579345703125,1.6174784898757935,0.9045138359069824,0.9610945582389832,0.0,0.0,0.0,1.0,1.0
SNPT-063,3,38,1,297.0,17.264230728149414,-16.13491439819336,6.141511917114258,0.8147500157356262,0.8764559030532837,0.944892942905426,1.0,0.0,0.0,1.0,1.0
SNPT-162,1,40,0,259.0,79.6816177368164,-4.52748966217041,-79.55289459228516,2.242241859436035,0.8737318515777588,0.916545569896698,0.0,0.0,0.0,1.0,1.0
SNPT-155,19,23,0,68.0,557.305908203125,-258.4482421875,-493.75537109375,0.9127799868583679,0.7171944379806519,0.8993195295333862,0.0,1.0,1.0,1.0,1.0
SNPT-103,19,26,0,201.0,19.248451232910156,18.416213989257812,5.5987443923950195,1.1421884298324585,0.6604558229446411,0.9100647568702698,0.0,0.0,0.0,0.0,0.0
SNPT-109,20,29,0,241.0,1942.9296875,-1893.63525390625,434.880859375,0.6604458689689636,0.8573365211486816,0.9800617694854736,0.0,0.0,0.0,1.0,1.0
SNPT-060,3,37,1,403.0,190.4396209716797,6.863827705383301,190.31588745117188,0.7502493858337402,0.918751060962677,0.9587864875793457,0.0,0.0,0.0,1.0,0.0
SNPT-068,24,35,0,492.0,434.6659851074219,-1.0734686851501465,-434.6646728515625,1.0390139818191528,0.7743722200393677,0.9499648809432983,0.0,0.0,0.0,0.0,1.0
SNPT-170,36,4,0,1.0,538.8533935546875,-538.7991333007812,-7.6491289138793945,0.8257437348365784,0.5785332918167114,0.9403787851333618,0.0,0.0,0.0,0.0,1.0
SNPT-065,19,26,0,55.0,350.1357421875,24.866609573364258,349.2516174316406,0.4832316040992737,0.8577030897140503,0.910651445388794,0.0,0.0,0.0,1.0,1.0
SNPT-113,35,33,0,432.0,123.61758422851562,-3.0719728469848633,123.57940673828125,0.9318248629570007,0.6510647535324097,0.89664626121521,0.0,0.0,0.0,0.0,1.0
SNPT-157,18,37,0,218.0,210.4607391357422,21.653980255126953,209.34381103515625,0.6836554408073425,0.6295715570449829,0.9258278608322144,0.0,0.0,0.0,0.0,1.0
SNPT-098,14,35,1,77.0,76.05500030517578,1.0798531770706177,76.04733276367188,0.7198116779327393,0.8717835545539856,0.954571545124054,1.0,0.0,1.0,1.0,1.0
SNPT-064,14,34,0,131.0,75.39530944824219,-13.42728042602539,-74.19003295898438,1.8840391635894775,0.7903456687927246,0.958827018737793,0.0,0.0,0.0,1.0,1.0
SNPT-065,22,36,0,116.0,135.61044311523438,-11.579412460327148,-135.11517333984375,0.6762619018554688,0.723922610282898,0.939755380153656,0.0,0.0,0.0,0.0,1.0
SNPT-169,9,46,1,468.0,1900.11181640625,1897.7821044921875,-94.06265258789062,1.1809093952178955,0.8716042637825012,0.9709076881408691,0.0,0.0,0.0,1.0,0.0
SNPT-109,39,22,0,114.0,213.34979248046875,-3.1232738494873047,213.32693481445312,0.8387071490287781,0.7579672336578369,0.9676228165626526,0.0,0.0,0.0,0.0,0.0
SNPT-064,4,31,0,1.0,430.9244079589844,426.8507385253906,59.11262130737305,1.7519959211349487,0.8049771785736084,0.9579262733459473,0.0,1.0,1.0,0.0,1.0
SNPT-072,12,24,1,160.0,28.652667999267578,4.7840447425842285,28.250457763671875,0.9600837826728821,0.9711987972259521,0.9791685938835144,1.0,0.0,0.0,1.0,1.0
SNPT-170,2,33,0,321.0,510.8424987792969,489.59063720703125,145.81175231933594,0.576374888420105,0.7622189521789551,0.9663163423538208,0.0,0.0,0.0,1.0,1.0
SNPT-064,8,26,1,90.0,149.80162048339844,-32.98149871826172,-146.12579345703125,2.228806495666504,0.8426569104194641,0.9368047118186951,0.0,0.0,0.0,1.0,1.0
SNPT-167,13,39,1,120.0,29.27899932861328,11.414968490600586,26.9621639251709,0.9593967199325562,0.8500881791114807,0.9851003885269165,0.0,0.0,0.0,1.0,1.0
SNPT-067,9,26,1,84.0,83.71224975585938,15.884781837463379,82.19132995605469,1.0600817203521729,0.9382244348526001,0.9779919385910034,0.0,0.0,0.0,1.0,1.0
SNPT-111,37,41,0,43.0,73.04049682617188,-5.768242835998535,72.81237030029297,0.7854928374290466,0.6574321985244751,0.9403772354125977,0.0,0.0,0.0,0.0,0.0
SNPT-111,7,32,0,351.0,518.6904907226562,-0.7062967419624329,518.6900024414062,0.5871511697769165,0.6658519506454468,0.9406363368034363,0.0,1.0,1.0,1.0,1.0
SNPT-115,6,28,1,73.0,27.60435676574707,-2.211771011352539,27.515605926513672,1.6613621711730957,0.8709527850151062,0.9744965434074402,0.0,0.0,0.0,1.0,1.0
SNPT-159,4,36,0,276.0,1912.0567626953125,1903.034912109375,-185.52488708496094,1.5629181861877441,0.7176294922828674,0.938646674156189,0.0,0.0,0.0,0.0,1.0
SNPT-166,10,19,0,85.0,1122.139892578125,-1047.01171875,-403.68841552734375,1.31338369846344,0.6632178425788879,0.9202899932861328,0.0,0.0,0.0,0.0,1.0
SNPT-170,37,38,0,117.0,124.31646728515625,2.5052173137664795,-124.29122924804688,1.0482072830200195,0.6563570499420166,0.9348259568214417,0.0,0.0,0.0,0.0,0.0
SNPT-151,15,23,0,288.0,1901.8499755859375,1901.7445068359375,20.02994728088379,1.1447726488113403,0.5524322986602783,0.9360663890838623,0.0,0.0,0.0,0.0,1.0
SNPT-115,7,29,0,349.0,23.88082504272461,-6.275332450866699,23.04157066345215,1.3681960105895996,0.6021373271942139,0.8983941078186035,0.0,0.0,0.0,0.0,1.0
SNPT-064,14,31,1,124.0,412.76971435546875,-408.9272766113281,-56.19002914428711,1.6820813417434692,0.9346156120300293,0.9894055128097534,1.0,0.0,1.0,1.0,1.0
SNPT-066,16,37,0,11.0,631.4030151367188,-630.3621215820312,-36.239864349365234,1.3459844589233398,0.8408904075622559,0.9884936809539795,0.0,1.0,1.0,1.0,1.0
SNPT-068,21,31,1,249.0,76.92076873779297,-10.495599746704102,-76.20135498046875,1.3846038579940796,0.8711893558502197,0.9675405621528625,1.0,0.0,1.0,1.0,1.0
SNPT-104,26,6,0,55.0,68.6199951171875,18.726825714111328,66.01522827148438,1.5854424238204956,0.755530834197998,0.8574666976928711,0.0,0.0,0.0,0.0,1.0
SNPT-072,26,35,0,250.0,118.69355010986328,-1.7826932668685913,118.68016815185547,0.7440384030342102,0.6601658463478088,0.9006611704826355,0.0,0.0,0.0,0.0,0.0
SNPT-065,3,39,1,177.0,89.18283081054688,-23.008739471435547,-86.16365814208984,0.588672935962677,0.9336400628089905,0.8635926842689514,1.0,0.0,1.0,1.0,1.0
SNPT-169,7,33,0,153.0,431.1448669433594,330.0279541015625,-277.4300537109375,1.5314369201660156,0.7620348334312439,0.9333665370941162,0.0,1.0,0.0,0.0,1.0
SNPT-077,15,30,0,218.0,378.8113098144531,2.3186042308807373,378.8042297363281,0.4469713568687439,0.7572469711303711,0.9297280311584473,0.0,0.0,0.0,0.0,1.0
SNPT-102,11,25,0,181.0,61.654136657714844,2.030856132507324,61.62067794799805,0.5994740128517151,0.6621494293212891,0.8729817867279053,0.0,1.0,0.0,0.0,1.0
SNPT-109,20,24,1,79.0,29.69600486755371,-2.1352365016937256,-29.619138717651367,1.2251256704330444,0.9456741213798523,0.9931776523590088,0.0,0.0,0.0,1.0,1.0
SNPT-169,43,44,0,49.0,39.0753059387207,-1.446807622909546,39.04851150512695,0.7482765316963196,0.8071640133857727,0.9929105043411255,0.0,0.0,0.0,1.0,1.0
SNPT-060,18,38,1,217.0,18.51911735534668,5.50769567489624,17.681148529052734,0.9738054871559143,0.8868690133094788,0.9341005086898804,0.0,0.0,0.0,1.0,0.0
SNPT-153,2,11,1,66.0,8.838671684265137,7.969919204711914,-3.8213231563568115,1.1305421590805054,0.9205660223960876,0.9617912769317627,0.0,0.0,0.0,0.0,0.0
SNPT-072,1,30,0,341.0,103.70198822021484,-1.7895004749298096,-103.6865463256836,1.344890832901001,0.7995675206184387,0.8984581232070923,0.0,1.0,1.0,0.0,1.0
SNPT-108,6,14,0,128.0,12.409608840942383,-0.2432936728000641,12.40722370147705,1.0183582305908203,0.8267350792884827,0.9774730801582336,0.0,0.0,0.0,1.0,1.0
SNPT-163,6,28,0,263.0,233.08665466308594,-2.4298622608184814,233.07398986816406,0.7606415748596191,0.6945886015892029,0.8898410797119141,0.0,1.0,1.0,0.0,1.0
SNPT-099,5,24,0,105.0,563.3954467773438,-317.1334228515625,465.6617431640625,0.7770814299583435,0.7335613369941711,0.7725915908813477,0.0,1.0,1.0,0.0,1.0
SNPT-115,3,26,0,1.0,1894.1290283203125,1894.1290283203125,0.2899562418460846,1.2665116786956787,0.6716957092285156,0.8934021592140198,0.0,1.0,1.0,0.0,1.0
SNPT-162,2,38,0,410.0,1896.7947998046875,1896.2928466796875,-43.6325569152832,1.3100751638412476,0.8958114981651306,0.9687831997871399,0.0,1.0,1.0,1.0,1.0
SNPT-160,6,25,1,357.0,33.508663177490234,-18.123950958251953,28.184267044067383,0.9076665043830872,0.7974895238876343,0.9877619743347168,0.0,0.0,0.0,1.0,1.0
SNPT-065,21,26,0,198.0,292.0776062011719,16.00946807861328,291.6385192871094,0.327829509973526,0.6293351650238037,0.8629308342933655,0.0,0.0,0.0,0.0,0.0
SNPT-154,7,45,1,415.0,57.66703796386719,7.144913673400879,57.22270202636719,1.209124207496643,0.8346989750862122,0.9360219836235046,0.0,0.0,0.0,1.0,1.0
SNPT-063,50,29,0,12.0,1907.07763671875,1904.593505859375,-97.3065185546875,0.7607356905937195,0.8354061841964722,0.9358274936676025,0.0,1.0,1.0,0.0,1.0
SNPT-099,11,22,0,25.0,1909.6502685546875,-1892.3125,-256.7444763183594,1.0031977891921997,0.6643481254577637,0.9187760949134827,0.0,1.0,1.0,0.0,1.0
SNPT-157,8,30,0,372.0,1916.75244140625,-1887.8902587890625,331.3763122558594,0.5165241956710815,0.7736868858337402,0.9016240239143372,0.0,0.0,0.0,1.0,0.0
SNPT-104,12,24,0,204.0,1909.1434326171875,1908.56005859375,-47.19151306152344,0.927825391292572,0.7488884329795837,0.9557972550392151,0.0,0.0,0.0,1.0,1.0
SNPT-166,10,21,0,145.0,1163.60693359375,-1047.01171875,-507.68841552734375,1.4709703922271729,0.881726861000061,0.9410811066627502,0.0,0.0,0.0,1.0,1.0
SNPT-156,14,24,0,5.0,118.12590789794922,-7.913379192352295,117.86054992675781,0.8743520975112915,0.7859231233596802,0.8813145160675049,0.0,0.0,0.0,0.0,1.0
SNPT-102,13,24,0,108.0,110.99766540527344,7.387155055999756,-110.75157928466797,0.7993386387825012,0.6082031726837158,0.9293221235275269,0.0,0.0,0.0,0.0,1.0
SNPT-063,12,26,0,84.0,409.1546630859375,-2.8314900398254395,409.1448669433594,0.6817466020584106,0.8552121520042419,0.9140142798423767,0.0,1.0,1.0,0.0,1.0
SNPT-069,20,22,0,17.0,1895.19677734375,-1894.10009765625,64.46464538574219,0.7590016722679138,0.7936941981315613,0.8883350491523743,0.0,1.0,1.0,0.0,1.0
SNPT-110,41,21,0,2.0,1903.703125,1895.3092041015625,178.57373046875,0.6568921804428101,0.6514104008674622,0.8979764580726624,0.0,0.0,0.0,1.0,1.0
SNPT-103,29,9,0,52.0,142.1529998779297,-2.5832996368408203,142.12953186035156,1.2468514442443848,0.7228438854217529,0.9170150756835938,0.0,0.0,0.0,0.0,1.0
SNPT-165,7,28,0,212.0,206.35723876953125,-10.2672700881958,206.10165405273438,0.9116119146347046,0.7163512110710144,0.879743218421936,0.0,0.0,0.0,0.0,1.0
SNPT-158,5,33,1,224.0,24.836767196655273,-6.787932395935059,23.891191482543945,0.8073006868362427,0.9102681279182434,0.9920793175697327,0.0,0.0,0.0,1.0,1.0
SNPT-069,1,25,0,646.0,1878.5390625,1870.8934326171875,-169.31253051757812,1.1543776988983154,0.6698212027549744,0.9328579306602478,0.0,0.0,0.0,0.0,1.0
SNPT-110,23,33,1,148.0,90.12683868408203,-19.12216567993164,88.07491302490234,0.9165664911270142,0.8831145763397217,0.9730312824249268,0.0,1.0,0.0,1.0,1.0
SNPT-109,21,32,0,281.0,1896.4639892578125,-1896.0498046875,39.63471603393555,0.8447624444961548,0.7468533515930176,0.9760448932647705,0.0,1.0,1.0,1.0,1.0
SNPT-154,2,48,0,432.0,195.8163299560547,-10.181174278259277,195.55148315429688,1.1122814416885376,0.7656342387199402,0.9544158577919006,0.0,1.0,0.0,1.0,1.0
SNPT-100,7,26,1,245.0,96.31300354003906,2.3881726264953613,96.28338623046875,0.8113672733306885,0.8791319131851196,0.9810495376586914,0.0,1.0,0.0,1.0,1.0
SNPT-098,7,27,0,397.0,135.23260498046875,-5.925076484680176,135.1027374267578,0.5324307680130005,0.6176207661628723,0.9239454865455627,0.0,0.0,0.0,0.0,0.0
SNPT-065,7,39,0,414.0,1882.738037109375,1870.75146484375,-212.11175537109375,0.6582627296447754,0.8535890579223633,0.8575279116630554,0.0,1.0,1.0,1.0,1.0
SNPT-170,36,3,0,9.0,77.97566986083984,-77.17447662353516,11.149206161499023,1.0901182889938354,0.6389533281326294,0.9402086734771729,0.0,0.0,0.0,0.0,1.0
SNPT-157,6,29,0,119.0,165.3218994140625,11.6336088180542,164.91207885742188,0.7453665733337402,0.6725032925605774,0.9501035809516907,0.0,0.0,0.0,0.0,1.0
SNPT-068,7,19,0,106.0,145.1195068359375,3.143686056137085,-145.08544921875,1.0767379999160767,0.7861762046813965,0.9531726837158203,0.0,0.0,0.0,0.0,1.0
SNPT-151,18,33,0,24.0,1907.386962890625,1904.496826171875,-104.96039581298828,1.7850146293640137,0.4671385884284973,0.919987142086029,0.0,0.0,0.0,0.0,0.0
SNPT-072,26,33,0,243.0,48.9081916809082,4.717306613922119,48.6801643371582,0.8105811476707458,0.6654595136642456,0.8821043968200684,0.0,0.0,0.0,0.0,0.0
SNPT-074,6,24,0,240.0,1854.501953125,1852.4534912109375,-87.139404296875,0.8815905451774597,0.6939601898193359,0.8909356594085693,0.0,0.0,0.0,1.0,1.0
SNPT-111,18,31,1,363.0,28.6668643951416,4.765987873077393,28.267906188964844,0.798056423664093,0.9108594655990601,0.9416463375091553,0.0,0.0,0.0,1.0,1.0
SNPT-071,24,28,0,84.0,270.3724365234375,11.984597206115723,-270.106689453125,1.2790732383728027,0.7563267350196838,0.927365243434906,0.0,1.0,1.0,0.0,0.0
SNPT-158,11,35,0,246.0,26.764379501342773,-10.29509162902832,24.705123901367188,0.9558312892913818,0.7707220911979675,0.9484468698501587,0.0,1.0,1.0,0.0,1.0
SNPT-062,22,23,0,253.0,121.07565307617188,4.747263431549072,-120.98255157470703,1.3037497997283936,0.9178286790847778,0.9741921424865723,0.0,0.0,0.0,1.0,1.0
SNPT-070,11,27,1,169.0,44.2699089050293,10.01280403137207,-43.122718811035156,1.5290446281433105,0.9473626613616943,0.9715378284454346,0.0,0.0,0.0,1.0,1.0
SNPT-065,1,36,0,271.0,1146.631591796875,1135.82275390625,-157.0694122314453,0.7644404768943787,0.7284761667251587,0.9678404331207275,0.0,0.0,0.0,1.0,1.0
SNPT-170,18,33,1,310.0,169.3914337158203,40.92222213745117,164.37405395507812,0.5146940350532532,0.7714595794677734,0.9613211154937744,0.0,0.0,0.0,1.0,1.0
SNPT-159,33,37,0,165.0,486.4360656738281,19.13452911376953,486.0595703125,0.6231324076652527,0.69026780128479,0.8410308957099915,0.0,0.0,0.0,1.0,1.0
SNPT-102,9,24,1,78.0,46.590396881103516,7.827455997467041,-45.92816162109375,0.754197359085083,0.7645683288574219,0.986314058303833,0.0,0.0,0.0,1.0,1.0
SNPT-115,18,23,0,112.0,99.77095794677734,8.101125717163086,99.44152069091797,1.0743850469589233,0.6317861676216125,0.9040719866752625,0.0,0.0,0.0,0.0,0.0
SNPT-164,1,30,0,303.0,1901.396240234375,1900.91455078125,-42.79877471923828,1.1268739700317383,0.669619083404541,0.9103748798370361,0.0,1.0,1.0,0.0,1.0
SNPT-072,15,24,0,159.0,37.99843978881836,0.4628644287586212,37.99562072753906,0.9293508529663086,0.8763507604598999,0.9831878542900085,0.0,1.0,0.0,1.0,1.0
SNPT-101,5,31,0,310.0,223.13699340820312,-2.1816251277923584,223.12632751464844,0.6708102822303772,0.819538950920105,0.9683955311775208,0.0,0.0,0.0,1.0,1.0
SNPT-151,2,29,1,201.0,11.633227348327637,-3.9174904823303223,10.953777313232422,1.3157882690429688,0.8609098196029663,0.9268234968185425,1.0,0.0,0.0,1.0,1.0
SNPT-115,11,29,1,102.0,44.914119720458984,-20.02535629272461,-40.20277786254883,1.4549283981323242,0.893493115901947,0.9775506854057312,1.0,0.0,1.0,1.0,1.0
SNPT-154,7,28,0,85.0,183.22305297851562,-0.35508620738983154,183.2227020263672,0.9509865045547485,0.8201652765274048,0.9287012815475464,0.0,1.0,1.0,0.0,1.0
SNPT-165,15,28,0,212.0,55.12912368774414,-0.6283391118049622,55.125545501708984,1.0657029151916504,0.7995002269744873,0.9005420804023743,0.0,0.0,0.0,1.0,1.0
SNPT-162,12,41,1,129.0,167.9315643310547,-16.9573917388916,167.07321166992188,1.0688599348068237,0.9202945232391357,0.9898216724395752,0.0,1.0,1.0,1.0,1.0
SNPT-102,12,32,1,410.0,32.071868896484375,0.5064034461975098,-32.067867279052734,0.7492395043373108,0.8522754907608032,0.9544802308082581,0.0,0.0,0.0,1.0,1.0
SNPT-066,8,48,0,69.0,586.6429443359375,-577.6880493164062,-102.10975646972656,1.903164267539978,0.7656652927398682,0.9487168192863464,0.0,0.0,0.0,0.0,1.0
SNPT-105,16,23,0,100.0,3.3141016960144043,-2.8417279720306396,-1.7052425146102905,0.6631671786308289,0.6298947930335999,0.885098934173584,0.0,0.0,0.0,0.0,1.0
SNPT-153,5,12,1,177.0,145.78036499023438,-5.290676593780518,145.684326171875,1.0637290477752686,0.8427357077598572,0.9397656917572021,1.0,0.0,1.0,1.0,1.0
SNPT-170,13,29,0,91.0,1195.5299072265625,1185.7061767578125,-152.94650268554688,0.8956153392791748,0.7561917304992676,0.9433014392852783,0.0,0.0,0.0,1.0,1.0
SNPT-159,4,25,0,1.0,18.68818473815918,-2.4651401042938232,-18.524883270263672,1.2358213663101196,0.7550458312034607,0.9534849524497986,0.0,1.0,1.0,0.0,1.0
SNPT-110,42,31,1,144.0,69.30220031738281,-12.851241111755371,-68.10022735595703,0.9192721247673035,0.8572530150413513,0.9621822237968445,0.0,0.0,0.0,1.0,1.0
SNPT-102,1,31,1,353.0,73.14704895019531,5.116461277008057,-72.96788787841797,0.7307571172714233,0.7222968339920044,0.9840704798698425,0.0,0.0,0.0,1.0,1.0
SNPT-154,1,47,1,462.0,59.550601959228516,8.902806282043457,58.8813591003418,1.249497413635254,0.8471298217773438,0.9643435478210449,0.0,0.0,0.0,1.0,1.0
SNPT-065,28,40,0,196.0,203.20082092285156,-24.785701751708984,201.6835174560547,0.46756434440612793,0.7039006948471069,0.9581318497657776,0.0,1.0,1.0,1.0,1.0
SNPT-166,14,21,1,322.0,39.82667922973633,1.1786158084869385,-39.809234619140625,0.9583630561828613,0.9496184587478638,0.9789878726005554,0.0,0.0,0.0,1.0,1.0
SNPT-151,9,35,0,54.0,705.9005737304688,-121.67069244384766,695.3357543945312,0.5107874870300293,0.7097455263137817,0.9397619366645813,0.0,1.0,1.0,0.0,1.0
SNPT-166,12,25,1,98.0,52.69365692138672,-2.485619306564331,-52.6349983215332,0.9005070924758911,0.9475612640380859,0.9837742447853088,0.0,0.0,0.0,1.0,1.0
SNPT-166,2,29,0,633.0,1939.8853759765625,-1899.5706787109375,-393.42901611328125,1.5474671125411987,0.7244440317153931,0.957741916179657,0.0,0.0,0.0,1.0,1.0
SNPT-114,12,30,0,453.0,1904.712158203125,-1898.26220703125,-156.61697387695312,1.1540781259536743,0.6748335361480713,0.9355032444000244,0.0,0.0,0.0,0.0,0.0
SNPT-111,39,28,0,236.0,429.3138122558594,-9.995051383972168,-429.19744873046875,2.3264455795288086,0.6628649234771729,0.8893803358078003,0.0,0.0,0.0,0.0,0.0
SNPT-162,15,29,1,75.0,88.32736206054688,-0.4802910387516022,88.32605743408203,0.8399382829666138,0.9147058725357056,0.9725187420845032,0.0,0.0,0.0,1.0,1.0
SNPT-074,24,29,1,90.0,66.33049011230469,60.78567123413086,26.54874038696289,1.383878469467163,0.9503082036972046,0.9587833881378174,0.0,0.0,0.0,1.0,1.0
SNPT-101,45,37,0,234.0,147.64231872558594,-7.364755630493164,147.45851135253906,0.7314469218254089,0.7701575756072998,0.9092850089073181,0.0,0.0,0.0,1.0,1.0
SNPT-064,39,28,0,210.0,974.804443359375,956.354736328125,-188.7572021484375,2.197329044342041,0.7638341784477234,0.9103904366493225,0.0,0.0,0.0,0.0,1.0
SNPT-158,10,38,0,290.0,224.61196899414062,172.8668975830078,143.41400146484375,1.3960813283920288,0.6776565909385681,0.9361880421638489,0.0,1.0,1.0,0.0,1.0
SNPT-075,2,26,0,117.0,60.860679626464844,-5.177446365356445,60.64005661010742,1.2935218811035156,0.8447790145874023,0.9505239725112915,0.0,1.0,1.0,1.0,1.0
SNPT-061,11,33,0,83.0,14.719120979309082,-13.394783973693848,6.101826190948486,1.2799999713897705,0.8017849922180176,0.9524982571601868,0.0,0.0,0.0,0.0,1.0
SNPT-110,36,33,1,352.0,75.69775390625,-3.0469002723693848,75.63640594482422,0.6540917754173279,0.8158608675003052,0.974577009677887,0.0,1.0,0.0,1.0,1.0
SNPT-157,14,33,1,182.0,232.6029815673828,-12.745983123779297,232.2534942626953,0.8728124499320984,0.8877118825912476,0.9448955655097961,1.0,0.0,1.0,1.0,1.0
SNPT-063,22,41,0,83.0,193.31790161132812,69.5954360961914,-180.3560028076172,1.3787870407104492,0.7393205165863037,0.9744197130203247,0.0,0.0,0.0,1.0,1.0
SNPT-061,15,35,0,165.0,109.1390609741211,-4.9597907066345215,-109.02630615234375,1.4924782514572144,0.6969107389450073,0.9430151581764221,0.0,0.0,0.0,0.0,1.0
SNPT-115,16,24,0,96.0,5.387162208557129,-4.937592029571533,-2.154460906982422,1.313501000404358,0.7302865982055664,0.9170823097229004,0.0,1.0,1.0,0.0,1.0
SNPT-110,39,29,0,23.0,1901.7958984375,1900.41259765625,72.52352905273438,0.8446801900863647,0.7977473139762878,0.8667788505554199,0.0,0.0,0.0,1.0,1.0
SNPT-170,9,33,0,314.0,860.5396728515625,840.8145141601562,183.1925811767578,0.5825122594833374,0.6787412762641907,0.9385806918144226,0.0,0.0,0.0,0.0,1.0
SNPT-154,6,47,0,126.0,132.04263305664062,3.231679916381836,132.00308227539062,1.2475941181182861,0.8281319737434387,0.981548011302948,0.0,0.0,0.0,1.0,1.0
SNPT-153,6,31,1,312.0,108.17327880859375,7.694443225860596,107.89927673339844,0.8030807971954346,0.8218200206756592,0.9449901580810547,0.0,0.0,0.0,1.0,1.0
SNPT-113,20,22,1,62.0,10.369926452636719,2.637214183807373,10.028982162475586,0.9987664222717285,0.9793620705604553,0.9951547384262085,0.0,0.0,0.0,1.0,1.0
SNPT-153,3,26,0,345.0,101.49369812011719,-19.722110748291016,99.55906677246094,0.7733718752861023,0.86033034324646,0.9030939340591431,0.0,1.0,0.0,1.0,1.0
SNPT-158,1,30,0,168.0,1417.5762939453125,-1266.7713623046875,636.2489013671875,0.9239135384559631,0.7433285117149353,0.916333019733429,0.0,0.0,0.0,0.0,1.0
SNPT-159,51,42,0,206.0,652.4605102539062,544.0848388671875,360.1060485839844,0.6426344513893127,0.7339400053024292,0.9269558787345886,0.0,0.0,0.0,1.0,0.0
SNPT-113,37,29,1,120.0,46.574275970458984,-17.59836196899414,43.12146759033203,0.8261069655418396,0.9640767574310303,0.9791246652603149,1.0,0.0,1.0,1.0,1.0
SNPT-154,5,39,0,178.0,134.50155639648438,81.72135925292969,-106.82830047607422,1.3943325281143188,0.7955628633499146,0.9233669638633728,0.0,0.0,0.0,0.0,1.0
SNPT-072,25,30,0,182.0,1910.4066162109375,-1907.7249755859375,-101.18701934814453,1.063132882118225,0.7182217240333557,0.9491041898727417,0.0,1.0,1.0,0.0,1.0
SNPT-061,4,24,1,119.0,24.65953254699707,-18.40367317199707,16.413330078125,0.8678299188613892,0.9646207094192505,0.9896039366722107,1.0,0.0,0.0,1.0,1.0
SNPT-154,19,45,0,347.0,679.7477416992188,-678.5948486328125,39.57301712036133,1.0535330772399902,0.5968083143234253,0.9483081698417664,0.0,0.0,0.0,0.0,1.0
SNPT-159,51,46,1,269.0,589.68603515625,578.0848388671875,-116.39396667480469,1.3055778741836548,0.8050978779792786,0.9565866589546204,0.0,0.0,0.0,1.0,0.0
SNPT-162,2,30,0,372.0,1935.5513916015625,1889.2928466796875,-420.632568359375,2.0873477458953857,0.7408682107925415,0.858518660068512,0.0,0.0,0.0,1.0,1.0
SNPT-169,44,45,1,169.0,25.932960510253906,-1.9560877084732056,-25.85908317565918,1.394699215888977,0.7993835210800171,0.9822129607200623,0.0,0.0,0.0,1.0,0.0
SNPT-067,14,27,1,80.0,50.39988327026367,2.0705618858337402,50.35733413696289,1.2120286226272583,0.966401219367981,0.9867355823516846,0.0,0.0,0.0,1.0,1.0
SNPT-159,1,18,1,53.0,3.5970118045806885,-2.096707582473755,-2.9227230548858643,1.0315066576004028,0.9116461277008057,0.9250054955482483,0.0,1.0,0.0,0.0,0.0
SNPT-110,13,23,0,287.0,1902.9234619140625,-1902.8363037109375,-18.213281631469727,0.7244308590888977,0.7699273824691772,0.9280224442481995,0.0,1.0,1.0,0.0,1.0
SNPT-154,49,43,0,336.0,1887.5777587890625,-1885.90869140625,79.36033630371094,1.0994274616241455,0.8312992453575134,0.9412819147109985,0.0,0.0,0.0,1.0,1.0
SNPT-110,12,34,0,405.0,1907.3204345703125,1907.296142578125,-9.626118659973145,0.7178471684455872,0.726841390132904,0.9569124579429626,0.0,1.0,1.0,0.0,0.0
SNPT-170,35,34,0,627.0,611.2994384765625,611.0473022460938,17.555099487304688,1.7991122007369995,0.6837643384933472,0.8422183990478516,0.0,0.0,0.0,0.0,1.0
SNPT-109,12,24,0,203.0,1900.6600341796875,1900.23583984375,40.14955139160156,0.993839681148529,0.8544728755950928,0.9825809001922607,0.0,0.0,0.0,1.0,1.0
SNPT-103,5,22,0,86.0,264.4512939453125,-1.4579795598983765,-264.4472961425781,1.435302734375,0.7662628889083862,0.9658597111701965,0.0,0.0,0.0,1.0,1.0
SNPT-160,18,23,0,177.0,1924.28271484375,1907.050537109375,-256.9479064941406,2.2266671657562256,0.6318138837814331,0.9375666975975037,0.0,0.0,0.0,0.0,1.0
SNPT-114,14,32,0,460.0,1938.1771240234375,1888.0184326171875,438.0832824707031,0.7429909706115723,0.6680862307548523,0.8394892811775208,0.0,0.0,0.0,0.0,1.0
SNPT-154,53,54,0,24.0,161.21383666992188,-0.9531782269477844,161.21102905273438,1.109653115272522,0.7458387017250061,0.9416482448577881,0.0,0.0,0.0,0.0,1.0
SNPT-161,3,34,1,387.0,4.967907905578613,3.824127435684204,3.171144723892212,0.7186858654022217,0.8822066783905029,0.9333240985870361,1.0,0.0,1.0,1.0,1.0
SNPT-154,7,46,0,416.0,31.821645736694336,6.144913673400879,31.222702026367188,1.9595906734466553,0.796013355255127,0.9449906945228577,0.0,0.0,0.0,1.0,0.0
SNPT-066,13,30,0,5.0,411.6064758300781,395.3296203613281,-114.60526275634766,1.8731110095977783,0.7747732996940613,0.9398612380027771,0.0,1.0,0.0,0.0,1.0
SNPT-073,13,35,1,307.0,261.1539001464844,1.8305515050888062,261.1474609375,0.9664201736450195,0.9016269445419312,0.9835391640663147,0.0,0.0,0.0,1.0,1.0
SNPT-159,1,23,0,243.0,1893.293212890625,1892.9033203125,-38.42272186279297,1.2357620000839233,0.7194178104400635,0.9322742819786072,0.0,0.0,0.0,0.0,0.0
SNPT-157,9,32,0,56.0,694.1974487304688,-373.1741027832031,585.3641357421875,0.772901177406311,0.8706381320953369,0.9705647826194763,0.0,1.0,1.0,1.0,1.0
SNPT-115,17,28,0,240.0,1921.0020751953125,-1906.3721923828125,-236.63064575195312,1.9597686529159546,0.6161925792694092,0.9341372847557068,0.0,0.0,0.0,0.0,1.0
SNPT-061,11,30,0,61.0,451.8155212402344,-13.894783973693848,451.6018371582031,0.8985333442687988,0.9077059030532837,0.9955296516418457,0.0,1.0,0.0,1.0,1.0
SNPT-107,25,32,0,13.0,1883.782958984375,-1881.27587890625,-97.15645599365234,0.9617589712142944,0.5198395252227783,0.9089930653572083,0.0,0.0,0.0,0.0,0.0
SNPT-159,54,46,0,430.0,109.93540954589844,0.5178177952766418,-109.93418884277344,1.1558387279510498,0.7311781644821167,0.9693783521652222,0.0,0.0,0.0,1.0,1.0
SNPT-072,23,28,0,301.0,1906.1102294921875,-1904.4464111328125,79.62523651123047,0.5519276261329651,0.6902598142623901,0.8128968477249146,0.0,0.0,0.0,0.0,1.0
SNPT-073,17,29,0,182.0,53.08372497558594,5.2616119384765625,52.82231521606445,1.0272974967956543,0.8198237419128418,0.9725956916809082,0.0,1.0,1.0,0.0,1.0
SNPT-166,18,29,1,147.0,83.43025970458984,0.28331443667411804,-83.42977905273438,0.9196362495422363,0.9324221014976501,0.9646778106689453,0.0,0.0,0.0,1.0,1.0
SNPT-162,45,29,0,374.0,1902.075927734375,1887.68115234375,233.56561279296875,0.9104163646697998,0.8516294956207275,0.9750433564186096,0.0,0.0,0.0,1.0,1.0
SNPT-170,35,26,0,4.0,1234.2310791015625,-1224.45263671875,155.0550994873047,1.0134177207946777,0.6826639175415039,0.8887722492218018,0.0,1.0,1.0,0.0,1.0
SNPT-110,42,34,0,210.0,1890.2030029296875,1888.1488037109375,-88.10022735595703,1.0687165260314941,0.6246861815452576,0.8975057005882263,0.0,1.0,1.0,0.0,1.0
SNPT-154,19,56,0,333.0,678.1399536132812,-674.9285278320312,65.91910552978516,1.0003384351730347,0.8286600112915039,0.9697510004043579,0.0,0.0,0.0,1.0,1.0
SNPT-154,14,35,1,143.0,104.64849853515625,0.12450539320707321,104.64842224121094,1.5334343910217285,0.9501579403877258,0.9511793255805969,1.0,0.0,1.0,1.0,1.0
SNPT-063,6,29,1,157.0,101.38864135742188,7.317279815673828,101.12425231933594,0.891477644443512,0.8616409301757812,0.949429988861084,0.0,0.0,0.0,1.0,1.0
SNPT-162,7,32,0,153.0,204.33334350585938,1.7124601602554321,204.326171875,0.8434805870056152,0.7098658680915833,0.9309108853340149,0.0,1.0,1.0,0.0,1.0
SNPT-154,2,21,0,21.0,1874.5677490234375,1874.31884765625,30.551481246948242,1.2330231666564941,0.7111412286758423,0.9302330613136292,0.0,1.0,0.0,0.0,1.0
SNPT-165,17,28,1,162.0,113.83300018310547,9.164220809936523,113.46350860595703,0.7762162089347839,0.8068597316741943,0.9455621242523193,0.0,0.0,0.0,1.0,1.0
SNPT-154,53,36,0,43.0,84.77120971679688,-5.340988636016846,84.60279083251953,1.2296390533447266,0.8427708745002747,0.993648111820221,0.0,0.0,0.0,1.0,1.0
SNPT-072,1,28,1,240.0,8.818208694458008,-0.2895004451274872,8.813454627990723,1.0866501331329346,0.9770872592926025,0.9939382672309875,1.0,0.0,1.0,1.0,1.0
SNPT-074,3,26,0,306.0,80.85591888427734,1.398553729057312,80.84381866455078,0.7280508875846863,0.7331811189651489,0.9649717807769775,0.0,0.0,0.0,0.0,1.0
SNPT-108,7,16,0,87.0,78.15380859375,3.9206840991973877,78.05540466308594,0.6638291478157043,0.7822598218917847,0.9892760515213013,0.0,0.0,0.0,1.0,1.0
SNPT-169,41,19,0,113.0,43.8588752746582,-4.695766925811768,43.606773376464844,0.9500462412834167,0.872989296913147,0.9795529842376709,0.0,0.0,0.0,1.0,1.0
SNPT-156,1,19,0,190.0,1900.3409423828125,1894.8868408203125,-143.8732147216797,0.9356419444084167,0.585475504398346,0.9037903547286987,0.0,0.0,0.0,0.0,1.0
SNPT-111,14,32,0,405.0,506.53265380859375,1.7410428524017334,506.5296630859375,0.5827560424804688,0.5355320572853088,0.8796284794807434,0.0,0.0,0.0,0.0,1.0
SNPT-163,2,25,0,265.0,95.62137603759766,-2.7757277488708496,-95.5810775756836,1.2250341176986694,0.7942079305648804,0.9014918804168701,0.0,1.0,1.0,1.0,1.0
SNPT-160,5,24,0,321.0,129.96405029296875,7.622820854187012,-129.7403106689453,1.976220965385437,0.6496998071670532,0.9492872357368469,0.0,0.0,0.0,0.0,1.0
SNPT-072,21,32,1,56.0,41.0776252746582,-1.2590258121490479,41.058326721191406,0.7894022464752197,0.9188302159309387,0.9810940027236938,0.0,0.0,0.0,1.0,1.0
SNPT-115,1,26,0,171.0,1925.477783203125,1898.4117431640625,-321.7108154296875,1.5228978395462036,0.6524657607078552,0.8140747547149658,0.0,1.0,1.0,0.0,1.0
SNPT-163,15,26,0,173.0,1868.9632568359375,1867.842041015625,64.7284164428711,1.0661720037460327,0.6873418092727661,0.9196140170097351,0.0,0.0,0.0,1.0,0.0
SNPT-098,5,31,1,491.0,1514.3251953125,-1507.3817138671875,144.84878540039062,1.176858901977539,0.8979986906051636,0.9447728991508484,1.0,0.0,1.0,1.0,1.0
SNPT-108,17,35,0,44.0,196.386962890625,-13.07575798034668,-195.951171875,1.4127702713012695,0.8560110926628113,0.9654242396354675,0.0,1.0,0.0,1.0,1.0
SNPT-097,7,24,1,125.0,61.43450927734375,-3.586897134780884,61.329708099365234,0.8724767565727234,0.9135717153549194,0.9841489195823669,1.0,0.0,1.0,1.0,1.0
SNPT-066,20,26,0,63.0,775.1061401367188,-771.82421875,-71.2524185180664,1.0123125314712524,0.9331520795822144,0.9900725483894348,0.0,1.0,1.0,1.0,1.0
SNPT-154,2,44,0,422.0,94.87637329101562,28.318824768066406,90.55148315429688,1.0765587091445923,0.7111627459526062,0.9176647663116455,0.0,0.0,0.0,0.0,1.0
SNPT-159,51,43,0,207.0,578.0518798828125,574.0848388671875,67.60603332519531,0.8956238627433777,0.70879727602005,0.9044061899185181,0.0,0.0,0.0,0.0,0.0
SNPT-113,26,33,0,190.0,5.941280364990234,-3.0052568912506104,-5.125157833099365,0.7897799611091614,0.6691678762435913,0.9564239978790283,0.0,0.0,0.0,1.0,1.0
SNPT-063,24,42,1,92.0,28.21712303161621,-27.97364616394043,-3.6988062858581543,1.1208078861236572,0.8374446630477905,0.9740167260169983,0.0,0.0,0.0,1.0,1.0
SNPT-072,15,27,0,334.0,1904.1387939453125,-1901.537109375,-99.50437927246094,1.1706362962722778,0.7681185603141785,0.9494954943656921,0.0,1.0,1.0,0.0,1.0
SNPT-164,5,30,0,182.0,225.0849609375,1.557828426361084,-225.07955932617188,1.4534144401550293,0.6820235848426819,0.8956273198127747,0.0,1.0,1.0,0.0,1.0
SNPT-107,16,31,1,264.0,86.5436019897461,10.000781059265137,85.96382141113281,0.6478888988494873,0.7920563220977783,0.9887668490409851,0.0,0.0,0.0,1.0,1.0
SNPT-060,1,27,0,235.0,416.81622314453125,10.620283126831055,-416.680908203125,1.7543383836746216,0.7700079679489136,0.9365140795707703,0.0,0.0,0.0,0.0,1.0
SNPT-163,4,40,0,19.0,107.7951431274414,76.72223663330078,-75.71981811523438,1.208642840385437,0.7806910276412964,0.9350384473800659,0.0,0.0,0.0,0.0,0.0
SNPT-111,1,27,0,448.0,1337.9801025390625,1261.188720703125,-446.7593078613281,0.20736953616142273,0.6549657583236694,0.8706607222557068,0.0,0.0,0.0,0.0,1.0
SNPT-068,16,36,0,736.0,1915.0135498046875,1893.445068359375,-286.60516357421875,0.9158852100372314,0.8743778467178345,0.9518799781799316,0.0,0.0,0.0,0.0,0.0
SNPT-154,51,26,1,84.0,82.50389099121094,29.969497680664062,76.86820983886719,1.056457281112671,0.9681839942932129,0.9496550559997559,1.0,0.0,1.0,1.0,1.0
SNPT-100,9,27,0,336.0,1882.2181396484375,1881.2076416015625,-61.66789627075195,0.9672977924346924,0.666622519493103,0.9042828679084778,0.0,0.0,0.0,0.0,0.0
SNPT-103,12,25,0,45.0,456.40948486328125,6.566412448883057,456.36224365234375,0.8062962889671326,0.6836673021316528,0.8928713798522949,0.0,1.0,1.0,0.0,1.0
SNPT-101,5,18,0,68.0,1900.440185546875,-1898.181640625,92.62633514404297,0.7172779440879822,0.7277253866195679,0.8882678747177124,0.0,0.0,0.0,0.0,1.0
SNPT-060,11,23,0,165.0,110.1360855102539,-9.256268501281738,-109.74642944335938,1.2201735973358154,0.7950080633163452,0.9921684861183167,0.0,0.0,0.0,1.0,1.0
SNPT-169,10,38,0,491.0,1895.650634765625,1895.2222900390625,40.29902648925781,0.8262203931808472,0.7126854658126831,0.9424855709075928,0.0,0.0,0.0,0.0,1.0
SNPT-159,24,35,0,139.0,68.76203155517578,-11.250398635864258,-67.8354263305664,1.256783127784729,0.7932999134063721,0.9214072227478027,0.0,0.0,0.0,1.0,1.0
SNPT-108,18,37,1,321.0,100.83136749267578,3.7393667697906494,100.76200866699219,0.9032205939292908,0.8238452672958374,0.9560350179672241,1.0,0.0,1.0,1.0,1.0
SNPT-060,5,31,0,575.0,1864.3377685546875,-1860.6173095703125,117.72239685058594,1.131594181060791,0.9426612854003906,0.987453281879425,0.0,0.0,0.0,1.0,1.0
SNPT-165,4,17,0,60.0,443.9078674316406,15.830546379089355,-443.6255187988281,2.492039680480957,0.5204919576644897,0.9049651026725769,0.0,1.0,1.0,0.0,1.0
SNPT-157,8,17,0,154.0,30.04645347595215,-14.390246391296387,26.376317977905273,0.8220016360282898,0.8318365812301636,0.9373410940170288,0.0,0.0,0.0,1.0,0.0
SNPT-163,10,29,1,278.0,64.47113800048828,5.70688533782959,64.21805572509766,0.9364013671875,0.9457741975784302,0.9792643189430237,1.0,0.0,1.0,1.0,1.0
SNPT-162,1,29,0,212.0,390.1993408203125,-14.02748966217041,389.9471130371094,1.2430541515350342,0.8809778690338135,0.9354310631752014,0.0,0.0,0.0,1.0,1.0
SNPT-159,1,38,0,548.0,1922.8704833984375,1903.4033203125,-272.9227294921875,2.080799102783203,0.6899683475494385,0.8987541794776917,0.0,0.0,0.0,0.0,0.0
SNPT-069,7,25,0,361.0,242.7196502685547,-11.596899032592773,-242.44244384765625,1.2718381881713867,0.731837272644043,0.8875583410263062,0.0,0.0,0.0,0.0,1.0
SNPT-102,11,32,0,410.0,161.0526123046875,-7.469143867492676,-160.8793182373047,0.9237902164459229,0.7609565258026123,0.952113151550293,0.0,0.0,0.0,1.0,1.0
SNPT-060,3,26,0,28.0,1866.02880859375,1865.86376953125,24.815881729125977,0.9691749215126038,0.8552865982055664,0.9719154238700867,0.0,0.0,0.0,0.0,1.0
SNPT-066,20,35,0,70.0,883.7418823242188,-880.82421875,-71.7524185180664,1.3801109790802002,0.8268371224403381,0.9698050618171692,0.0,1.0,1.0,0.0,1.0
SNPT-160,5,33,0,384.0,132.32107543945312,4.622820854187012,-132.2403106689453,2.127964735031128,0.5774046182632446,0.9340024590492249,0.0,0.0,0.0,0.0,0.0
SNPT-157,5,32,0,166.0,1456.5523681640625,1390.3587646484375,434.1051940917969,0.8309316635131836,0.685550332069397,0.9309077858924866,0.0,0.0,0.0,0.0,1.0
SNPT-067,16,29,0,98.0,142.30543518066406,3.6102867126464844,-142.2596435546875,1.313360571861267,0.7501355409622192,0.9537503123283386,0.0,0.0,0.0,0.0,1.0
SNPT-105,15,23,0,84.0,43.60652542114258,-12.010746002197266,41.91981887817383,0.5985325574874878,0.5791054964065552,0.9184616208076477,0.0,0.0,0.0,0.0,1.0
SNPT-107,7,33,1,315.0,127.46641540527344,21.011186599731445,125.7227783203125,0.8108826875686646,0.8370064496994019,0.9581081867218018,0.0,0.0,0.0,1.0,1.0
SNPT-159,51,48,0,282.0,573.1229248046875,573.0848388671875,6.606036186218262,0.9588692784309387,0.5815411806106567,0.9751805663108826,0.0,0.0,0.0,1.0,0.0
SNPT-108,3,30,0,340.0,298.87408447265625,23.833608627319336,-297.9222717285156,1.2417439222335815,0.6006231904029846,0.9181388020515442,0.0,1.0,0.0,0.0,1.0
SNPT-107,10,26,1,45.0,18.075654983520508,10.144993782043457,-14.960227966308594,0.7821793556213379,0.9036485552787781,0.9942087531089783,0.0,0.0,0.0,1.0,1.0
SNPT-063,9,20,0,5.0,1891.1058349609375,1889.2841796875,82.98465728759766,1.0514882802963257,0.7638657093048096,0.9671145081520081,0.0,0.0,0.0,0.0,1.0
SNPT-068,37,28,0,315.0,1895.494384765625,-1895.4246826171875,-16.252511978149414,1.3006287813186646,0.8258724212646484,0.9586182236671448,0.0,0.0,0.0,0.0,1.0
SNPT-067,3,31,0,287.0,354.8347473144531,-2.468397378921509,354.826171875,0.8164541125297546,0.7213643789291382,0.9450629353523254,0.0,0.0,0.0,1.0,0.0
SNPT-158,7,29,0,205.0,221.8776397705078,-8.739774703979492,221.7054443359375,0.5139108300209045,0.6043930649757385,0.9319385290145874,0.0,0.0,0.0,0.0,0.0
SNPT-105,4,31,0,231.0,44.26496505737305,-12.421870231628418,-42.48628234863281,0.7858299016952515,0.8004571199417114,0.9423777461051941,0.0,1.0,0.0,1.0,1.0
SNPT-102,5,26,0,325.0,89.61373138427734,-6.997150421142578,-89.34013366699219,0.9190505146980286,0.7703039646148682,0.9930327534675598,0.0,0.0,0.0,1.0,1.0
SNPT-072,23,26,0,137.0,72.45677185058594,-3.4463870525360107,-72.37476348876953,0.6524261236190796,0.6134171485900879,0.856499195098877,0.0,0.0,0.0,0.0,0.0
SNPT-072,2,23,0,1.0,1910.5718994140625,1905.294189453125,-141.91221618652344,1.9524859189987183,0.8004137873649597,0.7980012893676758,0.0,0.0,0.0,1.0,1.0
SNPT-163,40,13,0,192.0,1822.7967529296875,-1821.4940185546875,-68.89934539794922,1.0404655933380127,0.810494065284729,0.9424003958702087,0.0,0.0,0.0,1.0,1.0
SNPT-060,9,32,0,81.0,42.51872253417969,40.98394012451172,11.320700645446777,0.8537624478340149,0.8649821281433105,0.9724782705307007,0.0,1.0,0.0,0.0,1.0
SNPT-070,1,18,0,68.0,1881.583740234375,1881.4027099609375,26.09641456604004,1.4583128690719604,0.8037930130958557,0.9282980561256409,0.0,1.0,1.0,0.0,1.0
SNPT-103,7,33,0,105.0,432.5125732421875,-3.4606635570526123,-432.49871826171875,1.5049686431884766,0.719662070274353,0.8232465982437134,0.0,0.0,0.0,0.0,1.0
SNPT-161,21,28,0,76.0,300.4325866699219,3.058131694793701,300.4170227050781,0.48927032947540283,0.6357457637786865,0.8859760761260986,0.0,0.0,0.0,1.0,1.0
SNPT-068,27,30,0,14.0,1915.4722900390625,-1900.9742431640625,235.22598266601562,0.7929604053497314,0.677945613861084,0.9427131414413452,0.0,0.0,0.0,0.0,0.0
SNPT-107,9,30,1,159.0,86.84822845458984,4.936311721801758,86.70783233642578,0.641836941242218,0.8885229229927063,0.9912295937538147,0.0,0.0,0.0,1.0,1.0
SNPT-108,10,20,0,5.0,1888.0670166015625,-1887.7764892578125,33.118736267089844,0.684375524520874,0.7163312435150146,0.9453482627868652,0.0,0.0,0.0,0.0,1.0
SNPT-163,1,32,0,514.0,1905.95654296875,-1892.607666015625,-225.1817626953125,1.7648136615753174,0.7169262170791626,0.9121899604797363,0.0,0.0,0.0,1.0,1.0
SNPT-163,1,40,0,238.0,1852.365966796875,-1823.62353515625,-325.04852294921875,1.8999708890914917,0.7256068587303162,0.8625867366790771,0.0,0.0,0.0,0.0,1.0
SNPT-165,15,29,0,257.0,605.7604370117188,212.8716583251953,567.1255493164062,2.1223220825195312,0.740337610244751,0.9612579941749573,0.0,1.0,1.0,1.0,1.0
SNPT-098,12,35,0,103.0,302.8603820800781,-11.581583976745605,-302.63885498046875,1.2655616998672485,0.7433375716209412,0.9345062971115112,0.0,1.0,1.0,1.0,1.0
SNPT-166,2,21,0,454.0,1928.905517578125,-1904.5706787109375,-305.42901611328125,1.5825437307357788,0.7196134328842163,0.9409842491149902,0.0,0.0,0.0,0.0,1.0
SNPT-105,8,33,0,283.0,197.611328125,12.727086067199707,-197.2010498046875,1.3888264894485474,0.8393465280532837,0.9853226542472839,0.0,0.0,0.0,1.0,1.0
SNPT-097,6,18,1,96.0,132.75582885742188,2.3681528568267822,132.73471069335938,0.7607048749923706,0.9466450810432434,0.9839822053909302,0.0,0.0,0.0,1.0,1.0
SNPT-106,5,20,0,250.0,32.84908676147461,14.011354446411133,-29.711013793945312,1.470624327659607,0.8376243710517883,0.980259895324707,0.0,0.0,0.0,1.0,1.0
SNPT-159,50,34,0,97.0,1611.4259033203125,1611.2496337890625,-23.835105895996094,1.341812014579773,0.6516797542572021,0.9112465977668762,0.0,0.0,0.0,0.0,1.0
SNPT-169,9,20,1,134.0,151.32533264160156,-5.525533199310303,-151.22442626953125,1.266123652458191,0.9110181331634521,0.9834781289100647,1.0,0.0,1.0,1.0,0.0
SNPT-162,4,29,0,76.0,503.2017517089844,-7.451259136199951,503.1465759277344,0.7251191139221191,0.8302903771400452,0.9695603251457214,0.0,0.0,0.0,1.0,0.0
SNPT-161,8,34,0,256.0,458.31256103515625,-2.5208001136779785,458.3056335449219,0.4891788959503174,0.856967568397522,0.9307200312614441,0.0,1.0,1.0,1.0,1.0
SNPT-154,50,34,0,149.0,73.50137329101562,24.290878295898438,69.37150573730469,0.8253694176673889,0.6462047696113586,0.9404256343841553,0.0,0.0,0.0,0.0,0.0
SNPT-102,4,27,0,331.0,212.15440368652344,2.148944854736328,-212.14352416992188,0.9868779182434082,0.711230456829071,0.9102811217308044,0.0,0.0,0.0,0.0,1.0
SNPT-159,17,46,0,502.0,184.19561767578125,-1.108680248260498,-184.19227600097656,1.7956795692443848,0.6401163339614868,0.8419376611709595,0.0,0.0,0.0,0.0,1.0
SNPT-072,12,22,0,78.0,1898.5159912109375,-1898.2159423828125,-33.749542236328125,1.251435399055481,0.7431959509849548,0.919309675693512,0.0,1.0,0.0,0.0,1.0
SNPT-163,9,24,0,14.0,1904.2943115234375,1901.8319091796875,-96.80949401855469,1.0228077173233032,0.9063295722007751,0.9221205115318298,0.0,1.0,0.0,1.0,1.0
SNPT-101,9,27,1,107.0,11.221902847290039,-1.0212221145629883,-11.175338745117188,1.0345176458358765,0.9537379145622253,0.9939225316047668,1.0,0.0,1.0,1.0,1.0
SNPT-072,12,30,0,493.0,1900.224609375,-1900.2159423828125,-5.749543190002441,1.0182594060897827,0.6931290030479431,0.9287265539169312,0.0,1.0,0.0,0.0,1.0
SNPT-110,23,29,0,29.0,1877.3997802734375,1877.3778076171875,9.074912071228027,1.0260640382766724,0.8482567071914673,0.9863162040710449,0.0,1.0,1.0,1.0,1.0
SNPT-159,34,42,0,176.0,343.6408386230469,-35.42864227294922,341.80963134765625,0.5608955025672913,0.6364843249320984,0.932057797908783,0.0,0.0,0.0,1.0,1.0
SNPT-154,13,43,0,309.0,1890.128173828125,-1885.6114501953125,130.59054565429688,1.0790060758590698,0.7486804723739624,0.9062499403953552,0.0,0.0,0.0,0.0,1.0
SNPT-067,16,26,0,72.0,73.40455627441406,4.610286712646484,-73.25963592529297,1.1125868558883667,0.7871673703193665,0.9334213733673096,0.0,0.0,0.0,0.0,1.0
SNPT-061,25,30,1,165.0,135.43014526367188,-21.501842498779297,-133.7123565673828,1.580549955368042,0.9396045207977295,0.9616350531578064,1.0,0.0,1.0,1.0,1.0
SNPT-163,5,34,0,296.0,21.276939392089844,-9.139778137207031,-19.213865280151367,1.1906157732009888,0.6482376456260681,0.9167494773864746,0.0,1.0,1.0,0.0,1.0
SNPT-107,14,24,1,308.0,21.530309677124023,-4.462878227233887,21.06269073486328,0.5769733786582947,0.8914089798927307,0.9523344039916992,0.0,0.0,0.0,1.0,1.0
SNPT-161,12,33,0,361.0,90.53685760498047,32.49651336669922,84.50383758544922,0.731197714805603,0.9160978198051453,0.990090548992157,0.0,1.0,1.0,1.0,1.0
SNPT-097,27,19,0,59.0,198.2101593017578,-4.9411492347717285,-198.1485595703125,1.1010254621505737,0.6775498390197754,0.906470775604248,0.0,1.0,1.0,0.0,1.0
SNPT-108,20,37,0,329.0,130.70167541503906,7.233040809631348,130.5013885498047,0.8308247327804565,0.692457914352417,0.9048638939857483,0.0,0.0,0.0,0.0,1.0
SNPT-112,3,14,0,32.0,595.00634765625,-6.490060329437256,-594.970947265625,2.4912893772125244,0.5358456373214722,0.888992965221405,0.0,0.0,0.0,0.0,1.0
SNPT-166,2,22,1,482.0,58.965396881103516,-2.0706963539123535,-58.92902755737305,0.987644374370575,0.9157242774963379,0.9883207082748413,0.0,0.0,0.0,1.0,1.0
SNPT-102,7,22,1,85.0,98.24765014648438,7.509347438812256,97.96024322509766,0.6410780549049377,0.9198398590087891,0.9875755310058594,0.0,1.0,1.0,1.0,1.0
SNPT-063,9,24,1,115.0,90.90345764160156,-8.715803146362305,90.48465728759766,1.1268656253814697,0.9189729690551758,0.9675039649009705,0.0,0.0,0.0,1.0,1.0
SNPT-164,30,34,0,73.0,100.4651870727539,1.4332643747329712,-100.45496368408203,1.5540781021118164,0.6870981454849243,0.9176607131958008,0.0,0.0,0.0,0.0,0.0
SNPT-073,14,32,0,288.0,198.9131317138672,14.935416221618652,198.35162353515625,0.8815637230873108,0.7829453945159912,0.9885124564170837,0.0,0.0,0.0,1.0,1.0
SNPT-065,29,40,0,154.0,1872.9444580078125,1861.4132080078125,-207.5127716064453,0.776989221572876,0.8279522061347961,0.9808992743492126,0.0,1.0,1.0,1.0,1.0
SNPT-060,7,20,1,64.0,40.457889556884766,8.523229598999023,39.54990768432617,0.9576496481895447,0.9806243777275085,0.9970033168792725,1.0,0.0,1.0,1.0,1.0
SNPT-098,5,19,0,209.0,517.6676025390625,4.118328094482422,-517.6511840820312,1.4157401323318481,0.8094417452812195,0.9575461745262146,0.0,1.0,1.0,1.0,1.0
SNPT-074,23,27,0,311.0,188.6137237548828,14.339651107788086,188.06784057617188,0.6416035294532776,0.7682629227638245,0.9496997594833374,0.0,1.0,1.0,0.0,1.0
SNPT-072,15,21,0,64.0,144.0030517578125,1.4628643989562988,143.99562072753906,0.894416093826294,0.7688449621200562,0.9342323541641235,0.0,1.0,1.0,0.0,1.0
SNPT-097,2,23,0,90.0,158.4332275390625,-8.949870109558105,-158.18023681640625,1.6960657835006714,0.8534574508666992,0.9179333448410034,0.0,1.0,1.0,1.0,1.0
SNPT-066,9,28,0,147.0,854.5343627929688,-843.0753784179688,-139.47335815429688,1.4266343116760254,0.8251742720603943,0.9647668600082397,0.0,1.0,0.0,0.0,1.0
SNPT-063,4,35,0,454.0,1877.5025634765625,1875.4598388671875,87.55731964111328,1.0056818723678589,0.8550271391868591,0.9924095273017883,0.0,0.0,0.0,1.0,1.0
SNPT-063,21,36,1,255.0,144.1380157470703,2.096801280975342,-144.1227569580078,1.262786865234375,0.9697171449661255,0.9919869303703308,0.0,0.0,0.0,1.0,1.0
SNPT-157,8,22,0,166.0,217.4027557373047,-3.3902463912963867,217.37631225585938,0.4756094515323639,0.6938126087188721,0.9073490500450134,0.0,0.0,0.0,0.0,0.0
SNPT-066,21,24,0,95.0,647.44091796875,-643.9346923828125,67.28924560546875,1.002311110496521,0.764971911907196,0.9536222219467163,0.0,0.0,0.0,0.0,1.0
SNPT-067,3,30,0,287.0,222.57247924804688,-10.46839714050293,222.32615661621094,0.99705970287323,0.7639931440353394,0.968496561050415,0.0,0.0,0.0,1.0,0.0
SNPT-154,10,46,1,433.0,10.766937255859375,3.886660099029541,10.0409574508667,1.661268711090088,0.831167459487915,0.9429082274436951,0.0,0.0,0.0,0.0,0.0
SNPT-102,12,22,0,116.0,295.76397705078125,14.006402969360352,295.43212890625,0.43382734060287476,0.655258297920227,0.9078158140182495,0.0,1.0,1.0,0.0,1.0
SNPT-107,17,27,1,129.0,43.617027282714844,10.354789733886719,42.37007522583008,0.6675761938095093,0.8528348207473755,0.9903700351715088,1.0,0.0,1.0,1.0,1.0
SNPT-169,17,36,1,180.0,791.4181518554688,-691.5896606445312,-384.76800537109375,0.9357241988182068,0.697462797164917,0.9775146842002869,1.0,0.0,1.0,1.0,1.0
SNPT-102,11,23,1,173.0,62.151878356933594,-1.9691439867019653,62.12067794799805,0.692375123500824,0.8852193355560303,0.9683637619018555,1.0,0.0,1.0,1.0,1.0
SNPT-168,17,25,0,353.0,1920.1614990234375,1908.77001953125,208.84732055664062,0.705389142036438,0.6876876354217529,0.9186158180236816,0.0,0.0,0.0,0.0,0.0
SNPT-109,13,33,1,257.0,61.42655563354492,11.999719619750977,60.24307632446289,0.8587759733200073,0.7642227411270142,0.9394505023956299,0.0,0.0,0.0,1.0,1.0
SNPT-159,18,49,1,398.0,161.34410095214844,-1.7457869052886963,-161.33465576171875,1.5412275791168213,0.8377847671508789,0.9728155136108398,0.0,0.0,0.0,1.0,1.0
SNPT-154,6,44,0,117.0,119.29863739013672,36.73168182373047,113.5030746459961,1.0564042329788208,0.7671540975570679,0.9432100057601929,0.0,0.0,0.0,0.0,1.0
SNPT-111,12,31,0,592.0,18.62849235534668,14.521014213562012,11.668800354003906,1.081560730934143,0.726255476474762,0.8717344403266907,0.0,0.0,0.0,1.0,1.0
SNPT-111,23,26,0,64.0,1890.2252197265625,-1866.8104248046875,296.5975036621094,0.8660640120506287,0.5109802484512329,0.8967961668968201,0.0,0.0,0.0,0.0,0.0
SNPT-101,7,35,0,496.0,95.55329895019531,-1.3187341690063477,95.54419708251953,0.9239977598190308,0.7190936207771301,0.9419894218444824,0.0,0.0,0.0,0.0,1.0
SNPT-154,50,43,0,319.0,1873.2955322265625,-1865.2091064453125,173.8715057373047,0.740800142288208,0.7252445220947266,0.9428440928459167,0.0,0.0,0.0,1.0,0.0
SNPT-155,18,27,0,256.0,1897.622314453125,-1897.323974609375,33.64299774169922,1.194122076034546,0.5704190731048584,0.9206882119178772,0.0,0.0,0.0,0.0,1.0
SNPT-159,59,39,0,49.0,579.593017578125,-0.006049869116395712,-579.593017578125,1.5901989936828613,0.6335618495941162,0.9464788436889648,0.0,0.0,0.0,0.0,1.0
SNPT-158,2,37,0,210.0,200.71969604492188,0.9675824046134949,200.7173614501953,0.9824499487876892,0.8429321050643921,0.9886362552642822,0.0,1.0,1.0,1.0,1.0
SNPT-159,34,36,1,140.0,204.70477294921875,-2.428640365600586,-204.69036865234375,1.3210742473602295,0.830382764339447,0.97126305103302,0.0,0.0,0.0,1.0,1.0
SNPT-065,1,29,0,27.0,752.7149047851562,-725.67724609375,199.9305877685547,0.7700865268707275,0.8684399127960205,0.9926213026046753,0.0,1.0,1.0,1.0,1.0
SNPT-066,46,20,0,360.0,1887.55859375,-1866.9537353515625,278.1386413574219,1.5131349563598633,0.7227403521537781,0.962427020072937,0.0,1.0,1.0,0.0,1.0
SNPT-157,8,33,0,552.0,592.4956665039062,-11.890246391296387,592.3763427734375,0.3719516098499298,0.6625701785087585,0.8638947010040283,0.0,0.0,0.0,0.0,0.0
SNPT-153,1,29,0,471.0,141.00160217285156,3.0955498218536377,-140.96762084960938,1.171292781829834,0.7355549335479736,0.8928101658821106,0.0,0.0,0.0,1.0,1.0
SNPT-074,23,24,0,241.0,1893.178955078125,1891.339599609375,-83.43215942382812,0.8883893489837646,0.6410828232765198,0.8949630260467529,0.0,0.0,0.0,0.0,1.0
SNPT-159,34,37,0,148.0,513.4368286132812,-11.428640365600586,513.3096313476562,0.5458412766456604,0.610512912273407,0.8735655546188354,0.0,0.0,0.0,0.0,1.0
SNPT-170,19,31,0,225.0,84.95709228515625,1.3581600189208984,84.94623565673828,0.7610907554626465,0.6847767233848572,0.9379212260246277,0.0,0.0,0.0,0.0,1.0
SNPT-108,3,31,0,425.0,1898.43359375,1893.8336181640625,132.07774353027344,0.6031597852706909,0.5943758487701416,0.8887206315994263,0.0,1.0,0.0,0.0,1.0
SNPT-105,1,28,1,198.0,594.355224609375,-576.8088989257812,143.35142517089844,0.4705028235912323,0.900840163230896,0.9902659058570862,0.0,0.0,0.0,1.0,1.0
SNPT-109,40,31,0,186.0,90.35728454589844,-10.936330795288086,89.69300842285156,0.868641197681427,0.6257774233818054,0.9423441886901855,0.0,0.0,0.0,0.0,0.0
SNPT-155,1,19,1,70.0,180.36915588378906,146.0637664794922,105.82252502441406,1.7798196077346802,0.9158870577812195,0.905099630355835,1.0,0.0,1.0,1.0,1.0
SNPT-061,5,34,0,437.0,143.65570068359375,-13.919353485107422,-142.97976684570312,1.099644422531128,0.9488141536712646,0.9900906682014465,0.0,0.0,0.0,1.0,1.0
SNPT-108,3,24,0,111.0,204.42539978027344,14.333608627319336,-203.92225646972656,1.031628131866455,0.6535584926605225,0.9212184548377991,0.0,1.0,0.0,0.0,1.0
SNPT-170,3,40,0,6.0,568.1622924804688,-567.8294677734375,-19.444944381713867,0.8084731698036194,0.6734312772750854,0.9533774852752686,0.0,0.0,0.0,0.0,1.0
SNPT-109,35,26,0,234.0,1883.2413330078125,1883.17626953125,-15.649190902709961,1.0781893730163574,0.7804303169250488,0.9827235341072083,0.0,1.0,1.0,1.0,0.0
SNPT-073,18,31,0,472.0,1906.9515380859375,-1890.453125,250.30215454101562,0.7930473685264587,0.776799201965332,0.9581407308578491,0.0,0.0,0.0,0.0,1.0
SNPT-154,26,45,0,75.0,20.753036499023438,14.048505783081055,-15.275078773498535,1.1643792390823364,0.7138041257858276,0.9352967739105225,0.0,0.0,0.0,0.0,1.0
SNPT-113,13,27,0,311.0,216.0885772705078,0.21016950905323029,-216.08847045898438,1.6010173559188843,0.660638689994812,0.8863534927368164,0.0,0.0,0.0,0.0,1.0
SNPT-060,13,29,0,13.0,1883.8680419921875,1882.1207275390625,-81.12037658691406,0.7804136872291565,0.7504040598869324,0.9526083469390869,0.0,0.0,0.0,0.0,1.0
SNPT-164,19,31,0,228.0,1937.30810546875,-1892.27001953125,415.30316162109375,0.6367337107658386,0.7882058620452881,0.9815619587898254,0.0,0.0,0.0,1.0,1.0
SNPT-106,11,22,0,217.0,67.3369369506836,1.3437635898590088,-67.32352447509766,1.2888201475143433,0.9208689332008362,0.9829759001731873,0.0,1.0,1.0,1.0,1.0
SNPT-113,15,29,0,365.0,437.1031799316406,-20.731168746948242,436.61126708984375,0.4683551490306854,0.5903744697570801,0.8922476172447205,0.0,0.0,0.0,0.0,1.0
SNPT-165,6,28,0,200.0,87.25772094726562,-2.682119131088257,87.21649169921875,0.9566442370414734,0.7238162755966187,0.9014645218849182,0.0,0.0,0.0,0.0,1.0
SNPT-157,2,35,0,427.0,1915.685791015625,1886.275390625,334.3907470703125,0.5168295502662659,0.6106494069099426,0.9013616442680359,0.0,0.0,0.0,0.0,0.0
SNPT-114,9,26,0,186.0,36.52070999145508,30.210582733154297,20.520307540893555,0.9478991031646729,0.6804274320602417,0.804429829120636,0.0,0.0,0.0,0.0,1.0
SNPT-105,6,34,0,417.0,179.279296875,-0.07720258086919785,179.27928161621094,0.6928542256355286,0.7805465459823608,0.9723249077796936,0.0,0.0,0.0,1.0,1.0
SNPT-062,4,28,1,134.0,83.75230407714844,3.775609016418457,83.66715240478516,0.7558050155639648,0.965756893157959,0.9671072363853455,0.0,0.0,0.0,1.0,1.0
SNPT-166,18,23,0,6.0,1902.8092041015625,1902.7833251953125,-9.929777145385742,1.061413288116455,0.4709480106830597,0.8975448608398438,0.0,0.0,0.0,0.0,0.0
SNPT-099,2,27,0,204.0,149.65882873535156,2.0780701637268066,149.64439392089844,0.8125860691070557,0.638268232345581,0.9462325572967529,0.0,0.0,0.0,0.0,0.0
SNPT-067,2,27,0,98.0,46.85773849487305,17.114368438720703,-43.62047576904297,1.208657145500183,0.7337854504585266,0.9700877070426941,0.0,0.0,0.0,0.0,0.0
SNPT-157,2,37,0,462.0,1892.8428955078125,1884.275390625,179.89076232910156,0.598757266998291,0.5935443639755249,0.9249489307403564,0.0,0.0,0.0,0.0,0.0
SNPT-100,12,26,0,157.0,127.36431884765625,14.539420127868652,126.5317153930664,0.9081931114196777,0.7521162629127502,0.8996550440788269,0.0,1.0,1.0,0.0,1.0
SNPT-104,11,22,0,39.0,1897.0142822265625,1892.3309326171875,-133.2175750732422,1.772227168083191,0.5212339162826538,0.9140729904174805,0.0,0.0,0.0,0.0,1.0
SNPT-108,7,26,0,121.0,17.622493743896484,15.920683860778809,7.555402755737305,0.676966667175293,0.5931675434112549,0.9276018142700195,0.0,0.0,0.0,0.0,1.0
SNPT-068,25,33,0,420.0,1913.658935546875,1895.7449951171875,-261.2305603027344,0.8125482201576233,0.7296958565711975,0.9013690948486328,0.0,0.0,0.0,1.0,1.0
SNPT-073,21,31,0,370.0,403.0820007324219,16.57515525817871,402.7410583496094,0.724204957485199,0.7010945081710815,0.9461188316345215,0.0,0.0,0.0,0.0,0.0
SNPT-060,28,37,1,225.0,125.32813262939453,6.1366729736328125,125.17779541015625,0.8226804137229919,0.8831387758255005,0.9739561080932617,0.0,0.0,0.0,1.0,0.0
SNPT-101,5,32,0,316.0,82.20880889892578,-3.6816251277923584,82.12633514404297,0.7839859127998352,0.839614987373352,0.9897481203079224,0.0,0.0,0.0,1.0,1.0
SNPT-109,39,31,1,392.0,94.40655517578125,3.8767261505126953,94.3269271850586,0.7635350823402405,0.8009487986564636,0.9619387984275818,0.0,0.0,0.0,1.0,0.0
SNPT-161,6,39,1,493.0,42.31853485107422,-2.9749958515167236,42.213836669921875,1.175101637840271,0.849228024482727,0.9713039398193359,0.0,0.0,0.0,1.0,1.0
SNPT-064,40,23,0,56.0,83.0102767944336,2.567411184310913,-82.97056579589844,0.45863792300224304,0.8276150226593018,0.9730058312416077,0.0,0.0,0.0,1.0,1.0
SNPT-163,14,37,0,293.0,295.0845642089844,-115.08500671386719,271.7174072265625,0.5699607133865356,0.881269633769989,0.9399504661560059,0.0,1.0,1.0,1.0,1.0
SNPT-066,30,40,0,169.0,1411.5565185546875,-1411.5050048828125,-12.061491012573242,0.6259051561355591,0.871874213218689,0.9840978384017944,0.0,1.0,1.0,1.0,1.0
SNPT-107,14,28,0,632.0,1902.0362548828125,-1892.962890625,185.56268310546875,0.5162602663040161,0.850925087928772,0.9491778612136841,0.0,0.0,0.0,1.0,1.0
SNPT-152,23,20,0,70.0,151.76199340820312,-23.837942123413086,-149.8781280517578,0.7770714163780212,0.5673410296440125,0.906050443649292,0.0,0.0,0.0,0.0,1.0
SNPT-071,4,26,0,160.0,144.40625,21.21039390563965,-142.84007263183594,0.9185842871665955,0.7193272709846497,0.9372085928916931,0.0,0.0,0.0,1.0,1.0
SNPT-060,16,31,0,140.0,48.22049331665039,34.34589767456055,33.846343994140625,0.7599300742149353,0.8561829328536987,0.9598653316497803,0.0,0.0,0.0,0.0,1.0
SNPT-107,8,37,0,196.0,67.43628692626953,1.4237792491912842,-67.42125701904297,0.659412145614624,0.7901667952537537,0.9351842403411865,0.0,1.0,0.0,1.0,1.0
SNPT-072,23,30,0,402.0,1906.2298583984375,-1905.9464111328125,-32.87476348876953,0.6830924153327942,0.7176952958106995,0.9021686315536499,0.0,0.0,0.0,1.0,1.0
SNPT-098,5,30,0,473.0,1919.171875,-1896.8817138671875,-291.6512145996094,1.0281187295913696,0.6484392881393433,0.9018943309783936,0.0,1.0,1.0,0.0,1.0
SNPT-159,58,31,1,88.0,63.7800407409668,38.30366897583008,50.99728012084961,1.1388108730316162,0.9422422647476196,0.9805470705032349,0.0,1.0,0.0,1.0,1.0
SNPT-063,7,24,0,128.0,34.39011001586914,-4.575242042541504,34.08440399169922,1.181605577468872,0.889645516872406,0.9643081426620483,0.0,1.0,1.0,1.0,1.0
SNPT-099,1,11,0,96.0,228.8555145263672,8.006558418273926,228.71542358398438,0.8706879019737244,0.8784356117248535,0.9850473403930664,0.0,1.0,1.0,1.0,1.0
SNPT-103,18,24,0,10.0,1882.1593017578125,1878.90185546875,110.68667602539062,1.3710777759552002,0.7477864027023315,0.9265947937965393,0.0,1.0,1.0,0.0,1.0
SNPT-166,7,25,0,430.0,152.48768615722656,0.7119961380958557,-152.48602294921875,1.145760178565979,0.6393398642539978,0.9237983822822571,0.0,0.0,0.0,0.0,1.0
SNPT-164,2,36,0,234.0,220.19322204589844,-0.7624679803848267,-220.19189453125,2.093600273132324,0.6149623394012451,0.8895063400268555,0.0,0.0,0.0,0.0,0.0
SNPT-065,3,40,0,222.0,63.925437927246094,-18.008739471435547,61.336341857910156,0.46859118342399597,0.8298497796058655,0.9600255489349365,0.0,1.0,1.0,1.0,1.0
SNPT-068,3,30,0,474.0,1903.5013427734375,-1900.342529296875,-109.61515808105469,1.257933497428894,0.8435811996459961,0.9521632194519043,0.0,1.0,1.0,1.0,1.0
SNPT-108,2,37,0,473.0,34.632877349853516,1.749314546585083,34.58867263793945,0.8547654151916504,0.675433874130249,0.9581019878387451,0.0,1.0,1.0,1.0,1.0
SNPT-114,26,32,0,338.0,349.8567810058594,0.3189751207828522,349.85662841796875,0.8464105725288391,0.6731969118118286,0.8389496207237244,0.0,1.0,1.0,0.0,1.0
SNPT-101,15,29,0,308.0,198.17042541503906,-16.540184020996094,197.4789581298828,0.8225743174552917,0.6203619837760925,0.9144243597984314,0.0,0.0,0.0,0.0,1.0
SNPT-159,1,24,0,250.0,1909.1324462890625,1891.4033203125,259.5772705078125,0.7501881718635559,0.8367518186569214,0.9483799338340759,0.0,1.0,1.0,1.0,0.0
SNPT-065,18,30,0,74.0,284.936767578125,6.398722171783447,-284.86492919921875,1.26478111743927,0.769790768623352,0.9601184725761414,0.0,1.0,1.0,0.0,1.0
SNPT-113,38,26,1,75.0,16.438478469848633,-6.971796035766602,-14.886826515197754,1.2851835489273071,0.910118818283081,0.9373834133148193,0.0,0.0,0.0,1.0,1.0
SNPT-063,5,30,1,200.0,62.313907623291016,-0.24633640050888062,-62.313419342041016,1.3419808149337769,0.959522008895874,0.9925475716590881,0.0,0.0,0.0,1.0,0.0
SNPT-168,23,24,0,51.0,1905.0364990234375,1902.3175048828125,-101.74654388427734,0.9556111097335815,0.7184973955154419,0.8981618285179138,0.0,0.0,0.0,0.0,1.0
SNPT-159,18,45,0,362.0,1902.865234375,1891.7542724609375,-205.33465576171875,1.9518142938613892,0.7360500693321228,0.9425904750823975,0.0,0.0,0.0,0.0,1.0
SNPT-102,6,33,1,562.0,121.1116714477539,4.26902961730957,-121.03641510009766,1.0570106506347656,0.8550918102264404,0.9762868881225586,0.0,0.0,0.0,1.0,1.0
SNPT-075,29,23,1,128.0,15.18198013305664,4.504235744476318,-14.49842643737793,0.8898977637290955,0.8169416189193726,0.9132100939750671,0.0,0.0,0.0,1.0,1.0
SNPT-098,8,30,0,361.0,157.43055725097656,7.357760429382324,157.25852966308594,0.5569207072257996,0.7275148630142212,0.9252595901489258,0.0,0.0,0.0,0.0,0.0
SNPT-101,33,40,0,109.0,49.34349822998047,-7.0777177810668945,-48.833251953125,1.0729888677597046,0.6422545909881592,0.9113306403160095,0.0,0.0,0.0,0.0,1.0
SNPT-161,8,36,1,388.0,104.33609008789062,-2.5208001136779785,104.30563354492188,0.8919450640678406,0.9334383010864258,0.9808865785598755,1.0,0.0,0.0,1.0,1.0
SNPT-063,13,22,1,78.0,16.806537628173828,0.663138210773468,-16.79344940185547,1.2508893013000488,0.9619635343551636,0.9937906861305237,1.0,0.0,1.0,1.0,1.0
SNPT-071,7,25,0,1.0,41.2264518737793,31.624969482421875,26.44771385192871,0.7480526566505432,0.9296479225158691,0.9838547706604004,0.0,1.0,1.0,1.0,1.0
SNPT-071,11,29,1,404.0,111.53125,20.70725440979004,109.59210205078125,0.5892760753631592,0.9206545352935791,0.9547556638717651,0.0,0.0,0.0,1.0,1.0
SNPT-100,4,23,0,5.0,1880.010498046875,1875.671142578125,127.66149139404297,0.9284785389900208,0.707360565662384,0.9124078154563904,0.0,0.0,0.0,0.0,1.0
SNPT-159,58,36,0,272.0,1916.251708984375,1898.8037109375,-258.0027160644531,1.7543870210647583,0.8329976201057434,0.9638254642486572,0.0,0.0,0.0,1.0,1.0
SNPT-162,45,36,1,416.0,1900.614013671875,1889.68115234375,203.56561279296875,1.0854026079177856,0.9508334398269653,0.9824051856994629,0.0,1.0,0.0,1.0,1.0
SNPT-063,45,19,0,20.0,1906.1298828125,1898.5684814453125,-169.6139373779297,1.2563648223876953,0.802836000919342,0.9586913585662842,0.0,0.0,0.0,0.0,1.0
SNPT-163,9,30,0,297.0,39.496002197265625,7.33193302154541,-38.80949401855469,1.2984715700149536,0.6644095182418823,0.8635863065719604,0.0,1.0,1.0,0.0,1.0
SNPT-110,20,34,0,277.0,186.7482147216797,8.579453468322754,-186.55104064941406,1.08912193775177,0.7820134162902832,0.9850072860717773,0.0,1.0,1.0,1.0,1.0
SNPT-167,30,10,0,192.0,120.5996322631836,2.547863245010376,-120.57271575927734,0.9383484721183777,0.6014713048934937,0.9093581438064575,0.0,1.0,1.0,0.0,1.0
SNPT-105,8,37,1,293.0,82.15199279785156,4.369522571563721,-82.03571319580078,1.1999564170837402,0.9306972026824951,0.9811767339706421,1.0,0.0,0.0,1.0,1.0
SNPT-060,14,37,0,175.0,152.4612274169922,2.119879961013794,152.44650268554688,0.6871580481529236,0.8269153833389282,0.9488532543182373,0.0,0.0,0.0,0.0,0.0
SNPT-167,32,7,1,10.0,23.277795791625977,-1.8013625144958496,23.207992553710938,1.0628145933151245,0.9223103523254395,0.9915066361427307,1.0,0.0,1.0,1.0,1.0
SNPT-154,8,28,1,130.0,91.34395599365234,1.7397540807724,91.32738494873047,0.9926168918609619,0.9617977738380432,0.9889799952507019,1.0,0.0,1.0,1.0,0.0
SNPT-154,12,41,0,366.0,1890.086669921875,1889.531494140625,45.807762145996094,1.173288106918335,0.872122049331665,0.9665103554725647,0.0,0.0,0.0,1.0,0.0
SNPT-159,26,48,1,278.0,50.83327102661133,1.1899515390396118,-50.819339752197266,1.012208342552185,0.61418616771698,0.9695523381233215,0.0,0.0,0.0,1.0,0.0
SNPT-075,29,25,0,319.0,146.74819946289062,8.50423526763916,146.50157165527344,1.1312175989151,0.7107682228088379,0.9487658739089966,0.0,0.0,0.0,1.0,1.0
SNPT-164,16,31,0,209.0,1898.615966796875,-1887.4293212890625,205.79905700683594,0.9335034489631653,0.7812280654907227,0.9921349287033081,0.0,1.0,1.0,1.0,1.0
SNPT-098,10,35,0,62.0,135.11764526367188,-3.1596550941467285,135.0806884765625,0.5714162588119507,0.8726273775100708,0.9427973031997681,0.0,1.0,0.0,1.0,1.0
SNPT-164,16,36,0,353.0,1938.660400390625,-1897.4293212890625,-397.700927734375,2.366335391998291,0.5987076759338379,0.9169342517852783,0.0,0.0,0.0,0.0,0.0
SNPT-110,45,34,0,380.0,1901.6956787109375,1900.7833251953125,-58.9002799987793,0.7293529510498047,0.6687412261962891,0.933463990688324,0.0,0.0,0.0,0.0,1.0
SNPT-065,41,42,0,13.0,39.79549026489258,-4.289794921875,39.563602447509766,0.6029948592185974,0.8978475332260132,0.9496073126792908,0.0,1.0,1.0,1.0,1.0
SNPT-161,13,39,0,318.0,71.60955810546875,-5.193642616271973,-71.42096710205078,1.0681573152542114,0.7360618114471436,0.9568776488304138,0.0,0.0,0.0,0.0,1.0
SNPT-170,13,33,0,315.0,1189.8948974609375,1186.7061767578125,87.05349731445312,0.6037089228630066,0.7404707670211792,0.9375150203704834,0.0,0.0,0.0,0.0,1.0
SNPT-154,5,37,0,176.0,91.34687042236328,90.72135925292969,10.671697616577148,0.9143885374069214,0.8724358081817627,0.9793128371238708,0.0,1.0,0.0,1.0,1.0
SNPT-066,9,50,1,156.0,42.17884826660156,-21.391237258911133,36.35203552246094,1.2172975540161133,0.9493016600608826,0.9896940588951111,1.0,0.0,1.0,1.0,1.0
SNPT-152,13,23,0,116.0,13.563312530517578,-0.8815996050834656,-13.53463077545166,0.9918655157089233,0.5368324518203735,0.9157113432884216,0.0,0.0,0.0,0.0,1.0
SNPT-157,2,18,0,23.0,1890.3602294921875,1888.775390625,77.39075469970703,0.8758172988891602,0.6045538783073425,0.8922958374023438,0.0,0.0,0.0,0.0,0.0
SNPT-162,45,23,1,20.0,17.91188621520996,8.18113899230957,-15.934385299682617,0.9401975870132446,0.9651230573654175,0.9855745434761047,1.0,0.0,1.0,1.0,1.0
SNPT-158,1,25,1,97.0,96.2516860961914,0.7285782098770142,96.2489242553711,0.8309653997421265,0.8985044360160828,0.963513195514679,0.0,0.0,0.0,1.0,1.0
SNPT-064,36,42,1,1.0,54.61764907836914,-53.95689392089844,8.470010757446289,0.5701049566268921,0.8504573106765747,0.9613033533096313,0.0,0.0,0.0,0.0,0.0
SNPT-154,11,45,0,476.0,69.25904083251953,10.599191665649414,-68.44319915771484,1.4625686407089233,0.5999917984008789,0.8871750235557556,0.0,0.0,0.0,0.0,1.0
SNPT-151,13,36,0,321.0,1937.46044921875,-1891.4796142578125,419.592041015625,0.5649345517158508,0.7451856136322021,0.929868757724762,0.0,0.0,0.0,1.0,1.0
SNPT-098,5,25,0,264.0,310.6722717285156,3.618328094482422,-310.6512145996094,0.9599705338478088,0.8705263137817383,0.9799009561538696,0.0,1.0,1.0,1.0,1.0
SNPT-114,3,27,1,208.0,346.523193359375,-3.070695638656616,346.50958251953125,0.7782477140426636,0.8972210884094238,0.7610874772071838,1.0,0.0,1.0,1.0,1.0
SNPT-162,4,35,0,117.0,21.352224349975586,-9.45125961303711,19.146570205688477,1.5287517309188843,0.7169872522354126,0.9559860229492188,0.0,0.0,0.0,0.0,0.0
SNPT-065,4,36,1,250.0,1240.0787353515625,1236.7777099609375,-90.42115783691406,0.5276818871498108,0.8607245683670044,0.9648596048355103,0.0,0.0,0.0,1.0,1.0
SNPT-109,6,33,0,205.0,1894.685302734375,-1893.3028564453125,-72.36399841308594,0.9183976054191589,0.6197900772094727,0.9021855592727661,0.0,0.0,0.0,0.0,1.0
SNPT-169,41,45,0,130.0,46.7301025390625,8.80423355102539,-45.893226623535156,1.2711114883422852,0.8354122638702393,0.9789720773696899,0.0,0.0,0.0,1.0,0.0
SNPT-155,9,25,0,200.0,111.60824584960938,1.3963371515274048,111.5995101928711,0.6076459884643555,0.7553890347480774,0.912746012210846,0.0,1.0,1.0,0.0,1.0
SNPT-107,5,27,0,342.0,39.581478118896484,11.310027122497559,37.931209564208984,0.5804058313369751,0.5882238745689392,0.9024801254272461,0.0,0.0,0.0,0.0,1.0
SNPT-099,1,10,1,81.0,43.88678741455078,-2.9934420585632324,-43.78458023071289,1.2372838258743286,0.815876841545105,0.980302631855011,0.0,0.0,0.0,1.0,1.0
SNPT-109,23,31,0,185.0,83.41194152832031,7.833983898162842,83.04324340820312,0.9644054174423218,0.5707316994667053,0.885974109172821,0.0,0.0,0.0,0.0,1.0
SNPT-071,11,24,1,131.0,17.6182861328125,16.70725440979004,5.592105388641357,0.6657308340072632,0.8873270750045776,0.9404942989349365,0.0,0.0,0.0,1.0,1.0
SNPT-098,14,39,0,203.0,1923.2138671875,1902.23193359375,283.3114318847656,0.5317169427871704,0.6793004274368286,0.8882226347923279,0.0,1.0,1.0,0.0,1.0
SNPT-065,21,25,0,185.0,781.8446044921875,778.5094604492188,72.1385269165039,0.479259192943573,0.6721774935722351,0.9034703373908997,0.0,0.0,0.0,0.0,0.0
SNPT-068,20,29,0,128.0,404.5550537109375,5.962182998657227,404.5111083984375,0.5503841638565063,0.8327652215957642,0.9787617325782776,0.0,0.0,0.0,1.0,1.0
SNPT-153,5,10,0,105.0,1949.942138671875,1894.7093505859375,-460.815673828125,2.26774525642395,0.8106552362442017,0.9527708888053894,0.0,0.0,0.0,1.0,1.0
SNPT-101,12,29,1,273.0,95.84817504882812,-14.332154273986816,94.77057647705078,0.7600395679473877,0.9502990245819092,0.9836210012435913,0.0,0.0,0.0,1.0,1.0
SNPT-074,3,25,0,296.0,103.71422576904297,94.89855194091797,41.84381866455078,0.829619824886322,0.8235716819763184,0.9920049905776978,0.0,1.0,0.0,1.0,1.0
SNPT-099,1,17,0,237.0,62.6877555847168,13.506558418273926,61.21541976928711,1.0081788301467896,0.8262925148010254,0.9809867739677429,0.0,0.0,0.0,1.0,1.0
SNPT-160,20,25,1,76.0,40.89906692504883,-16.80755615234375,-37.285919189453125,0.8625730872154236,0.7300251722335815,0.9721618294715881,0.0,0.0,0.0,1.0,1.0
SNPT-167,36,27,0,124.0,48.756126403808594,-9.736872673034668,47.77397918701172,0.8956244587898254,0.9070244431495667,0.9882448315620422,0.0,0.0,0.0,1.0,1.0
SNPT-112,2,27,0,471.0,167.71844482421875,2.2072041034698486,167.70391845703125,1.0741713047027588,0.6922428607940674,0.9320210814476013,0.0,0.0,0.0,1.0,1.0
SNPT-162,10,29,0,145.0,122.80055236816406,-12.420456886291504,122.17081451416016,0.878462553024292,0.6946027874946594,0.9188397526741028,0.0,0.0,0.0,0.0,1.0
SNPT-158,5,25,0,128.0,117.4048080444336,-1.7879323959350586,117.39118957519531,0.7171922326087952,0.867342472076416,0.9527929425239563,0.0,0.0,0.0,1.0,1.0
SNPT-169,7,25,0,139.0,253.6283721923828,10.027953147888184,-253.4300537109375,1.6521934270858765,0.8247331380844116,0.9849664568901062,0.0,1.0,0.0,1.0,1.0
SNPT-074,21,24,1,425.0,119.74266052246094,115.17559051513672,-32.75495147705078,0.4514993131160736,0.8406055569648743,0.9471322298049927,0.0,0.0,0.0,1.0,1.0
SNPT-151,5,35,0,52.0,570.3074951171875,13.988407135009766,570.1359252929688,0.6369486451148987,0.7760796546936035,0.9694004058837891,0.0,1.0,1.0,1.0,1.0
SNPT-108,8,27,0,167.0,131.95179748535156,-0.5072165727615356,131.95082092285156,0.5898796319961548,0.8859102129936218,0.9398473501205444,0.0,0.0,0.0,1.0,1.0
SNPT-073,2,37,0,440.0,1901.08349609375,-1898.487060546875,99.32364654541016,0.802862823009491,0.822924017906189,0.9732248187065125,0.0,0.0,0.0,1.0,1.0
SNPT-115,19,25,0,145.0,228.55380249023438,-9.754080772399902,-228.34556579589844,2.272240400314331,0.709405779838562,0.891328752040863,0.0,1.0,0.0,0.0,1.0
SNPT-107,3,38,0,449.0,177.12570190429688,12.443071365356445,176.68809509277344,0.60884028673172,0.6512060165405273,0.9063212275505066,0.0,0.0,0.0,0.0,1.0
SNPT-164,16,28,0,87.0,357.714111328125,3.070680618286133,-357.700927734375,1.7793455123901367,0.6890425086021423,0.9776712656021118,0.0,0.0,0.0,1.0,1.0
SNPT-168,22,25,0,135.0,1902.9774169921875,1901.75146484375,68.2964096069336,0.9117102026939392,0.6498165130615234,0.914828896522522,0.0,0.0,0.0,0.0,0.0
SNPT-101,14,33,0,211.0,1903.1676025390625,1889.9532470703125,-223.8827362060547,1.3893319368362427,0.8355796933174133,0.9816640019416809,0.0,1.0,1.0,1.0,1.0
SNPT-159,20,25,0,18.0,138.73834228515625,-16.56170082092285,-137.74627685546875,1.463417887687683,0.6752384901046753,0.9334535002708435,0.0,1.0,1.0,0.0,1.0
SNPT-101,4,25,1,75.0,15.571721076965332,-5.501086711883545,14.56765365600586,1.0241799354553223,0.9281883239746094,0.9453350901603699,0.0,0.0,0.0,1.0,1.0
SNPT-108,8,12,0,109.0,206.45327758789062,-1.0072165727615356,206.45082092285156,0.5102986693382263,0.8396719694137573,0.9584107398986816,0.0,0.0,0.0,1.0,1.0
SNPT-151,3,35,0,349.0,1928.2999267578125,-1896.3046875,349.8127746582031,0.6731424331665039,0.7953416705131531,0.9762142300605774,0.0,1.0,1.0,1.0,1.0
SNPT-158,23,28,0,96.0,1898.7816162109375,1889.0985107421875,-191.51585388183594,1.2961013317108154,0.768342912197113,0.9838666915893555,0.0,1.0,1.0,1.0,1.0
SNPT-161,3,36,0,519.0,350.8497009277344,3.824127435684204,-350.828857421875,1.3104169368743896,0.7608960270881653,0.9740942120552063,0.0,1.0,0.0,1.0,1.0
SNPT-162,24,36,0,155.0,545.63427734375,-7.155523300170898,545.5873413085938,0.640548050403595,0.5971231460571289,0.9403708577156067,0.0,0.0,0.0,0.0,1.0
SNPT-062,2,28,0,128.0,372.19879150390625,-0.48365798592567444,-372.198486328125,1.0479645729064941,0.8522497415542603,0.9430938363075256,0.0,0.0,0.0,1.0,1.0
SNPT-154,13,55,0,69.0,39.75661849975586,11.388547897338867,38.09054946899414,1.2144215106964111,0.7766274809837341,0.9238947629928589,0.0,0.0,0.0,0.0,1.0
SNPT-156,2,19,0,58.0,184.42324829101562,1.851405143737793,-184.41395568847656,1.0776435136795044,0.535815417766571,0.9251620173454285,0.0,1.0,0.0,0.0,1.0
SNPT-076,13,26,0,86.0,80.79519653320312,1.1977512836456299,80.78631591796875,0.8180934190750122,0.9233840703964233,0.9923727512359619,0.0,0.0,0.0,1.0,1.0
SNPT-165,12,26,1,152.0,27.28681182861328,1.6067389249801636,27.239465713500977,0.8204125761985779,0.9372994899749756,0.9761348962783813,1.0,0.0,1.0,1.0,1.0
SNPT-107,15,26,0,273.0,110.1570816040039,7.161641597747803,-109.92403411865234,0.9369125962257385,0.7047480344772339,0.9330962896347046,0.0,0.0,0.0,0.0,1.0
SNPT-100,7,27,0,285.0,1880.987060546875,1880.88818359375,19.283390045166016,0.9100437760353088,0.6944303512573242,0.9225659370422363,0.0,0.0,0.0,0.0,0.0
SNPT-065,15,40,0,195.0,205.78573608398438,2.522355556488037,205.77027893066406,0.40433984994888306,0.7779598832130432,0.9153792858123779,0.0,1.0,1.0,0.0,1.0
SNPT-100,9,25,0,294.0,26.679668426513672,-0.7924095988273621,-26.667898178100586,1.0160365104675293,0.8628710508346558,0.9710383415222168,0.0,1.0,0.0,1.0,1.0
SNPT-109,12,28,0,351.0,340.4685974121094,14.735867500305176,340.1495361328125,0.618247926235199,0.6846739053726196,0.9013040065765381,0.0,0.0,0.0,0.0,1.0
SNPT-071,1,27,0,238.0,1882.10009765625,1878.9476318359375,-108.88880157470703,0.6381025314331055,0.6623259782791138,0.9088324904441833,0.0,0.0,0.0,0.0,1.0
SNPT-074,2,27,0,527.0,70.1236572265625,14.71130657196045,-68.56314086914062,0.6660106182098389,0.8881275057792664,0.9738693833351135,0.0,0.0,0.0,1.0,1.0
SNPT-156,1,21,0,214.0,1901.9647216796875,1889.3868408203125,-218.3732147216797,1.0216866731643677,0.8326798677444458,0.9869237542152405,0.0,0.0,0.0,1.0,1.0
SNPT-154,30,45,0,140.0,71.00243377685547,14.79198932647705,69.44452667236328,1.0682895183563232,0.5771016478538513,0.8991052508354187,0.0,0.0,0.0,0.0,0.0
SNPT-154,4,44,0,419.0,67.97325897216797,29.377199172973633,61.29718017578125,0.9058197736740112,0.7425123453140259,0.9309244751930237,0.0,0.0,0.0,0.0,1.0
SNPT-099,3,25,0,185.0,360.2306213378906,12.935611724853516,359.998291015625,0.7372862696647644,0.7709258794784546,0.9475228786468506,0.0,1.0,1.0,1.0,1.0
SNPT-105,18,20,0,83.0,177.83905029296875,5.559122085571289,-177.75213623046875,1.2786258459091187,0.6286339163780212,0.9302157163619995,0.0,1.0,1.0,0.0,1.0
SNPT-162,44,10,0,11.0,434.202392578125,-47.857696533203125,-431.556884765625,0.5629734992980957,0.706572413444519,0.8793148398399353,0.0,0.0,0.0,1.0,0.0
SNPT-154,51,22,0,74.0,841.9705200195312,836.969482421875,-91.63179016113281,1.492678165435791,0.6812998056411743,0.8561692237854004,0.0,0.0,0.0,0.0,1.0
SNPT-062,2,27,0,115.0,568.7091674804688,-3.4836580753326416,-568.698486328125,1.2821681499481201,0.7233020067214966,0.9308454394340515,0.0,0.0,0.0,0.0,1.0
SNPT-063,1,30,0,277.0,71.85751342773438,8.382349014282227,-71.36692810058594,1.053056240081787,0.6264989376068115,0.8676617741584778,0.0,0.0,0.0,0.0,1.0
SNPT-161,10,27,1,97.0,367.038818359375,-2.661802053451538,-367.0291748046875,1.38393235206604,0.8915786743164062,0.9434064626693726,0.0,0.0,0.0,1.0,1.0
SNPT-065,9,25,0,105.0,780.5732421875,780.50634765625,-10.22126293182373,0.8710294961929321,0.9167903065681458,0.9796161651611328,0.0,1.0,0.0,1.0,1.0
SNPT-163,3,21,0,5.0,1894.66162109375,1894.3621826171875,-33.683753967285156,1.2603166103363037,0.7581498622894287,0.9656146168708801,0.0,1.0,1.0,1.0,1.0
SNPT-065,11,38,0,271.0,206.80429077148438,-3.7072956562042236,-206.77105712890625,0.6612564921379089,0.8368744850158691,0.9481639862060547,0.0,1.0,1.0,0.0,0.0
SNPT-159,48,49,0,3.0,1899.88232421875,-1895.7818603515625,-124.75614929199219,1.290266990661621,0.4962463080883026,0.891737699508667,0.0,0.0,0.0,0.0,0.0
SNPT-060,12,26,0,203.0,104.37442779541016,-34.92787551879883,98.35681915283203,0.8140923380851746,0.8316856622695923,0.9907803535461426,0.0,0.0,0.0,1.0,1.0
SNPT-072,15,22,0,77.0,1902.6885986328125,-1902.537109375,-24.004379272460938,1.2113760709762573,0.7396398186683655,0.9420199394226074,0.0,1.0,1.0,0.0,1.0
SNPT-103,29,30,1,44.0,64.20417785644531,9.024765968322754,-63.566734313964844,0.8153113722801208,0.907395601272583,0.9174498319625854,1.0,0.0,1.0,1.0,1.0
SNPT-154,15,46,0,325.0,1887.8349609375,-1884.03369140625,-119.74117279052734,2.0061252117156982,0.7922894954681396,0.9264246821403503,0.0,0.0,0.0,1.0,0.0
SNPT-075,1,26,0,152.0,238.1564483642578,-17.288705825805664,-237.52809143066406,1.5598137378692627,0.9339706301689148,0.9439130425453186,0.0,1.0,1.0,1.0,1.0
SNPT-154,7,44,0,410.0,132.0060577392578,38.64491271972656,126.22270202636719,1.0929152965545654,0.7709157466888428,0.9220075011253357,0.0,0.0,0.0,0.0,1.0
SNPT-154,13,48,0,320.0,1899.2796630859375,-1884.6114501953125,235.59054565429688,1.0334655046463013,0.6764166355133057,0.9170934557914734,0.0,1.0,1.0,0.0,1.0
SNPT-060,12,23,1,165.0,44.911190032958984,-13.427874565124512,42.8568229675293,0.8752200603485107,0.9411827325820923,0.9934803247451782,0.0,0.0,0.0,1.0,1.0
SNPT-159,56,35,0,244.0,1904.002685546875,1893.533935546875,199.3876495361328,0.6835172772407532,0.7977101802825928,0.9769529104232788,0.0,0.0,0.0,1.0,1.0
SNPT-159,52,53,1,15.0,10.11506462097168,-5.448244571685791,8.522392272949219,1.0020647048950195,0.8935898542404175,0.9834314584732056,0.0,0.0,0.0,1.0,1.0
SNPT-167,34,12,0,146.0,266.106201171875,-5.47862434387207,266.0498046875,1.5166561603546143,0.7859656810760498,0.978240430355072,0.0,1.0,1.0,1.0,1.0
SNPT-153,3,9,1,76.0,88.0657958984375,13.277888298034668,87.05906677246094,0.9643667936325073,0.881482720375061,0.9875319600105286,0.0,1.0,0.0,1.0,1.0
SNPT-073,14,34,0,298.0,195.65745544433594,10.935416221618652,195.35162353515625,0.9046360850334167,0.6958849430084229,0.9558792114257812,0.0,0.0,0.0,0.0,1.0
SNPT-107,6,33,0,355.0,239.5845489501953,16.137195587158203,239.04046630859375,0.5852605104446411,0.7240753173828125,0.9515752196311951,0.0,0.0,0.0,1.0,1.0
SNPT-073,7,33,1,299.0,94.28807067871094,-11.499512672424316,93.58419036865234,0.9887173175811768,0.8586773872375488,0.9884026646614075,0.0,0.0,0.0,1.0,1.0
SNPT-070,9,30,1,454.0,71.81434631347656,4.615992069244385,71.66584014892578,1.4362183809280396,0.8036468029022217,0.9740957021713257,1.0,0.0,1.0,1.0,1.0
SNPT-061,3,33,0,440.0,387.0074157714844,2.1039388179779053,-387.001708984375,1.6100188493728638,0.7116197943687439,0.941387414932251,0.0,0.0,0.0,0.0,1.0
SNPT-162,18,42,0,199.0,241.37625122070312,141.8470916748047,195.2995147705078,0.8433469533920288,0.8168561458587646,0.9466567635536194,1.0,0.0,0.0,1.0,1.0
SNPT-062,4,25,0,52.0,1888.6658935546875,-1888.224365234375,-40.83284378051758,0.8661240935325623,0.8243693113327026,0.9399949908256531,0.0,0.0,0.0,0.0,1.0
SNPT-114,6,25,0,185.0,295.4636535644531,17.787090301513672,294.9277648925781,0.7087698578834534,0.602644681930542,0.8629053831100464,0.0,0.0,0.0,0.0,1.0
SNPT-074,7,27,0,213.0,191.30581665039062,14.487127304077148,190.75648498535156,0.6137993335723877,0.9529037475585938,0.9848588705062866,0.0,1.0,1.0,1.0,1.0
SNPT-065,19,27,1,59.0,64.42510223388672,18.366609573364258,61.751609802246094,0.7167412638664246,0.8958689570426941,0.9636163711547852,0.0,0.0,0.0,1.0,1.0
SNPT-163,2,21,1,245.0,37.949581146240234,-5.27572774887085,-37.581077575683594,1.450154423713684,0.8471274971961975,0.8875669836997986,1.0,0.0,1.0,1.0,1.0
SNPT-154,3,56,0,477.0,88.53724670410156,17.704803466796875,86.74897003173828,1.071856141090393,0.5960230827331543,0.903843343257904,0.0,0.0,0.0,0.0,0.0
SNPT-106,4,28,0,644.0,1887.3321533203125,-1886.7191162109375,48.101749420166016,0.6963114142417908,0.5990473031997681,0.9029466509819031,0.0,0.0,0.0,0.0,1.0
SNPT-113,35,21,0,131.0,151.4273223876953,1.4280272722244263,-151.42059326171875,1.5573689937591553,0.8734622001647949,0.9667418003082275,0.0,1.0,1.0,1.0,1.0
SNPT-169,1,19,0,124.0,719.5506591796875,-395.6324157714844,-601.0225830078125,1.5479719638824463,0.8963345289230347,0.9564998745918274,0.0,1.0,1.0,1.0,1.0
SNPT-060,17,34,1,165.0,135.0374298095703,14.894989967346191,134.21343994140625,0.8683010339736938,0.9448421001434326,0.9868831038475037,1.0,0.0,1.0,1.0,1.0
SNPT-163,15,37,1,306.0,244.2429962158203,-27.157962799072266,242.72840881347656,0.6520915627479553,0.8919188976287842,0.9605837464332581,1.0,0.0,1.0,1.0,0.0
SNPT-098,11,28,0,108.0,126.41255187988281,-0.547821581363678,126.41136932373047,0.8301442265510559,0.6700183749198914,0.9115051031112671,0.0,1.0,1.0,0.0,1.0
SNPT-063,48,18,0,304.0,1912.323974609375,-1902.1865234375,-196.64427185058594,0.6822728514671326,0.8797798752784729,0.9688000679016113,0.0,0.0,0.0,1.0,1.0
SNPT-154,22,42,1,318.0,1692.8897705078125,-1691.5780029296875,66.63015747070312,0.9937751889228821,0.7288740277290344,0.9749571681022644,0.0,0.0,0.0,1.0,1.0
SNPT-063,4,25,0,144.0,25.35219383239746,-10.540107727050781,23.05731773376465,1.1297647953033447,0.8185564875602722,0.9423859119415283,0.0,1.0,1.0,0.0,1.0
SNPT-159,6,39,0,294.0,1904.474609375,1897.69287109375,-160.57754516601562,1.5137062072753906,0.635984480381012,0.8912460207939148,0.0,0.0,0.0,0.0,1.0
SNPT-103,33,20,0,86.0,21.072885513305664,-19.015287399291992,-9.082147598266602,0.902198076248169,0.9086114764213562,0.9586294293403625,0.0,0.0,0.0,1.0,1.0
SNPT-154,21,55,0,67.0,44.943172454833984,1.5248661041259766,44.91729736328125,1.060027003288269,0.7549548149108887,0.9427634477615356,0.0,0.0,0.0,0.0,1.0
SNPT-073,39,33,0,255.0,233.59292602539062,-8.674236297607422,-233.4318084716797,1.562690258026123,0.6905763149261475,0.9489923119544983,0.0,0.0,0.0,0.0,1.0
SNPT-157,9,39,1,288.0,148.25924682617188,132.82589721679688,65.86412811279297,0.8186243772506714,0.9062973260879517,0.9836722016334534,1.0,0.0,0.0,1.0,1.0
SNPT-075,1,24,0,113.0,386.62799072265625,-8.788705825805664,-386.528076171875,1.793399691581726,0.8643009662628174,0.924822986125946,0.0,0.0,0.0,1.0,1.0
SNPT-153,2,22,0,159.0,1909.0035400390625,1908.969970703125,-11.32132339477539,1.4616382122039795,0.7044110894203186,0.9039807319641113,0.0,1.0,1.0,0.0,0.0
SNPT-113,14,34,0,399.0,101.34159851074219,-8.778356552124023,-100.96068572998047,1.7720272541046143,0.5574564933776855,0.9518649578094482,0.0,0.0,0.0,0.0,0.0
SNPT-067,8,27,0,81.0,115.44479370117188,17.254987716674805,-114.14800262451172,1.2398414611816406,0.6550041437149048,0.9680504202842712,0.0,0.0,0.0,0.0,1.0
SNPT-110,45,31,0,314.0,38.900882720947266,-0.2166929692029953,-38.9002799987793,0.6273635625839233,0.7366661429405212,0.9749963283538818,0.0,0.0,0.0,1.0,1.0
SNPT-153,11,16,0,4.0,1900.82177734375,1900.7498779296875,16.5275821685791,1.1446561813354492,0.6798197031021118,0.930050253868103,0.0,0.0,0.0,0.0,0.0
SNPT-069,3,21,1,98.0,26.27631187438965,-1.8138229846954346,26.213632583618164,1.0272722244262695,0.9202955961227417,0.9748563766479492,0.0,0.0,0.0,1.0,1.0
SNPT-063,48,21,0,356.0,1910.158935546875,-1900.5703125,-191.1526641845703,0.7719328999519348,0.7757247686386108,0.9607429504394531,0.0,0.0,0.0,0.0,1.0
SNPT-106,5,24,0,530.0,85.78177642822266,13.511354446411133,-84.71101379394531,1.2707535028457642,0.7416178584098816,0.9728780388832092,0.0,0.0,0.0,1.0,1.0
SNPT-064,42,34,0,8.0,687.297119140625,681.4940795898438,89.12432098388672,1.5265237092971802,0.865821123123169,0.967886209487915,0.0,0.0,0.0,1.0,0.0
SNPT-098,10,27,0,41.0,1891.12744140625,1889.9007568359375,68.10466766357422,0.6471619009971619,0.6431646347045898,0.9445353746414185,0.0,0.0,0.0,0.0,0.0
SNPT-167,37,27,1,268.0,110.92323303222656,1.91082763671875,110.90676879882812,0.7904330492019653,0.8398507237434387,0.9623855948448181,1.0,0.0,1.0,1.0,1.0
SNPT-162,46,34,0,323.0,1887.4913330078125,1887.3348388671875,24.306039810180664,1.2834891080856323,0.7395471334457397,0.8778911232948303,0.0,0.0,0.0,0.0,1.0
SNPT-168,18,26,0,393.0,12.044883728027344,-3.6953070163726807,11.464027404785156,1.2836538553237915,0.6382068395614624,0.8995859622955322,0.0,0.0,0.0,0.0,1.0
SNPT-102,12,31,0,383.0,115.63729095458984,4.00640344619751,-115.56787109375,0.9118316769599915,0.6940858364105225,0.9194713234901428,0.0,0.0,0.0,0.0,1.0
SNPT-157,13,32,0,48.0,687.00732421875,-495.1978759765625,476.1912536621094,0.7639877796173096,0.8945223093032837,0.9702824354171753,0.0,0.0,0.0,1.0,1.0
SNPT-068,21,29,0,168.0,68.73851776123047,-13.995599746704102,67.29864501953125,1.186963677406311,0.7935267686843872,0.9234031438827515,0.0,0.0,0.0,0.0,1.0
SNPT-063,13,43,1,525.0,77.33819580078125,9.163138389587402,-76.79344940185547,1.3011542558670044,0.9403122067451477,0.9674957394599915,0.0,0.0,0.0,1.0,1.0
SNPT-066,20,24,0,61.0,630.1500854492188,-629.32421875,-32.252418518066406,1.1780256032943726,0.8261549472808838,0.971259355545044,0.0,1.0,1.0,0.0,1.0
SNPT-098,7,10,1,74.0,32.16971969604492,2.074923515319824,32.10273742675781,0.8227165341377258,0.9615427255630493,0.9929090738296509,0.0,0.0,0.0,1.0,1.0
SNPT-170,38,25,1,49.0,68.86870574951172,22.831432342529297,-64.97402954101562,1.5320709943771362,0.7627285718917847,0.963935911655426,0.0,0.0,0.0,1.0,1.0
SNPT-067,9,32,1,236.0,71.78242492675781,-3.615217924118042,71.69132995605469,1.0466569662094116,0.9201268553733826,0.9660317897796631,0.0,0.0,0.0,0.0,0.0
SNPT-157,7,32,0,200.0,1516.48583984375,1395.736572265625,592.9998779296875,0.6125555634498596,0.6443160772323608,0.917437732219696,0.0,0.0,0.0,0.0,1.0
SNPT-114,5,21,1,150.0,18.926010131835938,-6.468860149383545,-17.78616714477539,1.0588135719299316,0.8928861021995544,0.9017072319984436,0.0,0.0,0.0,1.0,1.0
SNPT-159,55,42,0,221.0,324.8326110839844,-26.408044815063477,323.7573547363281,0.6231301426887512,0.7891858220100403,0.9539221525192261,0.0,0.0,0.0,1.0,0.0
SNPT-168,2,23,0,44.0,1909.6451416015625,-1902.578125,164.136962890625,0.8291628360748291,0.6841182708740234,0.8701932430267334,0.0,0.0,0.0,0.0,1.0
SNPT-110,20,28,0,80.0,28.716629028320312,3.079453229904175,-28.551036834716797,1.0904479026794434,0.6905253529548645,0.9145718216896057,0.0,1.0,1.0,0.0,1.0
SNPT-109,6,32,0,148.0,1900.39013671875,-1892.3028564453125,175.13600158691406,0.6649574041366577,0.7870513200759888,0.9728509187698364,0.0,1.0,1.0,1.0,1.0
SNPT-068,4,36,0,492.0,8.432616233825684,-4.642661094665527,7.039511203765869,0.6346129179000854,0.7222570180892944,0.911088764667511,0.0,0.0,0.0,1.0,1.0
SNPT-154,23,41,0,26.0,1897.453125,1897.1943359375,31.33884620666504,1.005859375,0.8854642510414124,0.9893779754638672,0.0,0.0,0.0,1.0,1.0
SNPT-105,2,29,1,113.0,7.069212913513184,1.3998762369155884,-6.929222106933594,0.6404039263725281,0.8816647529602051,0.9904813766479492,1.0,0.0,0.0,1.0,1.0
SNPT-066,11,23,1,110.0,187.605712890625,-126.3063735961914,138.7177276611328,1.160306453704834,0.8669933080673218,0.9710490703582764,0.0,0.0,0.0,1.0,1.0
SNPT-068,25,29,0,179.0,184.81820678710938,4.244991302490234,184.76943969726562,0.843593180179596,0.8505560159683228,0.9587641954421997,0.0,0.0,0.0,1.0,1.0
SNPT-113,35,24,0,171.0,28.955827713012695,1.4280272722244263,-28.92059326171875,1.2013177871704102,0.7016651034355164,0.8991243839263916,0.0,0.0,0.0,0.0,1.0
SNPT-166,15,23,0,209.0,1926.81494140625,1902.9686279296875,-302.20245361328125,1.8762507438659668,0.46132123470306396,0.9000719785690308,0.0,0.0,0.0,0.0,0.0
SNPT-159,17,31,0,219.0,1863.4149169921875,-1862.608642578125,54.80772018432617,1.351330280303955,0.5863252878189087,0.8837915658950806,0.0,1.0,0.0,0.0,1.0
SNPT-158,10,25,0,172.0,182.74832153320312,175.3668975830078,51.41400146484375,1.1271990537643433,0.7044295072555542,0.9212467074394226,1.0,0.0,1.0,0.0,1.0
SNPT-154,4,29,0,97.0,98.30109405517578,0.877199113368988,98.29718017578125,0.8572980761528015,0.920247495174408,0.9845374822616577,0.0,1.0,1.0,1.0,1.0
SNPT-164,5,33,0,315.0,353.5830078125,1.557828426361084,-353.5795593261719,2.3488099575042725,0.7022342681884766,0.8915881514549255,0.0,0.0,0.0,0.0,1.0
SNPT-112,2,20,0,15.0,1857.4613037109375,1855.7071533203125,80.70391845703125,0.9518638253211975,0.6956912875175476,0.9150569438934326,0.0,1.0,1.0,0.0,1.0
SNPT-074,7,26,0,213.0,28.911218643188477,2.9871275424957275,28.756488800048828,0.9103962182998657,0.8441095352172852,0.9672269225120544,0.0,0.0,0.0,0.0,1.0
SNPT-154,28,40,0,11.0,1890.075439453125,1884.662841796875,142.93722534179688,1.1191346645355225,0.9576611518859863,0.9766281247138977,0.0,1.0,1.0,1.0,1.0
SNPT-154,11,48,0,481.0,105.6181411743164,3.599191665649414,105.55680084228516,1.3658682107925415,0.5742558240890503,0.8993430733680725,0.0,1.0,1.0,0.0,1.0
SNPT-168,22,24,0,27.0,1896.25439453125,1896.25146484375,3.2964093685150146,1.0292308330535889,0.848168134689331,0.9841840267181396,0.0,0.0,0.0,1.0,1.0
SNPT-100,14,26,0,297.0,61.162010192871094,-9.697894096374512,-60.38826370239258,0.8253124952316284,0.6898763179779053,0.8985998034477234,0.0,1.0,1.0,0.0,1.0
SNPT-105,26,29,0,113.0,24.770559310913086,3.595400810241699,24.508237838745117,0.5814396739006042,0.7299250364303589,0.9369566440582275,0.0,0.0,0.0,0.0,1.0
SNPT-063,45,26,1,159.0,274.51983642578125,8.568486213684082,274.3860778808594,0.6569763422012329,0.8681665062904358,0.9196043610572815,0.0,0.0,0.0,1.0,1.0
SNPT-071,26,28,1,94.0,112.5489501953125,16.67616844177246,-111.30665588378906,1.1186496019363403,0.8266857862472534,0.9601942300796509,0.0,0.0,0.0,1.0,0.0
SNPT-163,7,30,0,467.0,1896.303955078125,-1893.2235107421875,108.04331970214844,0.6964833736419678,0.8530378341674805,0.9670016765594482,0.0,0.0,0.0,1.0,1.0
SNPT-062,1,27,0,423.0,1934.187744140625,1892.213134765625,-400.7635498046875,1.2561229467391968,0.8939275145530701,0.9703565239906311,0.0,0.0,0.0,1.0,1.0
SNPT-163,40,36,0,278.0,185.3133544921875,9.893058776855469,185.04908752441406,0.6935176253318787,0.7150731086730957,0.9438340067863464,0.0,0.0,0.0,1.0,1.0
SNPT-101,24,35,0,167.0,1945.4273681640625,1903.4803466796875,-401.8088073730469,1.820212960243225,0.7716087698936462,0.9655924439430237,0.0,0.0,0.0,1.0,1.0
SNPT-154,13,34,1,139.0,26.37873077392578,3.888547658920288,26.090547561645508,1.202184796333313,0.9573118090629578,0.9710738658905029,0.0,0.0,0.0,1.0,1.0
SNPT-066,6,35,0,1.0,264.9576721191406,-257.8668518066406,-60.88720703125,1.6198927164077759,0.9131675958633423,0.9839830994606018,0.0,1.0,1.0,1.0,0.0
SNPT-113,15,26,0,140.0,264.6122741699219,-0.7311695218086243,264.61126708984375,0.8767523765563965,0.6647927761077881,0.9511685967445374,0.0,0.0,0.0,1.0,1.0
SNPT-114,6,16,0,151.0,82.06031036376953,16.287090301513672,80.4277572631836,0.928735077381134,0.6445566415786743,0.9412204027175903,0.0,0.0,0.0,1.0,1.0
SNPT-073,16,36,0,307.0,32.938236236572266,1.988969087600708,-32.87813186645508,1.4314689636230469,0.7008061408996582,0.9260172247886658,0.0,0.0,0.0,0.0,1.0
SNPT-159,50,59,0,47.0,178.8425750732422,1.887687087059021,178.83261108398438,0.7126567363739014,0.885293185710907,0.9867657423019409,0.0,1.0,1.0,1.0,1.0
SNPT-069,19,22,0,18.0,1895.34130859375,-1894.5679931640625,-54.139156341552734,0.8181270956993103,0.8179003000259399,0.9030262231826782,0.0,1.0,1.0,0.0,1.0
SNPT-107,10,39,0,119.0,176.80303955078125,9.644993782043457,176.53977966308594,0.490011066198349,0.7543995976448059,0.9587484002113342,0.0,0.0,0.0,1.0,1.0
SNPT-155,10,28,0,36.0,594.6030883789062,-9.682732582092285,594.5242919921875,0.41134217381477356,0.633194088935852,0.8730597496032715,0.0,1.0,1.0,0.0,1.0
SNPT-064,40,32,0,202.0,914.9615478515625,885.0673828125,-231.97056579589844,0.7761812806129456,0.7910159826278687,0.9438785910606384,0.0,0.0,0.0,1.0,1.0
SNPT-066,33,40,1,147.0,9.685226440429688,9.515987396240234,-1.8026607036590576,0.6400525569915771,0.9359546899795532,0.9908688068389893,1.0,0.0,1.0,1.0,1.0
SNPT-061,12,31,0,177.0,25.384187698364258,-23.425125122070312,9.778576850891113,1.1104295253753662,0.9150940179824829,0.9926244616508484,0.0,0.0,0.0,1.0,1.0
SNPT-161,2,40,1,161.0,16.822969436645508,-1.8118014335632324,-16.725120544433594,1.0177572965621948,0.891737163066864,0.9573459029197693,0.0,0.0,0.0,1.0,1.0
SNPT-151,5,37,1,195.0,181.9384765625,10.488407135009766,181.6359100341797,0.8210634589195251,0.8065456748008728,0.9709120392799377,0.0,0.0,0.0,1.0,1.0
SNPT-170,25,34,1,583.0,46.02922821044922,22.322982788085938,40.25387191772461,1.1500287055969238,0.8135072588920593,0.9794445037841797,0.0,0.0,0.0,1.0,1.0
SNPT-062,8,27,0,57.0,52.513118743896484,-7.490476608276367,51.97615051269531,0.7740728259086609,0.724228024482727,0.9516392946243286,0.0,0.0,0.0,0.0,1.0
SNPT-068,27,36,0,188.0,46.489810943603516,-4.474191665649414,-46.27401351928711,0.6177330613136292,0.6884390115737915,0.9287392497062683,0.0,0.0,0.0,0.0,0.0
SNPT-157,12,35,1,178.0,282.8896179199219,49.51914978027344,278.52178955078125,0.7557880878448486,0.8794877529144287,0.968647837638855,1.0,0.0,1.0,1.0,1.0
SNPT-061,12,34,1,190.0,30.658254623413086,-23.425125122070312,19.778575897216797,0.9617767333984375,0.9681920409202576,0.9920887351036072,0.0,0.0,0.0,1.0,1.0
SNPT-108,8,15,0,111.0,55.722206115722656,5.492783546447754,55.45082092285156,0.6897503137588501,0.8883671164512634,0.9849408268928528,0.0,0.0,0.0,1.0,1.0
SNPT-161,24,28,1,69.0,25.282445907592773,9.667080879211426,23.361284255981445,0.9344968199729919,0.9523317813873291,0.937843382358551,1.0,0.0,1.0,1.0,1.0
SNPT-163,7,19,1,156.0,26.664827346801758,-5.723519802093506,26.043315887451172,0.7970066666603088,0.875881552696228,0.986263632774353,0.0,0.0,0.0,1.0,1.0
SNPT-104,26,15,1,156.0,115.64118957519531,19.21046257019043,114.03439331054688,1.760833740234375,0.8941468000411987,0.9012976884841919,0.0,0.0,0.0,1.0,1.0
SNPT-072,2,26,0,145.0,1912.240234375,1900.294189453125,-213.41221618652344,1.273852825164795,0.6577913761138916,0.7884354591369629,0.0,0.0,0.0,0.0,0.0
SNPT-107,9,31,0,167.0,93.71250915527344,0.9363117218017578,93.70783233642578,0.6846888065338135,0.647567629814148,0.939753532409668,0.0,0.0,0.0,0.0,1.0
SNPT-159,58,49,0,402.0,166.51866149902344,2.3036680221557617,-166.50271606445312,1.4340195655822754,0.6718752980232239,0.927676260471344,0.0,0.0,0.0,0.0,1.0
SNPT-153,1,31,0,519.0,61.18018341064453,5.095550060272217,-60.96761703491211,1.1812840700149536,0.6296877264976501,0.878797709941864,0.0,0.0,0.0,1.0,1.0
SNPT-064,8,28,0,94.0,955.191162109375,-949.9815063476562,-99.62579345703125,1.533939242362976,0.9035688042640686,0.981265664100647,0.0,0.0,0.0,1.0,1.0
SNPT-169,39,33,0,6.0,1565.1446533203125,-1564.645263671875,39.534122467041016,0.8946861028671265,0.6659388542175293,0.9275579452514648,0.0,0.0,0.0,1.0,1.0
SNPT-161,30,38,0,91.0,1889.532470703125,1889.105712890625,-40.15351104736328,1.1540695428848267,0.5476130247116089,0.9039546251296997,0.0,0.0,0.0,0.0,1.0
SNPT-159,6,34,0,107.0,1617.9705810546875,1612.69287109375,-130.57754516601562,1.7922616004943848,0.6218669414520264,0.8607379198074341,0.0,0.0,0.0,0.0,1.0
SNPT-169,43,16,1,1.0,56.000057220458984,55.890228271484375,3.5055484771728516,1.187469244003296,0.8624609708786011,0.981564462184906,0.0,0.0,0.0,1.0,1.0
SNPT-108,8,14,1,110.0,75.65154266357422,-5.507216453552246,75.45082092285156,0.8143202662467957,0.8973854184150696,0.9767352938652039,0.0,0.0,0.0,1.0,1.0
SNPT-153,2,15,0,99.0,1908.4815673828125,1908.469970703125,6.678677082061768,1.091929316520691,0.6398311853408813,0.9029858708381653,0.0,1.0,1.0,0.0,0.0
SNPT-107,15,31,0,301.0,18.654075622558594,6.661641597747803,-17.42403793334961,0.7778868079185486,0.8634120225906372,0.9926360249519348,0.0,0.0,0.0,1.0,1.0
SNPT-169,1,36,1,407.0,557.6892700195312,-398.1324157714844,-390.5226135253906,1.1776059865951538,0.8130506277084351,0.9717274308204651,1.0,0.0,1.0,1.0,1.0
SNPT-157,2,22,0,33.0,1908.307373046875,1891.275390625,254.39076232910156,0.5608769655227661,0.651093065738678,0.8913241028785706,0.0,0.0,0.0,0.0,0.0
SNPT-065,45,36,0,326.0,1885.8358154296875,1885.1763916015625,-49.86769485473633,0.5204718112945557,0.7713097929954529,0.9598181843757629,0.0,0.0,0.0,1.0,1.0
SNPT-154,55,56,0,41.0,90.56265258789062,10.343276023864746,89.97005462646484,0.8652322888374329,0.7999041676521301,0.9264674186706543,0.0,0.0,0.0,0.0,1.0
SNPT-065,14,39,0,169.0,41.056060791015625,-19.6120662689209,-36.06892013549805,0.5671427845954895,0.8330472111701965,0.8356785178184509,0.0,1.0,1.0,0.0,1.0
SNPT-167,33,24,0,1.0,1866.1156005859375,-1865.4755859375,-48.87213897705078,1.054292917251587,0.7917965054512024,0.983845055103302,0.0,1.0,1.0,1.0,1.0
SNPT-159,33,44,1,213.0,206.10411071777344,26.13452911376953,-204.4404296875,1.524946689605713,0.7466620802879333,0.9209669232368469,0.0,0.0,0.0,1.0,1.0
SNPT-111,1,19,0,139.0,675.0440673828125,-595.311279296875,-318.2593078613281,0.2106800228357315,0.6717982888221741,0.8729504346847534,0.0,0.0,0.0,1.0,1.0
SNPT-102,11,33,0,427.0,169.39076232910156,-1.9691439867019653,-169.3793182373047,0.8926447629928589,0.6455843448638916,0.8962574005126953,0.0,0.0,0.0,0.0,1.0
SNPT-167,37,24,0,53.0,1871.260986328125,-1868.0892333984375,108.90676879882812,0.9260263442993164,0.8219935894012451,0.9917087554931641,0.0,1.0,1.0,1.0,1.0
SNPT-154,8,48,0,465.0,139.3453826904297,2.2397541999816895,139.327392578125,1.1786117553710938,0.6632287502288818,0.9228849411010742,0.0,1.0,1.0,0.0,0.0
SNPT-159,18,31,0,84.0,65.78675842285156,34.25421142578125,56.165348052978516,1.2239488363265991,0.815149188041687,0.933628499507904,0.0,1.0,0.0,0.0,1.0
SNPT-162,14,26,1,122.0,136.443115234375,0.9277136325836182,-136.43995666503906,1.2849754095077515,0.9137368202209473,0.9770328402519226,0.0,0.0,0.0,1.0,1.0
SNPT-107,2,33,0,347.0,66.4001235961914,18.646408081054688,-63.72823715209961,1.1683012247085571,0.7984621524810791,0.9698777794837952,0.0,0.0,0.0,1.0,1.0
SNPT-065,14,38,1,168.0,53.31497573852539,8.887932777404785,-52.56892013549805,0.5498637557029724,0.9212234020233154,0.9295473694801331,0.0,1.0,1.0,0.0,0.0
SNPT-111,2,34,0,272.0,302.0113220214844,16.967700958251953,-301.5343017578125,2.3032498359680176,0.6800577640533447,0.7540770173072815,0.0,0.0,0.0,1.0,1.0
SNPT-160,20,28,0,104.0,79.30553436279297,-3.8075568675994873,79.21408081054688,0.9521358013153076,0.754459798336029,0.9582479596138,0.0,0.0,0.0,1.0,1.0
SNPT-156,1,22,1,299.0,39.39762496948242,1.3868637084960938,-39.373207092285156,0.9718231558799744,0.8305266499519348,0.9526418447494507,0.0,0.0,0.0,1.0,1.0
SNPT-113,25,34,0,198.0,53.31853485107422,10.635372161865234,-52.24705505371094,1.2842726707458496,0.5241100788116455,0.9474678039550781,0.0,0.0,0.0,0.0,0.0
SNPT-154,22,29,0,2.0,1701.8045654296875,-1689.5780029296875,203.63015747070312,0.7049947381019592,0.7367774844169617,0.9361210465431213,0.0,0.0,0.0,1.0,1.0
SNPT-064,36,14,0,124.0,764.7191772460938,-748.8782348632812,-154.84434509277344,0.4619217813014984,0.7826679944992065,0.960565984249115,0.0,0.0,0.0,0.0,1.0
SNPT-159,26,49,0,296.0,1897.4337158203125,-1891.31005859375,-152.3193359375,1.3060189485549927,0.6594634056091309,0.9306904673576355,0.0,0.0,0.0,0.0,1.0
SNPT-155,8,19,0,24.0,584.9833984375,130.7930908203125,570.1742553710938,0.8851463794708252,0.6704646944999695,0.8395980000495911,0.0,1.0,1.0,0.0,0.0
SNPT-071,2,24,0,153.0,215.44415283203125,15.602622032165527,-214.87843322753906,1.077074408531189,0.8366901874542236,0.9025729298591614,0.0,1.0,1.0,0.0,1.0
SNPT-077,2,30,0,174.0,250.24444580078125,-1.7993921041488647,250.23797607421875,0.7680318355560303,0.7742342948913574,0.9782416820526123,0.0,1.0,1.0,1.0,1.0
SNPT-154,49,25,0,2.0,1875.984375,-1869.90869140625,150.86033630371094,0.7649394869804382,0.9378649592399597,0.9868733286857605,0.0,1.0,1.0,1.0,1.0
SNPT-062,17,26,0,562.0,494.86566162109375,-14.989087104797363,494.63861083984375,0.5236946940422058,0.6872987747192383,0.9501999616622925,0.0,0.0,0.0,0.0,1.0
SNPT-154,10,56,0,418.0,62.97060775756836,8.55301284790039,62.38704299926758,0.9732943773269653,0.8581817150115967,0.9386811852455139,0.0,0.0,0.0,1.0,1.0
SNPT-152,12,23,1,111.0,11.341532707214355,-2.7747714519500732,-10.99686336517334,0.8663619756698608,0.9597904682159424,0.9706982970237732,0.0,0.0,0.0,1.0,1.0
SNPT-111,42,27,1,67.0,3.169982671737671,3.0280075073242188,-0.9380624890327454,0.22244876623153687,0.6590011119842529,0.8351737856864929,0.0,0.0,0.0,0.0,1.0
SNPT-065,12,22,1,1.0,58.068031311035156,-57.223365783691406,-9.86825942993164,0.7886213064193726,0.9616045951843262,0.9803414940834045,1.0,0.0,1.0,1.0,1.0
SNPT-070,5,16,0,27.0,1903.935546875,1894.084716796875,-193.42576599121094,2.0108282566070557,0.8701959848403931,0.9094553589820862,0.0,1.0,1.0,1.0,1.0
SNPT-159,51,6,0,39.0,163.00765991210938,14.136938095092773,-162.3934783935547,0.6392645835876465,0.6846412420272827,0.8569392561912537,0.0,0.0,0.0,0.0,0.0
SNPT-068,3,35,0,647.0,581.175048828125,-8.342583656311035,-581.1151733398438,1.2502487897872925,0.793129026889801,0.9042649269104004,0.0,0.0,0.0,1.0,1.0
SNPT-062,2,26,1,108.0,164.71099853515625,-12.983657836914062,-164.19847106933594,0.8265064358711243,0.9625526666641235,0.9523590207099915,1.0,0.0,1.0,1.0,1.0
SNPT-067,18,27,0,79.0,44.17600631713867,1.8901697397232056,44.13555145263672,1.1917212009429932,0.7081570625305176,0.9881442785263062,0.0,0.0,0.0,1.0,1.0
SNPT-063,14,35,0,417.0,1894.436279296875,1893.7708740234375,50.20514678955078,0.9053164720535278,0.8048814535140991,0.9818453788757324,0.0,0.0,0.0,1.0,1.0
SNPT-072,12,27,0,335.0,1900.35888671875,-1897.2159423828125,-109.24954223632812,1.2093483209609985,0.7526929974555969,0.9167881011962891,0.0,1.0,0.0,0.0,1.0
SNPT-160,3,20,0,183.0,231.65066528320312,0.13800913095474243,-231.65061950683594,2.216478109359741,0.6457815766334534,0.801581621170044,0.0,0.0,0.0,0.0,1.0
SNPT-162,11,36,0,3.0,1932.8660888671875,1893.2579345703125,389.2886657714844,0.9836733341217041,0.62003493309021,0.9389532804489136,0.0,1.0,0.0,0.0,1.0
SNPT-108,10,36,0,522.0,15.140430450439453,-10.276496887207031,11.118734359741211,0.9515829682350159,0.7446708679199219,0.9665296673774719,0.0,0.0,0.0,0.0,1.0
SNPT-159,17,21,0,30.0,1903.2158203125,-1903.108642578125,-20.19228172302246,1.409110188484192,0.5755589008331299,0.8491925001144409,0.0,0.0,0.0,1.0,1.0
SNPT-109,37,31,0,386.0,194.53160095214844,7.7156524658203125,194.3785400390625,0.7460228800773621,0.7981058955192566,0.9497628211975098,0.0,0.0,0.0,0.0,0.0
SNPT-164,29,36,0,134.0,1903.3948974609375,-1895.650390625,-171.52720642089844,1.4612001180648804,0.5150754451751709,0.9213042259216309,0.0,0.0,0.0,0.0,0.0
SNPT-075,8,30,1,96.0,29.475313186645508,-6.102100849151611,-28.836755752563477,0.9748708009719849,0.9346327185630798,0.8503708839416504,1.0,0.0,0.0,1.0,1.0
SNPT-063,20,42,0,315.0,1898.843505859375,-1896.29150390625,-98.41353607177734,1.2011544704437256,0.7572569847106934,0.9544743299484253,0.0,0.0,0.0,0.0,1.0
SNPT-109,25,29,0,90.0,1904.7698974609375,-1891.202392578125,226.94024658203125,0.8357798457145691,0.6517637968063354,0.8776868581771851,0.0,1.0,1.0,0.0,1.0
SNPT-098,2,18,0,220.0,327.45135498046875,-3.4774019718170166,-327.4328918457031,1.1667048931121826,0.7125314474105835,0.9884059429168701,0.0,0.0,0.0,1.0,1.0
SNPT-154,21,34,0,137.0,33.455204010009766,-5.975133895874023,32.91729736328125,1.049345850944519,0.8918906450271606,0.9892162084579468,0.0,0.0,0.0,1.0,1.0
SNPT-111,1,43,0,230.0,721.7503662109375,-637.311279296875,-338.7593078613281,1.2982945442199707,0.9656094908714294,0.9731997847557068,0.0,0.0,0.0,1.0,1.0
SNPT-062,20,24,1,279.0,47.351806640625,10.888182640075684,46.082977294921875,0.9362149238586426,0.9704902172088623,0.978661298751831,0.0,0.0,0.0,1.0,1.0
SNPT-070,11,29,0,215.0,157.41648864746094,3.5128042697906494,157.37728881835938,1.1619876623153687,0.9160052537918091,0.9936273694038391,0.0,1.0,1.0,1.0,1.0
SNPT-154,2,52,1,78.0,13.439996719360352,-11.7073974609375,6.600784778594971,1.0790977478027344,0.9240448474884033,0.9872045516967773,0.0,0.0,0.0,1.0,1.0
SNPT-060,4,33,1,155.0,127.16120147705078,18.6978759765625,125.77901458740234,0.8242831230163574,0.9617104530334473,0.9852240681648254,1.0,0.0,1.0,1.0,1.0
SNPT-061,7,29,1,72.0,87.3086166381836,-9.146761894226074,-86.82817077636719,1.3244316577911377,0.9251272678375244,0.9853737950325012,1.0,0.0,1.0,1.0,1.0
SNPT-115,18,29,0,266.0,1891.9044189453125,-1891.89892578125,-4.558478832244873,1.3003145456314087,0.5009641051292419,0.8876891732215881,0.0,0.0,0.0,0.0,0.0
SNPT-066,43,36,0,63.0,246.98422241210938,-9.993556022644043,-246.78196716308594,2.1096413135528564,0.7330070734024048,0.7998573780059814,0.0,0.0,0.0,1.0,1.0
SNPT-060,6,24,1,226.0,78.18311309814453,1.8341283798217773,78.16159057617188,1.1350023746490479,0.9432645440101624,0.984731137752533,0.0,0.0,0.0,1.0,1.0
SNPT-105,16,27,0,135.0,46.613826751708984,6.1582722663879395,-46.20524215698242,0.8572667837142944,0.6099514365196228,0.936681866645813,0.0,0.0,0.0,0.0,0.0
SNPT-098,4,32,1,297.0,256.7933349609375,-2.8073439598083496,256.7779846191406,0.43285295367240906,0.8730941414833069,0.9657350778579712,0.0,1.0,0.0,1.0,1.0
SNPT-063,21,29,0,2.0,1899.5899658203125,-1893.9031982421875,146.8772430419922,0.8396670818328857,0.9515523910522461,0.972896933555603,0.0,1.0,1.0,1.0,1.0
SNPT-101,28,37,0,218.0,109.98424530029297,-6.980920791625977,109.7624740600586,0.7800618410110474,0.8440946340560913,0.9270142912864685,0.0,0.0,0.0,1.0,1.0
SNPT-064,36,37,1,54.0,738.999267578125,-731.2451171875,-106.7730941772461,0.48779425024986267,0.9294277429580688,0.9797455668449402,0.0,0.0,0.0,1.0,1.0
SNPT-159,9,58,1,130.0,4.970594882965088,0.7221282720565796,4.91786003112793,1.1781156063079834,0.9348050355911255,0.9233631491661072,1.0,0.0,1.0,1.0,1.0
SNPT-103,9,22,1,61.0,29.282669067382812,-1.1690261363983154,-29.25932502746582,0.9677383899688721,0.8314669132232666,0.9672372341156006,0.0,0.0,0.0,1.0,1.0
SNPT-169,9,42,0,51.0,130.90625,-7.931924343109131,-130.6657257080078,1.2520394325256348,0.8346965312957764,0.9740630388259888,0.0,0.0,0.0,1.0,0.0
SNPT-110,15,28,0,329.0,1896.947509765625,1896.653564453125,33.39308547973633,0.7813288569450378,0.5514981150627136,0.8948332667350769,0.0,0.0,0.0,0.0,1.0
SNPT-111,36,42,0,29.0,84.60504913330078,0.9163751006126404,84.60008239746094,4.4353766441345215,0.6243104934692383,0.8527893424034119,0.0,0.0,0.0,0.0,0.0
SNPT-166,19,27,0,88.0,111.58012390136719,2.0260040760040283,-111.56172943115234,1.2838804721832275,0.7582910060882568,0.9385079741477966,0.0,0.0,0.0,0.0,0.0
SNPT-159,9,35,0,520.0,1881.2705078125,1880.72216796875,45.4178581237793,1.00192391872406,0.7511308193206787,0.9020549058914185,0.0,0.0,0.0,1.0,1.0
SNPT-162,23,42,0,208.0,214.00479125976562,4.385617256164551,-213.9598388671875,1.0923744440078735,0.6385797262191772,0.8957937955856323,0.0,1.0,0.0,0.0,1.0
SNPT-154,28,46,0,145.0,68.11588287353516,8.662881851196289,-67.56277465820312,2.0605874061584473,0.8344946503639221,0.9151315689086914,0.0,0.0,0.0,0.0,0.0
SNPT-159,1,48,0,642.0,1899.8583984375,1896.9033203125,-105.92272186279297,1.232137680053711,0.663608193397522,0.9011433124542236,0.0,0.0,0.0,1.0,0.0
SNPT-154,22,36,0,167.0,236.4159698486328,188.92202758789062,142.13015747070312,0.8771639466285706,0.49964195489883423,0.9337535500526428,0.0,0.0,0.0,0.0,1.0
SNPT-115,1,28,0,296.0,594.2124633789062,1.4117040634155273,-594.2108154296875,2.7325856685638428,0.6384366750717163,0.8411621451377869,0.0,0.0,0.0,1.0,1.0
SNPT-107,11,38,1,287.0,31.26506233215332,10.496548652648926,-29.450408935546875,0.9609108567237854,0.9626718759536743,0.9904657006263733,1.0,0.0,1.0,1.0,1.0
SNPT-110,20,33,0,223.0,1889.955810546875,-1889.9205322265625,-11.551036834716797,0.9484435319900513,0.8187534213066101,0.9708552956581116,0.0,1.0,0.0,1.0,1.0
SNPT-070,34,3,1,106.0,79.54399108886719,2.0594401359558105,-79.51732635498047,0.5585202574729919,0.8986105918884277,0.9498178362846375,0.0,0.0,0.0,1.0,1.0
SNPT-159,1,59,0,317.0,104.75633239746094,1.5413305759429932,104.7449951171875,0.7819348573684692,0.7714457511901855,0.9305935502052307,0.0,1.0,1.0,0.0,0.0
SNPT-109,19,26,0,219.0,1780.292236328125,1780.1640625,-21.35914421081543,1.0831398963928223,0.712478518486023,0.9250282049179077,0.0,0.0,0.0,0.0,1.0
SNPT-061,9,20,0,11.0,1955.5654296875,1902.359619140625,-453.0606384277344,1.4522680044174194,0.9319251775741577,0.9676023721694946,0.0,1.0,1.0,1.0,1.0
SNPT-103,30,25,0,347.0,1899.3775634765625,-1881.5609130859375,259.5444030761719,0.8210129737854004,0.5106751918792725,0.8660402297973633,0.0,1.0,1.0,0.0,1.0
SNPT-063,9,50,0,345.0,1895.3856201171875,1895.347412109375,-12.038256645202637,1.1151679754257202,0.8658961057662964,0.9685689806938171,0.0,0.0,0.0,0.0,1.0
SNPT-060,6,27,0,251.0,228.16549682617188,1.3341283798217773,228.16159057617188,0.836759626865387,0.8311361074447632,0.989787220954895,0.0,0.0,0.0,1.0,1.0
SNPT-164,22,28,0,106.0,57.20070266723633,-8.555177688598633,-56.55731201171875,0.9240145683288574,0.6246181726455688,0.9466903805732727,0.0,0.0,0.0,0.0,1.0
SNPT-156,6,21,0,99.0,60.425933837890625,17.757156372070312,-57.75791931152344,0.9560451507568359,0.7250628471374512,0.9869968891143799,0.0,1.0,0.0,1.0,0.0
SNPT-068,7,17,1,90.0,13.183609962463379,5.643686294555664,11.914545059204102,1.097977638244629,0.9419280290603638,0.9749337434768677,0.0,0.0,0.0,1.0,1.0
SNPT-062,7,25,0,9.0,1896.0672607421875,-1895.5692138671875,43.454044342041016,0.784207284450531,0.854758620262146,0.940845251083374,0.0,0.0,0.0,0.0,1.0
SNPT-157,21,32,0,53.0,750.8748168945312,-503.0645446777344,557.4397583007812,0.876880943775177,0.8580724000930786,0.9816728234291077,0.0,0.0,0.0,1.0,1.0
SNPT-105,37,12,0,166.0,1897.28564453125,-1897.2647705078125,-8.892966270446777,0.6780202984809875,0.6096155047416687,0.8645697236061096,0.0,1.0,0.0,0.0,1.0
SNPT-161,25,39,0,83.0,1894.4462890625,1894.2353515625,-28.271671295166016,1.2098023891448975,0.7042142152786255,0.9631687998771667,0.0,0.0,0.0,0.0,1.0
SNPT-154,7,54,0,234.0,1901.4139404296875,1893.03271484375,178.3309326171875,1.161397933959961,0.8894534111022949,0.9859627485275269,0.0,1.0,1.0,1.0,1.0
SNPT-161,5,38,1,439.0,32.9768180847168,-6.813811779022217,32.26519012451172,1.2235428094863892,0.8670558929443359,0.9884642362594604,0.0,0.0,0.0,1.0,1.0
SNPT-162,6,38,0,125.0,517.8828735351562,13.420160293579102,517.7089233398438,0.6867914199829102,0.785427451133728,0.9662483334541321,0.0,1.0,1.0,1.0,1.0
SNPT-156,6,23,0,96.0,112.0110092163086,7.7571563720703125,111.74208068847656,0.7628327012062073,0.776953935623169,0.9834403991699219,0.0,1.0,1.0,1.0,0.0
SNPT-067,18,31,1,223.0,246.65248107910156,2.890169620513916,246.6355438232422,0.7869267463684082,0.8161993026733398,0.9639239311218262,0.0,0.0,0.0,1.0,1.0
SNPT-113,13,26,1,301.0,13.591565132141113,-0.2898304760456085,-13.58847427368164,1.5672516822814941,0.8816476464271545,0.9537618160247803,0.0,0.0,0.0,1.0,1.0
SNPT-164,5,26,1,63.0,56.6925048828125,-11.942172050476074,55.42043685913086,1.0783987045288086,0.9466102719306946,0.9912988543510437,1.0,0.0,1.0,1.0,1.0
SNPT-164,2,32,1,117.0,271.8218994140625,2.737531900405884,271.80810546875,0.7185125946998596,0.8848370313644409,0.9557705521583557,1.0,0.0,1.0,1.0,1.0
SNPT-159,50,42,0,296.0,1895.7386474609375,1868.2496337890625,321.6648864746094,0.7526163458824158,0.6044923067092896,0.9127288460731506,0.0,1.0,1.0,0.0,1.0
SNPT-151,8,36,1,122.0,112.65846252441406,-10.865030288696289,112.13331604003906,0.8749024868011475,0.8217101097106934,0.9757004976272583,0.0,0.0,0.0,1.0,1.0
SNPT-098,3,33,1,307.0,210.41954040527344,-9.275382995605469,210.2150115966797,0.6008084416389465,0.9255800247192383,0.9831173419952393,1.0,0.0,1.0,1.0,1.0
SNPT-112,29,8,0,50.0,492.56500244140625,-5.429111957550049,-492.5350646972656,0.5278713703155518,0.5893419981002808,0.8975048065185547,0.0,0.0,0.0,0.0,1.0
SNPT-101,44,28,1,90.0,37.03948974609375,-14.971120834350586,-33.8790397644043,0.9795740246772766,0.9389604330062866,0.9880326986312866,0.0,0.0,0.0,1.0,1.0
SNPT-101,25,39,1,262.0,64.05615234375,0.18653693795204163,64.0558853149414,0.9899045825004578,0.9506481885910034,0.9755814075469971,0.0,0.0,0.0,1.0,1.0
SNPT-076,21,25,0,162.0,81.9288330078125,12.449529647827148,-80.9774169921875,1.0110759735107422,0.7864313125610352,0.9428762197494507,0.0,0.0,0.0,0.0,1.0
SNPT-107,3,39,0,454.0,161.19981384277344,1.943070888519287,161.18809509277344,0.5805112719535828,0.8540109395980835,0.9498177170753479,0.0,0.0,0.0,1.0,1.0
SNPT-158,6,33,0,268.0,527.070556640625,524.6281127929688,50.6827392578125,0.9818183183670044,0.8614178895950317,0.9734472036361694,0.0,0.0,0.0,1.0,1.0
SNPT-065,12,31,0,183.0,1909.1090087890625,-1908.723388671875,-38.36825942993164,0.6813986897468567,0.8047460317611694,0.9492309093475342,0.0,1.0,1.0,0.0,1.0
SNPT-157,5,28,0,92.0,220.11569213867188,9.858807563781738,-219.89480590820312,1.141626238822937,0.66402667760849,0.9842431545257568,0.0,0.0,0.0,1.0,1.0
SNPT-060,14,32,0,112.0,73.66914367675781,46.11988067626953,57.446495056152344,0.818858802318573,0.9644500017166138,0.9886389374732971,0.0,0.0,0.0,1.0,1.0
SNPT-067,2,33,1,251.0,82.10749816894531,6.114368915557861,81.87952423095703,0.8879706263542175,0.8927381038665771,0.9767316579818726,0.0,1.0,0.0,1.0,0.0
SNPT-067,11,31,0,521.0,53.43968963623047,5.621254920959473,53.143218994140625,0.7912309765815735,0.7184433937072754,0.9681830406188965,1.0,0.0,0.0,1.0,1.0
SNPT-072,10,31,0,28.0,1903.663330078125,-1898.991455078125,133.28697204589844,0.8187212944030762,0.788109302520752,0.9448636770248413,0.0,1.0,1.0,0.0,1.0
SNPT-060,1,28,0,335.0,1913.8970947265625,-1856.8797607421875,-463.680908203125,1.7927778959274292,0.7497168779373169,0.920427143573761,0.0,0.0,0.0,0.0,1.0
SNPT-070,11,26,0,168.0,15.639511108398438,-3.9871957302093506,-15.122716903686523,1.4854629039764404,0.8271864056587219,0.9601892828941345,0.0,1.0,1.0,0.0,1.0
SNPT-064,1,42,0,189.0,1883.981689453125,1874.2962646484375,-190.78973388671875,1.2701482772827148,0.8095371723175049,0.952309787273407,0.0,0.0,0.0,0.0,0.0
SNPT-163,12,34,1,292.0,73.46824645996094,-57.031707763671875,46.31379699707031,0.9438744187355042,0.8419663310050964,0.9842497706413269,1.0,0.0,1.0,1.0,1.0
SNPT-106,3,29,0,16.0,1907.8443603515625,1894.539794921875,224.92042541503906,0.5143537521362305,0.6561182141304016,0.8529952764511108,0.0,0.0,0.0,0.0,1.0
SNPT-169,21,38,0,132.0,186.60899353027344,-6.798586845397949,186.485107421875,0.729590892791748,0.753527820110321,0.93134605884552,0.0,1.0,1.0,0.0,1.0
SNPT-070,6,25,1,125.0,21.221044540405273,-2.717580795288086,21.046316146850586,1.3757944107055664,0.9462631940841675,0.9808598756790161,1.0,0.0,1.0,1.0,1.0
SNPT-155,9,19,0,23.0,587.2681884765625,146.89633178710938,568.5994873046875,0.8167238235473633,0.7205096483230591,0.8640559911727905,0.0,1.0,1.0,1.0,1.0
SNPT-106,6,18,0,189.0,29.798444747924805,3.824812412261963,29.551956176757812,1.1112314462661743,0.7387383580207825,0.9567082524299622,0.0,0.0,0.0,1.0,1.0
SNPT-101,7,25,0,273.0,68.76095581054688,-17.318735122680664,66.54419708251953,0.8756917119026184,0.6783887147903442,0.9283332228660583,0.0,0.0,0.0,0.0,1.0
SNPT-065,41,39,0,343.0,1863.349609375,1861.3001708984375,-87.37034606933594,0.5844001770019531,0.846097469329834,0.8420732617378235,0.0,1.0,1.0,1.0,1.0
SNPT-060,1,33,0,566.0,1867.5670166015625,-1859.3797607421875,-174.680908203125,1.3320550918579102,0.8090589046478271,0.9283568263053894,1.0,0.0,1.0,0.0,1.0
SNPT-061,24,35,0,262.0,131.501953125,-0.3980291485786438,-131.5013427734375,1.353786826133728,0.7521154880523682,0.9383592009544373,0.0,0.0,0.0,0.0,1.0
SNPT-101,5,16,0,18.0,1900.3477783203125,-1900.181640625,25.126331329345703,0.803027868270874,0.8855800628662109,0.9886426329612732,0.0,0.0,0.0,1.0,1.0
SNPT-102,4,28,0,335.0,318.4367370605469,7.148944854736328,318.3564758300781,0.47619152069091797,0.672400951385498,0.8772144317626953,0.0,1.0,1.0,0.0,1.0
SNPT-159,4,37,0,284.0,1967.459716796875,1894.034912109375,532.47509765625,0.6457662582397461,0.7202510237693787,0.9445715546607971,0.0,1.0,1.0,1.0,1.0
SNPT-153,5,24,1,309.0,115.68452453613281,0.20932325720787048,115.68433380126953,1.0329066514968872,0.8959463834762573,0.9805503487586975,1.0,0.0,1.0,1.0,1.0
SNPT-115,19,29,0,283.0,1917.3992919921875,-1904.7540283203125,-219.84556579589844,1.9186147451400757,0.6386868953704834,0.8481295108795166,0.0,1.0,1.0,0.0,1.0
SNPT-101,14,30,0,182.0,1888.5107421875,1887.9532470703125,-45.88273620605469,1.2509583234786987,0.8969451189041138,0.9871755838394165,0.0,1.0,1.0,1.0,1.0
SNPT-154,3,35,0,315.0,1917.249755859375,1896.0384521484375,284.40289306640625,1.221930980682373,0.5808815956115723,0.9209195375442505,0.0,1.0,0.0,0.0,0.0
SNPT-067,20,26,0,83.0,318.408935546875,33.962188720703125,-316.592529296875,1.5507243871688843,0.8369853496551514,0.9561357498168945,0.0,0.0,0.0,0.0,1.0
SNPT-108,9,31,0,466.0,1927.066162109375,1889.408203125,379.1052551269531,0.36001822352409363,0.7626543045043945,0.9412354826927185,0.0,0.0,0.0,1.0,1.0
SNPT-163,11,36,1,295.0,152.8183135986328,13.92648696899414,152.1824188232422,0.696962296962738,0.8801965713500977,0.9915253520011902,1.0,0.0,1.0,1.0,1.0
SNPT-069,19,21,0,10.0,1909.661376953125,-1900.5679931640625,-186.13916015625,1.0710796117782593,0.7740634679794312,0.9418213963508606,0.0,1.0,1.0,0.0,1.0
SNPT-109,25,32,0,148.0,1891.3538818359375,-1891.202392578125,23.940242767333984,0.9278817176818848,0.7342948913574219,0.9178067445755005,0.0,1.0,1.0,1.0,1.0
SNPT-159,10,37,0,277.0,1943.4974365234375,1900.7242431640625,405.4996643066406,0.6312577724456787,0.6743878126144409,0.9155129194259644,0.0,1.0,1.0,0.0,1.0
SNPT-060,3,27,0,28.0,1902.536865234375,1899.86376953125,100.81587982177734,0.892403781414032,0.9293080568313599,0.9926803708076477,0.0,0.0,0.0,1.0,1.0
SNPT-165,4,26,0,566.0,1894.5360107421875,-1879.66943359375,236.87448120117188,1.2305243015289307,0.561142086982727,0.9183822870254517,0.0,1.0,1.0,0.0,1.0
SNPT-071,11,28,0,395.0,153.31805419921875,11.207255363464355,-152.90789794921875,0.851518452167511,0.7645105123519897,0.9421151876449585,0.0,0.0,0.0,0.0,0.0
SNPT-061,2,32,0,336.0,144.56834411621094,10.000007629394531,144.22206115722656,0.8408675193786621,0.752623438835144,0.9578975439071655,0.0,1.0,1.0,0.0,1.0
SNPT-071,1,29,0,403.0,112.76761627197266,21.947628021240234,110.61119842529297,0.5777715444564819,0.6942024230957031,0.9211516976356506,0.0,0.0,0.0,0.0,1.0
SNPT-154,13,53,1,64.0,15.235621452331543,9.888547897338867,11.590547561645508,0.9579135179519653,0.9529552459716797,0.9722755551338196,0.0,0.0,0.0,1.0,1.0
SNPT-064,21,24,0,5.0,1904.653564453125,-1895.5953369140625,-185.53636169433594,1.5688164234161377,0.6149225234985352,0.9121415615081787,0.0,0.0,0.0,0.0,0.0
SNPT-114,6,15,0,147.0,60.684688568115234,12.287091255187988,59.42776107788086,0.8594421148300171,0.6862671375274658,0.9247413277626038,0.0,0.0,0.0,0.0,1.0
SNPT-065,7,27,0,98.0,209.78164672851562,16.75142478942871,-209.11175537109375,0.969709038734436,0.8023598194122314,0.9662009477615356,0.0,1.0,1.0,0.0,1.0
SNPT-077,20,28,0,133.0,241.59762573242188,3.1649630069732666,-241.57688903808594,0.9845478534698486,0.7104567289352417,0.9318711757659912,0.0,0.0,0.0,0.0,1.0
SNPT-154,11,26,0,140.0,36.74860763549805,29.099191665649414,-22.443199157714844,1.2560930252075195,0.8453067541122437,0.9678651094436646,0.0,1.0,1.0,1.0,1.0
SNPT-154,3,43,0,485.0,129.543701171875,6.038449764251709,129.40289306640625,1.100672721862793,0.5866725444793701,0.8849499821662903,0.0,0.0,0.0,0.0,0.0
SNPT-159,20,28,0,90.0,70.8558120727539,3.9382998943328857,-70.74628448486328,1.3798143863677979,0.8340305089950562,0.9660195708274841,0.0,0.0,0.0,1.0,1.0
SNPT-073,16,34,1,304.0,66.04252624511719,10.988968849182129,65.12187194824219,1.1164331436157227,0.8881204128265381,0.9744511842727661,0.0,0.0,0.0,1.0,1.0
SNPT-158,18,28,0,162.0,28.395570755004883,13.246390342712402,25.116558074951172,0.8413754105567932,0.8501269817352295,0.9549092650413513,0.0,0.0,0.0,1.0,1.0
SNPT-170,3,33,1,322.0,538.2642211914062,519.06884765625,142.46376037597656,0.521492600440979,0.7652428150177002,0.9786970019340515,0.0,0.0,0.0,1.0,1.0
SNPT-060,29,38,0,28.0,1904.3922119140625,-1887.1363525390625,255.78512573242188,0.6766155362129211,0.7913572788238525,0.9417831301689148,0.0,0.0,0.0,0.0,0.0
SNPT-158,1,32,0,192.0,369.2940368652344,-5.771421909332275,369.2489318847656,0.6469261646270752,0.6863282322883606,0.931075930595398,0.0,0.0,0.0,0.0,1.0
SNPT-063,11,36,0,140.0,64.88914489746094,-1.059502124786377,-64.8804931640625,1.205269455909729,0.949350893497467,0.990058183670044,0.0,0.0,0.0,1.0,1.0
SNPT-109,40,26,0,7.0,1866.9281005859375,1866.063720703125,-56.8069953918457,1.188019871711731,0.6363653540611267,0.9454808831214905,0.0,0.0,0.0,0.0,0.0
SNPT-157,23,35,0,171.0,194.10023498535156,-4.722252368927002,194.04278564453125,0.8403467535972595,0.6937214732170105,0.9225916266441345,0.0,1.0,0.0,0.0,1.0
SNPT-060,7,39,0,569.0,1890.7071533203125,-1889.976806640625,52.54990768432617,0.920716404914856,0.8114579916000366,0.9518589377403259,0.0,0.0,0.0,0.0,1.0
SNPT-154,7,24,1,74.0,66.98886108398438,22.144914627075195,63.22270202636719,1.1072447299957275,0.9556201696395874,0.9829027652740479,0.0,0.0,0.0,1.0,1.0
SNPT-159,51,21,0,60.0,79.93209075927734,18.868371963500977,-77.67318725585938,1.0245164632797241,0.5596523284912109,0.9258105754852295,0.0,0.0,0.0,0.0,0.0
SNPT-062,20,26,0,416.0,1945.54150390625,1888.88818359375,466.0829772949219,0.5316762328147888,0.7112414836883545,0.9538905620574951,0.0,0.0,0.0,0.0,1.0
SNPT-073,12,29,0,465.0,1924.3038330078125,-1904.8214111328125,273.1312561035156,0.70781010389328,0.7776245474815369,0.9726280570030212,0.0,0.0,0.0,0.0,1.0
SNPT-158,24,32,0,111.0,1922.436279296875,1893.8743896484375,330.1535949707031,0.6111745238304138,0.674641489982605,0.9104083180427551,0.0,1.0,1.0,0.0,0.0
SNPT-157,6,30,0,127.0,380.0341796875,9.6336088180542,379.9120788574219,0.607789933681488,0.8125776648521423,0.9488927125930786,0.0,0.0,0.0,1.0,1.0
SNPT-073,14,37,1,305.0,156.6360626220703,9.435416221618652,156.35162353515625,0.9244221448898315,0.8702594041824341,0.9893190860748291,0.0,0.0,0.0,1.0,1.0
SNPT-068,16,18,1,112.0,215.94058227539062,4.4451212882995605,215.8948211669922,0.8748711943626404,0.9078050255775452,0.9472183585166931,0.0,0.0,0.0,1.0,0.0
SNPT-101,7,34,1,340.0,103.07028198242188,-2.3187341690063477,103.04419708251953,0.8363469839096069,0.9502630829811096,0.9597161412239075,0.0,0.0,0.0,1.0,1.0
SNPT-159,15,35,1,140.0,44.87694549560547,-7.638971328735352,-44.22201156616211,1.1122018098831177,0.9422325491905212,0.9925287365913391,0.0,0.0,0.0,1.0,1.0
SNPT-063,22,43,1,93.0,17.67900276184082,-9.904561996459961,14.644001960754395,1.040183424949646,0.9348502159118652,0.9640702605247498,0.0,0.0,0.0,1.0,1.0
SNPT-064,39,23,1,70.0,41.3243522644043,2.3547332286834717,-41.25720977783203,1.328198790550232,0.9738606214523315,0.9353217482566833,1.0,0.0,1.0,1.0,1.0
SNPT-107,8,32,0,162.0,182.8018035888672,22.423778533935547,-181.42124938964844,0.8987857699394226,0.762467086315155,0.9892983436584473,0.0,0.0,0.0,1.0,1.0
SNPT-154,7,35,0,239.0,1909.9619140625,1889.1448974609375,281.22271728515625,1.3088198900222778,0.8302032351493835,0.9445561170578003,0.0,1.0,1.0,0.0,1.0
SNPT-066,43,41,0,482.0,103.48670196533203,6.506443500518799,-103.2819595336914,1.219176173210144,0.8702706098556519,0.9522979855537415,0.0,1.0,1.0,1.0,1.0
SNPT-107,15,39,0,347.0,81.8475112915039,6.661641597747803,81.57596588134766,0.5869466066360474,0.6525568962097168,0.9115793704986572,0.0,1.0,1.0,0.0,1.0
SNPT-158,10,39,1,301.0,593.3047485351562,168.3668975830078,568.9140014648438,0.6729591488838196,0.9287736415863037,0.9783921837806702,1.0,0.0,1.0,1.0,1.0
SNPT-107,18,28,0,446.0,1914.86376953125,-1893.809814453125,283.1740417480469,0.48709824681282043,0.8238023519515991,0.9696937799453735,0.0,0.0,0.0,1.0,1.0
SNPT-169,9,21,0,149.0,901.466796875,883.9744873046875,-176.72442626953125,0.9579386711120605,0.7376923561096191,0.94038325548172,0.0,1.0,1.0,0.0,0.0
SNPT-158,18,37,1,231.0,156.5648651123047,21.24639129638672,155.11656188964844,0.8673498034477234,0.8805578947067261,0.9594559073448181,0.0,0.0,0.0,1.0,1.0
SNPT-066,9,46,0,442.0,1907.7818603515625,-1898.2049560546875,190.917724609375,0.8141320943832397,0.7782909870147705,0.98697429895401,0.0,1.0,1.0,1.0,1.0
SNPT-157,7,25,0,112.0,78.24002075195312,10.736553192138672,77.49984741210938,0.6653087735176086,0.7890329360961914,0.9767842888832092,0.0,0.0,0.0,1.0,1.0
SNPT-068,20,36,0,372.0,1900.8519287109375,1900.462158203125,-38.4888916015625,0.5380297899246216,0.7398470044136047,0.9282910227775574,0.0,0.0,0.0,0.0,1.0
SNPT-159,17,29,0,207.0,1904.556640625,-1904.108642578125,41.30772018432617,1.413811206817627,0.7187449932098389,0.9330366253852844,0.0,0.0,0.0,1.0,1.0
SNPT-165,4,19,1,279.0,101.05718231201172,9.330546379089355,-100.6255111694336,1.5138050317764282,0.8379896879196167,0.9591739177703857,1.0,0.0,1.0,1.0,1.0
SNPT-153,3,21,0,258.0,204.14085388183594,5.777888298034668,204.05906677246094,0.8367433547973633,0.8796688914299011,0.9863806962966919,0.0,1.0,0.0,1.0,1.0
SNPT-073,19,31,1,324.0,148.21885681152344,16.31853485107422,147.3177947998047,0.9601242542266846,0.9070326089859009,0.9890274405479431,0.0,0.0,0.0,1.0,1.0
SNPT-066,10,36,1,103.0,56.511714935302734,-24.123916625976562,51.103919982910156,1.6444131135940552,0.7285763621330261,0.7924061417579651,0.0,0.0,0.0,1.0,1.0
SNPT-063,45,32,0,452.0,1914.439208984375,1894.5684814453125,-275.1139221191406,1.2523342370986938,0.7894963026046753,0.9525378942489624,0.0,0.0,0.0,0.0,1.0
SNPT-163,9,28,1,276.0,77.69496154785156,0.8319329619407654,77.69050598144531,0.9689072966575623,0.9493389129638672,0.9511916041374207,1.0,0.0,1.0,1.0,1.0
SNPT-154,8,42,0,449.0,66.46611785888672,10.239753723144531,-65.67261505126953,1.5219001770019531,0.6762620210647583,0.8858926892280579,0.0,0.0,0.0,0.0,0.0
SNPT-064,35,33,0,13.0,707.1454467773438,690.8572998046875,150.90000915527344,1.4788258075714111,0.8204847574234009,0.9579642415046692,0.0,1.0,1.0,0.0,1.0
SNPT-073,2,23,0,75.0,55.17635726928711,0.012940457090735435,-55.176353454589844,0.6619287729263306,0.8269944190979004,0.9516369104385376,0.0,0.0,0.0,0.0,1.0
SNPT-158,11,28,0,192.0,29.59615135192871,-4.79509162902832,29.205123901367188,1.0106287002563477,0.8385810852050781,0.984493613243103,0.0,1.0,1.0,1.0,1.0
SNPT-066,6,36,0,2.0,632.514892578125,631.6331176757812,-33.38720703125,1.8826884031295776,0.7322432994842529,0.8090628385543823,0.0,0.0,0.0,1.0,0.0
SNPT-071,13,22,0,14.0,88.85675048828125,-71.7690200805664,52.390167236328125,0.7853446006774902,0.8641864061355591,0.9761767983436584,0.0,1.0,1.0,1.0,0.0
SNPT-064,40,22,1,53.0,44.261600494384766,5.067411422729492,-43.97056579589844,0.45208674669265747,0.7419793605804443,0.8973613381385803,0.0,0.0,0.0,0.0,1.0
SNPT-158,12,40,0,334.0,172.50132751464844,-5.389506816864014,-172.4171142578125,1.1007883548736572,0.5411936044692993,0.9060815572738647,0.0,0.0,0.0,0.0,0.0
SNPT-111,22,32,1,459.0,327.86309814453125,16.735069274902344,327.4356994628906,0.809512734413147,0.8410180807113647,0.9520550966262817,0.0,1.0,0.0,1.0,1.0
SNPT-158,7,40,1,339.0,66.71621704101562,-8.239774703979492,66.20543670654297,0.5916620492935181,0.9064096808433533,0.9676294326782227,0.0,0.0,0.0,0.0,0.0
SNPT-157,2,31,1,243.0,49.75269317626953,3.7753779888153076,-49.60924530029297,1.0119688510894775,0.9732376933097839,0.9889305830001831,0.0,0.0,0.0,0.0,0.0
SNPT-163,3,33,0,310.0,93.32528686523438,-5.1378045082092285,-93.18375396728516,1.5105448961257935,0.6755086183547974,0.907664954662323,0.0,0.0,0.0,0.0,1.0
SNPT-162,2,26,0,216.0,573.3107299804688,14.292893409729004,-573.132568359375,1.8955425024032593,0.5997228026390076,0.8646208643913269,0.0,0.0,0.0,0.0,1.0
SNPT-164,15,30,0,301.0,644.7904663085938,624.0809936523438,162.1038818359375,0.8317052125930786,0.7616184949874878,0.9151818752288818,0.0,0.0,0.0,0.0,1.0
SNPT-066,8,36,0,70.0,53.238101959228516,-24.07503890991211,-47.48355484008789,1.7094119787216187,0.7414265871047974,0.8119234442710876,0.0,0.0,0.0,1.0,1.0
SNPT-109,37,22,0,108.0,313.3793640136719,0.7156524062156677,313.3785400390625,0.8194708228111267,0.7817330360412598,0.9753398299217224,0.0,0.0,0.0,1.0,0.0
SNPT-072,2,35,0,462.0,1899.7152099609375,1897.794189453125,-85.4122085571289,0.9477953910827637,0.8023781180381775,0.8409923911094666,0.0,1.0,1.0,0.0,1.0
SNPT-159,9,25,0,257.0,142.98890686035156,-10.777872085571289,-142.58213806152344,1.6343038082122803,0.7840359807014465,0.8902587294578552,0.0,1.0,1.0,1.0,1.0
SNPT-163,2,28,0,524.0,1905.2935791015625,-1902.7757568359375,97.9189224243164,1.067711353302002,0.6890645623207092,0.8658124804496765,0.0,1.0,1.0,0.0,1.0
SNPT-155,18,24,0,236.0,1897.760986328125,-1895.323974609375,96.14299774169922,0.9576730132102966,0.7957980632781982,0.9031150341033936,0.0,0.0,0.0,0.0,1.0
SNPT-154,23,46,1,75.0,19.11700439453125,13.694342613220215,13.338846206665039,1.6738473176956177,0.864756166934967,0.9725050330162048,0.0,0.0,0.0,0.0,0.0
SNPT-103,28,25,0,345.0,1901.5301513671875,-1888.5440673828125,221.85194396972656,0.9672240018844604,0.8656500577926636,0.9446656107902527,0.0,1.0,1.0,1.0,1.0
SNPT-061,2,26,0,136.0,1912.92041015625,1901.0,213.22206115722656,0.7733425498008728,0.8653113842010498,0.9896573424339294,0.0,1.0,1.0,1.0,1.0
SNPT-160,10,19,1,66.0,23.601091384887695,3.021273136138916,23.406909942626953,1.2588815689086914,0.9753974676132202,0.9711408615112305,0.0,0.0,0.0,1.0,1.0
SNPT-109,38,29,0,20.0,313.14892578125,8.384873390197754,313.0366516113281,0.6365641355514526,0.6709874272346497,0.9101163744926453,0.0,1.0,1.0,0.0,1.0
SNPT-154,17,39,1,182.0,93.22508239746094,93.2025375366211,2.050161600112915,0.9990232586860657,0.837912917137146,0.9710702300071716,0.0,0.0,0.0,1.0,1.0
SNPT-113,38,16,0,244.0,254.63270568847656,-8.254803657531738,254.49887084960938,1.367971658706665,0.6822084188461304,0.8785725235939026,0.0,1.0,1.0,0.0,1.0
SNPT-154,2,31,0,111.0,179.65785217285156,-6.181174278259277,179.55148315429688,0.8723952174186707,0.6975163221359253,0.9266294836997986,0.0,1.0,0.0,0.0,1.0
SNPT-067,8,25,1,58.0,25.55645751953125,17.254987716674805,18.851999282836914,0.9860600233078003,0.9650090932846069,0.9943666458129883,0.0,0.0,0.0,1.0,1.0
SNPT-067,3,29,0,163.0,127.34137725830078,-1.9683973789215088,127.32616424560547,1.2716779708862305,0.7611093521118164,0.9670997262001038,0.0,0.0,0.0,0.0,0.0
SNPT-066,27,40,0,116.0,187.5362548828125,8.214911460876465,-187.3562469482422,0.8197706341743469,0.9405670166015625,0.9922559857368469,0.0,1.0,1.0,1.0,1.0
SNPT-066,8,27,1,63.0,779.4622802734375,-778.0750122070312,-46.48355484008789,1.1994434595108032,0.958187460899353,0.9837629795074463,1.0,0.0,1.0,1.0,1.0
SNPT-160,5,28,0,350.0,41.080360412597656,5.122820854187012,40.75969314575195,1.638055682182312,0.7265850305557251,0.9404177665710449,0.0,0.0,0.0,1.0,1.0
SNPT-158,22,32,1,247.0,283.72320556640625,-13.455683708190918,283.4039611816406,0.5656126737594604,0.816797137260437,0.9295692443847656,0.0,0.0,0.0,1.0,1.0
SNPT-111,43,25,0,60.0,168.59567260742188,26.5,-166.5,0.17836275696754456,0.5324344635009766,0.8359928131103516,0.0,0.0,0.0,0.0,1.0
SNPT-168,18,21,0,101.0,73.12939453125,-3.6953070163726807,-73.03597259521484,0.8739636540412903,0.6639185547828674,0.9317948818206787,0.0,0.0,0.0,0.0,1.0
SNPT-071,4,21,0,3.0,801.76416015625,795.7103881835938,-98.34007263183594,0.8400424718856812,0.8192238807678223,0.9534503817558289,0.0,1.0,1.0,1.0,0.0
SNPT-105,2,28,0,106.0,36.54446029663086,2.899876356124878,-36.429222106933594,0.5990318655967712,0.671075165271759,0.9300509691238403,0.0,1.0,0.0,0.0,1.0
SNPT-060,12,34,0,534.0,1935.2620849609375,-1873.9278564453125,483.3568115234375,0.5340535640716553,0.7886207103729248,0.9677224159240723,0.0,1.0,1.0,1.0,1.0
SNPT-075,30,24,0,86.0,189.51446533203125,6.575322151184082,-189.40037536621094,1.7240931987762451,0.8353949785232544,0.9883322715759277,0.0,0.0,0.0,1.0,1.0
SNPT-165,2,30,0,222.0,379.3836669921875,10.028308868408203,379.2510986328125,0.5604318976402283,0.8630188703536987,0.9568799734115601,0.0,1.0,1.0,1.0,1.0
SNPT-161,21,32,0,357.0,322.9175109863281,0.5581318140029907,322.9170227050781,0.46803903579711914,0.6137763261795044,0.9093955755233765,0.0,0.0,0.0,1.0,1.0
SNPT-105,3,33,0,377.0,173.47889709472656,18.93964958190918,-172.44192504882812,1.0034396648406982,0.8725638389587402,0.9865484833717346,0.0,0.0,0.0,1.0,1.0
SNPT-063,14,32,0,404.0,1902.21923828125,1891.2708740234375,-203.79486083984375,1.1942459344863892,0.8089361786842346,0.9889239072799683,0.0,0.0,0.0,1.0,1.0
SNPT-158,16,38,0,24.0,1893.6873779296875,1892.7340087890625,60.08452606201172,1.3255285024642944,0.8430092930793762,0.966754138469696,0.0,1.0,1.0,1.0,1.0
SNPT-065,41,28,0,31.0,696.6747436523438,691.3001708984375,-86.37034606933594,0.9949219226837158,0.8210837841033936,0.9871646165847778,0.0,1.0,1.0,1.0,1.0
SNPT-151,13,27,0,179.0,4.413392543792725,-3.979658603668213,-1.9079704284667969,0.9600561261177063,0.5514059066772461,0.9394055604934692,0.0,0.0,0.0,0.0,1.0
SNPT-162,7,42,0,202.0,89.42610931396484,6.712460041046143,-89.173828125,0.9245607256889343,0.7317469120025635,0.9203134179115295,1.0,0.0,0.0,0.0,1.0
SNPT-168,2,26,0,250.0,1901.884521484375,-1901.578125,34.136962890625,1.2562676668167114,0.749103844165802,0.9259834289550781,0.0,0.0,0.0,1.0,1.0
SNPT-163,3,31,1,309.0,385.04815673828125,13.36219596862793,384.8162536621094,0.6746199727058411,0.8961927890777588,0.9807195067405701,1.0,0.0,1.0,1.0,1.0
SNPT-164,22,34,1,340.0,67.71070861816406,-4.555177688598633,-67.55731201171875,1.159306526184082,0.949753999710083,0.9806506633758545,0.0,0.0,0.0,1.0,0.0
SNPT-060,11,26,1,203.0,62.35882568359375,-30.756269454956055,-54.246429443359375,1.134953498840332,0.9752132296562195,0.9945082068443298,0.0,0.0,0.0,1.0,1.0
SNPT-154,4,36,0,262.0,1879.7374267578125,1879.377197265625,36.79718017578125,1.0666618347167969,0.6766029596328735,0.9393473863601685,0.0,0.0,0.0,0.0,1.0
SNPT-153,7,10,1,105.0,35.17704772949219,3.6708872318267822,-34.9849853515625,1.1745513677597046,0.9114100933074951,0.987130880355835,0.0,0.0,0.0,1.0,1.0
SNPT-072,21,30,0,19.0,1902.1966552734375,-1900.759033203125,-73.9416732788086,1.1020197868347168,0.8550388216972351,0.9849438667297363,0.0,1.0,1.0,1.0,1.0
SNPT-064,20,34,1,154.0,58.48565673828125,7.955066680908203,-57.942115783691406,1.8407357931137085,0.9341413378715515,0.940418541431427,0.0,0.0,0.0,1.0,1.0
SNPT-111,10,38,0,53.0,83.6768798828125,29.96903419494629,78.12602996826172,0.8807158470153809,0.8415523171424866,0.9838809370994568,0.0,0.0,0.0,1.0,1.0
SNPT-066,10,38,1,310.0,537.1995239257812,-528.6239013671875,95.60391998291016,0.8961358070373535,0.9265370965003967,0.9738762974739075,0.0,0.0,0.0,1.0,1.0
SNPT-111,18,29,0,310.0,176.30813598632812,3.7659878730773926,176.2678985595703,0.637943685054779,0.7239792943000793,0.9126802086830139,1.0,0.0,0.0,0.0,1.0
SNPT-098,12,31,1,204.0,389.4102478027344,379.4788513183594,87.3851318359375,1.5510270595550537,0.8669888973236084,0.9870079159736633,1.0,0.0,1.0,1.0,1.0
SNPT-155,6,28,0,350.0,1956.8985595703125,1891.21923828125,502.7345275878906,0.7679988741874695,0.7100702524185181,0.8771458268165588,0.0,1.0,0.0,0.0,1.0
SNPT-159,26,34,0,3.0,288.0108642578125,-284.81005859375,-42.819339752197266,1.2094628810882568,0.8383007645606995,0.9790574908256531,0.0,0.0,0.0,1.0,1.0
SNPT-105,18,34,0,527.0,1897.0772705078125,-1896.94091796875,22.747861862182617,1.0887959003448486,0.712287187576294,0.9823623299598694,0.0,1.0,0.0,1.0,1.0
SNPT-154,49,50,0,12.0,112.02617645263672,-11.968838691711426,-111.38496398925781,1.4841079711914062,0.7426788210868835,0.9155972599983215,0.0,0.0,0.0,1.0,0.0
SNPT-072,17,26,0,253.0,198.59500122070312,-4.866090297698975,-198.53538513183594,1.1545227766036987,0.6470229029655457,0.8243472576141357,0.0,0.0,0.0,0.0,0.0
SNPT-060,1,37,0,610.0,1910.6021728515625,-1882.3797607421875,-327.180908203125,1.4748831987380981,0.8433670401573181,0.9184224605560303,0.0,0.0,0.0,0.0,0.0
SNPT-075,27,30,0,209.0,48.377540588378906,0.09204056113958359,48.3774528503418,0.907616376876831,0.8035939931869507,0.8828840851783752,0.0,1.0,0.0,1.0,1.0
SNPT-068,11,36,1,127.0,63.21910858154297,2.3895013332366943,-63.17393493652344,0.6774576306343079,0.9491633176803589,0.9673110842704773,0.0,0.0,0.0,1.0,1.0
SNPT-162,2,27,1,218.0,213.68630981445312,4.792893886566162,-213.63255310058594,1.253150224685669,0.9558983445167542,0.9890548586845398,1.0,0.0,1.0,1.0,1.0
SNPT-108,7,11,1,69.0,3.449455976486206,3.4206840991973877,-0.444597065448761,0.8320675492286682,0.9692374467849731,0.9723231792449951,0.0,0.0,0.0,1.0,1.0
SNPT-102,9,29,0,244.0,153.97573852539062,3.827455759048462,-153.92816162109375,1.1938329935073853,0.7369675636291504,0.9425748586654663,0.0,0.0,0.0,0.0,1.0
SNPT-101,26,41,1,121.0,44.788211822509766,-2.2612030506134033,-44.73109817504883,0.9665114879608154,0.9039224982261658,0.9816688895225525,0.0,0.0,0.0,1.0,1.0
SNPT-065,18,40,0,420.0,1876.234375,1870.398681640625,-147.8649139404297,0.6287930607795715,0.7336050271987915,0.9211686253547668,0.0,1.0,1.0,0.0,1.0
SNPT-071,7,26,0,12.0,1354.6256103515625,-1354.375,-26.05228614807129,0.9854681491851807,0.7927384972572327,0.9830430150032043,0.0,0.0,0.0,1.0,1.0
SNPT-065,25,36,0,103.0,125.83528137207031,9.206598281860352,-125.49803161621094,0.700408935546875,0.7228037714958191,0.969734787940979,0.0,0.0,0.0,1.0,1.0
SNPT-098,8,15,0,37.0,1920.5753173828125,1906.3577880859375,233.25852966308594,0.5005199313163757,0.6165351867675781,0.8868936896324158,0.0,0.0,0.0,0.0,0.0
SNPT-107,2,34,0,347.0,161.18832397460938,21.646408081054688,-159.72824096679688,0.8893787264823914,0.6881260871887207,0.9199432730674744,0.0,0.0,0.0,0.0,1.0
SNPT-101,14,41,0,515.0,371.38836669921875,-2.046698570251465,-371.3827209472656,1.6177655458450317,0.6427959203720093,0.856439471244812,0.0,0.0,0.0,0.0,1.0
SNPT-066,43,30,0,60.0,317.8214111328125,5.006443500518799,-317.7819519042969,1.938766360282898,0.8028210401535034,0.9299901127815247,1.0,0.0,1.0,1.0,1.0
SNPT-108,7,25,0,119.0,103.0675048828125,-1.5793157815933228,103.05540466308594,0.6159459948539734,0.724621057510376,0.9781017303466797,0.0,0.0,0.0,1.0,1.0
SNPT-163,7,25,0,187.0,31.04454803466797,0.2764799892902374,31.043315887451172,0.5962863564491272,0.8162843585014343,0.9444745779037476,0.0,0.0,0.0,1.0,1.0
SNPT-110,43,23,0,56.0,2.0134146213531494,-1.2796413898468018,-1.5544633865356445,0.7064746022224426,0.7579240798950195,0.9425711035728455,0.0,1.0,0.0,0.0,0.0
SNPT-105,4,27,0,22.0,1913.671142578125,1893.078125,-279.9862976074219,1.4906889200210571,0.6626892685890198,0.9386364221572876,0.0,1.0,0.0,1.0,0.0
SNPT-157,18,39,0,291.0,131.67247009277344,24.653980255126953,129.34381103515625,0.6984596252441406,0.6115612983703613,0.9222140312194824,0.0,0.0,0.0,0.0,1.0
SNPT-110,40,13,0,484.0,1905.279052734375,-1899.844482421875,-143.80287170410156,1.4622833728790283,0.803363561630249,0.9672755002975464,0.0,1.0,0.0,1.0,1.0
SNPT-162,19,27,0,137.0,1084.4521484375,-1030.2659912109375,338.509033203125,0.7206212282180786,0.7634086608886719,0.9191201329231262,0.0,0.0,0.0,0.0,0.0
SNPT-105,19,26,0,119.0,1425.7220458984375,-1365.8511962890625,-408.8198547363281,1.8934217691421509,0.578085720539093,0.9151906371116638,0.0,0.0,0.0,0.0,1.0
SNPT-114,27,31,1,251.0,159.28607177734375,-7.224096298217773,-159.12217712402344,0.9982032775878906,0.910488486289978,0.8944389820098877,1.0,0.0,1.0,1.0,1.0
SNPT-105,18,30,0,328.0,1901.5787353515625,-1894.94091796875,158.74786376953125,0.6502172946929932,0.5969005823135376,0.8063563108444214,0.0,1.0,1.0,0.0,1.0
SNPT-166,2,28,0,633.0,1916.7874755859375,-1904.0706787109375,-220.4290313720703,1.1881237030029297,0.7996070384979248,0.9745416045188904,0.0,0.0,0.0,1.0,1.0
SNPT-061,18,35,1,243.0,64.87175750732422,-19.4405574798584,61.89030456542969,1.1742135286331177,0.8928498029708862,0.9753053784370422,0.0,0.0,0.0,1.0,1.0
SNPT-103,9,31,0,44.0,305.60223388671875,-6.245758056640625,305.5384216308594,0.6339148879051208,0.7173811793327332,0.9196025133132935,0.0,0.0,0.0,1.0,1.0
SNPT-074,21,29,1,565.0,113.68546295166016,113.17559051513672,-10.754950523376465,0.6248201727867126,0.8318700790405273,0.9681946039199829,0.0,0.0,0.0,1.0,1.0
SNPT-153,3,31,0,595.0,1891.1031494140625,-1885.72216796875,142.55906677246094,0.7292845249176025,0.6086515188217163,0.9183728098869324,0.0,0.0,0.0,0.0,1.0
SNPT-159,54,55,1,27.0,49.97490310668945,-5.773766040802002,49.64025115966797,0.9130187630653381,0.8548179864883423,0.9764122366905212,0.0,0.0,0.0,1.0,0.0
SNPT-163,16,31,0,307.0,406.2552185058594,13.438061714172363,406.0329284667969,0.5668322443962097,0.6407960653305054,0.9029086232185364,0.0,1.0,1.0,0.0,1.0
SNPT-157,22,31,0,13.0,1857.636474609375,-1853.973388671875,-116.60102081298828,1.8042618036270142,0.6586977243423462,0.9125620722770691,0.0,0.0,0.0,0.0,0.0
SNPT-062,12,23,0,236.0,581.1434936523438,-7.79862117767334,-581.0911865234375,1.9285104274749756,0.7249829769134521,0.9496055245399475,0.0,0.0,0.0,0.0,1.0
SNPT-102,7,28,0,305.0,249.46072387695312,-0.49065259099006653,249.4602508544922,0.5996814370155334,0.6566210985183716,0.8845477104187012,0.0,1.0,1.0,0.0,1.0
SNPT-098,2,34,0,210.0,129.44798278808594,-1.9774019718170166,-129.43287658691406,0.8739680051803589,0.7363783121109009,0.9634981155395508,0.0,0.0,0.0,1.0,1.0
SNPT-098,23,39,1,146.0,76.75103759765625,-0.5609254240989685,-76.74898529052734,0.9678561687469482,0.887026309967041,0.9370264410972595,1.0,0.0,1.0,1.0,1.0
SNPT-074,6,29,0,380.0,1851.5997314453125,1850.4534912109375,-65.139404296875,1.2200140953063965,0.6405806541442871,0.9155540466308594,0.0,0.0,0.0,1.0,1.0
SNPT-110,36,28,0,209.0,1890.8624267578125,1889.953125,58.63640594482422,0.75202476978302,0.675161600112915,0.9404712319374084,0.0,1.0,1.0,0.0,1.0
SNPT-105,19,21,1,95.0,82.76849365234375,-9.8512544631958,82.18014526367188,0.8483555316925049,0.8017675876617432,0.9458500146865845,0.0,0.0,0.0,1.0,1.0
SNPT-067,10,31,0,229.0,295.8904724121094,105.9417495727539,276.27435302734375,0.7487465739250183,0.7124043107032776,0.9477316737174988,0.0,0.0,0.0,0.0,1.0
SNPT-170,12,32,0,299.0,1548.4146728515625,1543.5955810546875,122.06843566894531,0.773124635219574,0.6827980279922485,0.854572594165802,0.0,0.0,0.0,1.0,1.0
SNPT-154,10,22,0,86.0,834.8755493164062,830.3866577148438,-86.45904541015625,1.2438420057296753,0.6571422815322876,0.9049137830734253,0.0,0.0,0.0,0.0,1.0
SNPT-154,38,47,0,1.0,1882.060302734375,-1880.525146484375,75.99879455566406,0.9865832328796387,0.8152793645858765,0.9736243486404419,0.0,0.0,0.0,1.0,1.0
SNPT-108,6,30,0,400.0,103.62247467041016,22.75670623779297,-101.0927734375,0.9119591116905212,0.6870509386062622,0.917227566242218,0.0,1.0,1.0,0.0,1.0
SNPT-077,18,30,0,236.0,512.3178100585938,1.381080985069275,512.31591796875,0.3034273087978363,0.8058449029922485,0.9619728326797485,0.0,0.0,0.0,1.0,1.0
SNPT-074,24,27,0,20.0,1835.0958251953125,-1814.21435546875,276.0487365722656,0.7222098708152771,0.6488454341888428,0.9019988179206848,0.0,0.0,0.0,1.0,1.0
SNPT-169,16,37,0,277.0,785.59326171875,-759.769775390625,199.76649475097656,0.7842705845832825,0.5864330530166626,0.9358209371566772,0.0,0.0,0.0,0.0,0.0
SNPT-113,26,32,0,182.0,150.86509704589844,-8.505256652832031,-150.62515258789062,0.9851770401000977,0.5957657098770142,0.8475621342658997,0.0,0.0,0.0,0.0,1.0
SNPT-162,19,35,0,324.0,851.8117065429688,851.7339477539062,11.509047508239746,1.4364374876022339,0.7683620452880859,0.971021294593811,0.0,0.0,0.0,1.0,0.0
SNPT-162,10,40,0,192.0,347.3414611816406,-2.920457124710083,-347.3291931152344,1.584585428237915,0.6732406616210938,0.9208975434303284,0.0,0.0,0.0,0.0,1.0
SNPT-162,44,40,1,177.0,90.3163833618164,28.107177734375,85.83143615722656,0.8920795917510986,0.8197735548019409,0.8997339010238647,0.0,0.0,0.0,0.0,0.0
SNPT-070,7,23,0,290.0,103.77133178710938,4.577426910400391,-103.67032623291016,2.146155595779419,0.743289053440094,0.9297689199447632,0.0,0.0,0.0,0.0,1.0
SNPT-063,30,41,0,83.0,116.639404296875,83.66471862792969,-81.27094268798828,1.0738829374313354,0.6934979557991028,0.9540792107582092,0.0,0.0,0.0,0.0,1.0
SNPT-060,4,39,0,254.0,60.41214370727539,-4.8021240234375,-60.22098159790039,1.0214170217514038,0.7761410474777222,0.9281729459762573,0.0,0.0,0.0,0.0,1.0
SNPT-168,18,24,0,249.0,1897.8983154296875,1897.3046875,47.464027404785156,0.809630274772644,0.6925286054611206,0.9500492215156555,0.0,0.0,0.0,0.0,1.0
SNPT-072,15,28,0,391.0,1906.5994873046875,-1903.037109375,116.49562072753906,0.7964008450508118,0.7665115594863892,0.9335014224052429,0.0,1.0,1.0,1.0,1.0
SNPT-061,10,35,0,245.0,11.252028465270996,-6.241046905517578,-9.362556457519531,0.9125846028327942,0.7484424710273743,0.9825465083122253,0.0,0.0,0.0,1.0,1.0
SNPT-170,12,34,0,627.0,1550.365478515625,1550.0955810546875,-28.93156623840332,1.7132058143615723,0.6147528886795044,0.9363868832588196,0.0,0.0,0.0,0.0,1.0
SNPT-105,9,31,1,118.0,55.46162033081055,-0.6709907054901123,55.45756149291992,0.5388863682746887,0.892299234867096,0.9126126170158386,0.0,1.0,0.0,1.0,1.0
SNPT-162,11,38,0,7.0,1947.345703125,1898.7579345703125,432.2886657714844,0.9123073220252991,0.6682653427124023,0.9290667176246643,0.0,1.0,1.0,0.0,1.0
SNPT-151,2,27,0,193.0,307.19061279296875,-9.417490005493164,-307.0462341308594,1.764415979385376,0.7968557476997375,0.8650011420249939,0.0,0.0,0.0,1.0,1.0
SNPT-102,12,27,0,332.0,83.57392883300781,1.0064034461975098,-83.56787109375,0.8410239219665527,0.8336241841316223,0.9889320135116577,0.0,0.0,0.0,1.0,1.0
SNPT-107,25,38,0,47.0,1887.5115966796875,-1885.27587890625,91.84354400634766,0.6981506943702698,0.69287109375,0.9445672631263733,0.0,0.0,0.0,0.0,0.0
SNPT-063,21,44,0,371.0,1906.1802978515625,-1901.9031982421875,-127.62275695800781,1.312227487564087,0.731921911239624,0.9712477326393127,0.0,0.0,0.0,1.0,1.0
SNPT-067,24,34,0,2.0,1917.0185546875,1886.44091796875,341.02911376953125,0.4659076929092407,0.5784595012664795,0.8981561064720154,0.0,0.0,0.0,0.0,0.0
SNPT-113,36,24,0,126.0,23.03666114807129,2.519521713256836,-22.898466110229492,0.42555662989616394,0.6781443357467651,0.9289325475692749,0.0,0.0,0.0,1.0,1.0
SNPT-067,5,25,0,329.0,1905.3509521484375,1903.997314453125,71.8068618774414,0.8168944120407104,0.7462588548660278,0.9754904508590698,0.0,0.0,0.0,1.0,1.0
SNPT-161,27,40,0,165.0,93.92826080322266,1.7320884466171265,93.91229248046875,0.8457667231559753,0.7842919826507568,0.9619002342224121,0.0,0.0,0.0,1.0,1.0
SNPT-153,2,21,0,153.0,1909.33984375,1901.469970703125,173.17868041992188,1.0269646644592285,0.6398410201072693,0.9010786414146423,0.0,1.0,1.0,0.0,0.0
SNPT-108,20,34,0,295.0,339.36785888671875,-15.766959190368652,339.0013732910156,0.6457388997077942,0.6909613609313965,0.8966014981269836,0.0,0.0,0.0,0.0,1.0
SNPT-110,23,32,0,143.0,21.35442543029785,-19.62216567993164,-8.425087928771973,0.9268760085105896,0.7852412462234497,0.9128864407539368,0.0,0.0,0.0,0.0,1.0
SNPT-164,20,34,0,341.0,53.59187316894531,-1.0031335353851318,-53.58248519897461,1.0952248573303223,0.6796877384185791,0.9627038240432739,0.0,0.0,0.0,0.0,0.0
SNPT-156,15,21,0,117.0,76.06730651855469,1.1978944540023804,-76.05787658691406,0.9958698153495789,0.5341470241546631,0.9375210404396057,0.0,1.0,0.0,0.0,1.0
SNPT-110,13,26,0,341.0,1909.5648193359375,-1904.3363037109375,-141.21328735351562,0.9126985669136047,0.6334144473075867,0.9170415997505188,0.0,0.0,0.0,0.0,1.0
SNPT-105,16,26,0,117.0,1365.9189453125,-1359.8416748046875,-128.7052459716797,1.2145417928695679,0.6508764624595642,0.9281024932861328,0.0,0.0,0.0,0.0,1.0
SNPT-108,3,23,0,106.0,243.54827880859375,7.833608627319336,-243.42225646972656,1.2328791618347168,0.7572475671768188,0.9848268032073975,0.0,1.0,0.0,1.0,1.0
SNPT-159,8,44,1,195.0,189.21463012695312,-2.0241212844848633,-189.20379638671875,1.4093598127365112,0.762030839920044,0.9754618406295776,0.0,0.0,0.0,1.0,1.0
SNPT-169,10,26,1,166.0,198.95797729492188,56.722267150878906,-190.7009735107422,1.04176926612854,0.928118884563446,0.9839059114456177,0.0,0.0,0.0,1.0,1.0
SNPT-113,13,28,0,383.0,145.46090698242188,-3.789830446243286,145.41152954101562,0.9275719523429871,0.7514299154281616,0.9019449353218079,0.0,0.0,0.0,0.0,1.0
SNPT-104,26,14,0,116.0,22.505563735961914,19.236425399780273,11.681622505187988,1.564028024673462,0.8462530374526978,0.9157056212425232,0.0,0.0,0.0,1.0,1.0
SNPT-110,5,28,0,8.0,1872.697021484375,1865.8009033203125,160.56448364257812,0.8412792086601257,0.8560320734977722,0.9851750731468201,0.0,1.0,1.0,1.0,0.0
SNPT-098,7,36,0,276.0,19.24365234375,-4.925076484680176,18.60273551940918,0.5385916233062744,0.7815732359886169,0.9499133229255676,0.0,0.0,0.0,1.0,1.0
SNPT-073,2,30,1,419.0,1224.536376953125,-1223.987060546875,-36.676353454589844,1.1512560844421387,0.9191645979881287,0.9841659069061279,0.0,0.0,0.0,1.0,1.0
SNPT-063,13,44,0,528.0,204.295166015625,-0.836861789226532,-204.29345703125,1.6082466840744019,0.7656424045562744,0.9502573609352112,0.0,0.0,0.0,0.0,1.0
SNPT-072,2,30,0,410.0,173.9261932373047,-2.2058470249176025,-173.91221618652344,1.333728313446045,0.8737965226173401,0.9125238656997681,0.0,1.0,1.0,1.0,1.0
SNPT-170,19,32,0,249.0,169.47535705566406,-3.1418399810791016,169.44622802734375,0.5907940864562988,0.7829669713973999,0.908768355846405,0.0,0.0,0.0,1.0,1.0
SNPT-103,28,31,1,34.0,62.170814514160156,-1.6207472085952759,62.14968490600586,1.1420871019363403,0.9306176900863647,0.9844194054603577,1.0,0.0,1.0,1.0,1.0
SNPT-162,2,35,0,405.0,1962.7203369140625,1886.7928466796875,-540.632568359375,2.4979445934295654,0.5726839303970337,0.8592792749404907,0.0,0.0,0.0,0.0,1.0
SNPT-105,12,32,1,56.0,130.94232177734375,-0.40725383162498474,130.9416961669922,0.9473010301589966,0.9453364610671997,0.9823885560035706,1.0,0.0,1.0,1.0,1.0
SNPT-101,33,36,0,38.0,453.2576599121094,-9.077717781066895,453.166748046875,0.7297025322914124,0.6429874300956726,0.8970071077346802,0.0,1.0,0.0,0.0,1.0
SNPT-158,6,29,0,218.0,571.9428100585938,531.1281127929688,212.1827392578125,0.7753238081932068,0.6984561085700989,0.95102858543396,0.0,0.0,0.0,1.0,1.0
SNPT-101,17,34,0,29.0,1899.892578125,1899.6187744140625,32.2501220703125,1.0001581907272339,0.7681858539581299,0.9236595630645752,0.0,1.0,0.0,0.0,1.0
SNPT-103,32,25,0,30.0,415.04754638671875,9.169363975524902,414.9462585449219,0.8504625558853149,0.6547404527664185,0.892180860042572,0.0,1.0,1.0,0.0,1.0
SNPT-109,35,25,0,222.0,1926.60400390625,1898.67626953125,326.8507995605469,0.7016494870185852,0.7254838943481445,0.9249404072761536,0.0,1.0,1.0,1.0,0.0
SNPT-161,4,36,0,531.0,6.448969841003418,-1.52590811252594,-6.26584529876709,1.2635257244110107,0.7277493476867676,0.9794259667396545,0.0,1.0,0.0,1.0,1.0
SNPT-076,4,26,0,171.0,333.626953125,-17.494049072265625,-333.16796875,0.931496798992157,0.7902584075927734,0.931871771812439,0.0,0.0,0.0,0.0,1.0
SNPT-062,13,25,0,628.0,201.65713500976562,8.102309226989746,201.49429321289062,0.683060884475708,0.8275633454322815,0.939828097820282,0.0,0.0,0.0,0.0,1.0
SNPT-170,38,39,1,90.0,1096.0882568359375,1095.6666259765625,-30.398303985595703,1.3724361658096313,0.7107557058334351,0.9700065851211548,0.0,0.0,0.0,1.0,1.0
SNPT-075,30,26,1,125.0,40.446189880371094,-1.924677848815918,-40.400367736816406,1.499534249305725,0.9503586888313293,0.9032756686210632,1.0,0.0,0.0,1.0,1.0
SNPT-072,12,25,0,182.0,46.74535369873047,6.7840447425842285,46.250457763671875,0.9577913284301758,0.8697654008865356,0.9780278205871582,0.0,1.0,0.0,1.0,1.0
SNPT-169,5,38,1,316.0,155.03244018554688,7.137855052947998,154.8680419921875,0.8093845844268799,0.9045577049255371,0.9906008243560791,1.0,0.0,1.0,1.0,1.0
SNPT-064,21,29,0,148.0,238.0366973876953,0.40466082096099854,-238.03636169433594,2.3519647121429443,0.7666670680046082,0.933842658996582,0.0,0.0,0.0,0.0,1.0
SNPT-061,9,25,1,194.0,33.458797454833984,-1.140362024307251,33.43935775756836,0.7808213233947754,0.971037745475769,0.9768653512001038,1.0,0.0,1.0,1.0,1.0
SNPT-066,48,21,1,104.0,559.5481567382812,-559.5477294921875,0.6630452275276184,0.6581372022628784,0.8697495460510254,0.9827395081520081,0.0,0.0,0.0,1.0,1.0
SNPT-162,13,34,0,136.0,140.67906188964844,-5.434469699859619,140.57406616210938,0.7085664868354797,0.7919368147850037,0.9834423661231995,0.0,0.0,0.0,1.0,0.0
SNPT-159,12,36,1,164.0,445.46575927734375,401.39166259765625,-193.19549560546875,1.488107681274414,0.8882080912590027,0.9832632541656494,0.0,0.0,0.0,1.0,1.0
SNPT-166,6,27,0,105.0,38.80321502685547,-1.1901777982711792,-38.78495788574219,0.9024466276168823,0.7561595439910889,0.9540825486183167,0.0,0.0,0.0,0.0,0.0
SNPT-066,49,42,1,473.0,5.738953113555908,-3.9069721698760986,4.203706741333008,1.2272719144821167,0.873509407043457,0.9800030589103699,0.0,0.0,0.0,1.0,0.0
SNPT-108,4,16,1,156.0,48.79146194458008,-2.7742135524749756,-48.712528228759766,0.972526490688324,0.893031895160675,0.9872133731842041,1.0,0.0,1.0,1.0,1.0
SNPT-161,21,29,0,111.0,1888.500732421875,-1888.44189453125,14.917019844055176,0.8780706524848938,0.6385717391967773,0.9267387986183167,0.0,0.0,0.0,1.0,1.0
SNPT-154,26,56,1,61.0,20.889793395996094,17.714859008789062,11.07100772857666,1.1055878400802612,0.9027600288391113,0.960976243019104,0.0,0.0,0.0,1.0,1.0
SNPT-068,4,28,0,246.0,1909.8179931640625,-1903.1427001953125,159.5395050048828,0.901012122631073,0.6616302728652954,0.9451546669006348,0.0,0.0,0.0,0.0,1.0
SNPT-157,7,37,0,359.0,1904.93115234375,1898.736572265625,153.49984741210938,0.6350415945053101,0.6521514654159546,0.9315054416656494,0.0,0.0,0.0,0.0,1.0
SNPT-107,1,23,1,76.0,281.5970153808594,6.685450553894043,-281.51763916015625,1.225799322128296,0.8326365351676941,0.8515048027038574,1.0,0.0,1.0,0.0,0.0
SNPT-151,7,35,0,223.0,2000.0606689453125,-1887.171630859375,662.4390869140625,0.43154191970825195,0.6340811252593994,0.9432529807090759,0.0,0.0,0.0,1.0,1.0
SNPT-075,31,26,0,280.0,205.34300231933594,-6.245533466339111,205.2480010986328,1.1249274015426636,0.75365149974823,0.9131148457527161,0.0,1.0,1.0,0.0,1.0
SNPT-169,1,32,0,160.0,637.4893188476562,120.36758422851562,-626.0225830078125,1.6035343408584595,0.7722570300102234,0.9131360054016113,0.0,1.0,1.0,0.0,1.0
SNPT-159,1,51,0,299.0,130.3248748779297,12.347299575805664,-129.7386474609375,1.2849901914596558,0.7498973608016968,0.9064083099365234,0.0,0.0,0.0,1.0,0.0
SNPT-110,12,23,0,87.0,91.09173583984375,6.29614782333374,90.8738784790039,0.6820291876792908,0.7797023057937622,0.957307755947113,0.0,1.0,1.0,0.0,0.0
SNPT-060,16,35,0,184.0,93.8896255493164,46.34589767456055,-81.65365600585938,0.892254650592804,0.6948180794715881,0.9614315032958984,0.0,0.0,0.0,0.0,1.0
SNPT-162,19,33,1,310.0,869.7799072265625,860.2339477539062,128.50904846191406,1.0910664796829224,0.9407854080200195,0.9811298847198486,0.0,0.0,0.0,1.0,0.0
SNPT-158,8,30,1,236.0,1297.7178955078125,-1271.0137939453125,261.9075622558594,1.697884440422058,0.7278404235839844,0.9507046341896057,0.0,0.0,0.0,1.0,1.0
SNPT-162,13,29,0,96.0,415.0765380859375,-1.4344695806503296,415.0740661621094,0.5979607701301575,0.7943098545074463,0.927884578704834,0.0,0.0,0.0,0.0,0.0
SNPT-099,1,25,0,553.0,1924.095703125,1902.006591796875,290.7154235839844,0.7036080956459045,0.8824999332427979,0.9308307766914368,0.0,1.0,1.0,1.0,1.0
SNPT-111,40,44,1,2.0,30.318466186523438,2.7859275341033936,-30.190196990966797,0.37071406841278076,0.6760959625244141,0.8930296897888184,0.0,0.0,0.0,1.0,1.0
SNPT-102,7,26,0,293.0,290.5671691894531,-3.990652561187744,-290.5397644042969,1.3652408123016357,0.7672895789146423,0.9742648601531982,0.0,0.0,0.0,1.0,1.0
SNPT-159,29,49,1,1.0,23.188766479492188,6.908361911773682,-22.13579559326172,1.2035762071609497,0.8993924856185913,0.9837514758110046,0.0,0.0,0.0,1.0,1.0
SNPT-154,16,42,1,314.0,1876.5625,-1876.5604248046875,-2.783857583999634,1.1749138832092285,0.8811699151992798,0.9530079960823059,0.0,0.0,0.0,1.0,1.0
SNPT-071,18,29,0,237.0,1882.57568359375,-1879.111328125,114.15624237060547,0.7164223194122314,0.668867290019989,0.9008628726005554,0.0,0.0,0.0,0.0,0.0
SNPT-072,4,32,0,141.0,306.32958984375,-7.7107038497924805,306.2325439453125,0.4887774884700775,0.7462507486343384,0.9378682971000671,0.0,0.0,0.0,0.0,1.0
SNPT-066,5,46,0,288.0,1175.103759765625,-1136.1102294921875,300.2038879394531,0.8199304938316345,0.9010314345359802,0.9770621061325073,0.0,1.0,1.0,1.0,1.0
SNPT-110,37,45,0,10.0,294.5691833496094,4.294129371643066,294.5378723144531,1.8880701065063477,0.6106693744659424,0.9160207509994507,0.0,0.0,0.0,0.0,1.0
SNPT-113,35,32,1,424.0,23.537015914916992,-8.571972846984863,-21.92059326171875,1.1623649597167969,0.886590838432312,0.9518528580665588,0.0,0.0,0.0,1.0,1.0
SNPT-074,2,26,0,527.0,230.58551025390625,3.21130633354187,-230.56314086914062,0.9878367185592651,0.772536039352417,0.9625775218009949,0.0,0.0,0.0,0.0,1.0
SNPT-069,27,20,0,198.0,78.07261657714844,-1.853508472442627,-78.05061340332031,1.0082919597625732,0.6844637393951416,0.8585376143455505,0.0,0.0,0.0,0.0,1.0
SNPT-062,29,27,1,80.0,14.630993843078613,-0.0322759747505188,-14.630958557128906,0.8299430012702942,0.8779293298721313,0.978617250919342,0.0,0.0,0.0,1.0,1.0
SNPT-066,2,42,0,4.0,1904.16357421875,1901.857177734375,93.69283294677734,1.209386944770813,0.8262664079666138,0.9610324501991272,0.0,0.0,0.0,0.0,0.0
SNPT-111,35,31,0,351.0,119.4654541015625,8.14426326751709,119.1875228881836,0.9207481741905212,0.7470828294754028,0.928229033946991,0.0,0.0,0.0,0.0,1.0
SNPT-170,36,30,1,68.0,61.94367218017578,-3.9056308269500732,-61.8204231262207,0.6925719380378723,0.8889129161834717,0.9206490516662598,0.0,0.0,0.0,1.0,1.0
SNPT-061,25,32,0,179.0,232.47283935546875,-11.00184154510498,-232.2123565673828,1.565449833869934,0.8208550810813904,0.9166818857192993,0.0,1.0,1.0,0.0,1.0
SNPT-157,3,26,1,149.0,50.36013412475586,8.258101463317871,49.678436279296875,1.5090240240097046,0.86443692445755,0.9658829569816589,0.0,1.0,1.0,1.0,1.0
SNPT-073,4,32,1,296.0,72.24207305908203,4.8869805335998535,72.07659149169922,0.9993205666542053,0.9217774271965027,0.9919600486755371,0.0,0.0,0.0,1.0,1.0
SNPT-111,37,31,0,526.0,177.52723693847656,8.731757164001465,177.31236267089844,0.871299684047699,0.5610013008117676,0.8964117169380188,0.0,0.0,0.0,0.0,0.0
SNPT-060,14,36,1,149.0,17.057741165161133,-0.3801199793815613,-17.053504943847656,1.036311388015747,0.9324400424957275,0.9711647629737854,0.0,0.0,0.0,1.0,1.0
SNPT-162,1,38,1,258.0,402.9999694824219,-6.52748966217041,402.9471130371094,1.374456763267517,0.9626520276069641,0.9746414422988892,1.0,0.0,1.0,1.0,1.0
SNPT-064,37,33,0,60.0,87.87911987304688,13.205824851989746,86.88121032714844,1.3738245964050293,0.8008927702903748,0.9726129770278931,0.0,1.0,0.0,0.0,1.0
SNPT-101,10,36,0,241.0,517.4364624023438,-4.637083053588867,517.4156494140625,0.6725797653198242,0.6970534920692444,0.8782033324241638,0.0,1.0,0.0,0.0,1.0
SNPT-104,25,26,0,52.0,154.75938415527344,6.7976250648498535,-154.6100311279297,0.6917216181755066,0.7104055881500244,0.8486325740814209,0.0,0.0,0.0,0.0,1.0
SNPT-109,12,22,1,117.0,302.6578063964844,2.2358670234680176,302.6495361328125,0.7911412119865417,0.7977371215820312,0.9755197167396545,0.0,0.0,0.0,1.0,1.0
SNPT-166,10,28,0,324.0,1128.650634765625,-1046.51171875,-422.68841552734375,1.1043579578399658,0.6567729711532593,0.9081287980079651,0.0,0.0,0.0,0.0,1.0
SNPT-169,7,18,1,110.0,149.4104766845703,-11.972046852111816,-148.9300537109375,1.4209792613983154,0.947577953338623,0.9835646152496338,1.0,0.0,0.0,1.0,1.0
SNPT-164,19,27,0,94.0,139.18260192871094,-10.270028114318848,138.8031768798828,0.8272417187690735,0.7404161691665649,0.9797312021255493,0.0,0.0,0.0,1.0,1.0
SNPT-111,39,43,1,1.0,13.169671058654785,-3.4950509071350098,-12.697434425354004,10.722176551818848,0.5835344791412354,0.7961731553077698,0.0,0.0,0.0,1.0,1.0
SNPT-161,10,25,0,95.0,441.03302001953125,1.838197946548462,-441.0291748046875,1.3585001230239868,0.6602705121040344,0.9139217138290405,0.0,0.0,0.0,0.0,1.0
SNPT-166,17,26,1,101.0,149.2779083251953,0.5189438462257385,-149.27700805664062,1.31564199924469,0.9477107524871826,0.9709703326225281,0.0,0.0,0.0,1.0,1.0
SNPT-113,36,28,0,221.0,322.1153259277344,-2.980478286743164,322.1015319824219,0.24736401438713074,0.7024790048599243,0.8845804929733276,0.0,0.0,0.0,0.0,1.0
SNPT-075,23,24,1,82.0,43.86437225341797,4.421168804168701,43.640995025634766,1.204908013343811,0.8986521363258362,0.9905955791473389,0.0,0.0,0.0,1.0,1.0
SNPT-159,50,28,1,57.0,18.6560001373291,16.249649047851562,9.16489315032959,1.321571707725525,0.9299505949020386,0.9858104586601257,0.0,0.0,0.0,1.0,1.0
SNPT-077,16,24,0,82.0,122.95053100585938,-21.453824996948242,-121.06430053710938,1.805022120475769,0.7189484238624573,0.927412211894989,0.0,0.0,0.0,0.0,1.0
SNPT-067,18,25,0,56.0,177.1456298828125,1.8901697397232056,177.1355438232422,0.9477894306182861,0.8175304532051086,0.9635810852050781,0.0,0.0,0.0,0.0,1.0
SNPT-159,43,45,0,10.0,364.7934875488281,-4.943866729736328,-364.7599792480469,1.749383568763733,0.6972076892852783,0.909948468208313,0.0,0.0,0.0,0.0,1.0
SNPT-151,38,39,1,5.0,1.9090527296066284,1.704518437385559,-0.8597087860107422,0.7068784236907959,0.8067947626113892,0.9410553574562073,0.0,0.0,0.0,1.0,0.0
SNPT-065,45,29,0,82.0,308.0435485839844,23.676340103149414,307.1322937011719,0.5243159532546997,0.8068808913230896,0.9608899354934692,0.0,0.0,0.0,1.0,1.0
SNPT-067,11,23,0,211.0,1896.8223876953125,-1891.8787841796875,-136.85678100585938,1.5107043981552124,0.7764125466346741,0.9513936638832092,0.0,0.0,0.0,1.0,1.0
SNPT-107,1,29,0,426.0,1906.1529541015625,-1882.3145751953125,-300.51763916015625,1.1431845426559448,0.8124948143959045,0.8060850501060486,0.0,1.0,1.0,0.0,0.0
SNPT-101,5,26,1,267.0,8.545135498046875,4.3183746337890625,-7.373668193817139,0.8501148819923401,0.9674626588821411,0.9906147122383118,0.0,0.0,0.0,1.0,1.0
SNPT-166,18,24,0,101.0,69.0909652709961,-4.716685771942139,-68.92977905273438,1.1062242984771729,0.887427806854248,0.9693553447723389,0.0,0.0,0.0,1.0,1.0
SNPT-151,17,35,1,44.0,286.1275634765625,4.3557538986206055,286.09442138671875,0.9451351165771484,0.7801474928855896,0.9527767300605774,1.0,0.0,1.0,1.0,1.0
SNPT-151,10,34,0,304.0,36.76096725463867,-2.54776668548584,36.67257308959961,1.1486401557922363,0.6629995703697205,0.9252077341079712,0.0,1.0,1.0,0.0,1.0
SNPT-156,6,24,0,324.0,111.29557800292969,18.31299591064453,109.77859497070312,0.8649584054946899,0.7061220407485962,0.9008144736289978,0.0,0.0,0.0,1.0,0.0
SNPT-065,45,27,0,75.0,44.476993560791016,12.67634105682373,42.63230514526367,0.753928542137146,0.7815643548965454,0.9630281925201416,0.0,0.0,0.0,0.0,1.0
SNPT-168,20,24,0,211.0,140.45120239257812,-4.515142440795898,140.37860107421875,0.5959509015083313,0.6135580539703369,0.9082903861999512,0.0,0.0,0.0,1.0,1.0
SNPT-107,18,21,1,86.0,11.747279167175293,-1.3097987174987793,11.674031257629395,0.7132659554481506,0.924042284488678,0.9825436472892761,0.0,0.0,0.0,1.0,1.0
SNPT-111,40,26,0,69.0,106.77229309082031,37.24862289428711,-100.06429290771484,0.3546428680419922,0.6738382577896118,0.8213567137718201,0.0,0.0,0.0,0.0,1.0
SNPT-068,25,36,0,423.0,1916.2242431640625,1898.7449951171875,-258.2305603027344,0.8246572613716125,0.7547010779380798,0.8756073117256165,0.0,0.0,0.0,0.0,1.0
SNPT-160,9,22,0,287.0,1873.819091796875,-1864.5931396484375,185.71546936035156,0.950238049030304,0.8664624691009521,0.9820093512535095,0.0,0.0,0.0,1.0,1.0
SNPT-162,45,41,0,421.0,1884.5911865234375,1873.18115234375,207.06561279296875,0.9926283955574036,0.6613907814025879,0.9031708240509033,0.0,1.0,1.0,0.0,1.0
SNPT-159,54,26,0,59.0,77.22218322753906,-39.982181549072266,66.06581115722656,0.8386561870574951,0.7719318866729736,0.9773809313774109,0.0,0.0,0.0,1.0,1.0
SNPT-105,3,30,0,210.0,40.31063461303711,5.439648628234863,-39.941925048828125,0.5242432951927185,0.7675645351409912,0.9010833501815796,0.0,0.0,0.0,1.0,1.0
SNPT-170,9,30,1,98.0,839.586181640625,838.3145141601562,46.19257736206055,0.7096563577651978,0.8738394379615784,0.9300459027290344,0.0,0.0,0.0,1.0,1.0
SNPT-098,3,31,0,239.0,484.0086669921875,381.224609375,298.21502685546875,1.0920888185501099,0.770237922668457,0.7932567596435547,0.0,1.0,1.0,0.0,1.0
SNPT-151,7,21,1,134.0,125.07427215576172,1.8283159732818604,-125.06090545654297,1.3075008392333984,0.8930063247680664,0.9419671297073364,0.0,0.0,0.0,1.0,1.0
SNPT-158,6,35,1,272.0,533.5978393554688,521.1281127929688,114.6827392578125,0.87000972032547,0.939203679561615,0.9581369757652283,0.0,0.0,0.0,1.0,1.0
SNPT-100,4,26,0,218.0,108.25590515136719,-11.328880310058594,107.66149139404297,0.7435076832771301,0.6248326301574707,0.895432710647583,0.0,0.0,0.0,0.0,1.0
SNPT-101,9,23,0,13.0,1888.504150390625,-1887.021240234375,74.82466125488281,0.9282910823822021,0.8474289178848267,0.9626222848892212,0.0,1.0,1.0,1.0,1.0
SNPT-164,3,24,1,65.0,20.213321685791016,6.2870612144470215,-19.210704803466797,1.0078139305114746,0.9480618834495544,0.9729680418968201,0.0,0.0,0.0,0.0,0.0
SNPT-100,21,22,1,113.0,32.68072509765625,-1.5953357219696045,32.641761779785156,1.3362258672714233,0.8080735206604004,0.9458709359169006,0.0,0.0,0.0,1.0,1.0
SNPT-113,15,28,0,222.0,423.6324157714844,-4.231169700622559,423.61126708984375,0.5189025402069092,0.6056855916976929,0.9111169576644897,0.0,0.0,0.0,0.0,1.0
SNPT-063,10,44,1,468.0,15.978873252868652,0.10116985440254211,-15.97855281829834,1.3450669050216675,0.9066978693008423,0.98879075050354,0.0,0.0,0.0,1.0,1.0
SNPT-166,6,30,0,121.0,16.913366317749023,4.809822082519531,16.215042114257812,0.7034608125686646,0.7165918946266174,0.9350009560585022,0.0,0.0,0.0,0.0,1.0
SNPT-068,37,34,0,558.0,302.7530517578125,0.5753477811813354,-302.75250244140625,0.9960002899169922,0.8727574348449707,0.9789965152740479,0.0,0.0,0.0,1.0,1.0
SNPT-109,20,28,0,227.0,1906.9013671875,-1887.63525390625,270.380859375,0.7621263265609741,0.7271739840507507,0.9318576455116272,0.0,0.0,0.0,0.0,1.0
SNPT-072,23,24,1,69.0,1.4703068733215332,-0.9463869333267212,1.1252350807189941,0.6440656185150146,0.6996760964393616,0.8801948428153992,0.0,0.0,0.0,0.0,1.0
SNPT-105,17,23,1,101.0,39.96708679199219,-11.769062042236328,-38.19498825073242,0.7328732013702393,0.7523775696754456,0.9228937029838562,0.0,0.0,0.0,1.0,1.0
SNPT-077,9,28,0,541.0,1924.5244140625,1902.3797607421875,291.1107177734375,1.2184447050094604,0.7878619432449341,0.9130309224128723,0.0,0.0,0.0,0.0,1.0
SNPT-067,2,31,0,242.0,159.90882873535156,18.114368438720703,158.8795166015625,0.7981100082397461,0.8114352226257324,0.9443154335021973,0.0,1.0,0.0,0.0,0.0
SNPT-068,16,28,0,490.0,134.20040893554688,-5.0548787117004395,-134.1051788330078,1.300357460975647,0.8754428029060364,0.9698871374130249,0.0,0.0,0.0,1.0,0.0
SNPT-102,20,24,0,237.0,426.26611328125,3.321964979171753,-426.2531433105469,1.897922396659851,0.6341714262962341,0.7910370826721191,0.0,0.0,0.0,0.0,1.0
SNPT-102,24,32,0,202.0,92.62855529785156,0.6949747800827026,92.62594604492188,0.8405740261077881,0.6442388296127319,0.8815003037452698,0.0,0.0,0.0,0.0,1.0
SNPT-067,18,36,0,243.0,277.73980712890625,-7.609830379486084,277.63555908203125,0.7166723608970642,0.7428518533706665,0.9291629791259766,0.0,0.0,0.0,0.0,1.0
SNPT-070,34,5,0,402.0,182.4517059326172,-3.4507079124450684,-182.41908264160156,0.4007403552532196,0.762149453163147,0.8670114874839783,0.0,0.0,0.0,0.0,1.0
SNPT-163,16,42,0,310.0,1900.341796875,1899.9686279296875,-37.65399169921875,1.2239505052566528,0.6196109652519226,0.8332123756408691,0.0,0.0,0.0,1.0,0.0
SNPT-113,15,22,0,91.0,1904.2818603515625,-1904.231201171875,-13.88872241973877,0.9509919881820679,0.663862407207489,0.9648544788360596,0.0,0.0,0.0,1.0,1.0
SNPT-101,42,43,1,22.0,11.091764450073242,-5.478729248046875,9.644208908081055,0.962448239326477,0.9293254613876343,0.9581061601638794,0.0,0.0,0.0,1.0,1.0
SNPT-154,2,42,0,416.0,9.697011947631836,-2.1811745166778564,-9.448519706726074,1.4362499713897705,0.7190676927566528,0.942722737789154,0.0,0.0,0.0,1.0,1.0
SNPT-102,4,23,0,172.0,62.76493453979492,7.148944854736328,62.35647201538086,0.6589369177818298,0.7039543986320496,0.9066212177276611,0.0,1.0,1.0,0.0,1.0
SNPT-166,23,30,0,50.0,1895.6146240234375,-1894.6241455078125,61.271697998046875,0.7917653918266296,0.547599196434021,0.9540982246398926,0.0,0.0,0.0,0.0,0.0
SNPT-062,13,18,1,103.0,132.18524169921875,7.102309703826904,131.99429321289062,1.1462565660476685,0.9491028785705566,0.9825422167778015,0.0,0.0,0.0,1.0,1.0
SNPT-072,10,35,0,73.0,141.2904510498047,-0.9914263486862183,141.28697204589844,0.6968035697937012,0.8809792399406433,0.9924024343490601,0.0,1.0,1.0,1.0,1.0
SNPT-169,3,40,0,51.0,159.67857360839844,-6.1453704833984375,-159.56027221679688,1.1530929803848267,0.6750187873840332,0.943963885307312,0.0,1.0,1.0,0.0,1.0
SNPT-154,12,47,0,418.0,141.39730834960938,5.031479358673096,141.30775451660156,1.2860194444656372,0.8615134954452515,0.9588658809661865,0.0,0.0,0.0,0.0,0.0
SNPT-101,8,45,0,293.0,48.784488677978516,7.564998149871826,-48.19437026977539,1.2905603647232056,0.7417174577713013,0.9807873964309692,0.0,0.0,0.0,1.0,1.0
SNPT-151,1,39,0,325.0,994.1219482421875,949.9605102539062,-293.0076599121094,1.279091238975525,0.7687851786613464,0.8417668342590332,0.0,1.0,1.0,0.0,1.0
SNPT-074,1,29,0,687.0,1900.906982421875,1892.6986083984375,-176.46255493164062,0.9680307507514954,0.5928053259849548,0.9041436314582825,0.0,0.0,0.0,0.0,1.0
SNPT-062,22,25,1,370.0,55.42964172363281,6.747263431549072,55.01744842529297,0.7796566486358643,0.9391791820526123,0.9633594155311584,0.0,0.0,0.0,1.0,1.0
SNPT-071,1,26,1,154.0,24.336917877197266,20.947628021240234,-12.38880443572998,0.7463410496711731,0.9075882434844971,0.9604091644287109,0.0,0.0,0.0,1.0,1.0
SNPT-164,28,36,0,106.0,1902.1942138671875,-1898.044677734375,-125.57505798339844,1.3298909664154053,0.6375457048416138,0.9225663542747498,0.0,0.0,0.0,0.0,0.0
SNPT-164,2,33,0,197.0,1914.2373046875,1905.737548828125,-180.19189453125,2.0539162158966064,0.6798344850540161,0.9150148630142212,0.0,0.0,0.0,0.0,1.0
SNPT-169,16,27,0,4.0,563.8771362304688,-557.769775390625,82.76649475097656,0.8535264134407043,0.7060208320617676,0.9561359286308289,0.0,0.0,0.0,0.0,1.0
SNPT-070,7,26,0,313.0,18.675107955932617,-0.4225728511810303,-18.670326232910156,1.6905525922775269,0.7872095108032227,0.9417865872383118,0.0,1.0,1.0,0.0,1.0
SNPT-065,2,36,0,242.0,142.66009521484375,-1.3082165718078613,-142.6540985107422,0.534187912940979,0.7612543106079102,0.9733362197875977,0.0,0.0,0.0,1.0,1.0
SNPT-064,20,28,0,141.0,933.862548828125,-927.544921875,-108.4421157836914,1.8252326250076294,0.7418344020843506,0.9416272044181824,0.0,0.0,0.0,0.0,1.0
SNPT-060,12,25,0,197.0,84.92603302001953,-3.4278740882873535,84.85681915283203,0.8719351887702942,0.7387967109680176,0.9696059823036194,0.0,1.0,1.0,0.0,1.0
SNPT-099,1,19,0,301.0,61.83540344238281,2.5065579414367676,-61.78458023071289,1.158687949180603,0.7063822150230408,0.9191010594367981,0.0,1.0,1.0,0.0,1.0
SNPT-076,13,25,1,72.0,46.62074661254883,13.19775104522705,-44.71368408203125,1.041800618171692,0.9391955733299255,0.9753260612487793,0.0,0.0,0.0,1.0,1.0
SNPT-073,11,33,0,461.0,1901.48828125,-1900.8118896484375,50.715660095214844,0.8409296274185181,0.7587820887565613,0.9625559449195862,0.0,0.0,0.0,1.0,1.0
SNPT-105,15,26,0,101.0,1371.6519775390625,-1369.0107421875,-85.08018493652344,1.0961682796478271,0.6455342173576355,0.9512116312980652,0.0,0.0,0.0,0.0,1.0
SNPT-102,6,27,0,467.0,164.0380401611328,-0.7309702038764954,-164.03640747070312,1.2278964519500732,0.6376194953918457,0.8911411762237549,0.0,0.0,0.0,0.0,1.0
SNPT-060,5,25,1,269.0,46.726470947265625,-0.617290198802948,46.72239685058594,1.209468126296997,0.9131767749786377,0.9892398715019226,0.0,0.0,0.0,1.0,1.0
SNPT-111,41,27,0,138.0,108.48482513427734,8.045793533325195,108.18605041503906,1.0432716608047485,0.6570180654525757,0.9182678461074829,0.0,0.0,0.0,0.0,1.0
SNPT-159,21,39,0,315.0,1903.9361572265625,1902.42431640625,-75.85725402832031,0.9445029497146606,0.4820507764816284,0.9122320413589478,0.0,0.0,0.0,0.0,1.0
SNPT-162,14,36,0,312.0,1909.7845458984375,1877.427734375,350.06005859375,0.9575627446174622,0.6145651340484619,0.942101776599884,0.0,1.0,0.0,0.0,1.0
SNPT-101,4,36,0,371.0,1959.8668212890625,-1893.0010986328125,507.5676574707031,0.639670193195343,0.7828006744384766,0.9764395356178284,0.0,1.0,0.0,1.0,1.0
SNPT-074,24,26,0,20.0,1829.2730712890625,-1825.71435546875,114.04873657226562,1.0711922645568848,0.6815965175628662,0.8884981870651245,0.0,0.0,0.0,0.0,1.0
SNPT-071,2,21,0,20.0,815.3992919921875,793.1026000976562,-189.37843322753906,1.1262356042861938,0.8959650993347168,0.936339795589447,0.0,1.0,1.0,1.0,0.0
SNPT-114,14,27,0,70.0,1928.2034912109375,1893.5184326171875,364.0832824707031,0.631427526473999,0.8615617752075195,0.8394245505332947,0.0,0.0,0.0,1.0,1.0
SNPT-159,17,25,0,128.0,1909.600341796875,-1907.608642578125,-87.1922836303711,1.6460946798324585,0.5625585317611694,0.8781002759933472,1.0,0.0,1.0,0.0,1.0
SNPT-160,9,24,1,322.0,120.48217010498047,22.906858444213867,-118.2845230102539,1.691660761833191,0.9056698679924011,0.931212306022644,1.0,0.0,1.0,1.0,1.0
SNPT-158,4,30,0,202.0,1380.7567138671875,-1271.570556640625,538.1423950195312,1.0057852268218994,0.6390173435211182,0.9054784774780273,0.0,0.0,0.0,0.0,1.0
SNPT-102,14,22,0,72.0,387.20660400390625,13.610280990600586,386.9673156738281,0.2678029239177704,0.49666547775268555,0.8924424648284912,0.0,0.0,0.0,0.0,1.0
SNPT-068,18,36,0,359.0,1924.30615234375,1896.1396484375,-328.0374450683594,1.0468801259994507,0.7886730432510376,0.8955719470977783,0.0,0.0,0.0,0.0,1.0
SNPT-060,13,33,0,159.0,397.52374267578125,22.620712280273438,396.879638671875,0.40960410237312317,0.7577407956123352,0.9248447418212891,0.0,0.0,0.0,0.0,1.0
SNPT-075,28,23,0,122.0,83.03189849853516,-6.660964488983154,-82.76428985595703,1.1108201742172241,0.7966396808624268,0.9927061796188354,0.0,0.0,0.0,1.0,1.0
SNPT-154,49,31,0,26.0,1888.4287109375,-1880.90869140625,168.36033630371094,0.8259185552597046,0.7642358541488647,0.9398223161697388,0.0,1.0,1.0,0.0,1.0
SNPT-151,1,29,0,365.0,1010.3569946289062,943.6526489257812,-361.0275573730469,1.3755522966384888,0.8050808310508728,0.8922637104988098,0.0,1.0,0.0,1.0,1.0
SNPT-074,2,23,0,32.0,158.03562927246094,12.21130657196045,-157.56314086914062,1.0380406379699707,0.7258630394935608,0.9579542875289917,0.0,0.0,0.0,0.0,1.0
SNPT-102,20,28,1,396.0,147.2738800048828,2.821964979171753,147.24684143066406,0.8640926480293274,0.9366510510444641,0.9661149382591248,1.0,0.0,1.0,1.0,1.0
SNPT-103,28,29,0,42.0,101.27977752685547,2.0417110919952393,-101.25919342041016,1.444952368736267,0.6400989890098572,0.8321260809898376,1.0,0.0,1.0,0.0,1.0
SNPT-162,14,29,0,270.0,1913.55029296875,1875.427734375,380.06005859375,0.8031865954399109,0.6917718648910522,0.9349202513694763,0.0,0.0,0.0,0.0,1.0
SNPT-154,53,34,1,29.0,7.050663471221924,-5.340988636016846,4.602792263031006,1.2550033330917358,0.9489282369613647,0.9883058071136475,0.0,0.0,0.0,1.0,1.0
SNPT-099,7,26,1,232.0,463.2028503417969,-2.3941872119903564,463.1966552734375,0.7375088930130005,0.8860400915145874,0.975351870059967,1.0,0.0,1.0,1.0,1.0
SNPT-066,29,39,1,64.0,126.592041015625,7.968784809112549,-126.34098052978516,0.8010748624801636,0.9770693778991699,0.995410144329071,1.0,0.0,1.0,1.0,1.0
SNPT-160,6,16,0,54.0,1898.659912109375,-1898.6239013671875,11.684267044067383,0.9342191815376282,0.7213433980941772,0.9623027443885803,0.0,0.0,0.0,0.0,1.0
SNPT-060,11,31,0,503.0,1859.2591552734375,-1859.2562255859375,3.253570318222046,1.137325644493103,0.8461756110191345,0.9678519368171692,0.0,0.0,0.0,0.0,1.0
SNPT-071,5,26,0,178.0,1006.318603515625,-1005.3207397460938,-44.803375244140625,0.8800085186958313,0.831558883190155,0.9116449356079102,0.0,0.0,0.0,1.0,1.0
SNPT-060,1,24,0,210.0,566.7900390625,11.120283126831055,-566.680908203125,2.3796298503875732,0.7312914133071899,0.9205576777458191,0.0,0.0,0.0,0.0,1.0
SNPT-167,32,17,0,227.0,54.46033477783203,-2.7514548301696777,-54.390785217285156,1.0514801740646362,0.6315765380859375,0.9398730993270874,0.0,1.0,1.0,0.0,1.0
SNPT-067,17,34,0,240.0,494.5873107910156,44.34852600097656,492.594970703125,0.5342725515365601,0.7965924739837646,0.9699689745903015,0.0,0.0,0.0,1.0,1.0
SNPT-162,11,42,1,25.0,1907.46044921875,1903.7579345703125,118.78866577148438,0.9307878017425537,0.8588053584098816,0.9559019207954407,0.0,1.0,0.0,1.0,1.0
SNPT-098,5,12,1,78.0,60.471553802490234,-15.881671905517578,58.34878921508789,0.7587609887123108,0.9464881420135498,0.9633660316467285,1.0,0.0,1.0,1.0,1.0
SNPT-153,5,26,0,343.0,1897.6112060546875,1867.2093505859375,-338.315673828125,1.3571687936782837,0.7268569469451904,0.8845565915107727,0.0,1.0,1.0,0.0,1.0
SNPT-154,15,54,1,143.0,27.515485763549805,2.854093074798584,27.367061614990234,1.1889777183532715,0.9482908248901367,0.9711474776268005,1.0,0.0,1.0,1.0,1.0
SNPT-068,37,24,1,39.0,46.085975646972656,5.575347900390625,45.74748611450195,1.1248630285263062,0.9595504999160767,0.9557778835296631,0.0,0.0,0.0,1.0,1.0
SNPT-114,10,19,0,155.0,104.2335433959961,-18.02723503112793,-102.66280364990234,1.1560357809066772,0.7789402008056641,0.9289617538452148,0.0,0.0,0.0,1.0,1.0
SNPT-169,3,44,0,424.0,148.87269592285156,-5.765981197357178,-148.760986328125,1.1345617771148682,0.8301851749420166,0.9644456505775452,0.0,0.0,0.0,1.0,1.0
SNPT-064,9,29,1,125.0,57.47639465332031,54.242923736572266,-19.0063419342041,1.6037110090255737,0.9183984994888306,0.9782216548919678,0.0,0.0,0.0,1.0,1.0
SNPT-073,18,32,0,475.0,1893.642822265625,-1893.453125,26.802156448364258,1.0114330053329468,0.8192468285560608,0.9625819325447083,0.0,0.0,0.0,0.0,1.0
SNPT-108,13,37,0,345.0,199.41635131835938,9.128515243530273,199.20730590820312,0.795990526676178,0.5820401906967163,0.9458040595054626,0.0,0.0,0.0,1.0,1.0
SNPT-163,40,14,1,1.0,45.6012077331543,-45.6009635925293,-0.14934831857681274,0.9975816011428833,0.8172459602355957,0.9425481557846069,0.0,0.0,0.0,1.0,1.0
SNPT-063,11,31,1,93.0,54.658321380615234,-2.059502124786377,54.6195068359375,1.0079532861709595,0.9714325666427612,0.994226336479187,1.0,0.0,0.0,1.0,1.0
SNPT-113,16,29,0,336.0,470.26556396484375,-21.788265228271484,469.7605285644531,0.5018643736839294,0.7918072938919067,0.9387434720993042,0.0,1.0,1.0,1.0,1.0
SNPT-070,7,28,1,331.0,71.85971069335938,2.0774271488189697,71.82967376708984,1.501934289932251,0.8814282417297363,0.9747676253318787,1.0,0.0,1.0,1.0,1.0
SNPT-169,40,42,1,68.0,1093.2076416015625,1090.1014404296875,82.35057067871094,1.3014637231826782,0.8826733231544495,0.9787150621414185,0.0,0.0,0.0,1.0,1.0
SNPT-107,16,34,0,274.0,122.44022369384766,24.500782012939453,119.96382141113281,0.5245945453643799,0.7058830261230469,0.969714343547821,0.0,0.0,0.0,1.0,1.0
SNPT-068,3,34,0,645.0,525.1534423828125,-6.342583656311035,-525.1151733398438,1.0654544830322266,0.7133135795593262,0.9311899542808533,0.0,0.0,0.0,0.0,1.0
SNPT-115,19,23,0,129.0,115.94306945800781,-4.7540812492370605,-115.8455581665039,1.5852556228637695,0.6807003021240234,0.869886577129364,0.0,1.0,1.0,0.0,1.0
SNPT-151,1,35,0,423.0,952.5989379882812,-947.8473510742188,-95.02755737304688,0.8656902313232422,0.8004543781280518,0.9013780951499939,0.0,1.0,1.0,1.0,1.0
SNPT-156,7,24,0,131.0,23.83878517150879,-3.0896363258361816,23.637720108032227,0.9689517617225647,0.7412427663803101,0.9087466597557068,0.0,0.0,0.0,1.0,1.0
SNPT-062,17,23,0,383.0,1896.539794921875,-1896.4891357421875,-13.861401557922363,1.2724472284317017,0.756342351436615,0.9466627836227417,0.0,0.0,0.0,1.0,1.0
SNPT-170,38,8,0,119.0,319.60504150390625,-1.0579252243041992,-319.6033020019531,0.7338870763778687,0.619276225566864,0.8968204259872437,0.0,0.0,0.0,0.0,1.0
SNPT-154,10,26,0,96.0,85.30917358398438,23.386659622192383,82.04095458984375,0.880341112613678,0.9046003818511963,0.9835236668586731,0.0,1.0,1.0,1.0,1.0
SNPT-099,9,24,0,107.0,590.2217407226562,-304.452880859375,505.6383056640625,0.6737635135650635,0.6909425258636475,0.7516994476318359,0.0,0.0,0.0,0.0,1.0
SNPT-170,36,33,0,284.0,75.19271850585938,-1.4056308269500732,75.17957305908203,0.5684886574745178,0.6339056491851807,0.9318328499794006,0.0,0.0,0.0,0.0,1.0
SNPT-063,20,32,0,191.0,171.4451446533203,-3.2915122509002686,-171.41354370117188,1.1122668981552124,0.8787865042686462,0.9928230047225952,0.0,0.0,0.0,1.0,1.0
SNPT-102,20,23,0,233.0,108.78976440429688,2.821964979171753,-108.75315856933594,1.195700764656067,0.9337701797485352,0.9127240777015686,0.0,1.0,1.0,1.0,1.0
SNPT-100,2,21,1,67.0,46.98004150390625,0.8952904343605042,-46.97150802612305,0.9102521538734436,0.9749797582626343,0.9784794449806213,0.0,0.0,0.0,1.0,1.0
SNPT-072,17,21,1,90.0,19.08433723449707,-1.3660902976989746,-19.035381317138672,1.096885323524475,0.961056113243103,0.9601341485977173,1.0,0.0,1.0,1.0,1.0
SNPT-069,9,24,0,220.0,20.963369369506836,-3.8970131874084473,20.597965240478516,0.7836036682128906,0.8261524438858032,0.9890314936637878,0.0,1.0,1.0,1.0,1.0
SNPT-063,22,40,0,33.0,1876.537353515625,1870.095458984375,-155.3560028076172,1.1523985862731934,0.8089944124221802,0.9734851121902466,0.0,1.0,0.0,1.0,1.0
SNPT-064,17,29,0,90.0,302.33984375,-4.4380950927734375,-302.3072814941406,2.072901487350464,0.7793687582015991,0.9590704441070557,0.0,0.0,0.0,0.0,1.0
SNPT-163,14,33,1,277.0,151.95864868164062,-124.08500671386719,87.7174072265625,0.9849927425384521,0.8283735513687134,0.9828011989593506,0.0,0.0,0.0,1.0,1.0
SNPT-166,14,22,0,350.0,1914.866455078125,1903.6785888671875,206.69076538085938,0.5981015563011169,0.6973711848258972,0.927224338054657,0.0,0.0,0.0,0.0,1.0
SNPT-101,33,38,0,94.0,150.57479858398438,-11.077717781066895,150.166748046875,0.9219580888748169,0.8552695512771606,0.9280670285224915,0.0,1.0,1.0,1.0,1.0
SNPT-167,32,10,0,191.0,64.15084838867188,-5.775979995727539,-63.89029312133789,1.0333611965179443,0.5628783106803894,0.925920307636261,0.0,1.0,1.0,0.0,1.0
SNPT-169,8,19,1,141.0,213.89987182617188,-0.21105241775512695,-213.89976501464844,1.221679925918579,0.932702898979187,0.9898498058319092,0.0,0.0,0.0,1.0,1.0
SNPT-163,41,36,0,19.0,1893.30615234375,-1890.8778076171875,95.86075592041016,0.9546103477478027,0.8898600935935974,0.9817375540733337,0.0,1.0,1.0,1.0,1.0
SNPT-101,18,34,0,30.0,1843.997314453125,1843.993896484375,3.604127883911133,1.0977131128311157,0.9325693845748901,0.9866195321083069,0.0,1.0,0.0,1.0,1.0
SNPT-162,44,23,0,10.0,469.2131042480469,-43.5516242980957,-467.1875305175781,0.5107287168502808,0.7772773504257202,0.9327763915061951,0.0,0.0,0.0,0.0,0.0
SNPT-159,1,29,1,334.0,3.5941343307495117,-1.0967077016830444,-3.4227230548858643,1.3208855390548706,0.8626405000686646,0.9396711587905884,0.0,0.0,0.0,0.0,0.0
SNPT-105,37,16,0,505.0,1911.5120849609375,-1893.1993408203125,263.9601135253906,1.4878246784210205,0.7455880641937256,0.9606119990348816,0.0,0.0,0.0,1.0,1.0
SNPT-060,18,39,1,272.0,36.59795379638672,5.50769567489624,36.181148529052734,0.9360441565513611,0.9271823167800903,0.9527445435523987,0.0,0.0,0.0,1.0,1.0
SNPT-170,37,33,0,348.0,104.44739532470703,1.4967677593231201,104.43667602539062,0.7294570803642273,0.7078545093536377,0.9309220910072327,0.0,0.0,0.0,0.0,0.0
SNPT-068,24,26,1,91.0,51.374935150146484,7.4265313148498535,50.835330963134766,0.9173864126205444,0.9492600560188293,0.9408127665519714,0.0,0.0,0.0,1.0,1.0
SNPT-071,4,23,1,128.0,31.011327743530273,25.71039390563965,-17.340070724487305,0.6541146039962769,0.9548097848892212,0.9828789234161377,1.0,0.0,1.0,1.0,1.0
SNPT-164,15,31,0,327.0,1405.554443359375,-1272.4190673828125,597.1038818359375,0.5404785871505737,0.7134450674057007,0.9352320432662964,0.0,0.0,0.0,0.0,1.0
SNPT-164,29,32,0,17.0,1919.09765625,-1892.150390625,320.4728088378906,0.5014761686325073,0.6761146783828735,0.88956218957901,0.0,0.0,0.0,1.0,1.0
SNPT-110,39,42,1,1.0,30.271408081054688,-10.572759628295898,28.365028381347656,0.8107450604438782,0.7658387422561646,0.8281030058860779,0.0,0.0,0.0,0.0,1.0
SNPT-098,7,25,0,292.0,136.63734436035156,3.074923515319824,136.6027374267578,0.4699724614620209,0.794155478477478,0.9355064630508423,0.0,0.0,0.0,1.0,1.0
SNPT-159,8,46,0,238.0,146.70704650878906,0.9758786559104919,-146.70379638671875,1.2022699117660522,0.7499495148658752,0.9324833750724792,0.0,0.0,0.0,0.0,1.0
SNPT-073,21,23,0,25.0,1906.6533203125,1906.5751953125,-17.25894546508789,0.7985204458236694,0.6973915100097656,0.9431500434875488,0.0,0.0,0.0,0.0,0.0
SNPT-063,14,31,0,370.0,1900.3348388671875,1899.7708740234375,-46.29485321044922,1.0895159244537354,0.8165115118026733,0.9661665558815002,0.0,1.0,0.0,0.0,1.0
SNPT-156,1,24,0,439.0,1890.6263427734375,1889.9427490234375,-50.836692810058594,0.9243459701538086,0.6977900862693787,0.9021708965301514,0.0,0.0,0.0,1.0,1.0
SNPT-151,1,23,0,337.0,1129.0057373046875,945.1526489257812,-617.527587890625,1.6267518997192383,0.7366318702697754,0.8333219289779663,0.0,1.0,0.0,0.0,1.0
SNPT-162,1,33,0,239.0,24.15021514892578,-7.52748966217041,22.94710922241211,1.9905916452407837,0.6901164054870605,0.8832879066467285,0.0,0.0,0.0,0.0,1.0
SNPT-170,8,33,0,350.0,90.89888763427734,-2.0663747787475586,-90.87539672851562,0.9482510089874268,0.7025604248046875,0.8794690370559692,0.0,0.0,0.0,0.0,1.0
SNPT-159,23,46,0,237.0,143.560791015625,-1.5448009967803955,-143.552490234375,1.357587456703186,0.6742622256278992,0.9324731826782227,0.0,0.0,0.0,0.0,1.0
SNPT-157,6,27,1,117.0,98.11128997802734,14.1336088180542,-97.08792877197266,0.8459326028823853,0.9673516750335693,0.9905306696891785,0.0,0.0,0.0,1.0,1.0
SNPT-114,6,20,1,156.0,55.533355712890625,10.287091255187988,-54.57223892211914,1.111648440361023,0.8842134475708008,0.9472867250442505,0.0,0.0,0.0,1.0,1.0
SNPT-101,1,35,0,221.0,1889.2801513671875,1888.8636474609375,-39.67039489746094,1.4110766649246216,0.741762638092041,0.9274303913116455,0.0,0.0,0.0,1.0,1.0
SNPT-066,21,26,0,97.0,786.943359375,-786.4346923828125,28.28924560546875,0.8613158464431763,0.8761887550354004,0.9760193824768066,0.0,0.0,0.0,1.0,1.0
SNPT-098,10,30,0,145.0,88.61910247802734,-1.5992341041564941,88.60466766357422,0.6117972731590271,0.6376687288284302,0.9177628755569458,0.0,1.0,0.0,0.0,1.0
SNPT-170,6,40,0,2.0,1079.9339599609375,-1076.5306396484375,-85.66950988769531,0.9848324656486511,0.6864157915115356,0.9328547716140747,0.0,0.0,0.0,0.0,1.0
SNPT-070,33,24,0,45.0,92.2844467163086,0.6299750208854675,92.28230285644531,0.9092599749565125,0.8030198812484741,0.9616671800613403,0.0,1.0,1.0,0.0,1.0
SNPT-166,21,23,0,8.0,1904.1104736328125,1903.74609375,-37.246212005615234,1.1285847425460815,0.48746684193611145,0.9428194761276245,0.0,0.0,0.0,0.0,0.0
SNPT-105,37,17,0,506.0,1915.6796875,-1902.1265869140625,227.47035217285156,1.3463126420974731,0.6398724317550659,0.897565484046936,0.0,0.0,0.0,0.0,1.0
SNPT-103,5,23,1,93.0,78.5234603881836,-3.457979440689087,-78.4472885131836,1.257426142692566,0.9116712808609009,0.980734646320343,1.0,0.0,1.0,1.0,1.0
SNPT-108,10,31,0,338.0,394.9967346191406,-17.27649688720703,394.6187438964844,0.3174026608467102,0.7003176212310791,0.9137033224105835,0.0,0.0,0.0,1.0,1.0
SNPT-164,9,35,0,256.0,1931.16943359375,1902.4229736328125,-331.9669494628906,1.8959540128707886,0.7781242728233337,0.9299772381782532,0.0,0.0,0.0,1.0,1.0
SNPT-110,40,42,0,89.0,113.61841583251953,-9.859467506408691,-113.1898193359375,1.043265700340271,0.8378340601921082,0.9567257165908813,0.0,1.0,0.0,1.0,1.0
SNPT-169,41,25,0,135.0,45.523807525634766,17.30423355102539,42.106773376464844,1.0529752969741821,0.6704351902008057,0.9456347227096558,0.0,0.0,0.0,0.0,1.0
SNPT-107,6,32,1,352.0,39.4876708984375,19.137195587158203,34.54046630859375,0.5998600125312805,0.8390262126922607,0.988639771938324,0.0,0.0,0.0,1.0,1.0
SNPT-168,18,25,0,357.0,1906.1253662109375,1902.8046875,112.46402740478516,0.71718430519104,0.6262574195861816,0.9040814638137817,0.0,0.0,0.0,0.0,0.0
SNPT-111,2,27,0,348.0,62.41115951538086,13.459443092346191,-60.94256591796875,1.409105896949768,0.6250032186508179,0.856614887714386,0.0,1.0,1.0,0.0,1.0
SNPT-063,49,50,1,50.0,37.56515884399414,-1.376522183418274,37.53993225097656,0.9631984829902649,0.9669511914253235,0.9924275875091553,1.0,0.0,1.0,1.0,1.0
SNPT-114,1,32,0,464.0,1925.190673828125,1886.9342041015625,381.8882141113281,0.8646108508110046,0.6327232122421265,0.8619275093078613,0.0,1.0,1.0,0.0,1.0
SNPT-098,2,35,0,404.0,1904.001708984375,-1902.037841796875,-86.45686340332031,0.8749203085899353,0.5509676337242126,0.8847330808639526,0.0,0.0,0.0,0.0,1.0
SNPT-169,16,31,0,9.0,433.94158935546875,-413.769775390625,130.76649475097656,0.5968034267425537,0.8128340244293213,0.9810739159584045,0.0,0.0,0.0,1.0,1.0
SNPT-076,21,24,1,158.0,32.97745895385742,-0.05047045275568962,-32.977420806884766,0.9088755249977112,0.9390063881874084,0.9915141463279724,0.0,0.0,0.0,1.0,1.0
SNPT-154,10,37,0,284.0,1891.130615234375,1890.38671875,53.040958404541016,0.8982411623001099,0.6863327622413635,0.9282740354537964,0.0,1.0,0.0,0.0,1.0
SNPT-154,11,31,1,160.0,89.87863159179688,7.599191665649414,89.55680084228516,1.0712908506393433,0.9755498170852661,0.9892882704734802,1.0,0.0,1.0,1.0,1.0
SNPT-158,12,37,0,269.0,20.224536895751953,-2.3895070552825928,20.082881927490234,1.1694285869598389,0.729684054851532,0.9253800511360168,0.0,1.0,1.0,0.0,1.0
SNPT-061,11,32,0,75.0,353.1181335449219,-3.3947842121124268,353.1018371582031,0.8899489641189575,0.7572818994522095,0.9661585092544556,0.0,1.0,0.0,0.0,1.0
SNPT-167,30,19,0,270.0,42.07301712036133,18.299835205078125,37.88475799560547,1.1160228252410889,0.708453357219696,0.9202234148979187,0.0,1.0,0.0,0.0,1.0
SNPT-163,13,23,0,171.0,139.4674072265625,0.021879781037569046,139.4674072265625,0.6287976503372192,0.6194025278091431,0.9300378561019897,0.0,1.0,1.0,0.0,1.0
SNPT-064,17,25,1,38.0,207.81631469726562,-1.9380948543548584,-207.80728149414062,1.770177960395813,0.9476108551025391,0.9714298248291016,0.0,0.0,0.0,1.0,1.0
SNPT-061,5,33,0,433.0,187.9957733154297,-13.919353485107422,-187.47976684570312,1.3780139684677124,0.8224442005157471,0.9781801104545593,0.0,0.0,0.0,1.0,1.0
SNPT-109,38,39,1,31.0,66.95211029052734,-1.4693727493286133,-66.93598175048828,1.1207606792449951,0.8850477933883667,0.9719139933586121,0.0,0.0,0.0,1.0,0.0
SNPT-109,14,19,1,16.0,108.54926300048828,-108.37882232666016,-6.080606937408447,0.8577238917350769,0.9084774255752563,0.9305647611618042,0.0,0.0,0.0,1.0,1.0
SNPT-113,35,27,1,194.0,45.420650482177734,-0.07197276502847672,-45.42059326171875,1.205273151397705,0.9230193495750427,0.9696450233459473,0.0,0.0,0.0,1.0,1.0
SNPT-068,12,36,0,152.0,227.87396240234375,2.3928472995758057,-227.8614044189453,0.7503549456596375,0.9402036070823669,0.9547498226165771,0.0,0.0,0.0,1.0,1.0
SNPT-070,10,24,1,107.0,34.21903991699219,1.4634974002838135,-34.18772888183594,1.036297082901001,0.9578069448471069,0.9865524172782898,1.0,0.0,1.0,1.0,1.0
SNPT-114,11,19,1,140.0,22.496294021606445,-18.89828109741211,12.204022407531738,0.908847451210022,0.7975531816482544,0.9554056525230408,0.0,0.0,0.0,1.0,1.0
SNPT-157,4,35,0,347.0,1898.6220703125,1898.5452880859375,17.072418212890625,0.7411295175552368,0.6160995364189148,0.9186946153640747,0.0,1.0,1.0,0.0,1.0
SNPT-158,2,30,0,166.0,1421.5946044921875,-1271.532470703125,635.7173461914062,1.0047343969345093,0.7760583162307739,0.9559051394462585,0.0,0.0,0.0,1.0,1.0
SNPT-066,43,23,0,51.0,216.74868774414062,-116.4935531616211,-182.78196716308594,1.8610414266586304,0.8690512180328369,0.945103645324707,0.0,1.0,1.0,1.0,1.0
SNPT-102,3,32,0,384.0,87.70874786376953,-5.794488906860352,-87.51712799072266,0.9357162117958069,0.6923442482948303,0.878860354423523,0.0,0.0,0.0,0.0,1.0
SNPT-159,51,45,0,264.0,590.6478881835938,574.0848388671875,-138.8939666748047,1.5667897462844849,0.7918621897697449,0.980462908744812,0.0,0.0,0.0,1.0,0.0
SNPT-113,24,28,0,24.0,356.3133850097656,-3.4604570865631104,356.2966003417969,0.5812716484069824,0.6607601642608643,0.8906722068786621,0.0,0.0,0.0,0.0,1.0
SNPT-155,3,23,0,95.0,32.1290397644043,-0.6497863531112671,-32.122467041015625,1.1193671226501465,0.8227772116661072,0.9786058068275452,0.0,1.0,1.0,1.0,1.0
SNPT-168,17,26,1,389.0,107.87120819091797,2.2700698375701904,107.84732055664062,1.2625422477722168,0.7622076272964478,0.940419614315033,0.0,0.0,0.0,1.0,0.0
SNPT-066,9,30,0,150.0,202.61502075195312,-7.575397968292236,-202.47335815429688,1.8159153461456299,0.7781767845153809,0.9766339063644409,0.0,1.0,1.0,1.0,1.0
SNPT-159,6,33,0,101.0,1613.8709716796875,1612.19287109375,-73.57754516601562,1.5699557065963745,0.7369149923324585,0.8216952681541443,0.0,0.0,0.0,1.0,1.0
SNPT-107,14,29,0,637.0,1911.430908203125,-1904.462890625,163.06268310546875,0.5461787581443787,0.727136492729187,0.8789458274841309,0.0,0.0,0.0,0.0,1.0
SNPT-155,8,24,0,194.0,85.12799072265625,-12.706910133361816,84.17427825927734,0.6966955661773682,0.8123047947883606,0.9116405844688416,0.0,1.0,0.0,1.0,0.0
SNPT-076,21,26,0,176.0,44.52484893798828,0.4495295584201813,44.522579193115234,0.7939662933349609,0.7994320392608643,0.9589658379554749,0.0,0.0,0.0,0.0,1.0
SNPT-169,1,27,0,149.0,697.30322265625,-189.63241577148438,-671.0225830078125,2.0114009380340576,0.7242454290390015,0.9129330515861511,0.0,1.0,1.0,0.0,1.0
SNPT-070,5,29,1,454.0,26.68377113342285,-2.4152328968048096,26.574241638183594,1.63005530834198,0.9316182136535645,0.9327172040939331,1.0,0.0,1.0,1.0,1.0
SNPT-160,16,32,0,14.0,1905.5943603515625,1899.7998046875,148.49386596679688,0.9119532108306885,0.7279266715049744,0.9454903602600098,0.0,1.0,1.0,0.0,1.0
SNPT-166,7,30,0,470.0,90.27456665039062,7.211996078491211,-89.98602294921875,0.8755906820297241,0.7480547428131104,0.9219025373458862,0.0,0.0,0.0,0.0,1.0
SNPT-151,3,19,0,157.0,1940.806884765625,-1903.3046875,-379.6872253417969,1.5968401432037354,0.7181362509727478,0.931966245174408,0.0,0.0,0.0,0.0,1.0
SNPT-064,4,32,0,1.0,184.96995544433594,-184.64926147460938,-10.88737678527832,1.9905083179473877,0.8789921402931213,0.9579960107803345,0.0,1.0,1.0,0.0,1.0
SNPT-111,2,19,0,39.0,1844.2783203125,-1843.04052734375,67.55743408203125,1.4316011667251587,0.7113399505615234,0.9686389565467834,0.0,1.0,1.0,1.0,1.0
SNPT-109,35,32,1,441.0,248.91554260253906,5.676264762878418,248.85081481933594,0.6510477662086487,0.825430154800415,0.9631888270378113,1.0,0.0,1.0,1.0,0.0
SNPT-158,4,28,0,177.0,27.772729873657227,-7.070573329925537,-26.857616424560547,0.9540255069732666,0.6242592334747314,0.9304145574569702,0.0,1.0,1.0,0.0,1.0
SNPT-154,51,21,0,14.0,1889.39013671875,1888.969482421875,39.86820602416992,1.2734899520874023,0.8868752717971802,0.9350737929344177,0.0,1.0,0.0,1.0,1.0
SNPT-162,24,35,0,154.0,92.26422882080078,-11.155523300170898,91.58734893798828,1.1327357292175293,0.9242550134658813,0.9830061197280884,0.0,0.0,0.0,1.0,1.0
SNPT-151,2,19,0,67.0,1955.5025634765625,-1902.41748046875,-452.5462341308594,1.9643818140029907,0.7311694622039795,0.8456231355667114,0.0,0.0,0.0,0.0,1.0
SNPT-070,6,28,0,155.0,216.49476623535156,-4.217580795288086,-216.4536895751953,1.9684152603149414,0.9262152910232544,0.9449148774147034,0.0,1.0,1.0,1.0,1.0
SNPT-160,2,16,0,32.0,1884.9693603515625,-1869.256591796875,-242.87721252441406,1.654779076576233,0.7765123844146729,0.8740051984786987,0.0,1.0,1.0,1.0,1.0
SNPT-163,39,35,0,296.0,448.33544921875,-85.81458282470703,440.0460510253906,0.4276070296764374,0.6862359046936035,0.9312233924865723,0.0,1.0,1.0,0.0,1.0
SNPT-167,15,39,0,225.0,69.13939666748047,0.8389251232147217,-69.13430786132812,1.0436923503875732,0.6966623067855835,0.911998450756073,0.0,0.0,0.0,0.0,1.0
SNPT-154,3,47,0,495.0,148.3920135498047,12.03844928741455,147.90289306640625,1.205026388168335,0.6470715403556824,0.9015579223632812,0.0,0.0,0.0,0.0,0.0
SNPT-067,5,29,0,372.0,1907.44580078125,1905.497314453125,-86.1931381225586,1.0564130544662476,0.7884692549705505,0.9732304811477661,0.0,0.0,0.0,1.0,1.0
SNPT-153,11,18,0,6.0,1897.963134765625,1897.2498779296875,52.027584075927734,1.0818541049957275,0.6946640610694885,0.9230973720550537,0.0,0.0,0.0,0.0,0.0
SNPT-114,6,23,0,169.0,84.32506561279297,17.787090301513672,82.4277572631836,0.8082354664802551,0.6364103555679321,0.9049085974693298,0.0,0.0,0.0,0.0,1.0
SNPT-063,4,28,1,194.0,56.118568420410156,-23.54010772705078,-50.942684173583984,1.4468635320663452,0.9436022043228149,0.9903751015663147,1.0,0.0,1.0,1.0,1.0
SNPT-110,44,34,0,198.0,1882.122802734375,1881.663330078125,-41.586280822753906,1.0054073333740234,0.6768385171890259,0.9277160167694092,0.0,1.0,0.0,0.0,1.0
SNPT-154,1,25,0,118.0,113.46697235107422,18.90280532836914,111.88135528564453,0.7940678000450134,0.9253305196762085,0.9760935306549072,0.0,0.0,0.0,1.0,1.0
SNPT-108,5,33,1,656.0,1886.262451171875,1881.7593994140625,130.2595977783203,0.7133942246437073,0.9134299755096436,0.9756495952606201,0.0,0.0,0.0,1.0,1.0
SNPT-162,7,31,1,147.0,36.43296813964844,-2.7875397205352783,36.326171875,1.0408873558044434,0.8854471445083618,0.9502699971199036,0.0,0.0,0.0,1.0,1.0
SNPT-169,10,17,0,96.0,403.45684814453125,134.72225952148438,380.2990417480469,0.9483296275138855,0.7656276226043701,0.9793127179145813,0.0,0.0,0.0,1.0,1.0
SNPT-071,5,21,1,21.0,230.82093811035156,-230.82073974609375,-0.303373783826828,0.8047650456428528,0.9254542589187622,0.9271125793457031,1.0,0.0,1.0,1.0,0.0
SNPT-151,4,26,0,269.0,154.70558166503906,-3.0824437141418457,-154.67486572265625,1.2836116552352905,0.6743065118789673,0.8523960113525391,0.0,0.0,0.0,0.0,1.0
SNPT-162,44,41,0,177.0,528.847412109375,4.107178211212158,528.8314208984375,0.5392098426818848,0.7158240079879761,0.8761547207832336,0.0,0.0,0.0,1.0,0.0
SNPT-063,10,24,0,41.0,153.525390625,1.1011698246002197,153.52145385742188,1.1432466506958008,0.7698974609375,0.9860638976097107,0.0,1.0,0.0,1.0,1.0
SNPT-102,20,29,0,403.0,534.2536010742188,-0.6780350208282471,-534.253173828125,3.0042567253112793,0.6450235843658447,0.8353734612464905,0.0,0.0,0.0,1.0,1.0
SNPT-069,3,24,0,428.0,1890.988037109375,1890.6861572265625,-33.7863655090332,0.827688992023468,0.7444488406181335,0.9853760600090027,0.0,0.0,0.0,1.0,1.0
SNPT-158,30,36,0,5.0,1897.1231689453125,1881.2630615234375,-244.79727172851562,0.7819677591323853,0.683263897895813,0.9082781076431274,0.0,0.0,0.0,0.0,1.0
SNPT-154,12,38,0,267.0,1878.4427490234375,1878.031494140625,39.307762145996094,1.3035084009170532,0.7336717844009399,0.9576532244682312,0.0,0.0,0.0,0.0,0.0
SNPT-063,4,22,0,120.0,78.1697769165039,-20.04010772705078,75.55731964111328,1.1697224378585815,0.8192219734191895,0.9900326132774353,0.0,1.0,1.0,1.0,1.0
SNPT-159,1,25,0,255.0,132.00277709960938,-4.596707820892334,-131.9227294921875,1.537901759147644,0.8092405796051025,0.9431977272033691,0.0,1.0,1.0,1.0,0.0
SNPT-064,20,24,0,1.0,1881.2442626953125,-1879.544921875,-79.9421157836914,1.2837778329849243,0.623875617980957,0.9208701252937317,0.0,0.0,0.0,0.0,0.0
SNPT-073,17,37,0,219.0,148.4668426513672,9.261611938476562,-148.1776885986328,1.2139889001846313,0.7938801050186157,0.9696179628372192,0.0,1.0,1.0,0.0,1.0
SNPT-066,30,38,1,3.0,44.715274810791016,-44.00495529174805,7.938508987426758,0.5929881930351257,0.9089579582214355,0.9673773050308228,0.0,1.0,1.0,1.0,1.0
SNPT-062,30,17,0,529.0,136.17115783691406,-3.4832043647766113,136.12660217285156,1.2849833965301514,0.706452488899231,0.9345186352729797,0.0,0.0,0.0,0.0,1.0
SNPT-063,21,38,0,257.0,405.13336181640625,-14.403199195861816,404.8772277832031,0.585220992565155,0.84122633934021,0.9842743277549744,0.0,1.0,1.0,1.0,1.0
SNPT-074,1,24,0,547.0,1905.064453125,1894.6986083984375,-198.46255493164062,0.699505627155304,0.6313315629959106,0.8838324546813965,0.0,0.0,0.0,0.0,1.0
SNPT-159,9,42,0,568.0,1876.736328125,1861.72216796875,236.91786193847656,0.87754225730896,0.6968204379081726,0.9070497751235962,0.0,1.0,1.0,1.0,1.0
SNPT-109,36,32,1,213.0,198.7605438232422,6.180669784545898,198.66441345214844,0.7602685689926147,0.8171625733375549,0.9656447768211365,0.0,0.0,0.0,1.0,1.0
SNPT-114,21,30,0,59.0,1891.0343017578125,-1890.58544921875,-41.201255798339844,1.0668996572494507,0.6529391407966614,0.9226541519165039,0.0,0.0,0.0,0.0,0.0
SNPT-114,10,23,1,169.0,20.26445770263672,-2.0272347927093506,-20.16280174255371,0.997974157333374,0.9392256736755371,0.8806416392326355,0.0,0.0,0.0,1.0,1.0
SNPT-114,25,31,0,234.0,164.38153076171875,-9.656416893005371,164.09765625,0.6957282423973083,0.7349724769592285,0.8930137157440186,0.0,1.0,1.0,0.0,1.0
SNPT-169,30,37,0,195.0,22.57969856262207,5.291805267333984,-21.950843811035156,1.3214327096939087,0.581706166267395,0.9272240996360779,0.0,0.0,0.0,0.0,0.0
SNPT-102,6,28,0,471.0,366.48846435546875,4.26902961730957,366.4635925292969,0.5924885869026184,0.6190123558044434,0.8803814053535461,0.0,0.0,0.0,0.0,1.0
SNPT-113,15,25,0,131.0,30.112478256225586,0.26883047819137573,30.111278533935547,0.9950488209724426,0.7669786214828491,0.9901279807090759,0.0,0.0,0.0,1.0,1.0
SNPT-161,9,40,0,160.0,4.665134906768799,4.651337146759033,-0.35853463411331177,0.836103618144989,0.8476554155349731,0.9691013097763062,0.0,0.0,0.0,1.0,1.0
SNPT-115,4,24,0,252.0,1903.8201904296875,1896.9365234375,161.75025939941406,1.0942518711090088,0.7027417421340942,0.8502438068389893,0.0,0.0,0.0,0.0,1.0
SNPT-075,29,26,0,323.0,258.5020751953125,0.5042356252670288,258.5015869140625,0.9325876832008362,0.71764075756073,0.921908438205719,0.0,0.0,0.0,1.0,1.0
SNPT-111,23,30,0,386.0,525.1002197265625,1.6895381212234497,525.0975341796875,0.6483746767044067,0.5027761459350586,0.8877501487731934,0.0,0.0,0.0,0.0,0.0
SNPT-159,1,55,0,226.0,1896.8797607421875,1895.6116943359375,-69.34828186035156,1.3252111673355103,0.7526851296424866,0.9291561841964722,0.0,0.0,0.0,1.0,0.0
SNPT-070,1,25,0,396.0,203.92645263671875,-11.597264289855957,203.59642028808594,1.212494134902954,0.7208594083786011,0.9315573573112488,0.0,1.0,1.0,0.0,1.0
SNPT-060,3,28,1,128.0,62.797821044921875,32.363826751708984,53.81588363647461,0.911957323551178,0.9535990357398987,0.9811579585075378,0.0,0.0,0.0,1.0,1.0
SNPT-158,1,36,0,212.0,321.4645080566406,-11.771421432495117,321.2489318847656,0.7224706411361694,0.8692651987075806,0.9771125316619873,0.0,0.0,0.0,1.0,1.0
SNPT-072,15,25,1,181.0,56.04975509643555,2.462864398956299,55.99562072753906,0.9271317720413208,0.9600533246994019,0.9795829057693481,1.0,0.0,1.0,1.0,1.0
SNPT-112,3,16,1,53.0,312.3193054199219,-28.990060806274414,-310.970947265625,1.710544466972351,0.8182158470153809,0.9746277332305908,1.0,0.0,1.0,1.0,1.0
SNPT-106,15,23,0,54.0,84.23867797851562,2.985062837600708,-84.18577575683594,0.9934741258621216,0.9126381874084473,0.9872000217437744,0.0,1.0,0.0,1.0,1.0
SNPT-168,20,26,0,355.0,1908.371826171875,-1905.51513671875,104.37860107421875,0.9448691010475159,0.4878745377063751,0.9512418508529663,0.0,0.0,0.0,1.0,1.0
SNPT-162,24,37,0,157.0,157.59158325195312,-1.1555235385894775,157.58734130859375,0.9103308320045471,0.7821025848388672,0.9756782054901123,0.0,0.0,0.0,1.0,1.0
SNPT-110,40,23,0,81.0,113.55342864990234,-18.63039207458496,-112.01468658447266,1.0593231916427612,0.7269511222839355,0.9219018816947937,0.0,1.0,0.0,0.0,1.0
SNPT-153,1,26,0,269.0,1873.9818115234375,1871.0955810546875,-103.96762084960938,1.2526960372924805,0.7621889114379883,0.8845565319061279,0.0,1.0,1.0,0.0,1.0
SNPT-102,13,30,0,302.0,373.8316345214844,7.887155055999756,373.7484130859375,0.38434481620788574,0.452284574508667,0.8588652014732361,0.0,0.0,0.0,0.0,1.0
SNPT-169,41,36,0,396.0,254.20863342285156,-7.195766925811768,254.10678100585938,0.7227393388748169,0.7652708292007446,0.9524537324905396,0.0,0.0,0.0,1.0,1.0
SNPT-111,1,20,0,155.0,856.5941772460938,-619.811279296875,-591.2593383789062,0.26068535447120667,0.6011843085289001,0.8737649321556091,0.0,0.0,0.0,0.0,1.0
SNPT-154,4,35,0,248.0,1892.27978515625,1879.877197265625,216.29718017578125,1.084763765335083,0.7807244658470154,0.9439395666122437,0.0,1.0,1.0,0.0,1.0
SNPT-071,24,29,1,93.0,22.79143524169922,21.48459815979004,-7.606682300567627,0.8851566910743713,0.9374498128890991,0.9804141521453857,1.0,0.0,1.0,1.0,1.0
SNPT-071,13,26,0,158.0,778.7764892578125,-778.26904296875,-28.109832763671875,0.8795642256736755,0.7954651117324829,0.981657862663269,0.0,0.0,0.0,0.0,0.0
SNPT-105,19,22,0,101.0,266.8200988769531,-0.35125455260276794,-266.8198547363281,0.9979212284088135,0.6239486932754517,0.8998143076896667,0.0,0.0,0.0,0.0,1.0
SNPT-065,9,31,1,143.0,28.77174186706543,-7.493655204772949,27.778738021850586,0.7794753909111023,0.9417912364006042,0.9758948087692261,1.0,0.0,0.0,1.0,1.0
SNPT-070,11,22,0,34.0,1902.8997802734375,1902.5128173828125,38.377281188964844,1.2253679037094116,0.6667046546936035,0.9258606433868408,0.0,0.0,0.0,1.0,0.0
SNPT-108,14,37,0,320.0,186.66871643066406,4.71142578125,186.6092529296875,0.7792350053787231,0.6291932463645935,0.8959234356880188,0.0,0.0,0.0,0.0,1.0
SNPT-109,21,31,0,253.0,1897.1690673828125,-1895.5498046875,-78.36528015136719,1.0229008197784424,0.7244312763214111,0.9858413338661194,0.0,1.0,1.0,1.0,1.0
SNPT-072,15,31,0,499.0,1904.4124755859375,-1902.537109375,84.49562072753906,0.8230040669441223,0.7539710998535156,0.9338515996932983,0.0,1.0,1.0,0.0,1.0
SNPT-106,10,17,0,91.0,170.84384155273438,-4.255471229553223,170.7908477783203,0.9102047681808472,0.6632049083709717,0.9088587760925293,0.0,0.0,0.0,0.0,1.0
SNPT-151,1,34,1,378.0,1014.7429809570312,945.6526489257812,-368.0275573730469,1.2941405773162842,0.7744039297103882,0.8837002515792847,1.0,0.0,1.0,1.0,1.0
SNPT-099,11,24,1,141.0,417.7790222167969,-326.81243896484375,260.2555236816406,0.7927485704421997,0.9061800241470337,0.860991358757019,1.0,0.0,1.0,1.0,1.0
SNPT-165,15,30,1,259.0,390.6736145019531,-6.1283392906188965,390.62554931640625,0.5842293500900269,0.8593740463256836,0.9625240564346313,1.0,0.0,1.0,1.0,1.0
SNPT-165,7,25,0,17.0,1874.75732421875,1874.7327880859375,9.60165786743164,0.905999481678009,0.681442379951477,0.8898906111717224,0.0,0.0,0.0,0.0,0.0
SNPT-107,12,35,1,387.0,159.6302947998047,15.59240436553955,158.86695861816406,0.8418238162994385,0.8250417113304138,0.9703533053398132,0.0,1.0,1.0,1.0,0.0
SNPT-108,9,17,0,122.0,90.45162963867188,7.908153533935547,90.10526275634766,0.5203035473823547,0.5375450849533081,0.9035964608192444,0.0,0.0,0.0,0.0,1.0
SNPT-108,3,15,0,69.0,204.76449584960938,11.833608627319336,-204.42225646972656,1.1745023727416992,0.8257985711097717,0.9729239344596863,0.0,0.0,0.0,1.0,1.0
SNPT-159,24,42,1,187.0,127.31069946289062,-30.250398635864258,123.6645736694336,1.1007624864578247,0.7854827046394348,0.9356116652488708,1.0,0.0,1.0,1.0,1.0
SNPT-109,14,21,0,81.0,704.659912109375,651.1211547851562,269.4194030761719,0.6640720367431641,0.7132171392440796,0.8644793629646301,0.0,0.0,0.0,0.0,1.0
SNPT-155,6,19,0,106.0,518.0065307617188,145.2191925048828,497.2345275878906,1.304593563079834,0.6643390655517578,0.8078469038009644,0.0,1.0,0.0,0.0,1.0
SNPT-110,45,23,0,62.0,41.600284576416016,-0.2166929692029953,41.5997200012207,0.6929608583450317,0.6884326934814453,0.9330095648765564,0.0,0.0,0.0,0.0,1.0
SNPT-113,36,29,0,364.0,335.66729736328125,-19.480478286743164,335.1015319824219,0.22326774895191193,0.6876388788223267,0.8629525303840637,0.0,0.0,0.0,0.0,1.0
SNPT-107,10,27,0,46.0,97.92603302001953,13.144993782043457,97.0397720336914,0.5333064794540405,0.6266031265258789,0.915572464466095,0.0,0.0,0.0,0.0,1.0
SNPT-169,9,27,0,157.0,235.6819305419922,199.97447204589844,-124.72442626953125,1.28211510181427,0.9055301547050476,0.9899766445159912,0.0,1.0,1.0,1.0,0.0
SNPT-170,38,34,1,170.0,22.295366287231445,4.344208717346191,-21.868040084838867,1.7619255781173706,0.6907803416252136,0.9473434686660767,0.0,0.0,0.0,1.0,1.0
SNPT-112,5,26,0,419.0,1660.28466796875,1633.3612060546875,297.7851867675781,0.6905936598777771,0.614345371723175,0.9065532684326172,0.0,0.0,0.0,0.0,1.0
SNPT-101,44,39,0,446.0,1903.5059814453125,-1902.9710693359375,45.1209602355957,0.8355647325515747,0.6071600914001465,0.9244043231010437,0.0,0.0,0.0,0.0,1.0
SNPT-073,2,24,0,83.0,159.45565795898438,-6.487059593200684,159.32363891601562,0.6353873014450073,0.8587864637374878,0.9725275039672852,0.0,0.0,0.0,1.0,1.0
SNPT-166,6,24,1,69.0,53.829532623291016,-2.1901776790618896,-53.78495788574219,0.9259808659553528,0.8801544308662415,0.9780049324035645,0.0,0.0,0.0,1.0,1.0
SNPT-111,33,29,0,319.0,281.232421875,-1.1094285249710083,281.230224609375,0.7343752384185791,0.6474451422691345,0.9140279293060303,0.0,1.0,1.0,0.0,1.0
SNPT-164,1,23,1,68.0,46.772735595703125,-2.5854623317718506,46.70122528076172,1.0437413454055786,0.8530791997909546,0.9913361072540283,1.0,0.0,1.0,1.0,1.0
SNPT-166,17,24,0,82.0,285.2770080566406,0.018943872302770615,-285.2770080566406,1.906247615814209,0.6832180023193359,0.9129953384399414,0.0,0.0,0.0,0.0,1.0
SNPT-164,19,26,0,83.0,260.9678649902344,-9.270028114318848,260.80316162109375,0.7270071506500244,0.7085741758346558,0.9130279421806335,0.0,0.0,0.0,0.0,1.0
SNPT-151,11,24,0,348.0,236.573486328125,-2.6332714557647705,-236.55882263183594,1.9279922246932983,0.7632744312286377,0.9432057738304138,0.0,0.0,0.0,1.0,1.0
SNPT-114,11,18,0,139.0,25.787866592407227,-8.898282051086426,24.204021453857422,0.7611932158470154,0.6161715984344482,0.8882002830505371,0.0,0.0,0.0,0.0,1.0
SNPT-103,29,5,0,77.0,93.10274505615234,-2.872252941131592,-93.05842590332031,0.84067702293396,0.6869568824768066,0.9107807278633118,0.0,1.0,1.0,0.0,1.0
SNPT-163,39,26,0,174.0,1799.3614501953125,1798.1854248046875,65.04605102539062,0.9176793098449707,0.6828417181968689,0.9213323593139648,0.0,0.0,0.0,0.0,1.0
SNPT-101,1,26,0,8.0,1891.4903564453125,1889.3636474609375,-89.67039489746094,1.3790102005004883,0.6959731578826904,0.9624342918395996,0.0,1.0,0.0,1.0,1.0
SNPT-068,12,34,1,149.0,361.8614196777344,-0.10715265572071075,-361.86138916015625,0.8158204555511475,0.8872083425521851,0.9832990169525146,0.0,0.0,0.0,1.0,1.0
SNPT-113,36,27,0,149.0,39.41165542602539,1.019521713256836,-39.398468017578125,0.42695778608322144,0.6260330080986023,0.9037081599235535,0.0,0.0,0.0,0.0,1.0
SNPT-169,23,32,1,1.0,105.60016632080078,102.88682556152344,23.784345626831055,0.7316009402275085,0.7923842072486877,0.9379494190216064,0.0,0.0,0.0,0.0,0.0
SNPT-163,4,38,1,340.0,179.64712524414062,-0.2618027627468109,179.64694213867188,0.6889983415603638,0.8515077829360962,0.9593266844749451,1.0,0.0,1.0,1.0,0.0
SNPT-115,1,25,0,168.0,1943.5487060546875,1896.9117431640625,-423.2108154296875,2.3501181602478027,0.6545299291610718,0.8300036787986755,0.0,1.0,0.0,1.0,1.0
SNPT-154,50,54,0,144.0,227.79225158691406,28.67868995666504,225.979736328125,0.7297779321670532,0.7412093281745911,0.936857283115387,0.0,0.0,0.0,1.0,0.0
SNPT-061,12,30,0,164.0,421.4582214355469,-23.925125122070312,420.778564453125,0.8460573554039001,0.8776617646217346,0.9699088335037231,0.0,1.0,1.0,0.0,1.0
SNPT-101,8,33,1,355.0,196.3327178955078,1.6386905908584595,196.3258819580078,0.892515242099762,0.8530915975570679,0.9473854303359985,0.0,0.0,0.0,1.0,1.0
SNPT-068,6,31,0,8.0,1892.4208984375,-1891.2435302734375,66.74479675292969,0.9090661406517029,0.8186230659484863,0.9658337831497192,0.0,1.0,1.0,0.0,1.0
SNPT-075,23,25,0,117.0,80.73627471923828,3.9211690425872803,80.64099884033203,1.2711769342422485,0.7836930155754089,0.927481472492218,0.0,0.0,0.0,1.0,1.0
SNPT-109,19,32,0,426.0,261.9002685546875,-97.3359146118164,243.14085388183594,0.6540369987487793,0.7059684991836548,0.9213918447494507,0.0,0.0,0.0,0.0,1.0
SNPT-154,50,42,1,314.0,1857.678466796875,-1856.2091064453125,73.87150573730469,0.9161962270736694,0.7126773595809937,0.9449131488800049,0.0,0.0,0.0,1.0,0.0
SNPT-101,11,35,0,295.0,112.72562408447266,5.4922356605529785,112.59175109863281,0.8138723969459534,0.694808840751648,0.9503844380378723,0.0,0.0,0.0,0.0,1.0
SNPT-063,8,42,0,101.0,79.48687744140625,-1.169456124305725,79.478271484375,0.8372572660446167,0.7887021899223328,0.9798163771629333,0.0,0.0,0.0,1.0,1.0
SNPT-066,46,27,1,32.0,110.62989044189453,4.585412502288818,110.53482055664062,1.7030088901519775,0.9461342096328735,0.9894315004348755,1.0,0.0,1.0,1.0,1.0
SNPT-075,1,25,0,148.0,349.6514892578125,-9.288705825805664,-349.528076171875,1.8920352458953857,0.8263756036758423,0.9645216464996338,0.0,1.0,1.0,1.0,1.0
SNPT-066,50,41,1,163.0,106.6353530883789,-5.7684478759765625,-106.47921752929688,0.9380799531936646,0.9569470286369324,0.9916509389877319,1.0,0.0,1.0,1.0,1.0
SNPT-169,41,43,1,135.0,821.7843627929688,814.9642333984375,-105.65416717529297,1.217982292175293,0.8902005553245544,0.9862851500511169,0.0,0.0,0.0,1.0,1.0
SNPT-101,15,31,1,343.0,228.10360717773438,-7.54018497467041,227.9789581298828,0.8886820077896118,0.7956299781799316,0.9693180322647095,0.0,0.0,0.0,1.0,1.0
SNPT-165,7,30,0,259.0,541.8311157226562,-15.7672700881958,541.6016845703125,0.49975505471229553,0.6521105766296387,0.922669529914856,0.0,0.0,0.0,0.0,1.0
SNPT-109,6,28,0,76.0,1898.362060546875,-1886.3028564453125,213.63600158691406,0.6911666989326477,0.7992338538169861,0.991641640663147,0.0,1.0,1.0,1.0,1.0
SNPT-164,2,29,0,42.0,1906.181884765625,1904.737548828125,-74.19190216064453,1.4327950477600098,0.8519690632820129,0.9697362780570984,0.0,0.0,0.0,1.0,1.0
SNPT-098,4,30,0,215.0,68.66789245605469,-7.30734395980835,68.2779769897461,0.6305997967720032,0.8029972314834595,0.9535607099533081,0.0,1.0,1.0,1.0,1.0
SNPT-111,40,43,1,5.0,71.48736572265625,-3.014338254928589,71.42378234863281,2.1052465438842773,0.9394548535346985,0.9878427386283875,0.0,0.0,0.0,1.0,1.0
SNPT-168,14,21,1,99.0,45.37980651855469,-33.91060256958008,30.15622901916504,0.7707412242889404,0.9663159251213074,0.9816809892654419,0.0,0.0,0.0,1.0,1.0
SNPT-154,51,56,1,406.0,59.18251037597656,15.135851860046387,57.21429443359375,1.1680063009262085,0.8838145136833191,0.8939911723136902,0.0,0.0,0.0,1.0,1.0
SNPT-166,10,30,0,330.0,1158.8519287109375,-1040.01171875,-511.18841552734375,1.31442129611969,0.803035318851471,0.9391975402832031,0.0,0.0,0.0,1.0,1.0
SNPT-158,11,32,1,241.0,327.31024169921875,-8.29509162902832,327.2051086425781,0.7460368275642395,0.9373199343681335,0.9870278239250183,1.0,0.0,1.0,1.0,1.0
SNPT-073,19,30,0,323.0,728.1257934570312,682.3185424804688,-254.1822052001953,1.8412494659423828,0.8621033430099487,0.9855111837387085,0.0,0.0,0.0,1.0,1.0
SNPT-115,18,27,0,159.0,352.9630432128906,-3.898874521255493,352.9415283203125,0.737662672996521,0.5083843469619751,0.8900421857833862,0.0,0.0,0.0,0.0,0.0
SNPT-162,10,32,1,160.0,115.27587127685547,-4.920456886291504,115.17081451416016,0.9040937423706055,0.8562796115875244,0.9820476174354553,0.0,1.0,1.0,1.0,1.0
SNPT-067,14,33,0,233.0,176.08389282226562,-8.929437637329102,175.85733032226562,0.8904475569725037,0.7393077611923218,0.9409935474395752,0.0,0.0,0.0,0.0,1.0
SNPT-073,18,21,0,18.0,1908.19189453125,-1905.453125,-102.19784545898438,1.0950592756271362,0.6895477771759033,0.9094440937042236,0.0,0.0,0.0,0.0,0.0
SNPT-153,1,22,0,188.0,1912.9620361328125,1904.0955810546875,-183.96762084960938,1.929007887840271,0.7604613304138184,0.8988075852394104,0.0,1.0,1.0,0.0,1.0
SNPT-063,10,38,0,354.0,1956.995849609375,1887.6011962890625,516.5214233398438,0.5998665690422058,0.7054626941680908,0.9672446250915527,0.0,1.0,0.0,1.0,1.0
SNPT-158,10,34,0,271.0,325.97711181640625,170.3668975830078,277.91400146484375,0.8877453207969666,0.6575485467910767,0.9309874773025513,0.0,1.0,1.0,0.0,1.0
SNPT-157,8,39,1,668.0,63.309139251708984,-7.390246391296387,62.876319885253906,0.5187256336212158,0.7557523846626282,0.9140958189964294,0.0,0.0,0.0,1.0,0.0
SNPT-159,55,46,0,284.0,152.9311981201172,7.591955184936523,-152.7426300048828,1.2659529447555542,0.7646204233169556,0.9766601324081421,0.0,0.0,0.0,1.0,0.0
SNPT-151,15,28,0,311.0,1902.98046875,1902.7445068359375,-29.97005271911621,1.2527364492416382,0.6162500381469727,0.9297545552253723,0.0,0.0,0.0,0.0,1.0
SNPT-065,12,26,0,158.0,1888.65478515625,-1883.223388671875,143.13174438476562,0.5208460092544556,0.8984639048576355,0.955024003982544,0.0,1.0,1.0,1.0,1.0
SNPT-159,1,34,0,367.0,1613.8768310546875,1610.9033203125,-97.92272186279297,1.472251057624817,0.698900580406189,0.9175233244895935,0.0,0.0,0.0,1.0,0.0
SNPT-066,49,35,0,20.0,923.9674072265625,-913.406982421875,-139.29629516601562,1.550049901008606,0.8391145467758179,0.9639846086502075,0.0,1.0,0.0,0.0,1.0
SNPT-114,14,28,1,126.0,40.33714294433594,4.518444538116455,40.08327102661133,1.133963704109192,0.9752407073974609,0.9841604232788086,0.0,0.0,0.0,1.0,1.0
SNPT-066,13,28,1,2.0,443.18511962890625,-440.1703796386719,-51.60525894165039,1.4715688228607178,0.9341346025466919,0.9777693748474121,0.0,1.0,0.0,1.0,1.0
SNPT-164,3,32,0,343.0,507.7924499511719,1.7870614528656006,507.789306640625,0.3324951231479645,0.5225028395652771,0.8008378148078918,0.0,0.0,0.0,0.0,0.0
SNPT-110,37,13,0,235.0,1912.7821044921875,-1898.325439453125,234.72486877441406,1.8060505390167236,0.6520950794219971,0.9063002467155457,0.0,1.0,1.0,0.0,1.0
SNPT-103,20,27,1,199.0,93.52534484863281,-21.037750244140625,91.12849426269531,1.2415642738342285,0.9112155437469482,0.9536739587783813,0.0,0.0,0.0,1.0,1.0
SNPT-109,23,32,0,213.0,201.17697143554688,7.333983898162842,201.04324340820312,0.7964540123939514,0.6672989726066589,0.8856818675994873,0.0,0.0,0.0,0.0,1.0
SNPT-166,7,28,1,464.0,1.6477861404418945,0.7119961380958557,-1.4860217571258545,0.7356587648391724,0.9119827747344971,0.9633377194404602,0.0,0.0,0.0,1.0,1.0
SNPT-154,24,41,0,57.0,1883.050048828125,1882.4447021484375,47.74104309082031,1.063513994216919,0.7878495454788208,0.9584881067276001,0.0,0.0,0.0,0.0,1.0
SNPT-102,21,33,0,41.0,1907.5250244140625,-1901.43896484375,152.2550048828125,0.7568957805633545,0.6054661273956299,0.9415647387504578,0.0,0.0,0.0,1.0,1.0
SNPT-108,4,34,1,669.0,1883.3634033203125,1873.725830078125,190.2874755859375,0.7922303080558777,0.9097832441329956,0.9432079792022705,1.0,0.0,1.0,1.0,1.0
SNPT-163,9,34,0,304.0,73.31024932861328,0.33193299174308777,-73.30949401855469,1.4093207120895386,0.8601796627044678,0.8867475986480713,0.0,1.0,1.0,1.0,1.0
SNPT-060,6,32,0,563.0,1861.033935546875,-1847.6658935546875,222.66159057617188,0.8382959365844727,0.8277385234832764,0.9587959051132202,0.0,0.0,0.0,0.0,1.0
SNPT-156,15,19,1,93.0,6.876682758331299,6.69789457321167,-1.5578745603561401,0.9119992852210999,0.9157564640045166,0.9921014308929443,1.0,0.0,0.0,1.0,1.0
SNPT-103,28,23,0,58.0,86.66028594970703,1.4559847116470337,-86.64805603027344,1.5274436473846436,0.8081762790679932,0.9119465351104736,0.0,1.0,1.0,1.0,1.0
SNPT-067,2,28,0,98.0,108.65725708007812,16.614368438720703,107.37952423095703,0.8034123182296753,0.8392559885978699,0.9569478034973145,0.0,0.0,0.0,0.0,0.0
SNPT-065,44,45,0,85.0,116.89158630371094,3.0117428302764893,116.85277557373047,1.5109045505523682,0.7821502089500427,0.9540996551513672,0.0,0.0,0.0,0.0,1.0
SNPT-159,21,27,1,83.0,51.04860305786133,6.424365043640137,50.64274215698242,1.150331974029541,0.8521453142166138,0.9714110493659973,0.0,0.0,0.0,0.0,0.0
SNPT-073,40,14,0,87.0,302.1071472167969,4.177610397338867,302.0782775878906,1.4261678457260132,0.7451812028884888,0.9646736979484558,0.0,0.0,0.0,0.0,1.0
SNPT-159,20,36,0,293.0,1913.363037109375,1888.9383544921875,-304.74627685546875,1.850754737854004,0.6750795841217041,0.918231725692749,0.0,0.0,0.0,0.0,1.0
SNPT-073,7,27,0,42.0,1892.530517578125,1891.00048828125,76.08419036865234,0.824407160282135,0.5506937503814697,0.9139065742492676,0.0,0.0,0.0,1.0,1.0
SNPT-101,3,33,0,14.0,1895.5982666015625,1895.493896484375,19.89259147644043,1.0892860889434814,0.7022061347961426,0.8990021347999573,1.0,0.0,1.0,0.0,1.0
SNPT-076,23,26,1,203.0,64.98108673095703,0.44513484835624695,-64.97956085205078,0.833213210105896,0.9618401527404785,0.9811950922012329,0.0,0.0,0.0,1.0,1.0
SNPT-065,22,38,0,180.0,62.1352424621582,-1.579412817955017,-62.11516571044922,0.6447159647941589,0.8765990734100342,0.9231704473495483,0.0,1.0,1.0,0.0,0.0
SNPT-167,17,24,0,57.0,1874.6829833984375,-1874.4327392578125,-30.63067626953125,0.9586421251296997,0.6836466193199158,0.9436962008476257,0.0,1.0,1.0,0.0,1.0
SNPT-159,15,48,0,264.0,206.2355194091797,2.3610286712646484,-206.22201538085938,1.4534906148910522,0.6775715351104736,0.9476166367530823,0.0,0.0,0.0,1.0,0.0
SNPT-101,5,41,1,625.0,1894.0262451171875,-1893.681640625,36.1263313293457,0.8216457962989807,0.8876851797103882,0.9909995794296265,0.0,0.0,0.0,1.0,1.0
SNPT-106,6,20,0,216.0,35.91472244262695,7.824812412261963,35.05195617675781,1.1626532077789307,0.8377347588539124,0.9805453419685364,0.0,0.0,0.0,1.0,1.0
SNPT-066,16,27,0,2.0,444.5421447753906,-441.8621520996094,-48.739864349365234,1.3898391723632812,0.8505604863166809,0.9627417325973511,0.0,1.0,1.0,0.0,1.0
SNPT-074,23,26,1,311.0,26.22205352783203,2.839651107788086,26.06784439086914,0.9516358375549316,0.9349841475486755,0.9932489395141602,0.0,0.0,0.0,1.0,1.0
SNPT-159,9,43,0,569.0,1892.5384521484375,1891.72216796875,-55.5821418762207,1.2230089902877808,0.5104202628135681,0.8818433284759521,0.0,0.0,0.0,0.0,1.0
SNPT-100,10,25,1,214.0,54.499813079833984,8.004876136779785,53.90873336791992,0.7992714643478394,0.7771642804145813,0.9791215658187866,0.0,1.0,0.0,1.0,1.0
SNPT-154,19,37,0,199.0,1208.2303466796875,1206.9051513671875,56.57301712036133,0.9231997728347778,0.6021700501441956,0.9492329359054565,0.0,1.0,0.0,0.0,1.0
SNPT-063,10,50,0,271.0,1905.8468017578125,1905.164306640625,50.998531341552734,1.1313790082931519,0.7787163257598877,0.9745383858680725,0.0,1.0,0.0,0.0,1.0
SNPT-063,18,35,1,203.0,66.7049789428711,-6.519431114196777,66.38562774658203,0.9928293228149414,0.9596549272537231,0.9863012433052063,0.0,0.0,0.0,1.0,1.0
SNPT-111,10,40,0,109.0,1902.540283203125,-1870.668212890625,346.78515625,2.799832820892334,0.5626176595687866,0.8912690877914429,0.0,0.0,0.0,1.0,1.0
SNPT-168,20,25,1,319.0,205.38096618652344,0.9848574995994568,205.37860107421875,0.5279034972190857,0.813766598701477,0.9799585938453674,0.0,0.0,0.0,0.0,0.0
SNPT-162,6,30,1,87.0,140.85533142089844,6.420159816741943,140.7089385986328,1.0942673683166504,0.9201683402061462,0.9635377526283264,0.0,0.0,0.0,1.0,1.0
SNPT-072,22,27,1,207.0,42.99444580078125,1.1232863664627075,-42.97977066040039,0.9663689732551575,0.9452218413352966,0.9888767004013062,1.0,0.0,1.0,1.0,1.0
SNPT-110,36,23,1,88.0,5.662113189697266,-5.546900272369385,1.136406421661377,0.7136326432228088,0.877354621887207,0.9842272996902466,1.0,0.0,1.0,1.0,1.0
SNPT-102,3,29,0,317.0,290.0419616699219,-3.7944889068603516,-290.0171203613281,1.762084722518921,0.618355393409729,0.9000136852264404,0.0,0.0,0.0,0.0,1.0
SNPT-164,20,28,1,107.0,42.87539291381836,-5.003133296966553,-42.58248519897461,0.872938871383667,0.971072256565094,0.9836239814758301,0.0,0.0,0.0,1.0,1.0
SNPT-101,8,37,1,612.0,1899.8558349609375,-1897.361328125,97.32587432861328,0.9439764022827148,0.8321369290351868,0.9366589784622192,0.0,0.0,0.0,1.0,1.0
SNPT-111,10,32,0,592.0,441.73992919921875,27.84616470336914,440.86138916015625,0.6796033978462219,0.7292307615280151,0.963939905166626,0.0,1.0,1.0,1.0,1.0
SNPT-154,10,29,0,105.0,142.25973510742188,7.886660099029541,142.04095458984375,0.8769020438194275,0.7717803120613098,0.9435127973556519,0.0,1.0,1.0,0.0,1.0
SNPT-159,54,33,0,162.0,301.2721252441406,-290.982177734375,78.06581115722656,0.8885103464126587,0.6527534127235413,0.9108254909515381,0.0,0.0,0.0,0.0,1.0
SNPT-060,6,25,0,245.0,138.66648864746094,-1.1658716201782227,138.66159057617188,0.9733118414878845,0.9003511071205139,0.9901010990142822,0.0,0.0,0.0,1.0,1.0
SNPT-073,7,35,0,301.0,241.90733337402344,-12.499512672424316,241.58419799804688,0.6792266368865967,0.6846710443496704,0.9689472913742065,0.0,0.0,0.0,0.0,1.0
SNPT-163,7,32,0,472.0,1892.679443359375,-1892.2235107421875,41.54331588745117,0.7997337579727173,0.8184711337089539,0.9595170021057129,0.0,0.0,0.0,1.0,1.0
SNPT-109,14,31,0,507.0,1192.70166015625,-1174.8787841796875,205.4193878173828,0.6792798638343811,0.685757040977478,0.8634172677993774,0.0,0.0,0.0,0.0,1.0
SNPT-108,3,14,0,68.0,184.4241485595703,0.8336086273193359,-184.42225646972656,1.3866193294525146,0.6983366012573242,0.9688917398452759,0.0,0.0,0.0,1.0,1.0
SNPT-158,4,29,1,177.0,66.19231414794922,-2.570573091506958,66.14237976074219,0.8040972948074341,0.9777529239654541,0.9714372754096985,1.0,0.0,1.0,1.0,1.0
SNPT-107,1,38,0,483.0,1897.6558837890625,-1864.8145751953125,-351.51763916015625,1.3398456573486328,0.5465115904808044,0.7087816596031189,0.0,1.0,1.0,0.0,0.0
SNPT-164,19,35,1,357.0,139.73416137695312,3.2299718856811523,-139.6968231201172,1.2813550233840942,0.8884412050247192,0.9632673263549805,0.0,0.0,0.0,1.0,1.0
SNPT-169,1,45,0,141.0,789.2063598632812,-382.1324157714844,-690.5225830078125,2.0711042881011963,0.8517668843269348,0.9321879148483276,0.0,1.0,1.0,1.0,0.0
SNPT-155,6,26,0,285.0,42.06730270385742,-5.280810356140137,41.734527587890625,0.9909440279006958,0.6238657832145691,0.8054636120796204,0.0,1.0,0.0,0.0,1.0
SNPT-064,1,22,1,58.0,4.270235061645508,4.249320030212402,-0.42211729288101196,1.1455249786376953,0.9571579694747925,0.9785855412483215,0.0,1.0,1.0,1.0,0.0
SNPT-156,2,23,1,79.0,90.44965362548828,-13.648594856262207,-89.41395568847656,0.9389318823814392,0.8895998001098633,0.9840618968009949,1.0,0.0,1.0,1.0,1.0
SNPT-160,11,34,1,1.0,34.23622512817383,-34.22443771362305,0.8983311653137207,1.720367193222046,0.8407859206199646,0.9205456376075745,0.0,0.0,0.0,0.0,1.0
SNPT-069,10,25,1,169.0,71.61627197265625,-4.476361274719238,-71.47624206542969,0.7723483443260193,0.9082537293434143,0.9712084531784058,0.0,0.0,0.0,1.0,1.0
SNPT-161,10,24,0,4.0,1914.77197265625,1887.8382568359375,-320.0291748046875,0.9715044498443604,0.6779865026473999,0.9076030254364014,0.0,0.0,0.0,0.0,1.0
SNPT-107,2,39,1,383.0,94.99742126464844,7.146407127380371,-94.72824096679688,0.8287923336029053,0.9586890935897827,0.9850103259086609,1.0,0.0,1.0,1.0,1.0
SNPT-159,6,59,1,57.0,72.16708374023438,3.3309686183929443,72.09017181396484,0.9518973231315613,0.9194607734680176,0.9347307085990906,1.0,0.0,1.0,1.0,1.0
SNPT-156,3,24,0,115.0,32.81331253051758,7.2288384437561035,32.007144927978516,0.8235996961593628,0.7762649059295654,0.917809784412384,0.0,0.0,0.0,1.0,1.0
SNPT-070,1,34,0,403.0,161.1558837890625,-9.132739067077637,-160.8968963623047,2.338271379470825,0.8743443489074707,0.9317737817764282,0.0,0.0,0.0,1.0,1.0
SNPT-110,45,26,0,116.0,81.41838073730469,-1.7166929244995117,-81.40027618408203,0.8730500936508179,0.7363977432250977,0.9434204697608948,0.0,0.0,0.0,0.0,1.0
SNPT-170,12,28,0,21.0,458.3409423828125,-356.90447998046875,287.56842041015625,0.7861860990524292,0.7082135677337646,0.8864188194274902,0.0,0.0,0.0,0.0,1.0
SNPT-105,37,15,0,489.0,1927.0738525390625,-1902.3682861328125,307.5851745605469,1.6484925746917725,0.7640150785446167,0.9648110866546631,0.0,0.0,0.0,1.0,1.0
SNPT-154,22,55,1,83.0,209.94497680664062,196.42202758789062,74.13015747070312,0.9043702483177185,0.7255658507347107,0.9575591683387756,0.0,0.0,0.0,1.0,1.0
SNPT-068,4,30,0,318.0,1922.9140625,-1901.1427001953125,288.5395202636719,0.8146284222602844,0.6984046101570129,0.9437293410301208,0.0,0.0,0.0,0.0,1.0
SNPT-166,19,24,0,52.0,126.56588745117188,1.0260040760040283,-126.56172943115234,1.317361831665039,0.7843829393386841,0.9798009395599365,0.0,0.0,0.0,1.0,1.0
SNPT-063,12,35,0,390.0,1889.0899658203125,1885.66845703125,113.64485931396484,0.9851449728012085,0.8033016920089722,0.9878854155540466,0.0,0.0,0.0,1.0,1.0
SNPT-151,13,35,0,245.0,1977.5880126953125,-1889.9796142578125,582.092041015625,0.45057499408721924,0.651655912399292,0.9219285845756531,0.0,1.0,1.0,0.0,1.0
SNPT-099,4,28,0,248.0,182.61929321289062,-0.42173656821250916,182.61880493164062,0.6795903444290161,0.5965573787689209,0.8983623385429382,0.0,1.0,1.0,0.0,1.0
SNPT-167,38,27,1,220.0,91.22755432128906,-7.564836502075195,90.91336059570312,0.7333455085754395,0.8843547701835632,0.9909093379974365,0.0,0.0,0.0,1.0,1.0
SNPT-155,8,22,0,178.0,348.0754699707031,-16.706911087036133,347.6742858886719,0.6429508328437805,0.7563567161560059,0.9443774223327637,0.0,1.0,1.0,0.0,0.0
SNPT-163,2,34,0,552.0,1904.0157470703125,-1903.2757568359375,-53.081077575683594,1.553035855293274,0.6856964826583862,0.8566215634346008,0.0,1.0,1.0,0.0,1.0
SNPT-101,9,33,0,160.0,56.33316421508789,0.9787778854370117,56.32466125488281,1.0202683210372925,0.9202684760093689,0.9887040853500366,0.0,1.0,1.0,1.0,1.0
SNPT-067,5,21,1,103.0,12.703086853027344,-0.5026472210884094,-12.693138122558594,0.6911909580230713,0.850037693977356,0.9805567860603333,0.0,0.0,0.0,1.0,1.0
SNPT-072,25,31,0,189.0,1905.8372802734375,-1905.7249755859375,-20.687023162841797,0.8876882791519165,0.7631469964981079,0.9421846270561218,0.0,1.0,1.0,0.0,1.0
SNPT-159,53,48,0,270.0,87.15638732910156,10.3917818069458,-86.53466033935547,0.9106894731521606,0.5911142826080322,0.9371932148933411,0.0,0.0,0.0,0.0,0.0
SNPT-060,6,20,0,176.0,271.2355651855469,6.334128379821777,271.1615905761719,0.8188738226890564,0.8742588758468628,0.9862075448036194,0.0,0.0,0.0,1.0,1.0
SNPT-066,17,41,0,95.0,162.06321716308594,4.711060523986816,-161.99472045898438,1.010469675064087,0.8477755188941956,0.9692317843437195,0.0,1.0,1.0,0.0,1.0
SNPT-103,28,26,0,385.0,1898.665283203125,-1883.5440673828125,-239.14805603027344,1.546661376953125,0.8290827870368958,0.8950892090797424,0.0,0.0,0.0,1.0,1.0
SNPT-159,4,31,0,92.0,130.59600830078125,42.53485870361328,123.47511291503906,1.014524221420288,0.7212114334106445,0.9468075633049011,0.0,1.0,0.0,0.0,1.0
SNPT-098,20,37,0,61.0,28.077457427978516,1.3393138647079468,28.04549789428711,3.3919882774353027,0.6257022619247437,0.8338640332221985,0.0,0.0,0.0,1.0,1.0
SNPT-105,26,28,1,106.0,7.133077621459961,5.095400810241699,-4.991762161254883,0.5438769459724426,0.9149620532989502,0.9910667538642883,0.0,0.0,0.0,1.0,1.0
SNPT-161,8,40,0,476.0,1910.4976806640625,-1900.020751953125,199.80563354492188,0.6519309878349304,0.8507296442985535,0.9826962351799011,0.0,0.0,0.0,1.0,1.0
SNPT-169,1,46,0,460.0,1638.4915771484375,1508.17529296875,-640.36083984375,1.8526278734207153,0.6744468212127686,0.8866277933120728,0.0,0.0,0.0,0.0,1.0
SNPT-110,45,46,0,7.0,11.204379081726074,0.15887035429477692,11.203252792358398,0.6884858012199402,0.7203541994094849,0.9797232747077942,0.0,0.0,0.0,1.0,1.0
SNPT-160,5,30,0,369.0,173.32135009765625,4.622820854187012,173.2596893310547,1.0967581272125244,0.6386014223098755,0.8872130513191223,0.0,0.0,0.0,0.0,1.0
SNPT-073,1,36,0,479.0,1900.9765625,-1899.697509765625,-69.7253189086914,1.524511694908142,0.7559815049171448,0.9596298933029175,0.0,0.0,0.0,1.0,1.0
SNPT-113,14,25,0,136.0,62.57146072387695,3.7216429710388184,-62.4606819152832,1.3797905445098877,0.8337949514389038,0.9919676184654236,0.0,0.0,0.0,1.0,1.0
SNPT-062,13,27,0,697.0,1901.5167236328125,1897.102294921875,129.49429321289062,0.7292684316635132,0.7689312100410461,0.9467106461524963,0.0,0.0,0.0,0.0,1.0
SNPT-157,9,37,0,215.0,195.27188110351562,129.82589721679688,145.86412048339844,0.8012732863426208,0.7314167618751526,0.9840865135192871,0.0,1.0,1.0,1.0,1.0
SNPT-109,21,33,0,338.0,1908.404052734375,-1897.0498046875,-207.8652801513672,1.1667330265045166,0.611687183380127,0.9105045199394226,0.0,0.0,0.0,0.0,1.0
SNPT-065,31,36,0,67.0,1894.00146484375,1885.5570068359375,-178.6515655517578,0.7826762199401855,0.7346398830413818,0.9604318737983704,0.0,0.0,0.0,1.0,1.0
SNPT-105,3,29,0,203.0,283.01519775390625,6.439648628234863,-282.9419250488281,0.9109145402908325,0.7752201557159424,0.9703360795974731,0.0,0.0,0.0,1.0,1.0
SNPT-066,20,41,0,490.0,102.39093780517578,25.175800323486328,99.2475814819336,0.9269665479660034,0.7998265624046326,0.9738671779632568,0.0,1.0,1.0,0.0,1.0
SNPT-158,16,32,0,1.0,1904.0582275390625,1888.7340087890625,241.0845184326172,0.8332027792930603,0.5931931138038635,0.9215414524078369,0.0,1.0,1.0,0.0,1.0
SNPT-112,13,14,1,75.0,68.48698425292969,-0.09898699074983597,-68.4869155883789,1.1215626001358032,0.9288593530654907,0.9745197892189026,0.0,0.0,0.0,1.0,1.0
SNPT-101,6,41,0,649.0,1897.8603515625,-1896.6202392578125,68.59557342529297,1.0449129343032837,0.8731981515884399,0.992439866065979,0.0,0.0,0.0,1.0,1.0
SNPT-102,24,27,0,124.0,41.14330291748047,1.1949747800827026,41.125946044921875,0.9435471892356873,0.6940067410469055,0.9225236177444458,0.0,0.0,0.0,0.0,1.0
SNPT-106,8,17,0,104.0,21.144399642944336,8.323957443237305,-19.43701171875,1.3668162822723389,0.6629625558853149,0.8958408832550049,0.0,0.0,0.0,0.0,1.0
SNPT-075,27,24,0,391.0,36.19586181640625,5.106860160827637,-35.83378982543945,1.5648151636123657,0.7618392705917358,0.8745360970497131,0.0,0.0,0.0,1.0,1.0
