sequence,label,A_jersey_mode,A_jersey_entropy_mean,A_jersey_conf_mean,A_jersey_coverage,A_team_mode,A_team_consistency,A_team_coverage,A_team_conf_mean,A_start_frame,A_end_frame,A_duration,A_n_frames,A_start_x,A_start_y,A_end_x,A_end_y,A_mean_bbox_height,B_jersey_mode,B_jersey_entropy_mean,B_jersey_conf_mean,B_jersey_coverage,B_team_mode,B_team_consistency,B_team_coverage,B_team_conf_mean,B_start_frame,B_end_frame,B_duration,B_n_frames,B_start_x,B_start_y,B_end_x,B_end_y,B_mean_bbox_height,pairwise_temporal_gap,pairwise_spatial_distance,pairwise_endpoint_dx,pairwise_endpoint_dy,pairwise_bbox_height_ratio,pairwise_reid_cosine_sim,pairwise_siglip_cosine_sim,pairwise_jersey_match,pairwise_jersey_conflict,pairwise_jersey_both_confident,pairwise_team_match,pairwise_team_conflict,pairwise_team_both_consistent
SNPT-060,0,10.0,0.0009557500664619335,0.9998980606755903,0.4305555555555556,0.0,1.0,0.9444444444444444,0.8504940692116233,0.0,71.0,72.0,72.0,941.5,941.0,1897.37971675374,993.1809126609758,170.4086390644626,,1.0,0.0,0.0,1.0,1.0,0.9786780383795309,0.908415214428455,281.0,749.0,469.0,469.0,1908.5,426.5,1283.3211966303722,409.290465861638,71.61140284974844,210.0,566.7900117978029,11.120283246259987,-566.6809126609758,2.379629951140682,0.7312914133071899,0.9205576777458191,0.0,0.0,0.0,0.0,1.0,1.0
SNPT-060,1,,1.0,0.0,0.0,0.0,1.0,0.8929440389294404,0.8967314286193017,56.0,466.0,411.0,411.0,8.5,423.0,11.154101213880523,524.1536549961098,67.82726423707548,17.0,0.2670841844192182,0.9279090762138367,0.015151515151515152,0.0,0.9923076923076923,0.9848484848484849,0.8616705417633057,618.0,749.0,132.0,132.0,59.0,571.0,1022.3126323981982,512.2470543901718,96.95753980957383,152.0,66.96125798456221,47.84589878611948,46.84634500389018,0.6995563663258094,0.9286215305328369,0.989485502243042,0.0,0.0,0.0,1.0,0.0,1.0
SNPT-060,0,10.0,0.0009557500664619335,0.9998980606755903,0.4305555555555556,0.0,1.0,0.9444444444444444,0.8504940692116233,0.0,71.0,72.0,72.0,941.5,941.0,1897.37971675374,993.1809126609758,170.4086390644626,,1.0,0.0,0.0,1.0,1.0,0.9256756756756757,0.9045512291926827,306.0,749.0,444.0,444.0,1908.0,576.5,1750.6448903935725,601.5189993858639,97.1355554957339,235.0,416.8162345593253,10.620283246259987,-416.68091266097576,1.7543384417248407,0.7700079679489136,0.936514139175415,0.0,0.0,0.0,0.0,1.0,1.0
SNPT-060,0,8.0,0.017127481471768326,0.9965966723181985,0.06547619047619048,1.0,1.0,0.9166666666666666,0.869363394650546,0.0,167.0,168.0,168.0,1545.0,519.0,1904.4767702773795,579.9500906605274,95.05360639732348,,1.0,0.0,0.0,1.0,1.0,0.9786780383795309,0.908415214428455,281.0,749.0,469.0,469.0,1908.5,426.5,1283.3211966303722,409.290465861638,71.61140284974844,114.0,153.50282310473986,4.023229722620499,-153.4500906605274,1.327352944010332,0.8828880786895752,0.9903541207313538,0.0,0.0,0.0,1.0,0.0,1.0
SNPT-060,1,4.0,0.24117121197869656,0.8149431597441434,0.16129032258064516,0.0,1.0,0.907258064516129,0.8710199016994901,159.0,464.0,306.0,248.0,19.5,613.5,8.992304163750674,596.3188516725322,96.63602256792903,,1.0,0.0,0.0,0.0,1.0,0.7142857142857143,0.849391883611679,736.0,749.0,14.0,14.0,14.5,632.5,286.97033273736827,586.2007771876227,103.23874428368273,272.0,36.59795360015178,5.507695836249326,36.18114832746778,0.9360441493010557,0.9271823167800903,0.9527446031570435,0.0,0.0,0.0,1.0,0.0,1.0
SNPT-060,0,,1.0,0.0,0.0,0.0,1.0,0.8929440389294404,0.8967314286193017,56.0,466.0,411.0,411.0,8.5,423.0,11.154101213880523,524.1536549961098,67.82726423707548,,1.0,0.0,0.0,1.0,0.9824561403508771,0.7916666666666666,0.8830683592118715,606.0,749.0,144.0,144.0,45.5,558.0,1055.6309760859767,494.98472262633805,89.25461506128156,140.0,48.2204918426671,34.34589878611948,33.84634500389018,0.759930051689829,0.8561829328536987,0.9598653316497803,0.0,0.0,0.0,0.0,1.0,1.0
SNPT-060,0,,1.0,0.0,0.0,1.0,1.0,0.9642857142857143,0.8913838929600186,0.0,55.0,56.0,56.0,1726.5,365.5,1906.6658716246436,348.3384072768496,81.27910957055971,8.0,0.007490010868726434,0.9858204160096511,0.10211946050096339,1.0,1.0,0.9132947976878613,0.8875501352020457,231.0,749.0,519.0,519.0,1913.0,619.5,1505.6047139347816,545.0790053747068,99.25718525245127,176.0,271.2355628423957,6.334128375356386,271.1615927231504,0.8188738111385486,0.8742588758468628,0.9862074851989746,0.0,0.0,0.0,1.0,0.0,1.0
SNPT-060,1,10.0,0.3628765322888891,0.7609962195158004,0.020964360587002098,0.0,0.9933035714285714,0.939203354297694,0.8712326445217643,0.0,476.0,477.0,477.0,259.0,511.5,17.002605413636367,685.2239740661048,85.27812801599799,8.0,0.20799878778052516,0.9086965971133288,0.23448275862068965,0.0,1.0,0.9655172413793104,0.8575786565031324,605.0,749.0,145.0,145.0,54.5,821.0,666.9293266324069,558.8863315499773,113.98612328525796,129.0,140.85873710624853,37.49739458636363,135.7760259338952,0.7481448228797442,0.923699140548706,0.992798924446106,0.0,1.0,0.0,1.0,0.0,1.0
SNPT-060,1,,1.0,0.0,0.0,1.0,1.0,0.8302277432712215,0.8900771362525863,0.0,482.0,483.0,483.0,989.0,370.5,15.335755697352253,393.26956938536847,62.48157725521255,,1.0,0.0,0.0,1.0,1.0,0.91,0.8727347759100107,650.0,749.0,100.0,100.0,57.5,442.5,783.4260359363057,405.75549353113263,76.01783280759354,168.0,64.81866086333018,42.164244302647745,49.23043061463153,0.8219331563076496,0.9424181580543518,0.9910196661949158,0.0,0.0,0.0,1.0,0.0,1.0
SNPT-060,1,,1.0,0.0,0.0,1.0,1.0,0.9411764705882353,0.9297168143093586,406.0,456.0,51.0,51.0,40.5,529.5,8.86332702064093,540.822201917163,95.0528432321432,,1.0,0.0,0.0,1.0,0.8571428571428571,0.9655172413793104,0.8451034788574491,681.0,749.0,69.0,29.0,15.0,666.0,433.3767811368689,557.9211132528628,115.54042727204903,225.0,125.3281288782494,6.136672979359069,125.17779808283694,0.8226803853540701,0.8831387758255005,0.9739562273025513,0.0,0.0,0.0,1.0,0.0,0.0
SNPT-060,1,9.0,0.004981813952326775,0.980532956123352,0.09615384615384616,0.0,1.0,0.9519230769230769,0.8636321076238999,0.0,103.0,104.0,104.0,1001.5,516.0,1904.7562689137999,554.7464296508981,101.51156198141634,,1.0,0.0,0.0,0.0,0.9953596287703016,0.9707207207207207,0.8538705557239028,306.0,749.0,444.0,444.0,1874.0,500.5,1793.8647609322343,545.5316351709242,89.44116628886033,203.0,62.35882621865016,-30.756268913799886,-54.24642965089811,1.1349534693406536,0.9752132296562195,0.9945082664489746,0.0,0.0,0.0,1.0,0.0,1.0
SNPT-060,0,,1.0,0.0,0.0,1.0,1.0,0.9642857142857143,0.8913838929600186,0.0,55.0,56.0,56.0,1726.5,365.5,1906.6658716246436,348.3384072768496,81.27910957055971,15.0,0.058017853787639656,0.9391837932846763,0.04888888888888889,1.0,1.0,0.9355555555555556,0.9004287404005997,300.0,749.0,450.0,450.0,1905.5,487.0,1773.476787776668,474.83201976389097,83.50777802195037,245.0,138.66649398166086,-1.1658716246436143,138.66159272315042,0.973311845864168,0.9003511071205139,0.990101158618927,0.0,0.0,0.0,1.0,0.0,1.0
SNPT-060,1,10.0,0.0009557500664619335,0.9998980606755903,0.4305555555555556,0.0,1.0,0.9444444444444444,0.8504940692116233,0.0,71.0,72.0,72.0,941.5,941.0,1897.37971675374,993.1809126609758,170.4086390644626,10.0,0.021453144715114496,0.9895541626142292,0.3241106719367589,0.0,1.0,0.8952569169960475,0.8488858129015032,244.0,749.0,506.0,506.0,1902.5,825.0,1177.5104268965342,693.5773380082167,123.43280805871265,173.0,168.25883835329628,5.120283246259987,-168.18091266097576,1.3805781602522174,0.957690954208374,0.9847733974456787,1.0,0.0,1.0,1.0,0.0,1.0
SNPT-060,1,,1.0,0.0,0.0,1.0,1.0,0.90625,0.9276252409507488,0.0,31.0,32.0,32.0,1903.0,450.5,1906.1172901723476,440.2776049511095,101.0,15.0,0.058017853787639656,0.9391837932846763,0.04888888888888889,1.0,1.0,0.9355555555555556,0.9004287404005997,300.0,749.0,450.0,450.0,1905.5,487.0,1773.476787776668,474.83201976389097,83.50777802195037,269.0,46.72647264946784,-0.6172901723475661,46.72239504889052,1.2094681764068937,0.9131767749786377,0.9892399311065674,0.0,0.0,0.0,1.0,0.0,1.0
SNPT-060,0,8.0,0.017127481471768326,0.9965966723181985,0.06547619047619048,1.0,1.0,0.9166666666666666,0.869363394650546,0.0,167.0,168.0,168.0,1545.0,519.0,1904.4767702773795,579.9500906605274,95.05360639732348,,1.0,0.0,0.0,1.0,0.8571428571428571,0.9655172413793104,0.8451034788574491,681.0,749.0,69.0,29.0,15.0,666.0,433.3767811368689,557.9211132528628,115.54042727204903,514.0,1891.4351832180685,-1889.4767702773795,86.0499093394726,0.8226869905328659,0.8500707149505615,0.9765317440032959,0.0,0.0,0.0,1.0,0.0,0.0
SNPT-060,1,4.0,0.24117121197869656,0.8149431597441434,0.16129032258064516,0.0,1.0,0.907258064516129,0.8710199016994901,159.0,464.0,306.0,248.0,19.5,613.5,8.992304163750674,596.3188516725322,96.63602256792903,,1.0,0.0,0.0,0.0,0.8076923076923077,0.8125,0.8403093333427722,681.0,749.0,69.0,32.0,14.5,614.0,422.89010964444554,502.81770865793465,99.23544972992977,217.0,18.51911767883543,5.507695836249326,17.68114832746778,0.9738054579379133,0.8868690133094788,0.9341004490852356,0.0,0.0,0.0,1.0,0.0,0.0
SNPT-060,0,9.0,0.004981813952326775,0.980532956123352,0.09615384615384616,0.0,1.0,0.9519230769230769,0.8636321076238999,0.0,103.0,104.0,104.0,1001.5,516.0,1904.7562689137999,554.7464296508981,101.51156198141634,,1.0,0.0,0.0,1.0,0.9824561403508771,0.7916666666666666,0.8830683592118715,606.0,749.0,144.0,144.0,45.5,558.0,1055.6309760859767,494.98472262633805,89.25461506128156,503.0,1859.2591156735741,-1859.2562689137999,3.253570349101892,1.137325637578732,0.8461756110191345,0.9678520560264587,0.0,0.0,0.0,0.0,1.0,1.0
SNPT-060,1,,1.0,0.0,0.0,1.0,1.0,0.9642857142857143,0.8913838929600186,0.0,55.0,56.0,56.0,1726.5,365.5,1906.6658716246436,348.3384072768496,81.27910957055971,,1.0,0.0,0.0,1.0,1.0,0.9786780383795309,0.908415214428455,281.0,749.0,469.0,469.0,1908.5,426.5,1283.3211966303722,409.290465861638,71.61140284974844,226.0,78.18310945413292,1.8341283753563857,78.16159272315042,1.1350023367241608,0.9432645440101624,0.9847310781478882,0.0,0.0,0.0,1.0,0.0,1.0
SNPT-060,1,,1.0,0.0,0.0,0.0,0.9935760171306209,0.9211045364891519,0.8858858657087453,0.0,506.0,507.0,507.0,654.0,441.0,12.880119989059953,513.5535047674687,79.39453352599656,,1.0,0.0,0.0,0.0,1.0,0.8,0.8463663749004665,655.0,749.0,95.0,95.0,12.5,496.5,626.9823140911814,417.95819391071933,76.61261894313836,149.0,17.05774064934039,-0.3801199890599527,-17.053504767468667,1.0363114408727228,0.9324400424957275,0.9711647033691406,0.0,0.0,0.0,1.0,0.0,1.0
SNPT-060,1,27.0,0.019106743744968936,0.991964140190528,0.3727598566308244,1.0,1.0,0.7921146953405018,0.8669386050280403,0.0,278.0,279.0,279.0,982.5,623.5,8.136172424935399,475.6841173375944,86.68413495218982,,1.0,0.0,0.0,1.0,1.0,0.9411764705882353,0.9297168143093586,406.0,456.0,51.0,51.0,40.5,529.5,8.86332702064093,540.822201917163,95.0528432321432,128.0,62.79782290846014,32.363827575064605,53.81588266240561,0.9119573071631863,0.9535990357398987,0.9811580181121826,0.0,0.0,0.0,1.0,0.0,1.0
SNPT-060,0,,1.0,0.0,0.0,0.0,0.9935760171306209,0.9211045364891519,0.8858858657087453,0.0,506.0,507.0,507.0,654.0,441.0,12.880119989059953,513.5535047674687,79.39453352599656,,1.0,0.0,0.0,1.0,0.8571428571428571,0.9655172413793104,0.8451034788574491,681.0,749.0,69.0,29.0,15.0,666.0,433.3767811368689,557.9211132528628,115.54042727204903,175.0,152.46123376105476,2.1198800109400473,152.44649523253133,0.6871580398353201,0.8269153833389282,0.9488533735275269,0.0,0.0,0.0,0.0,1.0,0.0
SNPT-060,1,27.0,0.019106743744968936,0.991964140190528,0.3727598566308244,1.0,1.0,0.7921146953405018,0.8669386050280403,0.0,278.0,279.0,279.0,982.5,623.5,8.136172424935399,475.6841173375944,86.68413495218982,,1.0,0.0,0.0,1.0,0.8571428571428571,0.9655172413793104,0.8451034788574491,681.0,749.0,69.0,29.0,15.0,666.0,433.3767811368689,557.9211132528628,115.54042727204903,403.0,190.43961594833874,6.863827575064601,190.3158826624056,0.7502493888834703,0.918751060962677,0.9587864875793457,0.0,0.0,0.0,1.0,0.0,0.0
SNPT-060,0,9.0,0.004981813952326775,0.980532956123352,0.09615384615384616,0.0,1.0,0.9519230769230769,0.8636321076238999,0.0,103.0,104.0,104.0,1001.5,516.0,1904.7562689137999,554.7464296508981,101.51156198141634,,1.0,0.0,0.0,0.0,1.0,0.91701244813278,0.8965332575513227,268.0,749.0,482.0,482.0,1895.5,445.0,1326.462827980612,490.83728539138167,83.19435647072976,165.0,110.13608552751502,-9.256268913799886,-109.74642965089811,1.220173654653259,0.7950080633163452,0.9921684861183167,0.0,0.0,0.0,1.0,0.0,1.0
SNPT-060,1,10.0,0.03501455568181296,0.9811250118763892,0.40176600441501104,1.0,1.0,0.8631346578366446,0.8397054599069268,0.0,482.0,483.0,453.0,1279.0,743.5,19.3021239177299,692.7209824720784,105.44981244503698,10.0,0.0013407704008804521,0.9998590374315107,0.6548672566371682,1.0,1.0,0.7964601769911505,0.8069382905960083,637.0,749.0,113.0,113.0,38.0,818.5,1071.2976526083917,652.5230982038966,127.92911712979382,155.0,127.16120406899716,18.6978760822701,125.77901752792161,0.8242831249906158,0.9617104530334473,0.985224187374115,1.0,0.0,1.0,1.0,0.0,1.0
SNPT-060,0,,1.0,0.0,0.0,,0.0,0.0,0.5340578359152589,170.0,294.0,125.0,125.0,13.0,489.5,4.793031370413237,400.0937568606839,60.51570456859938,17.0,0.2670841844192182,0.9279090762138367,0.015151515151515152,0.0,0.9923076923076923,0.9848484848484849,0.8616705417633057,618.0,749.0,132.0,132.0,59.0,571.0,1022.3126323981982,512.2470543901718,96.95753980957383,324.0,179.2967913600353,54.20696862958676,170.90624313931608,0.6241464530499969,0.6091334819793701,0.9276940822601318,0.0,0.0,0.0,0.0,0.0,0.0
SNPT-060,0,,1.0,0.0,0.0,1.0,1.0,0.9411764705882353,0.9297168143093586,406.0,456.0,51.0,51.0,40.5,529.5,8.86332702064093,540.822201917163,95.0528432321432,24.0,0.0745531760966101,0.9617090934309466,0.5132743362831859,0.0,1.0,0.9292035398230089,0.8361545664923532,637.0,749.0,113.0,113.0,35.0,885.5,486.73685198877007,697.4682171885784,136.3409536665471,181.0,345.66734032254607,26.13667297935907,344.67779808283694,0.6971701508309572,0.72474205493927,0.9327049851417542,0.0,0.0,0.0,0.0,1.0,1.0
SNPT-060,0,,1.0,0.0,0.0,0.0,0.9935760171306209,0.9211045364891519,0.8858858657087453,0.0,506.0,507.0,507.0,654.0,441.0,12.880119989059953,513.5535047674687,79.39453352599656,17.0,0.2670841844192182,0.9279090762138367,0.015151515151515152,0.0,0.9923076923076923,0.9848484848484849,0.8616705417633057,618.0,749.0,132.0,132.0,59.0,571.0,1022.3126323981982,512.2470543901718,96.95753980957383,112.0,73.66914650465793,46.11988001094005,57.44649523253133,0.8188587878975551,0.9644500017166138,0.9886388182640076,0.0,0.0,0.0,1.0,0.0,1.0
SNPT-060,1,25.0,0.001321874780357272,0.9998774766921997,0.14423076923076922,0.0,0.9484536082474226,0.9326923076923077,0.8898192576526367,0.0,103.0,104.0,104.0,949.0,360.0,1908.9278740960135,402.14317784877863,72.81336900683726,,1.0,0.0,0.0,0.0,1.0,0.91701244813278,0.8965332575513227,268.0,749.0,482.0,482.0,1895.5,445.0,1326.462827980612,490.83728539138167,83.19435647072976,165.0,44.91119022737884,-13.427874096013511,42.856822151221365,0.8752200521252324,0.9411827325820923,0.9934803247451782,0.0,0.0,0.0,1.0,0.0,1.0
SNPT-060,0,25.0,0.001321874780357272,0.9998774766921997,0.14423076923076922,0.0,0.9484536082474226,0.9326923076923077,0.8898192576526367,0.0,103.0,104.0,104.0,949.0,360.0,1908.9278740960135,402.14317784877863,72.81336900683726,,1.0,0.0,0.0,0.0,0.9953596287703016,0.9707207207207207,0.8538705557239028,306.0,749.0,444.0,444.0,1874.0,500.5,1793.8647609322343,545.5316351709242,89.44116628886033,203.0,104.37442623820243,-34.92787409601351,98.35682215122137,0.8140923472719294,0.8316856622695923,0.9907802939414978,0.0,0.0,0.0,1.0,0.0,1.0
SNPT-060,0,27.0,0.019106743744968936,0.991964140190528,0.3727598566308244,1.0,1.0,0.7921146953405018,0.8669386050280403,0.0,278.0,279.0,279.0,982.5,623.5,8.136172424935399,475.6841173375944,86.68413495218982,10.0,0.0013407704008804521,0.9998590374315107,0.6548672566371682,1.0,1.0,0.7964601769911505,0.8069382905960083,637.0,749.0,113.0,113.0,38.0,818.5,1071.2976526083917,652.5230982038966,127.92911712979382,359.0,344.11419267888016,29.8638275750646,342.8158826624056,0.6775950377601854,0.9167037606239319,0.9708716869354248,0.0,1.0,1.0,1.0,0.0,1.0
SNPT-060,0,8.0,0.017127481471768326,0.9965966723181985,0.06547619047619048,1.0,1.0,0.9166666666666666,0.869363394650546,0.0,167.0,168.0,168.0,1545.0,519.0,1904.4767702773795,579.9500906605274,95.05360639732348,17.0,0.2670841844192182,0.9279090762138367,0.015151515151515152,0.0,0.9923076923076923,0.9848484848484849,0.8616705417633057,618.0,749.0,132.0,132.0,59.0,571.0,1022.3126323981982,512.2470543901718,96.95753980957383,451.0,1845.4984729758678,-1845.4767702773795,-8.950090660527394,0.9803632248096464,0.8414633274078369,0.9778637886047363,0.0,1.0,0.0,0.0,1.0,1.0
SNPT-060,1,8.0,0.017127481471768326,0.9965966723181985,0.06547619047619048,1.0,1.0,0.9166666666666666,0.869363394650546,0.0,167.0,168.0,168.0,1545.0,519.0,1904.4767702773795,579.9500906605274,95.05360639732348,8.0,0.007490010868726434,0.9858204160096511,0.10211946050096339,1.0,1.0,0.9132947976878613,0.8875501352020457,231.0,749.0,519.0,519.0,1913.0,619.5,1505.6047139347816,545.0790053747068,99.25718525245127,64.0,40.45788889283602,8.5232297226205,39.549909339472606,0.9576496266296854,0.9806243777275085,0.9970032572746277,1.0,0.0,1.0,1.0,0.0,1.0
SNPT-060,0,25.0,0.001321874780357272,0.9998774766921997,0.14423076923076922,0.0,0.9484536082474226,0.9326923076923077,0.8898192576526367,0.0,103.0,104.0,104.0,949.0,360.0,1908.9278740960135,402.14317784877863,72.81336900683726,,1.0,0.0,0.0,1.0,0.8571428571428571,0.9655172413793104,0.8451034788574491,681.0,749.0,69.0,29.0,15.0,666.0,433.3767811368689,557.9211132528628,115.54042727204903,578.0,1912.2194473630861,-1893.9278740960135,263.85682215122137,0.6301981975139529,0.8106555342674255,0.9570580124855042,0.0,0.0,0.0,0.0,1.0,0.0
SNPT-060,1,14.0,0.36558987725220504,0.8413046002388,0.0055762081784386614,1.0,1.0,0.9368029739776952,0.8874257376033162,0.0,537.0,538.0,538.0,1107.5,421.0,18.016059927979036,559.6792991560302,82.77870650115783,,1.0,0.0,0.0,1.0,0.9824561403508771,0.7916666666666666,0.8830683592118715,606.0,749.0,144.0,144.0,45.5,558.0,1055.6309760859767,494.98472262633805,89.25461506128156,69.0,27.535195796251084,27.483940072020964,-1.679299156030197,0.9274445522432939,0.9843263626098633,0.9931886196136475,0.0,0.0,0.0,1.0,0.0,1.0
SNPT-060,1,24.0,0.008466168459763921,0.9972226969724478,0.4387755102040816,0.0,1.0,0.8801020408163265,0.8414808086726977,81.0,472.0,392.0,392.0,157.0,1059.0,20.105009696201122,751.2865612436243,118.38499476776852,24.0,0.0745531760966101,0.9617090934309466,0.5132743362831859,0.0,1.0,0.9292035398230089,0.8361545664923532,637.0,749.0,113.0,113.0,35.0,885.5,486.73685198877007,697.4682171885784,136.3409536665471,165.0,135.03743139945186,14.894990303798878,134.2134387563757,0.8683010613033119,0.9448421001434326,0.9868831634521484,1.0,0.0,1.0,1.0,0.0,1.0
SNPT-060,0,27.0,0.019106743744968936,0.991964140190528,0.3727598566308244,1.0,1.0,0.7921146953405018,0.8669386050280403,0.0,278.0,279.0,279.0,982.5,623.5,8.136172424935399,475.6841173375944,86.68413495218982,,1.0,0.0,0.0,0.0,0.9953596287703016,0.9707207207207207,0.8538705557239028,306.0,749.0,444.0,444.0,1874.0,500.5,1793.8647609322343,545.5316351709242,89.44116628886033,28.0,1866.0288451911413,1865.8638275750645,24.815882662405613,0.9691749174226288,0.8552865982055664,0.9719152450561523,0.0,0.0,0.0,0.0,1.0,1.0
SNPT-061,1,10.0,0.03872433956466675,0.9707497130883368,0.16666666666666666,0.0,0.9953703703703703,0.9473684210526315,0.9054006867938571,0.0,227.0,228.0,228.0,672.5,413.0,30.403672795092735,455.5866703711631,91.66351562300719,10.0,0.2068282534222817,0.8998608372428201,0.22916666666666666,0.0,1.0,0.9166666666666666,0.8882832269776951,346.0,393.0,48.0,48.0,12.0,472.0,7.39802913620267,501.0013435014674,105.6238243235781,119.0,24.65953287987612,-18.403672795092735,16.41332962883689,0.8678299257769385,0.9646207094192505,0.9896039366722107,1.0,0.0,0.0,1.0,0.0,1.0
SNPT-061,0,24.0,0.06540962070640591,0.9573770243870584,0.3275862068965517,1.0,1.0,0.896551724137931,0.9132077327141395,351.0,408.0,58.0,58.0,7.0,968.0,28.001841797062717,949.2123584487938,182.4428761332288,44.0,0.040759801132285896,0.9867607315381368,0.18404907975460122,0.0,1.0,0.9263803680981595,0.8792666465241388,587.0,749.0,163.0,163.0,17.0,717.0,1215.5777721029544,645.4833873268856,116.54342086002525,179.0,232.47283699236496,-11.001841797062717,-232.2123584487938,1.565449810782131,0.8208550810813904,0.9166818857192993,0.0,1.0,1.0,0.0,1.0,1.0
SNPT-061,0,,1.0,0.0,0.0,,0.0,0.0,0.5352258823685727,0.0,125.0,126.0,126.0,32.0,318.0,17.042534122808856,318.5421615359696,77.8867025358582,,1.0,0.0,0.0,1.0,1.0,0.8833333333333333,0.925601305826655,655.0,714.0,60.0,60.0,7.0,369.5,9.412625859183487,298.09504226876413,78.02101780449385,530.0,51.93798025081447,-10.042534122808856,50.957838464030374,0.9982784732573956,0.5493510961532593,0.9040442705154419,0.0,0.0,0.0,0.0,0.0,0.0
SNPT-061,1,44.0,0.001872029375734105,0.9997806768668326,0.15833333333333333,0.0,1.0,0.8583333333333333,0.8876144747132236,0.0,163.0,164.0,120.0,496.0,575.0,11.817011132132848,579.6064246948794,104.35906996461536,44.0,0.040759801132285896,0.9867607315381368,0.18404907975460122,0.0,1.0,0.9263803680981595,0.8792666465241388,587.0,749.0,163.0,163.0,17.0,717.0,1215.5777721029544,645.4833873268856,116.54342086002525,424.0,137.49130121112495,5.182988867867152,137.39357530512063,0.8954522631522552,0.9866207242012024,0.997094988822937,1.0,0.0,1.0,1.0,0.0,1.0
SNPT-061,1,36.0,0.011326850717553062,0.9957567312853123,0.3716012084592145,0.0,1.0,0.8700906344410876,0.9154057241976261,160.0,491.0,332.0,331.0,1910.0,380.0,8.72122421217231,461.64962211345573,95.79416647677739,,1.0,0.0,0.0,0.0,1.0,0.9612903225806452,0.9299642963697446,595.0,749.0,155.0,155.0,7.0,370.0,77.88490493269944,298.93895780360396,81.02945349979369,104.0,91.66578339995684,-1.7212242121723094,-91.64962211345573,1.182214149784699,0.9377514123916626,0.9877827167510986,0.0,0.0,0.0,1.0,0.0,1.0
SNPT-061,1,14.0,0.00984815855830469,0.9883293823762374,0.4024390243902439,0.0,1.0,0.8829268292682927,0.891033077272921,0.0,409.0,410.0,410.0,1353.0,466.0,30.42512421013874,394.72142331857225,97.66039870912735,,1.0,0.0,0.0,0.0,1.0,0.8874172185430463,0.9440679656925486,599.0,749.0,151.0,151.0,7.0,414.5,228.84494166178405,519.4252149447208,101.5416554314937,190.0,30.658254024055996,-23.42512421013874,19.77857668142775,0.9617767042907344,0.9681920409202576,0.992088794708252,0.0,0.0,0.0,1.0,0.0,1.0
SNPT-061,0,10.0,0.03872433956466675,0.9707497130883368,0.16666666666666666,0.0,0.9953703703703703,0.9473684210526315,0.9054006867938571,0.0,227.0,228.0,228.0,672.5,413.0,30.403672795092735,455.5866703711631,91.66351562300719,24.0,0.06540962070640591,0.9573770243870584,0.3275862068965517,1.0,1.0,0.896551724137931,0.9132077327141395,351.0,408.0,58.0,58.0,7.0,968.0,28.001841797062717,949.2123584487938,182.4428761332288,124.0,512.9475141587205,-23.403672795092735,512.4133296288369,0.502423101223585,0.7879087924957275,0.9257902503013611,0.0,1.0,1.0,0.0,1.0,1.0
SNPT-061,1,24.0,0.00039866472283869197,0.9999678432941437,0.5316455696202531,1.0,1.0,0.9430379746835443,0.8843072444800563,0.0,157.0,158.0,158.0,450.5,825.0,8.140362059926021,934.5606411888496,142.4552833956321,24.0,0.06540962070640591,0.9573770243870584,0.3275862068965517,1.0,1.0,0.896551724137931,0.9132077327141395,351.0,408.0,58.0,58.0,7.0,968.0,28.001841797062717,949.2123584487938,182.4428761332288,194.0,33.45879769699717,-1.1403620599260211,33.43935881115044,0.7808212982325724,0.971037745475769,0.9768654108047485,1.0,0.0,1.0,1.0,0.0,1.0
SNPT-061,0,,1.0,0.0,0.0,1.0,0.9622641509433962,0.902676399026764,0.9166446262292784,0.0,410.0,411.0,411.0,1301.5,260.5,13.241046796253677,378.86255675789477,71.20077734902915,,1.0,0.0,0.0,0.0,1.0,0.8874172185430463,0.9440679656925486,599.0,749.0,151.0,151.0,7.0,414.5,228.84494166178405,519.4252149447208,101.5416554314937,189.0,36.17980135306578,-6.241046796253677,35.637443242105235,0.7011977207429478,0.8005171418190002,0.9588022828102112,0.0,0.0,0.0,0.0,1.0,1.0
SNPT-061,0,14.0,0.00984815855830469,0.9883293823762374,0.4024390243902439,0.0,1.0,0.8829268292682927,0.891033077272921,0.0,409.0,410.0,410.0,1353.0,466.0,30.42512421013874,394.72142331857225,97.66039870912735,24.0,0.05272042118281206,0.9552180422676935,0.2542372881355932,1.0,1.0,0.9830508474576272,0.9138864278793335,573.0,749.0,177.0,177.0,6.5,815.5,1386.7816101800186,521.0275316229546,115.42999449751682,164.0,421.45820927171263,-23.92512421013874,420.77857668142775,0.8460573799232769,0.8776617646217346,0.9699089527130127,0.0,1.0,1.0,0.0,1.0,1.0
SNPT-061,0,4.0,0.1569816028873902,0.9291484363377094,0.2564102564102564,1.0,1.0,0.8910256410256411,0.921650823929327,0.0,155.0,156.0,156.0,425.5,552.5,4.896061173117788,757.0017087962054,130.45894545350208,9.0,0.07588609523599475,0.9432299955094114,0.16319444444444445,1.0,0.9650735294117647,0.9444444444444444,0.9029648485867416,168.0,749.0,582.0,576.0,1910.5,481.5,243.0505328722656,320.7897003133651,98.0915911755716,13.0,1925.416205193609,1905.6039388268823,-275.50170879620543,1.3299707333730268,0.9561076164245605,0.9865084886550903,0.0,1.0,0.0,1.0,0.0,1.0
SNPT-061,1,4.0,0.023264227572907557,0.9810005247014241,0.6217303822937625,0.0,1.0,0.9094567404426559,0.8918985945988546,0.0,496.0,497.0,497.0,551.0,631.5,15.646761955894505,525.3281711495049,129.9887648300295,4.0,0.012850320492621645,0.922017177939415,0.054945054945054944,0.0,1.0,0.9560439560439561,0.9145354724478447,568.0,749.0,182.0,182.0,6.5,438.5,1237.3421778255051,529.6746774594278,98.14682855338033,72.0,87.308616753706,-9.146761955894505,-86.8281711495049,1.324431637231466,0.9251272678375244,0.9853737354278564,1.0,0.0,1.0,1.0,0.0,1.0
SNPT-061,1,24.0,0.06540962070640591,0.9573770243870584,0.3275862068965517,1.0,1.0,0.896551724137931,0.9132077327141395,351.0,408.0,58.0,58.0,7.0,968.0,28.001841797062717,949.2123584487938,182.4428761332288,24.0,0.05272042118281206,0.9552180422676935,0.2542372881355932,1.0,1.0,0.9830508474576272,0.9138864278793335,573.0,749.0,177.0,177.0,6.5,815.5,1386.7816101800186,521.0275316229546,115.42999449751682,165.0,135.43014436455655,-21.501841797062717,-133.7123584487938,1.5805499855339038,0.9396045207977295,0.9616349935531616,1.0,0.0,1.0,1.0,0.0,1.0
SNPT-061,0,50.0,0.002021404602654751,0.9983156421221793,0.7852760736196319,0.0,1.0,0.8159509202453987,0.8282071515581662,0.0,325.0,326.0,326.0,1273.0,765.5,1891.9818439427431,649.4878215675105,157.6457612790239,,1.0,0.0,0.0,0.0,1.0,0.926829268292683,0.9187771054474931,586.0,749.0,164.0,164.0,7.0,404.5,416.62808084657684,382.13408466716726,87.94830891830063,261.0,1900.8354964883674,-1884.9818439427431,-244.98782156751054,1.7924820069646656,0.8275625109672546,0.9228326082229614,0.0,0.0,0.0,1.0,0.0,1.0
SNPT-061,1,24.0,0.00039866472283869197,0.9999678432941437,0.5316455696202531,1.0,1.0,0.9430379746835443,0.8843072444800563,0.0,157.0,158.0,158.0,450.5,825.0,8.140362059926021,934.5606411888496,142.4552833956321,24.0,0.05272042118281206,0.9552180422676935,0.2542372881355932,1.0,1.0,0.9830508474576272,0.9138864278793335,573.0,749.0,177.0,177.0,6.5,815.5,1386.7816101800186,521.0275316229546,115.42999449751682,416.0,119.07194072487282,-1.6403620599260211,-119.06064118884956,1.2341270916260563,0.9719328880310059,0.9680817723274231,1.0,0.0,1.0,1.0,0.0,1.0
SNPT-061,0,50.0,0.002021404602654751,0.9983156421221793,0.7852760736196319,0.0,1.0,0.8159509202453987,0.8282071515581662,0.0,325.0,326.0,326.0,1273.0,765.5,1891.9818439427431,649.4878215675105,157.6457612790239,24.0,0.05272042118281206,0.9552180422676935,0.2542372881355932,1.0,1.0,0.9830508474576272,0.9138864278793335,573.0,749.0,177.0,177.0,6.5,815.5,1386.7816101800186,521.0275316229546,115.42999449751682,248.0,1892.7762221735636,-1885.4818439427431,166.01217843248946,1.365726143930599,0.8303913474082947,0.911143958568573,0.0,1.0,1.0,0.0,1.0,1.0
SNPT-061,1,25.0,0.03494960299042903,0.9839788713762837,0.24031007751937986,1.0,0.9953488372093023,0.8333333333333334,0.8755040226980697,155.0,412.0,258.0,258.0,1911.5,465.5,26.440556531614853,307.6096958036216,91.61333573132795,,1.0,0.0,0.0,1.0,1.0,0.8833333333333333,0.925601305826655,655.0,714.0,60.0,60.0,7.0,369.5,9.412625859183487,298.09504226876413,78.02101780449385,243.0,64.87175804446159,-19.440556531614853,61.890304196378395,1.1742135428288556,0.8928498029708862,0.9753055572509766,0.0,0.0,0.0,1.0,0.0,1.0
SNPT-061,0,3.0,0.006587403826415539,0.9993552565574646,0.005263157894736842,1.0,1.0,0.9,0.930580270917792,0.0,251.0,252.0,190.0,488.5,418.0,6.999992312210754,572.7779341248579,97.99757731932935,10.0,0.047029492874772726,0.9814354479312897,0.29201101928374656,1.0,0.9971509971509972,0.9669421487603306,0.8881246530771935,387.0,749.0,363.0,363.0,1908.0,786.0,1584.3699581619758,645.8972438585868,126.71949439171318,136.0,1912.920457992187,1901.0000076877893,213.2220658751421,0.7733425530913253,0.8653113842010498,0.9896575212478638,0.0,1.0,1.0,1.0,0.0,1.0
SNPT-061,0,27.0,0.02151565010640768,0.991023019436867,0.1901840490797546,0.0,1.0,0.9263803680981595,0.9010900345859149,0.0,162.0,163.0,163.0,594.5,502.5,20.919353735600836,557.4797608343714,111.6597207763024,,1.0,0.0,0.0,0.0,1.0,0.9612903225806452,0.9299642963697446,595.0,749.0,155.0,155.0,7.0,370.0,77.88490493269944,298.93895780360396,81.02945349979369,433.0,187.9957689176272,-13.919353735600836,-187.4797608343714,1.3780139931042075,0.8224442005157471,0.9781800508499146,0.0,0.0,0.0,1.0,0.0,1.0
SNPT-061,1,8.0,0.017984042217804922,0.986916523900899,0.4793028322440087,0.0,1.0,0.8322440087145969,0.8839316436757592,0.0,490.0,491.0,459.0,1524.5,571.5,11.959790469056749,478.5263039690403,116.44467041811275,,1.0,0.0,0.0,0.0,1.0,0.926829268292683,0.9187771054474931,586.0,749.0,164.0,164.0,7.0,404.5,416.62808084657684,382.13408466716726,87.94830891830063,96.0,74.19227184022405,-4.959790469056749,-74.02630396904033,1.32401261434468,0.9412265419960022,0.9858109951019287,0.0,0.0,0.0,1.0,0.0,1.0
SNPT-062,1,50.0,0.0017941030428604524,0.9964586446820204,0.6097972972972973,0.0,1.0,0.9746621621621622,0.8155671373603662,0.0,591.0,592.0,592.0,1675.0,569.0,1907.9836579968864,1000.1984763636394,143.11121653168786,50.0,0.0023127619050986445,0.9872464798390865,0.3137254901960784,0.0,1.0,0.8823529411764706,0.8814553512467278,699.0,749.0,51.0,51.0,1895.0,836.0,1646.6793107331864,896.2889074063012,173.1519661687442,108.0,164.7110045355828,-12.98365799688645,-164.19847636363943,0.8265064480539579,0.9625526666641235,0.9523589611053467,1.0,0.0,1.0,1.0,0.0,1.0
SNPT-062,1,5.0,0.009368686532589625,0.9922129482030868,0.17064846416382254,0.0,1.0,0.8447098976109215,0.9024468765114293,0.0,585.0,586.0,586.0,1546.0,454.0,1903.7243909307836,544.3328442797288,103.21358054773954,,1.0,0.0,0.0,0.0,1.0,0.967741935483871,0.8528021375338236,719.0,749.0,31.0,31.0,1907.5,628.0,1891.3109923250763,605.2084603960614,136.5611197980605,134.0,83.75230247678965,3.7756090692164435,83.66715572027124,0.7558050248882436,0.965756893157959,0.9671072363853455,0.0,0.0,0.0,1.0,0.0,1.0
SNPT-062,1,,1.0,0.0,0.0,1.0,1.0,0.8269230769230769,0.8976066191067067,128.0,283.0,156.0,156.0,13.0,576.0,6.111817436618024,369.91702089189675,92.06078893236632,3.0,0.03658065509356173,0.9922338128089905,0.16853932584269662,1.0,1.0,0.8539325842696629,0.8990189813469586,562.0,739.0,178.0,178.0,17.0,416.0,9.561818660412268,439.0183426245083,98.33296631975799,279.0,47.35180548840155,10.888182563381976,46.082979108103245,0.9362149071452205,0.9704902172088623,0.978661298751831,0.0,0.0,0.0,1.0,0.0,1.0
SNPT-062,0,50.0,0.0017941030428604524,0.9964586446820204,0.6097972972972973,0.0,1.0,0.9746621621621622,0.8155671373603662,0.0,591.0,592.0,592.0,1675.0,569.0,1907.9836579968864,1000.1984763636394,143.11121653168786,,1.0,0.0,0.0,0.0,1.0,0.967741935483871,0.8528021375338236,719.0,749.0,31.0,31.0,1907.5,628.0,1891.3109923250763,605.2084603960614,136.5611197980605,128.0,372.19879061124396,-0.48365799688644984,-372.19847636363943,1.047964579840245,0.8522497415542603,0.9430937767028809,0.0,0.0,0.0,1.0,0.0,1.0
SNPT-062,0,8.0,0.017116834861212737,0.9921324904574904,0.20806451612903226,0.0,1.0,0.9354838709677419,0.8783346671482612,0.0,628.0,629.0,620.0,1262.0,421.0,1911.0692398747376,460.0459550835862,93.451781551462,,1.0,0.0,0.0,1.0,1.0,0.875,0.8564748366673788,637.0,660.0,24.0,24.0,15.5,503.5,7.429215568479489,489.27816165076024,119.16719475555267,9.0,1896.067244899001,-1895.5692398747376,43.45404491641381,0.7842072790515828,0.854758620262146,0.9408453106880188,0.0,0.0,0.0,0.0,1.0,1.0
SNPT-062,0,8.0,0.017116834861212737,0.9921324904574904,0.20806451612903226,0.0,1.0,0.9354838709677419,0.8783346671482612,0.0,628.0,629.0,620.0,1262.0,421.0,1911.0692398747376,460.0459550835862,93.451781551462,,1.0,0.0,0.0,0.0,1.0,0.967741935483871,0.8528021375338236,719.0,749.0,31.0,31.0,1907.5,628.0,1891.3109923250763,605.2084603960614,136.5611197980605,91.0,167.99196610870462,-3.5692398747376046,167.9540449164138,0.6843220214483716,0.8899941444396973,0.9697539210319519,0.0,0.0,0.0,1.0,0.0,1.0
SNPT-062,0,8.0,0.017116834861212737,0.9921324904574904,0.20806451612903226,0.0,1.0,0.9354838709677419,0.8783346671482612,0.0,628.0,629.0,620.0,1262.0,421.0,1911.0692398747376,460.0459550835862,93.451781551462,,1.0,0.0,0.0,1.0,1.0,0.8636363636363636,0.8865266928547307,706.0,749.0,44.0,44.0,1904.5,431.5,1871.0254393290516,447.9486294280632,111.61657748736492,78.0,29.292088764134984,-6.569239874737605,-28.545955083586193,0.8372571857620417,0.7579621076583862,0.9459471702575684,0.0,0.0,0.0,0.0,1.0,1.0
SNPT-062,0,24.0,0.0452635761743295,0.9740845852119978,0.3028169014084507,1.0,0.9924528301886792,0.9330985915492958,0.8800958707647504,0.0,283.0,284.0,284.0,1443.0,741.5,12.286844353080319,832.2635491468031,140.20413925808214,,1.0,0.0,0.0,0.0,1.0,0.9642857142857143,0.8034910250593115,666.0,749.0,84.0,84.0,1906.505882521663,477.4880071215976,1183.1244028529363,505.2439214372938,116.52071056772077,383.0,1927.1563117141245,1894.2190381685825,-354.77554202520554,1.2032551001016834,0.8467460870742798,0.8949084877967834,0.0,0.0,0.0,0.0,1.0,1.0
SNPT-062,1,9.0,0.10126190776252376,0.9366990334176003,0.07496012759170653,1.0,1.0,0.9074960127591707,0.898291015876408,0.0,626.0,627.0,627.0,1406.5,390.5,1904.5322759731475,446.13095817309886,92.63539619526026,,1.0,0.0,0.0,1.0,1.0,0.8636363636363636,0.8865266928547307,706.0,749.0,44.0,44.0,1904.5,431.5,1871.0254393290516,447.9486294280632,111.61657748736492,80.0,14.630993773541528,-0.03227597314753439,-14.630958173098861,0.8299429912706887,0.8779293298721313,0.9786171913146973,0.0,0.0,0.0,1.0,0.0,1.0
SNPT-062,0,,1.0,0.0,0.0,1.0,1.0,0.007246376811594203,0.5285904784412945,0.0,137.0,138.0,138.0,1776.5,298.0,1909.989086987138,341.36140111384583,90.67876717440163,,1.0,0.0,0.0,1.0,0.9950980392156863,0.8869565217391304,0.8370435106403687,520.0,749.0,230.0,230.0,13.5,327.5,385.16894058407905,367.23824575608273,71.26328266538454,383.0,1896.5397426635034,-1896.489086987138,-13.86140111384583,1.2724472376634985,0.756342351436615,0.9466629028320312,0.0,0.0,0.0,1.0,0.0,1.0
SNPT-062,1,,1.0,0.0,0.0,0.0,1.0,0.9,0.8384454846382141,0.0,9.0,10.0,10.0,76.5,292.5,7.39769036333946,302.0057050633817,81.39844881063425,,1.0,0.0,0.0,0.0,1.0,0.774294670846395,0.8658764203067734,112.0,749.0,638.0,638.0,14.5,434.0,1097.8750987639055,417.0491338274078,71.0124164059194,103.0,132.1852363087118,7.10230963666054,131.9942949366183,1.1462565693490343,0.9491028785705566,0.9825421571731567,0.0,0.0,0.0,1.0,0.0,1.0
SNPT-062,1,,1.0,0.0,0.0,1.0,1.0,0.813953488372093,0.9239588090351649,225.0,267.0,43.0,43.0,18.5,491.5,8.752736597203874,448.48255053036354,92.90949236201611,,1.0,0.0,0.0,1.0,1.0,0.875,0.8564748366673788,637.0,660.0,24.0,24.0,15.5,503.5,7.429215568479489,489.27816165076024,119.16719475555267,370.0,55.42964287789263,6.747263402796126,55.01744946963646,0.7796566207050614,0.9391791820526123,0.9633593559265137,0.0,0.0,0.0,1.0,0.0,1.0
SNPT-062,0,,1.0,0.0,0.0,0.0,1.0,0.9642857142857143,0.8034910250593115,666.0,749.0,84.0,84.0,1906.505882521663,477.4880071215976,1183.1244028529363,505.2439214372938,116.52071056772077,,1.0,0.0,0.0,1.0,1.0,0.007246376811594203,0.5285904784412945,0.0,137.0,138.0,138.0,1776.5,298.0,1909.989086987138,341.36140111384583,90.67876717440163,529.0,136.1711627935151,-3.4832044654751826,136.12660600775177,1.2849834001780986,0.706452488899231,0.9345186948776245,0.0,0.0,0.0,0.0,1.0,1.0
SNPT-062,0,9.0,0.10126190776252376,0.9366990334176003,0.07496012759170653,1.0,1.0,0.9074960127591707,0.898291015876408,0.0,626.0,627.0,627.0,1406.5,390.5,1904.5322759731475,446.13095817309886,92.63539619526026,,1.0,0.0,0.0,0.0,1.0,0.967741935483871,0.8528021375338236,719.0,749.0,31.0,31.0,1907.5,628.0,1891.3109923250763,605.2084603960614,136.5611197980605,93.0,181.89325375322383,2.9677240268524656,181.86904182690114,0.6783438531570675,0.8001788854598999,0.9361802339553833,0.0,0.0,0.0,0.0,1.0,1.0
SNPT-062,1,,1.0,0.0,0.0,0.0,1.0,0.9642857142857143,0.8034910250593115,666.0,749.0,84.0,84.0,1906.505882521663,477.4880071215976,1183.1244028529363,505.2439214372938,116.52071056772077,8.0,0.017116834861212737,0.9921324904574904,0.20806451612903226,0.0,1.0,0.9354838709677419,0.8783346671482612,0.0,628.0,629.0,620.0,1262.0,421.0,1911.0692398747376,460.0459550835862,93.451781551462,38.0,18.029126701772302,-4.563357353074707,17.44205203801141,1.2468538173727075,0.9840232133865356,0.9477238059043884,0.0,0.0,0.0,1.0,0.0,1.0
SNPT-062,1,,1.0,0.0,0.0,1.0,0.99375,0.9248554913294798,0.8672517590224743,149.0,321.0,173.0,173.0,20.0,418.5,7.2621238013075615,295.2922690659327,67.3133276981509,,1.0,0.0,0.0,1.0,0.9950980392156863,0.8869565217391304,0.8370435106403687,520.0,749.0,230.0,230.0,13.5,327.5,385.16894058407905,367.23824575608273,71.26328266538454,199.0,32.80623464208425,6.2378761986924385,32.207730934067285,0.944572368553655,0.9514174461364746,0.9898818731307983,0.0,0.0,0.0,1.0,0.0,1.0
SNPT-063,0,4.0,0.04785864507048245,0.9825235539012485,0.6428571428571429,1.0,0.9906542056074766,0.8492063492063492,0.86150879392,371.0,531.0,161.0,126.0,15.5,696.5,7.96967404961042,586.2836010065744,121.5834069772674,,1.0,0.0,0.0,0.0,1.0,0.873015873015873,0.8906595013358376,624.0,749.0,126.0,126.0,1904.5,621.5,1254.926671940241,659.5242832175006,116.33979364306145,93.0,1896.8572618959909,1896.5303259503896,35.21639899342563,1.045071537175781,0.7291674017906189,0.9283080697059631,0.0,0.0,0.0,0.0,1.0,1.0
SNPT-063,0,,1.0,0.0,0.0,0.0,1.0,0.7692307692307693,0.6670577436685562,0.0,103.0,104.0,104.0,86.0,485.5,7.117650705658029,509.3669260414371,82.03843764837808,14.0,0.6285740882158279,0.7630031108856201,0.0030581039755351682,1.0,0.9752650176678446,0.8654434250764526,0.9210124036869818,296.0,641.0,346.0,327.0,5.5,501.5,18.341682305095393,418.7128848713416,80.28034983415513,193.0,8.031520350902282,-1.6176507056580292,-7.866926041437125,1.0218993541739023,0.6304652690887451,0.8985446691513062,0.0,0.0,0.0,0.0,1.0,1.0
SNPT-063,0,,1.0,0.0,0.0,1.0,0.9885714285714285,0.8793969849246231,0.8943305563926697,0.0,198.0,199.0,199.0,1359.0,493.0,17.215802824602925,501.0153405576995,103.14505140598378,4.0,0.008434943803383058,0.9953622749357512,0.4647887323943662,0.0,1.0,0.9323943661971831,0.8903431487227494,290.0,644.0,355.0,355.0,9.0,609.5,27.40456163271319,534.8559984229412,100.02442763550913,92.0,108.79531584753393,-8.215802824602925,108.48465944230048,1.0311986166203946,0.6583187580108643,0.957877516746521,0.0,0.0,0.0,0.0,1.0,1.0
SNPT-063,0,10.0,0.030490349294719176,0.9770872315069786,0.5659574468085107,0.0,1.0,0.8680851063829788,0.8950073090838451,0.0,234.0,235.0,235.0,1706.0,634.0,18.83148997917005,507.8551434455401,114.61156497797593,24.0,0.00029779108154999136,0.9999762569234965,0.6915584415584416,1.0,1.0,0.8116883116883117,0.8179410331249237,318.0,625.0,308.0,308.0,16.0,917.0,10.345089501372644,904.3510454777054,168.11461785148535,84.0,409.15465411073075,-2.831489979170051,409.1448565544599,0.6817465752991526,0.8552121520042419,0.9140142798423767,0.0,1.0,1.0,0.0,1.0,1.0
SNPT-063,0,8.0,0.046984178294223966,0.9826927594840527,0.08602150537634409,1.0,1.0,0.989247311827957,0.8981667484926141,0.0,185.0,186.0,186.0,1032.5,547.0,13.075242251865593,557.4155942336707,108.15554792600908,9.0,0.1335661124321632,0.8988343256971111,0.1411042944785276,1.0,1.0,0.950920245398773,0.9069176297033986,207.0,369.0,163.0,163.0,1912.5,587.5,1909.4031987830144,549.6227586626735,102.08958661888282,22.0,1899.6629916426946,1899.4247577481344,30.08440576632927,1.0594180220336427,0.9261550903320312,0.9734528064727783,0.0,1.0,1.0,1.0,0.0,1.0
SNPT-063,0,27.0,0.001669547593622698,0.987974247833093,0.3508771929824561,0.0,0.9620253164556962,0.9239766081871345,0.8765687674661226,0.0,170.0,171.0,171.0,589.0,520.5,29.04010793837199,533.9426827132025,117.00081878899039,,1.0,0.0,0.0,0.0,1.0,0.873015873015873,0.8906595013358376,624.0,749.0,126.0,126.0,1904.5,621.5,1254.926671940241,659.5242832175006,116.33979364306145,454.0,1877.502620648577,1875.4598920616281,87.55731728679746,1.005681849049492,0.8550271391868591,0.9924095273017883,0.0,0.0,0.0,1.0,0.0,1.0
SNPT-063,1,4.0,0.04759248133371035,0.9705469100861936,0.3474178403755869,0.0,1.0,0.9671361502347418,0.9097110033035278,0.0,212.0,213.0,213.0,1750.5,660.0,8.336861809272435,626.2934497932239,125.119491507166,,1.0,0.0,0.0,0.0,1.0,0.9230769230769231,0.8904980073372523,737.0,749.0,13.0,13.0,17.5,549.5,140.02953496869964,550.1343423619486,96.16037947530869,525.0,77.33819905225856,9.163138190727565,-76.79344979322389,1.3011543027374721,0.9403122067451477,0.9674957394599915,0.0,0.0,0.0,1.0,0.0,1.0
SNPT-063,1,5.0,0.004597744267844713,0.9992558509111404,0.25688073394495414,0.0,1.0,0.8486238532110092,0.9082117834606687,203.0,420.0,218.0,218.0,1906.5,584.0,1905.291512359876,538.9135395221028,98.09434221279331,5.0,0.024455110769486053,0.9960242629051208,0.03676470588235294,0.0,1.0,0.8235294117647058,0.8801869281700679,614.0,749.0,136.0,136.0,1899.5,511.0,1258.695305589683,508.9488383772091,100.29963898259042,194.0,28.508021749440854,-5.791512359875924,-27.913539522102838,0.9780129141822743,0.9559282064437866,0.9925246834754944,1.0,0.0,1.0,1.0,0.0,1.0
SNPT-063,1,,1.0,0.0,0.0,1.0,1.0,0.877906976744186,0.89102694135628,0.0,214.0,215.0,172.0,825.5,501.0,8.182720341256623,595.3757482433582,108.38888566821109,4.0,0.04785864507048245,0.9825235539012485,0.6428571428571429,1.0,0.9906542056074766,0.8492063492063492,0.86150879392,371.0,531.0,161.0,126.0,15.5,696.5,7.96967404961042,586.2836010065744,121.5834069772674,157.0,101.38864273154529,7.317279658743377,101.1242517566418,0.8914776149386626,0.8616409301757812,0.949429988861084,0.0,0.0,0.0,1.0,0.0,1.0
SNPT-063,0,44.0,0.056743440907545545,0.9851547439893087,0.14423076923076922,0.0,1.0,0.8653846153846154,0.8826894750197728,0.0,207.0,208.0,208.0,1396.0,564.0,10.729096143507386,571.294854750437,105.32433256226493,5.0,0.024455110769486053,0.9960242629051208,0.03676470588235294,0.0,1.0,0.8235294117647058,0.8801869281700679,614.0,749.0,136.0,136.0,1899.5,511.0,1258.695305589683,508.9488383772091,100.29963898259042,407.0,1889.733049074458,1888.7709038564926,-60.294854750437025,1.0500968261764798,0.9007076621055603,0.9894660711288452,0.0,1.0,1.0,1.0,0.0,1.0
SNPT-063,1,25.0,0.16110380506142974,0.9680684804916382,0.0044444444444444444,1.0,1.0,0.8888888888888888,0.9145061561465263,0.0,272.0,273.0,225.0,1424.0,527.0,7.39883014321299,437.9785528175299,104.64444939501445,14.0,0.6285740882158279,0.7630031108856201,0.0030581039755351682,1.0,0.9752650176678446,0.8654434250764526,0.9210124036869818,296.0,641.0,346.0,327.0,5.5,501.5,18.341682305095393,418.7128848713416,80.28034983415513,24.0,63.54982146369977,-1.8988301432129902,63.521447182470126,1.3034877103947753,0.9779989719390869,0.9940544962882996,0.0,1.0,0.0,1.0,0.0,1.0
SNPT-063,1,27.0,0.013497111282390506,0.9725406490839444,0.0718232044198895,1.0,0.8881987577639752,0.8895027624309392,0.9052507266494798,0.0,180.0,181.0,181.0,648.0,535.0,15.746336403227936,500.3134194170614,104.54712729739092,,1.0,0.0,0.0,1.0,1.0,0.9421487603305785,0.9225375673227143,380.0,644.0,265.0,242.0,15.5,438.0,13.335283465809397,435.7709432110896,77.9050836541986,200.0,62.31390632170449,-0.24633640322793582,-62.313419417061425,1.3419808104109066,0.959522008895874,0.9925476312637329,0.0,0.0,0.0,1.0,0.0,0.0
SNPT-063,1,,1.0,0.0,0.0,1.0,0.9885714285714285,0.8793969849246231,0.8943305563926697,0.0,198.0,199.0,199.0,1359.0,493.0,17.215802824602925,501.0153405576995,103.14505140598378,17.0,0.11035061779740517,0.9462549371131952,0.42073170731707316,1.0,1.0,0.8810975609756098,0.8798044790033651,313.0,643.0,331.0,328.0,8.5,591.5,36.97364587748987,444.1988062686091,91.53269869483368,115.0,90.90345875304446,-8.715802824602925,90.48465944230048,1.1268656215399615,0.9189729690551758,0.9675040245056152,0.0,0.0,0.0,1.0,0.0,1.0
SNPT-063,0,4.0,0.04785864507048245,0.9825235539012485,0.6428571428571429,1.0,0.9906542056074766,0.8492063492063492,0.86150879392,371.0,531.0,161.0,126.0,15.5,696.5,7.96967404961042,586.2836010065744,121.5834069772674,,1.0,0.0,0.0,1.0,1.0,0.8666666666666667,0.9307138736431415,735.0,749.0,15.0,15.0,9.0,440.5,174.36631919346337,447.2440765392708,81.66671937818164,204.0,145.78724187667493,1.0303259503895799,-145.78360100657437,1.4887754510407092,0.760969340801239,0.9266504049301147,0.0,0.0,0.0,1.0,0.0,1.0
SNPT-063,0,10.0,0.19131997950614238,0.8997280222398264,0.08181818181818182,1.0,1.0,0.9575757575757575,0.8873606542997723,0.0,329.0,330.0,330.0,773.0,629.5,1911.1349152405458,948.3584880838041,142.1300595084623,,1.0,0.0,0.0,0.0,1.0,0.9230769230769231,0.8904980073372523,737.0,749.0,13.0,13.0,17.5,549.5,140.02953496869964,550.1343423619486,96.16037947530869,408.0,1935.1850779019992,-1893.6349152405458,-398.8584880838041,1.4780521903509891,0.6851662397384644,0.9074873924255371,0.0,0.0,0.0,0.0,1.0,1.0
SNPT-063,1,44.0,0.056743440907545545,0.9851547439893087,0.14423076923076922,0.0,1.0,0.8653846153846154,0.8826894750197728,0.0,207.0,208.0,208.0,1396.0,564.0,10.729096143507386,571.294854750437,105.32433256226493,44.0,0.01474595070601618,0.9926272313270343,0.5614617940199336,0.0,1.0,0.9102990033222591,0.8891386929219657,319.0,619.0,301.0,301.0,12.0,602.5,10.59302037817509,585.8527373663921,105.83625068031712,112.0,31.2310148195471,1.2709038564926143,31.205145249562975,0.9951631117432678,0.9750418663024902,0.978203296661377,1.0,0.0,1.0,1.0,0.0,1.0
SNPT-063,1,50.0,0.014448697986485275,0.9932185411453247,0.5884615384615385,0.0,1.0,0.9538461538461539,0.8535568858346632,107.0,421.0,315.0,260.0,1912.5,802.0,1911.0194310325833,555.1143735101457,115.50555604268182,,1.0,0.0,0.0,0.0,1.0,0.873015873015873,0.8906595013358376,624.0,749.0,126.0,126.0,1904.5,621.5,1254.926671940241,659.5242832175006,116.33979364306145,203.0,66.70498021466655,-6.51943103258327,66.3856264898543,0.9928293013572025,0.9596549272537231,0.9863013029098511,0.0,0.0,0.0,1.0,0.0,1.0
SNPT-063,0,10.0,0.030490349294719176,0.9770872315069786,0.5659574468085107,0.0,1.0,0.8680851063829788,0.8950073090838451,0.0,234.0,235.0,235.0,1706.0,634.0,18.83148997917005,507.8551434455401,114.61156497797593,,1.0,0.0,0.0,0.0,1.0,0.873015873015873,0.8906595013358376,624.0,749.0,126.0,126.0,1904.5,621.5,1254.926671940241,659.5242832175006,116.33979364306145,390.0,1889.0899616231782,1885.66851002083,113.64485655445992,0.9851449911421724,0.8033016920089722,0.987885594367981,0.0,0.0,0.0,1.0,0.0,1.0
SNPT-063,1,,1.0,0.0,0.0,0.0,1.0,0.6956521739130435,0.9217287041246891,725.0,749.0,25.0,23.0,8.832849917444491,358.4701003977491,379.1707285017409,423.83301555689394,78.80630790577406,14.0,0.019336968168109554,0.9872609461253544,0.16084977238239756,0.0,1.0,0.8679817905918058,0.9089060797766372,0.0,658.0,659.0,659.0,1293.5,388.5,15.997411350010708,399.9195124593454,84.26819145925649,67.0,42.064054735284635,-7.164561432566217,-41.44941206159632,0.9351845167328263,0.9229165315628052,0.9912819862365723,0.0,0.0,0.0,1.0,0.0,1.0
SNPT-063,1,25.0,0.16110380506142974,0.9680684804916382,0.0044444444444444444,1.0,1.0,0.8888888888888888,0.9145061561465263,0.0,272.0,273.0,225.0,1424.0,527.0,7.39883014321299,437.9785528175299,104.64444939501445,,1.0,0.0,0.0,1.0,1.0,0.8,0.9324506521224976,740.0,749.0,10.0,10.0,7.5,422.0,68.76021983738434,423.4993353370106,77.79869544318476,468.0,15.97887309801646,0.10116985678700985,-15.978552817529874,1.345066890889382,0.9066978693008423,0.98879075050354,0.0,0.0,0.0,1.0,0.0,1.0
SNPT-063,1,8.0,0.05089195267562998,0.9404655315659263,0.11253196930946291,0.0,0.9970588235294118,0.8695652173913043,0.8953987631727668,103.0,493.0,391.0,391.0,1897.0,529.5,1913.93971583986,451.4371520391182,89.08895701474245,8.0,0.017507820407209457,0.9944220196317743,0.2608695652173913,0.0,0.9006211180124224,0.7777777777777778,0.8765574042101084,543.0,749.0,207.0,207.0,1912.563193620429,488.977083944147,910.7326595346246,452.4152978056046,92.49283517229175,50.0,37.56516073244979,-1.3765222194308535,37.53993190502882,0.9631984666573503,0.9669511914253235,0.9924275279045105,1.0,0.0,1.0,1.0,0.0,1.0
SNPT-063,0,10.0,0.19131997950614238,0.8997280222398264,0.08181818181818182,1.0,1.0,0.9575757575757575,0.8873606542997723,0.0,329.0,330.0,330.0,773.0,629.5,1911.1349152405458,948.3584880838041,142.1300595084623,,1.0,0.0,0.0,1.0,1.0,0.8,0.9324506521224976,740.0,749.0,10.0,10.0,7.5,422.0,68.76021983738434,423.4993353370106,77.79869544318476,411.0,1975.0643403445742,-1903.6349152405458,-526.3584880838041,1.8268951516321734,0.7236687541007996,0.9483103156089783,0.0,0.0,0.0,1.0,0.0,1.0
SNPT-063,0,,1.0,0.0,0.0,1.0,1.0,0.95,0.9132480276258368,0.0,159.0,160.0,160.0,522.5,570.5,7.431513708626486,642.6139316055618,110.44732893094938,8.0,0.017507820407209457,0.9944220196317743,0.2608695652173913,0.0,0.9006211180124224,0.7777777777777778,0.8765574042101084,543.0,749.0,207.0,207.0,1912.563193620429,488.977083944147,910.7326595346246,452.4152978056046,92.49283517229175,384.0,1911.3165616304652,1905.1316799118026,-153.63684766141478,1.1941176711170411,0.892993688583374,0.9609359502792358,0.0,0.0,0.0,0.0,1.0,1.0
SNPT-063,0,5.0,0.004597744267844713,0.9992558509111404,0.25688073394495414,0.0,1.0,0.8486238532110092,0.9082117834606687,203.0,420.0,218.0,218.0,1906.5,584.0,1905.291512359876,538.9135395221028,98.09434221279331,,1.0,0.0,0.0,0.0,1.0,0.8201438848920863,0.8915846133441255,611.0,749.0,139.0,139.0,1902.0,367.5,1085.9361001708396,410.4210349922752,88.19317081370782,191.0,171.44513870364108,-3.2915123598759237,-171.41353952210284,1.1122668717740054,0.8787865042686462,0.9928231239318848,0.0,0.0,0.0,1.0,0.0,1.0
SNPT-063,1,,1.0,0.0,0.0,1.0,1.0,0.95,0.9132480276258368,0.0,159.0,160.0,160.0,522.5,570.5,7.431513708626486,642.6139316055618,110.44732893094938,24.0,0.00029779108154999136,0.9999762569234965,0.6915584415584416,1.0,1.0,0.8116883116883117,0.8179410331249237,318.0,625.0,308.0,308.0,16.0,917.0,10.345089501372644,904.3510454777054,168.11461785148535,159.0,274.519823485086,8.568486291373514,274.3860683944382,0.6569763554322207,0.8681665062904358,0.919604480266571,0.0,0.0,0.0,1.0,0.0,1.0
SNPT-063,0,,1.0,0.0,0.0,1.0,1.0,0.877906976744186,0.89102694135628,0.0,214.0,215.0,172.0,825.5,501.0,8.182720341256623,595.3757482433582,108.38888566821109,33.0,0.5868193878377497,0.7448692470788956,0.0547945205479452,0.0,1.0,0.9726027397260274,0.8231533329251787,677.0,749.0,73.0,73.0,1897.5,379.5,1657.460846805397,395.11553594676644,86.79672898771985,463.0,1901.610402237205,1889.3172796587435,-215.8757482433582,1.248766940094553,0.6909728050231934,0.9436888098716736,0.0,0.0,0.0,0.0,1.0,1.0
SNPT-063,0,,1.0,0.0,0.0,1.0,1.0,0.877906976744186,0.89102694135628,0.0,214.0,215.0,172.0,825.5,501.0,8.182720341256623,595.3757482433582,108.38888566821109,,1.0,0.0,0.0,0.0,1.0,0.8201438848920863,0.8915846133441255,611.0,749.0,139.0,139.0,1902.0,367.5,1085.9361001708396,410.4210349922752,88.19317081370782,397.0,1907.477718184806,1893.8172796587435,-227.8757482433582,1.2289940895442242,0.8057024478912354,0.9424310922622681,0.0,0.0,0.0,0.0,1.0,1.0
SNPT-063,1,8.0,0.046984178294223966,0.9826927594840527,0.08602150537634409,1.0,1.0,0.989247311827957,0.8981667484926141,0.0,185.0,186.0,186.0,1032.5,547.0,13.075242251865593,557.4155942336707,108.15554792600908,8.0,0.027810576512414826,0.9843091161211551,0.562111801242236,1.0,1.0,0.8944099378881988,0.8667777590453625,314.0,635.0,322.0,322.0,18.5,557.0,22.61614856322811,512.9513157855049,103.5621009395946,129.0,5.440653930641486,5.424757748134407,-0.41559423367073123,1.0443545171905477,0.9325028657913208,0.9507545828819275,1.0,0.0,1.0,1.0,0.0,1.0
SNPT-063,1,4.0,0.04759248133371035,0.9705469100861936,0.3474178403755869,0.0,1.0,0.9671361502347418,0.9097110033035278,0.0,212.0,213.0,213.0,1750.5,660.0,8.336861809272435,626.2934497932239,125.119491507166,4.0,0.008434943803383058,0.9953622749357512,0.4647887323943662,0.0,1.0,0.9323943661971831,0.8903431487227494,290.0,644.0,355.0,355.0,9.0,609.5,27.40456163271319,534.8559984229412,100.02442763550913,78.0,16.806537662990934,0.6631381907275653,-16.793449793223886,1.2508893523800382,0.9619635343551636,0.9937906861305237,1.0,0.0,1.0,1.0,0.0,1.0
SNPT-063,0,10.0,0.19131997950614238,0.8997280222398264,0.08181818181818182,1.0,1.0,0.9575757575757575,0.8873606542997723,0.0,329.0,330.0,330.0,773.0,629.5,1911.1349152405458,948.3584880838041,142.1300595084623,,1.0,0.0,0.0,0.0,1.0,1.0,0.8850623265556667,727.0,749.0,23.0,23.0,97.0,354.5,511.65658400939094,384.14957294119654,72.54523180474465,398.0,1908.8618060414965,-1814.1349152405458,-593.8584880838041,1.9591922993782014,0.704771876335144,0.92942875623703,0.0,0.0,0.0,0.0,1.0,1.0
SNPT-063,1,10.0,0.19131997950614238,0.8997280222398264,0.08181818181818182,1.0,1.0,0.9575757575757575,0.8873606542997723,0.0,329.0,330.0,330.0,773.0,629.5,1911.1349152405458,948.3584880838041,142.1300595084623,10.0,0.04041388847790473,0.9771949690930983,0.6854838709677419,1.0,1.0,0.9435483870967742,0.8771452883369902,626.0,749.0,124.0,124.0,1895.0,954.5,947.8237306238125,752.9455596172318,174.44621791528687,297.0,17.264230606556776,-16.13491524054575,6.1415119161958955,0.8147500198455567,0.8764559030532837,0.9448928833007812,1.0,0.0,0.0,1.0,0.0,1.0
SNPT-063,0,,1.0,0.0,0.0,1.0,0.9885714285714285,0.8793969849246231,0.8943305563926697,0.0,198.0,199.0,199.0,1359.0,493.0,17.215802824602925,501.0153405576995,103.14505140598378,,1.0,0.0,0.0,1.0,1.0,0.8,0.9324506521224976,740.0,749.0,10.0,10.0,7.5,422.0,68.76021983738434,423.4993353370106,77.79869544318476,542.0,79.6104319042159,-9.715802824602925,-79.01534055769952,1.3257940999963052,0.7315917015075684,0.9771671295166016,0.0,0.0,0.0,1.0,0.0,1.0
SNPT-063,1,4.0,0.008434943803383058,0.9953622749357512,0.4647887323943662,0.0,1.0,0.9323943661971831,0.8903431487227494,290.0,644.0,355.0,355.0,9.0,609.5,27.40456163271319,534.8559984229412,100.02442763550913,,1.0,0.0,0.0,0.0,1.0,0.9230769230769231,0.8904980073372523,737.0,749.0,13.0,13.0,17.5,549.5,140.02953496869964,550.1343423619486,96.16037947530869,93.0,17.6790023283305,-9.90456163271319,14.644001577058816,1.0401833705449615,0.9348502159118652,0.9640703201293945,0.0,0.0,0.0,1.0,0.0,1.0
SNPT-063,1,27.0,0.001669547593622698,0.987974247833093,0.3508771929824561,0.0,0.9620253164556962,0.9239766081871345,0.8765687674661226,0.0,170.0,171.0,171.0,589.0,520.5,29.04010793837199,533.9426827132025,117.00081878899039,27.0,0.0005349618056037974,0.9998240546574668,0.24045801526717558,0.0,1.0,0.8396946564885496,0.9192016663876447,364.0,646.0,283.0,262.0,5.5,483.0,7.442979519182403,541.8640113996252,80.86514085581948,194.0,56.11856737095334,-23.54010793837199,-50.942682713202544,1.4468634760384567,0.9436022043228149,0.9903750419616699,1.0,0.0,1.0,1.0,0.0,1.0
SNPT-063,0,8.0,0.05089195267562998,0.9404655315659263,0.11253196930946291,0.0,0.9970588235294118,0.8695652173913043,0.8953987631727668,103.0,493.0,391.0,391.0,1897.0,529.5,1913.93971583986,451.4371520391182,89.08895701474245,,1.0,0.0,0.0,0.0,1.0,0.873015873015873,0.8906595013358376,624.0,749.0,126.0,126.0,1904.5,621.5,1254.926671940241,659.5242832175006,116.33979364306145,131.0,170.32463266275758,-9.4397158398599,170.0628479608818,0.7657651283796629,0.8517972230911255,0.9839053750038147,0.0,0.0,0.0,1.0,0.0,1.0
SNPT-063,0,27.0,0.001669547593622698,0.987974247833093,0.3508771929824561,0.0,0.9620253164556962,0.9239766081871345,0.8765687674661226,0.0,170.0,171.0,171.0,589.0,520.5,29.04010793837199,533.9426827132025,117.00081878899039,,1.0,0.0,0.0,0.0,1.0,1.0,0.8850623265556667,727.0,749.0,23.0,23.0,97.0,354.5,511.65658400939094,384.14957294119654,72.54523180474465,557.0,191.88075283451232,67.95989206162801,-179.44268271320254,1.6127981933243782,0.8063290119171143,0.9798158407211304,0.0,0.0,0.0,1.0,0.0,1.0
SNPT-063,1,17.0,0.11035061779740517,0.9462549371131952,0.42073170731707316,1.0,1.0,0.8810975609756098,0.8798044790033651,313.0,643.0,331.0,328.0,8.5,591.5,36.97364587748987,444.1988062686091,91.53269869483368,,1.0,0.0,0.0,1.0,1.0,0.8666666666666667,0.9307138736431415,735.0,749.0,15.0,15.0,9.0,440.5,174.36631919346337,447.2440765392708,81.66671937818164,92.0,28.217123019399192,-27.973645877489872,-3.6988062686090757,1.1208078320247534,0.8374446630477905,0.9740166664123535,0.0,0.0,0.0,1.0,0.0,1.0
SNPT-063,0,4.0,0.04759248133371035,0.9705469100861936,0.3474178403755869,0.0,1.0,0.9671361502347418,0.9097110033035278,0.0,212.0,213.0,213.0,1750.5,660.0,8.336861809272435,626.2934497932239,125.119491507166,,1.0,0.0,0.0,0.0,1.0,0.6956521739130435,0.9217287041246891,725.0,749.0,25.0,23.0,8.832849917444491,358.4701003977491,379.1707285017409,423.83301555689394,78.80630790577406,513.0,267.8238086608695,0.49598810817205674,-267.8233493954748,1.5876837125369074,0.8542855381965637,0.9853275418281555,0.0,0.0,0.0,1.0,0.0,1.0
SNPT-063,1,30.0,0.20163949896232225,0.9499181012312571,0.07422680412371134,1.0,0.9636363636363636,0.9072164948453608,0.902241201563315,0.0,484.0,485.0,485.0,1851.0,562.0,1912.559502115217,470.3804940761238,97.4396109904569,30.0,0.22937167808413506,0.8369981288909912,0.028901734104046242,1.0,0.9935483870967742,0.8959537572254336,0.9097178013094009,577.0,749.0,173.0,173.0,1910.5,525.0,944.5222746476342,490.90659240552094,96.67075685791458,93.0,54.65832028457269,-2.059502115216901,54.619505923876204,1.0079533269163534,0.9714325666427612,0.9942262172698975,1.0,0.0,0.0,1.0,0.0,1.0
SNPT-063,1,14.0,0.6285740882158279,0.7630031108856201,0.0030581039755351682,1.0,0.9752650176678446,0.8654434250764526,0.9210124036869818,296.0,641.0,346.0,327.0,5.5,501.5,18.341682305095393,418.7128848713416,80.28034983415513,,1.0,0.0,0.0,1.0,1.0,0.8,0.9324506521224976,740.0,749.0,10.0,10.0,7.5,422.0,68.76021983738434,423.4993353370106,77.79869544318476,99.0,11.329042372313447,-10.841682305095393,3.2871151286583995,1.0318984062243395,0.910198986530304,0.985009491443634,0.0,0.0,0.0,1.0,0.0,1.0
SNPT-063,1,15.0,0.0005760149624896285,0.9999492999279138,0.13095238095238096,0.0,1.0,0.8928571428571429,0.9139903153313531,179.0,430.0,252.0,252.0,1906.0,473.0,1912.3816834723848,429.3723178204804,87.91023842341762,,1.0,0.0,0.0,0.0,1.0,0.8201438848920863,0.8915846133441255,611.0,749.0,139.0,139.0,1902.0,367.5,1085.9361001708396,410.4210349922752,88.19317081370782,181.0,62.737254197162045,-10.381683472384793,-61.87231782048042,0.9967919013719572,0.9712892174720764,0.9959135055541992,0.0,0.0,0.0,1.0,0.0,1.0
SNPT-063,0,10.0,0.030490349294719176,0.9770872315069786,0.5659574468085107,0.0,1.0,0.8680851063829788,0.8950073090838451,0.0,234.0,235.0,235.0,1706.0,634.0,18.83148997917005,507.8551434455401,114.61156497797593,14.0,0.6285740882158279,0.7630031108856201,0.0030581039755351682,1.0,0.9752650176678446,0.8654434250764526,0.9210124036869818,296.0,641.0,346.0,327.0,5.5,501.5,18.341682305095393,418.7128848713416,80.28034983415513,62.0,14.76876681643063,-13.331489979170051,-6.3551434455400795,1.427641573744297,0.860141932964325,0.9683887958526611,0.0,1.0,0.0,0.0,1.0,1.0
SNPT-063,1,9.0,0.1335661124321632,0.8988343256971111,0.1411042944785276,1.0,1.0,0.950920245398773,0.9069176297033986,207.0,369.0,163.0,163.0,1912.5,587.5,1909.4031987830144,549.6227586626735,102.08958661888282,,1.0,0.0,0.0,1.0,1.0,0.8968253968253969,0.9169942931791323,624.0,749.0,126.0,126.0,1911.5,405.5,1457.7827955801663,410.8472783411712,80.84467197171601,255.0,144.13801073930077,2.0968012169855683,-144.1227586626735,1.2627868247718226,0.9697171449661255,0.991986870765686,0.0,0.0,0.0,1.0,0.0,1.0
SNPT-063,1,,1.0,0.0,0.0,1.0,0.9885714285714285,0.8793969849246231,0.8943305563926697,0.0,198.0,199.0,199.0,1359.0,493.0,17.215802824602925,501.0153405576995,103.14505140598378,,1.0,0.0,0.0,1.0,1.0,0.8666666666666667,0.9307138736431415,735.0,749.0,15.0,15.0,9.0,440.5,174.36631919346337,447.2440765392708,81.66671937818164,537.0,61.070499088079394,-8.215802824602925,-60.51534055769952,1.2629998142614305,0.8384647369384766,0.9739121794700623,0.0,0.0,0.0,1.0,0.0,1.0
SNPT-063,0,25.0,0.16110380506142974,0.9680684804916382,0.0044444444444444444,1.0,1.0,0.8888888888888888,0.9145061561465263,0.0,272.0,273.0,225.0,1424.0,527.0,7.39883014321299,437.9785528175299,104.64444939501445,17.0,0.11035061779740517,0.9462549371131952,0.42073170731707316,1.0,1.0,0.8810975609756098,0.8798044790033651,313.0,643.0,331.0,328.0,8.5,591.5,36.97364587748987,444.1988062686091,91.53269869483368,41.0,153.52539633576413,1.1011698567870098,153.52144718247013,1.1432466308449487,0.7698974609375,0.9860638380050659,0.0,1.0,0.0,1.0,0.0,1.0
SNPT-063,1,36.0,0.02736224106120062,0.9918659779760572,0.0695517774343122,0.0,0.9615384615384616,0.884080370942813,0.8787843612107363,0.0,674.0,675.0,647.0,1257.0,520.5,9.71050786871631,350.1867895466311,84.51397495402708,,1.0,0.0,0.0,0.0,1.0,1.0,0.8850623265556667,727.0,749.0,23.0,23.0,97.0,354.5,511.65658400939094,384.14957294119654,72.54523180474465,53.0,87.39599087459612,87.2894921312837,4.313210453368924,1.1649831815479794,0.9425203800201416,0.9896098971366882,0.0,0.0,0.0,1.0,0.0,1.0
SNPT-063,0,,1.0,0.0,0.0,1.0,1.0,0.9421487603305785,0.9225375673227143,380.0,644.0,265.0,242.0,15.5,438.0,13.335283465809397,435.7709432110896,77.9050836541986,,1.0,0.0,0.0,0.0,1.0,1.0,0.8850623265556667,727.0,749.0,23.0,23.0,97.0,354.5,511.65658400939094,384.14957294119654,72.54523180474465,83.0,116.63940587625873,83.6647165341906,-81.27094321108962,1.0738828964511409,0.6934979557991028,0.9540791511535645,0.0,0.0,0.0,0.0,1.0,1.0
SNPT-063,0,14.0,0.6285740882158279,0.7630031108856201,0.0030581039755351682,1.0,0.9752650176678446,0.8654434250764526,0.9210124036869818,296.0,641.0,346.0,327.0,5.5,501.5,18.341682305095393,418.7128848713416,80.28034983415513,33.0,0.5868193878377497,0.7448692470788956,0.0547945205479452,0.0,1.0,0.9726027397260274,0.8231533329251787,677.0,749.0,73.0,73.0,1897.5,379.5,1657.460846805397,395.11553594676644,86.79672898771985,36.0,1879.5674058947386,1879.1583176949046,-39.2128848713416,0.9249236782357702,0.7421097755432129,0.9600993394851685,0.0,1.0,0.0,0.0,1.0,1.0
SNPT-064,1,36.0,0.0009404451067728752,0.9999147057533264,0.03081232492997199,1.0,1.0,0.9243697478991597,0.8493949059284095,0.0,377.0,378.0,357.0,1755.0,432.5,1890.544933330757,574.9421171010304,104.09264446610601,,1.0,0.0,0.0,1.0,1.0,0.7802197802197802,0.7542686147589079,531.0,749.0,219.0,182.0,1898.5,517.0,1899.2050935438929,487.854234548417,56.54947729239177,154.0,58.48565653099584,7.955066669243024,-57.94211710103036,1.8407357494728027,0.9341413378715515,0.9404186010360718,0.0,0.0,0.0,1.0,0.0,1.0
SNPT-064,0,8.0,0.024977170825877693,0.9732539057731628,0.0763888888888889,1.0,1.0,0.9513888888888888,0.8512405142586886,0.0,431.0,432.0,432.0,1685.0,490.0,1911.4380949029355,744.8072830479983,112.11148731953566,,1.0,0.0,0.0,0.0,0.9666666666666667,0.8898305084745762,0.7047850921040489,514.0,749.0,236.0,236.0,1880.0,420.0,1400.14423767261,388.9546200549052,39.24981687890623,83.0,326.32518280412944,-31.438094902935518,-324.80728304799834,2.8563569523247123,0.7449179887771606,0.9646474719047546,0.0,0.0,0.0,0.0,1.0,1.0
SNPT-064,0,10.0,0.016285139026101916,0.9881468452693184,0.3996138996138996,0.0,1.0,0.88996138996139,0.8145565553497596,0.0,517.0,518.0,518.0,922.0,587.0,1216.6426711539216,479.0999911696893,108.60155375429063,27.0,0.1419643981498666,0.9120673726905476,0.048672566371681415,1.0,1.0,0.8805309734513275,0.7968004855079267,524.0,749.0,226.0,226.0,891.5,465.0,880.7447167231711,469.02004635777615,55.74945415319168,7.0,325.4482544984571,-325.1426711539216,-14.099991169689304,1.9480290059140095,0.8500466346740723,0.9577223658561707,0.0,1.0,1.0,0.0,1.0,1.0
SNPT-064,0,8.0,0.024977170825877693,0.9732539057731628,0.0763888888888889,1.0,1.0,0.9513888888888888,0.8512405142586886,0.0,431.0,432.0,432.0,1685.0,490.0,1911.4380949029355,744.8072830479983,112.11148731953566,10.0,0.030282709792663808,0.9934573769569397,0.021645021645021644,1.0,1.0,0.8744588744588745,0.7671692746110482,517.0,749.0,233.0,231.0,1898.0,596.0,1353.020275501991,430.79132731294646,48.182283049371755,86.0,149.4128169962249,-13.438094902935518,-148.80728304799834,2.326819740041303,0.8816908597946167,0.9777780771255493,0.0,1.0,1.0,1.0,0.0,1.0
SNPT-064,1,5.0,0.0004589819945028873,0.9999307541137046,0.7605177993527508,1.0,1.0,0.9741100323624595,0.7230150907538658,0.0,308.0,309.0,309.0,583.5,602.0,6.6452667088633355,655.2572089038647,125.31322246778782,5.0,0.04918044108850154,0.971099489265018,0.075,1.0,1.0,0.8583333333333333,0.8135205740681744,378.0,749.0,372.0,360.0,9.0,614.0,1889.5723628674614,576.1153651488785,94.34824423838994,70.0,41.32435184500199,2.3547332911366645,-41.257208903864694,1.328198775497704,0.9738606214523315,0.9353218078613281,1.0,0.0,1.0,1.0,0.0,1.0
SNPT-064,0,50.0,0.003239048355045044,0.9994289525469443,0.8866666666666667,1.0,1.0,0.9066666666666666,0.8155238203266088,224.0,373.0,150.0,150.0,1913.5,682.0,1906.5953391911814,680.5363610216173,127.20444559746437,,1.0,0.0,0.0,0.0,1.0,0.868995633187773,0.7781531948540079,521.0,749.0,229.0,229.0,1907.0,442.5,1799.850684363074,523.3828250146696,54.08433225204748,148.0,238.03670498220208,0.40466080881856215,-238.03636102161727,2.3519647983201044,0.7666670680046082,0.9338427186012268,0.0,0.0,0.0,0.0,1.0,1.0
SNPT-064,0,15.0,0.0053515219915425405,0.9992653250694274,0.02,1.0,0.9744897959183674,0.784,0.7771197210769264,500.0,749.0,250.0,250.0,1902.090940606734,517.9166390179155,1906.4950649113657,520.4278198245515,62.55267384816304,5.0,0.0004589819945028873,0.9999307541137046,0.7605177993527508,1.0,1.0,0.9741100323624595,0.7230150907538658,0.0,308.0,309.0,309.0,583.5,602.0,6.6452667088633355,655.2572089038647,125.31322246778782,192.0,1900.4148849224346,1895.4456738978706,-137.3405698859492,0.49917057925984154,0.8894811868667603,0.9186028242111206,0.0,1.0,1.0,1.0,0.0,1.0
SNPT-064,1,50.0,0.00019515624803827404,0.9999849641226172,0.9534883720930233,1.0,1.0,0.9534883720930233,0.7675186894773468,0.0,128.0,129.0,129.0,1793.5,637.0,1912.3231630613689,664.0994091915463,118.63328256419753,50.0,0.0007175699287992237,0.9999339404560271,0.4772727272727273,1.0,1.0,0.95,0.8086494210234099,530.0,749.0,220.0,220.0,1907.5,630.0,1773.1656565096791,629.8817925104242,73.43768892362334,402.0,34.43882415427489,-4.823163061368859,-34.09940919154633,1.6154277769767307,0.8942571878433228,0.9292266368865967,1.0,0.0,1.0,1.0,0.0,1.0
SNPT-064,0,15.0,0.0013509808901408004,0.9981772604416002,0.42570281124497994,1.0,1.0,0.8152610441767069,0.7776836965765271,0.0,497.0,498.0,498.0,1339.0,511.5,1900.8172565720874,517.1078198418392,114.1804119138304,,1.0,0.0,0.0,0.0,0.9666666666666667,0.8898305084745762,0.7047850921040489,514.0,749.0,236.0,236.0,1880.0,420.0,1400.14423767261,388.9546200549052,39.24981687890623,17.0,99.31408180929435,-20.817256572087445,-97.10781984183916,2.909068652883158,0.7634837627410889,0.9545779228210449,0.0,0.0,0.0,0.0,1.0,1.0
SNPT-064,1,,1.0,0.0,0.0,1.0,1.0,0.8,0.7440590560436249,318.0,322.0,5.0,5.0,6.361224078032446,681.8901473820134,6.4325887421533094,696.9705667053396,43.27168251796436,24.0,0.04048431089001402,0.9722323131804563,0.2613333333333333,0.0,0.9221902017291066,0.9253333333333333,0.7977625389264021,375.0,749.0,375.0,375.0,11.5,653.0,853.293454378533,694.1781293466643,95.71544240000976,53.0,44.26160179257943,5.0674112578466906,-43.97056670533959,0.45208674204445765,0.7419793605804443,0.8973612785339355,0.0,0.0,0.0,0.0,1.0,1.0
SNPT-064,1,5.0,0.016489941184681813,0.8866517408327623,0.10377358490566038,0.0,0.8795620437956204,0.8616352201257862,0.849626304676933,0.0,317.0,318.0,318.0,260.0,590.5,7.250679743054892,653.4221172858565,109.64443509039896,,1.0,0.0,0.0,1.0,1.0,0.8,0.7440590560436249,318.0,322.0,5.0,5.0,6.361224078032446,681.8901473820134,6.4325887421533094,696.9705667053396,43.27168251796436,1.0,28.481921791475646,-0.8894556650224459,28.468030096156895,2.5338611468338392,0.7141493558883667,0.913521409034729,0.0,0.0,0.0,0.0,1.0,0.0
SNPT-064,1,28.0,0.0003050899609791356,0.9999685542924064,0.08235294117647059,0.0,1.0,0.8352941176470589,0.8492364638288256,0.0,424.0,425.0,425.0,1173.0,427.0,1912.9814976342022,566.1257961224336,87.48024473116357,,1.0,0.0,0.0,0.0,0.9666666666666667,0.8898305084745762,0.7047850921040489,514.0,749.0,236.0,236.0,1880.0,420.0,1400.14423767261,388.9546200549052,39.24981687890623,90.0,149.80162708932744,-32.98149763420224,-146.1257961224336,2.228806442614959,0.8426569104194641,0.9368047714233398,0.0,0.0,0.0,1.0,0.0,1.0
SNPT-064,1,50.0,0.003239048355045044,0.9994289525469443,0.8866666666666667,1.0,1.0,0.9066666666666666,0.8155238203266088,224.0,373.0,150.0,150.0,1913.5,682.0,1906.5953391911814,680.5363610216173,127.20444559746437,50.0,0.0007175699287992237,0.9999339404560271,0.4772727272727273,1.0,1.0,0.95,0.8086494210234099,530.0,749.0,220.0,220.0,1907.5,630.0,1773.1656565096791,629.8817925104242,73.43768892362334,157.0,50.544457623821124,0.9046608088185621,-50.53636102161727,1.7321411861116645,0.9344791769981384,0.9685498476028442,1.0,0.0,1.0,1.0,0.0,1.0
SNPT-064,0,10.0,0.016285139026101916,0.9881468452693184,0.3996138996138996,0.0,1.0,0.88996138996139,0.8145565553497596,0.0,517.0,518.0,518.0,922.0,587.0,1216.6426711539216,479.0999911696893,108.60155375429063,,1.0,0.0,0.0,0.0,0.9849246231155779,0.8805309734513275,0.7689395133574405,524.0,749.0,226.0,226.0,1163.0490412918082,436.3456897873926,1493.1608782220105,471.5646074369405,49.213806821785376,7.0,68.5580589608944,-53.5936298621134,-42.75430138229672,2.206729386888563,0.8896557688713074,0.9522789716720581,0.0,0.0,0.0,1.0,0.0,1.0
SNPT-064,1,30.0,0.024267955516437435,0.9922165557281258,0.24433249370277077,0.0,1.0,0.9017632241813602,0.8406992751126848,0.0,396.0,397.0,397.0,1367.0,478.0,1852.7570762631076,461.5063428258059,86.73563810752891,,1.0,0.0,0.0,0.0,1.0,0.868995633187773,0.7781531948540079,521.0,749.0,229.0,229.0,1907.0,442.5,1799.850684363074,523.3828250146696,54.08433225204748,125.0,57.47639379030655,54.24292373689241,-19.006342825805916,1.6037109916291024,0.9183984994888306,0.9782216548919678,0.0,0.0,0.0,1.0,0.0,1.0
SNPT-064,1,8.0,0.024977170825877693,0.9732539057731628,0.0763888888888889,1.0,1.0,0.9513888888888888,0.8512405142586886,0.0,431.0,432.0,432.0,1685.0,490.0,1911.4380949029355,744.8072830479983,112.11148731953566,,1.0,0.0,0.0,1.0,1.0,0.8991596638655462,0.7625339657903831,469.0,749.0,281.0,238.0,1909.5,537.0,1552.9086763879532,526.8315167710758,63.33345468538785,38.0,207.81632058056385,-1.938094902935518,-207.80728304799834,1.770177986917896,0.9476108551025391,0.9714298844337463,0.0,0.0,0.0,1.0,0.0,1.0
SNPT-064,1,50.0,0.00019515624803827404,0.9999849641226172,0.9534883720930233,1.0,1.0,0.9534883720930233,0.7675186894773468,0.0,128.0,129.0,129.0,1793.5,637.0,1912.3231630613689,664.0994091915463,118.63328256419753,50.0,0.003239048355045044,0.9994289525469443,0.8866666666666667,1.0,1.0,0.9066666666666666,0.8155238203266088,224.0,373.0,150.0,150.0,1913.5,682.0,1906.5953391911814,680.5363610216173,127.20444559746437,96.0,17.939233441588932,1.1768369386311406,17.90059080845367,0.9326189977637253,0.9524194002151489,0.9820806980133057,1.0,0.0,1.0,1.0,0.0,1.0
SNPT-064,1,5.0,0.016489941184681813,0.8866517408327623,0.10377358490566038,0.0,0.8795620437956204,0.8616352201257862,0.849626304676933,0.0,317.0,318.0,318.0,260.0,590.5,7.250679743054892,653.4221172858565,109.64443509039896,24.0,0.04048431089001402,0.9722323131804563,0.2613333333333333,0.0,0.9221902017291066,0.9253333333333333,0.7977625389264021,375.0,749.0,375.0,375.0,11.5,653.0,853.293454378533,694.1781293466643,95.71544240000976,58.0,4.270234847066718,4.249320256945108,-0.42211728585652963,1.1455250306651434,0.9571579694747925,0.9785854816436768,0.0,1.0,1.0,1.0,0.0,0.0
SNPT-064,1,,1.0,0.0,0.0,0.0,0.9849246231155779,0.8805309734513275,0.7689395133574405,524.0,749.0,226.0,226.0,1163.0490412918082,436.3456897873926,1493.1608782220105,471.5646074369405,49.213806821785376,8.0,1.0052158832550049,0.8542379438877106,0.00425531914893617,0.0,0.9977528089887641,0.9468085106382979,0.8044044375419617,0.0,470.0,471.0,470.0,1527.0,463.0,1894.2941751719582,543.11878618616,100.89050467666442,54.0,738.9992827723034,-731.24513388015,-106.77309639876745,0.4877942377184712,0.9294277429580688,0.9797455072402954,0.0,0.0,0.0,1.0,0.0,1.0
SNPT-064,0,15.0,0.0013509808901408004,0.9981772604416002,0.42570281124497994,1.0,1.0,0.8152610441767069,0.7776836965765271,0.0,497.0,498.0,498.0,1339.0,511.5,1900.8172565720874,517.1078198418392,114.1804119138304,,1.0,0.0,0.0,1.0,1.0,0.7802197802197802,0.7542686147589079,531.0,749.0,219.0,182.0,1898.5,517.0,1899.2050935438929,487.854234548417,56.54947729239177,34.0,2.3197635955365525,-2.3172565720874445,-0.10781984183915938,2.0191240906340324,0.8925405144691467,0.9581630825996399,0.0,0.0,0.0,1.0,0.0,1.0
SNPT-064,1,,1.0,0.0,0.0,0.0,0.9849246231155779,0.8805309734513275,0.7689395133574405,524.0,749.0,226.0,226.0,1163.0490412918082,436.3456897873926,1493.1608782220105,471.5646074369405,49.213806821785376,,1.0,0.0,0.0,1.0,0.7692307692307693,0.7222222222222222,0.8233727950316209,506.0,523.0,18.0,18.0,1881.5469456275066,462.63238327084673,1217.0059353510865,427.87567894954975,86.32411847810137,1.0,54.61764824777203,-53.956894059278284,8.470010837842835,0.5701049450539121,0.8504573106765747,0.9613033533096313,0.0,0.0,0.0,0.0,1.0,0.0
SNPT-064,0,28.0,0.0003050899609791356,0.9999685542924064,0.08235294117647059,0.0,1.0,0.8352941176470589,0.8492364638288256,0.0,424.0,425.0,425.0,1173.0,427.0,1912.9814976342022,566.1257961224336,87.48024473116357,10.0,0.030282709792663808,0.9934573769569397,0.021645021645021644,1.0,1.0,0.8744588744588745,0.7671692746110482,517.0,749.0,233.0,231.0,1898.0,596.0,1353.020275501991,430.79132731294646,48.182283049371755,93.0,33.420253270763986,-14.981497634202242,29.8742038775664,1.8156102034750763,0.83625328540802,0.9250039458274841,0.0,1.0,1.0,0.0,1.0,1.0
SNPT-064,0,,1.0,0.0,0.0,1.0,0.7692307692307693,0.7222222222222222,0.8233727950316209,506.0,523.0,18.0,18.0,1881.5469456275066,462.63238327084673,1217.0059353510865,427.87567894954975,86.32411847810137,50.0,0.00019515624803827404,0.9999849641226172,0.9534883720930233,1.0,1.0,0.9534883720930233,0.7675186894773468,0.0,128.0,129.0,129.0,1793.5,637.0,1912.3231630613689,664.0994091915463,118.63328256419753,378.0,203.8041660341324,-30.776217433862257,-201.4670259206996,0.7276551454385299,0.7869867086410522,0.9067179560661316,0.0,0.0,0.0,1.0,0.0,0.0
SNPT-064,0,8.0,0.06354837176918753,0.9706935039324354,0.24618320610687022,0.0,0.9640449438202248,0.8492366412213741,0.838535488053654,0.0,523.0,524.0,524.0,545.0,514.5,1076.1492651260526,475.88737720535624,110.96975167748955,4.0,0.014226853886632146,0.9971838792165121,0.19911504424778761,1.0,1.0,0.8938053097345132,0.8004418304651091,524.0,749.0,226.0,226.0,1503.0,535.0,1187.494328272408,551.2278263570269,63.33904635220065,1.0,430.92441568805407,426.85073487394743,59.112622794643755,1.7519959340788849,0.8049771785736084,0.9579263925552368,0.0,1.0,1.0,0.0,1.0,1.0
SNPT-064,0,8.0,0.06354837176918753,0.9706935039324354,0.24618320610687022,0.0,0.9640449438202248,0.8492366412213741,0.838535488053654,0.0,523.0,524.0,524.0,545.0,514.5,1076.1492651260526,475.88737720535624,110.96975167748955,27.0,0.1419643981498666,0.9120673726905476,0.048672566371681415,1.0,1.0,0.8805309734513275,0.7968004855079267,524.0,749.0,226.0,226.0,891.5,465.0,880.7447167231711,469.02004635777615,55.74945415319168,1.0,184.9699599772973,-184.64926512605257,-10.887377205356245,1.99050830834254,0.8789921402931213,0.9579960703849792,0.0,1.0,1.0,0.0,1.0,1.0
SNPT-064,0,28.0,0.0003050899609791356,0.9999685542924064,0.08235294117647059,0.0,1.0,0.8352941176470589,0.8492364638288256,0.0,424.0,425.0,425.0,1173.0,427.0,1912.9814976342022,566.1257961224336,87.48024473116357,27.0,0.1419643981498666,0.9120673726905476,0.048672566371681415,1.0,1.0,0.8805309734513275,0.7968004855079267,524.0,749.0,226.0,226.0,891.5,465.0,880.7447167231711,469.02004635777615,55.74945415319168,100.0,1026.474976144284,-1021.4814976342022,-101.1257961224336,1.5691677355401565,0.8216714262962341,0.9534991383552551,0.0,1.0,1.0,0.0,1.0,1.0
SNPT-064,0,4.0,0.023176933711287005,0.9826644108213227,0.36159600997506236,1.0,1.0,0.9177057356608479,0.8374293652241644,0.0,400.0,401.0,401.0,1444.5,518.0,1911.9272805824207,591.1900309426319,106.54143159807079,,1.0,0.0,0.0,1.0,1.0,0.7802197802197802,0.7542686147589079,531.0,749.0,219.0,182.0,1898.5,517.0,1899.2050935438929,487.854234548417,56.54947729239177,131.0,75.39530857492215,-13.427280582420735,-74.19003094263189,1.8840391936284968,0.7903456687927246,0.958827018737793,0.0,0.0,0.0,1.0,0.0,1.0
SNPT-064,1,8.0,1.0052158832550049,0.8542379438877106,0.00425531914893617,0.0,0.9977528089887641,0.9468085106382979,0.8044044375419617,0.0,470.0,471.0,470.0,1527.0,463.0,1894.2941751719582,543.11878618616,100.89050467666442,,1.0,0.0,0.0,1.0,0.7692307692307693,0.7222222222222222,0.8233727950316209,506.0,523.0,18.0,18.0,1881.5469456275066,462.63238327084673,1217.0059353510865,427.87567894954975,86.32411847810137,36.0,81.48958777233501,-12.747229544451557,-80.4864029153133,1.1687406307225512,0.843161940574646,0.9738699793815613,0.0,0.0,0.0,0.0,1.0,0.0
SNPT-064,0,,1.0,0.0,0.0,0.0,0.9849246231155779,0.8805309734513275,0.7689395133574405,524.0,749.0,226.0,226.0,1163.0490412918082,436.3456897873926,1493.1608782220105,471.5646074369405,49.213806821785376,,1.0,0.0,0.0,1.0,1.0,0.8,0.7440590560436249,318.0,322.0,5.0,5.0,6.361224078032446,681.8901473820134,6.4325887421533094,696.9705667053396,43.27168251796436,202.0,1185.6166938673912,1156.616452549655,-260.624876917947,1.1373213140338172,0.7454441785812378,0.941416323184967,0.0,0.0,0.0,0.0,1.0,1.0
SNPT-064,0,15.0,0.0013509808901408004,0.9981772604416002,0.42570281124497994,1.0,1.0,0.8152610441767069,0.7776836965765271,0.0,497.0,498.0,498.0,1339.0,511.5,1900.8172565720874,517.1078198418392,114.1804119138304,,1.0,0.0,0.0,0.0,1.0,0.896551724137931,0.7886705312591332,518.0,749.0,232.0,232.0,963.0,466.5,826.1300419216591,517.5008754254352,57.029796291879755,21.0,939.1817492655724,-937.8172565720874,-50.60781984183916,2.0021185299251734,0.8083604574203491,0.94282066822052,0.0,0.0,0.0,0.0,1.0,1.0
SNPT-064,1,15.0,0.0053515219915425405,0.9992653250694274,0.02,1.0,0.9744897959183674,0.784,0.7771197210769264,500.0,749.0,250.0,250.0,1902.090940606734,517.9166390179155,1906.4950649113657,520.4278198245515,62.55267384816304,15.0,0.0013509808901408004,0.9981772604416002,0.42570281124497994,1.0,1.0,0.8152610441767069,0.7776836965765271,0.0,497.0,498.0,498.0,1339.0,511.5,1900.8172565720874,517.1078198418392,114.1804119138304,3.0,1.5087940481398476,1.2736840346465215,0.8088191760763266,0.5478406742425334,0.9499277472496033,0.9696865677833557,1.0,0.0,1.0,1.0,0.0,1.0
SNPT-064,1,4.0,0.023176933711287005,0.9826644108213227,0.36159600997506236,1.0,1.0,0.9177057356608479,0.8374293652241644,0.0,400.0,401.0,401.0,1444.5,518.0,1911.9272805824207,591.1900309426319,106.54143159807079,4.0,0.014226853886632146,0.9971838792165121,0.19911504424778761,1.0,1.0,0.8938053097345132,0.8004418304651091,524.0,749.0,226.0,226.0,1503.0,535.0,1187.494328272408,551.2278263570269,63.33904635220065,124.0,412.76971834410017,-408.92728058242074,-56.19003094263189,1.6820813973996487,0.9346156120300293,0.9894055724143982,1.0,0.0,1.0,1.0,0.0,1.0
SNPT-064,1,,1.0,0.0,0.0,1.0,1.0,0.8831168831168831,0.8388381519738366,0.0,399.0,400.0,385.0,1591.5,412.5,1908.637773555764,466.58559125398017,81.43496603417309,10.0,0.030282709792663808,0.9934573769569397,0.021645021645021644,1.0,1.0,0.8744588744588745,0.7671692746110482,517.0,749.0,233.0,231.0,1898.0,596.0,1353.020275501991,430.79132731294646,48.182283049371755,118.0,129.85088146526232,-10.637773555763943,129.41440874601983,1.6901433655754283,0.94721519947052,0.981966495513916,0.0,0.0,0.0,1.0,0.0,1.0
SNPT-064,0,36.0,0.0009404451067728752,0.9999147057533264,0.03081232492997199,1.0,1.0,0.9243697478991597,0.8493949059284095,0.0,377.0,378.0,357.0,1755.0,432.5,1890.544933330757,574.9421171010304,104.09264446610601,,1.0,0.0,0.0,0.0,1.0,0.896551724137931,0.7886705312591332,518.0,749.0,232.0,232.0,963.0,466.5,826.1300419216591,517.5008754254352,57.029796291879755,141.0,933.8625681056673,-927.544933330757,-108.44211710103036,1.8252326193373998,0.7418344020843506,0.941627025604248,0.0,0.0,0.0,0.0,1.0,1.0
SNPT-065,0,9.0,0.051420296487127155,0.9534317813813686,0.125,0.0,0.978978978978979,0.8671875,0.8321987267013069,0.0,383.0,384.0,384.0,1786.0,503.0,1897.8082165710075,527.6540952273964,70.52758089304645,4.0,0.0611669496764255,0.9613594840402189,0.5609756097560976,0.0,1.0,0.8353658536585366,0.8497670623507813,395.0,558.0,164.0,164.0,5.0,583.5,10.94299520653869,563.6515702378166,103.33491250749347,12.0,1893.631883391962,-1892.8082165710075,55.8459047726036,0.6825145459714019,0.9204772710800171,0.9726444482803345,0.0,1.0,1.0,1.0,0.0,1.0
SNPT-065,1,36.0,0.006800323425505114,0.9986999105004704,0.09550561797752809,1.0,1.0,0.9325842696629213,0.8509892609464117,0.0,540.0,541.0,534.0,1703.0,475.5,1880.4776445037337,416.2297206238825,68.20255251137397,36.0,0.0013432301188345264,0.9998720586299896,0.15841584158415842,1.0,1.0,1.0,0.7833982499519198,649.0,749.0,101.0,101.0,1892.0,385.5,1539.7572843306039,382.2422115268747,121.7845927951671,109.0,32.81890317795838,11.5223554962663,-30.729720623882486,0.5600261161613911,0.824196457862854,0.9665724039077759,1.0,0.0,1.0,1.0,0.0,1.0
SNPT-065,0,10.0,0.02847126131777046,0.9818908714350297,0.6770538243626062,0.0,1.0,0.8441926345609065,0.8451885086978042,0.0,354.0,355.0,353.0,1681.0,873.5,760.6772623645556,542.0694055902214,100.9272905120489,,1.0,0.0,0.0,0.0,1.0,0.92,0.8137363159138223,625.0,749.0,125.0,125.0,1896.5,385.0,1356.5689218289558,409.78665756994576,132.02766466337948,271.0,1146.6316276390341,1135.8227376354444,-157.06940559022144,0.7644404736641767,0.7284761667251587,0.9678406119346619,0.0,0.0,0.0,1.0,0.0,1.0
SNPT-065,0,25.0,0.04848271131186266,0.9922452211380005,0.03125,0.0,1.0,0.95625,0.8747909497591405,378.0,539.0,162.0,160.0,708.0,475.5,1907.7857017409888,420.31648094328636,78.86702729928318,10.0,0.00010772680931646998,0.9999925374984742,1.0,0.0,1.0,1.0,0.8324090758959453,735.0,749.0,15.0,15.0,1883.0,622.0,1797.067591091441,613.2229284769489,168.67630527808052,196.0,203.2008190679679,-24.78570174098877,201.68351905671364,0.46756435155051945,0.7039006948471069,0.9581316709518433,0.0,1.0,1.0,1.0,0.0,1.0
SNPT-065,1,10.0,0.07079125286545604,0.9714859994975004,0.08661417322834646,0.0,0.9906542056074766,0.84251968503937,0.8155123424307208,357.0,522.0,166.0,127.0,793.0,545.5,1887.2934013876588,510.49803089999386,92.47335826691912,10.0,0.00010772680931646998,0.9999925374984742,1.0,0.0,1.0,1.0,0.8324090758959453,735.0,749.0,15.0,15.0,1883.0,622.0,1797.067591091441,613.2229284769489,168.67630527808052,213.0,111.58459754219788,-4.293401387658832,111.50196910000614,0.5482296883042768,0.8943830132484436,0.9336975812911987,1.0,0.0,1.0,1.0,0.0,1.0
SNPT-065,0,,1.0,0.0,0.0,1.0,1.0,0.8734177215189873,0.8100548261317654,0.0,315.0,316.0,316.0,1310.0,452.0,5.633389472999211,415.7483905040543,65.3272471147978,44.0,0.010766670173808638,0.9957260511815548,0.8540925266903915,1.0,1.0,0.8540925266903915,0.7995888998111089,370.0,650.0,281.0,281.0,30.5,765.0,12.402080861141542,642.4517661804289,135.18827388087607,55.0,350.13573804256265,24.866610527000788,349.2516094959457,0.48323160906960205,0.8577030897140503,0.910651445388794,0.0,0.0,0.0,1.0,0.0,1.0
SNPT-065,0,24.0,0.060056578187558676,0.9589746778443355,0.7412935323383084,0.0,1.0,0.9651741293532339,0.8360836177142625,381.0,581.0,201.0,201.0,35.0,742.0,21.586739944829446,829.5127679928904,131.0596707735701,10.0,0.00010772680931646998,0.9999925374984742,1.0,0.0,1.0,1.0,0.8324090758959453,735.0,749.0,15.0,15.0,1883.0,622.0,1797.067591091441,613.2229284769489,168.67630527808052,154.0,1872.9444395361252,1861.4132600551707,-207.51276799289042,0.7769892194253635,0.8279522061347961,0.9808993339538574,0.0,1.0,1.0,1.0,0.0,1.0
SNPT-065,1,8.0,0.0004162405631551376,0.9999586767945553,0.31226053639846746,1.0,1.0,0.8544061302681992,0.8440136683628698,0.0,521.0,522.0,522.0,1655.5,498.0,1897.612066835684,510.56892057118273,76.14941027767522,30.0,0.0068641471055646735,0.9415646896642798,0.5573770491803278,0.0,0.7959183673469388,0.8032786885245902,0.7659097776121023,689.0,749.0,61.0,61.0,1906.5,458.0,1742.8379871708494,447.5822779174881,138.4877720515001,168.0,53.314976938498894,8.88793316431611,-52.56892057118273,0.5498637832758057,0.9212234020233154,0.9295474290847778,0.0,1.0,1.0,0.0,1.0,0.0
SNPT-065,1,27.0,0.0035487754709646294,0.9994480356920598,0.7577092511013216,1.0,1.0,0.8810572687224669,0.8384614020586014,384.0,610.0,227.0,227.0,14.335402035220966,551.7204755776938,7.050923886114655,416.5322892868505,103.82433583105707,27.0,0.0012874178276994846,0.9998657037603095,0.3533834586466165,1.0,1.0,0.8834586466165414,0.8585771898005871,0.0,265.0,266.0,266.0,1058.0,502.0,13.134160238080732,526.639513385808,78.11158676355353,119.0,25.10971219122205,1.2012417971402343,25.080962191885874,1.3291797047387721,0.9625796675682068,0.9836927652359009,1.0,0.0,1.0,1.0,0.0,1.0
SNPT-065,1,25.0,0.04848271131186266,0.9922452211380005,0.03125,0.0,1.0,0.95625,0.8747909497591405,378.0,539.0,162.0,160.0,708.0,475.5,1907.7857017409888,420.31648094328636,78.86702729928318,,1.0,0.0,0.0,0.0,1.0,0.92,0.8137363159138223,625.0,749.0,125.0,125.0,1896.5,385.0,1356.5689218289558,409.78665756994576,132.02766466337948,86.0,37.07588016492752,-11.28570174098877,-35.316480943286365,0.5973522859800953,0.8627216815948486,0.9691478610038757,0.0,0.0,0.0,1.0,0.0,1.0
SNPT-065,1,4.0,0.46441215434326577,0.7632735019380396,0.13043478260869565,0.0,1.0,0.8893280632411067,0.917193058596717,0.0,252.0,253.0,253.0,944.5,571.0,12.49365531036523,555.721262652457,80.54702398101148,4.0,0.0611669496764255,0.9613594840402189,0.5609756097560976,0.0,1.0,0.8353658536585366,0.8497670623507813,395.0,558.0,164.0,164.0,5.0,583.5,10.94299520653869,563.6515702378166,103.33491250749347,143.0,28.771741666683074,-7.493655310365231,27.77873734754303,0.7794754166475004,0.9417912364006042,0.9758949279785156,1.0,0.0,0.0,1.0,0.0,1.0
SNPT-065,0,3.0,0.02673003378843602,0.9957085366432483,0.15853658536585366,0.0,1.0,0.8841463414634146,0.8584187100673544,389.0,583.0,195.0,164.0,19.0,485.0,15.6602567996232,370.985244804933,83.85837859923656,30.0,0.004203111161389287,0.9670758297046026,1.0,0.0,1.0,1.0,0.7096278061469395,690.0,749.0,60.0,60.0,1878.0,474.5,1791.5879422040775,450.4116422106075,134.26849581860452,107.0,1865.2143639932488,1862.3397432003767,103.51475519506698,0.6245573698280529,0.8517113924026489,0.8900727033615112,0.0,1.0,1.0,1.0,0.0,1.0
SNPT-065,1,10.0,0.02847126131777046,0.9818908714350297,0.6770538243626062,0.0,1.0,0.8441926345609065,0.8451885086978042,0.0,354.0,355.0,353.0,1681.0,873.5,760.6772623645556,542.0694055902214,100.9272905120489,10.0,0.07079125286545604,0.9714859994975004,0.08661417322834646,0.0,0.9906542056074766,0.84251968503937,0.8155123424307208,357.0,522.0,166.0,127.0,793.0,545.5,1887.2934013876588,510.49803089999386,92.47335826691912,3.0,32.50428196798346,32.322737635444355,3.430594409778564,1.091420192837898,0.9618734121322632,0.9582633972167969,1.0,0.0,1.0,1.0,0.0,1.0
SNPT-065,1,,1.0,0.0,0.0,0.0,0.9938461538461538,0.8643617021276596,0.83612032358463,0.0,375.0,376.0,376.0,1491.5,474.5,659.7222421517982,475.4211599167778,69.66860549817535,,1.0,0.0,0.0,0.0,1.0,0.92,0.8137363159138223,625.0,749.0,125.0,125.0,1896.5,385.0,1356.5689218289558,409.78665756994576,132.02766466337948,250.0,1240.078710594098,1236.7777578482019,-90.42115991677781,0.527681873914864,0.8607245683670044,0.9648596048355103,0.0,0.0,0.0,1.0,0.0,1.0
SNPT-065,0,5.0,0.009118164048784919,0.996895786878225,0.3008130081300813,1.0,1.0,0.8739837398373984,0.8646778594615847,213.0,509.0,297.0,246.0,1856.5,612.0,1908.079412876075,520.1151658396813,89.28527819444932,30.0,0.0068641471055646735,0.9415646896642798,0.5573770491803278,0.0,0.7959183673469388,0.8032786885245902,0.7659097776121023,689.0,749.0,61.0,61.0,1906.5,458.0,1742.8379871708494,447.5822779174881,138.4877720515001,180.0,62.13524259487699,-1.5794128760749118,-62.115165839681254,0.6447159693004981,0.8765990734100342,0.9231704473495483,0.0,1.0,1.0,0.0,1.0,0.0
SNPT-065,1,,1.0,0.0,0.0,1.0,1.0,0.8734177215189873,0.8100548261317654,0.0,315.0,316.0,316.0,1310.0,452.0,5.633389472999211,415.7483905040543,65.3272471147978,10.0,0.043628907985791714,0.9846975586171878,0.15691489361702127,1.0,0.9813664596273292,0.8563829787234043,0.8067279733856272,374.0,749.0,376.0,376.0,24.0,477.5,1076.8914164102023,365.49897472090413,91.14481356769386,59.0,64.42510114536339,18.366610527000788,61.75160949594567,0.7167412445940088,0.8958689570426941,0.9636163115501404,0.0,0.0,0.0,1.0,0.0,1.0
SNPT-065,0,10.0,0.02847126131777046,0.9818908714350297,0.6770538243626062,0.0,1.0,0.8441926345609065,0.8451885086978042,0.0,354.0,355.0,353.0,1681.0,873.5,760.6772623645556,542.0694055902214,100.9272905120489,24.0,0.060056578187558676,0.9589746778443355,0.7412935323383084,0.0,1.0,0.9651741293532339,0.8360836177142625,381.0,581.0,201.0,201.0,35.0,742.0,21.586739944829446,829.5127679928904,131.0596707735701,27.0,752.7149073148237,-725.6772623645556,199.93059440977856,0.7700865561185448,0.8684399127960205,0.9926214218139648,0.0,1.0,1.0,1.0,0.0,1.0
SNPT-065,1,17.0,0.13074772221854958,0.945005784864011,0.06609195402298851,0.0,1.0,0.9454022988505747,0.8140755254084578,0.0,347.0,348.0,348.0,1417.0,492.5,16.699854119395056,561.87034314798,78.46653469846622,17.0,0.16811376294040825,0.9125554789289384,0.5959079283887468,0.0,1.0,0.8618925831202046,0.8468557242469901,359.0,749.0,391.0,391.0,19.63930051369124,514.6624330388757,1309.5456222245912,362.79083112386627,106.81343320314117,12.0,47.299335322752725,2.9394463942961835,-47.207910109104205,0.7346129821446341,0.9576300382614136,0.9683884382247925,1.0,0.0,0.0,1.0,0.0,1.0
SNPT-065,1,5.0,2.70526254163836e-05,0.9999979879316045,0.8497652582159625,1.0,1.0,0.8873239436619719,0.8623867148444766,0.0,212.0,213.0,213.0,1732.0,562.0,1913.7233671528822,621.868259066423,70.41227137523975,5.0,0.009118164048784919,0.996895786878225,0.3008130081300813,1.0,1.0,0.8739837398373984,0.8646778594615847,213.0,509.0,297.0,246.0,1856.5,612.0,1908.079412876075,520.1151658396813,89.28527819444932,1.0,58.06803152609534,-57.22336715288225,-9.86825906642298,0.7886212912042776,0.9616045951843262,0.9803414344787598,1.0,0.0,1.0,1.0,0.0,1.0
SNPT-065,1,10.0,0.02847126131777046,0.9818908714350297,0.6770538243626062,0.0,1.0,0.8441926345609065,0.8451885086978042,0.0,354.0,355.0,353.0,1681.0,873.5,760.6772623645556,542.0694055902214,100.9272905120489,10.0,0.00010772680931646998,0.9999925374984742,1.0,0.0,1.0,1.0,0.8324090758959453,735.0,749.0,15.0,15.0,1883.0,622.0,1797.067591091441,613.2229284769489,168.67630527808052,381.0,1125.1654222096497,1122.3227376354444,79.93059440977856,0.5983489521285145,0.8985327482223511,0.9767282009124756,1.0,0.0,1.0,1.0,0.0,1.0
SNPT-065,0,,1.0,0.0,0.0,1.0,1.0,0.9027777777777778,0.8151706392948445,332.0,403.0,72.0,72.0,1871.5,488.0,1913.1134547933334,525.2018247319209,79.84570816325676,30.0,0.004203111161389287,0.9670758297046026,1.0,0.0,1.0,1.0,0.7096278061469395,690.0,749.0,60.0,60.0,1878.0,474.5,1791.5879422040775,450.4116422106075,134.26849581860452,287.0,61.67357407082785,-35.1134547933334,-50.70182473192085,0.5946719494878945,0.6933640837669373,0.7696772813796997,0.0,0.0,0.0,0.0,1.0,1.0
SNPT-065,1,30.0,0.09780180003568378,0.9439197204731129,0.15976331360946747,0.0,0.9954128440366973,0.8599605522682445,0.8400889229063594,0.0,513.0,514.0,507.0,1628.5,514.0,1901.0087385226961,560.6636575361531,79.04023196712554,30.0,0.004203111161389287,0.9670758297046026,1.0,0.0,1.0,1.0,0.7096278061469395,690.0,749.0,60.0,60.0,1878.0,474.5,1791.5879422040775,450.4116422106075,134.26849581860452,177.0,89.18283426990462,-23.00873852269615,-86.1636575361531,0.5886729532883734,0.9336400628089905,0.8635926246643066,1.0,0.0,1.0,1.0,0.0,1.0
SNPT-065,0,44.0,0.0016915867970693534,0.9991351267269679,0.5537974683544303,1.0,1.0,0.9272151898734177,0.8323944320857728,0.0,315.0,316.0,316.0,1175.5,622.0,12.601277781184026,769.8649162886206,106.06249011377243,3.0,0.02673003378843602,0.9957085366432483,0.15853658536585366,0.0,1.0,0.8841463414634146,0.8584187100673544,389.0,583.0,195.0,164.0,19.0,485.0,15.6602567996232,370.985244804933,83.85837859923656,74.0,284.9367722463291,6.3987222188159745,-284.86491628862063,1.2647810735841964,0.769790768623352,0.9601184129714966,0.0,1.0,1.0,0.0,1.0,1.0
SNPT-065,1,,1.0,0.0,0.0,0.0,0.9938461538461538,0.8643617021276596,0.83612032358463,0.0,375.0,376.0,376.0,1491.5,474.5,659.7222421517982,475.4211599167778,69.66860549817535,25.0,0.04848271131186266,0.9922452211380005,0.03125,0.0,1.0,0.95625,0.8747909497591405,378.0,539.0,162.0,160.0,708.0,475.5,1907.7857017409888,420.31648094328636,78.86702729928318,3.0,48.277822223131906,48.27775784820176,0.0788400832221896,0.8833679661057615,0.9321559071540833,0.9820637702941895,0.0,0.0,0.0,1.0,0.0,1.0
SNPT-065,0,8.0,0.2732773813913809,0.8682929004232088,0.138328530259366,0.0,0.9893617021276596,0.8126801152737753,0.8386807209211038,0.0,346.0,347.0,347.0,1306.5,544.0,6.666162631015856,614.202812775796,84.02992353701693,10.0,0.00010772680931646998,0.9999925374984742,1.0,0.0,1.0,1.0,0.8324090758959453,735.0,749.0,15.0,15.0,1883.0,622.0,1797.067591091441,613.2229284769489,168.67630527808052,389.0,1876.3500380750995,1876.3338373689842,7.797187224203981,0.498172659156156,0.8478587865829468,0.9550265073776245,0.0,1.0,0.0,1.0,0.0,1.0
SNPT-065,0,,1.0,0.0,0.0,1.0,1.0,0.8734177215189873,0.8100548261317654,0.0,315.0,316.0,316.0,1310.0,452.0,5.633389472999211,415.7483905040543,65.3272471147978,,1.0,0.0,0.0,0.0,1.0,0.92,0.8137363159138223,625.0,749.0,125.0,125.0,1896.5,385.0,1356.5689218289558,409.78665756994576,132.02766466337948,310.0,1891.1166019905959,1890.8666105270008,-30.748390504054328,0.49479968672745617,0.7303736805915833,0.9144791960716248,0.0,0.0,0.0,0.0,1.0,1.0
SNPT-065,0,,1.0,0.0,0.0,0.0,1.0,0.8866666666666667,0.8290294000976964,0.0,299.0,300.0,300.0,1132.5,486.0,11.323659217662453,434.86769676101676,68.71667685223206,24.0,0.060056578187558676,0.9589746778443355,0.7412935323383084,0.0,1.0,0.9651741293532339,0.8360836177142625,381.0,581.0,201.0,201.0,35.0,742.0,21.586739944829446,829.5127679928904,131.0596707735701,82.0,308.04353719194324,23.676340782337547,307.13230323898324,0.5243159581176796,0.8068808913230896,0.9608899354934692,0.0,0.0,0.0,1.0,0.0,1.0
SNPT-065,1,,1.0,0.0,0.0,0.0,1.0,0.8866666666666667,0.8290294000976964,0.0,299.0,300.0,300.0,1132.5,486.0,11.323659217662453,434.86769676101676,68.71667685223206,3.0,0.02673003378843602,0.9957085366432483,0.15853658536585366,0.0,1.0,0.8841463414634146,0.8584187100673544,389.0,583.0,195.0,164.0,19.0,485.0,15.6602567996232,370.985244804933,83.85837859923656,90.0,50.71660512940459,7.676340782337547,50.13230323898324,0.8194372226135272,0.932748556137085,0.9826706647872925,0.0,0.0,0.0,1.0,0.0,1.0
SNPT-065,0,4.0,0.0611669496764255,0.9613594840402189,0.5609756097560976,0.0,1.0,0.8353658536585366,0.8497670623507813,395.0,558.0,164.0,164.0,5.0,583.5,10.94299520653869,563.6515702378166,103.33491250749347,,1.0,0.0,0.0,0.0,1.0,0.92,0.8137363159138223,625.0,749.0,125.0,125.0,1896.5,385.0,1356.5689218289558,409.78665756994576,132.02766466337948,67.0,1894.001478846869,1885.5570047934614,-178.6515702378166,0.7826762123753256,0.7346398830413818,0.9604318141937256,0.0,0.0,0.0,1.0,0.0,1.0
SNPT-065,0,30.0,0.09780180003568378,0.9439197204731129,0.15976331360946747,0.0,0.9954128440366973,0.8599605522682445,0.8400889229063594,0.0,513.0,514.0,507.0,1628.5,514.0,1901.0087385226961,560.6636575361531,79.04023196712554,10.0,0.00010772680931646998,0.9999925374984742,1.0,0.0,1.0,1.0,0.8324090758959453,735.0,749.0,15.0,15.0,1883.0,622.0,1797.067591091441,613.2229284769489,168.67630527808052,222.0,63.92543758177295,-18.00873852269615,61.336342463846904,0.4685911980157465,0.8298497796058655,0.9600255489349365,0.0,1.0,1.0,1.0,0.0,1.0
SNPT-065,0,8.0,0.0004162405631551376,0.9999586767945553,0.31226053639846746,1.0,1.0,0.8544061302681992,0.8440136683628698,0.0,521.0,522.0,522.0,1655.5,498.0,1897.612066835684,510.56892057118273,76.14941027767522,30.0,0.004203111161389287,0.9670758297046026,1.0,0.0,1.0,1.0,0.7096278061469395,690.0,749.0,60.0,60.0,1878.0,474.5,1791.5879422040775,450.4116422106075,134.26849581860452,169.0,41.056061632085715,-19.61206683568389,-36.06892057118273,0.5671427970754387,0.8330472111701965,0.8356785178184509,0.0,1.0,1.0,0.0,1.0,1.0
SNPT-065,1,8.0,0.008091413331988907,0.9967942112517134,0.5487179487179488,0.0,1.0,0.9615384615384616,0.7973034119606018,360.0,749.0,390.0,390.0,12.410059290243737,601.4339451592722,624.7780751699163,522.192934299833,130.12803337163433,8.0,0.2732773813913809,0.8682929004232088,0.138328530259366,0.0,0.9893617021276596,0.8126801152737753,0.8386807209211038,0.0,346.0,347.0,347.0,1306.5,544.0,6.666162631015856,614.202812775796,84.02992353701693,14.0,14.001297405604964,5.743896659227881,-12.768867616523835,1.5485915956392633,0.9541089534759521,0.965144693851471,1.0,0.0,0.0,1.0,0.0,1.0
SNPT-065,0,36.0,0.006800323425505114,0.9986999105004704,0.09550561797752809,1.0,1.0,0.9325842696629213,0.8509892609464117,0.0,540.0,541.0,534.0,1703.0,475.5,1880.4776445037337,416.2297206238825,68.20255251137397,,1.0,0.0,0.0,0.0,1.0,0.92,0.8137363159138223,625.0,749.0,125.0,125.0,1896.5,385.0,1356.5689218289558,409.78665756994576,132.02766466337948,85.0,35.10001888738076,16.0223554962663,-31.229720623882486,0.5165777391069108,0.62955641746521,0.9352486729621887,0.0,0.0,0.0,0.0,1.0,1.0
SNPT-065,1,24.0,0.001996986158474101,0.9832804478131808,0.09386281588447654,0.0,0.9801587301587301,0.9097472924187726,0.840015779411982,0.0,276.0,277.0,277.0,1277.5,615.5,7.248575286214777,686.6117565238073,88.38394855651227,24.0,0.060056578187558676,0.9589746778443355,0.7412935323383084,0.0,1.0,0.9651741293532339,0.8360836177142625,381.0,581.0,201.0,201.0,35.0,742.0,21.586739944829446,829.5127679928904,131.0596707735701,105.0,61.95158665460384,27.751424713785223,55.388243476192656,0.6743794489550636,0.9581466913223267,0.966728687286377,1.0,0.0,1.0,1.0,0.0,1.0
SNPT-065,1,44.0,0.0016915867970693534,0.9991351267269679,0.5537974683544303,1.0,1.0,0.9272151898734177,0.8323944320857728,0.0,315.0,316.0,316.0,1175.5,622.0,12.601277781184026,769.8649162886206,106.06249011377243,44.0,0.010766670173808638,0.9957260511815548,0.8540925266903915,1.0,1.0,0.8540925266903915,0.7995888998111089,370.0,650.0,281.0,281.0,30.5,765.0,12.402080861141542,642.4517661804289,135.18827388087607,55.0,18.54809067159267,17.898722218815976,-4.864916288620634,0.784553919278765,0.9697822332382202,0.9703960418701172,1.0,0.0,1.0,1.0,0.0,1.0
SNPT-065,0,17.0,0.13074772221854958,0.945005784864011,0.06609195402298851,0.0,1.0,0.9454022988505747,0.8140755254084578,0.0,347.0,348.0,348.0,1417.0,492.5,16.699854119395056,561.87034314798,78.46653469846622,30.0,0.004203111161389287,0.9670758297046026,1.0,0.0,1.0,1.0,0.7096278061469395,690.0,749.0,60.0,60.0,1878.0,474.5,1791.5879422040775,450.4116422106075,134.26849581860452,343.0,1863.3496209560237,1861.300145880605,-87.37034314797995,0.5844001917208768,0.846097469329834,0.8420733213424683,0.0,1.0,1.0,1.0,0.0,1.0
SNPT-066,0,28.0,0.0013520939191948855,0.9998729228973389,0.0045871559633027525,0.0,0.9893617021276596,0.8623853211009175,0.87518713607433,0.0,217.0,218.0,218.0,1072.5,486.0,1878.3241993584277,538.2524175854269,88.6608953007038,8.0,0.057139303922891134,0.9577820505346021,0.2701525054466231,0.0,1.0,0.8932461873638344,0.8553212439141622,280.0,749.0,470.0,459.0,1106.5,467.0,96.98137636571155,538.5169165307009,87.58252946812094,63.0,775.1061228806324,-771.8241993584277,-71.25241758542688,1.012312567804694,0.9331520795822144,0.9900725483894348,0.0,1.0,1.0,1.0,0.0,1.0
SNPT-066,0,27.0,0.21809307696385077,0.944370816151301,0.042704626334519574,0.0,0.9628099173553719,0.8612099644128114,0.8463607671832251,0.0,280.0,281.0,281.0,440.0,561.5,1506.670373418738,537.6052595340226,112.66073021122274,8.0,0.0005330909043550491,0.9999536275863647,0.004807692307692308,1.0,1.0,0.8365384615384616,0.8351642462028854,285.0,492.0,208.0,208.0,1902.0,423.0,1426.5049545033266,530.5614911025866,60.14631900083378,5.0,411.6064615208812,395.3296265812619,-114.6052595340226,1.873110974749111,0.7747732996940613,0.9398611783981323,0.0,1.0,0.0,0.0,1.0,1.0
SNPT-066,0,10.0,0.19241404250567062,0.8871703276763091,0.13805970149253732,0.0,1.0,0.8992537313432836,0.8811992837185681,0.0,267.0,268.0,268.0,816.5,488.5,1910.9069722692393,605.7962932387203,99.5780853623111,10.0,0.10463019055630245,0.9359400824029395,0.10085836909871244,1.0,1.0,0.8927038626609443,0.8478979213306537,276.0,749.0,474.0,466.0,1780.5,558.0,93.94406262704373,375.78391452418623,62.65828139268914,9.0,138.89011506868258,-130.4069722692393,-47.796293238720295,1.589224650740735,0.8313456177711487,0.9572640657424927,1.0,0.0,0.0,0.0,1.0,1.0
SNPT-066,0,36.0,0.0006777601236535701,0.9981709428401808,0.6771929824561403,1.0,1.0,0.7403508771929824,0.8116258427995076,0.0,284.0,285.0,285.0,693.5,546.5,1209.2173822521831,424.8926243863309,109.7602585716064,8.0,0.0005330909043550491,0.9999536275863647,0.004807692307692308,1.0,1.0,0.8365384615384616,0.8351642462028854,285.0,492.0,208.0,208.0,1902.0,423.0,1426.5049545033266,530.5614911025866,60.14631900083378,1.0,692.7852029890545,692.7826177478169,-1.8926243863309082,1.8248873812225292,0.8402557969093323,0.9169797897338867,0.0,1.0,1.0,1.0,0.0,1.0
SNPT-066,0,27.0,0.21809307696385077,0.944370816151301,0.042704626334519574,0.0,0.9628099173553719,0.8612099644128114,0.8463607671832251,0.0,280.0,281.0,281.0,440.0,561.5,1506.670373418738,537.6052595340226,112.66073021122274,5.0,3.8274929123224565e-05,0.9999965176190415,0.26838235294117646,1.0,0.9955947136563876,0.8345588235294118,0.8440248091840534,283.0,554.0,272.0,272.0,1066.0,539.5,1904.0312153498567,631.8409772149739,75.11481675537837,3.0,440.6744467863362,-440.6703734187381,1.8947404659774065,1.4998469686495774,0.8723223209381104,0.9435304403305054,0.0,1.0,0.0,0.0,1.0,1.0
SNPT-066,0,15.0,0.006366335095328013,0.9890478233227858,0.5156794425087108,1.0,0.8683127572016461,0.8466898954703833,0.8494446027426072,0.0,286.0,287.0,287.0,570.0,535.5,1255.3668617013627,527.3872064992906,104.06491661440849,36.0,0.0030941000298467625,0.9950102624685868,0.24838012958963282,1.0,0.9974293059125964,0.8401727861771058,0.8678861807428473,287.0,749.0,463.0,463.0,997.5,466.5,781.2911141608304,332.5594548873082,64.24185820334621,1.0,264.9576763919041,-257.8668617013627,-60.88720649929064,1.619892691849128,0.9131675958633423,0.9839830994606018,0.0,1.0,1.0,1.0,0.0,0.0
SNPT-066,1,44.0,0.0029610926837555385,0.9996326847310446,0.7442922374429224,1.0,1.0,0.8036529680365296,0.8689310736954212,0.0,218.0,219.0,219.0,1213.0,498.5,1911.0750381019898,541.4835546493762,94.48712753114955,44.0,0.012965653255219188,0.9918826233882171,0.3939393939393939,1.0,1.0,0.803030303030303,0.8679656903698759,281.0,545.0,265.0,264.0,1133.0,495.0,6.785088437191828,705.8562449603475,78.77580805301604,63.0,779.4623055480325,-778.0750381019898,-46.483554649376174,1.1994434568993544,0.958187460899353,0.9837628602981567,1.0,0.0,1.0,1.0,0.0,1.0
SNPT-066,1,44.0,0.013972756498875381,0.9885260929576064,0.653179190751445,1.0,1.0,0.9190751445086706,0.8385321932768671,577.0,749.0,173.0,173.0,11.370501023512475,816.3910689537914,656.9973760758644,661.2637832315401,134.15589679702902,44.0,0.012965653255219188,0.9918826233882171,0.3939393939393939,1.0,1.0,0.803030303030303,0.8679656903698759,281.0,545.0,265.0,264.0,1133.0,495.0,6.785088437191828,705.8562449603475,78.77580805301604,32.0,110.62989344588753,4.585412586320647,110.53482399344398,1.7030088311724108,0.9461342096328735,0.9894313812255859,1.0,0.0,1.0,1.0,0.0,1.0
SNPT-066,1,,1.0,0.0,0.0,1.0,1.0,0.9386503067484663,0.887215264092863,0.0,185.0,186.0,163.0,1736.0,485.5,1911.1239161881033,442.89607938255506,90.89433894237284,,1.0,0.0,0.0,1.0,1.0,0.8,0.8285061717033386,288.0,292.0,5.0,5.0,1887.0,494.0,1735.395393938167,490.25440624706346,55.274637534122384,103.0,56.5117159067458,-24.123916188103294,51.10392061744494,1.6444131159840087,0.7285763621330261,0.7924061417579651,0.0,0.0,0.0,1.0,0.0,1.0
SNPT-066,1,44.0,0.0029610926837555385,0.9996326847310446,0.7442922374429224,1.0,1.0,0.8036529680365296,0.8689310736954212,0.0,218.0,219.0,219.0,1213.0,498.5,1911.0750381019898,541.4835546493762,94.48712753114955,44.0,0.013972756498875381,0.9885260929576064,0.653179190751445,1.0,1.0,0.9190751445086706,0.8385321932768671,577.0,749.0,173.0,173.0,11.370501023512475,816.3910689537914,656.9973760758644,661.2637832315401,134.15589679702902,359.0,1919.4925031418027,-1899.7045370784772,274.90751430441526,0.7043084186907097,0.9136157035827637,0.9851303696632385,1.0,0.0,1.0,1.0,0.0,1.0
SNPT-066,1,50.0,0.001678340800466568,0.999830323842264,0.45588235294117646,1.0,1.0,0.8676470588235294,0.8283002684682103,0.0,135.0,136.0,136.0,1871.5,606.0,1909.5753980011627,625.4733514431134,109.22062152226827,50.0,0.1024655848571759,0.9526433785756429,0.3488372093023256,1.0,1.0,0.9767441860465116,0.8870657199905032,707.0,749.0,43.0,43.0,1903.5,637.5,1551.3873888245653,560.0550833466172,95.64627089968481,572.0,13.47407645753112,-6.075398001162739,12.026648556886585,1.1419224241039199,0.9443482756614685,0.9778796434402466,1.0,0.0,1.0,1.0,0.0,1.0
SNPT-066,0,,1.0,0.0,0.0,0.0,1.0,0.8206521739130435,0.8595112577968875,0.0,183.0,184.0,184.0,1304.5,407.0,1892.9347135614223,438.7107551743967,75.43622241205593,5.0,3.8274929123224565e-05,0.9999965176190415,0.26838235294117646,1.0,0.9955947136563876,0.8345588235294118,0.8440248091840534,283.0,554.0,272.0,272.0,1066.0,539.5,1904.0312153498567,631.8409772149739,75.11481675537837,100.0,833.0543153753104,-826.9347135614223,100.7892448256033,1.00427885829402,0.7155561447143555,0.9508862495422363,0.0,0.0,0.0,0.0,1.0,1.0
SNPT-066,0,5.0,0.02072658126682563,0.9888824900203848,0.6470588235294118,1.0,1.0,0.8788927335640139,0.8229743296236504,0.0,289.0,290.0,289.0,501.5,573.0,1147.4806780879699,516.1871899852214,109.99851100484898,44.0,0.013972756498875381,0.9885260929576064,0.653179190751445,1.0,1.0,0.9190751445086706,0.8385321932768671,577.0,749.0,173.0,173.0,11.370501023512475,816.3910689537914,656.9973760758644,661.2637832315401,134.15589679702902,288.0,1175.1036989888205,-1136.1101770644573,300.20387896857005,0.8199304960203955,0.9010314345359802,0.9770621061325073,0.0,1.0,1.0,1.0,0.0,1.0
SNPT-066,1,5.0,3.8274929123224565e-05,0.9999965176190415,0.26838235294117646,1.0,0.9955947136563876,0.8345588235294118,0.8440248091840534,283.0,554.0,272.0,272.0,1066.0,539.5,1904.0312153498567,631.8409772149739,75.11481675537837,5.0,9.882124756516601e-06,0.999999422293443,0.09848484848484848,1.0,0.9918032786885246,0.9242424242424242,0.8439829066151479,618.0,749.0,132.0,132.0,1912.0,505.5,1424.5060741002621,463.95661435222434,93.76753932359313,64.0,126.59203787140373,7.968784650143334,-126.34097721497392,0.8010748420746764,0.9770693778991699,0.9954100847244263,1.0,0.0,1.0,1.0,0.0,1.0
SNPT-066,1,50.0,0.0008218202678816634,0.999912241391376,0.4448818897637795,1.0,1.0,0.937007874015748,0.8572921893175911,291.0,544.0,254.0,254.0,1888.1841615292437,661.825385339163,1909.2684478592555,743.9792191701854,89.72384752935352,50.0,0.1024655848571759,0.9526433785756429,0.3488372093023256,1.0,1.0,0.9767441860465116,0.8870657199905032,707.0,749.0,43.0,43.0,1903.5,637.5,1551.3873888245653,560.0550833466172,95.64627089968481,163.0,106.63535579627109,-5.768447859255502,-106.47921917018539,0.9380799343808939,0.9569470286369324,0.9916508793830872,1.0,0.0,1.0,1.0,0.0,1.0
SNPT-066,1,10.0,0.05755604981149629,0.9678162735827426,0.23114754098360657,0.0,0.9885496183206107,0.8590163934426229,0.8623777364046519,0.0,612.0,613.0,610.0,713.5,518.5,1898.7889392412003,799.4947258343867,96.64765395782148,,1.0,0.0,0.0,0.0,0.8571428571428571,0.7,0.8942598189626422,740.0,749.0,10.0,10.0,1907.0,610.0,1832.4105971978142,611.6572176059431,81.13775262324582,128.0,189.67254054774003,8.211060758799704,-189.4947258343867,1.1911551754039105,0.898859441280365,0.975978434085846,0.0,0.0,0.0,1.0,0.0,0.0
SNPT-066,0,28.0,0.0013520939191948855,0.9998729228973389,0.0045871559633027525,0.0,0.9893617021276596,0.8623853211009175,0.87518713607433,0.0,217.0,218.0,218.0,1072.5,486.0,1878.3241993584277,538.2524175854269,88.6608953007038,44.0,0.012965653255219188,0.9918826233882171,0.3939393939393939,1.0,1.0,0.803030303030303,0.8679656903698759,281.0,545.0,265.0,264.0,1133.0,495.0,6.785088437191828,705.8562449603475,78.77580805301604,64.0,746.5781498117028,-745.3241993584277,-43.25241758542688,1.125483793717928,0.7947374582290649,0.9731249213218689,0.0,1.0,1.0,0.0,1.0,1.0
SNPT-066,1,,1.0,0.0,0.0,0.0,0.9783653846153846,0.8984881209503239,0.8899000368725795,287.0,749.0,463.0,463.0,1333.3869590994289,439.37380037904234,700.6321630529509,298.36551743619714,49.64738355701686,,1.0,0.0,0.0,0.0,1.0,0.8206521739130435,0.8595112577968875,0.0,183.0,184.0,184.0,1304.5,407.0,1892.9347135614223,438.7107551743967,75.43622241205593,104.0,559.5481473049507,-559.5477544619935,0.6630452046456412,0.658137191518254,0.8697495460510254,0.9827394485473633,0.0,0.0,0.0,1.0,0.0,1.0
SNPT-066,1,,1.0,0.0,0.0,1.0,1.0,0.9386503067484663,0.887215264092863,0.0,185.0,186.0,163.0,1736.0,485.5,1911.1239161881033,442.89607938255506,90.89433894237284,4.0,0.009605167557310779,0.9967457386625915,0.4666666666666667,1.0,1.0,0.8352941176470589,0.8465825836983085,495.0,749.0,255.0,255.0,1382.5,538.5,438.44638441940305,522.525888515448,101.42920135936484,310.0,537.1995480298486,-528.6239161881033,95.60392061744494,0.8961358043265385,0.9265370965003967,0.9738763570785522,0.0,0.0,0.0,1.0,0.0,1.0
SNPT-066,1,10.0,0.19241404250567062,0.8871703276763091,0.13805970149253732,0.0,1.0,0.8992537313432836,0.8811992837185681,0.0,267.0,268.0,268.0,816.5,488.5,1910.9069722692393,605.7962932387203,99.5780853623111,,1.0,0.0,0.0,0.0,0.8571428571428571,0.7,0.8942598189626422,740.0,749.0,10.0,10.0,1907.0,610.0,1832.4105971978142,611.6572176059431,81.13775262324582,473.0,5.738953114239009,-3.9069722692393043,4.2037067612797046,1.2272719189634316,0.873509407043457,0.9800031185150146,0.0,0.0,0.0,1.0,0.0,0.0
SNPT-066,0,14.0,0.013670468012163598,0.9914723959133898,0.640387275242047,1.0,0.9984894259818731,0.9156293222683264,0.8650173669135103,0.0,736.0,737.0,723.0,409.0,598.5,5.142837464029195,516.3071666675636,98.12693988775736,,1.0,0.0,0.0,0.0,0.8571428571428571,0.7,0.8942598189626422,740.0,749.0,10.0,10.0,1907.0,610.0,1832.4105971978142,611.6572176059431,81.13775262324582,4.0,1904.1635995121935,1901.8571625359707,93.69283333243641,1.2093869587859916,0.8262664079666138,0.9610324501991272,0.0,0.0,0.0,0.0,1.0,0.0
SNPT-066,0,,1.0,0.0,0.0,1.0,1.0,0.9386503067484663,0.887215264092863,0.0,185.0,186.0,163.0,1736.0,485.5,1911.1239161881033,442.89607938255506,90.89433894237284,17.0,0.196703693731723,0.896523118019104,0.07918552036199095,0.0,0.9975062344139651,0.9072398190045249,0.8786634796872698,282.0,723.0,442.0,442.0,1066.5,486.0,6.801080305434198,393.2139106817493,76.55824526356403,97.0,845.7230680131192,-844.6239161881033,43.10392061744494,1.1872573441234775,0.6932138204574585,0.9703546762466431,0.0,0.0,0.0,0.0,1.0,1.0
SNPT-066,0,50.0,0.0008218202678816634,0.999912241391376,0.4448818897637795,1.0,1.0,0.937007874015748,0.8572921893175911,291.0,544.0,254.0,254.0,1888.1841615292437,661.825385339163,1909.2684478592555,743.9792191701854,89.72384752935352,,1.0,0.0,0.0,0.0,1.0,0.8206521739130435,0.8595112577968875,0.0,183.0,184.0,184.0,1304.5,407.0,1892.9347135614223,438.7107551743967,75.43622241205593,108.0,223.16519876130073,-4.750552032178575,223.11463016476625,1.1894000608786344,0.7036206126213074,0.9548988342285156,0.0,0.0,0.0,0.0,1.0,1.0
SNPT-066,1,8.0,0.007679778099184371,0.9945943962443958,0.7300884955752213,1.0,1.0,0.8893805309734514,0.7993958479729458,0.0,225.0,226.0,226.0,1005.5,587.5,1896.993556361505,740.7819621413962,116.60965711404096,8.0,0.005455284953426678,0.9972764793513478,0.2917547568710359,1.0,1.0,0.9069767441860465,0.8272334565093745,274.0,749.0,476.0,473.0,1866.4542399689522,567.2727295027582,737.3918879872126,437.8026947851895,81.37194037476002,49.0,176.1763424997052,-30.53931639255279,-173.50923263863797,1.4330450592304051,0.9583518505096436,0.9629242420196533,1.0,0.0,1.0,1.0,0.0,1.0
SNPT-066,0,44.0,0.0029610926837555385,0.9996326847310446,0.7442922374429224,1.0,1.0,0.8036529680365296,0.8689310736954212,0.0,218.0,219.0,219.0,1213.0,498.5,1911.0750381019898,541.4835546493762,94.48712753114955,8.0,0.0005330909043550491,0.9999536275863647,0.004807692307692308,1.0,1.0,0.8365384615384616,0.8351642462028854,285.0,492.0,208.0,208.0,1902.0,423.0,1426.5049545033266,530.5614911025866,60.14631900083378,67.0,118.83058965983581,-9.075038101989776,-118.48355464937617,1.5709544507593178,0.9250224828720093,0.9624565839767456,0.0,1.0,1.0,1.0,0.0,1.0
SNPT-066,0,50.0,0.001678340800466568,0.999830323842264,0.45588235294117646,1.0,1.0,0.8676470588235294,0.8283002684682103,0.0,135.0,136.0,136.0,1871.5,606.0,1909.5753980011627,625.4733514431134,109.22062152226827,9.0,0.05816159925762878,0.9386599601610847,0.2,0.0,0.9975609756097561,0.8913043478260869,0.8615639407460283,290.0,749.0,460.0,460.0,944.5,507.5,1227.4042690064264,402.60487498217907,81.34246890328087,155.0,972.2593457909381,-965.0753980011627,-117.97335144311342,1.3427256757123456,0.8219356536865234,0.9659572243690491,0.0,1.0,1.0,0.0,1.0,1.0
SNPT-066,1,50.0,0.001678340800466568,0.999830323842264,0.45588235294117646,1.0,1.0,0.8676470588235294,0.8283002684682103,0.0,135.0,136.0,136.0,1871.5,606.0,1909.5753980011627,625.4733514431134,109.22062152226827,50.0,0.0008218202678816634,0.999912241391376,0.4448818897637795,1.0,1.0,0.937007874015748,0.8572921893175911,291.0,544.0,254.0,254.0,1888.1841615292437,661.825385339163,1909.2684478592555,743.9792191701854,89.72384752935352,156.0,42.17884974933636,-21.391236471919,36.352033896049534,1.2172975694843704,0.9493016600608826,0.9896940588951111,1.0,0.0,1.0,1.0,0.0,1.0
SNPT-066,1,27.0,0.21809307696385077,0.944370816151301,0.042704626334519574,0.0,0.9628099173553719,0.8612099644128114,0.8463607671832251,0.0,280.0,281.0,281.0,440.0,561.5,1506.670373418738,537.6052595340226,112.66073021122274,17.0,0.196703693731723,0.896523118019104,0.07918552036199095,0.0,0.9975062344139651,0.9072398190045249,0.8786634796872698,282.0,723.0,442.0,442.0,1066.5,486.0,6.801080305434198,393.2139106817493,76.55824526356403,2.0,443.185131121482,-440.1703734187381,-51.60525953402259,1.4715688665978448,0.9341346025466919,0.9777693748474121,0.0,1.0,0.0,1.0,0.0,1.0
SNPT-066,0,27.0,0.21809307696385077,0.944370816151301,0.042704626334519574,0.0,0.9628099173553719,0.8612099644128114,0.8463607671832251,0.0,280.0,281.0,281.0,440.0,561.5,1506.670373418738,537.6052595340226,112.66073021122274,,1.0,0.0,0.0,0.0,0.9783653846153846,0.8984881209503239,0.8899000368725795,287.0,749.0,463.0,463.0,1333.3869590994289,439.37380037904234,700.6321630529509,298.36551743619714,49.64738355701686,7.0,199.18976190023912,-173.28341431930926,-98.23145915498026,2.2692178749327057,0.8921269178390503,0.9606531858444214,0.0,0.0,0.0,1.0,0.0,1.0
SNPT-066,1,5.0,0.02072658126682563,0.9888824900203848,0.6470588235294118,1.0,1.0,0.8788927335640139,0.8229743296236504,0.0,289.0,290.0,289.0,501.5,573.0,1147.4806780879699,516.1871899852214,109.99851100484898,5.0,9.882124756516601e-06,0.999999422293443,0.09848484848484848,1.0,0.9918032786885246,0.9242424242424242,0.8439829066151479,618.0,749.0,132.0,132.0,1912.0,505.5,1424.5060741002621,463.95661435222434,93.76753932359313,329.0,764.5940161985383,764.5193219120301,-10.68718998522138,1.1730979803708246,0.9683602452278137,0.9668186902999878,1.0,0.0,1.0,1.0,0.0,1.0
SNPT-066,0,,1.0,0.0,0.0,0.0,1.0,0.8206521739130435,0.8595112577968875,0.0,183.0,184.0,184.0,1304.5,407.0,1892.9347135614223,438.7107551743967,75.43622241205593,17.0,0.196703693731723,0.896523118019104,0.07918552036199095,0.0,0.9975062344139651,0.9072398190045249,0.8786634796872698,282.0,723.0,442.0,442.0,1066.5,486.0,6.801080305434198,393.2139106817493,76.55824526356403,99.0,827.7865718018902,-826.4347135614223,47.289244825603305,0.9853441932002834,0.8730896711349487,0.9875972867012024,0.0,0.0,0.0,1.0,0.0,1.0
SNPT-066,1,27.0,0.01808176207898372,0.993502656618754,0.10526315789473684,1.0,1.0,0.8859649122807017,0.8549045020400887,287.0,514.0,228.0,228.0,879.0,464.0,5.4840124043719705,520.3026607075417,61.50581290753616,27.0,0.0027803969412616425,0.9995344877243042,0.5,1.0,1.0,0.85,0.8437940630258298,661.0,720.0,60.0,60.0,15.0,518.5,13.593432388395069,450.8429052668887,96.09493864732566,147.0,9.685226148452148,9.51598759562803,-1.8026607075416905,0.6400525748111071,0.9359546899795532,0.9908688068389893,1.0,0.0,1.0,1.0,0.0,1.0
SNPT-066,1,36.0,0.0006777601236535701,0.9981709428401808,0.6771929824561403,1.0,1.0,0.7403508771929824,0.8116258427995076,0.0,284.0,285.0,285.0,693.5,546.5,1209.2173822521831,424.8926243863309,109.7602585716064,36.0,0.0030941000298467625,0.9950102624685868,0.24838012958963282,1.0,0.9974293059125964,0.8401727861771058,0.8678861807428473,287.0,749.0,463.0,463.0,997.5,466.5,781.2911141608304,332.5594548873082,64.24185820334621,3.0,215.76705877676042,-211.71738225218314,41.60737561366909,1.7085473808086273,0.9469078183174133,0.9506109952926636,1.0,0.0,1.0,1.0,0.0,1.0
SNPT-066,0,8.0,0.18814892880618572,0.8406255050845768,0.08156028368794327,0.0,1.0,0.7907801418439716,0.8430141108987578,0.0,281.0,282.0,282.0,782.5,532.5,1341.8583360218668,513.3321331262937,114.77079497568424,50.0,0.1024655848571759,0.9526433785756429,0.3488372093023256,1.0,1.0,0.9767441860465116,0.8870657199905032,707.0,749.0,43.0,43.0,1903.5,637.5,1551.3873888245653,560.0550833466172,95.64627089968481,426.0,575.2034578130531,561.6416639781332,124.16786687370632,1.1999505458614013,0.7865705490112305,0.9586876630783081,0.0,1.0,0.0,0.0,1.0,1.0
SNPT-066,0,8.0,0.007679778099184371,0.9945943962443958,0.7300884955752213,1.0,1.0,0.8893805309734514,0.7993958479729458,0.0,225.0,226.0,226.0,1005.5,587.5,1896.993556361505,740.7819621413962,116.60965711404096,10.0,0.10463019055630245,0.9359400824029395,0.10085836909871244,1.0,1.0,0.8927038626609443,0.8478979213306537,276.0,749.0,474.0,466.0,1780.5,558.0,93.94406262704373,375.78391452418623,62.65828139268914,51.0,216.74868940321167,-116.49355636150494,-182.7819621413962,1.8610414221741927,0.8690512180328369,0.945103645324707,0.0,1.0,1.0,1.0,0.0,1.0
SNPT-066,0,,1.0,0.0,0.0,0.0,1.0,0.8206521739130435,0.8595112577968875,0.0,183.0,184.0,184.0,1304.5,407.0,1892.9347135614223,438.7107551743967,75.43622241205593,,1.0,0.0,0.0,0.0,0.8571428571428571,0.7,0.8942598189626422,740.0,749.0,10.0,10.0,1907.0,610.0,1832.4105971978142,611.6572176059431,81.13775262324582,557.0,171.86575480742144,14.065286438577687,171.2892448256033,0.9297302423735555,0.7370113134384155,0.9519165754318237,0.0,0.0,0.0,1.0,0.0,0.0
SNPT-066,1,,1.0,0.0,0.0,1.0,1.0,0.7485029940119761,0.7761949653625488,0.0,166.0,167.0,167.0,1763.0,397.0,1906.8063709841276,419.2822797207443,72.70280776042499,10.0,0.10463019055630245,0.9359400824029395,0.10085836909871244,1.0,1.0,0.8927038626609443,0.8478979213306537,276.0,749.0,474.0,466.0,1780.5,558.0,93.94406262704373,375.78391452418623,62.65828139268914,110.0,187.60571758518952,-126.30637098412762,138.71772027925567,1.160306445444701,0.8669933080673218,0.9710491299629211,0.0,0.0,0.0,1.0,0.0,1.0
SNPT-066,1,,1.0,0.0,0.0,1.0,1.0,0.8,0.8285061717033386,288.0,292.0,5.0,5.0,1887.0,494.0,1735.395393938167,490.25440624706346,55.274637534122384,4.0,0.009605167557310779,0.9967457386625915,0.4666666666666667,1.0,1.0,0.8352941176470589,0.8465825836983085,495.0,749.0,255.0,255.0,1382.5,538.5,438.44638441940305,522.525888515448,101.42920135936484,203.0,356.17804028231086,-352.895393938167,48.24559375293654,0.5449578306180654,0.7344132661819458,0.8100541234016418,0.0,0.0,0.0,1.0,0.0,1.0
SNPT-066,1,28.0,0.0013520939191948855,0.9998729228973389,0.0045871559633027525,0.0,0.9893617021276596,0.8623853211009175,0.87518713607433,0.0,217.0,218.0,218.0,1072.5,486.0,1878.3241993584277,538.2524175854269,88.6608953007038,,1.0,0.0,0.0,0.0,0.9408740359897172,0.8401727861771058,0.8852052330051412,287.0,749.0,463.0,463.0,1756.5,433.5,368.2163514479225,419.59982469484254,61.93978342328839,70.0,160.66799475724338,-121.82419935842768,-104.75241758542688,1.431404670804333,0.9273900985717773,0.9904932379722595,0.0,0.0,0.0,1.0,0.0,1.0
SNPT-066,0,27.0,0.21809307696385077,0.944370816151301,0.042704626334519574,0.0,0.9628099173553719,0.8612099644128114,0.8463607671832251,0.0,280.0,281.0,281.0,440.0,561.5,1506.670373418738,537.6052595340226,112.66073021122274,,1.0,0.0,0.0,0.0,0.8571428571428571,0.7,0.8942598189626422,740.0,749.0,10.0,10.0,1907.0,610.0,1832.4105971978142,611.6572176059431,81.13775262324582,460.0,406.8228218350451,400.3296265812619,72.3947404659774,1.3885118402816798,0.8682855367660522,0.9571675658226013,0.0,0.0,0.0,1.0,0.0,0.0
SNPT-066,1,8.0,0.0005330909043550491,0.9999536275863647,0.004807692307692308,1.0,1.0,0.8365384615384616,0.8351642462028854,285.0,492.0,208.0,208.0,1902.0,423.0,1426.5049545033266,530.5614911025866,60.14631900083378,4.0,0.009605167557310779,0.9967457386625915,0.4666666666666667,1.0,1.0,0.8352941176470589,0.8465825836983085,495.0,749.0,255.0,255.0,1382.5,538.5,438.44638441940305,522.525888515448,101.42920135936484,3.0,44.71527640923356,-44.004954503326644,7.938508897413385,0.5929881946692518,0.9089579582214355,0.9673773050308228,0.0,1.0,1.0,1.0,0.0,1.0
SNPT-066,1,,1.0,0.0,0.0,1.0,1.0,0.9386503067484663,0.887215264092863,0.0,185.0,186.0,163.0,1736.0,485.5,1911.1239161881033,442.89607938255506,90.89433894237284,8.0,0.0005330909043550491,0.9999536275863647,0.004807692307692308,1.0,1.0,0.8365384615384616,0.8351642462028854,285.0,492.0,208.0,208.0,1902.0,423.0,1426.5049545033266,530.5614911025866,60.14631900083378,100.0,21.88834898763417,-9.123916188103294,-19.896079382555058,1.51122031160565,0.9418246746063232,0.9808585047721863,0.0,0.0,0.0,1.0,0.0,1.0
SNPT-066,0,44.0,0.012965653255219188,0.9918826233882171,0.3939393939393939,1.0,1.0,0.803030303030303,0.8679656903698759,281.0,545.0,265.0,264.0,1133.0,495.0,6.785088437191828,705.8562449603475,78.77580805301604,50.0,0.1024655848571759,0.9526433785756429,0.3488372093023256,1.0,1.0,0.9767441860465116,0.8870657199905032,707.0,749.0,43.0,43.0,1903.5,637.5,1551.3873888245653,560.0550833466172,95.64627089968481,162.0,1897.946266881597,1896.714911562808,-68.35624496034745,0.8236160940935925,0.8792672753334045,0.9923410415649414,0.0,1.0,1.0,1.0,0.0,1.0
SNPT-066,1,8.0,0.18814892880618572,0.8406255050845768,0.08156028368794327,0.0,1.0,0.7907801418439716,0.8430141108987578,0.0,281.0,282.0,282.0,782.5,532.5,1341.8583360218668,513.3321331262937,114.77079497568424,9.0,0.05816159925762878,0.9386599601610847,0.2,0.0,0.9975609756097561,0.8913043478260869,0.8615639407460283,290.0,749.0,460.0,460.0,944.5,507.5,1227.4042690064264,402.60487498217907,81.34246890328087,9.0,397.4011335953505,-397.35833602186676,-5.832133126293684,1.4109578492404853,0.9779361486434937,0.9907497763633728,0.0,1.0,0.0,1.0,0.0,1.0
SNPT-066,0,8.0,0.18814892880618572,0.8406255050845768,0.08156028368794327,0.0,1.0,0.7907801418439716,0.8430141108987578,0.0,281.0,282.0,282.0,782.5,532.5,1341.8583360218668,513.3321331262937,114.77079497568424,44.0,0.012965653255219188,0.9918826233882171,0.3939393939393939,1.0,1.0,0.803030303030303,0.8679656903698759,281.0,545.0,265.0,264.0,1133.0,495.0,6.785088437191828,705.8562449603475,78.77580805301604,0.0,209.66132602552898,-208.85833602186676,-18.332133126293684,1.4569294534997803,0.846594512462616,0.9544999003410339,0.0,1.0,0.0,0.0,1.0,1.0
SNPT-066,0,10.0,0.19241404250567062,0.8871703276763091,0.13805970149253732,0.0,1.0,0.8992537313432836,0.8811992837185681,0.0,267.0,268.0,268.0,816.5,488.5,1910.9069722692393,605.7962932387203,99.5780853623111,,1.0,0.0,0.0,1.0,1.0,0.8,0.8285061717033386,288.0,292.0,5.0,5.0,1887.0,494.0,1735.395393938167,490.25440624706346,55.274637534122384,21.0,114.3239017222563,-23.906972269239304,-111.7962932387203,1.8015149407508844,0.680959939956665,0.7682772874832153,0.0,0.0,0.0,0.0,1.0,1.0
SNPT-067,0,,1.0,0.0,0.0,0.0,1.0,0.976303317535545,0.8418690866058313,0.0,210.0,211.0,211.0,34.0,468.5,7.502647221210772,534.6931380978862,70.5744836555202,,1.0,0.0,0.0,0.0,1.0,0.957345971563981,0.8952235715224011,539.0,749.0,211.0,211.0,1911.5,606.5,919.8846649456917,543.3066564152138,86.39364006506814,329.0,1905.3509243194196,1903.9973527787893,71.80686190211384,0.8168944334602223,0.7462588548660278,0.9754905700683594,0.0,0.0,0.0,1.0,0.0,1.0
SNPT-067,0,5.0,0.13315712880770056,0.9567620158195496,0.0064516129032258064,0.0,0.7122302158273381,0.896774193548387,0.8363892743341642,0.0,464.0,465.0,465.0,666.0,449.0,1894.38563119329,517.1204772331535,83.04664007254536,10.0,0.8796593099832535,0.790521522363027,0.06818181818181818,1.0,1.0,0.9090909090909091,0.856361199915409,706.0,749.0,44.0,44.0,1912.5,676.0,1174.3148055764036,589.0512620701315,104.05412857622481,242.0,159.90882749831673,18.11436880670999,158.87952276684655,0.7981099953348758,0.8114352226257324,0.9443153738975525,0.0,1.0,0.0,0.0,1.0,0.0
SNPT-067,0,,1.0,0.0,0.0,1.0,1.0,0.8281573498964804,0.875872945189476,0.0,482.0,483.0,483.0,213.0,460.0,1909.4294380626243,423.14266741556514,83.27829706887084,10.0,0.8796593099832535,0.790521522363027,0.06818181818181818,1.0,1.0,0.9090909090909091,0.856361199915409,706.0,749.0,44.0,44.0,1912.5,676.0,1174.3148055764036,589.0512620701315,104.05412857622481,224.0,252.8759755143354,3.0705619373757145,252.85733258443486,0.8003363077310801,0.7844501733779907,0.9530587196350098,0.0,0.0,0.0,1.0,0.0,1.0
SNPT-067,0,,1.0,0.0,0.0,1.0,0.9955357142857143,0.9431578947368421,0.8398921842287693,0.0,483.0,484.0,475.0,670.5,439.5,1909.6098303051954,429.36444933406415,81.88297706386487,,1.0,0.0,0.0,,0.0,0.0,0.5269982712951737,488.0,717.0,230.0,208.0,11.5,471.0,13.059079587671505,559.9708852808141,70.99330573600012,5.0,1898.566418901502,-1898.1098303051954,41.63555066593585,1.1533901149547778,0.6154825687408447,0.914777398109436,0.0,0.0,0.0,0.0,0.0,0.0
SNPT-067,1,10.0,0.019001012652058776,0.9875146760008274,0.8387096774193549,1.0,1.0,0.8924731182795699,0.7760688271149095,0.0,185.0,186.0,186.0,1709.0,583.0,1906.8787449338124,622.8567794395757,82.33085205076718,10.0,0.07007924948508541,0.988706648349762,0.0967741935483871,1.0,1.0,0.9354838709677419,0.8547306656837463,719.0,749.0,31.0,31.0,1899.5,901.0,1233.0483490527636,813.0460833861669,152.37633073249128,534.0,278.24107716245476,-7.378744933812413,278.1432205604243,0.5403126040310389,0.8320329189300537,0.9719439744949341,1.0,0.0,1.0,1.0,0.0,1.0
SNPT-067,1,,1.0,0.0,0.0,1.0,1.0,0.8281573498964804,0.875872945189476,0.0,482.0,483.0,483.0,213.0,460.0,1909.4294380626243,423.14266741556514,83.27829706887084,,1.0,0.0,0.0,1.0,1.0,0.8936170212765957,0.9007685039015043,562.0,749.0,188.0,188.0,1911.5,473.5,465.5827233917845,459.65087619466453,68.70984368525885,80.0,50.39988265617187,2.0705619373757145,50.35733258443486,1.2120286206783721,0.966401219367981,0.9867356419563293,0.0,0.0,0.0,1.0,0.0,1.0
SNPT-067,0,,1.0,0.0,0.0,1.0,0.9699074074074074,0.9,0.8472371923702734,0.0,484.0,485.0,480.0,659.5,454.0,1909.3897133841474,590.7596383078468,87.7400629981714,,1.0,0.0,0.0,1.0,1.0,0.8936170212765957,0.9007685039015043,562.0,749.0,188.0,188.0,1911.5,473.5,465.5827233917845,459.65087619466453,68.70984368525885,78.0,117.27862586886025,2.1102866158526012,-117.25963830784679,1.2769649629838313,0.7340559363365173,0.9882693290710449,0.0,0.0,0.0,1.0,0.0,1.0
SNPT-067,0,,1.0,0.0,0.0,1.0,0.9955357142857143,0.9431578947368421,0.8398921842287693,0.0,483.0,484.0,475.0,670.5,439.5,1909.6098303051954,429.36444933406415,81.88297706386487,,1.0,0.0,0.0,0.0,1.0,0.957345971563981,0.8952235715224011,539.0,749.0,211.0,211.0,1911.5,606.5,919.8846649456917,543.3066564152138,86.39364006506814,56.0,177.14563514577344,1.8901696948046265,177.13555066593585,0.9477894090605973,0.8175304532051086,0.9635810852050781,0.0,0.0,0.0,0.0,1.0,1.0
SNPT-067,1,,1.0,0.0,0.0,1.0,0.9955357142857143,0.9431578947368421,0.8398921842287693,0.0,483.0,484.0,475.0,670.5,439.5,1909.6098303051954,429.36444933406415,81.88297706386487,10.0,0.8796593099832535,0.790521522363027,0.06818181818181818,1.0,1.0,0.9090909090909091,0.856361199915409,706.0,749.0,44.0,44.0,1912.5,676.0,1174.3148055764036,589.0512620701315,104.05412857622481,223.0,246.65248414146203,2.8901696948046265,246.63555066593585,0.7869267484555553,0.8161993026733398,0.9639239311218262,0.0,0.0,0.0,1.0,0.0,1.0
SNPT-067,1,,1.0,0.0,0.0,0.0,1.0,0.8297872340425532,0.8167533587186765,0.0,475.0,476.0,470.0,705.0,445.5,1901.078588253627,842.256416672966,90.7905934830369,50.0,0.0004478747095245953,0.9999617609110746,0.9166666666666666,0.0,1.0,0.9166666666666666,0.8333553807301954,726.0,749.0,24.0,24.0,1902.0,707.0,1664.6239794162861,666.3246477361492,114.25440589286139,251.0,135.25955511836253,0.9214117463729963,-135.256416672966,0.7946353820978513,0.8881626129150391,0.9570537805557251,0.0,0.0,0.0,1.0,0.0,1.0
SNPT-067,1,,1.0,0.0,0.0,0.0,1.0,0.8773784355179705,0.842310444130955,0.0,472.0,473.0,473.0,491.0,436.5,1898.1152179742166,435.3086704687409,83.59943946252541,,1.0,0.0,0.0,0.0,1.0,0.9024390243902439,0.8282679706006437,556.0,596.0,41.0,41.0,1914.0,517.5,1913.1498607529668,493.24486412500517,78.86131572199608,84.0,83.71225089628562,15.884782025783352,82.1913295312591,1.06008172317632,0.9382244348526001,0.9779918193817139,0.0,0.0,0.0,1.0,0.0,1.0
SNPT-067,0,,1.0,0.0,0.0,0.0,1.0,0.976303317535545,0.8418690866058313,0.0,210.0,211.0,211.0,34.0,468.5,7.502647221210772,534.6931380978862,70.5744836555202,,1.0,0.0,0.0,0.0,1.0,0.7738095238095238,0.8621805411118727,582.0,749.0,168.0,168.0,1913.0,448.5,841.0652592752529,405.779249757481,66.80576889582417,372.0,1907.4457838958713,1905.4973527787893,-86.19313809788616,1.0564130137559362,0.7884692549705505,0.9732304811477661,0.0,0.0,0.0,1.0,0.0,1.0
SNPT-067,1,,1.0,0.0,0.0,0.0,1.0,0.8773784355179705,0.842310444130955,0.0,472.0,473.0,473.0,491.0,436.5,1898.1152179742166,435.3086704687409,83.59943946252541,,1.0,0.0,0.0,1.0,0.8857142857142857,0.8333333333333334,0.9125509790011814,708.0,749.0,42.0,42.0,1894.5,507.0,1409.1306085248402,492.04236851858553,79.87281412239214,236.0,71.78242494483369,-3.615217974216648,71.6913295312591,1.0466569931343952,0.9201268553733826,0.9660319089889526,0.0,0.0,0.0,0.0,1.0,0.0
SNPT-067,1,10.0,0.046729046890201666,0.9930935700734457,0.014563106796116505,1.0,1.0,0.9466019417475728,0.8372100863701258,268.0,473.0,206.0,206.0,1907.0,779.0,1880.0378125871105,834.0925209718259,122.29216586646673,10.0,0.07007924948508541,0.988706648349762,0.0967741935483871,1.0,1.0,0.9354838709677419,0.8547306656837463,719.0,749.0,31.0,31.0,1899.5,901.0,1233.0483490527636,813.0460833861669,152.37633073249128,246.0,69.68061056563718,19.462187412889534,66.90747902817407,0.8025666799994043,0.8474260568618774,0.9731665253639221,1.0,0.0,1.0,1.0,0.0,1.0
SNPT-067,1,,1.0,0.0,0.0,1.0,0.993006993006993,0.9147121535181236,0.8147854775815577,0.0,479.0,480.0,469.0,694.0,442.5,1855.151475418737,408.40502138009793,81.41049436735541,,1.0,0.0,0.0,1.0,1.0,0.9545454545454546,0.920401801665624,706.0,749.0,44.0,44.0,1904.5,543.5,1482.5448224366987,497.1191384702011,85.2059552371429,227.0,143.82604119789755,49.348524581263064,135.09497861990207,0.9554554507460885,0.8913558721542358,0.9807352423667908,0.0,0.0,0.0,1.0,0.0,1.0
SNPT-067,0,,1.0,0.0,0.0,0.0,1.0,0.9024390243902439,0.8282679706006437,556.0,596.0,41.0,41.0,1914.0,517.5,1913.1498607529668,493.24486412500517,78.86131572199608,11.0,0.28321234468603507,0.8607370257377625,0.08571428571428572,0.0,1.0,0.9714285714285714,0.8701956780517802,715.0,749.0,35.0,35.0,1900.5,599.0,1353.4846664616894,526.9561610791087,93.52408697736016,119.0,106.50900309836754,-12.649860752966788,105.75513587499483,0.8432193060712416,0.8898240327835083,0.985276997089386,0.0,0.0,0.0,1.0,0.0,1.0
SNPT-067,1,5.0,0.13315712880770056,0.9567620158195496,0.0064516129032258064,0.0,0.7122302158273381,0.896774193548387,0.8363892743341642,0.0,464.0,465.0,465.0,666.0,449.0,1894.38563119329,517.1204772331535,83.04664007254536,11.0,0.28321234468603507,0.8607370257377625,0.08571428571428572,0.0,1.0,0.9714285714285714,0.8701956780517802,715.0,749.0,35.0,35.0,1900.5,599.0,1353.4846664616894,526.9561610791087,93.52408697736016,251.0,82.10750120683865,6.11436880670999,81.87952276684655,0.8879706047560654,0.8927381038665771,0.9767317771911621,0.0,1.0,0.0,1.0,0.0,0.0
SNPT-067,1,,1.0,0.0,0.0,0.0,1.0,0.976303317535545,0.8418690866058313,0.0,210.0,211.0,211.0,34.0,468.5,7.502647221210772,534.6931380978862,70.5744836555202,4.0,0.019905339020847606,0.9941185060537087,0.2425629290617849,0.0,1.0,0.8466819221967964,0.8587152002631007,313.0,749.0,437.0,437.0,7.0,522.0,36.45532556865824,714.2211562939437,102.10562683217819,103.0,12.703086593462238,-0.502647221210772,-12.693138097886163,0.6911909347710788,0.850037693977356,0.9805567860603333,0.0,0.0,0.0,1.0,0.0,1.0
SNPT-067,0,,1.0,0.0,0.0,1.0,0.5741935483870968,0.7380952380952381,0.7015288688203014,0.0,419.0,420.0,420.0,609.5,440.0,1914.9683973386145,321.1738394639873,84.95542255656977,,1.0,0.0,0.0,,0.0,0.0,0.5269982712951737,488.0,717.0,230.0,208.0,11.5,471.0,13.059079587671505,559.9708852808141,70.99330573600012,69.0,1909.3558646956824,-1903.4683973386145,149.8261605360127,1.1966680756139176,0.6618611812591553,0.9143300652503967,0.0,0.0,0.0,0.0,0.0,0.0
SNPT-067,1,,1.0,0.0,0.0,0.0,1.0,0.9107883817427386,0.8714405488316181,0.0,481.0,482.0,482.0,475.5,447.5,1894.2450120081548,587.6480005882024,85.18931439698895,,1.0,0.0,0.0,0.0,1.0,0.957345971563981,0.8952235715224011,539.0,749.0,211.0,211.0,1911.5,606.5,919.8846649456917,543.3066564152138,86.39364006506814,58.0,25.55645696142438,17.254987991845155,18.85199941179758,0.9860600193813788,0.9650090932846069,0.9943667054176331,0.0,0.0,0.0,1.0,0.0,1.0
SNPT-067,0,,1.0,0.0,0.0,1.0,0.9699074074074074,0.9,0.8472371923702734,0.0,484.0,485.0,480.0,659.5,454.0,1909.3897133841474,590.7596383078468,87.7400629981714,,1.0,0.0,0.0,0.0,1.0,0.7738095238095238,0.8621805411118727,582.0,749.0,168.0,168.0,1913.0,448.5,841.0652592752529,405.779249757481,66.80576889582417,98.0,142.30544213391136,3.6102866158526012,-142.25963830784679,1.313360574219149,0.7501355409622192,0.9537503123283386,0.0,0.0,0.0,0.0,1.0,1.0
SNPT-067,0,10.0,0.046729046890201666,0.9930935700734457,0.014563106796116505,1.0,1.0,0.9466019417475728,0.8372100863701258,268.0,473.0,206.0,206.0,1907.0,779.0,1880.0378125871105,834.0925209718259,122.29216586646673,10.0,0.8796593099832535,0.790521522363027,0.06818181818181818,1.0,1.0,0.9090909090909091,0.856361199915409,706.0,749.0,44.0,44.0,1912.5,676.0,1174.3148055764036,589.0512620701315,104.05412857622481,233.0,161.3909501764482,32.462187412889534,-158.09252097182593,1.1752745185586908,0.9102760553359985,0.9759069085121155,1.0,0.0,0.0,1.0,0.0,1.0
SNPT-067,0,,1.0,0.0,0.0,1.0,0.5741935483870968,0.7380952380952381,0.7015288688203014,0.0,419.0,420.0,420.0,609.5,440.0,1914.9683973386145,321.1738394639873,84.95542255656977,,1.0,0.0,0.0,1.0,1.0,0.9545454545454546,0.920401801665624,706.0,749.0,44.0,44.0,1904.5,543.5,1482.5448224366987,497.1191384702011,85.2059552371429,287.0,222.57248033286595,-10.468397338614523,222.3261605360127,0.9970596811000375,0.7639931440353394,0.9684965014457703,0.0,0.0,0.0,1.0,0.0,0.0
SNPT-067,0,5.0,0.13315712880770056,0.9567620158195496,0.0064516129032258064,0.0,0.7122302158273381,0.896774193548387,0.8363892743341642,0.0,464.0,465.0,465.0,666.0,449.0,1894.38563119329,517.1204772331535,83.04664007254536,,1.0,0.0,0.0,1.0,1.0,0.8936170212765957,0.9007685039015043,562.0,749.0,188.0,188.0,1911.5,473.5,465.5827233917845,459.65087619466453,68.70984368525885,98.0,46.85773846122054,17.11436880670999,-43.62047723315345,1.208657095087561,0.7337854504585266,0.9700877666473389,0.0,0.0,0.0,0.0,1.0,0.0
SNPT-067,0,5.0,0.13315712880770056,0.9567620158195496,0.0064516129032258064,0.0,0.7122302158273381,0.896774193548387,0.8363892743341642,0.0,464.0,465.0,465.0,666.0,449.0,1894.38563119329,517.1204772331535,83.04664007254536,,1.0,0.0,0.0,1.0,0.9938271604938271,0.9364161849710982,0.8545782613901445,562.0,734.0,173.0,173.0,1911.0,624.5,19.53048837094981,699.2227555666532,103.36740021924231,98.0,108.65725544334853,16.61436880670999,107.37952276684655,0.8034122933962099,0.8392559885978699,0.9569478631019592,0.0,0.0,0.0,0.0,1.0,0.0
SNPT-067,1,10.0,0.019001012652058776,0.9875146760008274,0.8387096774193549,1.0,1.0,0.8924731182795699,0.7760688271149095,0.0,185.0,186.0,186.0,1709.0,583.0,1906.8787449338124,622.8567794395757,82.33085205076718,10.0,0.046729046890201666,0.9930935700734457,0.014563106796116505,1.0,1.0,0.9466019417475728,0.8372100863701258,268.0,473.0,206.0,206.0,1907.0,779.0,1880.0378125871105,834.0925209718259,122.29216586646673,83.0,156.14326764152335,0.12125506618758664,156.1432205604243,0.6732307950181035,0.7926679253578186,0.9555279016494751,1.0,0.0,1.0,1.0,0.0,1.0
SNPT-067,1,,1.0,0.0,0.0,1.0,0.9699074074074074,0.9,0.8472371923702734,0.0,484.0,485.0,480.0,659.5,454.0,1909.3897133841474,590.7596383078468,87.7400629981714,,1.0,0.0,0.0,1.0,0.9938271604938271,0.9364161849710982,0.8545782613901445,562.0,734.0,173.0,173.0,1911.0,624.5,19.53048837094981,699.2227555666532,103.36740021924231,78.0,33.77876596476719,1.6102866158526012,33.740361692153215,0.8488175460742426,0.901606559753418,0.9653627872467041,0.0,0.0,0.0,1.0,0.0,1.0
SNPT-067,1,,1.0,0.0,0.0,0.0,1.0,0.9024390243902439,0.8282679706006437,556.0,596.0,41.0,41.0,1914.0,517.5,1913.1498607529668,493.24486412500517,78.86131572199608,,1.0,0.0,0.0,1.0,0.8857142857142857,0.8333333333333334,0.9125509790011814,708.0,749.0,42.0,42.0,1894.5,507.0,1409.1306085248402,492.04236851858553,79.87281412239214,112.0,23.173715046246272,-18.649860752966788,13.755135874994835,0.9873361366879335,0.9316504597663879,0.9594739079475403,0.0,0.0,0.0,0.0,1.0,0.0
SNPT-067,0,,1.0,0.0,0.0,0.0,1.0,0.8773784355179705,0.842310444130955,0.0,472.0,473.0,473.0,491.0,436.5,1898.1152179742166,435.3086704687409,83.59943946252541,,1.0,0.0,0.0,1.0,1.0,0.8936170212765957,0.9007685039015043,562.0,749.0,188.0,188.0,1911.5,473.5,465.5827233917845,459.65087619466453,68.70984368525885,90.0,40.46887743986676,13.384782025783352,38.1913295312591,1.2167025127501638,0.7079763412475586,0.9670579433441162,0.0,0.0,0.0,0.0,1.0,1.0
SNPT-067,1,,1.0,0.0,0.0,0.0,1.0,0.8744769874476988,0.84047601995856,0.0,477.0,478.0,478.0,451.5,430.5,1806.558250060219,399.72565073969963,77.91017088104905,,1.0,0.0,0.0,0.0,1.0,0.7738095238095238,0.8621805411118727,582.0,749.0,168.0,168.0,1913.0,448.5,841.0652592752529,405.779249757481,66.80576889582417,105.0,117.08451339100581,106.44174993978095,48.77434926030037,1.1662192078432763,0.9535662531852722,0.9905816316604614,0.0,0.0,0.0,1.0,0.0,1.0
SNPT-068,0,15.0,0.0015325994427257683,0.9998483955860138,0.003246753246753247,0.0,0.996116504854369,0.836038961038961,0.8858359570642119,0.0,615.0,616.0,616.0,1148.0,421.5,1905.1104985893753,425.173934840788,88.11132118063938,,1.0,0.0,0.0,1.0,1.0,0.8888888888888888,0.8405604213476181,741.0,749.0,9.0,9.0,1903.0,172.0,1834.052618873956,217.639220910419,101.9436507854157,126.0,253.18273141559894,-2.110498589375311,-253.17393484078798,0.8643139666059987,0.8458828926086426,0.9448121786117554,0.0,0.0,0.0,0.0,1.0,1.0
SNPT-068,1,,1.0,0.0,0.0,1.0,1.0,0.8958333333333334,0.8826056746549384,224.0,319.0,96.0,96.0,10.0,523.0,8.755008624755977,620.2305569926373,107.25636221621888,27.0,0.0031633428502573224,0.9657472968101501,0.0410958904109589,1.0,0.9375,0.8767123287671232,0.8957435181364417,568.0,640.0,73.0,73.0,11.0,643.5,13.643175765141567,354.59035152307547,101.3208743352176,249.0,23.377488405468668,2.244991375244023,23.269443007362725,1.0585810961457347,0.8481525778770447,0.9271156191825867,0.0,0.0,0.0,1.0,0.0,1.0
SNPT-068,0,,1.0,0.0,0.0,1.0,1.0,0.8938775510204081,0.9121985919943684,126.0,370.0,245.0,245.0,26.0,345.5,7.037816884766628,400.4888918410841,69.97709739429453,27.0,0.0013786431843051782,0.999844373658646,0.6615384615384615,0.0,1.0,0.7384615384615385,0.8945686283210913,579.0,643.0,65.0,65.0,16.5,661.5,8.774098905549293,357.9823467237093,108.99382507030214,209.0,261.1825635291366,9.462183115233373,261.0111081589159,0.642028090574476,0.7099366784095764,0.9604001045227051,0.0,0.0,0.0,0.0,1.0,1.0
SNPT-068,0,27.0,0.008413684222680538,0.9849328091067653,0.6666666666666666,0.0,1.0,0.9032258064516129,0.8251653569085258,145.0,330.0,186.0,186.0,29.0,734.5,26.995599474357924,737.7013566331757,150.91327525700888,,1.0,0.0,0.0,1.0,1.0,0.8584905660377359,0.8868804914610726,498.0,749.0,252.0,212.0,13.0,805.0,70.36276862323227,386.4255532088676,127.14228098280333,168.0,68.73852052278731,-13.995599474357924,67.29864336682431,1.1869637235580248,0.7935267686843872,0.9234031438827515,0.0,0.0,0.0,0.0,1.0,1.0
SNPT-068,1,8.0,0.0206127115336827,0.9943532550588567,0.07952622673434856,0.0,0.9919839679358717,0.8443316412859561,0.8950197009858722,0.0,590.0,591.0,591.0,1194.5,541.0,1905.107152652409,589.8614027556728,97.59247090786842,,1.0,0.0,0.0,0.0,1.0,0.9090909090909091,0.8799044013023376,739.0,749.0,11.0,11.0,1905.0,228.0,1816.9596579100748,258.83671031986154,119.62493649805059,149.0,361.8614186204356,-0.10715265240901317,-361.86140275567277,0.8158204615595244,0.8872083425521851,0.9832987785339355,0.0,0.0,0.0,1.0,0.0,1.0
SNPT-068,1,,1.0,0.0,0.0,1.0,0.8333333333333334,0.8571428571428571,0.8686213394006094,0.0,6.0,7.0,7.0,47.5,661.5,14.054878650022125,648.605172488991,119.12162940024537,8.0,0.02092930375653168,0.9853543167683616,0.5037593984962406,1.0,1.0,0.9511278195488722,0.8794286620946741,118.0,383.0,266.0,266.0,18.5,864.5,11.360332927030782,690.0374397115665,136.1590499188832,112.0,215.94058360999296,4.445121349977875,215.894827511009,0.8748711853616202,0.9078050255775452,0.9472184777259827,0.0,0.0,0.0,1.0,0.0,0.0
SNPT-068,0,,1.0,0.0,0.0,0.0,1.0,0.00398406374501992,0.5238642650867196,0.0,250.0,251.0,251.0,1678.0,317.5,1912.1426613233127,354.96048892258966,82.53886195633093,27.0,0.0031633428502573224,0.9657472968101501,0.0410958904109589,1.0,0.9375,0.8767123287671232,0.8957435181364417,568.0,640.0,73.0,73.0,11.0,643.5,13.643175765141567,354.59035152307547,101.3208743352176,318.0,1922.9140563624467,-1901.1426613233127,288.53951107741034,0.8146284020729347,0.6984046101570129,0.9437292814254761,0.0,0.0,0.0,0.0,1.0,1.0
SNPT-068,0,50.0,0.0014954301861665874,0.9936036673875955,0.12264150943396226,0.0,0.9943181818181818,0.8301886792452831,0.9061245030977509,340.0,592.0,253.0,212.0,1911.5,657.5,1910.7889244648475,588.5859628160999,115.45938445108509,,1.0,0.0,0.0,1.0,1.0,0.8181818181818182,0.8662103745672438,739.0,749.0,11.0,11.0,1904.5,359.0,1779.4822544853482,376.91942201336497,132.0,147.0,229.67208122259913,-6.288924464847469,-229.58596281609994,0.8746923064476143,0.7768163681030273,0.9323398470878601,0.0,0.0,0.0,0.0,1.0,1.0
SNPT-068,1,,1.0,0.0,0.0,1.0,1.0,0.8938775510204081,0.9121985919943684,126.0,370.0,245.0,245.0,26.0,345.5,7.037816884766628,400.4888918410841,69.97709739429453,,1.0,0.0,0.0,1.0,1.0,0.952755905511811,0.9024200626641266,496.0,749.0,254.0,254.0,9.0,514.5,425.1799145104206,267.57559670496687,91.60682933416012,126.0,114.02799194146023,1.9621831152333717,114.01110815891587,0.7638851590314798,0.9298616647720337,0.9852340221405029,0.0,0.0,0.0,1.0,0.0,1.0
SNPT-068,1,,1.0,0.0,0.0,1.0,0.9982847341337907,0.9620462046204621,0.8986958468757813,0.0,605.0,606.0,606.0,1024.0,380.5,1913.4025981836062,420.7426992010845,82.88172285456871,,1.0,0.0,0.0,1.0,1.0,0.8888888888888888,0.8405604213476181,741.0,749.0,9.0,9.0,1903.0,172.0,1834.052618873956,217.639220910419,101.9436507854157,136.0,248.96012623472615,-10.402598183606187,-248.74269920108452,0.8130150550427998,0.887316882610321,0.9603071212768555,0.0,0.0,0.0,1.0,0.0,1.0
SNPT-068,1,,1.0,0.0,0.0,1.0,1.0,0.9,0.8863461679882474,0.0,19.0,20.0,20.0,295.5,479.0,7.8563139432475095,497.585454633751,115.23351088596262,17.0,0.2812490215030266,0.8869182268778483,0.0187207488299532,1.0,1.0,0.9500780031201248,0.9010393694899548,109.0,749.0,641.0,641.0,13.5,509.5,450.27261452192613,295.5135864992802,104.95068911229815,90.0,13.183610415648213,5.6436860567524905,11.914545366249001,1.0979776489381767,0.9419280290603638,0.9749337434768677,0.0,0.0,0.0,1.0,0.0,1.0
SNPT-068,0,27.0,0.008413684222680538,0.9849328091067653,0.6666666666666666,0.0,1.0,0.9032258064516129,0.8251653569085258,145.0,330.0,186.0,186.0,29.0,734.5,26.995599474357924,737.7013566331757,150.91327525700888,50.0,0.0014954301861665874,0.9936036673875955,0.12264150943396226,0.0,0.9943181818181818,0.8301886792452831,0.9061245030977509,340.0,592.0,253.0,212.0,1911.5,657.5,1910.7889244648475,588.5859628160999,115.45938445108509,10.0,1886.2102462891858,1884.504400525642,-80.20135663317569,1.3070680739766458,0.8222432136535645,0.9607746601104736,0.0,1.0,1.0,1.0,0.0,1.0
SNPT-068,1,50.0,0.006606093483229516,0.998635020520952,0.3956043956043956,0.0,1.0,0.9835164835164835,0.8812209867232339,0.0,181.0,182.0,182.0,976.5,620.0,1904.4246521973496,530.7525121869633,119.14647474151295,,1.0,0.0,0.0,0.0,1.0,1.0,0.8488499502340953,220.0,249.0,30.0,30.0,1910.0,576.5,1904.0734686470023,606.664669903193,105.92087349038675,39.0,46.08597557093116,5.575347802650413,45.74748781303674,1.1248630304424985,0.9595504999160767,0.9557778835296631,0.0,0.0,0.0,1.0,0.0,1.0
SNPT-068,1,27.0,0.008413684222680538,0.9849328091067653,0.6666666666666666,0.0,1.0,0.9032258064516129,0.8251653569085258,145.0,330.0,186.0,186.0,29.0,734.5,26.995599474357924,737.7013566331757,150.91327525700888,27.0,0.0013786431843051782,0.999844373658646,0.6615384615384615,0.0,1.0,0.7384615384615385,0.8945686283210913,579.0,643.0,65.0,65.0,16.5,661.5,8.774098905549293,357.9823467237093,108.99382507030214,249.0,76.92076677375604,-10.495599474357924,-76.20135663317569,1.3846038998967902,0.8711893558502197,0.9675405025482178,1.0,0.0,1.0,1.0,0.0,1.0
SNPT-068,1,8.0,0.02092930375653168,0.9853543167683616,0.5037593984962406,1.0,1.0,0.9511278195488722,0.8794286620946741,118.0,383.0,266.0,266.0,18.5,864.5,11.360332927030782,690.0374397115665,136.1590499188832,,1.0,0.0,0.0,1.0,1.0,0.8584905660377359,0.8868804914610726,498.0,749.0,252.0,212.0,13.0,805.0,70.36276862323227,386.4255532088676,127.14228098280333,115.0,114.97425266633341,1.6396670729692175,114.96256028843345,1.0709187287374484,0.951130747795105,0.9879764318466187,0.0,0.0,0.0,1.0,0.0,1.0
SNPT-068,0,,1.0,0.0,0.0,1.0,1.0,0.9,0.8863461679882474,0.0,19.0,20.0,20.0,295.5,479.0,7.8563139432475095,497.585454633751,115.23351088596262,,1.0,0.0,0.0,0.0,1.0,0.625,0.8189000844955444,742.0,749.0,8.0,8.0,1907.5,362.0,1856.843031369483,368.5689010339985,130.06174600812284,723.0,1904.476187691389,1899.6436860567526,-135.585454633751,0.8859908037738157,0.819554328918457,0.9413646459579468,0.0,0.0,0.0,0.0,1.0,1.0
SNPT-068,1,24.0,0.05187456473223457,0.9254688123861948,0.6947368421052632,1.0,1.0,0.8526315789473684,0.8916636484640615,0.0,94.0,95.0,95.0,1600.5,755.5,1911.342583743663,753.1151617605428,127.45492730518991,24.0,0.03329421898288908,0.9717148324066305,0.3431192660550459,1.0,1.0,0.9651376146788991,0.8754468006099585,205.0,749.0,545.0,545.0,1903.8058937256892,714.0303450887898,432.8292256061063,612.5780727556769,142.99267759921793,111.0,39.804831248123286,-7.536690017973797,-39.08481667175306,0.891338839478358,0.9801359176635742,0.9856904149055481,1.0,0.0,1.0,1.0,0.0,1.0
SNPT-068,1,,1.0,0.0,0.0,0.0,1.0,0.00398406374501992,0.5238642650867196,0.0,250.0,251.0,251.0,1678.0,317.5,1912.1426613233127,354.96048892258966,82.53886195633093,,1.0,0.0,0.0,,0.0,0.0,0.5271614613011479,360.0,554.0,195.0,195.0,1903.5,359.5,1911.9741914274796,408.27401171768486,80.34343856445902,110.0,9.762313023634142,-8.642661323312723,4.539511077410339,1.0273254845834179,0.9577499032020569,0.9943434000015259,0.0,0.0,0.0,0.0,0.0,0.0
SNPT-068,0,24.0,0.05187456473223457,0.9254688123861948,0.6947368421052632,1.0,1.0,0.8526315789473684,0.8916636484640615,0.0,94.0,95.0,95.0,1600.5,755.5,1911.342583743663,753.1151617605428,127.45492730518991,,1.0,0.0,0.0,1.0,1.0,0.8888888888888888,0.8405604213476181,741.0,749.0,9.0,9.0,1903.0,172.0,1834.052618873956,217.639220910419,101.9436507854157,647.0,581.1750424196671,-8.342583743662999,-581.1151617605428,1.2502488023846985,0.793129026889801,0.9042649269104004,0.0,0.0,0.0,1.0,0.0,1.0
SNPT-068,1,10.0,0.1076690724735149,0.9540020576337489,0.07167832167832168,1.0,0.9926062846580407,0.9458041958041958,0.9191450486562168,0.0,571.0,572.0,572.0,884.0,608.0,1907.7435139183476,594.7552017707533,99.08259401216293,,1.0,0.0,0.0,1.0,1.0,0.8181818181818182,0.8662103745672438,739.0,749.0,11.0,11.0,1904.5,359.0,1779.4822544853482,376.91942201336497,132.0,168.0,235.77751280498975,-3.2435139183476167,-235.75520177075327,0.7506257122133555,0.8901770114898682,0.9527910351753235,0.0,0.0,0.0,1.0,0.0,1.0
SNPT-068,0,,1.0,0.0,0.0,0.0,1.0,0.00398406374501992,0.5238642650867196,0.0,250.0,251.0,251.0,1678.0,317.5,1912.1426613233127,354.96048892258966,82.53886195633093,,1.0,0.0,0.0,0.0,1.0,0.625,0.8189000844955444,742.0,749.0,8.0,8.0,1907.5,362.0,1856.843031369483,368.5689010339985,130.06174600812284,492.0,8.432616460622807,-4.642661323312723,7.039511077410339,0.6346129010998828,0.7222570180892944,0.9110887050628662,0.0,0.0,0.0,1.0,0.0,1.0
SNPT-068,0,,1.0,0.0,0.0,1.0,0.8333333333333334,0.8571428571428571,0.8686213394006094,0.0,6.0,7.0,7.0,47.5,661.5,14.054878650022125,648.605172488991,119.12162940024537,,1.0,0.0,0.0,1.0,1.0,0.952755905511811,0.9024200626641266,496.0,749.0,254.0,254.0,9.0,514.5,425.1799145104206,267.57559670496687,91.60682933416012,490.0,134.20040643183043,-5.054878650022125,-134.105172488991,1.3003575199150026,0.8754428029060364,0.9698871374130249,0.0,0.0,0.0,1.0,0.0,0.0
SNPT-068,0,,1.0,0.0,0.0,1.0,1.0,0.8938775510204081,0.9121985919943684,126.0,370.0,245.0,245.0,26.0,345.5,7.037816884766628,400.4888918410841,69.97709739429453,,1.0,0.0,0.0,1.0,1.0,0.8181818181818182,0.8662103745672438,739.0,749.0,11.0,11.0,1904.5,359.0,1779.4822544853482,376.91942201336497,132.0,369.0,1897.915715857432,1897.4621831152333,-41.488891841084126,0.5301295257143526,0.8154177665710449,0.9534657001495361,0.0,0.0,0.0,1.0,0.0,1.0
SNPT-068,0,,1.0,0.0,0.0,1.0,1.0,0.8958333333333334,0.8826056746549384,224.0,319.0,96.0,96.0,10.0,523.0,8.755008624755977,620.2305569926373,107.25636221621888,,1.0,0.0,0.0,0.0,1.0,0.625,0.8189000844955444,742.0,749.0,8.0,8.0,1907.5,362.0,1856.843031369483,368.5689010339985,130.06174600812284,423.0,1916.2242986762544,1898.7449913752441,-258.2305569926373,0.8246572532520078,0.7547010779380798,0.8756072521209717,0.0,0.0,0.0,0.0,1.0,1.0
SNPT-068,0,10.0,0.1076690724735149,0.9540020576337489,0.07167832167832168,1.0,0.9926062846580407,0.9458041958041958,0.9191450486562168,0.0,571.0,572.0,572.0,884.0,608.0,1907.7435139183476,594.7552017707533,99.08259401216293,27.0,0.0013786431843051782,0.999844373658646,0.6615384615384615,0.0,1.0,0.7384615384615385,0.8945686283210913,579.0,643.0,65.0,65.0,16.5,661.5,8.774098905549293,357.9823467237093,108.99382507030214,8.0,1892.420909055087,-1891.2435139183476,66.74479822924673,0.9090661232253628,0.8186230659484863,0.9658337831497192,0.0,1.0,1.0,0.0,1.0,1.0
SNPT-068,0,8.0,0.02092930375653168,0.9853543167683616,0.5037593984962406,1.0,1.0,0.9511278195488722,0.8794286620946741,118.0,383.0,266.0,266.0,18.5,864.5,11.360332927030782,690.0374397115665,136.1590499188832,,1.0,0.0,0.0,1.0,1.0,0.8181818181818182,0.8662103745672438,739.0,749.0,11.0,11.0,1904.5,359.0,1779.4822544853482,376.91942201336497,132.0,356.0,1921.8646116560712,1893.1396670729691,-331.03743971156655,1.0315079539309333,0.7853805422782898,0.9352074265480042,0.0,0.0,0.0,1.0,0.0,1.0
SNPT-068,1,15.0,0.0015325994427257683,0.9998483955860138,0.003246753246753247,0.0,0.996116504854369,0.836038961038961,0.8858359570642119,0.0,615.0,616.0,616.0,1148.0,421.5,1905.1104985893753,425.173934840788,88.11132118063938,,1.0,0.0,0.0,0.0,1.0,0.625,0.8189000844955444,742.0,749.0,8.0,8.0,1907.5,362.0,1856.843031369483,368.5689010339985,130.06174600812284,127.0,63.21910913845198,2.389501410624689,-63.17393484078798,0.6774576221292347,0.9491633176803589,0.9673112630844116,0.0,0.0,0.0,1.0,0.0,1.0
SNPT-068,1,,1.0,0.0,0.0,1.0,0.8333333333333334,0.8571428571428571,0.8686213394006094,0.0,6.0,7.0,7.0,47.5,661.5,14.054878650022125,648.605172488991,119.12162940024537,,1.0,0.0,0.0,1.0,1.0,0.8584905660377359,0.8868804914610726,498.0,749.0,252.0,212.0,13.0,805.0,70.36276862323227,386.4255532088676,127.14228098280333,492.0,156.39838503374813,-1.0548786500221254,156.394827511009,0.936915937636491,0.9251407384872437,0.9639789462089539,0.0,0.0,0.0,1.0,0.0,0.0
SNPT-068,1,,1.0,0.0,0.0,0.0,1.0,1.0,0.8488499502340953,220.0,249.0,30.0,30.0,1910.0,576.5,1904.0734686470023,606.664669903193,105.92087349038675,50.0,0.0014954301861665874,0.9936036673875955,0.12264150943396226,0.0,0.9943181818181818,0.8301886792452831,0.9061245030977509,340.0,592.0,253.0,212.0,1911.5,657.5,1910.7889244648475,588.5859628160999,115.45938445108509,91.0,51.37493702174616,7.426531352997699,50.835330096806956,0.9173864384775118,0.9492600560188293,0.9408128261566162,0.0,0.0,0.0,1.0,0.0,1.0
SNPT-068,0,24.0,0.05187456473223457,0.9254688123861948,0.6947368421052632,1.0,1.0,0.8526315789473684,0.8916636484640615,0.0,94.0,95.0,95.0,1600.5,755.5,1911.342583743663,753.1151617605428,127.45492730518991,27.0,0.0031633428502573224,0.9657472968101501,0.0410958904109589,1.0,0.9375,0.8767123287671232,0.8957435181364417,568.0,640.0,73.0,73.0,11.0,643.5,13.643175765141567,354.59035152307547,101.3208743352176,474.0,1903.5013578343805,-1900.342583743663,-109.61516176054283,1.2579335516145316,0.8435811996459961,0.9521631598472595,0.0,1.0,1.0,1.0,0.0,1.0
SNPT-068,0,50.0,0.006606093483229516,0.998635020520952,0.3956043956043956,0.0,1.0,0.9835164835164835,0.8812209867232339,0.0,181.0,182.0,182.0,976.5,620.0,1904.4246521973496,530.7525121869633,119.14647474151295,,1.0,0.0,0.0,1.0,1.0,0.952755905511811,0.9024200626641266,496.0,749.0,254.0,254.0,9.0,514.5,425.1799145104206,267.57559670496687,91.60682933416012,315.0,1895.494330329118,-1895.4246521973496,-16.25251218696326,1.3006287370442076,0.8258724212646484,0.9586181640625,0.0,0.0,0.0,0.0,1.0,1.0
SNPT-068,1,50.0,0.006606093483229516,0.998635020520952,0.3956043956043956,0.0,1.0,0.9835164835164835,0.8812209867232339,0.0,181.0,182.0,182.0,976.5,620.0,1904.4246521973496,530.7525121869633,119.14647474151295,50.0,0.0014954301861665874,0.9936036673875955,0.12264150943396226,0.0,0.9943181818181818,0.8301886792452831,0.9061245030977509,340.0,592.0,253.0,212.0,1911.5,657.5,1910.7889244648475,588.5859628160999,115.45938445108509,159.0,126.94481562255454,7.075347802650413,126.74748781303674,1.0319340892726647,0.976938009262085,0.988459050655365,1.0,0.0,1.0,1.0,0.0,1.0
SNPT-069,0,27.0,0.0012566163170223273,0.99986174578468,0.2318840579710145,1.0,0.9974489795918368,0.9468599033816425,0.8899836667946407,0.0,413.0,414.0,414.0,962.5,492.5,1906.3970131271847,432.4020347696253,98.65103253611501,4.0,0.007405521874254012,0.9959066929295659,0.5470085470085471,1.0,1.0,0.905982905982906,0.8727632271793654,633.0,749.0,117.0,117.0,1902.5,453.0,1528.5155951776067,431.0268699229913,125.89403702625114,220.0,20.963370028341703,-3.897013127184664,20.59796523037471,0.7836036945542109,0.8261524438858032,0.9890313744544983,0.0,1.0,1.0,1.0,0.0,1.0
SNPT-069,0,3.0,0.024923880817368627,0.996231734752655,0.05194805194805195,0.0,1.0,0.8961038961038961,0.9132159231365591,218.0,294.0,77.0,77.0,1907.5,588.0,1910.1000967207724,580.53535207953,100.79303252219233,5.0,0.0023997992816749587,0.9993264633808693,0.6129753914988815,1.0,1.0,0.9395973154362416,0.8797298435653959,303.0,749.0,447.0,447.0,10.0,513.0,547.5560518289359,367.07314104924325,101.43475644774209,9.0,1901.2999240884628,-1900.1000967207724,-67.53535207952996,0.9936735301781854,0.7269507646560669,0.9292879104614258,0.0,1.0,1.0,0.0,1.0,1.0
SNPT-069,1,,1.0,0.0,0.0,1.0,1.0,0.9333333333333333,0.7943204939365387,0.0,14.0,15.0,15.0,32.5,603.0,20.60656341095463,598.8125255627696,140.0,15.0,0.00016879939118310622,0.9999869538927978,0.9658314350797267,1.0,1.0,0.9658314350797267,0.8460950348174797,311.0,749.0,439.0,439.0,16.0,645.0,322.97705145040044,511.46547119084283,132.79684790706713,297.0,46.416626561491526,-4.606563410954632,46.187474437230435,1.0542418905753976,0.8884338140487671,0.8406291604042053,0.0,0.0,0.0,1.0,0.0,1.0
SNPT-069,0,8.0,0.1437272543002821,0.9244281680633625,0.1955193482688391,0.0,0.9936708860759493,0.9653767820773931,0.9077988870536224,0.0,491.0,492.0,491.0,1487.5,491.0,1895.976361081437,500.9762399805976,93.66844492395259,4.0,0.007405521874254012,0.9959066929295659,0.5470085470085471,1.0,1.0,0.905982905982906,0.8727632271793654,633.0,749.0,117.0,117.0,1902.5,453.0,1528.5155951776067,431.0268699229913,125.89403702625114,142.0,48.41773918116872,6.523638918562938,-47.9762399805976,0.7440260645897078,0.7037019729614258,0.9574544429779053,0.0,1.0,1.0,0.0,1.0,1.0
SNPT-069,1,,1.0,0.0,0.0,1.0,1.0,0.8571428571428571,0.8042097787062327,492.0,498.0,7.0,7.0,1908.2465882809252,502.4847403377563,1908.0677081616154,498.0101227732321,101.62880571869003,,1.0,0.0,0.0,0.0,1.0,0.9555555555555556,0.8600508695424989,660.0,749.0,90.0,90.0,1891.5,429.5,1594.3588456621264,429.0460212433271,121.2774620203269,162.0,70.48493368182875,-16.56770816161543,-68.51012277323213,0.837985921091063,0.6405450701713562,0.8965705633163452,0.0,0.0,0.0,0.0,1.0,1.0
SNPT-069,1,4.0,0.001799209534459498,0.994937790851844,0.15353535353535352,1.0,0.9973890339425587,0.7737373737373737,0.8761528770855139,0.0,494.0,495.0,495.0,679.5,431.5,1911.0375593173972,407.00867639420267,88.03475355929861,4.0,0.007405521874254012,0.9959066929295659,0.5470085470085471,1.0,1.0,0.905982905982906,0.8727632271793654,633.0,749.0,117.0,117.0,1902.5,453.0,1528.5155951776067,431.0268699229913,125.89403702625114,139.0,46.77704315271804,-8.537559317397154,45.991323605797334,0.6992765951332691,0.906302809715271,0.9804450273513794,1.0,0.0,1.0,1.0,0.0,1.0
SNPT-069,1,,1.0,0.0,0.0,1.0,1.0,0.9757281553398058,0.8870768490715406,0.0,205.0,206.0,206.0,198.0,457.5,11.813822958954072,486.78636671645825,104.20110653441743,5.0,0.0023997992816749587,0.9993264633808693,0.6129753914988815,1.0,1.0,0.9395973154362416,0.8797298435653959,303.0,749.0,447.0,447.0,10.0,513.0,547.5560518289359,367.07314104924325,101.43475644774209,98.0,26.27631107386341,-1.8138229589540718,26.213633283541753,1.0272722110601265,0.9202955961227417,0.9748564958572388,0.0,0.0,0.0,1.0,0.0,1.0
SNPT-069,0,,1.0,0.0,0.0,0.0,1.0,0.7735042735042735,0.9002746127916305,0.0,467.0,468.0,468.0,1747.5,355.5,1908.598751661967,372.9962558795462,76.13528746039619,,1.0,0.0,0.0,0.0,1.0,0.9555555555555556,0.8600508695424989,660.0,749.0,90.0,90.0,1891.5,429.5,1594.3588456621264,429.0460212433271,121.2774620203269,193.0,59.03423081592018,-17.09875166196707,56.5037441204538,0.6277777106486233,0.8827852010726929,0.9527208805084229,0.0,0.0,0.0,1.0,0.0,1.0
SNPT-069,1,8.0,0.1437272543002821,0.9244281680633625,0.1955193482688391,0.0,0.9936708860759493,0.9653767820773931,0.9077988870536224,0.0,491.0,492.0,491.0,1487.5,491.0,1895.976361081437,500.9762399805976,93.66844492395259,,1.0,0.0,0.0,0.0,1.0,0.9555555555555556,0.8600508695424989,660.0,749.0,90.0,90.0,1891.5,429.5,1594.3588456621264,429.0460212433271,121.2774620203269,169.0,71.61627392077433,-4.476361081437062,-71.4762399805976,0.7723483272452811,0.9082537293434143,0.9712083339691162,0.0,0.0,0.0,1.0,0.0,1.0
SNPT-069,0,28.0,0.001875864403302785,0.9997613549232482,0.2564102564102564,0.0,1.0,0.8974358974358975,0.9270044931343624,216.0,293.0,78.0,78.0,1912.0,703.0,1910.567983995058,699.1391577741299,108.6446983124648,5.0,0.0023997992816749587,0.9993264633808693,0.6129753914988815,1.0,1.0,0.9395973154362416,0.8797298435653959,303.0,749.0,447.0,447.0,10.0,513.0,547.5560518289359,367.07314104924325,101.43475644774209,10.0,1909.6613437580763,-1900.567983995058,-186.1391577741299,1.071079599510225,0.7740634679794312,0.9418215751647949,0.0,1.0,1.0,0.0,1.0,1.0
SNPT-069,1,8.0,0.1437272543002821,0.9244281680633625,0.1955193482688391,0.0,0.9936708860759493,0.9653767820773931,0.9077988870536224,0.0,491.0,492.0,491.0,1487.5,491.0,1895.976361081437,500.9762399805976,93.66844492395259,,1.0,0.0,0.0,1.0,1.0,0.8571428571428571,0.8042097787062327,492.0,498.0,7.0,7.0,1908.2465882809252,502.4847403377563,1908.0677081616154,498.0101227732321,101.62880571869003,1.0,12.36260687940069,12.27022719948809,1.5085003571587094,0.9216721997425431,0.7034357190132141,0.8806045651435852,0.0,0.0,0.0,0.0,1.0,1.0
SNPT-069,0,17.0,0.06290413258591596,0.9746487743228022,0.28541666666666665,0.0,1.0,0.9708333333333333,0.9085501709976933,0.0,479.0,480.0,480.0,1754.0,586.5,1907.8257853031744,621.1642194895632,122.5198575061731,,1.0,0.0,0.0,1.0,1.0,0.8571428571428571,0.8042097787062327,492.0,498.0,7.0,7.0,1908.2465882809252,502.4847403377563,1908.0677081616154,498.0101227732321,101.62880571869003,13.0,118.68022517205738,0.4208029777507818,-118.67947915180685,1.2055623072587294,0.730263352394104,0.8784281015396118,0.0,0.0,0.0,0.0,1.0,1.0
SNPT-070,1,9.0,0.08718521170902188,0.9430904717495044,0.75,1.0,1.0,0.921875,0.8724314686605485,0.0,127.0,128.0,128.0,189.0,580.5,20.597264124855695,554.4035849472116,144.0922360970742,9.0,0.04961957602677103,0.9756803986977558,0.28654970760233917,1.0,0.9817073170731707,0.9590643274853801,0.888874327627624,535.0,749.0,215.0,171.0,5.0,430.0,404.5650697068645,571.6835444602295,73.79381715911101,408.0,125.3775362491168,-15.597264124855695,-124.40358494721158,1.9526329121366468,0.9041173458099365,0.9711571931838989,1.0,0.0,1.0,1.0,0.0,1.0
SNPT-070,1,25.0,0.05213948198833019,0.9451630160073253,0.22384937238493724,1.0,0.9850427350427351,0.9790794979079498,0.8737112177997572,0.0,477.0,478.0,478.0,1003.0,353.5,10.370024975574115,428.7177005893582,92.2582179181243,,1.0,0.0,0.0,1.0,0.9863945578231292,0.8963414634146342,0.7432347236036443,512.0,675.0,164.0,164.0,10.0,345.0,1873.9769096542889,398.8272613809304,58.128275173758084,35.0,83.71851832451391,-0.37002497557411473,-83.71770058935817,1.5871487265421929,0.8867328763008118,0.9445376992225647,0.0,0.0,0.0,1.0,0.0,1.0
SNPT-070,1,14.0,0.00044648487375489117,0.9999471787701953,0.6308243727598566,0.0,1.0,0.9283154121863799,0.8474287070822992,89.0,367.0,279.0,279.0,1900.5,519.5,8.987195647882618,445.1227170220661,109.61797729290154,,1.0,0.0,0.0,0.0,0.9855072463768116,0.9672897196261683,0.8249276792945494,536.0,749.0,214.0,214.0,19.0,402.0,1845.2643849915198,521.1596650206345,71.69050164376085,169.0,44.26991048510232,10.012804352117382,-43.122717022066126,1.5290446402175717,0.9473626613616943,0.9715378880500793,0.0,0.0,0.0,1.0,0.0,1.0
SNPT-070,1,8.0,0.006492288204513761,0.9979930638142351,0.5023696682464455,0.0,1.0,0.9289099526066351,0.7788387722506815,0.0,222.0,223.0,211.0,940.0,522.5,5.422572861586448,448.6703257070271,124.75232494302182,8.0,0.03891735549713869,0.9766170057383451,0.27918781725888325,0.0,0.9947643979057592,0.9695431472081218,0.8572818190639556,553.0,749.0,197.0,197.0,7.5,520.5,1312.7442320930681,629.5929533324224,83.06110889536887,331.0,71.85970924342787,2.077427138413552,71.82967429297292,1.5019342578266188,0.8814282417297363,0.9747676849365234,1.0,0.0,1.0,1.0,0.0,1.0
SNPT-070,1,15.0,0.0003839072679462284,0.9755076293538256,0.9318181818181818,0.0,1.0,0.9545454545454546,0.7910306836877551,0.0,128.0,129.0,88.0,27.0,591.0,14.91523297767526,575.9257588555064,153.7738891590445,15.0,0.0011104880315709214,0.9998747001231556,0.4226190476190476,0.0,0.9819277108433735,0.9880952380952381,0.8917666810104646,582.0,749.0,168.0,168.0,12.5,602.5,1077.2604255808444,634.2338596457337,94.3366111848635,454.0,26.683771149186303,-2.4152329776752595,26.574241144493612,1.6300552587977406,0.9316182136535645,0.9327172636985779,1.0,0.0,1.0,1.0,0.0,1.0
SNPT-070,0,,1.0,0.0,0.0,1.0,0.994413407821229,0.8136363636363636,0.7834384654487312,530.0,749.0,220.0,220.0,11.464525071776581,393.5066816569937,1652.8223339612578,484.0450250580843,61.623403634223614,15.0,0.0003839072679462284,0.9755076293538256,0.9318181818181818,0.0,1.0,0.9545454545454546,0.7910306836877551,0.0,128.0,129.0,88.0,27.0,591.0,14.91523297767526,575.9257588555064,153.7738891590445,402.0,182.4517117239758,-3.4507079058986783,-182.4190771985127,0.40074035957098064,0.762149453163147,0.8670116066932678,0.0,0.0,0.0,0.0,1.0,1.0
SNPT-070,0,9.0,0.08718521170902188,0.9430904717495044,0.75,1.0,1.0,0.921875,0.8724314686605485,0.0,127.0,128.0,128.0,189.0,580.5,20.597264124855695,554.4035849472116,144.0922360970742,4.0,0.027921279011025035,0.9539037810431586,0.0967741935483871,0.0,0.9885057471264368,0.9354838709677419,0.8810287566705682,522.0,707.0,186.0,186.0,11.0,521.0,1901.6593445017638,945.7424136950107,101.4651720965071,395.0,34.75495599202828,-9.597264124855695,-33.403584947211584,1.4201152288986707,0.7312955856323242,0.9256047606468201,0.0,1.0,1.0,0.0,1.0,1.0
SNPT-070,0,8.0,0.006492288204513761,0.9979930638142351,0.5023696682464455,0.0,1.0,0.9289099526066351,0.7788387722506815,0.0,222.0,223.0,211.0,940.0,522.5,5.422572861586448,448.6703257070271,124.75232494302182,9.0,0.04961957602677103,0.9756803986977558,0.28654970760233917,1.0,0.9817073170731707,0.9590643274853801,0.888874327627624,535.0,749.0,215.0,171.0,5.0,430.0,404.5650697068645,571.6835444602295,73.79381715911101,313.0,18.67510722405163,-0.42257286158644813,-18.670325707027075,1.6905525387585831,0.7872095108032227,0.941786527633667,0.0,1.0,1.0,0.0,1.0,1.0
SNPT-070,0,9.0,0.08718521170902188,0.9430904717495044,0.75,1.0,1.0,0.921875,0.8724314686605485,0.0,127.0,128.0,128.0,189.0,580.5,20.597264124855695,554.4035849472116,144.0922360970742,44.0,0.01136420663606599,0.9927666848356074,0.4888888888888889,0.0,1.0,0.8666666666666667,0.8370806937034313,195.0,644.0,450.0,450.0,1902.0,580.5,1904.410994743835,476.27931375350795,98.80748809180633,68.0,1881.5837152348777,1881.4027358751443,26.096415052788416,1.458312916154612,0.8037930130958557,0.9282981753349304,0.0,1.0,1.0,0.0,1.0,1.0
SNPT-070,1,,1.0,0.0,0.0,1.0,0.994413407821229,0.8136363636363636,0.7834384654487312,530.0,749.0,220.0,220.0,11.464525071776581,393.5066816569937,1652.8223339612578,484.0450250580843,61.623403634223614,30.0,0.028261045984215704,0.9847771324988069,0.40941176470588236,1.0,1.0,0.8423529411764706,0.8379746683816004,0.0,424.0,425.0,425.0,990.5,549.0,9.405084856925553,473.024007684455,110.3333405720162,106.0,79.54399054960797,2.059440214851028,-79.51732602746131,0.5585202379873662,0.8986105918884277,0.9498178958892822,0.0,0.0,0.0,1.0,0.0,1.0
SNPT-070,0,15.0,0.0003839072679462284,0.9755076293538256,0.9318181818181818,0.0,1.0,0.9545454545454546,0.7910306836877551,0.0,128.0,129.0,88.0,27.0,591.0,14.91523297767526,575.9257588555064,153.7738891590445,44.0,0.01136420663606599,0.9927666848356074,0.4888888888888889,0.0,1.0,0.8666666666666667,0.8370806937034313,195.0,644.0,450.0,450.0,1902.0,580.5,1904.410994743835,476.27931375350795,98.80748809180633,67.0,1887.090310931024,1887.0847670223247,4.574241144493612,1.5562979297294401,0.9081521034240723,0.931713879108429,0.0,1.0,1.0,1.0,0.0,1.0
SNPT-070,0,30.0,0.028261045984215704,0.9847771324988069,0.40941176470588236,1.0,1.0,0.8423529411764706,0.8379746683816004,0.0,424.0,425.0,425.0,990.5,549.0,9.405084856925553,473.024007684455,110.3333405720162,,1.0,0.0,0.0,0.0,1.0,0.7872340425531915,0.7056176767155931,656.0,749.0,94.0,94.0,7.5,415.0,700.8095384753135,464.55059580120195,72.44354215810041,232.0,58.055273800730454,-1.9050848569255532,-58.024007684455,1.5230252039750525,0.7416759133338928,0.9340837597846985,0.0,0.0,0.0,0.0,1.0,1.0
SNPT-070,1,36.0,0.015537147611246627,0.9877468362240724,0.7117794486215538,0.0,1.0,0.9097744360902256,0.8197459818246279,0.0,398.0,399.0,399.0,738.5,828.0,11.717580820310864,736.9536830346689,163.49875428809688,36.0,0.006902352095512653,0.9984712233447065,0.43612334801762115,0.0,1.0,0.9779735682819384,0.8865713278452555,523.0,749.0,227.0,227.0,9.0,758.0,1057.7211875199582,789.7841368191575,118.83952959579392,125.0,21.22104387913343,-2.7175808203108645,21.04631696533113,1.3757943576872218,0.9462631940841675,0.9808598756790161,1.0,0.0,1.0,1.0,0.0,1.0
SNPT-070,0,15.0,0.0003839072679462284,0.9755076293538256,0.9318181818181818,0.0,1.0,0.9545454545454546,0.7910306836877551,0.0,128.0,129.0,88.0,27.0,591.0,14.91523297767526,575.9257588555064,153.7738891590445,5.0,0.0002499961752551759,0.9999765555063883,0.16463414634146342,0.0,1.0,0.9329268292682927,0.8483218679241106,586.0,749.0,164.0,164.0,12.0,439.0,1701.2260946391739,556.8461267099254,71.36634594966065,458.0,136.95678888419667,-2.9152329776752595,-136.9257588555064,2.154711539631177,0.848215639591217,0.9089205265045166,0.0,1.0,1.0,1.0,0.0,1.0
SNPT-070,1,4.0,0.012533427154626187,0.9859567999839782,0.3812316715542522,0.0,1.0,0.8269794721407625,0.8790432645919475,75.0,415.0,341.0,341.0,1909.5,347.5,9.536502621287225,555.1877282400485,105.14806730228877,4.0,0.027921279011025035,0.9539037810431586,0.0967741935483871,0.0,0.9885057471264368,0.9354838709677419,0.8810287566705682,522.0,707.0,186.0,186.0,11.0,521.0,1901.6593445017638,945.7424136950107,101.4651720965071,107.0,34.21903836744845,1.4634973787127752,-34.1877282400485,1.0362971365413811,0.9578069448471069,0.9865524172782898,1.0,0.0,1.0,1.0,0.0,1.0
SNPT-070,0,15.0,0.0003839072679462284,0.9755076293538256,0.9318181818181818,0.0,1.0,0.9545454545454546,0.7910306836877551,0.0,128.0,129.0,88.0,27.0,591.0,14.91523297767526,575.9257588555064,153.7738891590445,27.0,0.01024658699319995,0.9974659921394454,0.33488372093023255,0.0,1.0,0.8465116279069768,0.8860435751113263,371.0,677.0,307.0,215.0,1909.0,652.5,1912.0079011846851,417.9071622399565,108.95258113565654,243.0,1895.6320104579552,1894.0847670223247,76.57424114449361,1.4113836272275282,0.9150975942611694,0.9299398064613342,0.0,1.0,1.0,1.0,0.0,1.0
SNPT-070,0,36.0,0.015537147611246627,0.9877468362240724,0.7117794486215538,0.0,1.0,0.9097744360902256,0.8197459818246279,0.0,398.0,399.0,399.0,738.5,828.0,11.717580820310864,736.9536830346689,163.49875428809688,5.0,0.0002499961752551759,0.9999765555063883,0.16463414634146342,0.0,1.0,0.9329268292682927,0.8483218679241106,586.0,749.0,164.0,164.0,12.0,439.0,1701.2260946391739,556.8461267099254,71.36634594966065,188.0,297.9538168819406,0.28241917968913555,-297.95368303466887,2.2909783611931487,0.8819847106933594,0.9397953748703003,0.0,1.0,1.0,1.0,0.0,1.0
SNPT-070,1,5.0,0.02779772441120561,0.9592766165733337,0.19548872180451127,0.0,1.0,0.9398496240601504,0.7985272207260132,0.0,132.0,133.0,133.0,283.5,365.0,7.384008052996711,367.3341608137741,102.49765363003486,5.0,0.0002499961752551759,0.9999765555063883,0.16463414634146342,0.0,1.0,0.9329268292682927,0.8483218679241106,586.0,749.0,164.0,164.0,12.0,439.0,1701.2260946391739,556.8461267099254,71.36634594966065,454.0,71.81434319076374,4.615991947003289,71.66583918622592,1.4362183220412204,0.8036468029022217,0.9740957617759705,1.0,0.0,1.0,1.0,0.0,1.0
SNPT-071,1,,1.0,0.0,0.0,1.0,1.0,0.8187134502923976,0.7845934953008379,0.0,186.0,187.0,171.0,144.0,443.5,11.552372899100021,509.88880430036124,79.39033053981504,,1.0,0.0,0.0,1.0,1.0,0.9659863945578231,0.7905017611846118,340.0,486.0,147.0,147.0,32.5,497.5,7.32383188736469,469.30665696613835,106.37272507200483,154.0,24.33691749484738,20.94762710089998,-12.388804300361244,0.7463410426504997,0.9075882434844971,0.9604091048240662,0.0,0.0,0.0,1.0,0.0,1.0
SNPT-071,1,,1.0,0.0,0.0,1.0,1.0,0.8187134502923976,0.7845934953008379,0.0,186.0,187.0,171.0,144.0,443.5,11.552372899100021,509.88880430036124,79.39033053981504,10.0,0.0006689210388204254,0.999936714593102,0.5,1.0,0.8985507246376812,0.8117647058823529,0.8415262448614922,580.0,749.0,170.0,170.0,24.0,358.0,430.4183213088298,316.93690594831065,95.09029847018304,394.0,152.3980061950828,12.447627100899979,-151.88880430036124,0.8348941145106306,0.8482426404953003,0.9811623096466064,0.0,0.0,0.0,1.0,0.0,0.0
SNPT-071,1,,1.0,0.0,0.0,1.0,1.0,0.9659863945578231,0.7905017611846118,340.0,486.0,147.0,147.0,32.5,497.5,7.32383188736469,469.30665696613835,106.37272507200483,10.0,0.0006689210388204254,0.999936714593102,0.5,1.0,0.8985507246376812,0.8117647058823529,0.8415262448614922,580.0,749.0,170.0,170.0,24.0,358.0,430.4183213088298,316.93690594831065,95.09029847018304,94.0,112.54895142958227,16.67616811263531,-111.30665696613835,1.1186496076185894,0.8266857862472534,0.9601942896842957,0.0,0.0,0.0,1.0,0.0,0.0
SNPT-071,1,,1.0,0.0,0.0,0.0,1.0,0.8655913978494624,0.7925441861152649,0.0,185.0,186.0,186.0,632.0,466.5,12.792744905377477,510.90789454264996,80.9711445136067,30.0,0.018637851088492932,0.9796227388083935,0.7453416149068323,0.0,1.0,1.0,0.8448078950739796,589.0,749.0,161.0,161.0,33.5,620.5,695.8079352200957,577.4338944806502,137.40782640869202,404.0,111.53125119054616,20.707255094622525,109.59210545735004,0.5892760742228341,0.9206545352935791,0.9547556638717651,0.0,0.0,0.0,1.0,0.0,1.0
SNPT-071,1,5.0,0.02277250522165835,0.987632584922454,0.8343558282208589,1.0,1.0,0.8404907975460123,0.8019186136496328,0.0,162.0,163.0,163.0,1061.0,550.0,1037.820734354852,542.3033737797272,93.60890506284075,5.0,0.0871592055121042,0.9396639699521272,0.12212389380530973,1.0,0.5248508946322068,0.8902654867256637,0.8393533831799244,183.0,749.0,567.0,565.0,807.0,542.0,768.8964059608579,613.4934526770235,116.31830329260093,21.0,230.82093372084643,-230.820734354852,-0.30337377972716695,0.804765049120135,0.9254542589187622,0.9271125793457031,1.0,0.0,1.0,1.0,0.0,0.0
SNPT-071,0,4.0,0.00011523415383359136,0.9999912577339366,0.8729281767955801,1.0,1.0,0.8729281767955801,0.8777640880663183,0.0,180.0,181.0,181.0,620.5,540.0,11.289605395483385,640.3400702768306,97.71231465061922,,1.0,0.0,0.0,1.0,1.0,0.9659863945578231,0.7905017611846118,340.0,486.0,147.0,147.0,32.5,497.5,7.32383188736469,469.30665696613835,106.37272507200483,160.0,144.4062551137215,21.210394604516615,-142.8400702768306,0.9185842948413394,0.7193272709846497,0.9372086524963379,0.0,0.0,0.0,1.0,0.0,1.0
SNPT-071,0,5.0,0.02277250522165835,0.987632584922454,0.8343558282208589,1.0,1.0,0.8404907975460123,0.8019186136496328,0.0,162.0,163.0,163.0,1061.0,550.0,1037.820734354852,542.3033737797272,93.60890506284075,27.0,0.0077586318948930305,0.992787425248128,0.2517814726840855,1.0,0.9910179640718563,0.7933491686460807,0.8014823560586233,329.0,749.0,421.0,421.0,1418.5,550.0,1508.397033546691,611.8382643908353,140.13309732399838,167.0,380.757063424047,380.679265645148,7.696626220272833,0.6679999718154366,0.9167453646659851,0.9385419487953186,0.0,1.0,1.0,1.0,0.0,1.0
SNPT-071,0,,1.0,0.0,0.0,0.0,1.0,0.8655913978494624,0.7925441861152649,0.0,185.0,186.0,186.0,632.0,466.5,12.792744905377477,510.90789454264996,80.9711445136067,10.0,0.0006689210388204254,0.999936714593102,0.5,1.0,0.8985507246376812,0.8117647058823529,0.8415262448614922,580.0,749.0,170.0,170.0,24.0,358.0,430.4183213088298,316.93690594831065,95.09029847018304,395.0,153.31805758038453,11.207255094622523,-152.90789454264996,0.851518459993018,0.7645105123519897,0.942115306854248,0.0,0.0,0.0,0.0,1.0,0.0
SNPT-071,0,44.0,0.022331910917120966,0.9857242931433714,0.5562310030395137,1.0,0.9965870307167235,0.8905775075987842,0.8737959428451981,0.0,328.0,329.0,329.0,1143.0,582.5,1386.8750299518897,523.552285882532,104.8269345948481,,1.0,0.0,0.0,1.0,1.0,0.9659863945578231,0.7905017611846118,340.0,486.0,147.0,147.0,32.5,497.5,7.32383188736469,469.30665696613835,106.37272507200483,12.0,1354.6255731222882,-1354.3750299518897,-26.052285882532033,0.9854681688740194,0.7927384972572327,0.9830429553985596,0.0,0.0,0.0,1.0,0.0,1.0
SNPT-071,1,4.0,0.00011523415383359136,0.9999912577339366,0.8729281767955801,1.0,1.0,0.8729281767955801,0.8777640880663183,0.0,180.0,181.0,181.0,620.5,540.0,11.289605395483385,640.3400702768306,97.71231465061922,4.0,0.0019801872795142117,0.9924867851325715,0.5678733031674208,1.0,1.0,0.8484162895927602,0.8550409083366394,308.0,749.0,442.0,442.0,37.0,623.0,556.3151949827496,695.4234285011291,149.3810260656375,128.0,31.011327413146656,25.710394604516615,-17.340070276830602,0.6541146303793948,0.9548097848892212,0.9828789234161377,1.0,0.0,1.0,1.0,0.0,1.0
SNPT-071,0,44.0,0.022331910917120966,0.9857242931433714,0.5562310030395137,1.0,0.9965870307167235,0.8905775075987842,0.8737959428451981,0.0,328.0,329.0,329.0,1143.0,582.5,1386.8750299518897,523.552285882532,104.8269345948481,27.0,0.0077586318948930305,0.992787425248128,0.2517814726840855,1.0,0.9910179640718563,0.7933491686460807,0.8014823560586233,329.0,749.0,421.0,421.0,1418.5,550.0,1508.397033546691,611.8382643908353,140.13309732399838,1.0,41.226451612807864,31.6249700481103,26.447714117467967,0.7480526484937405,0.9296479225158691,0.9838547706604004,0.0,1.0,1.0,1.0,0.0,1.0
SNPT-071,0,9.0,0.024735150680944385,0.9735455867122201,0.4644808743169399,0.0,0.7142857142857143,0.8797814207650273,0.8226448704737314,0.0,182.0,183.0,183.0,1101.0,549.5,810.7690178476382,525.6098318473515,93.56164575357438,25.0,0.021690535160901553,0.9629051066361941,0.3989169675090253,0.0,0.597678916827853,0.9332129963898917,0.8293415993970875,196.0,749.0,554.0,554.0,739.0,578.0,1143.4866169863499,546.5560359018535,119.1345164362135,14.0,88.85674786912583,-71.76901784763822,52.39016815264847,0.7853445714338276,0.8641864061355591,0.9761767983436584,0.0,1.0,1.0,1.0,0.0,0.0
SNPT-071,1,,1.0,0.0,0.0,0.0,1.0,0.8655913978494624,0.7925441861152649,0.0,185.0,186.0,186.0,632.0,466.5,12.792744905377477,510.90789454264996,80.9711445136067,30.0,0.017379019949917814,0.9879040559132893,0.08287292817679558,0.0,1.0,0.9337016574585635,0.8576671385906152,316.0,496.0,181.0,181.0,29.5,516.5,12.015402755511756,628.1066820963949,121.62745488896189,131.0,17.618286416190266,16.707255094622525,5.592105457350044,0.6657308137174143,0.8873270750045776,0.9404942989349365,0.0,0.0,0.0,1.0,0.0,1.0
SNPT-071,0,8.0,0.002008290997529454,0.9996776280759954,0.8963414634146342,1.0,1.0,0.975609756097561,0.8039486549794674,0.0,163.0,164.0,164.0,308.5,716.5,13.897377986910747,731.3784298947295,131.00182072740935,10.0,0.0006689210388204254,0.999936714593102,0.5,1.0,0.8985507246376812,0.8117647058823529,0.8415262448614922,580.0,749.0,170.0,170.0,24.0,358.0,430.4183213088298,316.93690594831065,95.09029847018304,417.0,373.5150798591575,10.102622013089253,-373.3784298947295,1.377657056870916,0.8297513723373413,0.9398911595344543,0.0,1.0,1.0,1.0,0.0,0.0
SNPT-071,1,30.0,0.017379019949917814,0.9879040559132893,0.08287292817679558,0.0,1.0,0.9337016574585635,0.8576671385906152,316.0,496.0,181.0,181.0,29.5,516.5,12.015402755511756,628.1066820963949,121.62745488896189,30.0,0.018637851088492932,0.9796227388083935,0.7453416149068323,0.0,1.0,1.0,0.8448078950739796,589.0,749.0,161.0,161.0,33.5,620.5,695.8079352200957,577.4338944806502,137.40782640869202,93.0,22.791435480756515,21.484597244488242,-7.606682096394934,0.8851566760630172,0.9374498128890991,0.980414092540741,1.0,0.0,1.0,1.0,0.0,1.0
SNPT-071,0,,1.0,0.0,0.0,1.0,1.0,0.8187134502923976,0.7845934953008379,0.0,186.0,187.0,171.0,144.0,443.5,11.552372899100021,509.88880430036124,79.39033053981504,30.0,0.018637851088492932,0.9796227388083935,0.7453416149068323,0.0,1.0,1.0,0.8448078950739796,589.0,749.0,161.0,161.0,33.5,620.5,695.8079352200957,577.4338944806502,137.40782640869202,403.0,112.7676148079046,21.94762710089998,110.61119569963876,0.5777715332144504,0.6942024230957031,0.9211516380310059,0.0,0.0,0.0,0.0,1.0,1.0
SNPT-071,0,9.0,0.024735150680944385,0.9735455867122201,0.4644808743169399,0.0,0.7142857142857143,0.8797814207650273,0.8226448704737314,0.0,182.0,183.0,183.0,1101.0,549.5,810.7690178476382,525.6098318473515,93.56164575357438,10.0,0.0006689210388204254,0.999936714593102,0.5,1.0,0.8985507246376812,0.8117647058823529,0.8415262448614922,580.0,749.0,170.0,170.0,24.0,358.0,430.4183213088298,316.93690594831065,95.09029847018304,398.0,804.4243551614003,-786.7690178476382,-167.60983184735153,0.9839241989855779,0.8078811764717102,0.9705673456192017,0.0,1.0,1.0,0.0,1.0,0.0
SNPT-071,1,,1.0,0.0,0.0,,0.0,0.0,0.5496773557774972,0.0,352.0,353.0,353.0,1768.0,480.0,1912.611313953791,506.34376101706954,98.44203161604051,1.0,0.05299269196111709,0.9819312617182732,0.049079754601226995,0.0,1.0,0.06134969325153374,0.5614903606597347,424.0,749.0,326.0,326.0,1890.5,401.0,1471.0517825705188,522.0263173928006,124.41625481385786,72.0,107.63929668101969,-22.11131395379107,-105.34376101706954,0.7912312724998996,0.9884142875671387,0.9964925050735474,0.0,0.0,0.0,0.0,0.0,0.0
SNPT-072,1,44.0,0.00379228230066015,0.9989356850845772,0.6212534059945504,1.0,1.0,0.8528610354223434,0.8369371411137687,143.0,552.0,410.0,367.0,1912.5,670.5,1907.2590258285295,604.4416749035189,124.44804369400285,,1.0,0.0,0.0,1.0,1.0,0.9507042253521126,0.9000818256978635,608.0,749.0,142.0,142.0,1906.0,645.5,1306.7561932589201,714.7252798825034,157.6484592359712,56.0,41.077624149471376,-1.2590258285295022,41.0583250964811,0.7894022199590716,0.9188302159309387,0.9810941219329834,0.0,0.0,0.0,1.0,0.0,1.0
SNPT-072,0,3.0,0.17722195828060522,0.9363693973775638,0.7468354430379747,0.0,1.0,0.9493670886075949,0.8513938291867574,0.0,78.0,79.0,79.0,1635.5,526.5,1906.71595544704,536.2495429617475,114.98921297204882,28.0,0.012959074366004,0.9960370309212628,0.6538461538461539,0.0,1.0,0.9384615384615385,0.8702588350069328,260.0,389.0,130.0,130.0,1913.5,582.5,1914.2249915702591,631.68702262435,120.05664580498292,182.0,46.74535310321006,6.78404455296004,46.250457038252534,0.9577913175988149,0.8697654008865356,0.978027880191803,0.0,1.0,0.0,1.0,0.0,1.0
SNPT-072,1,44.0,0.0005978073280896345,0.9999372286999479,0.8703703703703703,1.0,1.0,0.8703703703703703,0.8149507185246082,0.0,53.0,54.0,54.0,1756.5,718.0,1913.8660903374125,689.5353812877686,136.50522961266037,,1.0,0.0,0.0,1.0,1.0,0.9507042253521126,0.9000818256978635,608.0,749.0,142.0,142.0,1906.0,645.5,1306.7561932589201,714.7252798825034,157.6484592359712,555.0,44.73242875538388,-7.8660903374125155,-44.03538128776859,0.8658836900418847,0.844916820526123,0.9321078062057495,0.0,0.0,0.0,1.0,0.0,1.0
SNPT-072,0,28.0,0.0018057519624877527,0.9997932314872742,0.325,0.0,1.0,0.85,0.8941288853392881,0.0,79.0,80.0,40.0,1808.5,609.0,1911.0371355750044,526.5043794835051,111.30833190545687,9.0,0.02642909960967231,0.9920265479521317,0.8776595744680851,0.0,1.0,0.898936170212766,0.806708737237919,470.0,657.0,188.0,188.0,8.0,643.0,22.954270242452587,604.538129398793,139.76420531414058,391.0,1906.5994778602667,-1903.0371355750044,116.49562051649491,0.7964008499549298,0.7665115594863892,0.9335014820098877,0.0,1.0,1.0,1.0,0.0,1.0
SNPT-072,1,9.0,0.000273848309732972,0.9978010058403015,0.9696969696969697,0.0,1.0,0.9696969696969697,0.8092167787253857,0.0,230.0,231.0,231.0,139.5,904.0,8.28950044367436,634.1865449281986,151.87479398961142,9.0,0.02642909960967231,0.9920265479521317,0.8776595744680851,0.0,1.0,0.898936170212766,0.806708737237919,470.0,657.0,188.0,188.0,8.0,643.0,22.954270242452587,604.538129398793,139.76420531414058,240.0,8.818208480726087,-0.2895004436743598,8.8134550718014,1.0866501451373083,0.9770872592926025,0.9939383864402771,1.0,0.0,1.0,1.0,0.0,1.0
SNPT-072,1,,1.0,0.0,0.0,1.0,1.0,1.0,0.7726459726691246,162.0,169.0,8.0,8.0,1914.0,562.5,1912.446386954306,563.3747649580637,77.1397285072916,3.0,0.03354255428338157,0.9936834987666872,0.28346456692913385,0.0,1.0,0.952755905511811,0.8368667098116284,623.0,749.0,127.0,127.0,1906.5,619.0,1595.9994225499486,590.4006162933398,158.91007362663416,454.0,55.942169168535116,-5.9463869543060355,55.62523504193632,0.48543007215851275,0.7220643162727356,0.8989936113357544,0.0,0.0,0.0,0.0,1.0,1.0
SNPT-072,0,28.0,0.0018057519624877527,0.9997932314872742,0.325,0.0,1.0,0.85,0.8941288853392881,0.0,79.0,80.0,40.0,1808.5,609.0,1911.0371355750044,526.5043794835051,111.30833190545687,15.0,0.0010485187864516423,0.9768670456750053,0.603448275862069,1.0,1.0,0.8620689655172413,0.9142454087734222,578.0,668.0,91.0,58.0,8.5,611.0,12.579110878331349,867.402750087771,135.24639769896413,499.0,1904.4125241471213,-1902.5371355750044,84.49562051649491,0.8230040415066034,0.7539710998535156,0.9338515400886536,0.0,1.0,1.0,0.0,1.0,1.0
SNPT-072,0,15.0,0.00014443188096857886,0.995807860004768,0.7416666666666667,1.0,1.0,0.7416666666666667,0.6650038287880715,0.0,161.0,162.0,120.0,212.5,536.0,8.705846907639824,704.4122092006006,150.61423224144497,3.0,0.2324045699886439,0.8988146397375292,0.41150442477876104,0.0,0.99,0.8849557522123894,0.8644710910320282,238.0,464.0,227.0,226.0,1911.5,564.5,1878.577041364627,573.3262629198776,119.76997913154818,77.0,1907.93108243612,1902.7941530923601,-139.9122092006006,1.257529084780246,0.8144521713256836,0.86503005027771,0.0,1.0,0.0,0.0,1.0,1.0
SNPT-072,1,,1.0,0.0,0.0,1.0,1.0,1.0,0.7726459726691246,162.0,169.0,8.0,8.0,1914.0,562.5,1912.446386954306,563.3747649580637,77.1397285072916,3.0,0.2324045699886439,0.8988146397375292,0.41150442477876104,0.0,0.99,0.8849557522123894,0.8644710910320282,238.0,464.0,227.0,226.0,1911.5,564.5,1878.577041364627,573.3262629198776,119.76997913154818,69.0,1.4703068274622437,-0.9463869543060355,1.125235041936321,0.6440656420467931,0.6996760964393616,0.880194902420044,0.0,0.0,0.0,0.0,1.0,1.0
SNPT-072,1,3.0,0.2324045699886439,0.8988146397375292,0.41150442477876104,0.0,0.99,0.8849557522123894,0.8644710910320282,238.0,464.0,227.0,226.0,1911.5,564.5,1878.577041364627,573.3262629198776,119.76997913154818,3.0,0.03354255428338157,0.9936834987666872,0.28346456692913385,0.0,1.0,0.952755905511811,0.8368667098116284,623.0,749.0,127.0,127.0,1906.5,619.0,1595.9994225499486,590.4006162933398,158.91007362663416,159.0,53.532998027542796,27.922958635373107,45.67373708012235,0.7536965807023206,0.9760479927062988,0.9894021153450012,1.0,0.0,0.0,1.0,0.0,1.0
SNPT-072,0,8.0,0.010409923745707298,0.99843723376592,0.3,1.0,1.0,0.74,0.8817166234995868,156.0,206.0,51.0,50.0,8.5,502.5,8.376713634590129,469.9797690079792,91.88585818355969,28.0,0.012959074366004,0.9960370309212628,0.6538461538461539,0.0,1.0,0.9384615384615385,0.8702588350069328,260.0,389.0,130.0,130.0,1913.5,582.5,1914.2249915702591,631.68702262435,120.05664580498292,54.0,1908.4432238435172,1905.12328636541,112.5202309920208,0.765354200656387,0.7497267127037048,0.9443880319595337,0.0,1.0,1.0,0.0,1.0,1.0
SNPT-072,1,15.0,0.00014443188096857886,0.995807860004768,0.7416666666666667,1.0,1.0,0.7416666666666667,0.6650038287880715,0.0,161.0,162.0,120.0,212.5,536.0,8.705846907639824,704.4122092006006,150.61423224144497,15.0,0.0010485187864516423,0.9768670456750053,0.603448275862069,1.0,1.0,0.8620689655172413,0.9142454087734222,578.0,668.0,91.0,58.0,8.5,611.0,12.579110878331349,867.402750087771,135.24639769896413,417.0,93.41243600659475,-0.20584690763982394,-93.41220920060061,1.1136284204529208,0.9202825427055359,0.9107356071472168,1.0,0.0,1.0,1.0,0.0,1.0
SNPT-072,1,3.0,0.17722195828060522,0.9363693973775638,0.7468354430379747,0.0,1.0,0.9493670886075949,0.8513938291867574,0.0,78.0,79.0,79.0,1635.5,526.5,1906.71595544704,536.2495429617475,114.98921297204882,3.0,0.2324045699886439,0.8988146397375292,0.41150442477876104,0.0,0.99,0.8849557522123894,0.8644710910320282,238.0,464.0,227.0,226.0,1911.5,564.5,1878.577041364627,573.3262629198776,119.76997913154818,160.0,28.652668377567537,4.78404455296004,28.250457038252534,0.9600837689530825,0.9711987972259521,0.9791685938835144,1.0,0.0,0.0,1.0,0.0,1.0
SNPT-072,1,3.0,0.17722195828060522,0.9363693973775638,0.7468354430379747,0.0,1.0,0.9493670886075949,0.8513938291867574,0.0,78.0,79.0,79.0,1635.5,526.5,1906.71595544704,536.2495429617475,114.98921297204882,3.0,0.03354255428338157,0.9936834987666872,0.28346456692913385,0.0,1.0,0.952755905511811,0.8368667098116284,623.0,749.0,127.0,127.0,1906.5,619.0,1595.9994225499486,590.4006162933398,158.91007362663416,545.0,82.75073882929858,-0.21595544703995984,82.75045703825253,0.7236118538477351,0.9579973220825195,0.9579606056213379,1.0,0.0,0.0,1.0,0.0,1.0
SNPT-072,1,4.0,0.10967651228605643,0.9383921538790067,0.12320328542094455,0.0,1.0,0.8357289527720739,0.8597362549650581,0.0,550.0,551.0,487.0,1393.0,474.0,1907.4914263614078,477.71302295264593,110.72910784193263,,1.0,0.0,0.0,0.0,1.0,0.9626865671641791,0.7665559501610986,616.0,749.0,134.0,134.0,1913.0,549.0,1414.173285461981,487.3777465729066,145.86472800051223,66.0,71.49949286590625,5.508573638592225,71.28697704735407,0.759121888888339,0.956363320350647,0.967166543006897,0.0,0.0,0.0,1.0,0.0,1.0
SNPT-072,0,44.0,0.00379228230066015,0.9989356850845772,0.6212534059945504,1.0,1.0,0.8528610354223434,0.8369371411137687,143.0,552.0,410.0,367.0,1912.5,670.5,1907.2590258285295,604.4416749035189,124.44804369400285,5.0,0.00036391268586157823,0.9999563455581665,0.25316455696202533,1.0,1.0,0.9367088607594937,0.9011123776435852,571.0,649.0,79.0,79.0,6.5,530.5,22.169708291589707,578.6701381525297,112.92722607104216,19.0,1902.1966895029962,-1900.7590258285295,-73.9416749035189,1.1020198407752704,0.8550388216972351,0.9849438667297363,0.0,1.0,1.0,1.0,0.0,1.0
SNPT-072,0,9.0,0.000273848309732972,0.9978010058403015,0.9696969696969697,0.0,1.0,0.9696969696969697,0.8092167787253857,0.0,230.0,231.0,231.0,139.5,904.0,8.28950044367436,634.1865449281986,151.87479398961142,3.0,0.2324045699886439,0.8988146397375292,0.41150442477876104,0.0,0.99,0.8849557522123894,0.8644710910320282,238.0,464.0,227.0,226.0,1911.5,564.5,1878.577041364627,573.3262629198776,119.76997913154818,8.0,1904.4858676728134,1903.2104995563257,-69.6865449281986,1.2680539404853801,0.8983582258224487,0.9463862776756287,0.0,1.0,0.0,1.0,0.0,1.0
SNPT-072,1,3.0,0.17722195828060522,0.9363693973775638,0.7468354430379747,0.0,1.0,0.9493670886075949,0.8513938291867574,0.0,78.0,79.0,79.0,1635.5,526.5,1906.71595544704,536.2495429617475,114.98921297204882,,1.0,0.0,0.0,1.0,1.0,1.0,0.7726459726691246,162.0,169.0,8.0,8.0,1914.0,562.5,1912.446386954306,563.3747649580637,77.1397285072916,84.0,27.24231634363438,7.28404455296004,26.250457038252534,1.490661364736065,0.6650272011756897,0.8285976648330688,0.0,0.0,0.0,0.0,1.0,1.0
SNPT-072,0,,1.0,0.0,0.0,,0.0,0.0,0.5766863598198188,306.0,373.0,68.0,68.0,1909.0,491.0,1908.282693246148,500.319835618394,118.23519534628244,5.0,0.00036391268586157823,0.9999563455581665,0.25316455696202533,1.0,1.0,0.9367088607594937,0.9011123776435852,571.0,649.0,79.0,79.0,6.5,530.5,22.169708291589707,578.6701381525297,112.92722607104216,198.0,1902.0221488333602,-1901.782693246148,30.180164381606005,1.0470034504513646,0.6510235071182251,0.8916075229644775,0.0,0.0,0.0,0.0,0.0,0.0
SNPT-072,0,15.0,0.00014443188096857886,0.995807860004768,0.7416666666666667,1.0,1.0,0.7416666666666667,0.6650038287880715,0.0,161.0,162.0,120.0,212.5,536.0,8.705846907639824,704.4122092006006,150.61423224144497,3.0,0.03354255428338157,0.9936834987666872,0.28346456692913385,0.0,1.0,0.952755905511811,0.8368667098116284,623.0,749.0,127.0,127.0,1906.5,619.0,1595.9994225499486,590.4006162933398,158.91007362663416,462.0,1899.7152136549507,1897.7941530923601,-85.41220920060061,0.9477953713325902,0.8023781180381775,0.8409925103187561,0.0,1.0,1.0,0.0,1.0,1.0
SNPT-072,0,28.0,0.0018057519624877527,0.9997932314872742,0.325,0.0,1.0,0.85,0.8941288853392881,0.0,79.0,80.0,40.0,1808.5,609.0,1911.0371355750044,526.5043794835051,111.30833190545687,3.0,0.2324045699886439,0.8988146397375292,0.41150442477876104,0.0,0.99,0.8849557522123894,0.8644710910320282,238.0,464.0,227.0,226.0,1911.5,564.5,1878.577041364627,573.3262629198776,119.76997913154818,159.0,37.99843972993385,0.4628644249955869,37.99562051649491,0.9293508499588403,0.8763507604598999,0.9831879138946533,0.0,1.0,0.0,1.0,0.0,1.0
SNPT-072,0,3.0,0.2324045699886439,0.8988146397375292,0.41150442477876104,0.0,0.99,0.8849557522123894,0.8644710910320282,238.0,464.0,227.0,226.0,1911.5,564.5,1878.577041364627,573.3262629198776,119.76997913154818,15.0,0.0010485187864516423,0.9768670456750053,0.603448275862069,1.0,1.0,0.8620689655172413,0.9142454087734222,578.0,668.0,91.0,58.0,8.5,611.0,12.579110878331349,867.402750087771,135.24639769896413,114.0,1870.4564820130563,-1870.077041364627,37.67373708012235,0.8855687187923196,0.8071558475494385,0.9492897391319275,0.0,1.0,0.0,0.0,1.0,1.0
SNPT-072,0,28.0,0.012959074366004,0.9960370309212628,0.6538461538461539,0.0,1.0,0.9384615384615385,0.8702588350069328,260.0,389.0,130.0,130.0,1913.5,582.5,1914.2249915702591,631.68702262435,120.05664580498292,5.0,0.00036391268586157823,0.9999563455581665,0.25316455696202533,1.0,1.0,0.9367088607594937,0.9011123776435852,571.0,649.0,79.0,79.0,6.5,530.5,22.169708291589707,578.6701381525297,112.92722607104216,182.0,1910.4066208557083,-1907.7249915702591,-101.18702262434999,1.0631328686800088,0.7182217240333557,0.9491043090820312,0.0,1.0,1.0,0.0,1.0,1.0
SNPT-072,1,44.0,0.0005978073280896345,0.9999372286999479,0.8703703703703703,1.0,1.0,0.8703703703703703,0.8149507185246082,0.0,53.0,54.0,54.0,1756.5,718.0,1913.8660903374125,689.5353812877686,136.50522961266037,44.0,0.00379228230066015,0.9989356850845772,0.6212534059945504,1.0,1.0,0.8528610354223434,0.8369371411137687,143.0,552.0,410.0,367.0,1912.5,670.5,1907.2590258285295,604.4416749035189,124.44804369400285,90.0,19.084337651087143,-1.3660903374125155,-19.035381287768587,1.0968852989630287,0.961056113243103,0.9601341485977173,1.0,0.0,1.0,1.0,0.0,1.0
SNPT-072,1,8.0,0.010409923745707298,0.99843723376592,0.3,1.0,1.0,0.74,0.8817166234995868,156.0,206.0,51.0,50.0,8.5,502.5,8.376713634590129,469.9797690079792,91.88585818355969,8.0,0.0586339860216131,0.9413471054285765,0.142433234421365,1.0,1.0,0.7181008902077152,0.8756350350281423,413.0,749.0,337.0,337.0,9.5,427.0,700.5227142402932,468.42830878208895,95.0836156430225,207.0,42.99444517885962,1.1232863654098715,-42.9797690079792,0.966368995984878,0.9452218413352966,0.9888768196105957,1.0,0.0,1.0,1.0,0.0,1.0
SNPT-072,0,3.0,0.17722195828060522,0.9363693973775638,0.7468354430379747,0.0,1.0,0.9493670886075949,0.8513938291867574,0.0,78.0,79.0,79.0,1635.5,526.5,1906.71595544704,536.2495429617475,114.98921297204882,8.0,0.010409923745707298,0.99843723376592,0.3,1.0,1.0,0.74,0.8817166234995868,156.0,206.0,51.0,50.0,8.5,502.5,8.376713634590129,469.9797690079792,91.88585818355969,78.0,1898.515958627645,-1898.21595544704,-33.749542961747466,1.251435370417238,0.7431959509849548,0.9193097352981567,0.0,1.0,0.0,0.0,1.0,1.0
SNPT-072,0,28.0,0.0018057519624877527,0.9997932314872742,0.325,0.0,1.0,0.85,0.8941288853392881,0.0,79.0,80.0,40.0,1808.5,609.0,1911.0371355750044,526.5043794835051,111.30833190545687,8.0,0.010409923745707298,0.99843723376592,0.3,1.0,1.0,0.74,0.8817166234995868,156.0,206.0,51.0,50.0,8.5,502.5,8.376713634590129,469.9797690079792,91.88585818355969,77.0,1902.6885616086336,-1902.5371355750044,-24.00437948350509,1.2113760931861468,0.7396398186683655,0.9420201778411865,0.0,1.0,1.0,0.0,1.0,1.0
SNPT-072,1,28.0,0.0018057519624877527,0.9997932314872742,0.325,0.0,1.0,0.85,0.8941288853392881,0.0,79.0,80.0,40.0,1808.5,609.0,1911.0371355750044,526.5043794835051,111.30833190545687,28.0,0.012959074366004,0.9960370309212628,0.6538461538461539,0.0,1.0,0.9384615384615385,0.8702588350069328,260.0,389.0,130.0,130.0,1913.5,582.5,1914.2249915702591,631.68702262435,120.05664580498292,181.0,56.04975662929514,2.462864424995587,55.99562051649491,0.9271317814947404,0.9600533246994019,0.9795830249786377,1.0,0.0,1.0,1.0,0.0,1.0
SNPT-073,0,,1.0,0.0,0.0,0.0,1.0,0.944,0.8741799706624727,0.0,249.0,250.0,250.0,554.5,404.5,19.499512209246525,399.41580754155063,59.57997545670667,,1.0,0.0,0.0,1.0,1.0,0.945,0.9098933481034779,550.0,749.0,200.0,200.0,7.0,641.0,129.21640153293498,609.0397677646049,87.71736830966995,301.0,241.9073373241709,-12.499512209246525,241.58419245844937,0.6792266640555219,0.6846710443496704,0.9689474105834961,0.0,0.0,0.0,0.0,1.0,1.0
SNPT-073,0,29.0,0.07894191143837029,0.9729973375797272,0.1016949152542373,0.0,0.9617346938775511,0.9491525423728814,0.8634366954163629,337.0,749.0,413.0,413.0,9.742194145693645,705.7266443305277,503.47091567588916,545.3090141326746,96.83271536905723,,1.0,0.0,0.0,1.0,1.0,0.885593220338983,0.8948228376333793,0.0,250.0,251.0,236.0,326.0,496.5,5.564583842156509,403.6483799882676,67.89713819527918,87.0,302.1071502230303,4.177610303537136,302.0782643422601,1.4261678465822276,0.7451812028884888,0.964673638343811,0.0,0.0,0.0,0.0,1.0,1.0
SNPT-073,0,27.0,0.00020925160884078837,0.9999828216357108,0.5342465753424658,1.0,1.0,0.8356164383561644,0.8295365347236884,0.0,72.0,73.0,73.0,1479.0,548.5,1907.1974598298216,570.7253160536449,89.23990487268304,5.0,1.1570038563341337e-05,0.999999297292609,0.19487179487179487,1.0,1.0,0.9076923076923077,0.8975616767581573,555.0,749.0,195.0,195.0,15.0,560.0,182.838399775371,527.4682085532139,73.44819728943156,483.0,1892.2278560973782,-1892.1974598298216,-10.72531605364486,1.2150046994485424,0.8359001874923706,0.9722006320953369,0.0,1.0,1.0,1.0,0.0,1.0
SNPT-073,0,,1.0,0.0,0.0,0.0,1.0,0.9318181818181818,0.838375902757412,0.0,87.0,88.0,88.0,1221.5,395.5,1908.811846456266,442.28433966042684,50.67430886252871,36.0,0.034485136915054684,0.9473936947492453,0.12093023255813953,1.0,1.0,0.8930232558139535,0.9111439834038416,535.0,749.0,215.0,215.0,23.5,825.5,175.73100949755104,726.2273714134726,98.22810462929172,448.0,1923.8646004118457,-1885.311846456266,383.21566033957316,0.5158840135801377,0.7826646566390991,0.9639205932617188,0.0,0.0,0.0,0.0,1.0,1.0
SNPT-073,1,,1.0,0.0,0.0,0.0,1.0,0.9259259259259259,0.8397070598602295,0.0,53.0,54.0,54.0,1765.0,468.0,1915.8214331004087,487.86874973589977,61.43507698895275,8.0,0.33681726455688477,0.9487220942974091,0.0073937153419593345,0.0,1.0,0.8724584103512015,0.8737156076704041,209.0,749.0,541.0,541.0,1911.0,487.5,976.3618595915398,488.6661368426935,83.40552229544532,156.0,4.835513779263087,-4.82143310040874,-0.3687497358997689,0.7365828460534399,0.9345281720161438,0.9883230328559875,0.0,0.0,0.0,1.0,0.0,1.0
SNPT-073,1,,1.0,0.0,0.0,1.0,1.0,0.8294930875576036,0.8860175619522731,0.0,243.0,244.0,217.0,124.5,586.0,5.1694485349375,379.8525305045997,84.77183617197105,,1.0,0.0,0.0,1.0,1.0,0.945,0.9098933481034779,550.0,749.0,200.0,200.0,7.0,641.0,129.21640153293498,609.0397677646049,87.71736830966995,307.0,261.1538851759959,1.8305514650625003,261.1474694954003,0.9664201948318804,0.9016269445419312,0.9835392236709595,0.0,0.0,0.0,1.0,0.0,1.0
SNPT-073,0,,1.0,0.0,0.0,0.0,1.0,0.944,0.8741799706624727,0.0,249.0,250.0,250.0,554.5,404.5,19.499512209246525,399.41580754155063,59.57997545670667,9.0,0.02547808736562729,0.9967206120491028,0.0049504950495049506,0.0,1.0,0.9108910891089109,0.8721215271431467,548.0,749.0,202.0,202.0,16.5,599.0,139.4988894807459,563.6459902320679,75.05464114004558,299.0,199.60673073016545,-2.999512209246525,199.58419245844937,0.7938213353859824,0.7439287900924683,0.986290693283081,0.0,0.0,0.0,1.0,0.0,1.0
SNPT-073,0,27.0,0.00020925160884078837,0.9999828216357108,0.5342465753424658,1.0,1.0,0.8356164383561644,0.8295365347236884,0.0,72.0,73.0,73.0,1479.0,548.5,1907.1974598298216,570.7253160536449,89.23990487268304,,1.0,0.0,0.0,1.0,1.0,0.9398148148148148,0.9021801775312189,534.0,749.0,216.0,216.0,689.5,424.0,739.1937057638827,453.0201644146704,51.221296113863126,462.0,1226.5053697587475,-1217.6974598298216,-146.72531605364486,1.7422422242948694,0.8660003542900085,0.9688971638679504,0.0,0.0,0.0,1.0,0.0,1.0
SNPT-073,1,,1.0,0.0,0.0,0.0,1.0,0.9485981308411215,0.898368946437178,0.0,244.0,245.0,214.0,73.5,547.5,5.5110309208650605,533.8781308530121,83.79348711080652,9.0,0.02547808736562729,0.9967206120491028,0.0049504950495049506,0.0,1.0,0.9108910891089109,0.8721215271431467,548.0,749.0,202.0,202.0,16.5,599.0,139.4988894807459,563.6459902320679,75.05464114004558,304.0,66.04252631918014,10.98896907913494,65.12186914698793,1.1164331190985912,0.8881204128265381,0.9744512438774109,0.0,0.0,0.0,1.0,0.0,1.0
SNPT-073,1,27.0,0.00020925160884078837,0.9999828216357108,0.5342465753424658,1.0,1.0,0.8356164383561644,0.8295365347236884,0.0,72.0,73.0,73.0,1479.0,548.5,1907.1974598298216,570.7253160536449,89.23990487268304,27.0,0.01984180607132995,0.9771803385215186,0.3858695652173913,1.0,1.0,0.8967391304347826,0.8855855598594203,198.0,749.0,552.0,552.0,1907.0,620.0,1051.8417843412076,497.52513662491333,92.80769120938635,126.0,49.275079587937576,-0.1974598298215824,49.27468394635514,0.9615572126597363,0.9544000625610352,0.9790966510772705,1.0,0.0,1.0,1.0,0.0,1.0
SNPT-073,1,29.0,0.07894191143837029,0.9729973375797272,0.1016949152542373,0.0,0.9617346938775511,0.9491525423728814,0.8634366954163629,337.0,749.0,413.0,413.0,9.742194145693645,705.7266443305277,503.47091567588916,545.3090141326746,96.83271536905723,29.0,0.07580409914771735,0.9839924971262614,0.009433962264150943,0.0,0.9899665551839465,0.940251572327044,0.8865145347190142,0.0,336.0,337.0,318.0,620.0,490.0,5.738388117841232,708.1776834591936,89.16529525372411,1.0,4.694470738956487,4.003806027852413,-2.4510391286659114,1.08599108087418,0.9786925911903381,0.9955661296844482,1.0,0.0,1.0,1.0,0.0,1.0
SNPT-073,0,29.0,0.07580409914771735,0.9839924971262614,0.009433962264150943,0.0,0.9899665551839465,0.940251572327044,0.8865145347190142,0.0,336.0,337.0,318.0,620.0,490.0,5.738388117841232,708.1776834591936,89.16529525372411,,1.0,0.0,0.0,1.0,1.0,0.9398148148148148,0.9021801775312189,534.0,749.0,216.0,216.0,689.5,424.0,739.1937057638827,453.0201644146704,51.221296113863126,198.0,740.463974586152,683.7616118821587,-284.17768345919364,1.7407856110378936,0.7917790412902832,0.9654889106750488,0.0,0.0,0.0,0.0,1.0,1.0
SNPT-073,1,,1.0,0.0,0.0,1.0,1.0,0.9547325102880658,0.8929774807444935,0.0,242.0,243.0,243.0,498.5,522.5,15.613019239801208,529.9234112179283,76.96665019698523,,1.0,0.0,0.0,1.0,0.9949748743718593,0.9386792452830188,0.8978337678477992,538.0,749.0,212.0,212.0,20.5,602.0,347.67059964015004,574.1263876633806,77.01898019664691,296.0,72.24207383104677,4.886980760198792,72.07658878207167,0.9993205570947827,0.9217774271965027,0.9919599294662476,0.0,0.0,0.0,1.0,0.0,1.0
SNPT-073,1,,1.0,0.0,0.0,0.0,1.0,0.875,0.8062173000403813,0.0,63.0,64.0,64.0,1661.5,557.0,1913.9531743991147,575.1978438184962,77.89953851503587,3.0,0.16115649638345977,0.8875280503016799,0.1227106227106227,0.0,0.9980544747081712,0.9413919413919414,0.8491428788997784,204.0,749.0,546.0,546.0,1913.5,651.5,1073.3103438087765,552.0641108758932,100.11640351047251,141.0,76.30350191821223,-0.4531743991146868,76.30215618150385,0.7780896614697842,0.952648401260376,0.9774263501167297,0.0,0.0,0.0,1.0,0.0,1.0
SNPT-073,1,,1.0,0.0,0.0,1.0,1.0,0.9385245901639344,0.8865512739622957,0.0,251.0,252.0,244.0,473.5,434.5,4.367522642164431,403.88916612516743,56.500257355531055,,1.0,0.0,0.0,1.0,1.0,0.9597989949748744,0.8530434535435981,551.0,749.0,199.0,199.0,7.5,501.0,211.396760693976,487.05096001120705,58.536713427506506,300.0,97.161342468405,3.132477357835569,97.11083387483257,0.9652106182131757,0.817952036857605,0.9824414253234863,0.0,0.0,0.0,1.0,0.0,1.0
SNPT-073,0,,1.0,0.0,0.0,1.0,1.0,0.9464285714285714,0.8534938293807911,0.0,115.0,116.0,112.0,1045.0,430.0,1913.4870595430168,460.6763541261404,58.968827119467356,,1.0,0.0,0.0,0.0,1.0,0.9244186046511628,0.8710596017867515,190.0,533.0,344.0,344.0,1913.5,405.5,554.5143223416874,446.6979952805889,89.0863617219258,75.0,55.17635564359679,0.012940456983187687,-55.17635412614038,0.6619287843804047,0.8269944190979004,0.9516368508338928,0.0,0.0,0.0,0.0,1.0,1.0
SNPT-073,1,,1.0,0.0,0.0,1.0,1.0,0.9464285714285714,0.8534938293807911,0.0,115.0,116.0,112.0,1045.0,430.0,1913.4870595430168,460.6763541261404,58.968827119467356,,1.0,0.0,0.0,1.0,0.6436567164179104,0.9403508771929825,0.8515785720143745,180.0,749.0,570.0,570.0,1911.0,416.0,685.3866241930358,441.0672183858532,72.15455936034697,65.0,44.74552584532683,-2.4870595430168123,-44.67635412614038,0.8172571164210322,0.9309159517288208,0.9848295450210571,0.0,0.0,0.0,1.0,0.0,0.0
SNPT-073,1,,1.0,0.0,0.0,1.0,1.0,0.9464285714285714,0.8534938293807911,0.0,115.0,116.0,112.0,1045.0,430.0,1913.4870595430168,460.6763541261404,58.968827119467356,,1.0,0.0,0.0,1.0,1.0,0.9398148148148148,0.9021801775312189,534.0,749.0,216.0,216.0,689.5,424.0,739.1937057638827,453.0201644146704,51.221296113863126,419.0,1224.5364334640055,-1223.9870595430168,-36.67635412614038,1.1512560515528882,0.9191645979881287,0.9841659069061279,0.0,0.0,0.0,1.0,0.0,1.0
SNPT-073,0,,1.0,0.0,0.0,0.0,1.0,0.9318181818181818,0.838375902757412,0.0,87.0,88.0,88.0,1221.5,395.5,1908.811846456266,442.28433966042684,50.67430886252871,,1.0,0.0,0.0,0.0,1.0,0.9504950495049505,0.8862714391822616,548.0,749.0,202.0,202.0,8.0,493.0,264.5520468210358,491.61951784925947,60.259867047664514,461.0,1901.4882996832137,-1900.811846456266,50.71566033957316,0.8409296492879118,0.7587820887565613,0.962556004524231,0.0,0.0,0.0,1.0,0.0,1.0
SNPT-073,1,14.0,0.003857586665510419,0.9994756649522221,0.05782312925170068,1.0,1.0,0.8299319727891157,0.884311958170328,0.0,293.0,294.0,294.0,449.0,594.5,16.674236251100723,726.4318108476939,94.16750537710823,14.0,0.02384001366339209,0.9928389860090808,0.46120689655172414,1.0,1.0,0.8232758620689655,0.9152740720678999,518.0,749.0,232.0,232.0,11.0,761.0,720.6374885330044,619.6703710580061,86.79598413396792,225.0,35.03079585597391,-5.674236251100723,34.568189152306104,1.0849292892602325,0.9802989363670349,0.9847703576087952,1.0,0.0,1.0,1.0,0.0,1.0
SNPT-073,0,27.0,0.00020925160884078837,0.9999828216357108,0.5342465753424658,1.0,1.0,0.8356164383561644,0.8295365347236884,0.0,72.0,73.0,73.0,1479.0,548.5,1907.1974598298216,570.7253160536449,89.23990487268304,,1.0,0.0,0.0,1.0,1.0,0.9597989949748744,0.8530434535435981,551.0,749.0,199.0,199.0,7.5,501.0,211.396760693976,487.05096001120705,58.536713427506506,479.0,1900.9766065321942,-1899.6974598298216,-69.72531605364486,1.5245117063704,0.7559815049171448,0.9596298933029175,0.0,0.0,0.0,1.0,0.0,1.0
SNPT-073,0,,1.0,0.0,0.0,1.0,1.0,0.885593220338983,0.8948228376333793,0.0,250.0,251.0,236.0,326.0,496.5,5.564583842156509,403.6483799882676,67.89713819527918,36.0,0.034485136915054684,0.9473936947492453,0.12093023255813953,1.0,1.0,0.8930232558139535,0.9111439834038416,535.0,749.0,215.0,215.0,23.5,825.5,175.73100949755104,726.2273714134726,98.22810462929172,285.0,422.23271836663497,17.93541615784349,421.8516200117324,0.6912190604870145,0.691909909248352,0.9819598197937012,0.0,0.0,0.0,1.0,0.0,1.0
SNPT-073,0,29.0,0.07580409914771735,0.9839924971262614,0.009433962264150943,0.0,0.9899665551839465,0.940251572327044,0.8865145347190142,0.0,336.0,337.0,318.0,620.0,490.0,5.738388117841232,708.1776834591936,89.16529525372411,5.0,1.1570038563341337e-05,0.999999297292609,0.19487179487179487,1.0,1.0,0.9076923076923077,0.8975616767581573,555.0,749.0,195.0,195.0,15.0,560.0,182.838399775371,527.4682085532139,73.44819728943156,219.0,148.46684252717418,9.261611882158768,-148.17768345919364,1.2139888866483328,0.7938801050186157,0.9696180820465088,0.0,1.0,1.0,0.0,1.0,1.0
SNPT-073,0,,1.0,0.0,0.0,0.0,1.0,0.875,0.8062173000403813,0.0,63.0,64.0,64.0,1661.5,557.0,1913.9531743991147,575.1978438184962,77.89953851503587,36.0,0.034485136915054684,0.9473936947492453,0.12093023255813953,1.0,1.0,0.8930232558139535,0.9111439834038416,535.0,749.0,215.0,215.0,23.5,825.5,175.73100949755104,726.2273714134726,98.22810462929172,472.0,1906.951591935359,-1890.4531743991147,250.30215618150385,0.79304735451249,0.776799201965332,0.9581407308578491,0.0,0.0,0.0,0.0,1.0,1.0
SNPT-073,0,,1.0,0.0,0.0,0.0,1.0,0.875,0.8062173000403813,0.0,63.0,64.0,64.0,1661.5,557.0,1913.9531743991147,575.1978438184962,77.89953851503587,14.0,0.02384001366339209,0.9928389860090808,0.46120689655172414,1.0,1.0,0.8232758620689655,0.9152740720678999,518.0,749.0,232.0,232.0,11.0,761.0,720.6374885330044,619.6703710580061,86.79598413396792,455.0,1912.0024124454872,-1902.9531743991147,185.80215618150385,0.8975016447166432,0.8350826501846313,0.9516826868057251,0.0,0.0,0.0,0.0,1.0,1.0
SNPT-073,1,,1.0,0.0,0.0,0.0,1.0,0.9318181818181818,0.838375902757412,0.0,87.0,88.0,88.0,1221.5,395.5,1908.811846456266,442.28433966042684,50.67430886252871,,1.0,0.0,0.0,0.0,1.0,0.9244186046511628,0.8710596017867515,190.0,533.0,344.0,344.0,1913.5,405.5,554.5143223416874,446.6979952805889,89.0863617219258,103.0,37.081888138325375,4.688153543733961,-36.78433966042684,0.5688222965115975,0.8503354787826538,0.974152684211731,0.0,0.0,0.0,1.0,0.0,1.0
SNPT-073,1,,1.0,0.0,0.0,1.0,1.0,0.885593220338983,0.8948228376333793,0.0,250.0,251.0,236.0,326.0,496.5,5.564583842156509,403.6483799882676,67.89713819527918,5.0,1.1570038563341337e-05,0.999999297292609,0.19487179487179487,1.0,1.0,0.9076923076923077,0.8975616767581573,555.0,749.0,195.0,195.0,15.0,560.0,182.838399775371,527.4682085532139,73.44819728943156,305.0,156.6360627645015,9.435416157843491,156.3516200117324,0.9244221192757427,0.8702594041824341,0.9893192052841187,0.0,0.0,0.0,1.0,0.0,1.0
SNPT-073,1,,1.0,0.0,0.0,1.0,1.0,0.9308176100628931,0.8981518834023863,53.0,211.0,159.0,159.0,6.0,703.0,7.181464834555358,678.1822046489249,94.31118297199,36.0,0.034485136915054684,0.9473936947492453,0.12093023255813953,1.0,1.0,0.8930232558139535,0.9111439834038416,535.0,749.0,215.0,215.0,23.5,825.5,175.73100949755104,726.2273714134726,98.22810462929172,324.0,148.21884973594655,16.318535165444644,147.31779535107512,0.9601242264412613,0.9070326089859009,0.9890273213386536,0.0,0.0,0.0,1.0,0.0,1.0
SNPT-073,0,,1.0,0.0,0.0,1.0,1.0,0.885593220338983,0.8948228376333793,0.0,250.0,251.0,236.0,326.0,496.5,5.564583842156509,403.6483799882676,67.89713819527918,,1.0,0.0,0.0,1.0,0.9949748743718593,0.9386792452830188,0.8978337678477992,538.0,749.0,212.0,212.0,20.5,602.0,347.67059964015004,574.1263876633806,77.01898019664691,288.0,198.91312630665342,14.935416157843491,198.3516200117324,0.8815637135407715,0.7829453945159912,0.988512396812439,0.0,0.0,0.0,1.0,0.0,1.0
SNPT-073,1,,1.0,0.0,0.0,0.0,1.0,0.944,0.8741799706624727,0.0,249.0,250.0,250.0,554.5,404.5,19.499512209246525,399.41580754155063,59.57997545670667,,1.0,0.0,0.0,0.0,1.0,0.9504950495049505,0.8862714391822616,548.0,749.0,202.0,202.0,8.0,493.0,264.5520468210358,491.61951784925947,60.259867047664514,299.0,94.28806848775035,-11.499512209246525,93.58419245844937,0.9887173400097272,0.8586773872375488,0.9884027242660522,0.0,0.0,0.0,1.0,0.0,1.0
SNPT-074,1,,1.0,0.0,0.0,1.0,1.0,0.6938775510204082,0.8124377569731545,0.0,52.0,53.0,49.0,50.5,570.0,5.801334808922348,614.9625552205168,70.10622046158625,9.0,0.06921372417268538,0.903285073267447,0.2,1.0,0.9945054945054945,0.9837837837837838,0.8634008382047925,174.0,358.0,185.0,185.0,21.0,599.0,9.160348847158293,499.93215583532435,89.03662857836133,122.0,22.040929943142704,15.198665191077652,-15.962555220516833,0.7873862878791015,0.9632809162139893,0.9909524917602539,0.0,0.0,0.0,1.0,0.0,1.0
SNPT-074,1,,1.0,0.0,0.0,1.0,1.0,0.6938775510204082,0.8124377569731545,0.0,52.0,53.0,49.0,50.5,570.0,5.801334808922348,614.9625552205168,70.10622046158625,,1.0,0.0,0.0,1.0,1.0,0.8271604938271605,0.9046440533737639,669.0,749.0,81.0,81.0,12.0,526.0,153.23776383260724,505.09840023870424,93.56166112737081,617.0,89.17824668333968,6.198665191077652,-88.96255522051683,0.7493049996851452,0.8996516466140747,0.9829046726226807,0.0,0.0,0.0,1.0,0.0,1.0
SNPT-074,1,,1.0,0.0,0.0,0.0,1.0,0.803921568627451,0.6842659188479912,599.0,649.0,51.0,51.0,1900.5,416.5,1837.7143273359193,411.95125965324024,100.22252748767423,,1.0,0.0,0.0,0.0,1.0,1.0,0.6866182793270458,739.0,749.0,11.0,11.0,1898.5,438.5,1836.49321078004,434.8309531733833,72.42148175540153,90.0,66.33048782591939,60.78567266408072,26.548740346759757,1.3838784440529508,0.9503082036972046,0.9587833881378174,0.0,0.0,0.0,1.0,0.0,1.0
SNPT-074,1,,1.0,0.0,0.0,0.0,1.0,0.84,0.6884111725554174,0.0,174.0,175.0,175.0,1845.0,443.5,1785.324406185116,449.2549506169383,45.25040225558376,,1.0,0.0,0.0,0.0,1.0,0.803921568627451,0.6842659188479912,599.0,649.0,51.0,51.0,1900.5,416.5,1837.7143273359193,411.95125965324024,100.22252748767423,425.0,119.74265823226578,115.175593814884,-32.75495061693829,0.45149931247891184,0.8406055569648743,0.9471321105957031,0.0,0.0,0.0,1.0,0.0,1.0
SNPT-074,1,15.0,0.0025787196742730256,0.9968164781729381,0.16853932584269662,0.0,1.0,0.9606741573033708,0.8821701030982169,0.0,359.0,360.0,356.0,202.5,582.5,48.04646278522489,503.6394040537664,88.35523251223402,15.0,0.002325693709076404,0.9873231918346591,0.6212121212121212,0.0,1.0,0.8787878787878788,0.8428252884026232,669.0,734.0,66.0,66.0,23.5,688.0,16.914120652083838,701.1734568597465,138.77203141519192,310.0,185.98752155162677,-24.54646278522489,184.36059594623362,0.6366933712160203,0.9521889090538025,0.9815313816070557,1.0,0.0,1.0,1.0,0.0,1.0
SNPT-074,0,15.0,0.0025787196742730256,0.9968164781729381,0.16853932584269662,0.0,1.0,0.9606741573033708,0.8821701030982169,0.0,359.0,360.0,356.0,202.5,582.5,48.04646278522489,503.6394040537664,88.35523251223402,,1.0,0.0,0.0,0.0,1.0,0.803921568627451,0.6842659188479912,599.0,649.0,51.0,51.0,1900.5,416.5,1837.7143273359193,411.95125965324024,100.22252748767423,240.0,1854.501923233939,1852.4535372147752,-87.13940405376638,0.8815905438335738,0.6939601898193359,0.8909356594085693,0.0,0.0,0.0,1.0,0.0,1.0
SNPT-074,0,5.0,0.2367340613855049,0.8921905010938644,0.01098901098901099,0.0,1.0,0.8736263736263736,0.8866976840690997,0.0,363.0,364.0,364.0,214.5,518.0,10.601446274145799,445.1561799330508,68.1176478133925,8.0,0.00907081678486152,0.9711155353680901,0.5054945054945055,0.0,1.0,0.9560439560439561,0.8988754379338232,659.0,749.0,91.0,91.0,105.5,487.0,507.4062410128089,428.3515794223834,82.1070639262049,296.0,103.71422649306149,94.8985537258542,41.843820066949206,0.8296198226575776,0.8235716819763184,0.9920048713684082,0.0,1.0,0.0,1.0,0.0,1.0
SNPT-074,0,8.0,0.040326458718529724,0.9792705288848037,0.3479212253829322,0.0,1.0,0.9146608315098468,0.880333203305468,0.0,456.0,457.0,457.0,294.0,583.0,9.012872422788778,497.2435105496005,85.17818403416634,,1.0,0.0,0.0,1.0,1.0,0.8271604938271605,0.9046440533737639,669.0,749.0,81.0,81.0,12.0,526.0,153.23776383260724,505.09840023870424,93.56166112737081,213.0,28.91121956392489,2.987127577211222,28.7564894503995,0.9103962350370033,0.8441095352172852,0.9672268033027649,0.0,0.0,0.0,0.0,1.0,1.0
SNPT-074,0,,1.0,0.0,0.0,0.0,1.0,0.84,0.6884111725554174,0.0,174.0,175.0,175.0,1845.0,443.5,1785.324406185116,449.2549506169383,45.25040225558376,,1.0,0.0,0.0,1.0,1.0,0.8271604938271605,0.9046440533737639,669.0,749.0,81.0,81.0,12.0,526.0,153.23776383260724,505.09840023870424,93.56166112737081,495.0,1774.9842963183091,-1773.324406185116,76.74504938306171,0.48364257015468987,0.6750363111495972,0.8990423679351807,0.0,0.0,0.0,0.0,1.0,1.0
SNPT-074,1,,1.0,0.0,0.0,0.0,1.0,0.8811188811188811,0.8454985183382792,0.0,142.0,143.0,143.0,116.0,727.5,8.788693664996497,756.5631425783358,92.4236423899949,36.0,0.0254765057818989,0.9867532957505079,0.591796875,0.0,1.0,0.962890625,0.8690891355336559,166.0,749.0,584.0,512.0,22.5,735.0,1287.4840897803524,726.0315422367252,125.77018924573336,24.0,25.553258877605938,13.711306335003503,-21.563142578335828,0.734861281073649,0.9494812488555908,0.9761828184127808,0.0,0.0,0.0,1.0,0.0,1.0
SNPT-074,0,15.0,0.002325693709076404,0.9873231918346591,0.6212121212121212,0.0,1.0,0.8787878787878788,0.8428252884026232,669.0,734.0,66.0,66.0,23.5,688.0,16.914120652083838,701.1734568597465,138.77203141519192,,1.0,0.0,0.0,0.0,1.0,1.0,0.6866182793270458,739.0,749.0,11.0,11.0,1898.5,438.5,1836.49321078004,434.8309531733833,72.42148175540153,5.0,1899.832299520176,1881.5858793479163,-262.67345685974647,1.9161722192302653,0.5998508930206299,0.8948974609375,0.0,0.0,0.0,1.0,0.0,1.0
SNPT-074,0,,1.0,0.0,0.0,0.0,1.0,0.8811188811188811,0.8454985183382792,0.0,142.0,143.0,143.0,116.0,727.5,8.788693664996497,756.5631425783358,92.4236423899949,,1.0,0.0,0.0,1.0,1.0,0.8271604938271605,0.9046440533737639,669.0,749.0,81.0,81.0,12.0,526.0,153.23776383260724,505.09840023870424,93.56166112737081,527.0,230.58550519053716,3.2113063350035027,-230.56314257833583,0.987836698027126,0.772536039352417,0.9625777006149292,0.0,0.0,0.0,0.0,1.0,1.0
SNPT-074,1,8.0,0.040326458718529724,0.9792705288848037,0.3479212253829322,0.0,1.0,0.9146608315098468,0.880333203305468,0.0,456.0,457.0,457.0,294.0,583.0,9.012872422788778,497.2435105496005,85.17818403416634,8.0,0.00907081678486152,0.9711155353680901,0.5054945054945055,0.0,1.0,0.9560439560439561,0.8988754379338232,659.0,749.0,91.0,91.0,105.5,487.0,507.4062410128089,428.3515794223834,82.1070639262049,203.0,97.02935275719823,96.48712757721123,-10.2435105496005,1.0374038476241418,0.9573334455490112,0.9969982504844666,1.0,0.0,1.0,1.0,0.0,1.0
SNPT-074,0,9.0,0.06921372417268538,0.903285073267447,0.2,1.0,0.9945054945054945,0.9837837837837838,0.8634008382047925,174.0,358.0,185.0,185.0,21.0,599.0,9.160348847158293,499.93215583532435,89.03662857836133,15.0,0.002325693709076404,0.9873231918346591,0.6212121212121212,0.0,1.0,0.8787878787878788,0.8428252884026232,669.0,734.0,66.0,66.0,23.5,688.0,16.914120652083838,701.1734568597465,138.77203141519192,311.0,188.61373121788858,14.339651152841707,188.06784416467565,0.6416035541914978,0.7682629227638245,0.9496996998786926,0.0,1.0,1.0,0.0,1.0,1.0
SNPT-074,1,9.0,0.06921372417268538,0.903285073267447,0.2,1.0,0.9945054945054945,0.9837837837837838,0.8634008382047925,174.0,358.0,185.0,185.0,21.0,599.0,9.160348847158293,499.93215583532435,89.03662857836133,,1.0,0.0,0.0,1.0,1.0,0.8271604938271605,0.9046440533737639,669.0,749.0,81.0,81.0,12.0,526.0,153.23776383260724,505.09840023870424,93.56166112737081,311.0,26.222054039751526,2.839651152841707,26.06784416467565,0.9516358250325494,0.9349841475486755,0.9932489991188049,0.0,0.0,0.0,1.0,0.0,1.0
SNPT-074,0,5.0,0.2367340613855049,0.8921905010938644,0.01098901098901099,0.0,1.0,0.8736263736263736,0.8866976840690997,0.0,363.0,364.0,364.0,214.5,518.0,10.601446274145799,445.1561799330508,68.1176478133925,,1.0,0.0,0.0,1.0,1.0,0.8271604938271605,0.9046440533737639,669.0,749.0,81.0,81.0,12.0,526.0,153.23776383260724,505.09840023870424,93.56166112737081,306.0,80.85591626802184,1.3985537258542013,80.8438200669492,0.7280508596428196,0.7331811189651489,0.9649717211723328,0.0,0.0,0.0,0.0,1.0,1.0
SNPT-074,0,9.0,0.06921372417268538,0.903285073267447,0.2,1.0,0.9945054945054945,0.9837837837837838,0.8634008382047925,174.0,358.0,185.0,185.0,21.0,599.0,9.160348847158293,499.93215583532435,89.03662857836133,,1.0,0.0,0.0,0.0,1.0,1.0,0.6866182793270458,739.0,749.0,11.0,11.0,1898.5,438.5,1836.49321078004,434.8309531733833,72.42148175540153,381.0,1890.338125095327,1889.3396511528417,-61.43215583532435,1.2294229063011481,0.6066816449165344,0.9123411178588867,0.0,0.0,0.0,0.0,1.0,1.0
SNPT-074,1,,1.0,0.0,0.0,0.0,1.0,0.84,0.6884111725554174,0.0,174.0,175.0,175.0,1845.0,443.5,1785.324406185116,449.2549506169383,45.25040225558376,,1.0,0.0,0.0,0.0,1.0,1.0,0.6866182793270458,739.0,749.0,11.0,11.0,1898.5,438.5,1836.49321078004,434.8309531733833,72.42148175540153,565.0,113.68546080358908,113.175593814884,-10.754950616938288,0.6248201660442936,0.8318700790405273,0.9681946039199829,0.0,0.0,0.0,1.0,0.0,1.0
SNPT-075,1,5.0,0.023209197051113437,0.9899371655827219,0.39461883408071746,1.0,1.0,0.9417040358744395,0.7981635044018428,0.0,486.0,487.0,446.0,1018.0,547.0,10.177446285473017,535.8599437717934,115.91402725630766,5.0,0.0015432360660327768,0.9997183763528172,0.5231788079470199,1.0,1.0,0.7152317880794702,0.7805916043343367,599.0,749.0,151.0,151.0,13.0,484.5,155.3590351170351,475.50260338647774,73.8764058866688,113.0,51.43744388782522,2.8225537145269826,-51.35994377179338,1.5690263469791328,0.929611086845398,0.9821510314941406,1.0,0.0,1.0,1.0,0.0,1.0
SNPT-075,1,4.0,0.00022708942211332813,0.9999794978194121,0.9425287356321839,1.0,1.0,0.9425287356321839,0.835832004866949,0.0,173.0,174.0,174.0,159.5,561.5,8.393139610680546,483.33378930413926,121.96098568514921,,1.0,0.0,0.0,1.0,1.0,0.8823529411764706,0.756794559955597,219.0,286.0,68.0,68.0,25.416681055761444,436.55503143605426,15.660964580721568,406.2642867401271,104.31710542440017,46.0,49.78004772007868,17.023541445080898,-46.778757868084995,1.1691369808332706,0.9069331884384155,0.8650511503219604,0.0,0.0,0.0,1.0,0.0,1.0
SNPT-075,1,,1.0,0.0,0.0,1.0,1.0,0.8505338078291815,0.8250320730847793,0.0,280.0,281.0,281.0,512.0,299.0,4.4957643587673335,337.9984264760806,83.57028669776558,,1.0,0.0,0.0,1.0,0.9767441860465116,0.9247311827956989,0.7696747117957403,564.0,749.0,186.0,186.0,13.5,447.5,1178.603896355114,536.5058990671985,77.9395472468143,284.0,109.87115574024497,9.004235641232667,109.50157352391938,1.072244959713715,0.9140918254852295,0.9363820552825928,0.0,0.0,0.0,1.0,0.0,1.0
SNPT-075,0,8.0,0.0009244387494030627,0.9998600123751111,0.7979094076655052,1.0,1.0,0.7979094076655052,0.6595266214104198,0.0,286.0,287.0,287.0,755.0,590.0,14.587280862234886,560.5479964280034,130.99830218344192,,1.0,0.0,0.0,1.0,0.9767441860465116,0.9247311827956989,0.7696747117957403,564.0,749.0,186.0,186.0,13.5,447.5,1178.603896355114,536.5058990671985,77.9395472468143,278.0,113.05322496974273,-1.087280862234886,-113.04799642800344,1.6807680671867946,0.823555588722229,0.8418972492218018,0.0,0.0,0.0,1.0,0.0,1.0
SNPT-075,0,6.0,0.022376102092883748,0.9769043296575546,0.2777777777777778,0.0,0.9817518248175182,0.845679012345679,0.8101523057387693,0.0,323.0,324.0,324.0,1306.5,466.0,11.2455332933494,391.25199960067,100.80608146223781,,1.0,0.0,0.0,1.0,1.0,0.9333333333333333,0.7466685933726175,408.0,482.0,75.0,75.0,9.0,323.5,9.078830964057726,403.859003919604,93.90998746478921,85.0,67.78920171871569,-2.2455332933494,-67.75199960066999,1.0734330201037907,0.695467472076416,0.9309961795806885,0.0,0.0,0.0,0.0,1.0,1.0
SNPT-075,0,,1.0,0.0,0.0,1.0,1.0,0.8505338078291815,0.8250320730847793,0.0,280.0,281.0,281.0,512.0,299.0,4.4957643587673335,337.9984264760806,83.57028669776558,8.0,0.18480254563037307,0.9061537515372038,0.16494845360824742,1.0,1.0,0.9175257731958762,0.7908539477359043,382.0,478.0,97.0,97.0,8.485180175060169,531.7112414662206,6.9246778992142435,636.90036902007,134.37503932832738,102.0,193.75389061889695,3.9894158162928353,193.71281499013998,0.6219182306140414,0.7371690273284912,0.9227888584136963,0.0,0.0,0.0,1.0,0.0,1.0
SNPT-075,0,8.0,0.18480254563037307,0.9061537515372038,0.16494845360824742,1.0,1.0,0.9175257731958762,0.7908539477359043,382.0,478.0,97.0,97.0,8.485180175060169,531.7112414662206,6.9246778992142435,636.90036902007,134.37503932832738,,1.0,0.0,0.0,1.0,0.9767441860465116,0.9247311827956989,0.7696747117957403,564.0,749.0,186.0,186.0,13.5,447.5,1178.603896355114,536.5058990671985,77.9395472468143,86.0,189.51447080808308,6.5753221007857565,-189.40036902007,1.7240931475108077,0.8353949785232544,0.9883323311805725,0.0,0.0,0.0,1.0,0.0,1.0
SNPT-075,0,,1.0,0.0,0.0,1.0,1.0,0.8823529411764706,0.756794559955597,219.0,286.0,68.0,68.0,25.416681055761444,436.55503143605426,15.660964580721568,406.2642867401271,104.31710542440017,,1.0,0.0,0.0,1.0,1.0,0.9333333333333333,0.7466685933726175,408.0,482.0,75.0,75.0,9.0,323.5,9.078830964057726,403.859003919604,93.90998746478921,122.0,83.03189512920684,-6.6609645807215685,-82.76428674012709,1.1108201400145328,0.7966396808624268,0.9927062392234802,0.0,0.0,0.0,1.0,0.0,1.0
SNPT-075,1,8.0,0.0009244387494030627,0.9998600123751111,0.7979094076655052,1.0,1.0,0.7979094076655052,0.6595266214104198,0.0,286.0,287.0,287.0,755.0,590.0,14.587280862234886,560.5479964280034,130.99830218344192,8.0,0.18480254563037307,0.9061537515372038,0.16494845360824742,1.0,1.0,0.9175257731958762,0.7908539477359043,382.0,478.0,97.0,97.0,8.485180175060169,531.7112414662206,6.9246778992142435,636.90036902007,134.37503932832738,96.0,29.4753128825179,-6.102100687174717,-28.836754961782844,0.974870800695099,0.9346327185630798,0.8503710031509399,1.0,0.0,0.0,1.0,0.0,1.0
SNPT-075,0,,1.0,0.0,0.0,1.0,1.0,0.8823529411764706,0.756794559955597,219.0,286.0,68.0,68.0,25.416681055761444,436.55503143605426,15.660964580721568,406.2642867401271,104.31710542440017,,1.0,0.0,0.0,0.0,0.9973045822102425,0.9636363636363636,0.857825705143962,365.0,749.0,385.0,385.0,10.238886894949019,401.4464546835221,238.7276483298736,523.9908189337215,91.72062475134366,79.0,7.25330491267278,-5.42207768577255,-4.817832056604971,1.137335312610504,0.6595127582550049,0.9113864898681641,0.0,0.0,0.0,0.0,1.0,1.0
SNPT-075,1,,1.0,0.0,0.0,1.0,1.0,0.8505338078291815,0.8250320730847793,0.0,280.0,281.0,281.0,512.0,299.0,4.4957643587673335,337.9984264760806,83.57028669776558,,1.0,0.0,0.0,1.0,1.0,0.9333333333333333,0.7466685933726175,408.0,482.0,75.0,75.0,9.0,323.5,9.078830964057726,403.859003919604,93.90998746478921,128.0,15.181979745542618,4.5042356412326665,-14.498426476080624,0.8898977516006973,0.8169416189193726,0.9132100939750671,0.0,0.0,0.0,1.0,0.0,1.0
SNPT-075,1,,1.0,0.0,0.0,1.0,1.0,0.9333333333333333,0.7466685933726175,408.0,482.0,75.0,75.0,9.0,323.5,9.078830964057726,403.859003919604,93.90998746478921,,1.0,0.0,0.0,1.0,0.9767441860465116,0.9247311827956989,0.7696747117957403,564.0,749.0,186.0,186.0,13.5,447.5,1178.603896355114,536.5058990671985,77.9395472468143,82.0,43.86437363662582,4.421169035942274,43.64099608039601,1.2049080445309834,0.8986521363258362,0.9905955791473389,0.0,0.0,0.0,1.0,0.0,1.0
SNPT-075,0,,1.0,0.0,0.0,1.0,1.0,0.8505338078291815,0.8250320730847793,0.0,280.0,281.0,281.0,512.0,299.0,4.4957643587673335,337.9984264760806,83.57028669776558,8.0,0.0005718123401830444,0.9999437240453867,0.9727891156462585,1.0,1.0,0.9727891156462585,0.707032575057103,603.0,749.0,147.0,147.0,5.0,596.5,86.44582516669055,540.9825705892873,89.6111866759886,323.0,258.50206530688337,0.5042356412326665,258.5015735239194,0.9325876578326611,0.71764075756073,0.9219084978103638,0.0,0.0,0.0,1.0,0.0,1.0
SNPT-075,0,,1.0,0.0,0.0,1.0,1.0,0.8823529411764706,0.756794559955597,219.0,286.0,68.0,68.0,25.416681055761444,436.55503143605426,15.660964580721568,406.2642867401271,104.31710542440017,5.0,0.0015432360660327768,0.9997183763528172,0.5231788079470199,1.0,1.0,0.7152317880794702,0.7805916043343367,599.0,749.0,151.0,151.0,13.0,484.5,155.3590351170351,475.50260338647774,73.8764058866688,313.0,78.28095273935358,-2.6609645807215685,78.23571325987291,1.4120490049885395,0.7972779273986816,0.9312645196914673,0.0,0.0,0.0,1.0,0.0,1.0
SNPT-075,1,8.0,0.0009244387494030627,0.9998600123751111,0.7979094076655052,1.0,1.0,0.7979094076655052,0.6595266214104198,0.0,286.0,287.0,287.0,755.0,590.0,14.587280862234886,560.5479964280034,130.99830218344192,8.0,0.0005718123401830444,0.9999437240453867,0.9727891156462585,1.0,1.0,0.9727891156462585,0.707032575057103,603.0,749.0,147.0,147.0,5.0,596.5,86.44582516669055,540.9825705892873,89.6111866759886,317.0,37.208366198641784,-9.587280862234886,35.952003571996556,1.461852108454926,0.9342490434646606,0.9639495611190796,1.0,0.0,1.0,1.0,0.0,1.0
SNPT-075,1,8.0,0.18480254563037307,0.9061537515372038,0.16494845360824742,1.0,1.0,0.9175257731958762,0.7908539477359043,382.0,478.0,97.0,97.0,8.485180175060169,531.7112414662206,6.9246778992142435,636.90036902007,134.37503932832738,8.0,0.0005718123401830444,0.9999437240453867,0.9727891156462585,1.0,1.0,0.9727891156462585,0.707032575057103,603.0,749.0,147.0,147.0,5.0,596.5,86.44582516669055,540.9825705892873,89.6111866759886,125.0,40.44618896723838,-1.9246778992142435,-40.40036902007,1.4995342022887561,0.9503586888313293,0.903275728225708,1.0,0.0,0.0,1.0,0.0,1.0
SNPT-076,1,,1.0,0.0,0.0,0.0,1.0,0.8581081081081081,0.8657551159070233,0.0,591.0,592.0,592.0,55.0,539.0,6.802248676722007,658.71368270834,88.29944419341977,,1.0,0.0,0.0,0.0,1.0,0.6206896551724138,0.8180637458960215,663.0,749.0,87.0,87.0,20.0,614.0,229.4217583915954,573.6967734483758,84.75656285279719,72.0,46.62074711255912,13.197751323277993,-44.71368270834,1.0418006726721063,0.9391955733299255,0.9753261208534241,0.0,0.0,0.0,1.0,0.0,1.0
SNPT-076,1,,1.0,0.0,0.0,1.0,0.9962264150943396,0.8079268292682927,0.8527739039007223,174.0,501.0,328.0,328.0,11.5,652.0,7.550470452575292,694.9774195674356,85.69532614974872,,1.0,0.0,0.0,1.0,1.0,0.9230769230769231,0.8565268445582617,659.0,749.0,91.0,91.0,7.5,662.0,321.57001206014695,591.7405214076241,94.2871980333763,158.0,32.97745818878812,-0.0504704525752917,-32.97741956743562,0.9088755200829473,0.9390063881874084,0.9915141463279724,0.0,0.0,0.0,1.0,0.0,1.0
SNPT-076,0,5.0,8.195228292606771e-05,0.9999943971633911,0.0019723865877712033,1.0,1.0,0.777120315581854,0.8608373334311475,0.0,506.0,507.0,507.0,1132.5,634.5,25.49404928908479,1072.6679757148404,100.53943532702566,,1.0,0.0,0.0,1.0,1.0,0.9230769230769231,0.8565268445582617,659.0,749.0,91.0,91.0,7.5,662.0,321.57001206014695,591.7405214076241,94.2871980333763,153.0,411.0620051616821,-17.99404928908479,-410.6679757148404,1.0663105641492936,0.8346098065376282,0.9607917070388794,0.0,0.0,0.0,1.0,0.0,1.0
SNPT-076,1,,1.0,0.0,0.0,0.0,1.0,0.8729508196721312,0.8062215788823338,231.0,474.0,244.0,244.0,15.0,741.5,7.554865152537852,804.4795624884223,89.93137379609183,,1.0,0.0,0.0,0.0,1.0,0.9178082191780822,0.8703909587504258,677.0,749.0,73.0,73.0,8.0,739.5,173.97246730795604,691.1893919962529,107.93320475127874,203.0,64.9810871424848,0.44513484746214793,-64.97956248842229,0.8332132266741239,0.9618401527404785,0.9811950922012329,0.0,0.0,0.0,1.0,0.0,1.0
SNPT-076,0,,1.0,0.0,0.0,1.0,0.9962264150943396,0.8079268292682927,0.8527739039007223,174.0,501.0,328.0,328.0,11.5,652.0,7.550470452575292,694.9774195674356,85.69532614974872,,1.0,0.0,0.0,0.0,1.0,0.9178082191780822,0.8703909587504258,677.0,749.0,73.0,73.0,8.0,739.5,173.97246730795604,691.1893919962529,107.93320475127874,176.0,44.524849749192555,0.4495295474247083,44.52258043256438,0.7939662900515649,0.7994320392608643,0.9589657187461853,0.0,0.0,0.0,0.0,1.0,1.0
SNPT-076,0,,1.0,0.0,0.0,0.0,1.0,0.8729508196721312,0.8062215788823338,231.0,474.0,244.0,244.0,15.0,741.5,7.554865152537852,804.4795624884223,89.93137379609183,,1.0,0.0,0.0,1.0,1.0,0.9230769230769231,0.8565268445582617,659.0,749.0,91.0,91.0,7.5,662.0,321.57001206014695,591.7405214076241,94.2871980333763,185.0,142.47957305198943,-0.05486515253785207,-142.4795624884223,0.9538025911455915,0.7926139831542969,0.9368727207183838,0.0,0.0,0.0,0.0,1.0,1.0
SNPT-077,1,,1.0,0.0,0.0,1.0,1.0,0.9638095238095238,0.8513691665626797,0.0,524.0,525.0,525.0,1032.0,534.5,1898.710671089651,1011.3293487003989,129.9509444994368,6.0,0.11539961374364793,0.9712290018796921,0.4444444444444444,1.0,1.0,0.8888888888888888,0.8217704147100449,741.0,749.0,9.0,9.0,1908.5,952.5,1832.2265004941803,912.785377264014,191.8902894967755,217.0,59.638269835971265,9.789328910349013,-58.829348700398896,0.6772148024802499,0.9273079633712769,0.978403627872467,0.0,0.0,0.0,1.0,0.0,1.0
SNPT-077,0,,1.0,0.0,0.0,0.0,1.0,0.8568702290076335,0.8684816177278957,0.0,523.0,524.0,524.0,1464.0,111.5,1906.1813958137068,573.6957718462219,85.76946501126152,6.0,0.11539961374364793,0.9712290018796921,0.4444444444444444,1.0,1.0,0.8888888888888888,0.8217704147100449,741.0,749.0,9.0,9.0,1908.5,952.5,1832.2265004941803,912.785377264014,191.8902894967755,218.0,378.81132400253335,2.3186041862932143,378.8042281537781,0.4469713670044923,0.7572469711303711,0.9297282099723816,0.0,0.0,0.0,0.0,1.0,1.0
SNPT-077,1,17.0,0.09579363725840397,0.9490104948773104,0.02992957746478873,1.0,1.0,0.8644366197183099,0.862823285420412,0.0,567.0,568.0,568.0,1416.0,786.0,1910.2993920621382,702.262019117312,147.37784926851796,11.0,0.24132271261403634,0.8621708580425808,0.6829268292682927,1.0,1.0,0.8780487804878049,0.8382986088593801,637.0,677.0,41.0,41.0,1911.0,612.0,1909.2622529434152,570.405464844969,122.5340992832637,70.0,90.26473811304494,0.7006079378618324,-90.26201911731198,1.202749684623075,0.8545433282852173,0.9793704748153687,0.0,1.0,0.0,1.0,0.0,1.0
SNPT-077,0,,1.0,0.0,0.0,0.0,1.0,0.8536585365853658,0.7800047397613525,0.0,81.0,82.0,82.0,1894.0,402.5,1913.4538253645915,485.5643040622227,147.28690749870492,,1.0,0.0,0.0,1.0,1.0,0.9137254901960784,0.8296279792110296,163.0,417.0,255.0,255.0,1892.0,364.5,1912.937720230971,494.8615750247749,81.59839710880327,82.0,122.95052802182141,-21.453825364591466,-121.06430406222267,1.8050220680476434,0.7189484238624573,0.9274121522903442,0.0,0.0,0.0,0.0,1.0,1.0
SNPT-077,1,,1.0,0.0,0.0,0.0,1.0,0.9278350515463918,0.7922043793731266,0.0,96.0,97.0,97.0,105.5,345.0,8.620241935147583,320.8892897602526,149.30101783406346,36.0,0.07995946707269468,0.9051403977252819,0.04671280276816609,0.0,0.958974358974359,0.6747404844290658,0.9174716008015168,157.0,749.0,593.0,578.0,31.5,420.5,241.69681057163234,555.4980162470731,84.41815792574745,61.0,102.20458367203055,22.879758064852417,99.61071023974739,1.7685889090992213,0.9480006694793701,0.9661787748336792,0.0,0.0,0.0,1.0,0.0,1.0
SNPT-077,0,8.0,0.002295550211177518,0.9997603495915731,0.061855670103092786,1.0,1.0,0.9072164948453608,0.853668363256888,170.0,266.0,97.0,97.0,1911.0,571.0,1913.5382941869748,684.3673313805848,93.97074067201368,11.0,0.24132271261403634,0.8621708580425808,0.6829268292682927,1.0,1.0,0.8780487804878049,0.8382986088593801,637.0,677.0,41.0,41.0,1911.0,612.0,1909.2622529434152,570.405464844969,122.5340992832637,371.0,72.41183320788808,-2.538294186974781,-72.3673313805848,0.7668946131866549,0.8193989396095276,0.9727938175201416,0.0,1.0,0.0,1.0,0.0,1.0
SNPT-077,1,,1.0,0.0,0.0,0.0,1.0,0.8536585365853658,0.7800047397613525,0.0,81.0,82.0,82.0,1894.0,402.5,1913.4538253645915,485.5643040622227,147.28690749870492,,1.0,0.0,0.0,0.0,1.0,0.8130311614730878,0.902398409536076,152.0,504.0,353.0,353.0,1905.0,430.0,1907.835036927024,853.5768939558982,120.64068162024401,71.0,56.20372807220305,-8.453825364591466,-55.564304062222675,1.2208726403116539,0.9148929119110107,0.9589622616767883,0.0,0.0,0.0,1.0,0.0,1.0
SNPT-077,0,,1.0,0.0,0.0,1.0,0.9584487534626038,0.7134387351778656,0.8058925564117854,0.0,505.0,506.0,506.0,1875.0,26.5,1907.118918959307,440.18405213172525,58.224755090605726,6.0,0.11539961374364793,0.9712290018796921,0.4444444444444444,1.0,1.0,0.8888888888888888,0.8217704147100449,741.0,749.0,9.0,9.0,1908.5,952.5,1832.2265004941803,912.785377264014,191.8902894967755,236.0,512.3178093966769,1.3810810406930614,512.3159478682747,0.3034273138223815,0.8058449029922485,0.9619729518890381,0.0,0.0,0.0,1.0,0.0,1.0
SNPT-097,1,,1.0,0.0,0.0,0.0,1.0,0.9304347826086956,0.8773437766271217,0.0,114.0,115.0,115.0,379.0,378.0,6.131847063681684,587.2652957952496,102.19615301607666,14.0,0.06305262626293497,0.9271562956273556,0.43243243243243246,0.0,1.0,0.8423423423423423,0.901139385878721,210.0,534.0,325.0,222.0,8.5,720.0,4.9793301323637325,750.4917688094697,134.34402594002026,96.0,132.75582792726044,2.3681529363183156,132.73470420475041,0.7607048568107043,0.9466450810432434,0.9839821457862854,0.0,0.0,0.0,1.0,0.0,1.0
SNPT-097,1,33.0,0.0166146012725953,0.984024160363701,0.15265866209262435,0.0,0.9729206963249516,0.8867924528301887,0.8751509620788249,0.0,582.0,583.0,583.0,783.5,298.5,9.586897129391133,487.1702905010725,81.62471703744166,33.0,0.014656383706236599,0.9973650070337149,0.3023255813953488,0.0,1.0,0.8837209302325582,0.9041352648484079,707.0,749.0,43.0,43.0,6.0,548.5,595.2953995776583,516.7558156700564,93.55517452266734,125.0,61.43451064539925,-3.586897129391133,61.329709498927514,0.8724767759122177,0.9135717153549194,0.9841489791870117,1.0,0.0,1.0,1.0,0.0,1.0
SNPT-097,0,62.0,0.005574405528597719,0.9895929652075786,0.8951747088186356,0.0,1.0,0.940099833610649,0.7519266142254382,0.0,600.0,601.0,601.0,1334.5,764.0,14.449869971307475,1014.1802371202964,180.31293418385434,24.0,0.019241649148170836,0.9162320196628571,0.375,0.0,1.0,0.75,0.9314072479804357,690.0,749.0,60.0,16.0,5.5,856.0,168.33469857517605,777.2976397477407,106.3124647369761,90.0,158.4332275374598,-8.949869971307475,-158.1802371202964,1.6960657871112308,0.8534574508666992,0.9179333448410034,0.0,1.0,1.0,1.0,0.0,1.0
SNPT-097,1,16.0,0.06253642743031378,0.967203268638024,0.0436241610738255,1.0,1.0,0.9865771812080537,0.8518202754915977,0.0,297.0,298.0,298.0,709.5,362.0,14.9411492343657,666.6485652618339,106.14033366113256,16.0,0.00032163847389652956,0.993629212472953,0.33774834437086093,1.0,0.9634146341463414,0.543046357615894,0.7668244550625484,346.0,525.0,180.0,151.0,9.297426569609797,634.6240561885382,13.185474348215752,633.4375067421277,127.49015177006343,49.0,32.518007117630646,-5.643722664755902,-32.02450907329569,0.8325375112311685,0.9464288949966431,0.9737744927406311,1.0,0.0,1.0,1.0,0.0,1.0
SNPT-097,0,10.0,0.018929961039233518,0.9922385891701313,0.39965986394557823,1.0,0.9920792079207921,0.858843537414966,0.8505368747333489,0.0,587.0,588.0,588.0,454.0,544.0,12.872303094855837,763.5252856801711,123.9338971622832,24.0,0.019241649148170836,0.9162320196628571,0.375,0.0,1.0,0.75,0.9314072479804357,690.0,749.0,60.0,16.0,5.5,856.0,168.33469857517605,777.2976397477407,106.3124647369761,103.0,92.76811759142461,-7.3723030948558375,92.47471431982888,1.1657513299960045,0.7167984247207642,0.8991112112998962,0.0,1.0,1.0,0.0,1.0,1.0
SNPT-097,0,16.0,0.06253642743031378,0.967203268638024,0.0436241610738255,1.0,1.0,0.9865771812080537,0.8518202754915977,0.0,297.0,298.0,298.0,709.5,362.0,14.9411492343657,666.6485652618339,106.14033366113256,33.0,0.014656383706236599,0.9973650070337149,0.3023255813953488,0.0,1.0,0.8837209302325582,0.9041352648484079,707.0,749.0,43.0,43.0,6.0,548.5,595.2953995776583,516.7558156700564,93.55517452266734,410.0,118.48640269271841,-8.9411492343657,-118.14856526183394,1.134521251258165,0.71190345287323,0.8993044495582581,0.0,1.0,1.0,0.0,1.0,1.0
SNPT-098,1,33.0,0.006973450799255307,0.9965283574171402,0.9476190476190476,0.0,1.0,0.9523809523809523,0.8166840061545372,227.0,436.0,210.0,210.0,1893.0,984.0,22.02116332071845,983.1148692165725,167.76869027200016,33.0,0.0019058498882901296,0.9971097219321463,0.6545454545454545,0.0,1.0,0.8,0.8036011911251328,640.0,749.0,110.0,110.0,401.5,1070.5,1382.7955400600717,985.6696434814008,108.16618877128846,204.0,389.41025740149365,379.4788366792815,87.38513078342748,1.5510271017012345,0.8669888973236084,0.9870078563690186,1.0,0.0,1.0,1.0,0.0,1.0
SNPT-098,0,10.0,0.013993988520171452,0.9951584961103357,0.913151364764268,0.0,1.0,0.9454094292803971,0.9179026603385845,298.0,700.0,403.0,403.0,1911.0,710.0,1901.2738477547664,724.3586464384468,137.76682359910237,,1.0,0.0,0.0,1.0,1.0,0.6666666666666666,0.8568638116121292,712.0,717.0,6.0,6.0,1907.6046914480435,780.0480046164308,1907.4809477004933,780.3061435381612,37.729134315867405,12.0,56.04805256335405,6.330843693277075,55.68935817798399,3.6514705703481516,0.6766963005065918,0.8178740739822388,0.0,0.0,0.0,0.0,1.0,1.0
SNPT-098,1,,1.0,0.0,0.0,1.0,1.0,0.9411764705882353,0.8822168298065662,0.0,135.0,136.0,136.0,1463.5,619.5,1912.477401986348,766.9328815430301,115.98346812728535,14.0,0.0006463406469495577,0.9985342565036955,0.39622641509433965,1.0,1.0,0.8962264150943396,0.9115050300171501,227.0,438.0,212.0,212.0,1906.0,655.0,9.04782156642155,498.08863343691627,95.7415218971149,92.0,112.1201440733054,-6.4774019863480135,-111.93288154303013,1.2114228584325484,0.918971061706543,0.9868852496147156,0.0,0.0,0.0,1.0,0.0,1.0
SNPT-098,0,,1.0,0.0,0.0,1.0,1.0,0.9411764705882353,0.8822168298065662,0.0,135.0,136.0,136.0,1463.5,619.5,1912.477401986348,766.9328815430301,115.98346812728535,6.0,0.14405810793539722,0.8133759533411988,0.6114285714285714,1.0,1.0,0.9714285714285714,0.8905408631352817,575.0,749.0,175.0,175.0,16.5,820.5,1318.0711259364598,809.1981860046203,171.76110948462346,440.0,1896.7339679097554,-1895.977401986348,53.567118456969865,0.6752603571046943,0.6650505065917969,0.9669594764709473,0.0,0.0,0.0,1.0,0.0,1.0
SNPT-098,1,,1.0,0.0,0.0,1.0,1.0,0.6666666666666666,0.8568638116121292,712.0,717.0,6.0,6.0,1907.6046914480435,780.0480046164308,1907.4809477004933,780.3061435381612,37.729134315867405,14.0,0.011290763256542062,0.9846444842525017,0.5217391304347826,0.0,1.0,0.919732441471572,0.8892715694687583,413.0,711.0,299.0,299.0,1912.5,615.0,1903.2936824029184,750.8500911359823,132.60441868319052,1.0,29.51445324919482,4.311009045125047,29.197913480448506,0.28452395998965385,0.645269513130188,0.8415682911872864,0.0,0.0,0.0,0.0,1.0,1.0
SNPT-098,1,16.0,0.07370953321892557,0.9253747041026751,0.2830188679245283,0.0,1.0,0.9339622641509434,0.8766612094460111,251.0,462.0,212.0,212.0,1911.0,599.5,9.359725950942224,604.4286876120163,95.42155199933833,16.0,0.037076046286326096,0.9350203873279194,0.909952606635071,0.0,1.0,0.985781990521327,0.8676125596349056,539.0,749.0,211.0,211.0,10.4395791561372,680.4760196853272,1355.2567588647544,647.3174439676485,132.56460932758733,77.0,76.05499851037524,1.0798532051949756,76.04733207331083,0.7198116637868042,0.8717835545539856,0.954571545124054,1.0,0.0,1.0,1.0,0.0,1.0
SNPT-098,0,,1.0,0.0,0.0,0.0,1.0,0.9754098360655737,0.8394912671642143,0.0,121.0,122.0,122.0,1512.5,416.0,1909.4250764432136,478.39726442475495,62.32042604397677,6.0,0.00010111830220298508,0.9999893758240648,0.8881118881118881,1.0,1.0,0.9300699300699301,0.8445443233152977,345.0,487.0,143.0,143.0,1910.5,637.5,7.368774817904052,759.1928306887814,132.7090547995296,224.0,159.1063667116413,1.0749235567864162,159.10273557524505,0.46960191328404866,0.5929016470909119,0.8945664167404175,0.0,0.0,0.0,0.0,1.0,1.0
SNPT-098,1,,1.0,0.0,0.0,1.0,1.0,0.9411764705882353,0.8822168298065662,0.0,135.0,136.0,136.0,1463.5,619.5,1912.477401986348,766.9328815430301,115.98346812728535,14.0,0.018197448647991474,0.9701811603847004,0.984375,1.0,1.0,0.984375,0.9625092702252525,622.0,749.0,128.0,128.0,12.0,634.0,865.8505690038504,524.2610919484443,123.81482466661525,487.0,1905.1208640021011,-1900.477401986348,-132.93288154303013,0.9367494436920888,0.7688862085342407,0.9673753380775452,0.0,0.0,0.0,1.0,0.0,1.0
SNPT-098,0,6.0,0.00010111830220298508,0.9999893758240648,0.8881118881118881,1.0,1.0,0.9300699300699301,0.8445443233152977,345.0,487.0,143.0,143.0,1910.5,637.5,7.368774817904052,759.1928306887814,132.7090547995296,36.0,0.10462047129626359,0.8613010843594869,0.5714285714285714,1.0,1.0,0.8809523809523809,0.8956885063970411,708.0,749.0,42.0,42.0,11.0,982.5,526.8457673323907,945.6569741276509,196.61356015615613,221.0,223.33669125809203,3.631225182095948,223.30716931121856,0.6749740694086831,0.8236984014511108,0.9515449404716492,0.0,1.0,1.0,1.0,0.0,1.0
SNPT-098,1,33.0,0.0007072649519669181,0.9898514705044883,0.4666666666666667,0.0,1.0,0.9466666666666667,0.8455707980713374,0.0,149.0,150.0,150.0,1058.0,715.0,1908.8816718675512,925.651210487243,127.29633585623752,33.0,0.0019058498882901296,0.9971097219321463,0.6545454545454545,0.0,1.0,0.8,0.8036011911251328,640.0,749.0,110.0,110.0,401.5,1070.5,1382.7955400600717,985.6696434814008,108.16618877128846,491.0,1514.325155475377,-1507.3816718675512,144.84878951275698,1.1768588438056065,0.8979986906051636,0.9447728395462036,1.0,0.0,1.0,1.0,0.0,1.0
SNPT-098,1,36.0,0.030283762503289312,0.9726880944450857,0.6144278606965174,1.0,1.0,0.9800995024875622,0.9065588275490678,0.0,401.0,402.0,402.0,741.5,590.5,20.275383266506083,772.2849851820458,118.12708277950635,36.0,0.10462047129626359,0.8613010843594869,0.5714285714285714,1.0,1.0,0.8809523809523809,0.8956885063970411,708.0,749.0,42.0,42.0,11.0,982.5,526.8457673323907,945.6569741276509,196.61356015615613,307.0,210.4195456454872,-9.275383266506083,210.21501481795417,0.600808421787828,0.9255800247192383,0.9831174612045288,1.0,0.0,1.0,1.0,0.0,1.0
SNPT-098,1,24.0,0.003455201164456412,0.9994544587456263,0.9203539823008849,1.0,1.0,0.9203539823008849,0.8715043090856992,407.0,519.0,113.0,113.0,1904.0,1006.0,1912.1525467468568,964.4890950573651,173.69078163442325,24.0,0.037897998156025396,0.9583671739468208,0.7647058823529411,1.0,1.0,0.9294117647058824,0.8974773053881488,665.0,749.0,85.0,85.0,1911.5916213124447,887.7401095228065,1589.6931514125695,883.2991402968917,179.45929339929344,146.0,76.75103528895791,-0.5609254344121837,-76.74898553455864,0.9678561546989078,0.887026309967041,0.9370265007019043,1.0,0.0,1.0,1.0,0.0,1.0
SNPT-098,0,,1.0,0.0,0.0,,0.0,0.0,0.527433099933699,0.0,261.0,262.0,262.0,286.5,435.0,4.6422395689513465,476.7414762162622,68.95503699147785,3.0,0.1930117400895272,0.8679121732711792,0.2826086956521739,1.0,1.0,0.9347826086956522,0.8710007917049319,704.0,749.0,46.0,46.0,16.5,822.5,673.0966657557432,814.3832796333213,180.37903885381903,443.0,345.9617944969498,11.857760431048654,345.7585237837378,0.38227854760529967,0.6533259153366089,0.9328886270523071,0.0,0.0,0.0,0.0,0.0,0.0
SNPT-098,1,36.0,0.10704240610357374,0.9828022718429565,0.0024509803921568627,1.0,1.0,0.9509803921568627,0.8694665107837657,0.0,407.0,408.0,408.0,1080.5,371.0,19.307343957102972,565.7220205846335,78.07760194933034,3.0,0.1930117400895272,0.8679121732711792,0.2826086956521739,1.0,1.0,0.9347826086956522,0.8710007917049319,704.0,749.0,46.0,46.0,16.5,822.5,673.0966657557432,814.3832796333213,180.37903885381903,297.0,256.79332524957084,-2.8073439571029724,256.77797941536653,0.43285296587374106,0.8730941414833069,0.9657350778579712,0.0,1.0,0.0,1.0,0.0,1.0
SNPT-098,1,33.0,0.0007072649519669181,0.9898514705044883,0.4666666666666667,0.0,1.0,0.9466666666666667,0.8455707980713374,0.0,149.0,150.0,150.0,1058.0,715.0,1908.8816718675512,925.651210487243,127.29633585623752,33.0,0.006973450799255307,0.9965283574171402,0.9476190476190476,0.0,1.0,0.9523809523809523,0.8166840061545372,227.0,436.0,210.0,210.0,1893.0,984.0,22.02116332071845,983.1148692165725,167.76869027200016,78.0,60.471553137922506,-15.881671867551177,58.34878951275698,0.7587609800723509,0.9464881420135498,0.963365912437439,1.0,0.0,1.0,1.0,0.0,1.0
SNPT-098,0,24.0,0.003455201164456412,0.9994544587456263,0.9203539823008849,1.0,1.0,0.9203539823008849,0.8715043090856992,407.0,519.0,113.0,113.0,1904.0,1006.0,1912.1525467468568,964.4890950573651,173.69078163442325,3.0,0.1930117400895272,0.8679121732711792,0.2826086956521739,1.0,1.0,0.9347826086956522,0.8710007917049319,704.0,749.0,46.0,46.0,16.5,822.5,673.0966657557432,814.3832796333213,180.37903885381903,185.0,1900.9627774112396,-1895.6525467468568,-141.98909505736515,0.9629210951455617,0.6793156266212463,0.8600144386291504,0.0,1.0,0.0,1.0,0.0,1.0
SNPT-098,0,,1.0,0.0,0.0,1.0,1.0,0.9411764705882353,0.8822168298065662,0.0,135.0,136.0,136.0,1463.5,619.5,1912.477401986348,766.9328815430301,115.98346812728535,6.0,0.00010111830220298508,0.9999893758240648,0.8881118881118881,1.0,1.0,0.9300699300699301,0.8445443233152977,345.0,487.0,143.0,143.0,1910.5,637.5,7.368774817904052,759.1928306887814,132.7090547995296,210.0,129.44798547350084,-1.9774019863480135,-129.43288154303013,0.8739680069494131,0.7363783121109009,0.9634981751441956,0.0,0.0,0.0,1.0,0.0,1.0
SNPT-098,0,,1.0,0.0,0.0,,0.0,0.0,0.527433099933699,0.0,261.0,262.0,262.0,286.5,435.0,4.6422395689513465,476.7414762162622,68.95503699147785,36.0,0.10462047129626359,0.8613010843594869,0.5714285714285714,1.0,1.0,0.8809523809523809,0.8956885063970411,708.0,749.0,42.0,42.0,11.0,982.5,526.8457673323907,945.6569741276509,196.61356015615613,447.0,505.79848309144256,6.3577604310486535,505.7585237837378,0.35071353642501457,0.6211463212966919,0.9380900859832764,0.0,0.0,0.0,0.0,0.0,0.0
SNPT-098,0,14.0,0.0006463406469495577,0.9985342565036955,0.39622641509433965,1.0,1.0,0.8962264150943396,0.9115050300171501,227.0,438.0,212.0,212.0,1906.0,655.0,9.04782156642155,498.08863343691627,95.7415218971149,,1.0,0.0,0.0,1.0,0.6170212765957447,0.7966101694915254,0.7755668936891759,518.0,576.0,59.0,59.0,1903.5,613.5,1910.1209322951536,621.9001973622521,117.04887836746474,80.0,1897.9643937396954,1894.4521784335784,115.41136656308373,0.8179618910703504,0.6967422962188721,0.9380296468734741,0.0,0.0,0.0,1.0,0.0,0.0
SNPT-098,0,20.0,0.0005924525317164874,0.9999439855294725,0.8316326530612245,0.0,1.0,0.9693877551020408,0.7073213464335392,432.0,627.0,196.0,196.0,1910.0,719.5,1909.9300147062586,736.7400626749534,129.60411019531423,3.0,0.1930117400895272,0.8679121732711792,0.2826086956521739,1.0,1.0,0.9347826086956522,0.8710007917049319,704.0,749.0,46.0,46.0,16.5,822.5,673.0966657557432,814.3832796333213,180.37903885381903,77.0,1895.3712004355607,-1893.4300147062586,85.75993732504662,0.7185098169879189,0.6428331136703491,0.7974818348884583,0.0,1.0,0.0,0.0,1.0,1.0
SNPT-098,0,33.0,0.0007072649519669181,0.9898514705044883,0.4666666666666667,0.0,1.0,0.9466666666666667,0.8455707980713374,0.0,149.0,150.0,150.0,1058.0,715.0,1908.8816718675512,925.651210487243,127.29633585623752,24.0,0.003455201164456412,0.9994544587456263,0.9203539823008849,1.0,1.0,0.9203539823008849,0.8715043090856992,407.0,519.0,113.0,113.0,1904.0,1006.0,1912.1525467468568,964.4890950573651,173.69078163442325,258.0,80.49694836692734,-4.8816718675511765,80.34878951275698,0.7328905694267948,0.7349743247032166,0.8536330461502075,0.0,1.0,1.0,0.0,1.0,1.0
SNPT-098,1,14.0,0.0006463406469495577,0.9985342565036955,0.39622641509433965,1.0,1.0,0.8962264150943396,0.9115050300171501,227.0,438.0,212.0,212.0,1906.0,655.0,9.04782156642155,498.08863343691627,95.7415218971149,14.0,0.018197448647991474,0.9701811603847004,0.984375,1.0,1.0,0.984375,0.9625092702252525,622.0,749.0,128.0,128.0,12.0,634.0,865.8505690038504,524.2610919484443,123.81482466661525,184.0,135.94342543333457,2.9521784335784496,135.91136656308373,0.7732638006386493,0.8766891956329346,0.9748216867446899,1.0,0.0,1.0,1.0,0.0,1.0
SNPT-098,1,6.0,0.00010111830220298508,0.9999893758240648,0.8881118881118881,1.0,1.0,0.9300699300699301,0.8445443233152977,345.0,487.0,143.0,143.0,1910.5,637.5,7.368774817904052,759.1928306887814,132.7090547995296,6.0,0.14405810793539722,0.8133759533411988,0.6114285714285714,1.0,1.0,0.9714285714285714,0.8905408631352817,575.0,749.0,175.0,175.0,16.5,820.5,1318.0711259364598,809.1981860046203,171.76110948462346,88.0,61.983451680916914,9.131225182095948,61.30716931121856,0.772637386878373,0.8471379280090332,0.9483103156089783,1.0,0.0,1.0,1.0,0.0,1.0
SNPT-098,0,,1.0,0.0,0.0,1.0,0.6170212765957447,0.7966101694915254,0.7755668936891759,518.0,576.0,59.0,59.0,1903.5,613.5,1910.1209322951536,621.9001973622521,117.04887836746474,33.0,0.0019058498882901296,0.9971097219321463,0.6545454545454545,0.0,1.0,0.8,0.8036011911251328,640.0,749.0,110.0,110.0,401.5,1070.5,1382.7955400600717,985.6696434814008,108.16618877128846,64.0,1573.9056198786905,-1508.6209322951536,448.59980263774787,1.0821207597039242,0.7575480341911316,0.776053786277771,0.0,0.0,0.0,0.0,1.0,0.0
SNPT-098,0,16.0,0.07370953321892557,0.9253747041026751,0.2830188679245283,0.0,1.0,0.9339622641509434,0.8766612094460111,251.0,462.0,212.0,212.0,1911.0,599.5,9.359725950942224,604.4286876120163,95.42155199933833,24.0,0.037897998156025396,0.9583671739468208,0.7647058823529411,1.0,1.0,0.9294117647058824,0.8974773053881488,665.0,749.0,85.0,85.0,1911.5916213124447,887.7401095228065,1589.6931514125695,883.2991402968917,179.45929339929344,203.0,1923.2138584972104,1902.2318953615024,283.31142191079016,0.5317169715308487,0.6793004274368286,0.8882226943969727,0.0,1.0,1.0,0.0,1.0,1.0
SNPT-098,1,,1.0,0.0,0.0,0.0,1.0,0.9754098360655737,0.8394912671642143,0.0,121.0,122.0,122.0,1512.5,416.0,1909.4250764432136,478.39726442475495,62.32042604397677,20.0,0.4170553703249122,0.8694858103990555,0.014134275618374558,0.0,1.0,0.9611307420494699,0.8462890642969048,195.0,477.0,283.0,283.0,1911.5,510.5,13.59923414595849,545.3953293096488,75.74957284741562,74.0,32.1697208439957,2.074923556786416,32.10273557524505,0.8227165342504368,0.9615427255630493,0.9929091334342957,0.0,0.0,0.0,1.0,0.0,1.0
SNPT-099,0,14.0,0.10439642667430842,0.9060424073882725,0.09163346613545817,0.0,1.0,0.9123505976095617,0.8686962877298546,165.0,415.0,251.0,251.0,12.0,579.5,1894.1183781016985,503.1596027083944,98.29957851780257,33.0,0.5810169734759256,0.7677418523364596,0.0743801652892562,1.0,1.0,0.9586776859504132,0.8881652514482367,629.0,749.0,121.0,121.0,1912.5,603.0,1823.05814371942,577.7984769224615,98.44873950922434,214.0,101.51841682649393,18.381621898301546,99.8403972916056,0.9984848867322695,0.681767463684082,0.9177709817886353,0.0,1.0,0.0,0.0,1.0,1.0
SNPT-099,0,4.0,0.07328471233267919,0.8674737598214831,0.6363636363636364,0.0,1.0,0.8787878787878788,0.8640645310796541,0.0,32.0,33.0,33.0,172.0,572.5,9.993441946487133,564.7845805623086,99.97481650502118,33.0,0.034675921923869875,0.9836297327396917,0.9272727272727272,0.0,1.0,0.9333333333333333,0.8919173657120049,585.0,749.0,165.0,165.0,1912.0,855.5,1554.094569994794,752.9935414371016,142.08878100187275,553.0,1924.0957361777516,1902.006558053513,290.71541943769137,0.7036080948833215,0.8824999332427979,0.9308306574821472,0.0,1.0,1.0,1.0,0.0,1.0
SNPT-099,1,4.0,0.07328471233267919,0.8674737598214831,0.6363636363636364,0.0,1.0,0.8787878787878788,0.8640645310796541,0.0,32.0,33.0,33.0,172.0,572.5,9.993441946487133,564.7845805623086,99.97481650502118,,1.0,0.0,0.0,0.0,1.0,0.8783783783783784,0.8831312005336468,113.0,408.0,296.0,296.0,7.0,521.0,1909.9952596964945,436.2481981193022,80.80184549150364,81.0,43.88678832751702,-2.993441946487133,-43.78458056230863,1.2372838255969487,0.815876841545105,0.9803025722503662,0.0,0.0,0.0,1.0,0.0,1.0
SNPT-099,0,14.0,0.10439642667430842,0.9060424073882725,0.09163346613545817,0.0,1.0,0.9123505976095617,0.8686962877298546,165.0,415.0,251.0,251.0,12.0,579.5,1894.1183781016985,503.1596027083944,98.29957851780257,33.0,0.034675921923869875,0.9836297327396917,0.9272727272727272,0.0,1.0,0.9333333333333333,0.8919173657120049,585.0,749.0,165.0,165.0,1912.0,855.5,1554.094569994794,752.9935414371016,142.08878100187275,170.0,352.793860441647,17.881621898301546,352.3403972916056,0.6918180156426774,0.8051649332046509,0.9318122267723083,0.0,1.0,1.0,1.0,0.0,1.0
SNPT-099,1,,1.0,0.0,0.0,1.0,1.0,0.8246268656716418,0.9187257562287793,157.0,424.0,268.0,268.0,16.0,523.0,1891.583065692911,450.3076705774273,84.2342133644497,33.0,0.5810169734759256,0.7677418523364596,0.0743801652892562,1.0,1.0,0.9586776859504132,0.8881652514482367,629.0,749.0,121.0,121.0,1912.5,603.0,1823.05814371942,577.7984769224615,98.44873950922434,205.0,154.11834934652828,20.916934307088923,152.6923294225727,0.8556149503220122,0.8988882303237915,0.9805579781532288,0.0,0.0,0.0,1.0,0.0,1.0
SNPT-099,1,33.0,0.0679336410429472,0.9519415956606968,0.36675461741424803,0.0,0.954954954954955,0.8786279683377308,0.9070158645555422,38.0,416.0,379.0,379.0,25.5,996.5,1892.6326556279864,608.2102917018357,119.36922064681974,33.0,0.034675921923869875,0.9836297327396917,0.9272727272727272,0.0,1.0,0.9333333333333333,0.8919173657120049,585.0,749.0,165.0,165.0,1912.0,855.5,1554.094569994794,752.9935414371016,142.08878100187275,169.0,248.04695897796321,19.367344372013577,247.28970829816433,0.840103066583747,0.9226647019386292,0.968982458114624,1.0,0.0,1.0,1.0,0.0,1.0
SNPT-099,1,24.0,0.09687722788740069,0.9508661732954138,0.32304038004750596,1.0,1.0,0.9144893111638955,0.893218394378563,0.0,420.0,421.0,421.0,1186.0,737.5,1895.1334143138565,604.8382597939828,112.55354809011438,24.0,0.006362487830483587,0.9989575513771602,0.8641975308641975,1.0,1.0,0.9382716049382716,0.8549110481613561,669.0,749.0,81.0,81.0,1906.5,789.5,1734.2771469769693,761.5954757750917,143.24619300608862,249.0,185.01123632383795,11.36658568614348,184.66174020601716,0.785735004387379,0.8737189173698425,0.98396235704422,1.0,0.0,1.0,1.0,0.0,1.0
SNPT-099,0,,1.0,0.0,0.0,1.0,1.0,0.8246268656716418,0.9187257562287793,157.0,424.0,268.0,268.0,16.0,523.0,1891.583065692911,450.3076705774273,84.2342133644497,33.0,0.034675921923869875,0.9836297327396917,0.9272727272727272,0.0,1.0,0.9333333333333333,0.8919173657120049,585.0,749.0,165.0,165.0,1912.0,855.5,1554.094569994794,752.9935414371016,142.08878100187275,161.0,405.7063901756918,20.416934307088923,405.1923294225727,0.5928280387129191,0.6455141305923462,0.8514494895935059,0.0,0.0,0.0,0.0,1.0,1.0
SNPT-099,1,10.0,0.05991050262029715,0.9818448097738501,0.2840466926070039,0.0,1.0,0.9416342412451362,0.8539644698958752,128.0,384.0,257.0,257.0,18.0,793.5,1904.8124444760274,810.2444782230689,114.82279374371514,10.0,0.0002874619990728667,0.9999730579264752,0.6844444444444444,0.0,1.0,0.27111111111111114,0.636230465977691,525.0,749.0,225.0,225.0,1578.0,1070.5,923.7157233180003,886.1965314014424,144.8413782257314,141.0,417.7790211101787,-326.8124444760274,260.2555217769311,0.7927485581141522,0.9061800241470337,0.8609912395477295,1.0,0.0,1.0,1.0,0.0,1.0
SNPT-099,0,20.0,0.06940698615506755,0.9451553073891422,0.14805194805194805,0.0,0.9634146341463414,0.8519480519480519,0.8807297714236306,0.0,421.0,422.0,385.0,1171.0,669.0,1906.9217365600184,606.8812003658777,97.34872780748903,24.0,0.006362487830483587,0.9989575513771602,0.8641975308641975,1.0,1.0,0.9382716049382716,0.8549110481613561,669.0,749.0,81.0,81.0,1906.5,789.5,1734.2771469769693,761.5954757750917,143.24619300608862,248.0,182.61928660887318,-0.42173656001841664,182.6187996341223,0.6795903316142667,0.5965573787689209,0.898362398147583,0.0,1.0,1.0,0.0,1.0,1.0
SNPT-099,1,62.0,0.01919859356865047,0.9589601260596428,0.39204545454545453,1.0,0.9785276073619632,0.9261363636363636,0.894480788268926,43.0,394.0,352.0,352.0,19.5,1031.5,1898.3941872153932,538.8033474162587,115.86418350358332,62.0,0.0005784910664228766,0.9983805469844652,0.9274193548387096,1.0,1.0,0.9274193548387096,0.8397329574045928,626.0,749.0,124.0,124.0,1896.0,1002.0,1128.905468341669,752.5002198886639,157.10207795605353,232.0,463.20284012212784,-2.394187215393231,463.1966525837413,0.7375089178387203,0.8860400915145874,0.9753519296646118,1.0,0.0,1.0,1.0,0.0,1.0
SNPT-099,0,7.0,0.010096496203914285,0.9932426368368084,0.1870967741935484,1.0,1.0,0.9161290322580645,0.9043198389486528,85.0,419.0,335.0,310.0,11.5,701.0,1902.390899277395,548.3176139568316,109.34498731549623,24.0,0.006362487830483587,0.9989575513771602,0.8641975308641975,1.0,1.0,0.9382716049382716,0.8549110481613561,669.0,749.0,81.0,81.0,1906.5,789.5,1734.2771469769693,761.5954757750917,143.24619300608862,250.0,241.21738752881072,4.109100722605035,241.18238604316844,0.7633360791015826,0.7261025309562683,0.971149742603302,0.0,1.0,1.0,1.0,0.0,1.0
SNPT-100,0,20.0,1.4064154922962189,0.57773357629776,0.003257328990228013,0.0,1.0,0.8957654723127035,0.8842955951257185,0.0,306.0,307.0,307.0,1399.5,538.5,17.11182737534377,594.716610625168,99.09948710057003,8.0,0.3183002166656984,0.7973106253147125,0.3968253968253968,0.0,1.0,0.8888888888888888,0.8878578862973622,549.0,611.0,63.0,63.0,16.0,649.0,9.53640017846243,634.6295655696949,103.67164647524083,243.0,54.294774353819655,-1.1118273753437684,54.28338937483204,0.9558976872643501,0.8821926712989807,0.9877396821975708,0.0,1.0,0.0,1.0,0.0,1.0
SNPT-100,1,,1.0,0.0,0.0,0.0,1.0,0.6962025316455697,0.8076021324504505,0.0,78.0,79.0,79.0,1870.5,631.0,1912.1047095688846,681.9715081798963,93.80970816234188,24.0,0.06737685048594885,0.9691313879333273,0.40175953079178883,0.0,1.0,0.8563049853372434,0.912387710932183,290.0,632.0,343.0,341.0,1905.5,677.5,6.734294151768989,449.6333299747233,77.12695234876837,212.0,7.9759998678657915,-6.604709568884573,-4.471508179896318,1.2163025415309296,0.8040854930877686,0.9696363210678101,0.0,0.0,0.0,1.0,0.0,1.0
SNPT-100,0,9.0,0.054567911825955,0.9426539471516242,0.203125,0.0,1.0,0.8515625,0.8865732621709141,0.0,255.0,256.0,256.0,920.5,583.5,16.792409599778487,675.6678979347014,105.33418083265377,,1.0,0.0,0.0,,0.0,0.0,0.5328557993851456,591.0,749.0,159.0,159.0,1898.0,614.0,852.5840567979936,425.5613602010908,108.89529774752297,336.0,1882.2180872085712,1881.2075904002215,-61.66789793470139,0.9672977898170979,0.666622519493103,0.9042828679084778,0.0,0.0,0.0,0.0,0.0,0.0
SNPT-100,1,,1.0,0.0,0.0,0.0,1.0,0.6962025316455697,0.8076021324504505,0.0,78.0,79.0,79.0,1870.5,631.0,1912.1047095688846,681.9715081798963,93.80970816234188,,1.0,0.0,0.0,0.0,1.0,0.7575757575757576,0.8236002540588379,145.0,177.0,33.0,33.0,1913.0,635.0,1907.0953357268713,644.8582367910326,103.05903325498116,67.0,46.9800396514319,0.895290431115427,-46.97150817989632,0.9102521651861872,0.9749797582626343,0.9784794449806213,0.0,0.0,0.0,1.0,0.0,1.0
SNPT-100,0,36.0,0.14416985010521946,0.8713744634555446,0.12080536912751678,0.0,0.5054945054945055,0.9161073825503355,0.8563839435140729,0.0,297.0,298.0,298.0,1392.0,523.0,13.210553422629562,642.0323717060194,95.87016219384178,,1.0,0.0,0.0,,0.0,0.0,0.5328557993851456,591.0,749.0,159.0,159.0,1898.0,614.0,852.5840567979936,425.5613602010908,108.89529774752297,294.0,1884.99789702612,1884.7894465773704,-28.032371706019376,0.8803884481414398,0.7291417121887207,0.9454343914985657,0.0,0.0,0.0,0.0,0.0,0.0
SNPT-100,1,20.0,1.4064154922962189,0.57773357629776,0.003257328990228013,0.0,1.0,0.8957654723127035,0.8842955951257185,0.0,306.0,307.0,307.0,1399.5,538.5,17.11182737534377,594.716610625168,99.09948710057003,34.0,0.07175071414094418,0.8365332949161529,0.43103448275862066,0.0,1.0,0.9310344827586207,0.8744994722030781,551.0,608.0,58.0,58.0,19.5,691.0,30.77140437242986,698.7799253196882,122.13887555094216,245.0,96.31300243472154,2.3881726246562316,96.28338937483204,0.8113672788745891,0.8791319131851196,0.9810495972633362,0.0,1.0,0.0,1.0,0.0,1.0
SNPT-100,0,36.0,0.14416985010521946,0.8713744634555446,0.12080536912751678,0.0,0.5054945054945055,0.9161073825503355,0.8563839435140729,0.0,297.0,298.0,298.0,1392.0,523.0,13.210553422629562,642.0323717060194,95.87016219384178,31.0,0.011569126789595935,0.9931985598543416,0.558252427184466,0.0,0.9948051948051948,0.9344660194174758,0.8767041655329915,338.0,749.0,412.0,412.0,1906.5,711.0,571.8018911583115,461.8211070713586,97.80644970535926,41.0,1894.545186126143,1893.2894465773704,68.96762829398062,0.9802028647665821,0.7973905205726624,0.9447730779647827,0.0,1.0,1.0,1.0,0.0,0.0
SNPT-100,1,,1.0,0.0,0.0,0.0,1.0,0.7575757575757576,0.8236002540588379,145.0,177.0,33.0,33.0,1913.0,635.0,1907.0953357268713,644.8582367910326,103.05903325498116,24.0,0.06737685048594885,0.9691313879333273,0.40175953079178883,0.0,1.0,0.8563049853372434,0.912387710932183,290.0,632.0,343.0,341.0,1905.5,677.5,6.734294151768989,449.6333299747233,77.12695234876837,113.0,32.68072522866851,-1.5953357268713262,32.641763208967404,1.3362259251337694,0.8080735206604004,0.9458709955215454,0.0,0.0,0.0,1.0,0.0,1.0
SNPT-100,1,14.0,0.004206510203706178,0.9995712041854858,0.010067114093959731,0.0,1.0,0.7583892617449665,0.8609548865166385,0.0,335.0,336.0,298.0,1643.5,492.5,7.995123699066349,595.091264824702,82.86179087538889,8.0,0.3183002166656984,0.7973106253147125,0.3968253968253968,0.0,1.0,0.8888888888888888,0.8878578862973622,549.0,611.0,63.0,63.0,16.0,649.0,9.53640017846243,634.6295655696949,103.67164647524083,214.0,54.49981442898375,8.00487630093365,53.908735175298034,0.7992714854314403,0.7771642804145813,0.9791215658187866,0.0,1.0,0.0,1.0,0.0,1.0
SNPT-100,0,14.0,0.05402381324674934,0.9591738469898701,0.037825059101654845,1.0,1.0,0.8841607565011821,0.9100369360038941,0.0,422.0,423.0,423.0,1484.5,499.0,10.87643589598815,546.953457757601,86.30852854939957,34.0,0.07175071414094418,0.8365332949161529,0.43103448275862066,0.0,1.0,0.9310344827586207,0.8744994722030781,551.0,608.0,58.0,58.0,19.5,691.0,30.77140437242986,698.7799253196882,122.13887555094216,129.0,144.30444272387197,8.62356410401185,144.04654224239903,0.706642566996629,0.5869371891021729,0.9129326343536377,0.0,1.0,1.0,0.0,1.0,1.0
SNPT-101,0,34.0,0.09464158636692097,0.9232871442831851,0.5692307692307692,0.0,1.0,0.9307692307692308,0.9263967632754775,0.0,259.0,260.0,260.0,1542.5,557.5,1905.0212220946833,652.175338850448,117.48905317089607,,1.0,0.0,0.0,0.0,1.0,0.946236559139785,0.8654586164788767,366.0,458.0,93.0,93.0,1895.5,487.5,13.980920739983489,499.7375248178736,84.93105454804018,107.0,164.95035888316875,-9.521222094683253,-164.67533885044804,1.3833462188373025,0.7435876131057739,0.955049991607666,0.0,0.0,0.0,1.0,0.0,1.0
SNPT-101,0,33.0,0.05627736333141752,0.9666767750961193,0.3333333333333333,0.0,1.0,0.8405797101449275,0.9299512834384523,2.0,208.0,207.0,207.0,1907.0,773.0,16.04669845180561,932.3827343599193,159.98859201000374,16.0,0.0009966841893082026,0.9887663915753364,0.9302325581395349,0.0,1.0,0.9302325581395349,0.7155279591679573,707.0,749.0,43.0,43.0,6.0,728.5,269.3073718715911,627.9918845283041,124.90269964387322,499.0,204.13011909039517,-10.04669845180561,-203.88273435991925,1.2809057968015791,0.9232696890830994,0.9057894945144653,0.0,1.0,1.0,1.0,0.0,1.0
SNPT-101,0,27.0,0.06089349514323625,0.9639538893865984,0.27564102564102566,1.0,1.0,0.875,0.9334339971070761,0.0,311.0,312.0,312.0,295.5,457.5,1911.8595564009256,511.4009721287247,87.21426040259651,,1.0,0.0,0.0,1.0,1.0,0.8125,0.9436818728080163,722.0,749.0,28.0,16.0,7.5,566.5,108.4237175410604,565.1407023306389,99.56889201411133,411.0,1905.1564825304745,-1904.3595564009256,55.099027871275325,0.8759187597491407,0.751738429069519,0.9840216636657715,0.0,0.0,0.0,1.0,0.0,1.0
SNPT-101,0,14.0,0.0366283397029905,0.9797459992827201,0.7538461538461538,0.0,1.0,0.8769230769230769,0.9305459619962682,419.0,613.0,195.0,195.0,1906.0,708.5,17.077717707707066,578.3332524848336,115.15505254719531,11.0,0.8650807366551211,0.692142903804779,0.06060606060606061,1.0,1.0,0.9494949494949495,0.9140620783288428,651.0,749.0,99.0,99.0,8.0,1031.5,458.028528075149,881.2268283190522,157.81095702550684,38.0,453.2576596288864,-9.077717707707066,453.16674751516643,0.7297025169715111,0.6429874300956726,0.8970071077346802,0.0,1.0,0.0,0.0,1.0,1.0
SNPT-101,0,33.0,0.05627736333141752,0.9666767750961193,0.3333333333333333,0.0,1.0,0.8405797101449275,0.9299512834384523,2.0,208.0,207.0,207.0,1907.0,773.0,16.04669845180561,932.3827343599193,159.98859201000374,,1.0,0.0,0.0,0.0,1.0,0.9459459459459459,0.8795957812241145,676.0,749.0,74.0,74.0,7.0,609.5,545.2449797868471,489.90310257191175,108.87733519172414,468.0,323.00944707642236,-9.04669845180561,-322.88273435991925,1.4694389032233093,0.6297723054885864,0.9537110924720764,0.0,0.0,0.0,1.0,0.0,1.0
SNPT-101,0,24.0,0.020309280049214524,0.9775213263305932,0.835195530726257,1.0,1.0,0.9162011173184358,0.8790576425267429,0.0,357.0,358.0,358.0,538.0,732.0,22.636379828839544,607.1703942395094,131.80987159885498,4.0,0.25088698003248017,0.873202809492747,0.22865853658536586,0.0,1.0,0.9085365853658537,0.9071821372380993,422.0,749.0,328.0,328.0,1910.5,575.0,672.0322332026371,485.918904951775,103.20048876707094,65.0,1888.1377022429494,1887.8636201711604,-32.17039423950939,1.2772213889059862,0.654984712600708,0.8924388885498047,0.0,1.0,0.0,0.0,1.0,1.0
SNPT-101,1,,1.0,0.0,0.0,1.0,1.0,0.8282828282828283,0.9429042208485487,0.0,98.0,99.0,99.0,1825.0,430.5,1907.6816251840187,524.8736680429704,81.25649530265015,,1.0,0.0,0.0,1.0,1.0,0.8518518518518519,0.9219530924506809,723.0,749.0,27.0,27.0,14.0,561.0,326.0576120167844,570.630222349863,98.89479540604803,625.0,1894.0261902677735,-1893.6816251840187,36.126331957029606,0.8216458203793484,0.8876851797103882,0.9909998178482056,0.0,0.0,0.0,1.0,0.0,1.0
SNPT-101,1,,1.0,0.0,0.0,0.0,1.0,0.9504950495049505,0.9122806607435147,0.0,100.0,101.0,101.0,1321.5,500.5,1910.8321544194814,622.7294238866681,99.46398099033503,16.0,0.12942033208465936,0.8897790795770185,0.26605504587155965,0.0,1.0,0.963302752293578,0.9221774771099999,373.0,481.0,109.0,109.0,1896.5,717.5,9.237002261155869,713.1273197034203,130.86684486468317,273.0,95.84817550249299,-14.332154419481412,94.77057611333191,0.7600395737604981,0.9502990245819092,0.9836210012435913,0.0,0.0,0.0,1.0,0.0,1.0
SNPT-101,1,,1.0,0.0,0.0,0.0,1.0,0.9846153846153847,0.8949593249708414,0.0,64.0,65.0,65.0,1894.5,487.5,1904.3613093598497,512.1741221348667,102.77763642202264,14.0,0.0366283397029905,0.9797459992827201,0.7538461538461538,0.0,1.0,0.8769230769230769,0.9305459619962682,419.0,613.0,195.0,195.0,1906.0,708.5,17.077717707707066,578.3332524848336,115.15505254719531,355.0,196.33271664837054,1.6386906401503438,196.3258778651333,0.8925152144748499,0.8530915975570679,0.9473854899406433,0.0,0.0,0.0,1.0,0.0,1.0
SNPT-101,1,,1.0,0.0,0.0,1.0,1.0,0.8282828282828283,0.9429042208485487,0.0,98.0,99.0,99.0,1825.0,430.5,1907.6816251840187,524.8736680429704,81.25649530265015,33.0,0.37465995489886456,0.7751238395770391,0.13392857142857142,1.0,1.0,0.8392857142857143,0.9437868033951902,365.0,602.0,238.0,224.0,1912.0,517.5,16.261202934235758,605.7310964789071,95.58295573428497,267.0,8.545135543642623,4.318374815981315,-7.373668042970394,0.8501149046754577,0.9674626588821411,0.9906148910522461,0.0,0.0,0.0,1.0,0.0,1.0
SNPT-101,1,,1.0,0.0,0.0,1.0,1.0,0.8666666666666667,0.9348476336552547,0.0,74.0,75.0,75.0,1882.0,461.5,1910.6202807193058,492.40442847733834,103.33645249129036,,1.0,0.0,0.0,1.0,1.0,0.8571428571428571,0.952661876877149,722.0,749.0,28.0,28.0,10.0,529.5,213.68383087631656,535.5480794823177,107.321756613247,648.0,1900.9822547588722,-1900.6202807193058,37.09557152266166,0.9628658321693485,0.9238433837890625,0.9839038252830505,0.0,0.0,0.0,1.0,0.0,1.0
SNPT-101,0,33.0,0.05627736333141752,0.9666767750961193,0.3333333333333333,0.0,1.0,0.8405797101449275,0.9299512834384523,2.0,208.0,207.0,207.0,1907.0,773.0,16.04669845180561,932.3827343599193,159.98859201000374,11.0,0.8650807366551211,0.692142903804779,0.06060606060606061,1.0,1.0,0.9494949494949495,0.9140620783288428,651.0,749.0,99.0,99.0,8.0,1031.5,458.028528075149,881.2268283190522,157.81095702550684,443.0,99.4433592752207,-8.04669845180561,99.11726564008075,1.0137990100658532,0.6906018257141113,0.8916282057762146,0.0,1.0,0.0,0.0,1.0,1.0
SNPT-101,0,33.0,0.005515098714665958,0.9990162235039931,0.7471264367816092,0.0,1.0,0.896551724137931,0.8739020656316708,272.0,394.0,123.0,87.0,18.0,727.0,15.35053213125126,574.8793111221569,126.56488533890611,7.0,0.03888257220559447,0.9550977475036776,0.5058479532163743,1.0,0.9868852459016394,0.8918128654970761,0.9148123330757266,408.0,749.0,342.0,342.0,1905.5,748.0,897.925146523171,494.24732793834806,121.1318581431004,14.0,1898.061059028938,1890.1494678687488,173.12068887784312,1.0448521741438768,0.682515025138855,0.8550175428390503,0.0,1.0,1.0,0.0,1.0,1.0
SNPT-101,1,33.0,0.37465995489886456,0.7751238395770391,0.13392857142857142,1.0,1.0,0.8392857142857143,0.9437868033951902,365.0,602.0,238.0,224.0,1912.0,517.5,16.261202934235758,605.7310964789071,95.58295573428497,,1.0,0.0,0.0,1.0,1.0,0.8518518518518519,0.9219530924506809,723.0,749.0,27.0,27.0,14.0,561.0,326.0576120167844,570.630222349863,98.89479540604803,121.0,44.788213080174295,-2.261202934235758,-44.73109647890715,0.9665114866948749,0.9039224982261658,0.9816688895225525,0.0,0.0,0.0,1.0,0.0,1.0
SNPT-101,1,50.0,0.2352724697973047,0.9463327328364054,0.2,1.0,1.0,0.9333333333333333,0.9007813909224102,352.0,411.0,60.0,60.0,1906.5,1010.5,8.019709118993806,969.3088203309619,170.02763334331127,11.0,0.8650807366551211,0.692142903804779,0.06060606060606061,1.0,1.0,0.9494949494949495,0.9140620783288428,651.0,749.0,99.0,99.0,8.0,1031.5,458.028528075149,881.2268283190522,157.81095702550684,240.0,62.191182792064254,-0.019709118993805674,62.19117966903809,1.0774133593007098,0.9205117225646973,0.9597135186195374,0.0,1.0,0.0,1.0,0.0,1.0
SNPT-101,1,,1.0,0.0,0.0,0.0,1.0,0.9504950495049505,0.9122806607435147,0.0,100.0,101.0,101.0,1321.5,500.5,1910.8321544194814,622.7294238866681,99.46398099033503,16.0,0.0009966841893082026,0.9887663915753364,0.9302325581395349,0.0,1.0,0.9302325581395349,0.7155279591679573,707.0,749.0,43.0,43.0,6.0,728.5,269.3073718715911,627.9918845283041,124.90269964387322,607.0,1907.7664823771565,-1904.8321544194814,105.77057611333191,0.7963317147982396,0.9252733588218689,0.9010863304138184,0.0,0.0,0.0,1.0,0.0,1.0
SNPT-101,0,14.0,0.05266031910305791,0.9418228486180306,0.24630541871921183,1.0,1.0,0.8226600985221675,0.9334231343811857,0.0,405.0,406.0,406.0,1216.0,505.5,10.506126823832757,688.6074076406007,125.4367916379715,9.0,0.07003866909273292,0.9357644667228063,0.4126984126984127,1.0,1.0,0.9312169312169312,0.9402059804309498,414.0,614.0,201.0,189.0,1904.0,607.0,7.438811492004703,596.5141511125425,103.64534943076112,9.0,1895.2516499761985,1893.4938731761672,-81.60740764060074,1.2102500722598062,0.8209199905395508,0.9921806454658508,0.0,1.0,1.0,1.0,0.0,1.0
SNPT-101,1,33.0,0.05627736333141752,0.9666767750961193,0.3333333333333333,0.0,1.0,0.8405797101449275,0.9299512834384523,2.0,208.0,207.0,207.0,1907.0,773.0,16.04669845180561,932.3827343599193,159.98859201000374,33.0,0.005515098714665958,0.9990162235039931,0.7471264367816092,0.0,1.0,0.896551724137931,0.8739020656316708,272.0,394.0,123.0,87.0,18.0,727.0,15.35053213125126,574.8793111221569,126.56488533890611,64.0,205.3920226301288,1.9533015481943892,-205.38273435991925,1.26408356932176,0.842843234539032,0.9530361294746399,1.0,0.0,1.0,1.0,0.0,1.0
SNPT-101,1,,1.0,0.0,0.0,0.0,1.0,0.9846153846153847,0.8949593249708414,0.0,64.0,65.0,65.0,1894.5,487.5,1904.3613093598497,512.1741221348667,102.77763642202264,,1.0,0.0,0.0,0.0,1.0,0.9459459459459459,0.8795957812241145,676.0,749.0,74.0,74.0,7.0,609.5,545.2449797868471,489.90310257191175,108.87733519172414,612.0,1899.8558536788894,-1897.3613093598497,97.3258778651333,0.9439764138334169,0.8321369290351868,0.9366589188575745,0.0,0.0,0.0,1.0,0.0,1.0
SNPT-101,1,,1.0,0.0,0.0,1.0,1.0,0.8181818181818182,0.939507567220264,17.0,65.0,49.0,22.0,1913.5,530.5,1913.0401847681708,520.0210462191014,107.64770328544559,7.0,0.03888257220559447,0.9550977475036776,0.5058479532163743,1.0,0.9868852459016394,0.8918128654970761,0.9148123330757266,408.0,749.0,342.0,342.0,1905.5,748.0,897.925146523171,494.24732793834806,121.1318581431004,343.0,228.10361188146766,-7.540184768170775,227.97895378089856,0.8886820109559851,0.7956299781799316,0.969318151473999,0.0,0.0,0.0,1.0,0.0,1.0
SNPT-101,0,,1.0,0.0,0.0,0.0,1.0,0.9846153846153847,0.8949593249708414,0.0,64.0,65.0,65.0,1894.5,487.5,1904.3613093598497,512.1741221348667,102.77763642202264,50.0,0.2352724697973047,0.9463327328364054,0.2,1.0,1.0,0.9333333333333333,0.9007813909224102,352.0,411.0,60.0,60.0,1906.5,1010.5,8.019709118993806,969.3088203309619,170.02763334331127,288.0,498.3304672079663,2.138690640150344,498.3258778651333,0.6044760748654261,0.570432186126709,0.9335335493087769,0.0,0.0,0.0,0.0,1.0,1.0
SNPT-101,0,,1.0,0.0,0.0,1.0,1.0,0.8181818181818182,0.939507567220264,17.0,65.0,49.0,22.0,1913.5,530.5,1913.0401847681708,520.0210462191014,107.64770328544559,4.0,0.25088698003248017,0.873202809492747,0.22865853658536586,0.0,1.0,0.9085365853658537,0.9071821372380993,422.0,749.0,328.0,328.0,1910.5,575.0,672.0322332026371,485.918904951775,103.20048876707094,357.0,55.037604394619386,-2.540184768170775,54.978953780898564,1.0430929598445242,0.5880894660949707,0.8886145949363708,0.0,0.0,0.0,0.0,1.0,1.0
SNPT-101,0,,1.0,0.0,0.0,1.0,1.0,0.8085106382978723,0.8751380772967088,333.0,426.0,94.0,94.0,1906.3808272415101,521.0451810083956,9.288980201842556,467.61562049105055,90.61709020378272,,1.0,0.0,0.0,0.0,0.9798387096774194,0.9393939393939394,0.8831376539122674,0.0,283.0,284.0,264.0,227.5,445.5,1906.007764514643,454.90825165996296,76.024509375982,50.0,66.13798151922805,0.3730627268671469,66.13692934843266,1.1919457415454346,0.6643841862678528,0.929877758026123,0.0,0.0,0.0,0.0,1.0,1.0
SNPT-101,1,27.0,0.06089349514323625,0.9639538893865984,0.27564102564102566,1.0,1.0,0.875,0.9334339971070761,0.0,311.0,312.0,312.0,295.5,457.5,1911.8595564009256,511.4009721287247,87.21426040259651,,1.0,0.0,0.0,1.0,1.0,0.8085106382978723,0.8751380772967088,333.0,426.0,94.0,94.0,1906.3808272415101,521.0451810083956,9.288980201842556,467.61562049105055,90.61709020378272,22.0,11.09176442758109,-5.478729159415479,9.644208879670941,0.9624482556928962,0.9293254613876343,0.9581061601638794,0.0,0.0,0.0,1.0,0.0,1.0
SNPT-101,0,16.0,0.12942033208465936,0.8897790795770185,0.26605504587155965,0.0,1.0,0.963302752293578,0.9221774771099999,373.0,481.0,109.0,109.0,1896.5,717.5,9.237002261155869,713.1273197034203,130.86684486468317,,1.0,0.0,0.0,1.0,1.0,0.8518518518518519,0.9219530924506809,723.0,749.0,27.0,27.0,14.0,561.0,326.0576120167844,570.630222349863,98.89479540604803,242.0,152.2018644682347,4.762997738844131,-152.1273197034203,1.3232935497501404,0.667598307132721,0.9232840538024902,0.0,0.0,0.0,0.0,1.0,1.0
SNPT-101,0,,1.0,0.0,0.0,0.0,1.0,0.963855421686747,0.8864274553954601,0.0,82.0,83.0,83.0,1701.0,442.0,1912.8187341986447,471.95580296403216,86.31141663298618,16.0,0.12942033208465936,0.8897790795770185,0.26605504587155965,0.0,1.0,0.963302752293578,0.9221774771099999,373.0,481.0,109.0,109.0,1896.5,717.5,9.237002261155869,713.1273197034203,130.86684486468317,291.0,246.08586668860977,-16.318734198644734,245.54419703596784,0.6595361622894823,0.7543381452560425,0.9861135482788086,0.0,0.0,0.0,1.0,0.0,1.0
SNPT-101,1,,1.0,0.0,0.0,1.0,1.0,0.8666666666666667,0.9348476336552547,0.0,74.0,75.0,75.0,1882.0,461.5,1910.6202807193058,492.40442847733834,103.33645249129036,9.0,0.07003866909273292,0.9357644667228063,0.4126984126984127,1.0,1.0,0.9312169312169312,0.9402059804309498,414.0,614.0,201.0,189.0,1904.0,607.0,7.438811492004703,596.5141511125425,103.64534943076112,340.0,114.7866417724984,-6.620280719305811,114.59557152266166,0.9970196739056092,0.904821515083313,0.9900373220443726,0.0,0.0,0.0,1.0,0.0,1.0
SNPT-101,1,,1.0,0.0,0.0,0.0,0.9798387096774194,0.9393939393939394,0.8831376539122674,0.0,283.0,284.0,264.0,227.5,445.5,1906.007764514643,454.90825165996296,76.024509375982,,1.0,0.0,0.0,0.0,1.0,0.8488372093023255,0.8617535274322718,357.0,442.0,86.0,86.0,1911.9263074642095,463.97975236904097,14.364755529198447,462.0414821163063,79.63799139822804,74.0,10.831494622657845,5.918542949566472,9.071500709078009,0.9546261531863995,0.9276289939880371,0.9862165451049805,0.0,0.0,0.0,1.0,0.0,1.0
SNPT-101,0,50.0,0.2352724697973047,0.9463327328364054,0.2,1.0,1.0,0.9333333333333333,0.9007813909224102,352.0,411.0,60.0,60.0,1906.5,1010.5,8.019709118993806,969.3088203309619,170.02763334331127,,1.0,0.0,0.0,0.0,1.0,0.9459459459459459,0.8795957812241145,676.0,749.0,74.0,74.0,7.0,609.5,545.2449797868471,489.90310257191175,108.87733519172414,265.0,359.81026527135907,-1.0197091189938057,-359.8088203309619,1.5616439642273243,0.5267648696899414,0.8750900030136108,0.0,0.0,0.0,0.0,1.0,1.0
SNPT-101,1,6.0,0.006745310338604098,0.9897817956076728,0.3202846975088968,1.0,1.0,0.900355871886121,0.9278222133990804,0.0,280.0,281.0,281.0,699.5,558.0,1901.0010867231708,523.9323464477901,100.94696327459161,,1.0,0.0,0.0,1.0,1.0,0.8901098901098901,0.8794315611874616,355.0,460.0,106.0,91.0,1895.5,538.5,7.313463067752366,502.44411604410146,98.56370108342476,75.0,15.571720686971616,-5.501086723170829,14.56765355220989,1.0241799178091906,0.9281883239746094,0.9453349709510803,0.0,0.0,0.0,1.0,0.0,1.0
SNPT-101,0,,1.0,0.0,0.0,0.0,1.0,0.9504950495049505,0.9122806607435147,0.0,100.0,101.0,101.0,1321.5,500.5,1910.8321544194814,622.7294238866681,99.46398099033503,,1.0,0.0,0.0,0.0,1.0,0.946236559139785,0.8654586164788767,366.0,458.0,93.0,93.0,1895.5,487.5,13.980920739983489,499.7375248178736,84.93105454804018,266.0,136.09581934748394,-15.332154419481412,-135.2294238866681,1.1711144000228384,0.7318177223205566,0.9756259918212891,0.0,0.0,0.0,1.0,0.0,1.0
SNPT-101,1,9.0,0.07003866909273292,0.9357644667228063,0.4126984126984127,1.0,1.0,0.9312169312169312,0.9402059804309498,414.0,614.0,201.0,189.0,1904.0,607.0,7.438811492004703,596.5141511125425,103.64534943076112,,1.0,0.0,0.0,1.0,1.0,0.8571428571428571,0.952661876877149,722.0,749.0,28.0,28.0,10.0,529.5,213.68383087631656,535.5480794823177,107.321756613247,108.0,67.0630758011305,2.561188507995297,-67.01415111254255,0.9657440644049978,0.823239266872406,0.9888942241668701,0.0,0.0,0.0,1.0,0.0,1.0
SNPT-101,1,6.0,0.006745310338604098,0.9897817956076728,0.3202846975088968,1.0,1.0,0.900355871886121,0.9278222133990804,0.0,280.0,281.0,281.0,699.5,558.0,1901.0010867231708,523.9323464477901,100.94696327459161,,1.0,0.0,0.0,1.0,1.0,0.8125,0.9436818728080163,722.0,749.0,28.0,16.0,7.5,566.5,108.4237175410604,565.1407023306389,99.56889201411133,442.0,1893.9795063703223,-1893.5010867231708,42.56765355220989,1.0138403795864774,0.9434625506401062,0.9816792011260986,0.0,0.0,0.0,1.0,0.0,1.0
SNPT-101,0,6.0,0.006745310338604098,0.9897817956076728,0.3202846975088968,1.0,1.0,0.900355871886121,0.9278222133990804,0.0,280.0,281.0,281.0,699.5,558.0,1901.0010867231708,523.9323464477901,100.94696327459161,,1.0,0.0,0.0,0.0,1.0,0.9459459459459459,0.8795957812241145,676.0,749.0,74.0,74.0,7.0,609.5,545.2449797868471,489.90310257191175,108.87733519172414,396.0,1895.9329998296307,-1894.0010867231708,85.56765355220989,0.9271623253529507,0.5988922119140625,0.8782831430435181,0.0,0.0,0.0,0.0,1.0,1.0
SNPT-101,0,6.0,0.006745310338604098,0.9897817956076728,0.3202846975088968,1.0,1.0,0.900355871886121,0.9278222133990804,0.0,280.0,281.0,281.0,699.5,558.0,1901.0010867231708,523.9323464477901,100.94696327459161,16.0,0.12942033208465936,0.8897790795770185,0.26605504587155965,0.0,1.0,0.963302752293578,0.9221774771099999,373.0,481.0,109.0,109.0,1896.5,717.5,9.237002261155869,713.1273197034203,130.86684486468317,93.0,193.61997903986526,-4.501086723170829,193.5676535522099,0.7713715676340418,0.6106597185134888,0.9134563207626343,0.0,1.0,1.0,0.0,1.0,1.0
SNPT-101,0,,1.0,0.0,0.0,0.0,1.0,0.946236559139785,0.8654586164788767,366.0,458.0,93.0,93.0,1895.5,487.5,13.980920739983489,499.7375248178736,84.93105454804018,,1.0,0.0,0.0,1.0,1.0,0.8571428571428571,0.952661876877149,722.0,749.0,28.0,28.0,10.0,529.5,213.68383087631656,535.5480794823177,107.321756613247,264.0,30.027531681853606,-3.980920739983489,29.762475182126423,0.7913684720434115,0.6828947067260742,0.947076678276062,0.0,0.0,0.0,0.0,1.0,1.0
SNPT-101,1,34.0,0.09464158636692097,0.9232871442831851,0.5692307692307692,0.0,1.0,0.9307692307692308,0.9263967632754775,0.0,259.0,260.0,260.0,1542.5,557.5,1905.0212220946833,652.175338850448,117.48905317089607,34.0,0.061771132700683934,0.8638004403508884,0.3697916666666667,0.0,1.0,0.9557291666666666,0.905571579445935,366.0,749.0,384.0,384.0,1904.0,641.0,710.7771903963857,546.608926679271,113.56891644878401,107.0,11.221902378340431,-1.021222094683253,-11.175338850448043,1.0345176906207423,0.9537379145622253,0.9939225316047668,1.0,0.0,1.0,1.0,0.0,1.0
SNPT-101,1,14.0,0.0366283397029905,0.9797459992827201,0.7538461538461538,0.0,1.0,0.8769230769230769,0.9305459619962682,419.0,613.0,195.0,195.0,1906.0,708.5,17.077717707707066,578.3332524848336,115.15505254719531,,1.0,0.0,0.0,0.0,1.0,0.9459459459459459,0.8795957812241145,676.0,749.0,74.0,74.0,7.0,609.5,545.2449797868471,489.90310257191175,108.87733519172414,63.0,32.75555746541899,-10.077717707707066,31.166747515166435,1.0576586242161108,0.7497121095657349,0.9701748490333557,0.0,0.0,0.0,1.0,0.0,1.0
SNPT-101,1,,1.0,0.0,0.0,1.0,1.0,0.8901098901098901,0.8794315611874616,355.0,460.0,106.0,91.0,1895.5,538.5,7.313463067752366,502.44411604410146,98.56370108342476,,1.0,0.0,0.0,1.0,1.0,0.8125,0.9436818728080163,722.0,749.0,28.0,16.0,7.5,566.5,108.4237175410604,565.1407023306389,99.56889201411133,262.0,64.05615556212089,0.186536932247634,64.05588395589854,0.9899045684816488,0.9506481885910034,0.9755813479423523,0.0,0.0,0.0,1.0,0.0,1.0
SNPT-101,0,33.0,0.37465995489886456,0.7751238395770391,0.13392857142857142,1.0,1.0,0.8392857142857143,0.9437868033951902,365.0,602.0,238.0,224.0,1912.0,517.5,16.261202934235758,605.7310964789071,95.58295573428497,11.0,0.8650807366551211,0.692142903804779,0.06060606060606061,1.0,1.0,0.9494949494949495,0.9140620783288428,651.0,749.0,99.0,99.0,8.0,1031.5,458.028528075149,881.2268283190522,157.81095702550684,49.0,425.8490421258152,-8.261202934235758,425.76890352109285,0.6056800968442007,0.7537018060684204,0.9731900691986084,0.0,1.0,0.0,1.0,0.0,1.0
SNPT-101,1,16.0,0.12942033208465936,0.8897790795770185,0.26605504587155965,0.0,1.0,0.963302752293578,0.9221774771099999,373.0,481.0,109.0,109.0,1896.5,717.5,9.237002261155869,713.1273197034203,130.86684486468317,16.0,0.0009966841893082026,0.9887663915753364,0.9302325581395349,0.0,1.0,0.9302325581395349,0.7155279591679573,707.0,749.0,43.0,43.0,6.0,728.5,269.3073718715911,627.9918845283041,124.90269964387322,226.0,15.709789404685779,-3.237002261155869,15.372680296579688,1.0477503307599845,0.9649847745895386,0.9014058113098145,1.0,0.0,1.0,1.0,0.0,1.0
SNPT-101,1,,1.0,0.0,0.0,0.0,1.0,0.963855421686747,0.8864274553954601,0.0,82.0,83.0,83.0,1701.0,442.0,1912.8187341986447,471.95580296403216,86.31141663298618,4.0,0.25088698003248017,0.873202809492747,0.22865853658536586,0.0,1.0,0.9085365853658537,0.9071821372380993,422.0,749.0,328.0,328.0,1910.5,575.0,672.0322332026371,485.918904951775,103.20048876707094,340.0,103.07028219167408,-2.3187341986447336,103.04419703596784,0.8363469753306663,0.9502630829811096,0.9597162008285522,0.0,0.0,0.0,1.0,0.0,1.0
SNPT-101,0,10.0,0.0055698483795429115,0.9988653293783734,0.5863746958637469,0.0,1.0,0.8004866180048662,0.8307889083960861,0.0,410.0,411.0,411.0,782.5,695.5,12.637083242604717,514.0843345173278,106.14045251081465,11.0,0.8650807366551211,0.692142903804779,0.06060606060606061,1.0,1.0,0.9494949494949495,0.9140620783288428,651.0,749.0,99.0,99.0,8.0,1031.5,458.028528075149,881.2268283190522,157.81095702550684,241.0,517.4364438536152,-4.637083242604717,517.4156654826722,0.6725797404147247,0.6970534920692444,0.878203272819519,0.0,1.0,0.0,0.0,1.0,1.0
SNPT-101,1,31.0,0.08345474867383018,0.9851109385490417,0.007220216606498195,0.0,1.0,0.9458483754512635,0.8986715026029194,0.0,276.0,277.0,277.0,1313.5,401.0,1910.471120729649,521.3790399844003,83.19625439349055,,1.0,0.0,0.0,0.0,1.0,0.946236559139785,0.8654586164788767,366.0,458.0,93.0,93.0,1895.5,487.5,13.980920739983489,499.7375248178736,84.93105454804018,90.0,37.03948982054587,-14.971120729649101,-33.879039984400265,0.9795740184343482,0.9389604330062866,0.9880328178405762,0.0,0.0,0.0,1.0,0.0,1.0
SNPT-101,0,6.0,0.006745310338604098,0.9897817956076728,0.3202846975088968,1.0,1.0,0.900355871886121,0.9278222133990804,0.0,280.0,281.0,281.0,699.5,558.0,1901.0010867231708,523.9323464477901,100.94696327459161,11.0,0.8650807366551211,0.692142903804779,0.06060606060606061,1.0,1.0,0.9494949494949495,0.9140620783288428,651.0,749.0,99.0,99.0,8.0,1031.5,458.028528075149,881.2268283190522,157.81095702550684,371.0,1959.8668417184883,-1893.0010867231708,507.5676535522099,0.6396701799246781,0.7828006744384766,0.9764395952224731,0.0,1.0,0.0,1.0,0.0,1.0
SNPT-101,0,33.0,0.05627736333141752,0.9666767750961193,0.3333333333333333,0.0,1.0,0.8405797101449275,0.9299512834384523,2.0,208.0,207.0,207.0,1907.0,773.0,16.04669845180561,932.3827343599193,159.98859201000374,,1.0,0.0,0.0,1.0,1.0,0.75,0.7814572726109231,578.0,749.0,172.0,172.0,1911.5,567.5,1570.0431100227602,508.47281090312424,93.41084799734607,370.0,1930.2545501005616,1895.4533015481943,-364.88273435991925,1.7127410299770456,0.6540938019752502,0.8887985348701477,0.0,0.0,0.0,0.0,1.0,1.0
SNPT-102,1,9.0,0.11201549915519232,0.9473566590128718,0.11935483870967742,1.0,0.9965753424657534,0.9419354838709677,0.8775322765928425,0.0,310.0,311.0,310.0,935.5,395.5,5.993596568672945,487.5678688291307,64.24638446334764,,1.0,0.0,0.0,1.0,1.0,0.8666666666666667,0.8998597997885484,720.0,749.0,30.0,30.0,6.5,455.5,135.85502127454245,453.67705835458924,85.74879275391076,410.0,32.071867043837536,0.5064034313270547,-32.0678688291307,0.7492395216306709,0.8522754907608032,0.9544802904129028,0.0,0.0,0.0,1.0,0.0,1.0
SNPT-102,0,9.0,0.11201549915519232,0.9473566590128718,0.11935483870967742,1.0,0.9965753424657534,0.9419354838709677,0.8775322765928425,0.0,310.0,311.0,310.0,935.5,395.5,5.993596568672945,487.5678688291307,64.24638446334764,,1.0,0.0,0.0,0.0,1.0,0.9649122807017544,0.9089031067761508,693.0,749.0,57.0,57.0,10.0,372.0,310.77351723531245,359.81420566886914,70.45860125162592,383.0,115.63729318071098,4.006403431327055,-115.5678688291307,0.9118316759355917,0.6940858364105225,0.919471263885498,0.0,0.0,0.0,0.0,1.0,1.0
SNPT-102,1,,1.0,0.0,0.0,0.0,1.0,0.9237536656891495,0.9001994392228505,0.0,340.0,341.0,341.0,511.5,335.5,4.883538848412018,444.9678908668027,51.48812378594774,,1.0,0.0,0.0,0.0,1.0,0.9649122807017544,0.9089031067761508,693.0,749.0,57.0,57.0,10.0,372.0,310.77351723531245,359.81420566886914,70.45860125162592,353.0,73.14705238261715,5.116461151587982,-72.96789086680269,0.7307571094417602,0.7222968339920044,0.9840705990791321,0.0,0.0,0.0,1.0,0.0,1.0
SNPT-102,0,33.0,0.002873649172517208,0.999396232360187,0.7450199203187251,1.0,1.0,0.4262948207171315,0.6726082613301831,0.0,250.0,251.0,251.0,973.0,781.0,9.178034997465303,787.2531571120633,136.79883948450134,,1.0,0.0,0.0,0.0,1.0,0.9649122807017544,0.9089031067761508,693.0,749.0,57.0,57.0,10.0,372.0,310.77351723531245,359.81420566886914,70.45860125162592,443.0,415.25397062280007,0.8219650025346965,-415.25315711206326,1.9415491800065294,0.6697771549224854,0.7625894546508789,0.0,0.0,0.0,0.0,1.0,1.0
SNPT-102,1,33.0,0.002873649172517208,0.999396232360187,0.7450199203187251,1.0,1.0,0.4262948207171315,0.6726082613301831,0.0,250.0,251.0,251.0,973.0,781.0,9.178034997465303,787.2531571120633,136.79883948450134,33.0,0.017457958528870346,0.9964188172899443,0.27884615384615385,1.0,1.0,0.6923076923076923,0.8242685745159785,646.0,749.0,104.0,104.0,12.0,934.5,396.1397990950568,780.0556149407719,158.315012238341,396.0,147.27388168626595,2.8219650025346965,147.24684288793674,0.8640926564724805,0.9366510510444641,0.96611487865448,1.0,0.0,1.0,1.0,0.0,1.0
SNPT-102,1,16.0,0.3035366053300095,0.8241950035095215,0.013157894736842105,1.0,1.0,0.8868421052631579,0.8820943802329836,0.0,379.0,380.0,380.0,968.0,350.5,5.112844709774118,471.75157675153,57.614894437137515,,1.0,0.0,0.0,1.0,1.0,0.9814814814814815,0.8981700123481031,642.0,749.0,108.0,108.0,7.0,404.0,557.463732405883,372.0830163472646,76.39067162003018,263.0,67.77785410742871,1.8871552902258824,-67.75157675153002,0.7542137438418657,0.7510212659835815,0.9930580854415894,0.0,0.0,0.0,1.0,0.0,1.0
SNPT-102,0,6.0,0.0021016730806046164,0.9991058598258602,0.7952522255192879,0.0,1.0,0.9406528189910979,0.8283425994475934,0.0,336.0,337.0,337.0,672.5,476.0,12.294488999444944,543.0171287851663,80.23653460320888,,1.0,0.0,0.0,0.0,1.0,0.84375,0.9312439097298516,487.0,518.0,32.0,32.0,12.5,361.0,5.805025248821311,362.87405300333785,72.07820567237565,151.0,182.0172448038019,0.205511000555056,-182.01712878516628,1.113187181266916,0.7127504348754883,0.9601222276687622,0.0,0.0,0.0,1.0,0.0,1.0
SNPT-102,1,6.0,0.0021016730806046164,0.9991058598258602,0.7952522255192879,0.0,1.0,0.9406528189910979,0.8283425994475934,0.0,336.0,337.0,337.0,672.5,476.0,12.294488999444944,543.0171287851663,80.23653460320888,6.0,0.25530546127508086,0.7695567905902863,0.0410958904109589,0.0,1.0,0.8995433789954338,0.8621974992873099,491.0,749.0,259.0,219.0,16.0,678.0,432.9677562503226,574.0517772894515,132.13900168423334,155.0,135.03372294792,3.705511000555056,134.98287121483372,0.6072131133164343,0.8798007369041443,0.9709206223487854,1.0,0.0,0.0,1.0,0.0,1.0
SNPT-102,0,10.0,0.004461106392278801,0.9981922331978293,0.7652733118971061,1.0,1.0,0.9517684887459807,0.7889252409741685,0.0,310.0,311.0,311.0,971.0,462.0,13.969143938857947,616.3793219203842,79.21389452882251,,1.0,0.0,0.0,0.0,1.0,0.84375,0.9312439097298516,487.0,518.0,32.0,32.0,12.5,361.0,5.805025248821311,362.87405300333785,72.07820567237565,177.0,255.38354772464945,-1.4691439388579468,-255.3793219203842,1.0989992576796574,0.6401776671409607,0.8945302367210388,0.0,0.0,0.0,0.0,1.0,1.0
SNPT-102,1,33.0,0.009639350270515256,0.997876004261129,0.24878048780487805,0.0,0.9663865546218487,0.8707317073170732,0.8442855909758923,0.0,409.0,410.0,410.0,1067.0,377.5,4.672544124604817,406.9281625880899,54.361191886915485,,1.0,0.0,0.0,0.0,1.0,0.84375,0.9312439097298516,487.0,518.0,32.0,32.0,12.5,361.0,5.805025248821311,362.87405300333785,72.07820567237565,78.0,46.59039798283846,7.827455875395183,-45.92816258808989,0.7541973524425526,0.7645683288574219,0.986314058303833,0.0,0.0,0.0,1.0,0.0,1.0
SNPT-102,1,3.0,0.013632030517799328,0.9903444446874469,0.2870967741935484,0.0,1.0,0.9419354838709677,0.8944238185474317,0.0,309.0,310.0,310.0,292.0,409.5,15.497150209305364,483.8401370263381,63.910586337988995,,1.0,0.0,0.0,0.0,1.0,0.927536231884058,0.8237633993849158,681.0,749.0,69.0,69.0,13.0,845.5,255.83844490049816,768.0615970091103,149.90417708328667,372.0,361.6684838983012,-2.4971502093053637,361.6598629736619,0.4263429317415239,0.6519581079483032,0.935840368270874,0.0,0.0,0.0,1.0,0.0,1.0
SNPT-102,1,,1.0,0.0,0.0,0.0,1.0,0.84375,0.9312439097298516,487.0,518.0,32.0,32.0,12.5,361.0,5.805025248821311,362.87405300333785,72.07820567237565,,1.0,0.0,0.0,0.0,1.0,0.9741379310344828,0.9178739965489481,634.0,749.0,116.0,116.0,8.5,394.5,643.631149884914,358.03930065194254,69.53979858959642,116.0,31.740564146611735,2.6949747511786892,31.62594699666215,1.0365029398166676,0.9485516548156738,0.9873577356338501,0.0,0.0,0.0,1.0,0.0,1.0
SNPT-102,0,,1.0,0.0,0.0,0.0,1.0,0.84375,0.9312439097298516,487.0,518.0,32.0,32.0,12.5,361.0,5.805025248821311,362.87405300333785,72.07820567237565,,1.0,0.0,0.0,1.0,1.0,0.8666666666666667,0.8998597997885484,720.0,749.0,30.0,30.0,6.5,455.5,135.85502127454245,453.67705835458924,85.74879275391076,202.0,92.62855416626799,0.6949747511786892,92.62594699666215,0.8405739994408068,0.6442388296127319,0.8815003633499146,0.0,0.0,0.0,0.0,1.0,1.0
SNPT-102,1,,1.0,0.0,0.0,0.0,1.0,0.9545454545454546,0.8732221641001248,0.0,175.0,176.0,176.0,192.0,577.5,7.730970204511451,568.0364129689842,93.7998386151684,,1.0,0.0,0.0,0.0,1.0,0.8461538461538461,0.8698960271748629,737.0,749.0,13.0,13.0,12.0,447.0,50.23111409386729,445.09023876196625,88.74067096380749,562.0,121.1116752414616,4.269029795488549,-121.03641296898422,1.05701069866177,0.8550918102264404,0.9762868881225586,0.0,0.0,0.0,1.0,0.0,1.0
SNPT-102,1,24.0,0.007105842970279448,0.9952459907531739,0.21929824561403508,0.0,1.0,0.9619883040935673,0.8746960606980831,0.0,341.0,342.0,342.0,846.5,566.0,12.490652584608753,685.0397531386852,94.93857372660244,27.0,0.0993499313481152,0.9849315285682678,0.0030864197530864196,0.0,1.0,0.9197530864197531,0.8536704138621388,426.0,749.0,324.0,324.0,20.0,783.0,846.5178829528123,754.3163910586916,148.09206399964435,85.0,98.2476476244331,7.509347415391247,97.96024686131477,0.6410780642967502,0.9198398590087891,0.9875755310058594,0.0,1.0,1.0,1.0,0.0,1.0
SNPT-102,0,36.0,0.0007121188594913923,0.9950037501027099,0.3704918032786885,0.0,1.0,0.9639344262295082,0.9013020296891531,0.0,311.0,312.0,305.0,477.0,477.0,4.851055194328342,616.1435264888171,75.38826578337073,,1.0,0.0,0.0,0.0,1.0,0.8461538461538461,0.8698960271748629,737.0,749.0,13.0,13.0,12.0,447.0,50.23111409386729,445.09023876196625,88.74067096380749,426.0,169.29453613424064,7.148944805671658,-169.1435264888171,0.849534547852557,0.8170164227485657,0.9747048616409302,0.0,0.0,0.0,1.0,0.0,1.0
SNPT-102,0,16.0,0.3035366053300095,0.8241950035095215,0.013157894736842105,1.0,1.0,0.8868421052631579,0.8820943802329836,0.0,379.0,380.0,380.0,968.0,350.5,5.112844709774118,471.75157675153,57.614894437137515,,1.0,0.0,0.0,0.0,1.0,0.84375,0.9312439097298516,487.0,518.0,32.0,32.0,12.5,361.0,5.805025248821311,362.87405300333785,72.07820567237565,108.0,110.99766581434025,7.387155290225882,-110.75157675153002,0.7993386336366407,0.6082031726837158,0.9293221831321716,0.0,0.0,0.0,0.0,1.0,1.0
SNPT-102,0,,1.0,0.0,0.0,0.0,1.0,0.9545454545454546,0.8732221641001248,0.0,175.0,176.0,176.0,192.0,577.5,7.730970204511451,568.0364129689842,93.7998386151684,,1.0,0.0,0.0,1.0,1.0,0.9814814814814815,0.8981700123481031,642.0,749.0,108.0,108.0,7.0,404.0,557.463732405883,372.0830163472646,76.39067162003018,467.0,164.03804161587342,-0.7309702045114506,-164.03641296898422,1.227896503930899,0.6376194953918457,0.8911411762237549,0.0,0.0,0.0,0.0,1.0,1.0
SNPT-102,0,24.0,0.007105842970279448,0.9952459907531739,0.21929824561403508,0.0,1.0,0.9619883040935673,0.8746960606980831,0.0,341.0,342.0,342.0,846.5,566.0,12.490652584608753,685.0397531386852,94.93857372660244,,1.0,0.0,0.0,0.0,1.0,0.9741379310344828,0.9178739965489481,634.0,749.0,116.0,116.0,8.5,394.5,643.631149884914,358.03930065194254,69.53979858959642,293.0,290.5671582645554,-3.9906525846087533,-290.5397531386852,1.3652408498750792,0.7672895789146423,0.9742649793624878,0.0,0.0,0.0,1.0,0.0,1.0
SNPT-102,0,6.0,0.0021016730806046164,0.9991058598258602,0.7952522255192879,0.0,1.0,0.9406528189910979,0.8283425994475934,0.0,336.0,337.0,337.0,672.5,476.0,12.294488999444944,543.0171287851663,80.23653460320888,,1.0,0.0,0.0,1.0,1.0,0.9278350515463918,0.8362186107370588,653.0,749.0,97.0,97.0,8.5,253.0,554.6570019861604,238.48426295167326,45.535004567676324,317.0,290.04195064776167,-3.794488999444944,-290.0171287851663,1.762084694291783,0.618355393409729,0.9000135660171509,0.0,0.0,0.0,0.0,1.0,1.0
SNPT-102,0,3.0,0.013632030517799328,0.9903444446874469,0.2870967741935484,0.0,1.0,0.9419354838709677,0.8944238185474317,0.0,309.0,310.0,310.0,292.0,409.5,15.497150209305364,483.8401370263381,63.910586337988995,,1.0,0.0,0.0,1.0,1.0,0.9278350515463918,0.8362186107370588,653.0,749.0,97.0,97.0,8.5,253.0,554.6570019861604,238.48426295167326,45.535004567676324,344.0,230.94616033480642,-6.997150209305364,-230.84013702633808,1.4035484775894114,0.6146955490112305,0.9275744557380676,0.0,0.0,0.0,0.0,1.0,1.0
SNPT-102,1,10.0,0.004461106392278801,0.9981922331978293,0.7652733118971061,1.0,1.0,0.9517684887459807,0.7889252409741685,0.0,310.0,311.0,311.0,971.0,462.0,13.969143938857947,616.3793219203842,79.21389452882251,10.0,0.0009239532651198109,0.9998938019076983,0.0898876404494382,1.0,1.0,0.9176029962546817,0.9093577419008527,483.0,749.0,267.0,267.0,12.0,678.5,495.7185561771608,553.3374898342098,114.40892520244758,173.0,62.15187988245569,-1.9691439388579468,62.1206780796158,0.6923751305997573,0.8852193355560303,0.968363881111145,1.0,0.0,1.0,1.0,0.0,1.0
SNPT-102,1,,1.0,0.0,0.0,1.0,1.0,0.008450704225352112,0.5857896908384854,0.0,354.0,355.0,355.0,962.0,279.5,6.389718551167547,396.0326830913843,39.659488518679794,,1.0,0.0,0.0,1.0,1.0,0.9278350515463918,0.8362186107370588,653.0,749.0,97.0,97.0,8.5,253.0,554.6570019861604,238.48426295167326,45.535004567676324,299.0,143.04824962268378,2.1102814488324526,-143.03268309138429,0.8709670482131158,0.832033634185791,0.9673594236373901,0.0,0.0,0.0,1.0,0.0,1.0
SNPT-102,0,10.0,0.004461106392278801,0.9981922331978293,0.7652733118971061,1.0,1.0,0.9517684887459807,0.7889252409741685,0.0,310.0,311.0,311.0,971.0,462.0,13.969143938857947,616.3793219203842,79.21389452882251,,1.0,0.0,0.0,0.0,1.0,0.8461538461538461,0.8698960271748629,737.0,749.0,13.0,13.0,12.0,447.0,50.23111409386729,445.09023876196625,88.74067096380749,427.0,169.39076781826418,-1.9691439388579468,-169.3793219203842,0.8926447554259486,0.6455843448638916,0.8962574005126953,0.0,0.0,0.0,0.0,1.0,1.0
SNPT-102,0,6.0,0.0021016730806046164,0.9991058598258602,0.7952522255192879,0.0,1.0,0.9406528189910979,0.8283425994475934,0.0,336.0,337.0,337.0,672.5,476.0,12.294488999444944,543.0171287851663,80.23653460320888,33.0,0.017457958528870346,0.9964188172899443,0.27884615384615385,1.0,1.0,0.6923076923076923,0.8242685745159785,646.0,749.0,104.0,104.0,12.0,934.5,396.1397990950568,780.0556149407719,158.315012238341,310.0,391.4829819779921,-0.294488999444944,391.4828712148337,0.5068157054014177,0.6700604557991028,0.8772661685943604,0.0,1.0,1.0,0.0,1.0,1.0
SNPT-102,1,33.0,0.009639350270515256,0.997876004261129,0.24878048780487805,0.0,0.9663865546218487,0.8707317073170732,0.8442855909758923,0.0,409.0,410.0,410.0,1067.0,377.5,4.672544124604817,406.9281625880899,54.361191886915485,,1.0,0.0,0.0,0.0,1.0,0.9741379310344828,0.9178739965489481,634.0,749.0,116.0,116.0,8.5,394.5,643.631149884914,358.03930065194254,69.53979858959642,225.0,13.004177936113235,3.8274558753951826,-12.42816258808989,0.7817277730086531,0.7855633497238159,0.9846791625022888,0.0,0.0,0.0,1.0,0.0,1.0
SNPT-103,1,33.0,0.003245816419123447,0.9992879709681949,0.9327731092436975,0.0,1.0,0.9537815126050421,0.8159954033234046,0.0,239.0,240.0,238.0,1374.5,708.0,1907.5440153444533,701.6480533656435,139.40753199395343,33.0,0.024654366128483002,0.9674903211718745,0.7190775681341719,0.0,1.0,0.9412997903563941,0.8449109111703053,273.0,749.0,477.0,477.0,1905.9232681814378,763.7977398119813,1323.3331464731414,574.0011049298112,122.06384089350681,34.0,62.17081587645868,-1.6207471630154942,62.149686446337796,1.1420870502967206,0.9306176900863647,0.9844195246696472,1.0,0.0,1.0,1.0,0.0,1.0
SNPT-103,1,33.0,0.009662463695572452,0.9826440325584905,0.24733475479744135,1.0,0.9975728155339806,0.8784648187633263,0.8858896551780331,281.0,749.0,469.0,469.0,1909.585726482019,600.3888571868556,1257.54291058613,487.7503616342817,96.47897733190177,33.0,0.0014217772996289568,0.9998303589224815,0.8403361344537815,1.0,1.0,0.8529411764705882,0.7721355228588499,0.0,237.0,238.0,238.0,1429.5,619.0,1900.5609604254282,663.9555911817004,118.33390232068601,44.0,64.20417488876829,9.024766056590806,-63.56673399484475,0.8153113810989079,0.907395601272583,0.9174498319625854,1.0,0.0,1.0,1.0,0.0,1.0
SNPT-103,1,,1.0,0.0,0.0,0.0,1.0,0.8608695652173913,0.6274067639100431,0.0,229.0,230.0,230.0,1640.5,419.0,1912.1690260853225,458.25932454638655,77.37808395246051,,1.0,0.0,0.0,0.0,0.9908256880733946,0.8650793650793651,0.8552464115510293,624.0,749.0,126.0,126.0,24.0,462.5,350.46109957020695,562.5087201422205,90.13448835613481,395.0,1888.1737881869608,-1888.1690260853225,4.2406754536134486,0.8584736582375456,0.7899987697601318,0.9669141173362732,0.0,0.0,0.0,1.0,0.0,1.0
SNPT-103,0,24.0,0.04567985737546231,0.9806358721412596,0.5951219512195122,0.0,1.0,0.9512195121951219,0.8492765937096033,0.0,204.0,205.0,205.0,1771.0,624.0,1912.4579795065083,693.4472857010353,114.76342965578213,,1.0,0.0,0.0,1.0,1.0,0.8,0.8916848450899124,735.0,749.0,15.0,15.0,6.0,561.0,27.208113786312687,534.0339428676311,81.41053705489989,531.0,1911.053194213497,-1906.4579795065083,-132.4472857010353,1.4096876621559495,0.637012779712677,0.8740044236183167,0.0,0.0,0.0,0.0,1.0,1.0
SNPT-103,0,33.0,0.0014217772996289568,0.9998303589224815,0.8403361344537815,1.0,1.0,0.8529411764705882,0.7721355228588499,0.0,237.0,238.0,238.0,1429.5,619.0,1900.5609604254282,663.9555911817004,118.33390232068601,10.0,0.04589788680100011,0.9785418986312805,0.7469879518072289,0.0,1.0,0.9397590361445783,0.8289550187496039,584.0,749.0,166.0,166.0,19.0,923.5,1724.869153691308,778.730003591688,144.13158733342843,347.0,1899.3775159103839,-1881.5609604254282,259.54440881829964,0.8210129681492853,0.5106751918792725,0.8660403490066528,0.0,1.0,1.0,0.0,1.0,1.0
SNPT-103,0,62.0,0.007147140669938631,0.976311480182977,0.32245681381957775,1.0,1.0,0.8714011516314779,0.8502197785524545,0.0,554.0,555.0,521.0,829.5,655.0,9.830636398028263,508.5537371843544,122.57851517295789,10.0,0.04589788680100011,0.9785418986312805,0.7469879518072289,0.0,1.0,0.9397590361445783,0.8289550187496039,584.0,749.0,166.0,166.0,19.0,923.5,1724.869153691308,778.730003591688,144.13158733342843,30.0,415.0475614354769,9.169363601971737,414.9462628156456,0.8504625352483596,0.6547404527664185,0.8921809196472168,0.0,1.0,1.0,0.0,1.0,1.0
SNPT-103,0,36.0,0.149432234167607,0.8927865290158504,0.2846153846153846,1.0,1.0,0.9,0.892698578727551,0.0,519.0,520.0,520.0,464.0,635.5,27.598121591422952,597.8133222612593,111.17600063927057,31.0,0.03330956994919428,0.9661730457754696,0.07692307692307693,0.0,1.0,0.8778280542986425,0.8810489299345989,529.0,749.0,221.0,221.0,1906.5,708.5,965.7529687533099,583.012658443093,81.08657422997328,10.0,1882.159347482598,1878.901878408577,110.68667773874074,1.3710777856264997,0.7477864027023315,0.9265947937965393,0.0,1.0,1.0,0.0,1.0,1.0
SNPT-103,0,,1.0,0.0,0.0,,0.0,0.0,0.5244021521164821,0.0,423.0,424.0,424.0,538.5,553.0,5.583786347312239,456.901255678643,102.95056655092817,,1.0,0.0,0.0,0.0,0.9908256880733946,0.8650793650793651,0.8552464115510293,624.0,749.0,126.0,126.0,24.0,462.5,350.46109957020695,562.5087201422205,90.13448835613481,201.0,19.248450931889824,18.41621365268776,5.598744321357003,1.1421883945705125,0.6604558229446411,0.9100647568702698,0.0,0.0,0.0,0.0,0.0,0.0
SNPT-103,1,24.0,0.04567985737546231,0.9806358721412596,0.5951219512195122,0.0,1.0,0.9512195121951219,0.8492765937096033,0.0,204.0,205.0,205.0,1771.0,624.0,1912.4579795065083,693.4472857010353,114.76342965578213,24.0,0.039028060919119936,0.9841702785712994,0.3333333333333333,0.0,1.0,0.9536423841059603,0.8681492443989824,297.0,749.0,453.0,453.0,1909.0,615.0,1183.023730141735,527.9650005854241,91.26852812197644,93.0,78.52346309306084,-3.457979506508309,-78.4472857010353,1.2574261031404579,0.9116712808609009,0.9807345867156982,1.0,0.0,1.0,1.0,0.0,1.0
SNPT-103,0,24.0,0.04567985737546231,0.9806358721412596,0.5951219512195122,0.0,1.0,0.9512195121951219,0.8492765937096033,0.0,204.0,205.0,205.0,1771.0,624.0,1912.4579795065083,693.4472857010353,114.76342965578213,,1.0,0.0,0.0,0.0,1.0,0.8449612403100775,0.8596485060289365,290.0,547.0,258.0,258.0,1911.0,429.0,16.733338021978696,447.4277101947564,79.95764852104656,86.0,264.45130481600273,-1.457979506508309,-264.4472857010353,1.4353027106040261,0.7662628889083862,0.9658597111701965,0.0,0.0,0.0,1.0,0.0,1.0
SNPT-103,1,,1.0,0.0,0.0,0.0,1.0,0.8608695652173913,0.6274067639100431,0.0,229.0,230.0,230.0,1640.5,419.0,1912.1690260853225,458.25932454638655,77.37808395246051,,1.0,0.0,0.0,0.0,1.0,0.8449612403100775,0.8596485060289365,290.0,547.0,258.0,258.0,1911.0,429.0,16.733338021978696,447.4277101947564,79.95764852104656,61.0,29.282668848637122,-1.1690260853224572,-29.25932454638655,0.9677383637925888,0.8314669132232666,0.9672373533248901,0.0,0.0,0.0,1.0,0.0,1.0
SNPT-103,1,,1.0,0.0,0.0,0.0,1.0,0.8449612403100775,0.8596485060289365,290.0,547.0,258.0,258.0,1911.0,429.0,16.733338021978696,447.4277101947564,79.95764852104656,,1.0,0.0,0.0,0.0,0.9908256880733946,0.8650793650793651,0.8552464115510293,624.0,749.0,126.0,126.0,24.0,462.5,350.46109957020695,562.5087201422205,90.13448835613481,77.0,16.7325519953195,7.266661978021304,15.0722898052436,0.887092720880846,0.9153894186019897,0.9922263026237488,0.0,0.0,0.0,1.0,0.0,1.0
SNPT-103,0,33.0,0.003245816419123447,0.9992879709681949,0.9327731092436975,0.0,1.0,0.9537815126050421,0.8159954033234046,0.0,239.0,240.0,238.0,1374.5,708.0,1907.5440153444533,701.6480533656435,139.40753199395343,33.0,0.009662463695572452,0.9826440325584905,0.24733475479744135,1.0,0.9975728155339806,0.8784648187633263,0.8858896551780331,281.0,749.0,469.0,469.0,1909.585726482019,600.3888571868556,1257.54291058613,487.7503616342817,96.47897733190177,42.0,101.27977781938263,2.0417111375656987,-101.25919617878787,1.444952422270928,0.6400989890098572,0.8321260213851929,1.0,0.0,1.0,0.0,1.0,1.0
SNPT-103,0,33.0,0.003245816419123447,0.9992879709681949,0.9327731092436975,0.0,1.0,0.9537815126050421,0.8159954033234046,0.0,239.0,240.0,238.0,1374.5,708.0,1907.5440153444533,701.6480533656435,139.40753199395343,10.0,0.04589788680100011,0.9785418986312805,0.7469879518072289,0.0,1.0,0.9397590361445783,0.8289550187496039,584.0,749.0,166.0,166.0,19.0,923.5,1724.869153691308,778.730003591688,144.13158733342843,345.0,1901.5301165426763,-1888.5440153444533,221.85194663435652,0.9672240108717699,0.8656500577926636,0.9446657299995422,0.0,1.0,1.0,1.0,0.0,1.0
SNPT-103,1,10.0,0.0076601851280057335,0.9968114993941616,0.6853281853281853,0.0,1.0,0.915057915057915,0.7983046846802224,0.0,517.0,518.0,518.0,701.5,698.0,11.483127364145371,893.2880759019183,137.23951770009435,10.0,0.04589788680100011,0.9785418986312805,0.7469879518072289,0.0,1.0,0.9397590361445783,0.8289550187496039,584.0,749.0,166.0,166.0,19.0,923.5,1724.869153691308,778.730003591688,144.13158733342843,67.0,31.13300068949199,7.516872635854629,30.21192409808168,0.9521821013641498,0.9216136932373047,0.9911686182022095,1.0,0.0,1.0,1.0,0.0,1.0
SNPT-103,1,27.0,0.20721227961538488,0.8535013485837866,0.05027932960893855,1.0,0.9956521739130435,0.8566108007448789,0.8602573612461919,0.0,536.0,537.0,537.0,508.0,539.0,27.03775046272407,469.8715051582543,101.07641712014056,,1.0,0.0,0.0,1.0,1.0,0.8,0.8916848450899124,735.0,749.0,15.0,15.0,6.0,561.0,27.208113786312687,534.0339428676311,81.41053705489989,199.0,93.52534157464446,-21.03775046272407,91.12849484174569,1.2415643082169918,0.9112155437469482,0.9536739587783813,0.0,0.0,0.0,1.0,0.0,1.0
SNPT-104,1,,1.0,0.0,0.0,1.0,1.0,0.782608695652174,0.8416329324245453,727.0,749.0,23.0,23.0,25.986280230112584,739.2010241636517,398.0390566570844,732.6398947639536,164.61887188986518,14.0,0.04230792276100854,0.9562948998950777,0.039473684210526314,1.0,1.0,0.8627819548872181,0.8789941191932994,0.0,571.0,572.0,532.0,573.5,556.5,6.775817415998395,625.166629107179,93.48916188734911,156.0,115.64119135251137,19.210462814114187,114.0343950564727,1.760833754058301,0.8941468000411987,0.9012976288795471,0.0,0.0,0.0,1.0,0.0,1.0
SNPT-104,1,,1.0,0.0,0.0,1.0,1.0,0.9142857142857143,0.9099610671401024,0.0,34.0,35.0,35.0,29.0,594.0,7.669086846129426,622.2175713399172,127.00048272965743,3.0,0.06852235401040277,0.9152086141862368,0.3866279069767442,1.0,1.0,0.9680232558139535,0.9181558153292796,99.0,442.0,344.0,344.0,5.5,589.0,8.175820228561392,703.2841986485232,108.194594967112,65.0,33.28831602031769,-2.169086846129426,-33.217571339917185,1.1738154088775126,0.9488354921340942,0.9911278486251831,0.0,0.0,0.0,1.0,0.0,1.0
SNPT-104,0,,1.0,0.0,0.0,1.0,1.0,0.782608695652174,0.8416329324245453,727.0,749.0,23.0,23.0,25.986280230112584,739.2010241636517,398.0390566570844,732.6398947639536,164.61887188986518,34.0,0.0585367100967485,0.9626381745138967,0.37295690936106984,0.0,1.0,0.9182763744427934,0.825770071119938,0.0,672.0,673.0,673.0,1253.0,536.0,7.25945473452223,673.1857996421795,103.83150228590246,55.0,68.61999607813073,18.726825495590354,66.01522452147219,1.5854424549938926,0.755530834197998,0.8574666976928711,0.0,0.0,0.0,0.0,1.0,1.0
SNPT-104,1,,1.0,0.0,0.0,0.0,1.0,0.013888888888888888,0.549931016430926,73.0,144.0,72.0,72.0,1900.0,489.0,1916.3820146527837,476.7389323204179,71.66151368921543,,1.0,0.0,0.0,1.0,1.0,0.007633587786259542,0.554602497401722,488.0,749.0,262.0,262.0,1913.0,503.5,382.2802476614767,517.6242461438654,83.02262030178277,344.0,26.973927531281323,-3.3820146527837096,26.761067679582084,0.8631564919142478,0.8697566986083984,0.9637558460235596,0.0,0.0,0.0,0.0,1.0,1.0
SNPT-104,0,,1.0,0.0,0.0,1.0,1.0,0.782608695652174,0.8416329324245453,727.0,749.0,23.0,23.0,25.986280230112584,739.2010241636517,398.0390566570844,732.6398947639536,164.61887188986518,10.0,0.015619557523099573,0.9877612410851244,0.15680473372781065,0.0,0.9900332225913622,0.8905325443786982,0.8972076910278726,0.0,675.0,676.0,676.0,744.5,585.0,6.265111018333664,574.8430960256044,89.20657792380928,52.0,165.53686313601312,19.72116921177892,164.35792813804733,1.8453669641992658,0.7501601576805115,0.8503710627555847,0.0,0.0,0.0,0.0,1.0,1.0
SNPT-104,0,9.0,0.04394707771865282,0.9706623030906659,0.3091715976331361,0.0,1.0,0.9230769230769231,0.8780254420752709,0.0,675.0,676.0,676.0,140.5,619.5,19.18865497676206,893.8110507119029,113.87043284199042,,1.0,0.0,0.0,1.0,1.0,0.782608695652174,0.8416329324245453,727.0,749.0,23.0,23.0,25.986280230112584,739.2010241636517,398.0390566570844,732.6398947639536,164.61887188986518,52.0,154.75938749664246,6.797625253350525,-154.6100265482512,0.6917216205817098,0.7104055881500244,0.8486326336860657,0.0,0.0,0.0,0.0,1.0,1.0
SNPT-105,1,,1.0,0.0,0.0,1.0,1.0,0.8804347826086957,0.8848335632571468,133.0,224.0,92.0,92.0,546.0,293.5,4.9045991220082,435.9917621180311,55.199035246366705,27.0,0.023655026913664706,0.9952587769145057,0.06231454005934718,1.0,0.9678571428571429,0.8308605341246291,0.8829839695777212,330.0,666.0,337.0,337.0,10.0,431.0,10.70141513276939,462.9713165932558,101.4917733729094,106.0,7.133077817495743,5.0954008779918,-4.99176211803109,0.5438769410753114,0.9149620532989502,0.9910668730735779,0.0,0.0,0.0,1.0,0.0,1.0
SNPT-105,0,,1.0,0.0,0.0,0.0,1.0,0.9393939393939394,0.8056609169129403,0.0,32.0,33.0,33.0,1679.5,340.0,1915.0107456341539,378.58018125263317,60.50742969550534,,1.0,0.0,0.0,1.0,1.0,0.8804347826086957,0.8848335632571468,133.0,224.0,92.0,92.0,546.0,293.5,4.9045991220082,435.9917621180311,55.199035246366705,101.0,1371.6519452484158,-1369.0107456341539,-85.08018125263317,1.0961682468805112,0.6455342173576355,0.9512116312980652,0.0,0.0,0.0,0.0,1.0,1.0
SNPT-105,0,,1.0,0.0,0.0,0.0,1.0,0.9015151515151515,0.8965065008451959,0.0,134.0,135.0,132.0,551.5,416.5,2.060351358574664,743.4419265308156,86.47776339497997,16.0,0.0013784100026961305,0.9998040846415929,0.9210526315789473,0.0,1.0,0.9210526315789473,0.7036930918693542,344.0,420.0,77.0,76.0,7.5,703.5,9.86263707072328,712.213677783317,164.9573010593038,210.0,40.31063472999693,5.439648641425336,-39.941926530815635,0.5242433213907298,0.7675645351409912,0.9010833501815796,0.0,0.0,0.0,1.0,0.0,1.0
SNPT-105,0,,1.0,0.0,0.0,0.0,1.0,0.8666666666666667,0.8579846849808326,0.0,14.0,15.0,15.0,1805.5,627.5,1911.8512545569072,702.3198559155041,104.51505435693038,1.0,0.11293413169351557,0.9659929536283016,0.05342237061769616,1.0,0.5882352941176471,0.028380634390651086,0.5652572394739458,151.0,749.0,599.0,599.0,1912.0,376.0,1063.6555762038706,434.1802449096723,78.20381388372587,137.0,326.3198898166066,0.148745443092821,-326.31985591550415,1.3364444669197886,0.5824823379516602,0.9494775533676147,0.0,0.0,0.0,0.0,1.0,0.0
SNPT-105,1,16.0,0.30737253868574044,0.8416580389375272,0.20175438596491227,0.0,1.0,0.9298245614035088,0.879722219030812,521.0,634.0,114.0,114.0,12.642437090453594,686.1653437463096,14.693722092264238,555.3616130749548,99.7460468375458,16.0,0.0013784100026961305,0.9998040846415929,0.9210526315789473,0.0,1.0,0.9210526315789473,0.7036930918693542,344.0,420.0,77.0,76.0,7.5,703.5,9.86263707072328,712.213677783317,164.9573010593038,101.0,26.196240078553473,2.779800019730313,-26.048334037007407,0.6046779754336918,0.8740449547767639,0.8711471557617188,1.0,0.0,0.0,1.0,0.0,1.0
SNPT-105,0,9.0,0.0006301424133804782,0.9999449302752813,0.7058823529411765,1.0,1.0,0.8823529411764706,0.8932874004046122,0.0,16.0,17.0,17.0,1764.5,517.5,1902.4408780867261,544.7521385154324,107.2580908393329,14.0,0.7987516145221889,0.6087738678735846,0.30357142857142855,1.0,1.0,0.875,0.9197411281721932,543.0,635.0,93.0,56.0,5.5,567.5,11.394255199142961,569.8985471381981,98.51073801624635,527.0,1897.0772678408648,-1896.9408780867261,22.74786148456758,1.0887959322936342,0.712287187576294,0.9823622703552246,0.0,1.0,0.0,1.0,0.0,1.0
SNPT-105,0,,1.0,0.0,0.0,1.0,1.0,0.9375,0.8625892758369446,0.0,15.0,16.0,16.0,1778.0,446.5,1914.7690622821638,458.69498955301856,74.08832254774528,16.0,0.0013784100026961305,0.9998040846415929,0.9210526315789473,0.0,1.0,0.9210526315789473,0.7036930918693542,344.0,420.0,77.0,76.0,7.5,703.5,9.86263707072328,712.213677783317,164.9573010593038,329.0,1922.9156947403158,-1907.2690622821638,244.80501044698144,0.4491363648166733,0.6485236883163452,0.7624493837356567,0.0,0.0,0.0,0.0,1.0,1.0
SNPT-105,1,,1.0,0.0,0.0,1.0,1.0,0.9375,0.8625892758369446,0.0,15.0,16.0,16.0,1778.0,446.5,1914.7690622821638,458.69498955301856,74.08832254774528,33.0,0.01515321533120836,0.9912536317575062,0.444794952681388,1.0,1.0,0.9085173501577287,0.8612713776528835,116.0,749.0,634.0,634.0,1903.0,420.5,165.2992356772761,452.15609729334295,101.0929610362628,101.0,39.96708713374852,-11.769062282163759,-38.19498955301856,0.7328732068810334,0.7523775696754456,0.9228937029838562,0.0,0.0,0.0,1.0,0.0,1.0
SNPT-105,0,6.0,0.3119371645152569,0.9347415963808695,0.023076923076923078,1.0,1.0,0.9538461538461539,0.9340858983416711,0.0,129.0,130.0,130.0,337.0,578.5,18.921870161672885,655.9862841795323,116.57756234108156,14.0,0.003199413662367724,0.9994529697202867,0.7560975609756098,1.0,1.0,0.8292682926829268,0.8229160431553336,360.0,419.0,60.0,41.0,6.5,613.5,5.444541345289345,683.6948198518594,148.3496164712186,231.0,44.26496584995219,-12.421870161672885,-42.48628417953228,0.7858298869528849,0.8004571199417114,0.9423776865005493,0.0,1.0,0.0,1.0,0.0,1.0
SNPT-105,1,62.0,0.000369394243169246,0.9878826547368817,0.6938202247191011,1.0,1.0,0.9803370786516854,0.8369959493762784,0.0,355.0,356.0,356.0,1326.5,672.0,1909.9072538202604,695.0583096467149,147.11365296700748,62.0,0.01916341207645125,0.9072963425966158,0.4306784660766962,1.0,1.0,0.9793510324483776,0.8732198394206633,411.0,749.0,339.0,339.0,1909.5,826.0,102.42426488806355,775.0372288302738,155.29768405155497,56.0,130.94232367057538,-0.4072538202603937,130.94169035328514,0.9473010100921364,0.9453364610671997,0.9823884963989258,1.0,0.0,1.0,1.0,0.0,1.0
SNPT-105,1,,1.0,0.0,0.0,1.0,1.0,0.7744360902255639,0.8698662716208152,0.0,132.0,133.0,133.0,756.0,293.0,586.8089104275307,287.64856873600536,47.752165561472395,,1.0,0.0,0.0,1.0,1.0,0.8804347826086957,0.8848335632571468,133.0,224.0,92.0,92.0,546.0,293.5,4.9045991220082,435.9917621180311,55.199035246366705,1.0,41.22628309852196,-40.80891042753069,5.851431263994641,0.8650905826223751,0.900504469871521,0.9932787418365479,0.0,0.0,0.0,1.0,0.0,1.0
SNPT-105,1,16.0,0.0022727475258320874,0.9935762173420674,0.20218579234972678,0.0,1.0,0.9344262295081968,0.870073596287889,0.0,228.0,229.0,183.0,941.5,577.5,8.272914317304945,768.2010543475005,119.69090835651315,16.0,0.0013784100026961305,0.9998040846415929,0.9210526315789473,0.0,1.0,0.9210526315789473,0.7036930918693542,344.0,420.0,77.0,76.0,7.5,703.5,9.86263707072328,712.213677783317,164.9573010593038,116.0,64.70567077328009,-0.7729143173049451,-64.70105434750053,0.7255872131023959,0.9086969494819641,0.9246413707733154,1.0,0.0,1.0,1.0,0.0,1.0
SNPT-105,1,14.0,0.003199413662367724,0.9994529697202867,0.7560975609756098,1.0,1.0,0.8292682926829268,0.8229160431553336,360.0,419.0,60.0,41.0,6.5,613.5,5.444541345289345,683.6948198518594,148.3496164712186,14.0,0.7987516145221889,0.6087738678735846,0.30357142857142855,1.0,1.0,0.875,0.9197411281721932,543.0,635.0,93.0,56.0,5.5,567.5,11.394255199142961,569.8985471381981,98.51073801624635,124.0,116.19483308679624,0.05545865471065525,-116.19481985185939,1.5059233080433612,0.9243830442428589,0.9251438975334167,1.0,0.0,0.0,1.0,0.0,1.0
SNPT-105,0,,1.0,0.0,0.0,0.0,1.0,0.8823529411764706,0.8089387774467468,0.0,16.0,17.0,17.0,1771.5,397.0,1905.8417279644073,422.2052425456764,67.04153247249211,,1.0,0.0,0.0,1.0,1.0,0.8804347826086957,0.8848335632571468,133.0,224.0,92.0,92.0,546.0,293.5,4.9045991220082,435.9917621180311,55.199035246366705,117.0,1365.9189450959257,-1359.8417279644073,-128.7052425456764,1.2145417428632486,0.6508764624595642,0.9281024932861328,0.0,0.0,0.0,0.0,1.0,1.0
SNPT-105,1,36.0,0.9466696480909983,0.648065277508327,0.05761316872427984,1.0,1.0,0.8477366255144033,0.8888827814060507,0.0,242.0,243.0,243.0,974.0,366.5,7.170990706453695,558.0424398854483,79.94358375160675,14.0,0.003199413662367724,0.9994529697202867,0.7560975609756098,1.0,1.0,0.8292682926829268,0.8229160431553336,360.0,419.0,60.0,41.0,6.5,613.5,5.444541345289345,683.6948198518594,148.3496164712186,118.0,55.461619182884164,-0.6709907064536953,55.45756011455171,0.5388863527471044,0.892299234867096,0.9126126766204834,0.0,1.0,0.0,1.0,0.0,1.0
SNPT-105,1,9.0,0.0006301424133804782,0.9999449302752813,0.7058823529411765,1.0,1.0,0.8823529411764706,0.8932874004046122,0.0,16.0,17.0,17.0,1764.5,517.5,1902.4408780867261,544.7521385154324,107.2580908393329,9.0,0.029546163261989375,0.970382019320381,0.34022257551669316,1.0,0.9789103690685413,0.904610492845787,0.8832178903253455,115.0,749.0,635.0,629.0,1911.5,435.5,637.741694068638,440.6610476207808,104.7327698493526,99.0,109.62708360635519,9.059121913273884,-109.25213851543242,1.0241120424258112,0.8244909644126892,0.9866147041320801,1.0,0.0,1.0,1.0,0.0,1.0
SNPT-105,1,,1.0,0.0,0.0,0.0,1.0,0.8823529411764706,0.8089387774467468,0.0,16.0,17.0,17.0,1771.5,397.0,1905.8417279644073,422.2052425456764,67.04153247249211,4.0,0.016596300416474162,0.9463605784406566,0.15639810426540285,0.0,1.0,0.8151658767772512,0.857824536925512,117.0,749.0,633.0,633.0,1890.5,415.0,373.0618690273515,431.42572934663133,94.27094259681189,101.0,16.949458312167415,-15.341727964407255,-7.205242545676413,0.7111579732391405,0.7992153167724609,0.9367590546607971,0.0,0.0,0.0,1.0,0.0,1.0
SNPT-105,1,,1.0,0.0,0.0,1.0,1.0,0.7744360902255639,0.8698662716208152,0.0,132.0,133.0,133.0,756.0,293.0,586.8089104275307,287.64856873600536,47.752165561472395,27.0,0.023655026913664706,0.9952587769145057,0.06231454005934718,1.0,0.9678571428571429,0.8308605341246291,0.8829839695777212,330.0,666.0,337.0,337.0,10.0,431.0,10.70141513276939,462.9713165932558,101.4917733729094,198.0,594.3552405708482,-576.8089104275307,143.35143126399464,0.4705028198297163,0.900840163230896,0.990265965461731,0.0,0.0,0.0,1.0,0.0,1.0
SNPT-105,1,24.0,0.7604660338256508,0.779605507850647,0.013333333333333334,0.0,1.0,0.8755555555555555,0.8571679924950382,0.0,224.0,225.0,225.0,888.5,332.5,7.100123708609063,467.429221970067,60.79680907777187,24.0,0.09534176714191744,0.9069559059359811,0.1286549707602339,0.0,0.9968354430379747,0.9239766081871345,0.8584175109863281,337.0,678.0,342.0,342.0,8.5,460.5,10.80116458735257,446.10094836621397,94.93509885539177,113.0,7.069212879922157,1.399876291390937,-6.929221970066976,0.6404039160519498,0.8816647529602051,0.9904813766479492,1.0,0.0,0.0,1.0,0.0,1.0
SNPT-105,0,9.0,0.0006301424133804782,0.9999449302752813,0.7058823529411765,1.0,1.0,0.8823529411764706,0.8932874004046122,0.0,16.0,17.0,17.0,1764.5,517.5,1902.4408780867261,544.7521385154324,107.2580908393329,1.0,0.11293413169351557,0.9659929536283016,0.05342237061769616,1.0,0.5882352941176471,0.028380634390651086,0.5652572394739458,151.0,749.0,599.0,599.0,1912.0,376.0,1063.6555762038706,434.1802449096723,78.20381388372587,135.0,169.02266435388043,9.559121913273884,-168.75213851543242,1.3715199491268442,0.6872090101242065,0.9501286745071411,0.0,1.0,1.0,1.0,0.0,0.0
SNPT-105,1,16.0,0.0022727475258320874,0.9935762173420674,0.20218579234972678,0.0,1.0,0.9344262295081968,0.870073596287889,0.0,228.0,229.0,183.0,941.5,577.5,8.272914317304945,768.2010543475005,119.69090835651315,16.0,0.30737253868574044,0.8416580389375272,0.20175438596491227,0.0,1.0,0.9298245614035088,0.879722219030812,521.0,634.0,114.0,114.0,12.642437090453594,686.1653437463096,14.693722092264238,555.3616130749548,99.7460468375458,293.0,82.15199658625107,4.369522773148649,-82.03571060119089,1.1999564108184768,0.9306972026824951,0.9811767339706421,1.0,0.0,0.0,1.0,0.0,1.0
SNPT-105,0,,1.0,0.0,0.0,0.0,1.0,0.9015151515151515,0.8965065008451959,0.0,134.0,135.0,132.0,551.5,416.5,2.060351358574664,743.4419265308156,86.47776339497997,16.0,0.30737253868574044,0.8416580389375272,0.20175438596491227,0.0,1.0,0.9298245614035088,0.879722219030812,521.0,634.0,114.0,114.0,12.642437090453594,686.1653437463096,14.693722092264238,555.3616130749548,99.7460468375458,387.0,58.24592238008772,10.58208573187893,-57.27658278450599,0.8669793554407665,0.8113088607788086,0.9715943932533264,0.0,0.0,0.0,1.0,0.0,1.0
SNPT-105,0,,1.0,0.0,0.0,0.0,1.0,0.8823529411764706,0.8089387774467468,0.0,16.0,17.0,17.0,1771.5,397.0,1905.8417279644073,422.2052425456764,67.04153247249211,33.0,0.01515321533120836,0.9912536317575062,0.444794952681388,1.0,1.0,0.9085173501577287,0.8612713776528835,116.0,749.0,634.0,634.0,1903.0,420.5,165.2992356772761,452.15609729334295,101.0929610362628,100.0,3.314101682700634,-2.841727964407255,-1.7052425456764126,0.6631671659953041,0.6298947930335999,0.885098934173584,0.0,0.0,0.0,0.0,1.0,1.0
SNPT-105,0,6.0,0.3119371645152569,0.9347415963808695,0.023076923076923078,1.0,1.0,0.9538461538461539,0.9340858983416711,0.0,129.0,130.0,130.0,337.0,578.5,18.921870161672885,655.9862841795323,116.57756234108156,16.0,0.30737253868574044,0.8416580389375272,0.20175438596491227,0.0,1.0,0.9298245614035088,0.879722219030812,521.0,634.0,114.0,114.0,12.642437090453594,686.1653437463096,14.693722092264238,555.3616130749548,99.7460468375458,392.0,30.825426453352094,-6.279433071219291,30.17905956677737,1.1687436849597546,0.5504403114318848,0.9037715792655945,0.0,1.0,0.0,0.0,1.0,1.0
SNPT-105,0,6.0,0.3119371645152569,0.9347415963808695,0.023076923076923078,1.0,1.0,0.9538461538461539,0.9340858983416711,0.0,129.0,130.0,130.0,337.0,578.5,18.921870161672885,655.9862841795323,116.57756234108156,16.0,0.0013784100026961305,0.9998040846415929,0.9210526315789473,0.0,1.0,0.9210526315789473,0.7036930918693542,344.0,420.0,77.0,76.0,7.5,703.5,9.86263707072328,712.213677783317,164.9573010593038,215.0,48.867292835374855,-11.421870161672885,47.51371582046772,0.7067135652223769,0.6045582294464111,0.8194223642349243,0.0,1.0,0.0,0.0,1.0,1.0
SNPT-105,0,16.0,0.30737253868574044,0.8416580389375272,0.20175438596491227,0.0,1.0,0.9298245614035088,0.879722219030812,521.0,634.0,114.0,114.0,12.642437090453594,686.1653437463096,14.693722092264238,555.3616130749548,99.7460468375458,,1.0,0.0,0.0,1.0,1.0,0.9375,0.8625892758369446,0.0,15.0,16.0,16.0,1778.0,446.5,1914.7690622821638,458.69498955301856,74.08832254774528,506.0,1915.679634046368,-1902.1266251917102,227.4703541932911,1.346312663149658,0.6398724317550659,0.8975656032562256,0.0,0.0,0.0,0.0,1.0,1.0
SNPT-105,0,,1.0,0.0,0.0,0.0,1.0,0.8823529411764706,0.8089387774467468,0.0,16.0,17.0,17.0,1771.5,397.0,1905.8417279644073,422.2052425456764,67.04153247249211,9.0,0.029546163261989375,0.970382019320381,0.34022257551669316,1.0,0.9789103690685413,0.904610492845787,0.8832178903253455,115.0,749.0,635.0,629.0,1911.5,435.5,637.741694068638,440.6610476207808,104.7327698493526,99.0,14.448758361813082,5.658272035592745,13.294757454323587,0.6401199220542387,0.6511223912239075,0.8903086185455322,0.0,0.0,0.0,0.0,1.0,1.0
SNPT-105,1,36.0,0.9466696480909983,0.648065277508327,0.05761316872427984,1.0,1.0,0.8477366255144033,0.8888827814060507,0.0,242.0,243.0,243.0,974.0,366.5,7.170990706453695,558.0424398854483,79.94358375160675,14.0,0.7987516145221889,0.6087738678735846,0.30357142857142855,1.0,1.0,0.875,0.9197411281721932,543.0,635.0,93.0,56.0,5.5,567.5,11.394255199142961,569.8985471381981,98.51073801624635,301.0,9.604043589104228,-1.6709907064536953,9.457560114551711,0.811521518988341,0.899823009967804,0.9857373237609863,0.0,1.0,0.0,1.0,0.0,1.0
SNPT-105,0,62.0,0.000369394243169246,0.9878826547368817,0.6938202247191011,1.0,1.0,0.9803370786516854,0.8369959493762784,0.0,355.0,356.0,356.0,1326.5,672.0,1909.9072538202604,695.0583096467149,147.11365296700748,14.0,0.7987516145221889,0.6087738678735846,0.30357142857142855,1.0,1.0,0.875,0.9197411281721932,543.0,635.0,93.0,56.0,5.5,567.5,11.394255199142961,569.8985471381981,98.51073801624635,188.0,1908.6744381279782,-1904.4072538202604,-127.55830964671486,1.4933768229687363,0.8246288895606995,0.9403817653656006,0.0,1.0,0.0,1.0,0.0,1.0
SNPT-105,0,9.0,0.0006301424133804782,0.9999449302752813,0.7058823529411765,1.0,1.0,0.8823529411764706,0.8932874004046122,0.0,16.0,17.0,17.0,1764.5,517.5,1902.4408780867261,544.7521385154324,107.2580908393329,31.0,0.02352945963099734,0.994615492067839,0.05837173579109063,0.0,0.9822695035460993,0.8663594470046083,0.8691677878088985,99.0,749.0,651.0,651.0,1908.0,367.0,552.4430902661076,442.61840177071485,83.88543929616758,83.0,177.8390468464564,5.559121913273884,-177.75213851543242,1.2786258466221458,0.6286339163780212,0.9302158355712891,0.0,1.0,1.0,0.0,1.0,1.0
SNPT-105,1,10.0,0.049553962961700955,0.979703351959482,0.2936344969199179,0.0,1.0,0.9014373716632443,0.8872933079550098,0.0,486.0,487.0,487.0,1052.5,418.0,9.891864631962479,566.762758483885,99.4113192693575,,1.0,0.0,0.0,0.0,1.0,0.9416666666666667,0.8911688027128709,511.0,637.0,127.0,120.0,21.0,571.0,5.538552471630634,587.8451203180912,86.1813288033822,25.0,11.888855580775402,11.108135368037521,4.2372415161149775,1.1535134193179915,0.9594640731811523,0.9944156408309937,0.0,0.0,0.0,1.0,0.0,1.0
SNPT-105,1,,1.0,0.0,0.0,0.0,1.0,0.9393939393939394,0.8056609169129403,0.0,32.0,33.0,33.0,1679.5,340.0,1915.0107456341539,378.58018125263317,60.50742969550534,31.0,0.02352945963099734,0.994615492067839,0.05837173579109063,0.0,0.9822695035460993,0.8663594470046083,0.8691677878088985,99.0,749.0,651.0,651.0,1908.0,367.0,552.4430902661076,442.61840177071485,83.88543929616758,67.0,13.537028927746448,-7.010745634153864,-11.580181252633167,0.7213102798672439,0.8470765352249146,0.9629815220832825,0.0,0.0,0.0,1.0,0.0,1.0
SNPT-105,1,,1.0,0.0,0.0,0.0,1.0,0.8666666666666667,0.8579846849808326,0.0,14.0,15.0,15.0,1805.5,627.5,1911.8512545569072,702.3198559155041,104.51505435693038,20.0,0.01277828423786893,0.9847990098372897,0.43837753510140404,0.0,1.0,0.9422776911076443,0.8819859596277704,109.0,749.0,641.0,641.0,1902.0,784.5,1079.3802789650485,762.6695592869389,123.1972293457934,95.0,82.7684921820706,-9.851254556907179,82.18014408449585,0.8483555589028274,0.8017675876617432,0.9458500146865845,0.0,0.0,0.0,1.0,0.0,1.0
SNPT-105,0,,1.0,0.0,0.0,0.0,1.0,0.9393939393939394,0.8056609169129403,0.0,32.0,33.0,33.0,1679.5,340.0,1915.0107456341539,378.58018125263317,60.50742969550534,14.0,0.7987516145221889,0.6087738678735846,0.30357142857142855,1.0,1.0,0.875,0.9197411281721932,543.0,635.0,93.0,56.0,5.5,567.5,11.394255199142961,569.8985471381981,98.51073801624635,511.0,1918.833496061563,-1909.5107456341539,188.91981874736683,0.6142216667336964,0.5661452412605286,0.9297903180122375,0.0,0.0,0.0,0.0,1.0,1.0
SNPT-106,0,,1.0,0.0,0.0,1.0,1.0,0.7142857142857143,0.9375393271446228,0.0,6.0,7.0,7.0,1822.0,584.5,1899.4886453967254,587.7110145196165,128.1197283618331,3.0,0.003378921776629795,0.9994635060429573,0.07476635514018691,1.0,0.9028571428571428,0.8177570093457944,0.9052001902035305,536.0,749.0,214.0,214.0,1913.0,503.0,953.6641423011276,463.87356758206755,100.82186067837411,530.0,85.78177361280252,13.51135460327464,-84.71101451961647,1.2707534606065276,0.7416178584098816,0.9728782176971436,0.0,0.0,0.0,1.0,0.0,1.0
SNPT-106,0,,1.0,0.0,0.0,1.0,1.0,0.7142857142857143,0.9375393271446228,0.0,6.0,7.0,7.0,1822.0,584.5,1899.4886453967254,587.7110145196165,128.1197283618331,20.0,0.0023906581580376953,0.8854283094406128,0.022267206477732792,1.0,0.952808988764045,0.9008097165991903,0.8928235617916236,256.0,749.0,494.0,494.0,1913.5,558.0,1473.934467823699,459.02048407703035,87.11927463972215,250.0,32.84908585643695,14.01135460327464,-29.71101451961647,1.4706243697696806,0.8376243710517883,0.980259895324707,0.0,0.0,0.0,1.0,0.0,1.0
SNPT-106,1,,1.0,0.0,0.0,1.0,1.0,0.7692307692307693,0.9279505610466003,0.0,12.0,13.0,13.0,1811.5,675.5,1911.2190785807309,684.8982487455473,126.87742962802423,7.0,0.008861849368592327,0.9873028644527572,0.406807131280389,1.0,1.0,0.9367909238249594,0.897820730935331,133.0,749.0,617.0,617.0,1908.5,702.0,1580.5201694251218,621.1800286790302,100.52992423481355,121.0,17.316560983560294,-2.7190785807308657,17.101751254452665,1.262086195665176,0.8953736424446106,0.9877777695655823,0.0,0.0,0.0,1.0,0.0,1.0
SNPT-106,0,,1.0,0.0,0.0,1.0,1.0,1.0,0.911058090082029,0.0,40.0,41.0,41.0,1415.5,503.5,1905.6751875573127,522.9480435896429,101.28950440591875,9.0,0.040188525327820794,0.9804819233360744,0.2418426103646833,1.0,1.0,0.9078694817658349,0.8869637738005454,229.0,749.0,521.0,521.0,1909.5,552.5,712.9654856509571,538.5152435289508,91.15067900532084,189.0,29.798444890654633,3.824812442687289,29.551956410357093,1.1112314851763865,0.7387383580207825,0.9567082524299622,0.0,0.0,0.0,1.0,0.0,1.0
SNPT-106,1,10.0,0.043805857614071825,0.9772940337657928,0.4624277456647399,0.0,0.987012987012987,0.8901734104046243,0.9160676165060564,0.0,172.0,173.0,173.0,344.0,651.0,1909.1562363828575,603.8235257119536,130.30306151769776,4.0,0.45752949515978497,0.7963478763898214,0.01282051282051282,0.0,0.9902912621359223,0.8803418803418803,0.9252473787196631,516.0,749.0,234.0,234.0,1914.0,488.0,668.1815797574922,690.2495365595961,100.95525701136235,344.0,115.92476506047502,4.843763617142486,-115.82352571195361,1.290701102400565,0.954623818397522,0.9848190546035767,0.0,1.0,0.0,1.0,0.0,1.0
SNPT-106,0,6.0,0.011278536570112043,0.9923590624497997,0.20224719101123595,1.0,0.9946140035906643,0.7823033707865169,0.885467678148546,0.0,711.0,712.0,712.0,1195.5,586.0,15.460224818891954,563.5795678038405,96.83821102749704,,1.0,0.0,0.0,0.0,1.0,0.782608695652174,0.8681960933738284,727.0,749.0,23.0,23.0,1910.0,788.5,1711.1096332947666,825.6774012921977,188.271604966166,16.0,1907.8443753520858,1894.539775181108,224.92043219615948,0.5143537765288594,0.6561182141304016,0.8529952764511108,0.0,0.0,0.0,0.0,1.0,1.0
SNPT-106,1,,1.0,0.0,0.0,1.0,1.0,1.0,0.911058090082029,0.0,40.0,41.0,41.0,1415.5,503.5,1905.6751875573127,522.9480435896429,101.28950440591875,,1.0,0.0,0.0,1.0,0.8858267716535433,0.8220064724919094,0.8964001419954002,132.0,749.0,618.0,618.0,1908.5,540.5,941.4809576399618,433.60102609323485,75.21962322486539,92.0,17.777815927932103,2.824812442687289,17.551956410357093,1.3465835118997969,0.8306806087493896,0.9699698686599731,0.0,0.0,0.0,1.0,0.0,0.0
SNPT-106,1,,1.0,0.0,0.0,1.0,1.0,0.7142857142857143,0.9375393271446228,0.0,6.0,7.0,7.0,1822.0,584.5,1899.4886453967254,587.7110145196165,128.1197283618331,9.0,0.040188525327820794,0.9804819233360744,0.2418426103646833,1.0,1.0,0.9078694817658349,0.8869637738005454,229.0,749.0,521.0,521.0,1909.5,552.5,712.9654856509571,538.5152435289508,91.15067900532084,223.0,36.60659454924959,10.01135460327464,-35.21101451961647,1.4055817220445963,0.788144052028656,0.9657682180404663,0.0,0.0,0.0,1.0,0.0,1.0
SNPT-106,0,,1.0,0.0,0.0,1.0,1.0,0.7692307692307693,0.9279505610466003,0.0,12.0,13.0,13.0,1811.5,675.5,1911.2190785807309,684.8982487455473,126.87742962802423,14.0,0.1672517360935412,0.9091875592867533,0.07042253521126761,0.0,0.8808290155440415,0.9061032863849765,0.9315403831988266,537.0,749.0,213.0,213.0,1913.0,500.0,760.697834078376,448.258325819899,94.04997953306645,525.0,184.90682537503017,1.7809214192691343,-184.89824874554733,1.3490426075363067,0.7300800681114197,0.9221556782722473,0.0,0.0,0.0,0.0,1.0,0.0
SNPT-106,1,36.0,1.6679364135488868,0.5087276895840963,0.005128205128205128,0.0,0.9647887323943662,0.9709401709401709,0.9273691726192622,0.0,584.0,585.0,585.0,1478.0,549.0,14.39534380924691,581.4782634538502,90.75718655954003,,1.0,0.0,0.0,0.0,1.0,0.9680851063829787,0.9305109853272909,656.0,749.0,94.0,94.0,24.5,733.0,1391.775461552322,866.7980879101455,182.21363356132287,72.0,151.85829158361472,10.10465619075309,151.52173654614978,0.4980812071287534,0.8822621703147888,0.9782432317733765,0.0,0.0,0.0,1.0,0.0,1.0
SNPT-106,0,,1.0,0.0,0.0,1.0,1.0,1.0,0.911058090082029,0.0,40.0,41.0,41.0,1415.5,503.5,1905.6751875573127,522.9480435896429,101.28950440591875,20.0,0.0023906581580376953,0.8854283094406128,0.022267206477732792,1.0,0.952808988764045,0.9008097165991903,0.8928235617916236,256.0,749.0,494.0,494.0,1913.5,558.0,1473.934467823699,459.02048407703035,87.11927463972215,216.0,35.914723136296175,7.824812442687289,35.05195641035709,1.1626532110695016,0.8377347588539124,0.9805454015731812,0.0,0.0,0.0,1.0,0.0,1.0
SNPT-106,0,,1.0,0.0,0.0,1.0,1.0,1.0,0.911058090082029,0.0,40.0,41.0,41.0,1415.5,503.5,1905.6751875573127,522.9480435896429,101.28950440591875,33.0,0.015070649469728725,0.9816362636429923,0.08027522935779817,1.0,0.9851116625310173,0.9243119266055045,0.8819295809819148,314.0,749.0,436.0,436.0,1908.0,539.0,1681.4130844566444,530.338896751797,84.35739763366159,274.0,16.219434561466,2.324812442687289,16.051956410357093,1.2007186950667696,0.7899115085601807,0.9627636075019836,0.0,0.0,0.0,1.0,0.0,1.0
SNPT-106,1,,1.0,0.0,0.0,0.0,1.0,0.9333333333333333,0.9420009808880943,0.0,29.0,30.0,30.0,1468.5,679.0,1900.176042975319,721.4370110629153,137.40593148761823,20.0,0.0005149932306060791,0.9919049807133213,0.2743362831858407,0.0,1.0,0.922566371681416,0.9192377225958186,234.0,685.0,452.0,452.0,1914.0,564.5,1913.5710114091853,577.0526508413582,78.55399769143298,205.0,157.54468327805236,13.823957024681022,-156.9370110629153,1.7491908181091027,0.8581212759017944,0.9587533473968506,0.0,0.0,0.0,1.0,0.0,1.0
SNPT-106,1,33.0,0.037570438288557856,0.95502850517892,0.2544642857142857,0.0,1.0,0.9263392857142857,0.9365585737917796,15.0,462.0,448.0,448.0,5.5,707.5,1911.0149372505296,572.1857761551712,100.29643643729696,33.0,0.03376964881285858,0.9887525781989097,0.5970149253731343,0.0,1.0,0.8955223880597015,0.9440349032481511,579.0,645.0,67.0,67.0,1909.0,584.5,1906.5150814520116,655.3017340486294,115.36877176471874,117.0,12.477983852534907,-2.014937250529556,12.314223844828803,0.8693551548060158,0.8753131628036499,0.9891111254692078,1.0,0.0,1.0,1.0,0.0,1.0
SNPT-107,1,6.0,0.019853052322530935,0.9949912428855896,0.0914396887159533,0.0,1.0,0.8715953307392996,0.9041629167539733,0.0,513.0,514.0,514.0,1328.5,387.0,7.645210249631226,535.1299250449674,69.13086725219382,6.0,4.3720131341413234e-06,0.9999997350904677,0.08333333333333333,0.0,1.0,0.9537037037037037,0.8804774828327512,642.0,749.0,108.0,108.0,18.0,577.5,1665.949779102914,610.2884678763429,103.55502213336567,129.0,43.617025603191024,10.354789750368774,42.37007495503258,0.6675761911688076,0.8528348207473755,0.9903699159622192,1.0,0.0,1.0,1.0,0.0,1.0
SNPT-107,0,,1.0,0.0,0.0,1.0,1.0,0.9628482972136223,0.8867905306662778,0.0,324.0,325.0,323.0,642.5,328.0,9.862804198058306,448.95953395091476,46.79314963381148,,1.0,0.0,0.0,1.0,1.0,0.8314606741573034,0.9428339213938326,661.0,749.0,89.0,89.0,18.5,551.0,973.767734930276,548.1255134525657,90.7178727527397,337.0,102.40536051806858,8.637195801941694,102.04046604908524,0.5158095997395212,0.7338372468948364,0.9842517971992493,0.0,0.0,0.0,1.0,0.0,1.0
SNPT-107,0,,1.0,0.0,0.0,0.0,1.0,1.0,0.8713946798268486,0.0,16.0,17.0,17.0,1899.0,534.0,1911.962878023808,560.437309678847,68.78957823260522,24.0,0.12392343317253397,0.9154655850108933,0.7606263982102909,1.0,1.0,0.8948545861297539,0.8783436416093251,303.0,749.0,447.0,447.0,1896.5,742.5,1621.1372185753717,777.2618628993782,117.45860166473446,287.0,182.7181540070806,-15.462878023807889,182.062690321153,0.5856495587181715,0.7080090641975403,0.8360148668289185,0.0,0.0,0.0,0.0,1.0,1.0
SNPT-107,0,,1.0,0.0,0.0,0.0,1.0,0.9655172413793104,0.9496509882868552,0.0,202.0,203.0,203.0,1786.0,433.5,1912.8097987149395,462.8259690101693,64.90385697932341,,1.0,0.0,0.0,1.0,1.0,0.9864864864864865,0.9402830617068565,676.0,749.0,74.0,74.0,29.0,483.5,671.0862155872899,445.30802420835744,78.00677974750674,474.0,1883.9232397557469,-1883.8097987149395,20.674030989830726,0.8320284107279518,0.6420649290084839,0.906316876411438,0.0,0.0,0.0,0.0,1.0,1.0
SNPT-107,1,,1.0,0.0,0.0,1.0,1.0,0.9599303135888502,0.9057586330467473,0.0,596.0,597.0,574.0,961.0,316.0,4.8550066321072975,480.460227784067,55.22656691918749,,1.0,0.0,0.0,1.0,1.0,0.8899082568807339,0.9322835249999135,641.0,749.0,109.0,109.0,15.0,465.5,1474.2614077949488,438.14202078803373,70.6060128168546,45.0,18.0756550582754,10.144993367892702,-14.960227784067001,0.7821793741906945,0.9036485552787781,0.9942087531089783,0.0,0.0,0.0,1.0,0.0,1.0
SNPT-107,0,,1.0,0.0,0.0,1.0,1.0,0.8740458015267175,0.9168888143056345,0.0,261.0,262.0,262.0,179.5,445.0,12.556929061229472,495.81190412055366,65.42637036985407,33.0,0.0009093458449916355,0.9999143963768369,0.525,0.0,1.0,0.925,0.8731257947715553,710.0,749.0,40.0,40.0,25.0,672.5,301.106886933533,573.2772792960618,107.46064240173318,449.0,177.1256989820836,12.443070938770528,176.68809587944634,0.6088403056931553,0.6512060165405273,0.9063212871551514,0.0,0.0,0.0,0.0,1.0,1.0
SNPT-107,0,,1.0,0.0,0.0,0.0,1.0,1.0,0.8713946798268486,0.0,16.0,17.0,17.0,1899.0,534.0,1911.962878023808,560.437309678847,68.78957823260522,4.0,0.1592115469143859,0.9551671147346497,0.175,1.0,1.0,0.85,0.9345034413477954,710.0,749.0,40.0,40.0,8.0,597.5,165.09996756089876,583.2890821487038,106.32407070068771,694.0,1904.3235764718513,-1903.962878023808,37.06269032115301,0.6469802912856335,0.697068452835083,0.8263535499572754,0.0,0.0,0.0,0.0,1.0,1.0
SNPT-107,1,,1.0,0.0,0.0,0.0,1.0,1.0,0.8713946798268486,0.0,16.0,17.0,17.0,1899.0,534.0,1911.962878023808,560.437309678847,68.78957823260522,27.0,0.09454910487252208,0.9596935162477405,0.2511737089201878,0.0,1.0,0.9154929577464789,0.8835160843836956,324.0,749.0,426.0,426.0,1907.5,581.5,1755.263585546607,797.9533506312075,119.2248747444572,308.0,21.530308957843133,-4.462878023807889,21.062690321153013,0.576973373887342,0.8914089798927307,0.952334463596344,0.0,0.0,0.0,1.0,0.0,1.0
SNPT-107,0,,1.0,0.0,0.0,0.0,1.0,1.0,0.8713946798268486,0.0,16.0,17.0,17.0,1899.0,534.0,1911.962878023808,560.437309678847,68.78957823260522,16.0,0.05316631628193136,0.9201949147077707,0.18840579710144928,0.0,0.7213114754098361,0.8840579710144928,0.9096201453052584,681.0,749.0,69.0,69.0,21.5,692.0,903.0021184099977,682.166572508484,95.73036832571862,665.0,1895.0352594795165,-1890.462878023808,131.562690321153,0.7185763455808666,0.865119457244873,0.9165876507759094,0.0,0.0,0.0,1.0,0.0,0.0
SNPT-107,1,33.0,0.009222300871477873,0.9977269045592565,0.46462264150943394,0.0,1.0,0.9056603773584906,0.8640905255451798,0.0,423.0,424.0,424.0,1411.0,624.0,14.503451704946201,701.9504086736852,103.260097500832,33.0,0.0009093458449916355,0.9999143963768369,0.525,0.0,1.0,0.925,0.8731257947715553,710.0,749.0,40.0,40.0,25.0,672.5,301.106886933533,573.2772792960618,107.46064240173318,287.0,31.265061924734244,10.496548295053799,-29.45040867368516,0.960910852503582,0.9626718759536743,0.990465521812439,1.0,0.0,1.0,1.0,0.0,1.0
SNPT-107,1,24.0,0.0009857255293180959,0.9998783449108681,0.7807017543859649,,0.0,0.0,0.5095872430319197,0.0,227.0,228.0,228.0,960.5,902.5,1889.8145496821082,1024.0176416579993,143.98067721107134,24.0,0.12392343317253397,0.9154655850108933,0.7606263982102909,1.0,1.0,0.8948545861297539,0.8783436416093251,303.0,749.0,447.0,447.0,1896.5,742.5,1621.1372185753717,777.2618628993782,117.45860166473446,76.0,281.5970131422468,6.685450317891764,-281.5176416579993,1.2257993469225832,0.8326365351676941,0.8515048027038574,1.0,0.0,1.0,0.0,0.0,0.0
SNPT-107,1,,1.0,0.0,0.0,1.0,1.0,0.9628482972136223,0.8867905306662778,0.0,324.0,325.0,323.0,642.5,328.0,9.862804198058306,448.95953395091476,46.79314963381148,,1.0,0.0,0.0,1.0,1.0,0.9864864864864865,0.9402830617068565,676.0,749.0,74.0,74.0,29.0,483.5,671.0862155872899,445.30802420835744,78.00677974750674,352.0,39.48766969637313,19.137195801941694,34.54046604908524,0.5998600350542875,0.8390262126922607,0.9886397123336792,0.0,0.0,0.0,1.0,0.0,1.0
SNPT-107,1,,1.0,0.0,0.0,0.0,1.0,0.9655172413793104,0.9496509882868552,0.0,202.0,203.0,203.0,1786.0,433.5,1912.8097987149395,462.8259690101693,64.90385697932341,3.0,0.014764388799559321,0.9730472966200776,0.181360201511335,0.0,1.0,0.8564231738035264,0.9202027823995141,288.0,684.0,397.0,397.0,1911.5,474.5,1914.7658101225536,637.308391534953,90.995308666175,86.0,11.747279354181767,-1.3097987149394612,11.674030989830726,0.7132659686603121,0.924042284488678,0.9825437068939209,0.0,0.0,0.0,1.0,0.0,1.0
SNPT-107,0,,1.0,0.0,0.0,1.0,1.0,0.8740458015267175,0.9168888143056345,0.0,261.0,262.0,262.0,179.5,445.0,12.556929061229472,495.81190412055366,65.42637036985407,3.0,0.014764388799559321,0.9730472966200776,0.181360201511335,0.0,1.0,0.8564231738035264,0.9202027823995141,288.0,684.0,397.0,397.0,1911.5,474.5,1914.7658101225536,637.308391534953,90.995308666175,27.0,1899.0626592936874,1898.9430709387705,-21.311904120553663,0.7190081700791517,0.647240400314331,0.9330500364303589,0.0,0.0,0.0,0.0,1.0,1.0
SNPT-107,1,34.0,0.20056650042533875,0.9526110291481018,0.0027397260273972603,1.0,1.0,0.9397260273972603,0.9042344491266301,0.0,364.0,365.0,365.0,735.5,372.0,4.988812526990905,562.277218117672,64.83224480366478,,1.0,0.0,0.0,1.0,0.9848484848484849,0.9295774647887324,0.9120765427748362,679.0,749.0,71.0,71.0,26.0,688.0,939.6317695311991,685.378626441287,79.95268212844746,315.0,127.46641864921665,21.011187473009095,125.72278188232804,0.8108826755743973,0.8370064496994019,0.958108127117157,0.0,0.0,0.0,1.0,0.0,1.0
SNPT-107,1,7.0,0.012367972289212048,0.83903435866038,0.008130081300813009,0.0,1.0,0.9105691056910569,0.9161131759839398,0.0,368.0,369.0,369.0,1053.0,362.0,7.8383582239908085,575.424037267105,66.15166383969569,,1.0,0.0,0.0,0.0,1.0,0.9436619718309859,0.9090181553541724,679.0,749.0,71.0,71.0,29.0,592.0,643.10644136264,586.6702171524266,105.02704474870475,311.0,26.88080399055175,21.16164177600919,16.57596273289505,0.6298536153042762,0.8987438678741455,0.9898902773857117,0.0,0.0,0.0,1.0,0.0,1.0
SNPT-107,1,14.0,0.05441016129261298,0.9658864700480512,0.37037037037037035,0.0,1.0,0.935672514619883,0.9020642470568419,0.0,512.0,513.0,513.0,1270.0,435.0,12.973963690741101,655.5670339055727,87.18274717975214,14.0,0.00012027820960481352,0.9999901362827845,0.3431372549019608,0.0,0.9896907216494846,0.9509803921568627,0.8762382244326404,648.0,749.0,102.0,102.0,19.0,746.0,1172.3442920474838,696.1039788327731,133.24592800151393,136.0,90.63351736657003,6.026036309258899,90.43296609442734,0.6542995233502489,0.9615874290466309,0.9876649975776672,1.0,0.0,1.0,1.0,0.0,1.0
SNPT-107,1,31.0,0.05513067132040549,0.966684077758538,0.5705705705705706,1.0,1.0,0.8648648648648649,0.9010512795713213,0.0,332.0,333.0,333.0,317.5,563.5,7.353592812089052,751.728238180787,93.40881832905686,31.0,0.004053080587558118,0.974133875221014,0.45714285714285713,1.0,1.0,0.8,0.8979653737374714,715.0,749.0,35.0,35.0,14.5,657.0,198.48668416080392,608.5103928914143,112.7047360207511,383.0,94.9974223046675,7.146407187910948,-94.728238180787,0.8287923083539143,0.9586890935897827,0.9850103855133057,1.0,0.0,1.0,1.0,0.0,1.0
SNPT-107,1,,1.0,0.0,0.0,1.0,1.0,0.8740458015267175,0.9168888143056345,0.0,261.0,262.0,262.0,179.5,445.0,12.556929061229472,495.81190412055366,65.42637036985407,4.0,0.1592115469143859,0.9551671147346497,0.175,1.0,1.0,0.85,0.9345034413477954,710.0,749.0,40.0,40.0,8.0,597.5,165.09996756089876,583.2890821487038,106.32407070068771,449.0,101.79014906196251,-4.5569290612294715,101.68809587944634,0.6153486218001892,0.9028029441833496,0.9365648031234741,0.0,0.0,0.0,1.0,0.0,1.0
SNPT-107,0,,1.0,0.0,0.0,1.0,1.0,0.9628482972136223,0.8867905306662778,0.0,324.0,325.0,323.0,642.5,328.0,9.862804198058306,448.95953395091476,46.79314963381148,,1.0,0.0,0.0,0.0,1.0,0.9436619718309859,0.9090181553541724,679.0,749.0,71.0,71.0,29.0,592.0,643.10644136264,586.6702171524266,105.02704474870475,355.0,144.31495830544165,19.137195801941694,143.04046604908524,0.4455342882947162,0.6083110570907593,0.9102369546890259,0.0,0.0,0.0,0.0,1.0,1.0
SNPT-107,1,,1.0,0.0,0.0,1.0,1.0,0.867109634551495,0.9242151655913313,0.0,300.0,301.0,301.0,368.5,382.0,6.68997273866844,539.5687894473546,60.10393948512625,,1.0,0.0,0.0,1.0,1.0,0.96875,0.9451511117719835,686.0,749.0,64.0,64.0,10.5,533.0,536.9507359218471,500.16223944608936,95.16087869687233,386.0,7.59376734801418,3.81002726133156,-6.568789447354561,0.6316034520507395,0.8729793429374695,0.959446132183075,0.0,0.0,0.0,1.0,0.0,1.0
SNPT-107,0,6.0,0.019853052322530935,0.9949912428855896,0.0914396887159533,0.0,1.0,0.8715953307392996,0.9041629167539733,0.0,513.0,514.0,514.0,1328.5,387.0,7.645210249631226,535.1299250449674,69.13086725219382,16.0,0.05676858219753897,0.9730907364895469,0.3917525773195876,1.0,1.0,0.9381443298969072,0.9098336395326552,653.0,749.0,97.0,97.0,7.5,723.5,928.4689390800893,708.642914864476,125.9470080536457,140.0,188.37013092468027,-0.14521024963122642,188.37007495503258,0.5488885232013476,0.6073466539382935,0.9064596891403198,0.0,1.0,1.0,0.0,1.0,1.0
SNPT-107,0,7.0,0.012367972289212048,0.83903435866038,0.008130081300813009,0.0,1.0,0.9105691056910569,0.9161131759839398,0.0,368.0,369.0,369.0,1053.0,362.0,7.8383582239908085,575.424037267105,66.15166383969569,4.0,0.1592115469143859,0.9551671147346497,0.175,1.0,1.0,0.85,0.9345034413477954,710.0,749.0,40.0,40.0,8.0,597.5,165.09996756089876,583.2890821487038,106.32407070068771,342.0,22.076554501278558,0.1616417760091915,22.07596273289505,0.6221701577427265,0.60256028175354,0.8923434019088745,0.0,1.0,0.0,0.0,1.0,1.0
SNPT-107,0,9.0,0.022873548037562117,0.9918543491161095,0.7186440677966102,0.0,1.0,0.847457627118644,0.8411560006141663,0.0,294.0,295.0,295.0,1025.5,476.5,5.907596106304869,533.1330486357289,80.58810301862536,,1.0,0.0,0.0,1.0,1.0,0.96875,0.9451511117719835,686.0,749.0,64.0,64.0,10.5,533.0,536.9507359218471,500.16223944608936,95.16087869687233,392.0,4.594330795915278,4.592403893695131,-0.13304863572886916,0.8468616948707732,0.6259216070175171,0.8856204748153687,0.0,0.0,0.0,0.0,1.0,1.0
SNPT-107,0,,1.0,0.0,0.0,1.0,1.0,0.9599303135888502,0.9057586330467473,0.0,596.0,597.0,574.0,961.0,316.0,4.8550066321072975,480.460227784067,55.22656691918749,4.0,0.1592115469143859,0.9551671147346497,0.175,1.0,1.0,0.85,0.9345034413477954,710.0,749.0,40.0,40.0,8.0,597.5,165.09996756089876,583.2890821487038,106.32407070068771,114.0,117.08201938658887,3.1449933678927025,117.039772215933,0.5194173488208093,0.7144194841384888,0.9455222487449646,0.0,0.0,0.0,1.0,0.0,1.0
SNPT-107,0,,1.0,0.0,0.0,1.0,0.9874213836477987,0.94831013916501,0.9158769037488621,0.0,502.0,503.0,503.0,953.0,358.5,13.563688282805634,464.29216930131156,58.226084527710725,14.0,0.00012027820960481352,0.9999901362827845,0.3431372549019608,0.0,0.9896907216494846,0.9509803921568627,0.8762382244326404,648.0,749.0,102.0,102.0,19.0,746.0,1172.3442920474838,696.1039788327731,133.24592800151393,146.0,281.76027995806544,5.436311717194366,281.70783069868844,0.4369820931942413,0.7380818128585815,0.9221089482307434,0.0,0.0,0.0,0.0,1.0,1.0
SNPT-107,0,9.0,0.022873548037562117,0.9918543491161095,0.7186440677966102,0.0,1.0,0.847457627118644,0.8411560006141663,0.0,294.0,295.0,295.0,1025.5,476.5,5.907596106304869,533.1330486357289,80.58810301862536,14.0,0.00012027820960481352,0.9999901362827845,0.3431372549019608,0.0,0.9896907216494846,0.9509803921568627,0.8762382244326404,648.0,749.0,102.0,102.0,19.0,746.0,1172.3442920474838,696.1039788327731,133.24592800151393,354.0,213.2691961414836,13.092403893695131,212.86695136427113,0.6048072479761613,0.8413525819778442,0.9750875234603882,0.0,1.0,1.0,1.0,0.0,1.0
SNPT-107,1,16.0,0.045751392507742725,0.9714176308724188,0.06666666666666667,1.0,1.0,0.8838709677419355,0.9086839437774789,0.0,514.0,515.0,465.0,955.0,376.0,6.5762207775554415,664.9212545831631,70.11138390148444,16.0,0.05676858219753897,0.9730907364895469,0.3917525773195876,1.0,1.0,0.9381443298969072,0.9098336395326552,653.0,749.0,97.0,97.0,7.5,723.5,928.4689390800893,708.642914864476,125.9470080536457,139.0,58.58602890333506,0.9237792224445585,58.57874541683691,0.5566736755796636,0.901611328125,0.9753540754318237,1.0,0.0,1.0,1.0,0.0,1.0
SNPT-107,0,,1.0,0.0,0.0,1.0,1.0,0.9599303135888502,0.9057586330467473,0.0,596.0,597.0,574.0,961.0,316.0,4.8550066321072975,480.460227784067,55.22656691918749,6.0,4.3720131341413234e-06,0.9999997350904677,0.08333333333333333,0.0,1.0,0.9537037037037037,0.8804774828327512,642.0,749.0,108.0,108.0,18.0,577.5,1665.949779102914,610.2884678763429,103.55502213336567,46.0,97.92603454833706,13.144993367892702,97.039772215933,0.5333065049038637,0.6266031265258789,0.9155725240707397,0.0,0.0,0.0,0.0,1.0,1.0
SNPT-107,0,6.0,0.019853052322530935,0.9949912428855896,0.0914396887159533,0.0,1.0,0.8715953307392996,0.9041629167539733,0.0,513.0,514.0,514.0,1328.5,387.0,7.645210249631226,535.1299250449674,69.13086725219382,14.0,0.00012027820960481352,0.9999901362827845,0.3431372549019608,0.0,0.9896907216494846,0.9509803921568627,0.8762382244326404,648.0,749.0,102.0,102.0,19.0,746.0,1172.3442920474838,696.1039788327731,133.24592800151393,135.0,211.17556620455912,11.354789750368774,210.87007495503258,0.5188216127055557,0.7843583822250366,0.9882352948188782,0.0,1.0,1.0,1.0,0.0,1.0
SNPT-107,1,,1.0,0.0,0.0,1.0,0.9874213836477987,0.94831013916501,0.9158769037488621,0.0,502.0,503.0,503.0,953.0,358.5,13.563688282805634,464.29216930131156,58.226084527710725,,1.0,0.0,0.0,1.0,1.0,0.8314606741573034,0.9428339213938326,661.0,749.0,89.0,89.0,18.5,551.0,973.767734930276,548.1255134525657,90.7178727527397,159.0,86.84823013649574,4.936311717194366,86.70783069868844,0.6418369695066762,0.8885229229927063,0.9912295341491699,0.0,0.0,0.0,1.0,0.0,1.0
SNPT-107,1,9.0,0.022873548037562117,0.9918543491161095,0.7186440677966102,0.0,1.0,0.847457627118644,0.8411560006141663,0.0,294.0,295.0,295.0,1025.5,476.5,5.907596106304869,533.1330486357289,80.58810301862536,16.0,0.05316631628193136,0.9201949147077707,0.18840579710144928,0.0,0.7213114754098361,0.8840579710144928,0.9096201453052584,681.0,749.0,69.0,69.0,21.5,692.0,903.0021184099977,682.166572508484,95.73036832571862,387.0,159.63029566771405,15.592403893695131,158.86695136427113,0.8418238060510503,0.8250417113304138,0.9703531861305237,0.0,1.0,1.0,1.0,0.0,0.0
SNPT-107,1,,1.0,0.0,0.0,0.0,1.0,0.9261083743842364,0.9204445809442946,0.0,405.0,406.0,406.0,1036.0,334.5,4.499218537289927,472.03617515290614,55.09661354427414,,1.0,0.0,0.0,0.0,1.0,0.8888888888888888,0.9279461138778262,669.0,749.0,81.0,81.0,14.5,558.0,632.0392789364662,493.9590138116508,85.04022030510933,264.0,86.54360064272065,10.000781462710073,85.96382484709386,0.6478888853603295,0.7920563220977783,0.9887669086456299,0.0,0.0,0.0,1.0,0.0,1.0
SNPT-107,0,,1.0,0.0,0.0,,0.0,0.0,0.5639074913902428,331.0,663.0,333.0,326.0,1898.5,430.5,1910.2758196863042,580.6564549980571,75.02372071378375,33.0,0.0009093458449916355,0.9999143963768369,0.525,0.0,1.0,0.925,0.8731257947715553,710.0,749.0,40.0,40.0,25.0,672.5,301.106886933533,573.2772792960618,107.46064240173318,47.0,1887.511629911824,-1885.2758196863042,91.84354500194286,0.6981506813751722,0.69287109375,0.9445672035217285,0.0,0.0,0.0,0.0,0.0,0.0
SNPT-108,0,24.0,0.1532164377305081,0.8513319162098137,0.6788990825688074,0.0,1.0,0.926605504587156,0.8734152446879019,0.0,108.0,109.0,109.0,573.5,663.0,5.166391368268395,702.922263333201,109.84873744700138,,1.0,0.0,0.0,0.0,0.9947643979057592,0.9227053140096618,0.9158956967099174,200.0,406.0,207.0,207.0,28.5,473.5,1904.2669591647818,454.9986129635953,84.46539108517118,92.0,230.6057939530303,23.333608631731604,-229.42226333320104,1.3005177154301548,0.8062870502471924,0.9826138019561768,0.0,0.0,0.0,1.0,0.0,1.0
SNPT-108,1,14.0,0.14586401042652142,0.88315100222826,0.05454545454545454,1.0,1.0,0.9454545454545454,0.9222485136527282,188.0,407.0,220.0,220.0,12.0,555.0,1900.9357951981315,609.3664373947441,106.55451212127528,14.0,0.015327651294787107,0.9590922097365061,0.7959183673469388,1.0,1.0,0.7959183673469388,0.8641875600203489,701.0,749.0,49.0,49.0,1888.5,794.0,1421.4050394146502,606.6061354908156,130.80424944106352,294.0,185.05188851378634,-12.435795198131473,184.63356260525586,0.8146104776915949,0.8892582654953003,0.955898106098175,1.0,0.0,1.0,1.0,0.0,1.0
SNPT-108,0,24.0,0.1532164377305081,0.8513319162098137,0.6788990825688074,0.0,1.0,0.926605504587156,0.8734152446879019,0.0,108.0,109.0,109.0,573.5,663.0,5.166391368268395,702.922263333201,109.84873744700138,,1.0,0.0,0.0,0.0,1.0,0.9102564102564102,0.9080526825967529,176.0,415.0,240.0,234.0,6.0,518.5,1906.7885743950856,398.8907528345327,79.22054464602662,68.0,184.4241473242901,0.8336086317316047,-184.42226333320104,1.3866193162118199,0.6983366012573242,0.9688916802406311,0.0,0.0,0.0,1.0,0.0,1.0
SNPT-108,0,,1.0,0.0,0.0,1.0,1.0,0.9019607843137255,0.9597734459068464,0.0,101.0,102.0,102.0,338.5,448.0,8.07931580555879,476.9445970700632,70.73399270271207,14.0,0.10289458665369909,0.9351775422692299,0.10606060606060606,0.0,0.9956989247311828,0.8806818181818182,0.9171318051635579,222.0,749.0,528.0,528.0,24.0,484.5,929.5170119120053,454.57074225044687,104.48666572312176,121.0,17.62249410988206,15.92068419444121,7.555402929936804,0.6769666943928464,0.5931675434112549,0.9276019334793091,0.0,0.0,0.0,0.0,1.0,1.0
SNPT-108,1,,1.0,0.0,0.0,0.0,0.9947643979057592,0.9227053140096618,0.9158956967099174,200.0,406.0,207.0,207.0,28.5,473.5,1904.2669591647818,454.9986129635953,84.46539108517118,10.0,0.21579635868935534,0.7548759244382381,0.16326530612244897,0.0,1.0,0.9183673469387755,0.9027814918094211,701.0,749.0,49.0,49.0,1898.5,613.5,1543.739713713902,513.6603415675304,89.1987614594435,295.0,158.60626567217457,-5.766959164781838,158.5013870364047,0.9469345728928705,0.904564619064331,0.9876136779785156,0.0,0.0,0.0,1.0,0.0,1.0
SNPT-108,0,,1.0,0.0,0.0,1.0,1.0,0.9344262295081968,0.9603317076699776,0.0,67.0,68.0,61.0,236.0,413.0,9.591846660219822,455.8947351123819,65.5672814477572,10.0,0.21579635868935534,0.7548759244382381,0.16326530612244897,0.0,1.0,0.9183673469387755,0.9027814918094211,701.0,749.0,49.0,49.0,1898.5,613.5,1543.739713713902,513.6603415675304,89.1987614594435,634.0,1895.4718228646384,1888.9081533397803,157.6052648876181,0.7350694154825125,0.6078320145606995,0.9385803937911987,0.0,0.0,0.0,0.0,1.0,1.0
SNPT-108,0,,1.0,0.0,0.0,1.0,1.0,0.9019607843137255,0.9597734459068464,0.0,101.0,102.0,102.0,338.5,448.0,8.07931580555879,476.9445970700632,70.73399270271207,9.0,0.02591322239267787,0.9664198912680149,0.07366482504604052,1.0,0.9957983193277311,0.8766114180478821,0.9049915713923318,207.0,749.0,543.0,543.0,15.0,469.0,823.0165702434631,441.7552101680031,104.05916345900278,106.0,10.536246595673674,6.920684194441209,-7.944597070063196,0.679747850659782,0.7142933011054993,0.9868377447128296,0.0,0.0,0.0,1.0,0.0,1.0
SNPT-108,1,14.0,0.14586401042652142,0.88315100222826,0.05454545454545454,1.0,1.0,0.9454545454545454,0.9222485136527282,188.0,407.0,220.0,220.0,12.0,555.0,1900.9357951981315,609.3664373947441,106.55451212127528,14.0,0.03415865111823163,0.9588406442692785,0.7252747252747253,1.0,1.0,0.9340659340659341,0.8645287927459268,533.0,623.0,91.0,91.0,1899.0,835.0,1905.2742053361553,831.6772933329063,182.1221194788547,126.0,225.64186641000163,-1.9357951981314727,225.63356260525586,0.5850717772568356,0.8857707977294922,0.9611383080482483,1.0,0.0,1.0,1.0,0.0,1.0
SNPT-108,1,,1.0,0.0,0.0,0.0,0.9824561403508771,0.8507462686567164,0.8962975709061873,0.0,66.0,67.0,67.0,344.0,414.5,11.50721659394901,443.04917887533907,64.51089363151056,,1.0,0.0,0.0,0.0,1.0,0.9102564102564102,0.9080526825967529,176.0,415.0,240.0,234.0,6.0,518.5,1906.7885743950856,398.8907528345327,79.22054464602662,110.0,75.6515422380684,-5.5072165939490105,75.45082112466093,0.8143202488667333,0.8973854184150696,0.9767353534698486,0.0,0.0,0.0,1.0,0.0,1.0
SNPT-108,1,14.0,0.03415865111823163,0.9588406442692785,0.7252747252747253,1.0,1.0,0.9340659340659341,0.8645287927459268,533.0,623.0,91.0,91.0,1899.0,835.0,1905.2742053361553,831.6772933329063,182.1221194788547,14.0,0.015327651294787107,0.9590922097365061,0.7959183673469388,1.0,1.0,0.7959183673469388,0.8641875600203489,701.0,749.0,49.0,49.0,1888.5,794.0,1421.4050394146502,606.6061354908156,130.80424944106352,78.0,41.24260415581642,-16.77420533615532,-37.67729333290629,1.3923257100367636,0.9291068315505981,0.9773873090744019,1.0,0.0,1.0,1.0,0.0,1.0
SNPT-108,1,,1.0,0.0,0.0,0.0,0.9824561403508771,0.8507462686567164,0.8962975709061873,0.0,66.0,67.0,67.0,344.0,414.5,11.50721659394901,443.04917887533907,64.51089363151056,,1.0,0.0,0.0,0.0,1.0,0.8787878787878788,0.8750176984688331,717.0,749.0,33.0,33.0,1906.0,451.5,1599.7009697051762,402.1073006784443,60.74724583865067,651.0,1894.5116317286856,1894.4927834060509,8.450821124660933,1.0619558589183848,0.8453793525695801,0.9793424010276794,0.0,0.0,0.0,1.0,0.0,1.0
SNPT-108,0,,1.0,0.0,0.0,1.0,1.0,0.39285714285714285,0.6026442594166044,0.0,195.0,196.0,196.0,1324.5,403.0,1916.276496591051,440.3812654932841,57.80604600668376,10.0,0.21579635868935534,0.7548759244382381,0.16326530612244897,0.0,1.0,0.9183673469387755,0.9027814918094211,701.0,749.0,49.0,49.0,1898.5,613.5,1543.739713713902,513.6603415675304,89.1987614594435,506.0,174.02902076452202,-17.776496591051,173.1187345067159,0.648058841410783,0.6342182755470276,0.9499377012252808,0.0,0.0,0.0,0.0,1.0,1.0
SNPT-108,1,24.0,0.1532164377305081,0.8513319162098137,0.6788990825688074,0.0,1.0,0.926605504587156,0.8734152446879019,0.0,108.0,109.0,109.0,573.5,663.0,5.166391368268395,702.922263333201,109.84873744700138,24.0,0.09000133676214059,0.9321715137851772,0.34956521739130436,0.0,0.974559686888454,0.888695652173913,0.8761997434024474,175.0,749.0,575.0,575.0,10.5,649.5,1146.06248563383,754.0810333452225,126.41791808164601,67.0,53.68785338117328,5.333608631731605,-53.422263333201045,0.8689332897893196,0.9614309668540955,0.98859703540802,1.0,0.0,0.0,1.0,0.0,1.0
SNPT-108,1,16.0,0.0002857958900979914,0.9999773661295573,0.6521739130434783,0.0,1.0,0.7391304347826086,0.9287839742267833,0.0,36.0,37.0,23.0,69.0,584.0,7.240551532605419,628.2404067532134,82.99916355786284,16.0,0.04689924950907323,0.9772842203417133,0.3304904051172708,0.0,1.0,0.9189765458422174,0.875408027813772,189.0,657.0,469.0,469.0,17.5,546.0,1911.5757581214875,809.4511753947708,126.01735926094888,153.0,82.87786668217946,10.25944846739458,-82.24040675321339,0.6586327792030093,0.9615373611450195,0.9843044877052307,1.0,0.0,1.0,1.0,0.0,1.0
SNPT-108,0,,1.0,0.0,0.0,0.0,1.0,0.9102564102564102,0.9080526825967529,176.0,415.0,240.0,234.0,6.0,518.5,1906.7885743950856,398.8907528345327,79.22054464602662,10.0,0.21579635868935534,0.7548759244382381,0.16326530612244897,0.0,1.0,0.9183673469387755,0.9027814918094211,701.0,749.0,49.0,49.0,1898.5,613.5,1543.739713713902,513.6603415675304,89.1987614594435,286.0,214.7692469475821,-8.288574395085561,214.6092471654673,0.8881350295659236,0.7301487922668457,0.9779564142227173,0.0,0.0,0.0,1.0,0.0,1.0
SNPT-108,1,6.0,1.928046353896207e-05,0.9999987840652466,0.04484304932735426,1.0,1.0,0.8385650224215246,0.9025418927325285,192.0,414.0,223.0,223.0,13.5,485.5,1907.7606332036842,484.73799173146375,91.82548208176662,6.0,7.615743281045677e-06,0.9999995430310568,0.8,1.0,1.0,0.8666666666666667,0.8856118825765756,735.0,749.0,15.0,15.0,1911.5,585.5,1870.006412559237,550.8202014597161,101.66451191656671,321.0,100.83136999141664,3.739366796315835,100.76200826853625,0.9032206061946699,0.8238452672958374,0.9560349583625793,1.0,0.0,1.0,1.0,0.0,1.0
SNPT-108,0,3.0,0.0033246362446705873,0.9842410691579183,0.28517110266159695,1.0,1.0,0.844106463878327,0.9194679295157527,0.0,262.0,263.0,263.0,634.5,491.0,1909.7506854225007,550.9113289213195,86.89930835091077,6.0,7.615743281045677e-06,0.9999995430310568,0.8,1.0,1.0,0.8666666666666667,0.8856118825765756,735.0,749.0,15.0,15.0,1911.5,585.5,1870.006412559237,550.8202014597161,101.66451191656671,473.0,34.63287843192071,1.7493145774992627,34.58867107868048,0.85476541137803,0.675433874130249,0.9581020474433899,0.0,1.0,1.0,1.0,0.0,1.0
SNPT-108,1,16.0,0.0002857958900979914,0.9999773661295573,0.6521739130434783,0.0,1.0,0.7391304347826086,0.9287839742267833,0.0,36.0,37.0,23.0,69.0,584.0,7.240551532605419,628.2404067532134,82.99916355786284,,1.0,0.0,0.0,0.0,1.0,1.0,0.90817332884361,692.0,749.0,58.0,58.0,1889.0,758.5,1299.135994321933,600.1513745932882,116.3440377827404,656.0,1886.2624906224296,1881.7594484673946,130.2595932467866,0.7133942154634051,0.9134299755096436,0.9756495952606201,0.0,0.0,0.0,1.0,0.0,1.0
SNPT-108,1,,1.0,0.0,0.0,0.0,1.0,0.9102564102564102,0.9080526825967529,176.0,415.0,240.0,234.0,6.0,518.5,1906.7885743950856,398.8907528345327,79.22054464602662,,1.0,0.0,0.0,0.0,1.0,0.8787878787878788,0.8750176984688331,717.0,749.0,33.0,33.0,1906.0,451.5,1599.7009697051762,402.1073006784443,60.74724583865067,302.0,52.61515691218467,-0.7885743950855613,52.60924716546731,1.3041010098868095,0.7515572309494019,0.9744843244552612,0.0,0.0,0.0,1.0,0.0,1.0
SNPT-108,1,14.0,0.003974688607740973,0.9995615184307098,0.12121212121212122,1.0,1.0,0.9090909090909091,0.9292948365211486,0.0,32.0,33.0,33.0,199.5,580.5,14.77421364363854,603.7125290122491,103.6270885481613,14.0,0.14586401042652142,0.88315100222826,0.05454545454545454,1.0,1.0,0.9454545454545454,0.9222485136527282,188.0,407.0,220.0,220.0,12.0,555.0,1900.9357951981315,609.3664373947441,106.55451212127528,156.0,48.79146179517232,-2.7742136436385394,-48.71252901224909,0.9725265170396339,0.893031895160675,0.9872133135795593,1.0,0.0,1.0,1.0,0.0,1.0
SNPT-108,0,,1.0,0.0,0.0,0.0,0.9947643979057592,0.9227053140096618,0.9158956967099174,200.0,406.0,207.0,207.0,28.5,473.5,1904.2669591647818,454.9986129635953,84.46539108517118,14.0,0.015327651294787107,0.9590922097365061,0.7959183673469388,1.0,1.0,0.7959183673469388,0.8641875600203489,701.0,749.0,49.0,49.0,1888.5,794.0,1421.4050394146502,606.6061354908156,130.80424944106352,295.0,339.3678497057583,-15.766959164781838,339.0013870364047,0.6457388918639738,0.6909613609313965,0.8966015577316284,0.0,0.0,0.0,0.0,1.0,1.0
SNPT-108,1,14.0,0.003974688607740973,0.9995615184307098,0.12121212121212122,1.0,1.0,0.9090909090909091,0.9292948365211486,0.0,32.0,33.0,33.0,199.5,580.5,14.77421364363854,603.7125290122491,103.6270885481613,14.0,0.03415865111823163,0.9588406442692785,0.7252747252747253,1.0,1.0,0.9340659340659341,0.8645287927459268,533.0,623.0,91.0,91.0,1899.0,835.0,1905.2742053361553,831.6772933329063,182.1221194788547,501.0,1898.3679064412563,1884.2257863563614,231.2874709877509,0.5689978177537788,0.9301900863647461,0.9573038220405579,1.0,0.0,1.0,1.0,0.0,1.0
SNPT-108,0,,1.0,0.0,0.0,0.0,0.9947643979057592,0.9227053140096618,0.9158956967099174,200.0,406.0,207.0,207.0,28.5,473.5,1904.2669591647818,454.9986129635953,84.46539108517118,1.0,0.04735030879965052,0.9062025785446167,0.033112582781456956,1.0,1.0,0.9403973509933775,0.6220320282687604,448.0,749.0,302.0,302.0,29.0,405.0,313.6750149016127,454.4581264086586,88.46328082793009,42.0,1875.9333755316075,-1875.2669591647818,-49.99861296359529,0.9548073539061341,0.7811008095741272,0.9287015795707703,0.0,0.0,0.0,0.0,1.0,1.0
SNPT-108,1,14.0,0.003974688607740973,0.9995615184307098,0.12121212121212122,1.0,1.0,0.9090909090909091,0.9292948365211486,0.0,32.0,33.0,33.0,199.5,580.5,14.77421364363854,603.7125290122491,103.6270885481613,14.0,0.015327651294787107,0.9590922097365061,0.7959183673469388,1.0,1.0,0.7959183673469388,0.8641875600203489,701.0,749.0,49.0,49.0,1888.5,794.0,1421.4050394146502,606.6061354908156,130.80424944106352,669.0,1883.3633860919351,1873.7257863563614,190.2874709877509,0.7922302906133991,0.9097832441329956,0.943207859992981,1.0,0.0,1.0,1.0,0.0,1.0
SNPT-108,0,,1.0,0.0,0.0,1.0,1.0,0.9019607843137255,0.9597734459068464,0.0,101.0,102.0,102.0,338.5,448.0,8.07931580555879,476.9445970700632,70.73399270271207,33.0,0.025442453197425354,0.9811647411746284,0.36923076923076925,1.0,0.9979879275653923,0.9557692307692308,0.8892500805902769,220.0,749.0,530.0,520.0,6.5,580.0,504.3005326940744,564.6700213913547,114.8379786038762,119.0,103.06750366369273,-1.5793158055587906,103.0554029299368,0.6159459924551872,0.724621057510376,0.9781016111373901,0.0,0.0,0.0,1.0,0.0,1.0
SNPT-108,0,,1.0,0.0,0.0,1.0,1.0,0.39285714285714285,0.6026442594166044,0.0,195.0,196.0,196.0,1324.5,403.0,1916.276496591051,440.3812654932841,57.80604600668376,,1.0,0.0,0.0,0.0,0.9947643979057592,0.9227053140096618,0.9158956967099174,200.0,406.0,207.0,207.0,28.5,473.5,1904.2669591647818,454.9986129635953,84.46539108517118,5.0,1888.0669881275157,-1887.776496591051,33.118734506715896,0.6843755207194233,0.7163312435150146,0.9453482031822205,0.0,0.0,0.0,0.0,1.0,1.0
SNPT-108,0,,1.0,0.0,0.0,0.0,0.9824561403508771,0.8507462686567164,0.8962975709061873,0.0,66.0,67.0,67.0,344.0,414.5,11.50721659394901,443.04917887533907,64.51089363151056,,1.0,0.0,0.0,0.0,1.0,1.0,0.90817332884361,692.0,749.0,58.0,58.0,1889.0,758.5,1299.135994321933,600.1513745932882,116.3440377827404,626.0,1903.808911705695,1877.4927834060509,315.45082112466093,0.5544838812623772,0.7766823768615723,0.9807167053222656,0.0,0.0,0.0,1.0,0.0,1.0
SNPT-108,1,,1.0,0.0,0.0,1.0,1.0,0.9344262295081968,0.9603317076699776,0.0,67.0,68.0,61.0,236.0,413.0,9.591846660219822,455.8947351123819,65.5672814477572,,1.0,0.0,0.0,1.0,1.0,0.7453703703703703,0.912525985551917,175.0,390.0,216.0,216.0,22.0,450.5,1902.3714846288215,386.29269547147175,80.92398760863847,108.0,13.530167635187091,12.408153339780178,-5.394735112381909,0.8102329529885651,0.9577237963676453,0.9933371543884277,0.0,0.0,0.0,1.0,0.0,1.0
SNPT-108,0,,1.0,0.0,0.0,1.0,1.0,0.9019607843137255,0.9597734459068464,0.0,101.0,102.0,102.0,338.5,448.0,8.07931580555879,476.9445970700632,70.73399270271207,14.0,0.14586401042652142,0.88315100222826,0.05454545454545454,1.0,1.0,0.9454545454545454,0.9222485136527282,188.0,407.0,220.0,220.0,12.0,555.0,1900.9357951981315,609.3664373947441,106.55451212127528,87.0,78.15380791175392,3.9206841944412094,78.0554029299368,0.6638291640076771,0.7822598218917847,0.9892760515213013,0.0,0.0,0.0,1.0,0.0,1.0
SNPT-108,0,24.0,0.1532164377305081,0.8513319162098137,0.6788990825688074,0.0,1.0,0.926605504587156,0.8734152446879019,0.0,108.0,109.0,109.0,573.5,663.0,5.166391368268395,702.922263333201,109.84873744700138,1.0,0.04735030879965052,0.9062025785446167,0.033112582781456956,1.0,1.0,0.9403973509933775,0.6220320282687604,448.0,749.0,302.0,302.0,29.0,405.0,313.6750149016127,454.4581264086586,88.46328082793009,340.0,298.8740803247878,23.833608631731604,-297.92226333320104,1.241743878577917,0.6006231904029846,0.918138861656189,0.0,1.0,0.0,0.0,1.0,1.0
SNPT-108,0,9.0,0.013253577200331441,0.997140223565309,0.46938775510204084,0.0,1.0,0.9183673469387755,0.9226591997676425,0.0,48.0,49.0,49.0,224.0,495.5,6.243293669747587,506.09277646845305,80.67489506591426,34.0,0.08485333997708261,0.8774777884284656,0.1111111111111111,0.0,1.0,0.9351851851851852,0.924059771783281,210.0,749.0,540.0,540.0,19.5,485.0,843.3178223140656,517.7413629495521,109.5021924896244,162.0,24.912757412110793,13.256706330252413,-21.092776468453053,0.7367422809690171,0.9099613428115845,0.9873542785644531,0.0,1.0,1.0,1.0,0.0,1.0
SNPT-108,1,9.0,0.013253577200331441,0.997140223565309,0.46938775510204084,0.0,1.0,0.9183673469387755,0.9226591997676425,0.0,48.0,49.0,49.0,224.0,495.5,6.243293669747587,506.09277646845305,80.67489506591426,,1.0,0.0,0.0,0.0,1.0,0.9455445544554455,0.8853588775190383,177.0,410.0,234.0,202.0,17.0,498.5,1912.4675019722868,584.6356464355567,93.52789386797988,129.0,13.16650999981342,10.756706330252413,-7.592776468453053,0.8625757699600465,0.9258533716201782,0.982404351234436,0.0,0.0,0.0,1.0,0.0,1.0
SNPT-108,0,9.0,0.013253577200331441,0.997140223565309,0.46938775510204084,0.0,1.0,0.9183673469387755,0.9226591997676425,0.0,48.0,49.0,49.0,224.0,495.5,6.243293669747587,506.09277646845305,80.67489506591426,1.0,0.04735030879965052,0.9062025785446167,0.033112582781456956,1.0,1.0,0.9403973509933775,0.6220320282687604,448.0,749.0,302.0,302.0,29.0,405.0,313.6750149016127,454.4581264086586,88.46328082793009,400.0,103.62247409274671,22.756706330252413,-101.09277646845305,0.9119591124235487,0.6870509386062622,0.9172276258468628,0.0,1.0,1.0,0.0,1.0,1.0
SNPT-108,1,,1.0,0.0,0.0,1.0,1.0,0.9019607843137255,0.9597734459068464,0.0,101.0,102.0,102.0,338.5,448.0,8.07931580555879,476.9445970700632,70.73399270271207,,1.0,0.0,0.0,1.0,1.0,0.9195979899497487,0.8901013530017249,170.0,374.0,205.0,199.0,11.5,476.5,1912.815781629524,463.88084735429516,85.0099188311466,69.0,3.4494560314357807,3.4206841944412094,-0.44459707006319604,0.8320675242992468,0.9692374467849731,0.9723231792449951,0.0,0.0,0.0,1.0,0.0,1.0
SNPT-108,1,16.0,0.04689924950907323,0.9772842203417133,0.3304904051172708,0.0,1.0,0.9189765458422174,0.875408027813772,189.0,657.0,469.0,469.0,17.5,546.0,1911.5757581214875,809.4511753947708,126.01735926094888,,1.0,0.0,0.0,0.0,1.0,1.0,0.90817332884361,692.0,749.0,58.0,58.0,1889.0,758.5,1299.135994321933,600.1513745932882,116.3440377827404,35.0,55.72869215106885,-22.575758121487524,-50.95117539477076,1.0831441100254087,0.9584634304046631,0.9832085967063904,0.0,0.0,0.0,1.0,0.0,1.0
SNPT-108,0,14.0,0.003974688607740973,0.9995615184307098,0.12121212121212122,1.0,1.0,0.9090909090909091,0.9292948365211486,0.0,32.0,33.0,33.0,199.5,580.5,14.77421364363854,603.7125290122491,103.6270885481613,14.0,0.10289458665369909,0.9351775422692299,0.10606060606060606,0.0,0.9956989247311828,0.8806818181818182,0.9171318051635579,222.0,749.0,528.0,528.0,24.0,484.5,929.5170119120053,454.57074225044687,104.48666572312176,190.0,119.56898513991644,9.22578635636146,-119.21252901224909,0.9917733313718877,0.6591112017631531,0.9076433181762695,1.0,0.0,1.0,0.0,1.0,1.0
SNPT-109,0,,1.0,0.0,0.0,0.0,0.6130434782608696,0.8455882352941176,0.8962580584961435,0.0,271.0,272.0,272.0,1186.0,468.0,9.284347565791396,488.6214674931688,95.07411179937507,9.0,0.009334734926718132,0.9009535626361245,0.07196969696969698,1.0,0.9699570815450643,0.8825757575757576,0.8554150055406431,296.0,607.0,312.0,264.0,11.653901157934826,521.7370903547517,8.115126192819265,690.9633537209336,109.05661236744741,25.0,33.20029008512774,2.369553592143429,33.11562286158289,0.8717867696003547,0.8746522068977356,0.9640510082244873,0.0,0.0,0.0,0.0,1.0,0.0
SNPT-109,1,,1.0,0.0,0.0,0.0,1.0,0.8875,0.8433975929945288,388.0,472.0,85.0,80.0,19.0,670.5,9.166016110307453,599.9567561360566,122.90506693000802,31.0,0.03156217087293044,0.8740603840803798,0.6422764227642277,0.0,1.0,0.9024390243902439,0.8375871455347216,627.0,749.0,123.0,123.0,16.5,1004.0,1486.2353030808526,968.8871531534753,171.32069616081472,155.0,404.10979972254114,7.333983889692547,404.0432438639434,0.7173976623036828,0.7776156663894653,0.9624773263931274,0.0,0.0,0.0,1.0,0.0,1.0
SNPT-109,0,9.0,0.009334734926718132,0.9009535626361245,0.07196969696969698,1.0,0.9699570815450643,0.8825757575757576,0.8554150055406431,296.0,607.0,312.0,264.0,11.653901157934826,521.7370903547517,8.115126192819265,690.9633537209336,109.05661236744741,31.0,0.03156217087293044,0.8740603840803798,0.6422764227642277,0.0,1.0,0.9024390243902439,0.8375871455347216,627.0,749.0,123.0,123.0,16.5,1004.0,1486.2353030808526,968.8871531534753,171.32069616081472,20.0,313.14892307400277,8.384873807180735,313.0366462790664,0.6365641443873105,0.6709874272346497,0.9101163148880005,0.0,1.0,1.0,0.0,1.0,1.0
SNPT-109,0,,1.0,0.0,0.0,0.0,0.9852579852579852,0.8409090909090909,0.8933540950243245,0.0,485.0,486.0,484.0,1127.0,490.0,3.5002806109429874,493.2569231503703,95.95156599890545,31.0,0.03156217087293044,0.8740603840803798,0.6422764227642277,0.0,1.0,0.9024390243902439,0.8375871455347216,627.0,749.0,123.0,123.0,16.5,1004.0,1486.2353030808526,968.8871531534753,171.32069616081472,142.0,510.9084881405093,12.999719389057013,510.7430768496297,0.5600699048574842,0.7935002446174622,0.9709604978561401,0.0,0.0,0.0,1.0,0.0,1.0
SNPT-109,1,,1.0,0.0,0.0,0.0,0.6130434782608696,0.8455882352941176,0.8962580584961435,0.0,271.0,272.0,272.0,1186.0,468.0,9.284347565791396,488.6214674931688,95.07411179937507,,1.0,0.0,0.0,0.0,1.0,0.875,0.8367365428379604,742.0,749.0,8.0,8.0,15.5,553.5,71.6266983411605,539.4513398295691,111.73061156123062,471.0,65.17559601125899,6.215652434208604,64.87853250683122,0.8509226833263376,0.7757547497749329,0.9426712393760681,0.0,0.0,0.0,1.0,0.0,0.0
SNPT-109,1,9.0,0.009334734926718132,0.9009535626361245,0.07196969696969698,1.0,0.9699570815450643,0.8825757575757576,0.8554150055406431,296.0,607.0,312.0,264.0,11.653901157934826,521.7370903547517,8.115126192819265,690.9633537209336,109.05661236744741,,1.0,0.0,0.0,1.0,0.5019157088122606,0.981203007518797,0.862156836009117,0.0,265.0,266.0,266.0,1208.5,468.0,13.123273940580372,588.6730720236282,97.30588990534733,31.0,66.95210749745334,-1.4693727826455465,-66.93598166887648,1.1207606494687055,0.8850477933883667,0.9719139933586121,0.0,0.0,0.0,1.0,0.0,0.0
SNPT-109,0,27.0,0.035772374335584056,0.9874085623484391,0.14942528735632185,1.0,1.0,0.9310344827586207,0.8716042991037722,231.0,404.0,174.0,174.0,1843.0,747.0,1912.5498283636502,761.3652839473617,130.3597981289866,7.0,0.013475899115022642,0.9970213715676908,0.8307692307692308,1.0,1.0,0.8923076923076924,0.906903390226693,685.0,749.0,65.0,65.0,16.5,801.0,906.433643820563,713.5317748816489,154.31533384856613,281.0,1896.4640419355178,-1896.0498283636502,39.63471605263828,0.8447624411512614,0.7468533515930176,0.9760448932647705,0.0,1.0,1.0,1.0,0.0,1.0
SNPT-109,0,7.0,0.059393447324064076,0.9511390133337541,0.22448979591836735,1.0,0.7524752475247525,0.8244897959183674,0.8784472918746495,0.0,244.0,245.0,245.0,990.0,537.5,10.823735341421317,552.1491906479248,100.46664954404987,10.0,0.0569816627148395,0.9448847738472191,0.16666666666666666,0.0,1.0,0.9144144144144144,0.911539404556669,465.0,736.0,272.0,222.0,1908.0,539.5,1911.0465916205653,560.3246507881718,92.3562809502676,221.0,1897.218432655535,1897.1762646585787,-12.649190647924797,1.0878161020596917,0.7692490816116333,0.9644453525543213,0.0,1.0,1.0,0.0,1.0,0.0
SNPT-109,1,,1.0,0.0,0.0,0.0,0.5431034482758621,0.8656716417910447,0.841104933413966,305.0,471.0,167.0,134.0,19.483439280728305,549.1561760146993,27.93633094491173,593.3069937608567,110.70074750567382,,1.0,0.0,0.0,0.0,0.9885057471264368,0.925531914893617,0.8896886034943592,166.0,259.0,94.0,94.0,1083.5,471.5,113.8359143599937,557.8591435993886,100.92793662131616,46.0,94.7530009992483,-94.35247507926539,-8.702967584689304,1.096829591602823,0.9134634137153625,0.9852463603019714,0.0,0.0,0.0,1.0,0.0,0.0
SNPT-109,1,33.0,0.05046377598876006,0.9785710174009341,0.22851153039832284,1.0,1.0,0.8784067085953878,0.849137978365996,0.0,476.0,477.0,477.0,1026.0,593.5,34.807803651570765,530.6595233567068,99.50106148907267,33.0,0.11463676550338278,0.8772118677111232,0.6204379562043796,1.0,1.0,0.9124087591240876,0.8876536316871643,613.0,749.0,137.0,137.0,22.5,839.5,1773.8648745582245,711.6340742450591,148.4636381100996,137.0,309.08562251256876,-12.307803651570765,308.8404766432932,0.6702049252981621,0.9153565764427185,0.98894864320755,1.0,0.0,1.0,1.0,0.0,1.0
SNPT-109,1,,1.0,0.0,0.0,0.0,1.0,0.7875,0.8753284764668298,0.0,262.0,263.0,240.0,1106.5,488.5,7.7641328720758125,499.35045011109867,91.78733934069548,33.0,0.08215076032684604,0.9029237609621473,0.568733153638814,0.0,0.9969604863221885,0.8867924528301887,0.8638493393329864,379.0,749.0,371.0,371.0,10.0,802.0,1490.7024652737412,630.9918489520052,116.01890854156925,117.0,302.65780867139097,2.2358671279241875,302.64954988890133,0.791141207019788,0.7977371215820312,0.9755196571350098,0.0,0.0,0.0,1.0,0.0,1.0
SNPT-109,0,,1.0,0.0,0.0,0.0,0.935251798561151,0.879746835443038,0.8851990172331282,229.0,386.0,158.0,158.0,1884.5,761.0,1910.135236609439,569.1191394299864,113.14804887525965,33.0,0.11463676550338278,0.8772118677111232,0.6204379562043796,1.0,1.0,0.9124087591240876,0.8876536316871643,613.0,749.0,137.0,137.0,22.5,839.5,1773.8648745582245,711.6340742450591,148.4636381100996,227.0,1906.9013074231593,-1887.635236609439,270.3808605700136,0.7621263382441824,0.7271739840507507,0.931857705116272,0.0,0.0,0.0,0.0,1.0,1.0
SNPT-109,1,,1.0,0.0,0.0,0.0,0.9852579852579852,0.8409090909090909,0.8933540950243245,0.0,485.0,486.0,484.0,1127.0,490.0,3.5002806109429874,493.2569231503703,95.95156599890545,,1.0,0.0,0.0,0.0,1.0,0.875,0.8367365428379604,742.0,749.0,8.0,8.0,15.5,553.5,71.6266983411605,539.4513398295691,111.73061156123062,257.0,61.42655430452289,11.999719389057013,60.24307684962969,0.8587759850067773,0.7642227411270142,0.9394503831863403,0.0,0.0,0.0,1.0,0.0,1.0
SNPT-109,1,,1.0,0.0,0.0,0.0,0.935251798561151,0.879746835443038,0.8851990172331282,229.0,386.0,158.0,158.0,1884.5,761.0,1910.135236609439,569.1191394299864,113.14804887525965,10.0,0.0569816627148395,0.9448847738472191,0.16666666666666666,0.0,1.0,0.9144144144144144,0.911539404556669,465.0,736.0,272.0,222.0,1908.0,539.5,1911.0465916205653,560.3246507881718,92.3562809502676,79.0,29.696004040127395,-2.135236609439062,-29.619139429986376,1.2251256515643811,0.9456741213798523,0.9931778311729431,0.0,0.0,0.0,1.0,0.0,1.0
SNPT-109,1,,1.0,0.0,0.0,1.0,0.5019157088122606,0.981203007518797,0.862156836009117,0.0,265.0,266.0,266.0,1208.5,468.0,13.123273940580372,588.6730720236282,97.30588990534733,9.0,0.04081801022736423,0.9521411895751953,0.5913978494623656,1.0,1.0,0.8709677419354839,0.8783969165366373,657.0,749.0,93.0,93.0,17.0,683.0,943.4298624464257,583.1948878817282,127.44128428992741,392.0,94.40655881028302,3.876726059419628,94.32692797637185,0.7635350698756109,0.8009487986564636,0.9619387984275818,0.0,0.0,0.0,1.0,0.0,0.0
SNPT-109,0,3.0,0.005020461284776242,0.9988353896353926,0.22266401590457258,1.0,0.989010989010989,0.904572564612326,0.8564785521109025,0.0,537.0,538.0,503.0,1415.5,533.0,1908.8028368898802,625.8639962487642,102.61312621926409,,1.0,0.0,0.0,0.0,1.0,0.875,0.8367365428379604,742.0,749.0,8.0,8.0,15.5,553.5,71.6266983411605,539.4513398295691,111.73061156123062,205.0,1894.6852456617587,-1893.3028368898802,-72.36399624876424,0.9183976063984044,0.6197900772094727,0.9021854996681213,0.0,0.0,0.0,0.0,1.0,1.0
SNPT-109,1,7.0,0.059393447324064076,0.9511390133337541,0.22448979591836735,1.0,0.7524752475247525,0.8244897959183674,0.8784472918746495,0.0,244.0,245.0,245.0,990.0,537.5,10.823735341421317,552.1491906479248,100.46664954404987,,1.0,0.0,0.0,1.0,1.0,0.9107142857142857,0.8336096797503677,266.0,472.0,207.0,112.0,7.032207735194248,579.3391828159952,10.31933025091946,602.3355792120376,117.32110170451503,22.0,27.453075523309046,-3.791527606227069,27.189992168070376,0.8563391247133462,0.854432225227356,0.9858434200286865,0.0,0.0,0.0,1.0,0.0,0.0
SNPT-109,1,7.0,0.059393447324064076,0.9511390133337541,0.22448979591836735,1.0,0.7524752475247525,0.8244897959183674,0.8784472918746495,0.0,244.0,245.0,245.0,990.0,537.5,10.823735341421317,552.1491906479248,100.46664954404987,7.0,0.013475899115022642,0.9970213715676908,0.8307692307692308,1.0,1.0,0.8923076923076924,0.906903390226693,685.0,749.0,65.0,65.0,16.5,801.0,906.433643820563,713.5317748816489,154.31533384856613,441.0,248.91553847772764,5.676264658578683,248.8508093520752,0.6510477412610244,0.825430154800415,0.9631889462471008,1.0,0.0,1.0,1.0,0.0,0.0
SNPT-109,0,36.0,0.054275068578708764,0.9596277341182098,0.32127955493741306,1.0,0.9904,0.8692628650904033,0.8803960144042968,0.0,735.0,736.0,719.0,1167.0,512.0,1901.5094900379559,561.6500491193216,104.29382568721438,,1.0,0.0,0.0,0.0,1.0,0.875,0.8367365428379604,742.0,749.0,8.0,8.0,15.5,553.5,71.6266983411605,539.4513398295691,111.73061156123062,7.0,1886.0270994378309,-1886.0094900379559,-8.15004911932158,0.9334400325022769,0.6263553500175476,0.9047410488128662,0.0,0.0,0.0,0.0,1.0,1.0
SNPT-109,1,,1.0,0.0,0.0,1.0,1.0,0.9107142857142857,0.8336096797503677,266.0,472.0,207.0,112.0,7.032207735194248,579.3391828159952,10.31933025091946,602.3355792120376,117.32110170451503,7.0,0.013475899115022642,0.9970213715676908,0.8307692307692308,1.0,1.0,0.8923076923076924,0.906903390226693,685.0,749.0,65.0,65.0,16.5,801.0,906.433643820563,713.5317748816489,154.31533384856613,213.0,198.7605412690451,6.18066974908054,198.6644207879624,0.7602685927481805,0.8171625733375549,0.9656447172164917,0.0,0.0,0.0,1.0,0.0,1.0
SNPT-109,0,7.0,0.059393447324064076,0.9511390133337541,0.22448979591836735,1.0,0.7524752475247525,0.8244897959183674,0.8784472918746495,0.0,244.0,245.0,245.0,990.0,537.5,10.823735341421317,552.1491906479248,100.46664954404987,33.0,0.11463676550338278,0.8772118677111232,0.6204379562043796,1.0,1.0,0.9124087591240876,0.8876536316871643,613.0,749.0,137.0,137.0,22.5,839.5,1773.8648745582245,711.6340742450591,148.4636381100996,369.0,287.58793923193275,11.676264658578683,287.3508093520752,0.6767087943078999,0.7800886034965515,0.9732353687286377,0.0,1.0,1.0,1.0,0.0,0.0
SNPT-109,0,,1.0,0.0,0.0,1.0,0.5019157088122606,0.981203007518797,0.862156836009117,0.0,265.0,266.0,266.0,1208.5,468.0,13.123273940580372,588.6730720236282,97.30588990534733,,1.0,0.0,0.0,0.0,0.5431034482758621,0.8656716417910447,0.841104933413966,305.0,471.0,167.0,134.0,19.483439280728305,549.1561760146993,27.93633094491173,593.3069937608567,110.70074750567382,40.0,40.02545156940161,6.360165340147933,-39.516896008928825,0.8789993933903657,0.7898503541946411,0.9913555383682251,0.0,0.0,0.0,0.0,1.0,0.0
SNPT-109,0,,1.0,0.0,0.0,0.0,0.6130434782608696,0.8455882352941176,0.8962580584961435,0.0,271.0,272.0,272.0,1186.0,468.0,9.284347565791396,488.6214674931688,95.07411179937507,9.0,0.04081801022736423,0.9521411895751953,0.5913978494623656,1.0,1.0,0.8709677419354839,0.8783969165366373,657.0,749.0,93.0,93.0,17.0,683.0,943.4298624464257,583.1948878817282,127.44128428992741,386.0,194.53160460962314,7.715652434208604,194.37853250683122,0.7460228632276068,0.7981058955192566,0.9497628211975098,0.0,0.0,0.0,0.0,1.0,0.0
SNPT-109,0,,1.0,0.0,0.0,0.0,1.0,0.8875,0.8433975929945288,388.0,472.0,85.0,80.0,19.0,670.5,9.166016110307453,599.9567561360566,122.90506693000802,9.0,0.04081801022736423,0.9521411895751953,0.5913978494623656,1.0,1.0,0.8709677419354839,0.8783969165366373,657.0,749.0,93.0,93.0,17.0,683.0,943.4298624464257,583.1948878817282,127.44128428992741,185.0,83.41193952325014,7.833983889692547,83.04324386394342,0.9644054327826801,0.5707316994667053,0.8859741687774658,0.0,0.0,0.0,0.0,1.0,1.0
SNPT-109,0,,1.0,0.0,0.0,0.0,1.0,0.8145695364238411,0.7936278644616042,0.0,150.0,151.0,151.0,1173.5,473.0,1191.8788201386728,477.5806068767248,86.56830039337903,,1.0,0.0,0.0,0.0,1.0,0.875,0.8367365428379604,742.0,749.0,8.0,8.0,15.5,553.5,71.6266983411605,539.4513398295691,111.73061156123062,592.0,1178.8260612673366,-1176.3788201386728,75.9193931232752,0.7747948318168639,0.7119427919387817,0.8676935434341431,0.0,0.0,0.0,1.0,0.0,1.0
SNPT-109,0,,1.0,0.0,0.0,1.0,0.5019157088122606,0.981203007518797,0.862156836009117,0.0,265.0,266.0,266.0,1208.5,468.0,13.123273940580372,588.6730720236282,97.30588990534733,7.0,0.013475899115022642,0.9970213715676908,0.8307692307692308,1.0,1.0,0.8923076923076924,0.906903390226693,685.0,749.0,65.0,65.0,16.5,801.0,906.433643820563,713.5317748816489,154.31533384856613,420.0,212.35377703908108,3.376726059419628,212.32692797637185,0.630565268392811,0.7125341296195984,0.9548065662384033,0.0,0.0,0.0,1.0,0.0,0.0
SNPT-109,1,,1.0,0.0,0.0,0.0,1.0,0.8145695364238411,0.7936278644616042,0.0,150.0,151.0,151.0,1173.5,473.0,1191.8788201386728,477.5806068767248,86.56830039337903,,1.0,0.0,0.0,0.0,0.9885057471264368,0.925531914893617,0.8896886034943592,166.0,259.0,94.0,94.0,1083.5,471.5,113.8359143599937,557.8591435993886,100.92793662131616,16.0,108.54926270887366,-108.37882013867284,-6.080606876724801,0.8577238700339748,0.9084774255752563,0.9305647611618042,0.0,0.0,0.0,1.0,0.0,1.0
SNPT-109,1,9.0,0.009334734926718132,0.9009535626361245,0.07196969696969698,1.0,0.9699570815450643,0.8825757575757576,0.8554150055406431,296.0,607.0,312.0,264.0,11.653901157934826,521.7370903547517,8.115126192819265,690.9633537209336,109.05661236744741,9.0,0.04081801022736423,0.9521411895751953,0.5913978494623656,1.0,1.0,0.8709677419354839,0.8783969165366373,657.0,749.0,93.0,93.0,17.0,683.0,943.4298624464257,583.1948878817282,127.44128428992741,50.0,11.931302739191267,8.884873807180735,-7.963353720933583,0.8557400608059231,0.8480569124221802,0.9835636019706726,1.0,0.0,1.0,1.0,0.0,1.0
SNPT-109,1,27.0,0.035772374335584056,0.9874085623484391,0.14942528735632185,1.0,1.0,0.9310344827586207,0.8716042991037722,231.0,404.0,174.0,174.0,1843.0,747.0,1912.5498283636502,761.3652839473617,130.3597981289866,27.0,0.012360922639775779,0.9979770229412959,0.9027777777777778,1.0,1.0,0.9027777777777778,0.8116490501623888,466.0,537.0,72.0,72.0,1909.5,879.0,1907.7024192560243,777.0597570977461,143.18638071661655,62.0,117.67424473448963,-3.0498283636502492,117.63471605263828,0.9104203729192978,0.9033459424972534,0.9208599328994751,1.0,0.0,1.0,1.0,0.0,1.0
SNPT-109,0,27.0,0.012360922639775779,0.9979770229412959,0.9027777777777778,1.0,1.0,0.9027777777777778,0.8116490501623888,466.0,537.0,72.0,72.0,1909.5,879.0,1907.7024192560243,777.0597570977461,143.18638071661655,31.0,0.03156217087293044,0.8740603840803798,0.6422764227642277,0.0,1.0,0.9024390243902439,0.8375871455347216,627.0,749.0,123.0,123.0,16.5,1004.0,1486.2353030808526,968.8871531534753,171.32069616081472,90.0,1904.7699242817682,-1891.2024192560243,226.94024290225389,0.8357798206832574,0.6517637968063354,0.8776868581771851,0.0,1.0,1.0,0.0,1.0,1.0
SNPT-109,0,,1.0,0.0,0.0,1.0,1.0,0.9107142857142857,0.8336096797503677,266.0,472.0,207.0,112.0,7.032207735194248,579.3391828159952,10.31933025091946,602.3355792120376,117.32110170451503,,1.0,0.0,0.0,1.0,0.5019157088122606,0.981203007518797,0.862156836009117,0.0,265.0,266.0,266.0,1208.5,468.0,13.123273940580372,588.6730720236282,97.30588990534733,1.0,11.145518169146031,-6.091066205386124,-9.333889207632978,1.205693733633567,0.7659496068954468,0.981453537940979,0.0,0.0,0.0,1.0,0.0,0.0
SNPT-109,1,,1.0,0.0,0.0,0.0,1.0,0.8145695364238411,0.7936278644616042,0.0,150.0,151.0,151.0,1173.5,473.0,1191.8788201386728,477.5806068767248,86.56830039337903,,1.0,0.0,0.0,0.0,0.5431034482758621,0.8656716417910447,0.841104933413966,305.0,471.0,167.0,134.0,19.483439280728305,549.1561760146993,27.93633094491173,593.3069937608567,110.70074750567382,155.0,1174.5782184062796,-1172.3953808579445,71.57556913797453,0.782002853132876,0.8300472497940063,0.9484140276908875,0.0,0.0,0.0,1.0,0.0,0.0
SNPT-110,1,34.0,0.2705207995750243,0.8605426549911499,0.018072289156626505,1.0,0.8955696202531646,0.9518072289156626,0.814566859338857,0.0,331.0,332.0,332.0,1507.5,490.0,9.779641445892683,589.5544633549849,84.33223103390429,34.0,0.09771705422528092,0.8911101832276299,0.4307692307692308,1.0,1.0,0.9743589743589743,0.8798624722581161,332.0,527.0,196.0,195.0,8.87556331866017,557.6035306681626,25.37398434090035,546.6797163403933,120.14640515562216,1.0,31.96372094763044,-0.9040781272325127,-31.950932686822284,0.7019122288733582,0.8796373605728149,0.9841711521148682,1.0,0.0,0.0,1.0,0.0,0.0
SNPT-110,0,14.0,0.024670902200917305,0.9674180998502533,0.8819277108433735,0.0,0.9974358974358974,0.9397590361445783,0.8790652194084265,335.0,749.0,415.0,415.0,13.01082254665397,840.9381532521313,894.2755782409163,561.6238534975204,156.1794451278523,34.0,0.2705207995750243,0.8605426549911499,0.018072289156626505,1.0,0.8955696202531646,0.9518072289156626,0.814566859338857,0.0,331.0,332.0,332.0,1507.5,490.0,9.779641445892683,589.5544633549849,84.33223103390429,4.0,251.40445516659122,3.2311811007612867,251.38368989714638,1.8519543858037277,0.731239378452301,0.9235867261886597,0.0,1.0,0.0,0.0,1.0,0.0
SNPT-110,1,31.0,0.0011445496952806674,0.9998431367533548,0.6422018348623854,1.0,1.0,0.926605504587156,0.8460046737500937,387.0,495.0,109.0,109.0,11.49005861659748,623.2287667330188,21.35124092758342,575.6002237846487,121.20779986252927,,1.0,0.0,0.0,1.0,1.0,0.8717948717948718,0.8895010807934929,639.0,696.0,58.0,39.0,8.5,507.5,14.804423547068831,571.9479679429857,131.85192870120989,144.0,69.30219962525022,-12.851240927583419,-68.10022378464873,0.9192721036125204,0.8572530150413513,0.9621822237968445,0.0,0.0,0.0,1.0,0.0,1.0
SNPT-110,0,,1.0,0.0,0.0,0.0,1.0,0.75,0.813718299070994,496.0,509.0,14.0,8.0,10.778481731566202,603.965252678576,7.087446921573051,510.9764699704834,98.26862163719028,62.0,0.0038110618701006956,0.9769468025385755,0.4724770642201835,0.0,0.9796954314720813,0.9036697247706422,0.8905452202419339,532.0,749.0,218.0,218.0,1907.5,583.5,1480.319226568234,446.19487583719865,116.33826012536981,23.0,1901.7958708299918,1900.412553078427,72.52353002951662,0.8446801725528033,0.7977473139762878,0.8667787313461304,0.0,0.0,0.0,1.0,0.0,1.0
SNPT-110,1,33.0,0.01120997598393244,0.9912299278535341,0.38,0.0,0.9283276450511946,0.9766666666666667,0.8324889992284287,0.0,299.0,300.0,300.0,1310.5,527.0,14.046900367817832,586.863593594842,85.18669160377625,33.0,0.02590193745682108,0.9851390566144671,0.5982905982905983,0.0,0.9809523809523809,0.8974358974358975,0.8789485755420866,387.0,503.0,117.0,117.0,8.5,588.0,30.122164820704562,574.425088024059,119.37051057515072,88.0,5.662112963212744,-5.546900367817832,1.1364064051580272,0.713632631655255,0.877354621887207,0.9842272996902466,1.0,0.0,1.0,1.0,0.0,1.0
SNPT-110,1,9.0,0.01038416438062156,0.990518350083873,0.8760330578512396,1.0,1.0,0.4297520661157025,0.7155941058923533,302.0,430.0,129.0,121.0,1902.5,758.0,1910.7026379633085,660.6724118748017,118.65847792981035,9.0,0.06411491537764391,0.9549096160894864,0.3181818181818182,1.0,1.0,0.9090909090909091,0.8868273232890441,508.0,749.0,242.0,242.0,1904.0,645.5,1477.906591135557,462.93377487465216,113.27644596010666,78.0,16.586965899941053,-6.702637963308462,-15.172411874801696,1.0475123660888788,0.9180681109428406,0.9484626054763794,1.0,0.0,1.0,1.0,0.0,1.0
SNPT-110,0,,1.0,0.0,0.0,1.0,0.970954356846473,0.8006644518272426,0.7907342700542751,0.0,300.0,301.0,301.0,1425.0,489.0,7.190798388295357,579.4262733642219,77.94582900733201,9.0,0.01038416438062156,0.990518350083873,0.8760330578512396,1.0,1.0,0.4297520661157025,0.7155941058923533,302.0,430.0,129.0,121.0,1902.5,758.0,1910.7026379633085,660.6724118748017,118.65847792981035,2.0,1903.703113817537,1895.3092016117046,178.57372663577814,0.6568922032982679,0.6514104008674622,0.8979764580726624,0.0,0.0,0.0,1.0,0.0,1.0
SNPT-110,0,14.0,0.024670902200917305,0.9674180998502533,0.8819277108433735,0.0,0.9974358974358974,0.9397590361445783,0.8790652194084265,335.0,749.0,415.0,415.0,13.01082254665397,840.9381532521313,894.2755782409163,561.6238534975204,156.1794451278523,24.0,0.02906694442287328,0.9922878967141205,0.5247524752475248,1.0,1.0,0.9306930693069307,0.8313385742775937,0.0,100.0,101.0,101.0,1667.0,599.0,1911.3362963341078,606.2132806940094,86.47567966794595,235.0,1912.7821021297193,-1898.3254737874538,234.7248725581219,1.8060505072357762,0.6520950794219971,0.9063003063201904,0.0,1.0,1.0,0.0,1.0,1.0
SNPT-110,1,27.0,0.01098133383658558,0.9894857094055269,0.6212121212121212,0.0,1.0,0.9090909090909091,0.8713998561104138,297.0,428.0,132.0,132.0,1903.5,783.5,1900.9205467385063,674.0510372783153,123.52206812140734,27.0,0.03775428473886898,0.971399425549278,0.8980392156862745,0.0,1.0,0.9607843137254902,0.8634779823069669,495.0,749.0,255.0,255.0,1900.5,814.5,1614.4811803833468,674.8918552805302,156.28581827300425,67.0,140.44959234243595,-0.4205467385063457,140.44896272168467,0.7903600562505018,0.9642013311386108,0.992229700088501,1.0,0.0,1.0,1.0,0.0,1.0
SNPT-110,1,33.0,0.02590193745682108,0.9851390566144671,0.5982905982905983,0.0,0.9809523809523809,0.8974358974358975,0.8789485755420866,387.0,503.0,117.0,117.0,8.5,588.0,30.122164820704562,574.425088024059,119.37051057515072,10.0,0.40858616136635345,0.8093537439902624,0.21428571428571427,0.0,1.0,0.8214285714285714,0.8883499632710996,651.0,678.0,28.0,28.0,11.0,662.5,6.348900123510118,625.5981584224944,130.23660534144022,148.0,90.12684010326744,-19.122164820704562,88.07491197594095,0.9165665080274324,0.8831145763397217,0.9730312824249268,0.0,1.0,0.0,1.0,0.0,1.0
SNPT-110,0,4.0,0.17526857032801976,0.8447910952763479,0.3765432098765432,1.0,0.9931506849315068,0.9012345679012346,0.8841698778002229,346.0,507.0,162.0,162.0,7.734111112023633,535.2093335203779,27.83671413521565,529.0862797672985,114.0276259080649,3.0,0.005028450117303389,0.9990423222382864,0.5333333333333333,0.0,1.0,0.9333333333333333,0.9152327108950842,705.0,749.0,45.0,45.0,1909.5,487.5,1599.3349114301113,463.1900223291026,113.41435778355873,198.0,1882.1227749635093,1881.6632858647843,-41.58627976729849,1.0054073235213883,0.6768385171890259,0.9277160167694092,0.0,1.0,0.0,0.0,1.0,1.0
SNPT-110,1,33.0,0.01120997598393244,0.9912299278535341,0.38,0.0,0.9283276450511946,0.9766666666666667,0.8324889992284287,0.0,299.0,300.0,300.0,1310.5,527.0,14.046900367817832,586.863593594842,85.18669160377625,10.0,0.40858616136635345,0.8093537439902624,0.21428571428571427,0.0,1.0,0.8214285714285714,0.8883499632710996,651.0,678.0,28.0,28.0,11.0,662.5,6.348900123510118,625.5981584224944,130.23660534144022,352.0,75.69775145760697,-3.046900367817832,75.63640640515803,0.654091769210684,0.8158608675003052,0.9745771288871765,0.0,1.0,0.0,1.0,0.0,1.0
SNPT-110,1,,1.0,0.0,0.0,0.0,1.0,0.75,0.813718299070994,496.0,509.0,14.0,8.0,10.778481731566202,603.965252678576,7.087446921573051,510.9764699704834,98.26862163719028,31.0,0.0011445496952806674,0.9998431367533548,0.6422018348623854,1.0,1.0,0.926605504587156,0.8460046737500937,387.0,495.0,109.0,109.0,11.49005861659748,623.2287667330188,21.35124092758342,575.6002237846487,121.20779986252927,1.0,30.271407320610248,-10.572759196017216,28.365028893927274,0.810745032486721,0.7658387422561646,0.8281030058860779,0.0,0.0,0.0,0.0,1.0,1.0
SNPT-110,1,,1.0,0.0,0.0,0.0,1.0,0.75,0.813718299070994,496.0,509.0,14.0,8.0,10.778481731566202,603.965252678576,7.087446921573051,510.9764699704834,98.26862163719028,,1.0,0.0,0.0,1.0,1.0,0.8717948717948718,0.8895010807934929,639.0,696.0,58.0,39.0,8.5,507.5,14.804423547068831,571.9479679429857,131.85192870120989,130.0,3.7524857967814027,1.4125530784269493,-3.476469970483379,0.7452952915074693,0.7379703521728516,0.8562662601470947,0.0,0.0,0.0,0.0,1.0,1.0
SNPT-110,1,3.0,0.066599900976805,0.955707226395607,0.12406947890818859,0.0,0.8220338983050848,0.8784119106699751,0.8271063423089389,0.0,402.0,403.0,403.0,1475.0,487.5,1896.8471962689023,667.6833491997069,96.54225343566188,3.0,0.005028450117303389,0.9990423222382864,0.5333333333333333,0.0,1.0,0.9333333333333333,0.9152327108950842,705.0,749.0,45.0,45.0,1909.5,487.5,1599.3349114301113,463.1900223291026,113.41435778355873,303.0,180.62705437193284,12.65280373109772,-180.18334919970687,0.8512348464724743,0.8524986505508423,0.9818037748336792,1.0,0.0,1.0,1.0,0.0,0.0
SNPT-110,0,14.0,0.024670902200917305,0.9674180998502533,0.8819277108433735,0.0,0.9974358974358974,0.9397590361445783,0.8790652194084265,335.0,749.0,415.0,415.0,13.01082254665397,840.9381532521313,894.2755782409163,561.6238534975204,156.1794451278523,,1.0,0.0,0.0,1.0,0.9714285714285714,0.8588957055214724,0.8328179121017456,0.0,325.0,326.0,326.0,1616.5,481.5,8.716692964264233,546.400278328077,82.71909415579958,10.0,294.5691757697133,4.294129582389736,294.53787492405434,1.8880700607491152,0.6106693744659424,0.9160208702087402,0.0,0.0,0.0,0.0,1.0,1.0
SNPT-110,0,27.0,0.01098133383658558,0.9894857094055269,0.6212121212121212,0.0,1.0,0.9090909090909091,0.8713998561104138,297.0,428.0,132.0,132.0,1903.5,783.5,1900.9205467385063,674.0510372783153,123.52206812140734,9.0,0.06411491537764391,0.9549096160894864,0.3181818181818182,1.0,1.0,0.9090909090909091,0.8868273232890441,508.0,749.0,242.0,242.0,1904.0,645.5,1477.906591135557,462.93377487465216,113.27644596010666,80.0,28.716628668029188,3.0794532614936543,-28.551037278315334,1.0904479485956768,0.6905253529548645,0.9145717620849609,0.0,1.0,1.0,0.0,1.0,1.0
SNPT-110,1,6.0,0.0001915725004905518,0.9922973299926182,0.21157684630738524,1.0,0.6516587677725119,0.8423153692614771,0.8608367992520898,0.0,500.0,501.0,501.0,1743.0,508.5,38.199049977304526,484.9355110861954,95.29711716955559,10.0,0.6862274184823036,0.8508409857749939,0.009009009009009009,1.0,1.0,0.9459459459459459,0.897663904939379,584.0,694.0,111.0,111.0,11.49177364075014,462.4104034207197,27.82663100831155,569.0764374050231,126.45194415364772,84.0,34.937931888684375,-26.707276336554386,-22.525107665475673,0.753623187111802,0.7779057025909424,0.9785383939743042,0.0,1.0,0.0,1.0,0.0,0.0
SNPT-110,0,,1.0,0.0,0.0,0.0,1.0,0.8166666666666667,0.7996066723551069,0.0,179.0,180.0,180.0,192.5,562.0,7.346440483519731,612.1069146215725,88.50615365431169,27.0,0.03775428473886898,0.971399425549278,0.8980392156862745,0.0,1.0,0.9607843137254902,0.8634779823069669,495.0,749.0,255.0,255.0,1900.5,814.5,1614.4811803833468,674.8918552805302,156.28581827300425,316.0,1903.9415329570704,1893.1535595164803,202.3930853784275,0.5663095643118864,0.682258665561676,0.9490445852279663,0.0,0.0,0.0,1.0,0.0,1.0
SNPT-110,0,27.0,0.01098133383658558,0.9894857094055269,0.6212121212121212,0.0,1.0,0.9090909090909091,0.8713998561104138,297.0,428.0,132.0,132.0,1903.5,783.5,1900.9205467385063,674.0510372783153,123.52206812140734,3.0,0.005028450117303389,0.9990423222382864,0.5333333333333333,0.0,1.0,0.9333333333333333,0.9152327108950842,705.0,749.0,45.0,45.0,1909.5,487.5,1599.3349114301113,463.1900223291026,113.41435778355873,277.0,186.74821693360704,8.579453261493654,-186.55103727831533,1.089121964232591,0.7820134162902832,0.9850071668624878,0.0,1.0,1.0,1.0,0.0,1.0
SNPT-110,0,24.0,0.02906694442287328,0.9922878967141205,0.5247524752475248,1.0,1.0,0.9306930693069307,0.8313385742775937,0.0,100.0,101.0,101.0,1667.0,599.0,1911.3362963341078,606.2132806940094,86.47567966794595,3.0,0.005028450117303389,0.9990423222382864,0.5333333333333333,0.0,1.0,0.9333333333333333,0.9152327108950842,705.0,749.0,45.0,45.0,1909.5,487.5,1599.3349114301113,463.1900223291026,113.41435778355873,605.0,118.72748206443751,-1.8362963341078284,-118.71328069400943,0.7624755926668222,0.5434743165969849,0.9259577989578247,0.0,1.0,1.0,0.0,1.0,1.0
SNPT-110,0,10.0,0.6862274184823036,0.8508409857749939,0.009009009009009009,1.0,1.0,0.9459459459459459,0.897663904939379,584.0,694.0,111.0,111.0,11.49177364075014,462.4104034207197,27.82663100831155,569.0764374050231,126.45194415364772,31.0,0.0011445496952806674,0.9998431367533548,0.6422018348623854,1.0,1.0,0.926605504587156,0.8460046737500937,387.0,495.0,109.0,109.0,11.49005861659748,623.2287667330188,21.35124092758342,575.6002237846487,121.20779986252927,89.0,113.61841632939027,-9.85946728683328,-113.18982036392902,1.0432657328741732,0.8378340601921082,0.9567257165908813,0.0,1.0,0.0,1.0,0.0,1.0
SNPT-110,0,10.0,0.6862274184823036,0.8508409857749939,0.009009009009009009,1.0,1.0,0.9459459459459459,0.897663904939379,584.0,694.0,111.0,111.0,11.49177364075014,462.4104034207197,27.82663100831155,569.0764374050231,126.45194415364772,33.0,0.02590193745682108,0.9851390566144671,0.5982905982905983,0.0,0.9809523809523809,0.8974358974358975,0.8789485755420866,387.0,503.0,117.0,117.0,8.5,588.0,30.122164820704562,574.425088024059,119.37051057515072,81.0,113.55342813981315,-18.630391179954422,-112.01468460333933,1.0593231405677772,0.7269511222839355,0.9219017028808594,0.0,1.0,0.0,0.0,1.0,1.0
SNPT-110,1,,1.0,0.0,0.0,1.0,0.970954356846473,0.8006644518272426,0.7907342700542751,0.0,300.0,301.0,301.0,1425.0,489.0,7.190798388295357,579.4262733642219,77.94582900733201,,1.0,0.0,0.0,1.0,1.0,0.6756756756756757,0.8768060493469239,646.0,742.0,97.0,37.0,10.5,566.0,13.028235444160522,489.65645592516364,128.7879995182678,346.0,13.828074043688149,3.309201611704643,-13.426273364221856,0.6052258696376122,0.7221262454986572,0.9655493497848511,0.0,0.0,0.0,1.0,0.0,1.0
SNPT-110,1,4.0,0.17526857032801976,0.8447910952763479,0.3765432098765432,1.0,0.9931506849315068,0.9012345679012346,0.8841698778002229,346.0,507.0,162.0,162.0,7.734111112023633,535.2093335203779,27.83671413521565,529.0862797672985,114.0276259080649,6.0,3.280260038577994e-05,0.9999978000467474,0.036544850498338874,1.0,0.578125,0.8504983388704319,0.7754940628568768,0.0,300.0,301.0,301.0,1684.5,495.0,2.2038521049544353,497.1261187216156,81.41417407402466,46.0,38.48265861519879,5.530259007069198,38.08321479876224,1.4005869027718312,0.8100345730781555,0.9675002098083496,0.0,1.0,0.0,1.0,0.0,0.0
SNPT-110,0,6.0,3.280260038577994e-05,0.9999978000467474,0.036544850498338874,1.0,0.578125,0.8504983388704319,0.7754940628568768,0.0,300.0,301.0,301.0,1684.5,495.0,2.2038521049544353,497.1261187216156,81.41417407402466,10.0,0.40858616136635345,0.8093537439902624,0.21428571428571427,0.0,1.0,0.8214285714285714,0.8883499632710996,651.0,678.0,28.0,28.0,11.0,662.5,6.348900123510118,625.5981584224944,130.23660534144022,351.0,165.60764724754918,8.796147895045564,165.37388127838437,0.6251251240815268,0.7065371870994568,0.9545141458511353,0.0,1.0,0.0,0.0,1.0,0.0
SNPT-110,0,33.0,0.02590193745682108,0.9851390566144671,0.5982905982905983,0.0,0.9809523809523809,0.8974358974358975,0.8789485755420866,387.0,503.0,117.0,117.0,8.5,588.0,30.122164820704562,574.425088024059,119.37051057515072,,1.0,0.0,0.0,1.0,1.0,0.6756756756756757,0.8768060493469239,646.0,742.0,97.0,37.0,10.5,566.0,13.028235444160522,489.65645592516364,128.7879995182678,143.0,21.35442484507693,-19.622164820704562,-8.42508802405905,0.9268760367554177,0.7852412462234497,0.9128864407539368,0.0,0.0,0.0,0.0,1.0,1.0
SNPT-110,1,10.0,0.6862274184823036,0.8508409857749939,0.009009009009009009,1.0,1.0,0.9459459459459459,0.897663904939379,584.0,694.0,111.0,111.0,11.49177364075014,462.4104034207197,27.82663100831155,569.0764374050231,126.45194415364772,,1.0,0.0,0.0,1.0,0.9714285714285714,0.8588957055214724,0.8328179121017456,0.0,325.0,326.0,326.0,1616.5,481.5,8.716692964264233,546.400278328077,82.71909415579958,259.0,84.03570764689572,2.7750806764859064,-83.98987490735726,1.5286911135109662,0.703744649887085,0.9837577939033508,0.0,0.0,0.0,1.0,0.0,1.0
SNPT-111,1,,1.0,0.0,0.0,1.0,1.0,0.8,0.8112317621707916,243.0,247.0,5.0,5.0,12.0,734.0,12.0,734.0,18.0,9.0,0.0242141478070099,0.9870055030132162,0.17791411042944785,1.0,1.0,0.9141104294478528,0.909320855567386,261.0,749.0,489.0,489.0,8.037304766927079,747.374096411621,1333.1498388778919,480.87504182042346,102.22012713860472,14.0,13.948813868481936,-3.962695233072921,13.374096411621053,0.17609056556536087,0.5770021080970764,0.8789054751396179,0.0,0.0,0.0,1.0,0.0,1.0
SNPT-111,1,14.0,0.3830903845834352,0.8318592041146522,0.29310344827586204,0.0,1.0,0.9425287356321839,0.8671876177643285,145.0,318.0,174.0,174.0,26.5,628.5,1906.2340120382883,557.2320943215695,84.58755521158349,,1.0,0.0,0.0,0.0,1.0,0.9420289855072463,0.8955359486433175,681.0,749.0,69.0,69.0,1911.0,585.5,1638.84283616019,571.4243730637886,105.99194713070356,363.0,28.666864716878646,4.765987961711744,28.267905678430452,0.7980564326011925,0.9108594655990601,0.9416463375091553,0.0,0.0,0.0,1.0,0.0,1.0
SNPT-111,1,,1.0,0.0,0.0,1.0,1.0,0.75,0.7963671513966152,252.0,259.0,8.0,8.0,8.985661814453131,805.423784236807,5.2513773182891175,777.564292899574,37.89443865396059,9.0,0.0242141478070099,0.9870055030132162,0.17791411042944785,1.0,1.0,0.9141104294478528,0.909320855567386,261.0,749.0,489.0,489.0,8.037304766927079,747.374096411621,1333.1498388778919,480.87504182042346,102.22012713860472,2.0,30.31846558997137,2.7859274486379615,-30.190196487952903,0.3707140630198774,0.6760959625244141,0.8930296897888184,0.0,0.0,0.0,1.0,0.0,1.0
SNPT-111,0,,1.0,0.0,0.0,1.0,1.0,0.8,0.810322642326355,385.0,389.0,5.0,5.0,1914.0082590549673,385.40827493536915,1913.9905930699301,385.60531898942696,68.9450950013555,24.0,0.4026646027214156,0.8665747046470642,0.12,0.0,1.0,0.95,0.9488798944573653,650.0,749.0,100.0,100.0,1911.0,906.0,1341.1008049757424,799.0181840375087,142.7276677284063,261.0,520.4032740779078,-2.990593069930128,520.3946810105731,0.48305346887997763,0.5960803627967834,0.8254719972610474,0.0,0.0,0.0,0.0,1.0,1.0
SNPT-111,1,6.0,0.016235739592475172,0.9771278500556946,0.3183098591549296,1.0,1.0,0.9295774647887324,0.8940401469216203,0.0,354.0,355.0,355.0,269.0,590.5,1892.378794765336,541.4777893993712,122.22614172825278,,1.0,0.0,0.0,0.0,0.8,0.8333333333333334,0.9203729510307312,355.0,360.0,6.0,6.0,1897.9752253581653,537.7003891846615,1906.1337028377302,534.3826720660342,111.18887249396592,1.0,6.751946960873259,5.5964305928293925,-3.7774002147097008,1.0992659515895877,0.6624090671539307,0.9346027970314026,0.0,0.0,0.0,0.0,1.0,0.0
SNPT-111,1,9.0,0.00847144915192181,0.9969172151975854,0.8349514563106796,1.0,1.0,0.8446601941747572,0.8476170863228283,140.0,242.0,103.0,103.0,82.5,958.5,15.495050978958258,746.6974347956129,192.99918133563392,,1.0,0.0,0.0,1.0,1.0,0.8,0.8112317621707916,243.0,247.0,5.0,5.0,12.0,734.0,12.0,734.0,18.0,1.0,13.169670904557911,-3.4950509789582576,-12.697434795612935,10.722176740868552,0.5835344791412354,0.7961730360984802,0.0,0.0,0.0,1.0,0.0,1.0
SNPT-111,0,6.0,0.016235739592475172,0.9771278500556946,0.3183098591549296,1.0,1.0,0.9295774647887324,0.8940401469216203,0.0,354.0,355.0,355.0,269.0,590.5,1892.378794765336,541.4777893993712,122.22614172825278,27.0,0.0011775164603022859,0.9648552611470222,0.5333333333333333,1.0,1.0,0.8666666666666667,0.8514040158345149,735.0,749.0,15.0,15.0,1907.5,899.5,1879.9791667193854,874.2511383930893,156.11766967031085,381.0,358.3413932705931,15.121205234664103,358.0222106006288,0.7829103648957215,0.7477377653121948,0.9663044214248657,0.0,1.0,1.0,1.0,0.0,1.0
SNPT-111,0,9.0,0.00847144915192181,0.9969172151975854,0.8349514563106796,1.0,1.0,0.8446601941747572,0.8476170863228283,140.0,242.0,103.0,103.0,82.5,958.5,15.495050978958258,746.6974347956129,192.99918133563392,4.0,0.01241367940678469,0.9937759324123985,0.09004739336492891,0.0,1.0,0.8909952606635071,0.8490857271120903,328.0,749.0,422.0,422.0,42.5,677.5,902.7427074384632,521.469358699685,106.85238956527407,86.0,74.28022788011738,27.004949021041742,-69.19743479561293,1.8062224169327954,0.6875569820404053,0.8716745972633362,0.0,1.0,1.0,0.0,1.0,1.0
SNPT-111,0,,1.0,0.0,0.0,1.0,1.0,0.9285714285714286,0.8977775782601446,198.0,323.0,126.0,126.0,1896.5,481.0,1902.454206070468,517.8139466547216,117.57045248851225,,1.0,0.0,0.0,,0.0,0.0,0.5821142519327035,478.0,749.0,272.0,272.0,5.5,317.5,511.8450769600479,430.4648376738804,82.95882256102651,155.0,1907.5012286110932,-1896.954206070468,-200.31394665472158,1.4172145753638752,0.6441353559494019,0.9626296758651733,0.0,0.0,0.0,0.0,0.0,0.0
SNPT-111,1,3.0,0.029098818741462595,0.965588891612632,0.3888888888888889,1.0,1.0,0.875,0.9044965231229388,0.0,143.0,144.0,144.0,968.5,511.0,1879.6538362165447,458.6386182173203,106.0980943338329,,1.0,0.0,0.0,1.0,1.0,0.9285714285714286,0.8977775782601446,198.0,323.0,126.0,126.0,1896.5,481.0,1902.454206070468,517.8139466547216,117.57045248851225,55.0,27.996868207886386,16.846163783455268,22.3613817826797,0.9024214170154674,0.8626000881195068,0.9771868586540222,0.0,0.0,0.0,1.0,0.0,1.0
SNPT-111,0,14.0,0.3830903845834352,0.8318592041146522,0.29310344827586204,0.0,1.0,0.9425287356321839,0.8671876177643285,145.0,318.0,174.0,174.0,26.5,628.5,1906.2340120382883,557.2320943215695,84.58755521158349,24.0,0.4026646027214156,0.8665747046470642,0.12,0.0,1.0,0.95,0.9488798944573653,650.0,749.0,100.0,100.0,1911.0,906.0,1341.1008049757424,799.0181840375087,142.7276677284063,332.0,348.80046828031885,4.765987961711744,348.76790567843045,0.592650020545025,0.8692940473556519,0.9681533575057983,0.0,1.0,0.0,1.0,0.0,1.0
SNPT-111,1,,1.0,0.0,0.0,1.0,1.0,0.8571428571428571,0.9132182205068893,196.0,356.0,161.0,161.0,1909.622870385691,536.7646499336172,1908.9718398253062,552.1053890189642,120.4680217897274,14.0,0.12134212236381765,0.9229000525815146,0.28688524590163933,1.0,1.0,0.7786885245901639,0.9195929640217831,628.0,749.0,122.0,122.0,1910.0,733.5,1560.2881522679643,697.0218210889914,132.5940731047654,272.0,181.3975248075512,1.0281601746937667,181.39461098103584,0.9085475615078439,0.9348832368850708,0.9884989261627197,0.0,0.0,0.0,1.0,0.0,1.0
SNPT-111,1,9.0,0.00847144915192181,0.9969172151975854,0.8349514563106796,1.0,1.0,0.8446601941747572,0.8476170863228283,140.0,242.0,103.0,103.0,82.5,958.5,15.495050978958258,746.6974347956129,192.99918133563392,9.0,0.0242141478070099,0.9870055030132162,0.17791411042944785,1.0,1.0,0.9141104294478528,0.909320855567386,261.0,749.0,489.0,489.0,8.037304766927079,747.374096411621,1333.1498388778919,480.87504182042346,102.22012713860472,19.0,7.488380966914284,-7.457746212031179,0.6766616160081185,1.888074166391301,0.8373034000396729,0.9424139261245728,1.0,0.0,1.0,1.0,0.0,1.0
SNPT-111,0,,1.0,0.0,0.0,0.0,0.991869918699187,0.9144981412639405,0.9014938393744026,62.0,330.0,269.0,269.0,17.0,435.5,1905.75895710729,392.97033601553625,90.97851498928908,,1.0,0.0,0.0,,0.0,0.0,0.5821142519327035,478.0,749.0,272.0,272.0,5.5,317.5,511.8450769600479,430.4648376738804,82.95882256102651,148.0,1901.7570495951325,-1900.25895710729,-75.47033601553625,1.0966707600311358,0.6859592199325562,0.9536358118057251,0.0,0.0,0.0,0.0,0.0,0.0
SNPT-111,0,,1.0,0.0,0.0,1.0,1.0,0.8,0.8112317621707916,243.0,247.0,5.0,5.0,12.0,734.0,12.0,734.0,18.0,,1.0,0.0,0.0,,0.0,0.0,0.5821142519327035,478.0,749.0,272.0,272.0,5.5,317.5,511.8450769600479,430.4648376738804,82.95882256102651,231.0,416.5507172001988,-6.5,-416.5,0.21697511421113488,0.5020052194595337,0.8938657641410828,0.0,0.0,0.0,0.0,0.0,0.0
SNPT-111,1,,1.0,0.0,0.0,1.0,1.0,0.8571428571428571,0.9132182205068893,196.0,356.0,161.0,161.0,1909.622870385691,536.7646499336172,1908.9718398253062,552.1053890189642,120.4680217897274,14.0,0.010060696895732961,0.9955087166083486,0.6597222222222222,1.0,1.0,0.9722222222222222,0.8760722415787833,0.0,143.0,144.0,144.0,1106.5,635.5,1897.187876144696,532.6998442577811,127.2224095415643,53.0,13.0824969694583,12.43499424099491,4.064805675836055,0.9469088207323239,0.8533822298049927,0.9694655537605286,0.0,0.0,0.0,1.0,0.0,1.0
SNPT-111,1,,1.0,0.0,0.0,1.0,1.0,0.8333333333333334,0.8105066657066345,389.0,394.0,6.0,6.0,1907.05007794742,618.9827562472444,1907.4719925463492,626.9380624879524,25.068642420788763,16.0,0.13763697350474435,0.9044216275215149,0.06228373702422145,0.0,1.0,0.9204152249134948,0.9147729808674719,461.0,749.0,289.0,289.0,1910.5,626.0,1189.4770667616056,606.5390537676825,112.69400192611326,67.0,3.169982708260169,3.0280074536508437,-0.9380624879523793,0.22244877271484934,0.6590011119842529,0.8351738452911377,0.0,0.0,0.0,0.0,1.0,1.0
SNPT-111,0,7.0,0.3587891161441803,0.8974310755729675,0.019230769230769232,1.0,1.0,0.8461538461538461,0.8982713087038561,225.0,276.0,52.0,52.0,1910.5,616.5,1890.764931405034,572.0642913910747,126.37924148310236,4.0,0.01241367940678469,0.9937759324123985,0.09004739336492891,0.0,1.0,0.8909952606635071,0.8490857271120903,328.0,749.0,422.0,422.0,42.5,677.5,902.7427074384632,521.469358699685,106.85238956527407,52.0,1851.26981969445,-1848.264931405034,105.43570860892532,1.1827460480507057,0.6950989961624146,0.8607834577560425,0.0,1.0,0.0,0.0,1.0,1.0
SNPT-111,1,27.0,0.021171709893144767,0.990382816877451,0.9736842105263158,1.0,1.0,0.9736842105263158,0.8381521567568049,0.0,113.0,114.0,114.0,1117.0,792.0,1897.0405572844334,686.9425658242349,158.7977850647965,7.0,0.3587891161441803,0.8974310755729675,0.019230769230769232,1.0,1.0,0.8461538461538461,0.8982713087038561,225.0,276.0,52.0,52.0,1910.5,616.5,1890.764931405034,572.0642913910747,126.37924148310236,112.0,71.71688558572019,13.459442715566638,-70.44256582423486,1.256517947103114,0.8451895713806152,0.9059481620788574,0.0,1.0,0.0,1.0,0.0,1.0
SNPT-111,0,36.0,0.11805121432553278,0.9041849970817566,0.03927492447129909,1.0,0.9966777408637874,0.9093655589123867,0.8974751939013155,0.0,330.0,331.0,331.0,612.0,465.0,1902.8557367315834,466.3124785114744,97.59189382203353,,1.0,0.0,0.0,1.0,1.0,0.8333333333333334,0.8105066657066345,389.0,394.0,6.0,6.0,1907.05007794742,618.9827562472444,1907.4719925463492,626.9380624879524,25.068642420788763,59.0,152.7278828575582,4.19434121583663,152.67027773577001,3.892986791382973,0.5527434349060059,0.8725324869155884,0.0,0.0,0.0,1.0,0.0,1.0
SNPT-111,1,62.0,0.11785446321778181,0.7921797249998365,0.05454545454545454,1.0,1.0,0.8701298701298701,0.9259242424324378,0.0,384.0,385.0,385.0,223.5,432.5,1908.206296745866,380.8099808634357,91.66467377632111,,1.0,0.0,0.0,1.0,1.0,0.8,0.810322642326355,385.0,389.0,5.0,5.0,1914.0082590549673,385.40827493536915,1913.9905930699301,385.60531898942696,68.9450950013555,1.0,7.403180060501735,5.801962309101327,4.598294071933424,1.3295314739144088,0.6806031465530396,0.8502311706542969,0.0,0.0,0.0,1.0,0.0,1.0
SNPT-111,1,9.0,0.00847144915192181,0.9969172151975854,0.8349514563106796,1.0,1.0,0.8446601941747572,0.8476170863228283,140.0,242.0,103.0,103.0,82.5,958.5,15.495050978958258,746.6974347956129,192.99918133563392,,1.0,0.0,0.0,1.0,1.0,0.75,0.7963671513966152,252.0,259.0,8.0,8.0,8.985661814453131,805.423784236807,5.2513773182891175,777.564292899574,37.89443865396059,10.0,59.08600736201605,-6.5093891645051265,58.72634944119409,5.0930740285675755,0.6734181642532349,0.8121529817581177,0.0,0.0,0.0,1.0,0.0,1.0
SNPT-111,1,27.0,0.021171709893144767,0.990382816877451,0.9736842105263158,1.0,1.0,0.9736842105263158,0.8381521567568049,0.0,113.0,114.0,114.0,1117.0,792.0,1897.0405572844334,686.9425658242349,158.7977850647965,27.0,0.0011775164603022859,0.9648552611470222,0.5333333333333333,1.0,1.0,0.8666666666666667,0.8514040158345149,735.0,749.0,15.0,15.0,1907.5,899.5,1879.9791667193854,874.2511383930893,156.11766967031085,622.0,212.81462065681708,10.459442715566638,212.55743417576514,1.017167277734452,0.8037089109420776,0.9543378949165344,1.0,0.0,1.0,1.0,0.0,1.0
SNPT-111,0,3.0,0.029098818741462595,0.965588891612632,0.3888888888888889,1.0,1.0,0.875,0.9044965231229388,0.0,143.0,144.0,144.0,968.5,511.0,1879.6538362165447,458.6386182173203,106.0980943338329,27.0,0.0011775164603022859,0.9648552611470222,0.5333333333333333,1.0,1.0,0.8666666666666667,0.8514040158345149,735.0,749.0,15.0,15.0,1907.5,899.5,1879.9791667193854,874.2511383930893,156.11766967031085,592.0,441.739931164015,27.846163783455268,440.8613817826797,0.6796033694193025,0.7292307615280151,0.9639399647712708,0.0,1.0,1.0,1.0,0.0,1.0
SNPT-111,0,,1.0,0.0,0.0,0.0,0.8,0.8333333333333334,0.9203729510307312,355.0,360.0,6.0,6.0,1897.9752253581653,537.7003891846615,1906.1337028377302,534.3826720660342,111.18887249396592,27.0,0.0011775164603022859,0.9648552611470222,0.5333333333333333,1.0,1.0,0.8666666666666667,0.8514040158345149,735.0,749.0,15.0,15.0,1907.5,899.5,1879.9791667193854,874.2511383930893,156.11766967031085,375.0,365.1198843196229,1.3662971622698024,365.11732793396584,0.7122119663249808,0.7257949113845825,0.9054242968559265,0.0,0.0,0.0,0.0,1.0,0.0
SNPT-111,1,16.0,0.01137898579867233,0.9892863970053823,0.5292479108635098,0.0,1.0,0.8969359331476323,0.8765172863969152,0.0,385.0,386.0,359.0,922.5,789.0,1907.2437804748413,597.6823805598242,142.47041179879852,,1.0,0.0,0.0,1.0,1.0,0.8333333333333334,0.8105066657066345,389.0,394.0,6.0,6.0,1907.05007794742,618.9827562472444,1907.4719925463492,626.9380624879524,25.068642420788763,4.0,21.301256420558204,-0.1937025274212374,21.300375687420228,5.6832120945110125,0.6422586441040039,0.8101885914802551,0.0,0.0,0.0,0.0,1.0,1.0
SNPT-111,0,,1.0,0.0,0.0,1.0,1.0,0.8,0.810322642326355,385.0,389.0,5.0,5.0,1914.0082590549673,385.40827493536915,1913.9905930699301,385.60531898942696,68.9450950013555,,1.0,0.0,0.0,0.0,0.8,0.8333333333333334,0.9203729510307312,355.0,360.0,6.0,6.0,1897.9752253581653,537.7003891846615,1906.1337028377302,534.3826720660342,111.18887249396592,25.0,149.18237039296406,7.874556217237114,-148.974397130665,0.6200718961791528,0.72322678565979,0.8500007390975952,0.0,0.0,0.0,0.0,1.0,0.0
SNPT-111,0,14.0,0.010060696895732961,0.9955087166083486,0.6597222222222222,1.0,1.0,0.9722222222222222,0.8760722415787833,0.0,143.0,144.0,144.0,1106.5,635.5,1897.187876144696,532.6998442577811,127.2224095415643,,1.0,0.0,0.0,1.0,1.0,0.9285714285714286,0.8977775782601446,198.0,323.0,126.0,126.0,1896.5,481.0,1902.454206070468,517.8139466547216,117.57045248851225,55.0,51.704420215966714,-0.6878761446960198,-51.69984425778114,1.0820950914856362,0.7946267127990723,0.963543176651001,0.0,0.0,0.0,1.0,0.0,1.0
SNPT-111,1,16.0,0.01137898579867233,0.9892863970053823,0.5292479108635098,0.0,1.0,0.8969359331476323,0.8765172863969152,0.0,385.0,386.0,359.0,922.5,789.0,1907.2437804748413,597.6823805598242,142.47041179879852,16.0,0.13763697350474435,0.9044216275215149,0.06228373702422145,0.0,1.0,0.9204152249134948,0.9147729808674719,461.0,749.0,289.0,289.0,1910.5,626.0,1189.4770667616056,606.5390537676825,112.69400192611326,76.0,28.504219623674096,3.2562195251587127,28.317619440175804,1.264223555502163,0.9415417909622192,0.9760162234306335,1.0,0.0,1.0,1.0,0.0,1.0
SNPT-111,0,,1.0,0.0,0.0,0.0,0.8,0.8333333333333334,0.9203729510307312,355.0,360.0,6.0,6.0,1897.9752253581653,537.7003891846615,1906.1337028377302,534.3826720660342,111.18887249396592,,1.0,0.0,0.0,1.0,1.0,0.75,0.7963671513966152,252.0,259.0,8.0,8.0,8.985661814453131,805.423784236807,5.2513773182891175,777.564292899574,37.89443865396059,96.0,1907.862221766612,1892.7238480398762,-239.86390371491245,2.9341738905095207,0.6694003343582153,0.9023022651672363,0.0,0.0,0.0,0.0,1.0,0.0
SNPT-111,0,3.0,0.029098818741462595,0.965588891612632,0.3888888888888889,1.0,1.0,0.875,0.9044965231229388,0.0,143.0,144.0,144.0,968.5,511.0,1879.6538362165447,458.6386182173203,106.0980943338329,24.0,0.4026646027214156,0.8665747046470642,0.12,0.0,1.0,0.95,0.9488798944573653,650.0,749.0,100.0,100.0,1911.0,906.0,1341.1008049757424,799.0181840375087,142.7276677284063,507.0,448.45823428101716,31.346163783455268,447.3613817826797,0.7433603871095611,0.5911240577697754,0.9111908674240112,0.0,1.0,0.0,0.0,1.0,1.0
SNPT-111,0,,1.0,0.0,0.0,1.0,1.0,0.75,0.7963671513966152,252.0,259.0,8.0,8.0,8.985661814453131,805.423784236807,5.2513773182891175,777.564292899574,37.89443865396059,27.0,0.0011775164603022859,0.9648552611470222,0.5333333333333333,1.0,1.0,0.8666666666666667,0.8514040158345149,735.0,749.0,15.0,15.0,1907.5,899.5,1879.9791667193854,874.2511383930893,156.11766967031085,476.0,1906.152706149365,1902.248622681711,121.93570710042604,0.24272997882934091,0.6897923946380615,0.8688013553619385,0.0,0.0,0.0,1.0,0.0,1.0
SNPT-111,1,14.0,0.010060696895732961,0.9955087166083486,0.6597222222222222,1.0,1.0,0.9722222222222222,0.8760722415787833,0.0,143.0,144.0,144.0,1106.5,635.5,1897.187876144696,532.6998442577811,127.2224095415643,14.0,0.12134212236381765,0.9229000525815146,0.28688524590163933,1.0,1.0,0.7786885245901639,0.9195929640217831,628.0,749.0,122.0,122.0,1910.0,733.5,1560.2881522679643,697.0218210889914,132.5940731047654,485.0,201.20848159007363,12.81212385530398,200.80015574221886,0.959487905926558,0.8214259147644043,0.9774415493011475,1.0,0.0,1.0,1.0,0.0,1.0
SNPT-111,0,9.0,0.00847144915192181,0.9969172151975854,0.8349514563106796,1.0,1.0,0.8446601941747572,0.8476170863228283,140.0,242.0,103.0,103.0,82.5,958.5,15.495050978958258,746.6974347956129,192.99918133563392,,1.0,0.0,0.0,0.0,1.0,0.9420289855072463,0.8955359486433175,681.0,749.0,69.0,69.0,1911.0,585.5,1638.84283616019,571.4243730637886,105.99194713070356,439.0,1902.346872877801,1895.5049490210417,-161.19743479561293,1.8208853272375278,0.6379612684249878,0.8024954199790955,0.0,0.0,0.0,0.0,1.0,1.0
SNPT-111,1,7.0,0.3587891161441803,0.8974310755729675,0.019230769230769232,1.0,1.0,0.8461538461538461,0.8982713087038561,225.0,276.0,52.0,52.0,1910.5,616.5,1890.764931405034,572.0642913910747,126.37924148310236,27.0,0.0011775164603022859,0.9648552611470222,0.5333333333333333,1.0,1.0,0.8666666666666667,0.8514040158345149,735.0,749.0,15.0,15.0,1907.5,899.5,1879.9791667193854,874.2511383930893,156.11766967031085,459.0,327.863090013358,16.735068594965924,327.4357086089253,0.809512733247876,0.8410180807113647,0.952055037021637,0.0,1.0,0.0,1.0,0.0,1.0
SNPT-111,0,27.0,0.021171709893144767,0.990382816877451,0.9736842105263158,1.0,1.0,0.9736842105263158,0.8381521567568049,0.0,113.0,114.0,114.0,1117.0,792.0,1897.0405572844334,686.9425658242349,158.7977850647965,,1.0,0.0,0.0,1.0,1.0,0.75,0.7963671513966152,252.0,259.0,8.0,8.0,8.985661814453131,805.423784236807,5.2513773182891175,777.564292899574,37.89443865396059,139.0,1891.7687721877337,-1888.0548954699802,118.48121841257216,4.190530080545197,0.5250087976455688,0.8113771080970764,0.0,0.0,0.0,1.0,0.0,1.0
SNPT-111,1,,1.0,0.0,0.0,,0.0,0.0,0.5578351597252645,0.0,155.0,156.0,156.0,940.5,353.5,1902.2682429387532,408.18763082825205,92.35074718247354,,1.0,0.0,0.0,,0.0,0.0,0.5565844246974359,233.0,264.0,32.0,32.0,1903.0,391.5,1909.3104618613597,380.9024908943137,92.54100945834531,78.0,16.703666994307355,0.7317570612467534,-16.687630828252054,0.9979440220396838,0.9403713941574097,0.9800037741661072,0.0,0.0,0.0,0.0,0.0,0.0
SNPT-111,1,,1.0,0.0,0.0,1.0,1.0,0.75,0.7963671513966152,252.0,259.0,8.0,8.0,8.985661814453131,805.423784236807,5.2513773182891175,777.564292899574,37.89443865396059,,1.0,0.0,0.0,1.0,1.0,0.8,0.8112317621707916,243.0,247.0,5.0,5.0,12.0,734.0,12.0,734.0,18.0,5.0,71.48736384426837,-3.014338185546869,71.42378423680702,2.1052465918866994,0.9394548535346985,0.9878426194190979,0.0,0.0,0.0,1.0,0.0,1.0
SNPT-111,0,7.0,0.3587891161441803,0.8974310755729675,0.019230769230769232,1.0,1.0,0.8461538461538461,0.8982713087038561,225.0,276.0,52.0,52.0,1910.5,616.5,1890.764931405034,572.0642913910747,126.37924148310236,16.0,0.13763697350474435,0.9044216275215149,0.06228373702422145,0.0,1.0,0.9204152249134948,0.9147729808674719,461.0,749.0,289.0,289.0,1910.5,626.0,1189.4770667616056,606.5390537676825,112.69400192611326,185.0,57.432861635085814,19.735068594965924,53.935708608925324,1.1214371601246507,0.6551051139831543,0.9079468846321106,0.0,1.0,0.0,0.0,1.0,1.0
SNPT-111,0,14.0,0.010060696895732961,0.9955087166083486,0.6597222222222222,1.0,1.0,0.9722222222222222,0.8760722415787833,0.0,143.0,144.0,144.0,1106.5,635.5,1897.187876144696,532.6998442577811,127.2224095415643,,1.0,0.0,0.0,,0.0,0.0,0.5821142519327035,478.0,749.0,272.0,272.0,5.5,317.5,511.8450769600479,430.4648376738804,82.95882256102651,335.0,1903.889175798162,-1891.687876144696,-215.19984425778114,1.5335609355831494,0.7297799587249756,0.9449959397315979,0.0,0.0,0.0,0.0,0.0,0.0
SNPT-112,1,31.0,0.05676844880104426,0.9078505798693626,0.4720812182741117,0.0,1.0,0.9187817258883249,0.9244979435567697,0.0,196.0,197.0,197.0,761.5,825.5,1910.490060490011,955.4709469794436,167.97567905303038,31.0,0.034063381163377926,0.926465754123295,0.13572854291417166,0.0,1.0,0.9001996007984032,0.9474011612044205,249.0,749.0,501.0,501.0,1881.5,644.5,1473.5833138436774,722.4044791822175,98.20012317889115,53.0,312.319313319728,-28.990060490011047,-310.9709469794436,1.710544484216472,0.8182158470153809,0.9746277332305908,1.0,0.0,1.0,1.0,0.0,1.0
SNPT-112,1,33.0,0.04617607150617567,0.9684733536015165,0.94,1.0,1.0,0.94,0.8546743602194684,0.0,99.0,100.0,100.0,1299.0,810.0,1910.4290731018295,765.2803041879773,144.38964805095762,33.0,0.0008505853227072661,0.9999176397349665,0.48284960422163586,1.0,1.0,0.8179419525065963,0.8566078803231639,244.0,622.0,379.0,379.0,1905.5,799.0,5.915458284497506,1049.7665688768182,140.73101276706305,145.0,34.07805228146878,-4.929073101829545,33.71969581202268,1.0259973634237274,0.9375408887863159,0.9893438816070557,1.0,0.0,1.0,1.0,0.0,1.0
SNPT-112,0,31.0,0.05676844880104426,0.9078505798693626,0.4720812182741117,0.0,1.0,0.9187817258883249,0.9244979435567697,0.0,196.0,197.0,197.0,761.5,825.5,1910.490060490011,955.4709469794436,167.97567905303038,27.0,0.021394319310990756,0.9914313484046419,0.2576419213973799,1.0,1.0,0.9432314410480349,0.9000629670917988,292.0,749.0,458.0,458.0,1904.5,661.5,1738.9857228362648,784.1446492656264,113.48043414571264,96.0,294.03196848755215,-5.990060490011047,-293.9709469794436,1.480217099252053,0.5405471920967102,0.8999271392822266,0.0,1.0,1.0,0.0,1.0,1.0
SNPT-112,1,,1.0,0.0,0.0,1.0,0.9850746268656716,0.8375,0.8934436947552126,66.0,153.0,88.0,80.0,1914.0,475.0,1904.098986993336,428.9869146606155,75.62157918709286,,1.0,0.0,0.0,1.0,1.0,0.7931034482758621,0.9032104753929636,228.0,749.0,522.0,522.0,1904.0,360.5,1306.4643448849918,456.41221945260594,67.4251993363108,75.0,68.48698619559255,-0.09898699333598415,-68.48691466061553,1.1215625601623995,0.9288593530654907,0.9745197892189026,0.0,0.0,0.0,1.0,0.0,1.0
SNPT-112,0,,1.0,0.0,0.0,1.0,0.9850746268656716,0.8375,0.8934436947552126,66.0,153.0,88.0,80.0,1914.0,475.0,1904.098986993336,428.9869146606155,75.62157918709286,24.0,0.11537550859998191,0.9216050852601435,0.6644951140065146,0.0,1.0,0.9413680781758957,0.8921639690349671,314.0,623.0,310.0,307.0,1911.0,919.0,21.731741873933426,1013.6644915128519,139.98357694412152,161.0,490.06167753084003,6.901013006664016,490.0130853393845,0.5402175086387412,0.6259725093841553,0.9047927856445312,0.0,0.0,0.0,0.0,1.0,1.0
SNPT-112,0,14.0,0.01315521926771429,0.982036957941433,0.36727272727272725,0.0,1.0,0.9745454545454545,0.9302735760140775,0.0,274.0,275.0,275.0,616.5,461.5,50.792795842162406,361.2960779697715,88.27878797189172,3.0,0.0004067351473690422,0.9999581914199026,0.20607375271149675,1.0,1.0,0.9175704989154013,0.9058193687006091,289.0,749.0,461.0,461.0,1906.5,442.0,1796.598050815669,528.4588635981189,92.74308327504144,15.0,1857.4612648974296,1855.7072041578376,80.70392203022851,0.9518638463861473,0.6956912875175476,0.9150569438934326,0.0,1.0,1.0,0.0,1.0,1.0
SNPT-113,1,8.0,0.0009628211293403021,0.9984006127532647,0.5157894736842106,0.0,0.9958677685950413,0.8491228070175438,0.8068597129553803,0.0,284.0,285.0,285.0,1412.0,596.5,1912.0719727637545,466.4205937059999,87.59534415146398,,1.0,0.0,0.0,0.0,1.0,0.8461538461538461,0.8492339307611639,478.0,516.0,39.0,39.0,1912.0,421.0,1905.5721319022273,420.0460389295158,72.67675367466339,194.0,45.42065072942309,-0.07197276375450201,-45.42059370599992,1.2052732094169132,0.9230193495750427,0.9696451425552368,0.0,0.0,0.0,1.0,0.0,1.0
SNPT-113,0,,1.0,0.0,0.0,1.0,1.0,0.06779661016949153,0.559439594330995,468.0,526.0,59.0,59.0,1911.5,623.5,1912.0052568330314,595.1251579656823,74.24253916597704,,1.0,0.0,0.0,0.0,1.0,0.9285714285714286,0.8243557887199597,708.0,749.0,42.0,42.0,1903.5,444.5,1527.6194661731902,460.6953207075038,75.3595911689086,182.0,150.86509737504755,-8.505256833031353,-150.62515796568232,0.9851770426881983,0.5957657098770142,0.8475621342658997,0.0,0.0,0.0,0.0,1.0,1.0
SNPT-113,0,,1.0,0.0,0.0,1.0,1.0,1.0,0.6151484648386637,324.0,329.0,6.0,6.0,1911.009498895858,460.55031987930636,1910.9804783090403,460.39846635393144,31.029906274194435,31.0,0.07623860304499011,0.9564705808957418,0.5263157894736842,0.0,1.0,0.5614035087719298,0.7181312334537506,693.0,749.0,57.0,57.0,1891.5,795.5,1340.4615267849504,802.8358043152773,138.98068896696248,364.0,335.6672859947722,-19.480478309040336,335.10153364606856,0.22326775399401458,0.6876388788223267,0.862952470779419,0.0,0.0,0.0,0.0,1.0,1.0
SNPT-113,1,8.0,0.0009628211293403021,0.9984006127532647,0.5157894736842106,0.0,0.9958677685950413,0.8491228070175438,0.8068597129553803,0.0,284.0,285.0,285.0,1412.0,596.5,1912.0719727637545,466.4205937059999,87.59534415146398,,1.0,0.0,0.0,0.0,1.0,0.9285714285714286,0.8243557887199597,708.0,749.0,42.0,42.0,1903.5,444.5,1527.6194661731902,460.6953207075038,75.3595911689086,424.0,23.537016495003616,-8.571972763754502,-21.92059370599992,1.1623649066132877,0.886590838432312,0.9518529176712036,0.0,0.0,0.0,1.0,0.0,1.0
SNPT-113,1,,1.0,0.0,0.0,1.0,1.0,0.2793522267206478,0.5971057104357218,111.0,357.0,247.0,247.0,6.0,402.0,5.362785890189864,334.9710182744509,68.36232673835437,1.0,0.05166669934988022,0.9926978945732117,0.0047169811320754715,1.0,1.0,0.4386792452830189,0.6035267483764494,419.0,673.0,255.0,212.0,8.0,345.0,7.2649627715957905,312.7938479299968,68.44676190966275,62.0,10.36992636002684,2.6372141098101363,10.028981725549102,0.9987664110185399,0.9793620705604553,0.995154857635498,0.0,0.0,0.0,1.0,0.0,1.0
SNPT-113,1,33.0,0.031332159758676426,0.9950884183247884,0.040268456375838924,1.0,1.0,0.9731543624161074,0.8946534004704706,601.0,749.0,149.0,149.0,1905.0334608687067,580.2383313134437,450.87203062708227,548.649170494865,95.41528707119059,,1.0,0.0,0.0,1.0,1.0,0.06779661016949153,0.559439594330995,468.0,526.0,59.0,59.0,1911.5,623.5,1912.0052568330314,595.1251579656823,74.24253916597704,75.0,16.4384776284781,-6.971795964324656,-14.886826652238597,1.2851835099265616,0.910118818283081,0.9373834729194641,0.0,0.0,0.0,1.0,0.0,1.0
SNPT-113,0,8.0,0.0009628211293403021,0.9984006127532647,0.5157894736842106,0.0,0.9958677685950413,0.8491228070175438,0.8068597129553803,0.0,284.0,285.0,285.0,1412.0,596.5,1912.0719727637545,466.4205937059999,87.59534415146398,,1.0,0.0,0.0,1.0,1.0,0.9545454545454546,0.9016233867123014,706.0,749.0,44.0,44.0,1827.0,408.5,1425.205584378933,434.54938080625425,69.76547141706446,422.0,102.917616204285,-85.0719727637545,-57.92059370599992,1.2555687272262648,0.6722429990768433,0.8668097257614136,0.0,0.0,0.0,0.0,1.0,1.0
SNPT-113,1,31.0,0.0007114436892520984,0.9980864377908929,0.7491289198606271,0.0,1.0,0.3902439024390244,0.6534856778316781,0.0,573.0,574.0,574.0,1086.0,787.0,1909.0983614756283,752.378532199029,114.8129193206146,31.0,0.07623860304499011,0.9564705808957418,0.5263157894736842,0.0,1.0,0.5614035087719298,0.7181312334537506,693.0,749.0,57.0,57.0,1891.5,795.5,1340.4615267849504,802.8358043152773,138.98068896696248,120.0,46.574277363551836,-17.59836147562828,43.121467800971004,0.8261069949646539,0.9640767574310303,0.9791246056556702,1.0,0.0,1.0,1.0,0.0,1.0
SNPT-113,0,14.0,0.00018128689946479427,0.9999853253364563,0.09259259259259259,1.0,1.0,0.8734567901234568,0.9071887868453251,0.0,323.0,324.0,324.0,1507.5,588.5,1908.7783570033503,451.4606837732741,90.26066307250481,,1.0,0.0,0.0,1.0,1.0,0.06779661016949153,0.559439594330995,468.0,526.0,59.0,59.0,1911.5,623.5,1912.0052568330314,595.1251579656823,74.24253916597704,145.0,172.0608429258691,2.7216429966497344,172.03931622672587,1.2157539880299295,0.7095920443534851,0.9596982002258301,0.0,0.0,0.0,1.0,0.0,1.0
SNPT-113,0,14.0,0.00018128689946479427,0.9999853253364563,0.09259259259259259,1.0,1.0,0.8734567901234568,0.9071887868453251,0.0,323.0,324.0,324.0,1507.5,588.5,1908.7783570033503,451.4606837732741,90.26066307250481,1.0,0.05166669934988022,0.9926978945732117,0.0047169811320754715,1.0,1.0,0.4386792452830189,0.6035267483764494,419.0,673.0,255.0,212.0,8.0,345.0,7.2649627715957905,312.7938479299968,68.44676190966275,96.0,1903.7574004168255,-1900.7783570033503,-106.46068377327413,1.3186988040666179,0.7053472995758057,0.9570932984352112,0.0,1.0,1.0,1.0,0.0,1.0
SNPT-113,0,,1.0,0.0,0.0,1.0,1.0,0.9452887537993921,0.9083349219855772,0.0,328.0,329.0,329.0,1623.0,409.0,1912.231169511351,358.8887220820972,65.09232239374286,1.0,0.05166669934988022,0.9926978945732117,0.0047169811320754715,1.0,1.0,0.4386792452830189,0.6035267483764494,419.0,673.0,255.0,212.0,8.0,345.0,7.2649627715957905,312.7938479299968,68.44676190966275,91.0,1904.28181830832,-1904.231169511351,-13.888722082097217,0.9509919911135147,0.663862407207489,0.9648545980453491,0.0,0.0,0.0,1.0,0.0,1.0
SNPT-113,1,,1.0,0.0,0.0,1.0,1.0,1.0,0.6151484648386637,324.0,329.0,6.0,6.0,1911.009498895858,460.55031987930636,1910.9804783090403,460.39846635393144,31.029906274194435,14.0,0.00018128689946479427,0.9999853253364563,0.09259259259259259,1.0,1.0,0.8734567901234568,0.9071887868453251,0.0,323.0,324.0,324.0,1507.5,588.5,1908.7783570033503,451.4606837732741,90.26066307250481,1.0,9.359459315825255,2.2311418925078215,9.08963610603223,0.3437810583029803,0.660301685333252,0.9194217920303345,0.0,0.0,0.0,1.0,0.0,1.0
SNPT-113,1,,1.0,0.0,0.0,0.0,1.0,0.8461538461538461,0.8492339307611639,478.0,516.0,39.0,39.0,1912.0,421.0,1905.5721319022273,420.0460389295158,72.67675367466339,,1.0,0.0,0.0,0.0,1.0,0.9285714285714286,0.8243557887199597,708.0,749.0,42.0,42.0,1903.5,444.5,1527.6194661731902,460.6953207075038,75.3595911689086,192.0,24.541596171744494,-2.0721319022272837,24.453961070484183,0.9643995216450687,0.9240206480026245,0.9847156405448914,0.0,0.0,0.0,1.0,0.0,1.0
SNPT-113,0,,1.0,0.0,0.0,1.0,1.0,0.9452887537993921,0.9083349219855772,0.0,328.0,329.0,329.0,1623.0,409.0,1912.231169511351,358.8887220820972,65.09232239374286,,1.0,0.0,0.0,1.0,1.0,0.06779661016949153,0.559439594330995,468.0,526.0,59.0,59.0,1911.5,623.5,1912.0052568330314,595.1251579656823,74.24253916597704,140.0,264.6122880937314,-0.7311695113510268,264.6112779179028,0.8767523730326909,0.6647927761077881,0.9511686563491821,0.0,0.0,0.0,1.0,0.0,1.0
SNPT-113,1,33.0,0.031332159758676426,0.9950884183247884,0.040268456375838924,1.0,1.0,0.9731543624161074,0.8946534004704706,601.0,749.0,149.0,149.0,1905.0334608687067,580.2383313134437,450.87203062708227,548.649170494865,95.41528707119059,33.0,0.0015327607081771367,0.999821639166469,0.6726190476190477,1.0,1.0,0.9226190476190477,0.7781420211638174,0.0,167.0,168.0,168.0,1311.5,767.5,1911.7898304889404,637.0884744389894,116.35674080921265,434.0,57.25021662701583,-6.756369620233727,-56.85014312554563,0.8200237167835488,0.9580928087234497,0.9252030849456787,1.0,0.0,1.0,1.0,0.0,1.0
SNPT-113,0,1.0,0.05166669934988022,0.9926978945732117,0.0047169811320754715,1.0,1.0,0.4386792452830189,0.6035267483764494,419.0,673.0,255.0,212.0,8.0,345.0,7.2649627715957905,312.7938479299968,68.44676190966275,,1.0,0.0,0.0,1.0,1.0,0.88,0.9143924211913889,700.0,749.0,50.0,50.0,1898.0,397.5,1472.9889282889096,462.3764452835229,76.55276483657941,27.0,1892.6315312816707,1890.7350372284043,84.70615207000321,0.8941122120903027,0.654323399066925,0.9573048949241638,0.0,0.0,0.0,1.0,0.0,1.0
SNPT-113,1,9.0,0.006314396269497968,0.993646047078073,0.1787709497206704,0.0,1.0,0.8184357541899442,0.836294613600591,0.0,357.0,358.0,358.0,1665.5,445.0,1913.2882647498554,325.7394658903612,69.74945911503926,9.0,0.023217463336646017,0.9688669592142105,0.05970149253731343,0.0,1.0,0.9582089552238806,0.8241028055966457,415.0,749.0,335.0,335.0,1913.5,315.0,1145.3179857923549,364.3889679432533,56.24572101596464,58.0,10.741552933649096,0.21173525014455663,-10.739465890361203,1.24008471853782,0.9183981418609619,0.992389440536499,1.0,0.0,1.0,1.0,0.0,1.0
SNPT-113,0,14.0,0.00018128689946479427,0.9999853253364563,0.09259259259259259,1.0,1.0,0.8734567901234568,0.9071887868453251,0.0,323.0,324.0,324.0,1507.5,588.5,1908.7783570033503,451.4606837732741,90.26066307250481,,1.0,0.0,0.0,1.0,1.0,0.9545454545454546,0.9016233867123014,706.0,749.0,44.0,44.0,1827.0,408.5,1425.205584378933,434.54938080625425,69.76547141706446,383.0,92.3759710337849,-81.77835700335027,-42.96068377327413,1.2937727107571335,0.8306119441986084,0.9619243741035461,0.0,0.0,0.0,1.0,0.0,1.0
SNPT-113,0,14.0,0.00018128689946479427,0.9999853253364563,0.09259259259259259,1.0,1.0,0.8734567901234568,0.9071887868453251,0.0,323.0,324.0,324.0,1507.5,588.5,1908.7783570033503,451.4606837732741,90.26066307250481,,1.0,0.0,0.0,,0.0,0.0,0.5791867843696049,722.0,749.0,28.0,28.0,1900.0,350.5,1701.12350379302,349.8420644490793,50.93638587532897,399.0,101.34159668983574,-8.778357003350266,-100.96068377327413,1.7720272359610527,0.5574564933776855,0.9518650770187378,0.0,0.0,0.0,0.0,0.0,0.0
SNPT-113,1,33.0,0.0015327607081771367,0.999821639166469,0.6726190476190477,1.0,1.0,0.9226190476190477,0.7781420211638174,0.0,167.0,168.0,168.0,1311.5,767.5,1911.7898304889404,637.0884744389894,116.35674080921265,,1.0,0.0,0.0,1.0,1.0,0.06779661016949153,0.559439594330995,468.0,526.0,59.0,59.0,1911.5,623.5,1912.0052568330314,595.1251579656823,74.24253916597704,301.0,13.591565005229766,-0.2898304889404244,-13.588474438989351,1.5672516338521891,0.8816476464271545,0.9537619352340698,0.0,0.0,0.0,1.0,0.0,1.0
SNPT-114,1,,1.0,0.0,0.0,0.0,1.0,0.8181818181818182,0.9012086700510096,0.0,32.0,33.0,33.0,1443.0,470.5,1912.3982818492143,456.29597803628667,83.44527963263799,,1.0,0.0,0.0,0.0,0.9941860465116279,0.7543859649122807,0.9465233524178349,172.0,444.0,273.0,228.0,1893.5,468.5,1909.2944050121655,444.76300063116423,91.81439313430124,140.0,22.49629322673271,-18.8982818492143,12.20402196371333,0.9088474778739608,0.7975531816482544,0.955405592918396,0.0,0.0,0.0,1.0,0.0,1.0
SNPT-114,0,10.0,0.0005861298754005146,0.9999405033006443,0.7650602409638554,1.0,1.0,0.9036144578313253,0.8795157214005788,0.0,165.0,166.0,166.0,49.5,812.5,11.565825313279085,617.6117854480957,127.86020928901036,27.0,0.016840908265007497,0.9952987513026675,0.9173553719008265,0.0,1.0,0.9586776859504132,0.8257226409583256,629.0,749.0,121.0,121.0,1898.5,999.5,1818.6565812929837,1015.106596097462,147.88179836744217,464.0,1925.1906887408059,1886.934174686721,381.8882145519043,0.8646108628684367,0.6327232122421265,0.8619276881217957,0.0,1.0,1.0,0.0,1.0,1.0
SNPT-114,1,10.0,0.0005861298754005146,0.9999405033006443,0.7650602409638554,1.0,1.0,0.9036144578313253,0.8795157214005788,0.0,165.0,166.0,166.0,49.5,812.5,11.565825313279085,617.6117854480957,127.86020928901036,10.0,0.03720051430848583,0.961036367341876,0.17817371937639198,1.0,1.0,0.9799554565701559,0.9184625021435998,301.0,749.0,449.0,449.0,13.0,806.5,537.5432044259262,610.5447308170008,120.98144757722957,136.0,188.8936591144294,1.4341746867209153,188.8882145519043,1.05685798814227,0.9596066474914551,0.9724757671356201,1.0,0.0,1.0,1.0,0.0,1.0
SNPT-114,0,,1.0,0.0,0.0,1.0,1.0,0.9545454545454546,0.9069304628437068,16.0,169.0,154.0,154.0,10.0,654.5,10.481555376341952,561.4167284457412,109.87483748335666,,1.0,0.0,0.0,1.0,1.0,0.8580246913580247,0.9157456247497806,173.0,496.0,324.0,324.0,1902.0,414.0,1911.7429616968293,313.10927188241254,77.32736035589454,4.0,1897.2542576516064,1891.518444623658,-147.41672844574123,1.4209050584122398,0.7360095381736755,0.9697909355163574,0.0,0.0,0.0,1.0,0.0,1.0
SNPT-114,1,33.0,0.002570678414014293,0.9996340892144612,0.7368421052631579,1.0,1.0,0.07894736842105263,0.5686027366539528,239.0,276.0,38.0,38.0,1904.0,925.5,1904.7240961432135,988.1221730951436,174.0102180098301,33.0,0.12642832447865937,0.9354089171114103,0.3183856502242152,1.0,1.0,0.7847533632286996,0.8338447036673722,527.0,749.0,223.0,223.0,1897.5,829.0,1201.609503180522,1043.1176330276685,174.323429036868,251.0,159.28607451879535,-7.224096143213501,-159.12217309514358,0.9982032763537961,0.910488486289978,0.8944389224052429,1.0,0.0,1.0,1.0,0.0,1.0
SNPT-114,1,,1.0,0.0,0.0,0.0,1.0,0.9795918367346939,0.900124886383613,0.0,48.0,49.0,49.0,1139.0,496.0,1912.2622489263333,495.6169812487776,95.9169496007259,14.0,0.07740949411559353,0.9759010532323051,0.06115107913669065,0.0,1.0,0.920863309352518,0.9484107629396021,164.0,441.0,278.0,278.0,1904.0,528.0,1902.3751886234663,451.8087124243157,100.01934570032002,116.0,33.42042280945464,-8.262248926333314,32.38301875122238,0.9589839738415626,0.8891546726226807,0.960645854473114,0.0,0.0,0.0,1.0,0.0,1.0
SNPT-114,0,,1.0,0.0,0.0,0.0,1.0,0.9090909090909091,0.9123952448368072,0.0,21.0,22.0,22.0,1615.0,660.0,1882.2894172602269,656.9796931195858,118.64731362996581,9.0,0.00015034989983532442,0.9999873947787594,0.9058823529411765,1.0,1.0,0.9294117647058824,0.8592996612379823,207.0,291.0,85.0,85.0,1912.5,677.5,1898.1810248837364,649.6433646835737,125.16871784575622,186.0,36.52071061662208,30.210582739773145,20.520306880414182,0.9478990891012669,0.6804274320602417,0.8044298887252808,0.0,0.0,0.0,0.0,1.0,1.0
SNPT-114,1,33.0,0.07454381647876289,0.9821719646453857,0.2631578947368421,1.0,1.0,0.7368421052631579,0.8609197012015751,0.0,31.0,32.0,19.0,1683.0,719.0,1907.0706955760297,578.9904153725431,135.4230540123522,33.0,0.002570678414014293,0.9996340892144612,0.7368421052631579,1.0,1.0,0.07894736842105263,0.5686027366539528,239.0,276.0,38.0,38.0,1904.0,925.5,1904.7240961432135,988.1221730951436,174.0102180098301,208.0,346.5231902918091,-3.0706955760297205,346.5095846274569,0.7782477118941483,0.8972210884094238,0.7610874772071838,1.0,0.0,1.0,1.0,0.0,1.0
SNPT-114,0,,1.0,0.0,0.0,0.0,1.0,0.9795918367346939,0.900124886383613,0.0,48.0,49.0,49.0,1139.0,496.0,1912.2622489263333,495.6169812487776,95.9169496007259,3.0,0.000440565484002166,0.9999584496021271,0.35175879396984927,0.0,1.0,0.8693467336683417,0.9254628802310525,186.0,384.0,199.0,199.0,1909.5,551.0,1905.03865251365,458.42360694852925,106.35618343563509,138.0,55.4518600691562,-2.7622489263333136,55.38301875122238,0.9018464794646676,0.7997756004333496,0.9343320727348328,0.0,0.0,0.0,1.0,0.0,1.0
SNPT-114,1,,1.0,0.0,0.0,1.0,1.0,1.0,0.8468078970909119,0.0,17.0,18.0,18.0,1586.0,472.0,1891.7129089961868,468.57223927570874,85.96083984840794,,1.0,0.0,0.0,1.0,1.0,0.8580246913580247,0.9157456247497806,173.0,496.0,324.0,324.0,1902.0,414.0,1911.7429616968293,313.10927188241254,77.32736035589454,156.0,55.533355210053195,10.287091003813202,-54.57223927570874,1.111648444389907,0.8842134475708008,0.9472867250442505,0.0,0.0,0.0,1.0,0.0,1.0
SNPT-114,1,33.0,0.07454381647876289,0.9821719646453857,0.2631578947368421,1.0,1.0,0.7368421052631579,0.8609197012015751,0.0,31.0,32.0,19.0,1683.0,719.0,1907.0706955760297,578.9904153725431,135.4230540123522,33.0,0.12642832447865937,0.9354089171114103,0.3183856502242152,1.0,1.0,0.7847533632286996,0.8338447036673722,527.0,749.0,223.0,223.0,1897.5,829.0,1201.609503180522,1043.1176330276685,174.323429036868,496.0,250.19270696685498,-9.57069557602972,250.0095846274569,0.776849415827584,0.8943498134613037,0.9141720533370972,1.0,0.0,1.0,1.0,0.0,1.0
SNPT-114,0,,1.0,0.0,0.0,1.0,1.0,0.918918918918919,0.8516950169030357,0.0,36.0,37.0,37.0,1210.5,480.5,1910.655005803282,469.861129704823,94.53537606349639,14.0,0.09689983326817288,0.9342384258421456,0.1889400921658986,1.0,1.0,0.8847926267281107,0.9114320964242021,171.0,387.0,217.0,217.0,1903.5,480.5,1910.7314663421757,474.5124226961052,109.62430461981918,135.0,12.821063497331181,-7.155005803281938,10.638870295177014,0.8623578173777091,0.8472338914871216,0.9490190744400024,0.0,0.0,0.0,1.0,0.0,1.0
SNPT-114,0,33.0,0.002570678414014293,0.9996340892144612,0.7368421052631579,1.0,1.0,0.07894736842105263,0.5686027366539528,239.0,276.0,38.0,38.0,1904.0,925.5,1904.7240961432135,988.1221730951436,174.0102180098301,,1.0,0.0,0.0,,0.0,0.0,0.58697569090077,501.0,749.0,249.0,249.0,14.0,339.0,767.9991332368683,536.5088595020303,83.11131652895844,225.0,1999.0490747703852,-1890.7240961432135,-649.1221730951436,2.0937006568678265,0.570458710193634,0.7376469969749451,0.0,0.0,0.0,0.0,0.0,0.0
SNPT-114,1,8.0,0.5382894277572632,0.7704548041025797,0.1,1.0,1.0,1.0,0.8580277522404989,0.0,29.0,30.0,30.0,1475.5,600.0,1893.4837955445369,583.8364212506192,109.83032493055697,20.0,0.12919070822754292,0.8405010718852282,0.027491408934707903,1.0,0.9980237154150198,0.8694158075601375,0.907453482801264,168.0,749.0,582.0,582.0,1908.0,549.0,1406.4345286479615,513.1048811392113,92.55690119452215,139.0,37.73985211077808,14.51620445546314,-34.836421250619196,1.1866249141134504,0.9320964813232422,0.9494208097457886,0.0,1.0,0.0,1.0,0.0,1.0
SNPT-114,1,,1.0,0.0,0.0,1.0,1.0,0.8518518518518519,0.8432612885599551,0.0,26.0,27.0,27.0,1527.5,497.0,1906.4688600775648,487.2861672103685,93.88651960960384,,1.0,0.0,0.0,1.0,1.0,0.8052434456928839,0.9284826359083486,176.0,442.0,267.0,267.0,1900.0,469.5,1904.5853900088691,380.2012542669661,88.67143676218777,150.0,18.926011062511282,-6.468860077564841,-17.78616721036849,1.0588135597870445,0.8928861021995544,0.9017073512077332,0.0,0.0,0.0,1.0,0.0,1.0
SNPT-114,0,,1.0,0.0,0.0,0.0,1.0,0.9090909090909091,0.9123952448368072,0.0,21.0,22.0,22.0,1615.0,660.0,1882.2894172602269,656.9796931195858,118.64731362996581,,1.0,0.0,0.0,,0.0,0.0,0.58697569090077,501.0,749.0,249.0,249.0,14.0,339.0,767.9991332368683,536.5088595020303,83.11131652895844,480.0,1895.156044204008,-1868.2894172602269,-317.9796931195858,1.4275711008455219,0.7092365026473999,0.944521963596344,0.0,0.0,0.0,0.0,0.0,0.0
SNPT-114,0,,1.0,0.0,0.0,0.0,1.0,0.8888888888888888,0.8911054469645023,0.0,17.0,18.0,18.0,1705.5,561.0,1911.5272346842878,571.1628011156258,106.14072146948364,,1.0,0.0,0.0,0.0,0.9941860465116279,0.7543859649122807,0.9465233524178349,172.0,444.0,273.0,228.0,1893.5,468.5,1909.2944050121655,444.76300063116423,91.81439313430124,155.0,104.23354509594755,-18.027234684287805,-102.66280111562583,1.1560357569888482,0.7789402008056641,0.9289617538452148,0.0,0.0,0.0,1.0,0.0,1.0
SNPT-114,0,,1.0,0.0,0.0,1.0,1.0,1.0,0.8468078970909119,0.0,17.0,18.0,18.0,1586.0,472.0,1891.7129089961868,468.57223927570874,85.96083984840794,36.0,0.0008971676679199144,0.9990827047055767,0.7560975609756098,0.0,1.0,0.7804878048780488,0.8663607556372881,202.0,293.0,92.0,82.0,1909.5,763.5,1907.156416498698,664.9023481291946,121.28173770867278,185.0,295.46364353710715,17.787091003813202,294.92776072429126,0.7087698566365523,0.602644681930542,0.8629055023193359,0.0,0.0,0.0,0.0,1.0,1.0
SNPT-114,0,33.0,0.07454381647876289,0.9821719646453857,0.2631578947368421,1.0,1.0,0.7368421052631579,0.8609197012015751,0.0,31.0,32.0,19.0,1683.0,719.0,1907.0706955760297,578.9904153725431,135.4230540123522,,1.0,0.0,0.0,,0.0,0.0,0.58697569090077,501.0,749.0,249.0,249.0,14.0,339.0,767.9991332368683,536.5088595020303,83.11131652895844,470.0,1908.222224459038,-1893.0706955760297,-239.9904153725431,1.6294177455986611,0.6842194199562073,0.8873663544654846,0.0,0.0,0.0,0.0,0.0,0.0
SNPT-114,1,,1.0,0.0,0.0,0.0,1.0,0.8888888888888888,0.8911054469645023,0.0,17.0,18.0,18.0,1705.5,561.0,1911.5272346842878,571.1628011156258,106.14072146948364,3.0,0.000440565484002166,0.9999584496021271,0.35175879396984927,0.0,1.0,0.8693467336683417,0.9254628802310525,186.0,384.0,199.0,199.0,1909.5,551.0,1905.03865251365,458.42360694852925,106.35618343563509,169.0,20.264457290869192,-2.027234684287805,-20.162801115625825,0.9979741472550879,0.9392256736755371,0.8806415796279907,0.0,0.0,0.0,1.0,0.0,1.0
SNPT-114,1,,1.0,0.0,0.0,1.0,1.0,0.9545454545454546,0.9069304628437068,16.0,169.0,154.0,154.0,10.0,654.5,10.481555376341952,561.4167284457412,109.87483748335666,11.0,0.9523882225621492,0.658294585843881,0.026373626373626374,1.0,1.0,0.989010989010989,0.9089453282621172,295.0,749.0,455.0,455.0,15.0,601.5,801.0728731122007,524.6890056147485,96.89449513916566,126.0,40.33714169731805,4.518444623658048,40.08327155425877,1.1339636717808155,0.9752407073974609,0.9841604232788086,0.0,0.0,0.0,1.0,0.0,1.0
SNPT-114,0,33.0,0.002570678414014293,0.9996340892144612,0.7368421052631579,1.0,1.0,0.07894736842105263,0.5686027366539528,239.0,276.0,38.0,38.0,1904.0,925.5,1904.7240961432135,988.1221730951436,174.0102180098301,10.0,0.03720051430848583,0.961036367341876,0.17817371937639198,1.0,1.0,0.9799554565701559,0.9184625021435998,301.0,749.0,449.0,449.0,13.0,806.5,537.5432044259262,610.5447308170008,120.98144757722957,25.0,1900.4227607794694,-1891.7240961432135,-181.62217309514358,1.43832150709512,0.857292115688324,0.8274596929550171,0.0,1.0,1.0,1.0,0.0,1.0
SNPT-114,0,36.0,0.0008971676679199144,0.9990827047055767,0.7560975609756098,0.0,1.0,0.7804878048780488,0.8663607556372881,202.0,293.0,92.0,82.0,1909.5,763.5,1907.156416498698,664.9023481291946,121.28173770867278,33.0,0.12642832447865937,0.9354089171114103,0.3183856502242152,1.0,1.0,0.7847533632286996,0.8338447036673722,527.0,749.0,223.0,223.0,1897.5,829.0,1201.609503180522,1043.1176330276685,174.323429036868,234.0,164.38152490200463,-9.656416498698036,164.0976518708054,0.6957282700251535,0.7349724769592285,0.8930136561393738,0.0,1.0,1.0,0.0,1.0,1.0
SNPT-114,1,,1.0,0.0,0.0,0.0,1.0,0.9090909090909091,0.9123952448368072,0.0,21.0,22.0,22.0,1615.0,660.0,1882.2894172602269,656.9796931195858,118.64731362996581,24.0,0.04149910227867878,0.9844440381441798,0.3902439024390244,0.0,1.0,0.9494773519163763,0.9171370661586796,176.0,749.0,574.0,574.0,1891.5,645.5,939.4031312674047,801.6716380595866,123.79327313391501,155.0,14.717954631200389,9.210582739773145,-11.479693119585818,0.9584310247748075,0.9139462113380432,0.9546319246292114,0.0,0.0,0.0,1.0,0.0,1.0
SNPT-115,1,31.0,0.005246624226058177,0.9980375625151956,0.8872549019607843,1.0,1.0,0.8921568627450981,0.7835847145908481,0.0,204.0,205.0,204.0,1487.5,932.5,5.088295888503421,1006.2108008825628,160.3838020767146,31.0,0.0050646972947631964,0.9910456419393823,0.5431192660550459,1.0,1.0,0.9853211009174312,0.8543923110935275,205.0,749.0,545.0,545.0,8.5,1027.5,160.65678416432337,677.7635560626858,146.71178297467995,1.0,21.56083773897228,3.4117041114965794,21.289199117437192,1.0931896458813688,0.9784610867500305,0.9515691995620728,1.0,0.0,1.0,1.0,0.0,1.0
SNPT-115,1,36.0,0.1537320136451265,0.8966484992277055,0.04906542056074766,1.0,0.9845679012345679,0.7570093457943925,0.9017389705631791,0.0,427.0,428.0,428.0,1742.0,540.0,8.71177112719036,384.4843936626859,97.51042612159281,,1.0,0.0,0.0,1.0,1.0,0.996,0.8235227922837897,500.0,749.0,250.0,250.0,6.5,412.0,468.0983986625522,410.2752942466699,58.69305695853646,73.0,27.60435696822359,-2.21177112719036,27.515606337314125,1.6613621980957436,0.8709527850151062,0.974496603012085,0.0,0.0,0.0,1.0,0.0,1.0
SNPT-115,1,36.0,0.003665004418729577,0.9995249509811401,0.2565789473684211,0.0,1.0,0.9144736842105263,0.8963584102315011,109.0,260.0,152.0,152.0,1898.5,558.5,1912.8722218860996,648.6306445164145,115.02481453038098,36.0,0.000965156534325965,0.999905737546774,0.03350515463917526,0.0,1.0,0.788659793814433,0.8903960061618705,362.0,749.0,388.0,388.0,1906.5,659.0,1016.0536426963349,552.6259152505154,95.4264867776533,102.0,12.170815293588696,-6.372221886099624,10.369355483585537,1.2053761844800217,0.9642143249511719,0.9859471321105957,1.0,0.0,1.0,1.0,0.0,1.0
SNPT-115,0,14.0,0.04454766227912511,0.9652499152968327,0.3018867924528302,1.0,0.9931972789115646,0.9245283018867925,0.8758801254285437,108.0,266.0,159.0,159.0,1906.5,564.5,1911.437592017312,661.1544609959462,125.34278756600652,36.0,0.000965156534325965,0.999905737546774,0.03350515463917526,0.0,1.0,0.788659793814433,0.8903960061618705,362.0,749.0,388.0,388.0,1906.5,659.0,1016.0536426963349,552.6259152505154,95.4264867776533,96.0,5.3871622504317465,-4.937592017311999,-2.1544609959462377,1.3135010184128348,0.7302865982055664,0.9170822501182556,0.0,1.0,1.0,0.0,1.0,1.0
SNPT-115,0,27.0,0.06511379917253243,0.9799461011159218,0.8082191780821918,0.0,1.0,0.863013698630137,0.7817386303629194,155.0,227.0,73.0,73.0,1906.0,686.0,1911.7540811047431,811.3455618661446,155.0690235013187,15.0,1.1592526137828827,0.6545859575271606,0.0026455026455026454,1.0,0.9259259259259259,0.07142857142857142,0.5986123730085398,372.0,749.0,378.0,378.0,1902.0,583.0,1179.982124118595,414.63231510776393,68.24499244902775,145.0,228.55379612284543,-9.754081104743136,-228.34556186614464,2.272240320301008,0.709405779838562,0.8913286924362183,0.0,1.0,0.0,0.0,1.0,1.0
SNPT-115,0,,1.0,0.0,0.0,,0.0,0.0,0.5552913868564299,130.0,244.0,115.0,115.0,1887.0,438.5,1898.8988745694842,596.0584787844812,105.0958814620508,14.0,0.019019658814133353,0.9828329170527665,0.233502538071066,1.0,1.0,0.9695431472081218,0.8779062140362425,356.0,749.0,394.0,394.0,1907.0,695.5,1026.8084625387896,483.7466447768521,97.81956696956179,112.0,99.77095957691012,8.101125430515822,99.44152121551883,1.0743850613727737,0.6317861676216125,0.9040719270706177,0.0,0.0,0.0,0.0,0.0,0.0
SNPT-115,0,31.0,0.005246624226058177,0.9980375625151956,0.8872549019607843,1.0,1.0,0.8921568627450981,0.7835847145908481,0.0,204.0,205.0,204.0,1487.5,932.5,5.088295888503421,1006.2108008825628,160.3838020767146,7.0,0.00012224618270841386,0.9999908747880355,0.9126984126984127,0.0,1.0,0.9126984126984127,0.7649796631025232,242.0,410.0,169.0,126.0,13.0,702.5,7.127640699629745,640.418482573282,139.49093544105426,38.0,303.81383384348317,7.911704111496579,-303.7108008825628,1.149779385804529,0.6030460596084595,0.7967902421951294,0.0,1.0,1.0,0.0,1.0,1.0
SNPT-115,0,31.0,0.005246624226058177,0.9980375625151956,0.8872549019607843,1.0,1.0,0.8921568627450981,0.7835847145908481,0.0,204.0,205.0,204.0,1487.5,932.5,5.088295888503421,1006.2108008825628,160.3838020767146,33.0,0.028017963435009938,0.9903370524352452,0.15273775216138327,1.0,1.0,0.9855907780979827,0.8653843080439763,403.0,749.0,347.0,347.0,1895.0,949.0,1171.9869639406902,722.804235283804,142.47146274236044,199.0,1890.7774393289246,1889.9117041114966,-57.21080088256281,1.1257258049406433,0.8142723441123962,0.9356645345687866,0.0,1.0,1.0,1.0,0.0,1.0
SNPT-115,1,,1.0,0.0,0.0,0.0,1.0,0.9382716049382716,0.8965789569835914,0.0,161.0,162.0,162.0,1012.5,548.0,13.275332455667208,568.4584284360309,110.58229495962854,7.0,0.00012224618270841386,0.9999908747880355,0.9126984126984127,0.0,1.0,0.9126984126984127,0.7649796631025232,242.0,410.0,169.0,126.0,13.0,702.5,7.127640699629745,640.418482573282,139.49093544105426,81.0,134.04185434146976,-0.27533245566720765,134.04157156396911,0.7927561358018,0.7326719760894775,0.9306769371032715,0.0,0.0,0.0,1.0,0.0,1.0
SNPT-115,0,,1.0,0.0,0.0,,0.0,0.0,0.5552913868564299,130.0,244.0,115.0,115.0,1887.0,438.5,1898.8988745694842,596.0584787844812,105.0958814620508,33.0,0.028017963435009938,0.9903370524352452,0.15273775216138327,1.0,1.0,0.9855907780979827,0.8653843080439763,403.0,749.0,347.0,347.0,1895.0,949.0,1171.9869639406902,722.804235283804,142.47146274236044,159.0,352.96305560332104,-3.898874569484178,352.94152121551883,0.7376626830321935,0.5083843469619751,0.8900421857833862,0.0,0.0,0.0,0.0,0.0,0.0
SNPT-115,1,14.0,0.04454766227912511,0.9652499152968327,0.3018867924528302,1.0,0.9931972789115646,0.9245283018867925,0.8758801254285437,108.0,266.0,159.0,159.0,1906.5,564.5,1911.437592017312,661.1544609959462,125.34278756600652,14.0,0.019019658814133353,0.9828329170527665,0.233502538071066,1.0,1.0,0.9695431472081218,0.8779062140362425,356.0,749.0,394.0,394.0,1907.0,695.5,1026.8084625387896,483.7466447768521,97.81956696956179,90.0,34.63103048410615,-4.437592017311999,34.34553900405376,1.2813672299838441,0.9386213421821594,0.9830652475357056,1.0,0.0,1.0,1.0,0.0,1.0
SNPT-115,1,27.0,0.06511379917253243,0.9799461011159218,0.8082191780821918,0.0,1.0,0.863013698630137,0.7817386303629194,155.0,227.0,73.0,73.0,1906.0,686.0,1911.7540811047431,811.3455618661446,155.0690235013187,27.0,0.04810091716538279,0.9885013375963484,0.09333333333333334,0.0,1.0,0.9013333333333333,0.8845668128256262,375.0,749.0,375.0,375.0,1903.5,684.5,1072.6018975768338,636.593589502562,105.31488328383743,148.0,127.11383252825635,-8.254081104743136,-126.84556186614464,1.4724321830503988,0.8750748634338379,0.94694584608078,1.0,0.0,1.0,1.0,0.0,1.0
SNPT-115,0,14.0,0.04454766227912511,0.9652499152968327,0.3018867924528302,1.0,0.9931972789115646,0.9245283018867925,0.8758801254285437,108.0,266.0,159.0,159.0,1906.5,564.5,1911.437592017312,661.1544609959462,125.34278756600652,33.0,0.028017963435009938,0.9903370524352452,0.15273775216138327,1.0,1.0,0.9855907780979827,0.8653843080439763,403.0,749.0,347.0,347.0,1895.0,949.0,1171.9869639406902,722.804235283804,142.47146274236044,137.0,288.3144962638227,-16.437592017312,287.84553900405376,0.8797746941973305,0.8497170209884644,0.9876624345779419,0.0,1.0,1.0,1.0,0.0,1.0
SNPT-115,0,,1.0,0.0,0.0,1.0,1.0,0.9009009009009009,0.8319799244403839,0.0,110.0,111.0,111.0,274.5,549.5,9.563510043993912,497.2497377190487,104.42061636558512,27.0,0.06511379917253243,0.9799461011159218,0.8082191780821918,0.0,1.0,0.863013698630137,0.7817386303629194,155.0,227.0,73.0,73.0,1906.0,686.0,1911.7540811047431,811.3455618661446,155.0690235013187,45.0,1905.8063967643159,1896.4364899560062,188.7502622809513,0.6733815304169832,0.6736160516738892,0.8551918864250183,0.0,0.0,0.0,0.0,1.0,1.0
SNPT-115,1,20.0,0.021563498792242765,0.9599264029492723,0.38950276243093923,1.0,1.0,0.9558011049723757,0.8505658355751479,47.0,408.0,362.0,362.0,1912.0,614.0,27.02535656022371,631.7027783590837,117.59230566338147,20.0,0.11395756146812346,0.8913300846304212,0.058333333333333334,1.0,1.0,0.9833333333333333,0.8615855175559803,510.0,749.0,240.0,240.0,7.0,591.5,232.0373872204134,516.9997938821375,80.8234282891993,102.0,44.914121311161196,-20.02535656022371,-40.20277835908371,1.4549284551827866,0.893493115901947,0.9775506854057312,1.0,0.0,1.0,1.0,0.0,1.0
SNPT-115,1,,1.0,0.0,0.0,,0.0,0.0,0.5552913868564299,130.0,244.0,115.0,115.0,1887.0,438.5,1898.8988745694842,596.0584787844812,105.0958814620508,15.0,1.1592526137828827,0.6545859575271606,0.0026455026455026454,1.0,0.9259259259259259,0.07142857142857142,0.5986123730085398,372.0,749.0,378.0,378.0,1902.0,583.0,1179.982124118595,414.63231510776393,68.24499244902775,128.0,13.42165590009432,3.101125430515822,-13.058478784481167,1.539979384429517,0.8257333040237427,0.9754224419593811,0.0,0.0,0.0,0.0,0.0,0.0
SNPT-151,0,,1.0,0.0,0.0,1.0,1.0,0.6589147286821705,0.8392032917808084,0.0,257.0,258.0,258.0,910.0,387.0,1912.5824437247386,496.6748675062433,100.81337924387535,,1.0,0.0,0.0,,0.0,0.0,0.514013687438435,544.0,749.0,206.0,206.0,1911.5,319.5,1171.3759346372226,210.54187664220012,63.1045477036703,287.0,177.17817405163677,-1.0824437247385958,-177.1748675062433,1.5975612362722287,0.6066945195198059,0.8467207551002502,0.0,0.0,0.0,0.0,0.0,0.0
SNPT-151,0,,1.0,0.0,0.0,1.0,1.0,0.6263440860215054,0.8070075752397463,0.0,371.0,372.0,372.0,980.5,273.5,1901.1716839919548,314.06090635428933,83.06180055914534,,1.0,0.0,0.0,1.0,1.0,0.9230769230769231,0.9031756023565928,737.0,749.0,13.0,13.0,10.5,588.0,157.39047654710413,614.7760271069744,149.31589855176864,366.0,1910.4141026689495,-1890.6716839919548,273.93909364571067,0.5562823608521993,0.6339591145515442,0.9399434328079224,0.0,0.0,0.0,1.0,0.0,1.0
SNPT-151,0,30.0,0.018347822354264604,0.9885922047420529,0.8244047619047619,1.0,1.0,0.8452380952380952,0.7865470769539685,0.0,335.0,336.0,336.0,949.0,613.0,1909.4174904247466,699.5462223750058,159.3858546160249,,1.0,0.0,0.0,0.0,1.0,0.7966101694915254,0.9151167571544647,514.0,749.0,236.0,236.0,1909.5,273.0,441.45928800901504,226.97541928790625,65.42714409176146,179.0,426.5462303551842,0.08250957525342528,-426.54622237500575,2.4360814892437683,0.7168456315994263,0.8563952445983887,0.0,0.0,0.0,0.0,1.0,1.0
SNPT-151,0,30.0,0.018347822354264604,0.9885922047420529,0.8244047619047619,1.0,1.0,0.8452380952380952,0.7865470769539685,0.0,335.0,336.0,336.0,949.0,613.0,1909.4174904247466,699.5462223750058,159.3858546160249,11.0,0.0012434947742761767,0.999845822652181,0.6417910447761194,1.0,1.0,0.8507462686567164,0.8266803521161888,342.0,550.0,209.0,201.0,6.5,987.5,9.644246313756181,690.4055850594377,181.9165627400756,7.0,1924.5810851748804,-1902.9174904247466,287.95377762499425,0.876148120958932,0.911317765712738,0.9595847725868225,0.0,1.0,1.0,1.0,0.0,1.0
SNPT-151,1,6.0,0.00019274366941852562,0.9999845098046696,0.06910569105691057,0.0,1.0,0.8983739837398373,0.8997171143600844,0.0,245.0,246.0,246.0,1689.0,559.0,1910.0477666806732,666.8274277186445,147.89157634438737,6.0,0.0007834889772571582,0.9894754671388202,0.14173228346456693,0.0,0.9866666666666667,0.8858267716535433,0.9342659966150919,496.0,749.0,254.0,254.0,1911.8078047529316,778.5198894359992,1027.2358260465585,487.8660043829291,130.26848063113357,251.0,111.70632810408974,1.7600380722583395,111.69246171735472,1.1352828836866158,0.9086198806762695,0.9791757464408875,1.0,0.0,1.0,1.0,0.0,1.0
SNPT-151,1,26.0,0.008981924776137785,0.9810237533279828,0.5029940119760479,0.0,1.0,0.9820359281437125,0.7746007765938596,0.0,166.0,167.0,167.0,1719.0,479.0,1912.1332714653722,509.55882761036395,126.14302277567425,26.0,0.17413867598770594,0.8029318976402283,0.10330578512396695,0.0,1.0,0.871900826446281,0.9109049419656184,508.0,749.0,242.0,242.0,1907.0,454.0,957.825341777687,404.58997355325766,102.42820111763963,342.0,55.795463985662344,-5.133271465372218,-55.55882761036395,1.231526292556851,0.9325059652328491,0.9614338874816895,1.0,0.0,0.0,1.0,0.0,1.0
SNPT-151,0,10.0,0.002291251798727133,0.9997344086044713,0.26988636363636365,0.0,1.0,0.8238636363636364,0.921215735016198,0.0,373.0,374.0,352.0,1530.5,409.0,1914.0627926396724,336.77291450487377,111.84440618250345,,1.0,0.0,0.0,0.0,1.0,0.9125,0.9193328259742424,670.0,749.0,80.0,80.0,12.5,814.0,347.06217440002877,607.7133460274235,153.5137565432666,297.0,1960.5322607602666,-1901.5627926396724,477.22708549512623,0.7285627601131696,0.8153656125068665,0.9717929363250732,0.0,0.0,0.0,1.0,0.0,1.0
SNPT-151,0,,1.0,0.0,0.0,1.0,1.0,0.6589147286821705,0.8392032917808084,0.0,257.0,258.0,258.0,910.0,387.0,1912.5824437247386,496.6748675062433,100.81337924387535,,1.0,0.0,0.0,0.0,0.85,0.6896551724137931,0.8470858180004618,461.0,491.0,31.0,29.0,1912.0,697.0,1910.10328635942,779.3795982394034,92.08398190964463,204.0,200.32597921720904,-0.5824437247385958,200.3251324937567,1.0947982173793944,0.7105878591537476,0.8485844135284424,0.0,0.0,0.0,0.0,1.0,0.0
SNPT-151,1,,1.0,0.0,0.0,1.0,1.0,0.8780487804878049,0.877675301498837,180.0,220.0,41.0,41.0,9.0,400.0,5.25554109211777,433.9700530501269,117.25700274076485,,1.0,0.0,0.0,1.0,1.0,0.9237668161434978,0.8688534313035243,315.0,543.0,229.0,223.0,9.5,440.0,27.144524530450994,298.58047903735724,87.61193901626172,95.0,7.373987499242486,4.24445890788223,6.029946949873079,1.3383678532557155,0.8770928978919983,0.9840482473373413,0.0,0.0,0.0,1.0,0.0,1.0
SNPT-151,1,10.0,0.009949621428994871,0.9979138975603539,0.6627906976744186,1.0,1.0,0.7325581395348837,0.7865318438363453,0.0,171.0,172.0,172.0,895.0,909.5,961.8473246982905,1071.5275594222903,166.62526982003513,10.0,0.06121449316058369,0.9736892647213407,0.22388059701492538,1.0,1.0,0.9751243781094527,0.8930132060634847,549.0,749.0,201.0,201.0,1907.5,703.5,1668.2636801889903,548.5399245310539,128.75361262243322,378.0,1014.7429560236463,945.6526753017095,-368.0275594222903,1.2941405404185404,0.7744039297103882,0.8837001323699951,1.0,0.0,1.0,1.0,0.0,1.0
SNPT-151,1,29.0,0.015286888686504036,0.9897330406139482,0.19521178637200737,1.0,1.0,0.9189686924493554,0.8797283606204337,0.0,542.0,543.0,543.0,295.0,457.5,0.011593232419627952,406.3640942467732,122.59783003392756,,1.0,0.0,0.0,1.0,1.0,0.9230769230769231,0.9031756023565928,737.0,749.0,13.0,13.0,10.5,588.0,157.39047654710413,614.7760271069744,149.31589855176864,195.0,181.9384756870226,10.488406767580372,181.63590575322678,0.8210634716263803,0.8065456748008728,0.9709119200706482,0.0,0.0,0.0,1.0,0.0,1.0
SNPT-151,0,,1.0,0.0,0.0,1.0,1.0,0.8780487804878049,0.877675301498837,180.0,220.0,41.0,41.0,9.0,400.0,5.25554109211777,433.9700530501269,117.25700274076485,,1.0,0.0,0.0,0.0,1.0,0.7966101694915254,0.9151167571544647,514.0,749.0,236.0,236.0,1909.5,273.0,441.45928800901504,226.97541928790625,65.42714409176146,294.0,1911.0359277785265,1904.2444589078823,-160.97005305012692,1.7921766931521892,0.6980226039886475,0.9376436471939087,0.0,0.0,0.0,0.0,1.0,1.0
SNPT-151,1,,1.0,0.0,0.0,1.0,1.0,0.6263440860215054,0.8070075752397463,0.0,371.0,372.0,372.0,980.5,273.5,1901.1716839919548,314.06090635428933,83.06180055914534,,1.0,0.0,0.0,1.0,1.0,0.763265306122449,0.838150782699891,505.0,749.0,245.0,245.0,1903.0,189.0,83.53565885684927,189.63553853109164,63.527146499854496,134.0,125.07427008614361,1.828316008045249,-125.06090635428933,1.3075008895501954,0.8930063247680664,0.9419671297073364,0.0,0.0,0.0,1.0,0.0,1.0
SNPT-151,1,11.0,0.0012434947742761767,0.999845822652181,0.6417910447761194,1.0,1.0,0.8507462686567164,0.8266803521161888,342.0,550.0,209.0,201.0,6.5,987.5,9.644246313756181,690.4055850594377,181.9165627400756,11.0,0.024436284485155214,0.9865162920307469,0.47435897435897434,1.0,1.0,0.8846153846153846,0.8777502809745678,594.0,749.0,156.0,156.0,14.0,976.5,1305.6748180329387,787.6595143344406,192.47678410689352,44.0,286.12757093708717,4.355753686243819,286.0944149405623,0.9451350903652191,0.7801474928855896,0.9527768492698669,1.0,0.0,1.0,1.0,0.0,1.0
SNPT-151,1,23.0,0.022879941838255036,0.8920806162059307,0.024024024024024024,0.0,1.0,0.7267267267267268,0.8634871919293049,0.0,349.0,350.0,333.0,1715.0,298.0,1903.9796584961998,394.4079703884332,86.72522464904928,,1.0,0.0,0.0,0.0,1.0,0.7966101694915254,0.9151167571544647,514.0,749.0,236.0,236.0,1909.5,273.0,441.45928800901504,226.97541928790625,65.42714409176146,165.0,121.53340875725185,5.520341503800182,-121.40797038843323,1.3255236164277213,0.6994961500167847,0.9781017899513245,0.0,0.0,0.0,1.0,0.0,1.0
SNPT-151,0,6.0,0.00019274366941852562,0.9999845098046696,0.06910569105691057,0.0,1.0,0.8983739837398373,0.8997171143600844,0.0,245.0,246.0,246.0,1689.0,559.0,1910.0477666806732,666.8274277186445,147.89157634438737,30.0,0.26663667459069984,0.8769140510182631,0.08878504672897196,1.0,1.0,0.9626168224299065,0.8861467467928396,536.0,749.0,214.0,214.0,1905.5,710.5,910.8087189711695,460.2596474714387,121.13336015694115,291.0,43.90872067655884,-4.547766680673249,43.67257228135554,1.220898818894961,0.6693519353866577,0.9311511516571045,0.0,1.0,0.0,0.0,1.0,1.0
SNPT-151,1,30.0,0.018347822354264604,0.9885922047420529,0.8244047619047619,1.0,1.0,0.8452380952380952,0.7865470769539685,0.0,335.0,336.0,336.0,949.0,613.0,1909.4174904247466,699.5462223750058,159.3858546160249,30.0,0.26663667459069984,0.8769140510182631,0.08878504672897196,1.0,1.0,0.9626168224299065,0.8861467467928396,536.0,749.0,214.0,214.0,1905.5,710.5,910.8087189711695,460.2596474714387,121.13336015694115,201.0,11.633227217148546,-3.9174904247465747,10.953777624994245,1.3157882717818077,0.8609098196029663,0.9268234372138977,1.0,0.0,0.0,1.0,0.0,1.0
SNPT-151,1,9.0,0.01241666825374593,0.9833260980653175,0.32926829268292684,1.0,1.0,0.9349593495934959,0.8697356856387595,0.0,245.0,246.0,246.0,1042.5,484.0,1910.3047257327848,626.6872200676979,129.56428791412557,,1.0,0.0,0.0,1.0,1.0,0.8963963963963963,0.909130463648082,528.0,749.0,222.0,222.0,1900.0,392.5,948.8558694790254,307.03054015436794,90.33349191621015,283.0,234.41382513722243,-10.304725732784846,-234.18722006769792,1.4342884921829921,0.8633302450180054,0.9787191152572632,0.0,0.0,0.0,1.0,0.0,1.0
SNPT-151,0,6.0,0.00019274366941852562,0.9999845098046696,0.06910569105691057,0.0,1.0,0.8983739837398373,0.8997171143600844,0.0,245.0,246.0,246.0,1689.0,559.0,1910.0477666806732,666.8274277186445,147.89157634438737,11.0,0.0012434947742761767,0.999845822652181,0.6417910447761194,1.0,1.0,0.8507462686567164,0.8266803521161888,342.0,550.0,209.0,201.0,6.5,987.5,9.644246313756181,690.4055850594377,181.9165627400756,97.0,1930.3691353335817,-1903.5477666806732,320.67257228135554,0.8129637792007784,0.788840651512146,0.908076286315918,0.0,1.0,1.0,0.0,1.0,1.0
SNPT-151,1,,1.0,0.0,0.0,1.0,1.0,0.6589147286821705,0.8392032917808084,0.0,257.0,258.0,258.0,910.0,387.0,1912.5824437247386,496.6748675062433,100.81337924387535,6.0,0.12286005523637869,0.8898219242691994,0.10212765957446808,1.0,1.0,0.8638297872340426,0.8920107554332376,515.0,749.0,235.0,235.0,1907.5,362.5,160.81539966564668,367.46844868650544,92.92172538257871,258.0,134.2710925870981,-5.082443724738596,-134.1748675062433,1.0849279738274875,0.8965051770210266,0.9402607679367065,0.0,0.0,0.0,1.0,0.0,1.0
SNPT-151,0,5.0,0.6627074480056763,0.7298700213432312,0.007246376811594203,1.0,1.0,0.9420289855072463,0.8737666950776026,383.0,520.0,138.0,138.0,8.0,545.5,7.003118834742107,424.46039955079766,112.64254054721889,,1.0,0.0,0.0,1.0,1.0,0.8963963963963963,0.909130463648082,528.0,749.0,222.0,222.0,1900.0,392.5,948.8558694790254,307.03054015436794,90.33349191621015,8.0,1893.2666635318017,1892.996881165258,-31.96039955079766,1.2469632044303318,0.5450406670570374,0.9679043889045715,0.0,0.0,0.0,1.0,0.0,1.0
SNPT-151,0,,1.0,0.0,0.0,1.0,1.0,0.6589147286821705,0.8392032917808084,0.0,257.0,258.0,258.0,910.0,387.0,1912.5824437247386,496.6748675062433,100.81337924387535,,1.0,0.0,0.0,0.0,1.0,0.9125,0.9193328259742424,670.0,749.0,80.0,80.0,12.5,814.0,347.06217440002877,607.7133460274235,153.5137565432666,413.0,1926.397812670881,-1900.0824437247386,317.3251324937567,0.6567058321933639,0.6213909387588501,0.8681723475456238,0.0,0.0,0.0,0.0,1.0,1.0
SNPT-151,0,6.0,0.00019274366941852562,0.9999845098046696,0.06910569105691057,0.0,1.0,0.8983739837398373,0.8997171143600844,0.0,245.0,246.0,246.0,1689.0,559.0,1910.0477666806732,666.8274277186445,147.89157634438737,,1.0,0.0,0.0,0.0,1.0,0.7966101694915254,0.9151167571544647,514.0,749.0,236.0,236.0,1909.5,273.0,441.45928800901504,226.97541928790625,65.42714409176146,269.0,393.8278086573123,-0.5477666806732486,-393.82742771864446,2.2604009145954724,0.7909597754478455,0.9413386583328247,0.0,0.0,0.0,1.0,0.0,1.0
SNPT-151,0,30.0,0.018347822354264604,0.9885922047420529,0.8244047619047619,1.0,1.0,0.8452380952380952,0.7865470769539685,0.0,335.0,336.0,336.0,949.0,613.0,1909.4174904247466,699.5462223750058,159.3858546160249,,1.0,0.0,0.0,0.0,1.0,0.017543859649122806,0.5312731768935919,402.0,535.0,134.0,114.0,7.0,247.0,6.635219615522459,313.9812250683883,81.13791977789855,67.0,1955.5025930077104,-1902.4174904247466,-452.54622237500575,1.9643818211302058,0.7311694622039795,0.8456231355667114,0.0,0.0,0.0,0.0,1.0,1.0
SNPT-151,0,26.0,0.008981924776137785,0.9810237533279828,0.5029940119760479,0.0,1.0,0.9820359281437125,0.7746007765938596,0.0,166.0,167.0,167.0,1719.0,479.0,1912.1332714653722,509.55882761036395,126.14302277567425,30.0,0.26663667459069984,0.8769140510182631,0.08878504672897196,1.0,1.0,0.9626168224299065,0.8861467467928396,536.0,749.0,214.0,214.0,1905.5,710.5,910.8087189711695,460.2596474714387,121.13336015694115,370.0,201.05062808072685,-6.633271465372218,200.94117238963605,1.0413565892355545,0.5940903425216675,0.9387372136116028,0.0,1.0,0.0,0.0,1.0,1.0
SNPT-151,1,6.0,0.00019274366941852562,0.9999845098046696,0.06910569105691057,0.0,1.0,0.8983739837398373,0.8997171143600844,0.0,245.0,246.0,246.0,1689.0,559.0,1910.0477666806732,666.8274277186445,147.89157634438737,,1.0,0.0,0.0,0.0,0.85,0.6896551724137931,0.8470858180004618,461.0,491.0,31.0,29.0,1912.0,697.0,1910.10328635942,779.3795982394034,92.08398190964463,216.0,30.235663263879534,1.9522333193267514,30.172572281355542,1.6060510555408292,0.7910329103469849,0.9214394092559814,0.0,0.0,0.0,1.0,0.0,0.0
SNPT-151,1,10.0,0.002291251798727133,0.9997344086044713,0.26988636363636365,0.0,1.0,0.8238636363636364,0.921215735016198,0.0,373.0,374.0,352.0,1530.5,409.0,1914.0627926396724,336.77291450487377,111.84440618250345,,1.0,0.0,0.0,0.0,0.984375,0.7901234567901234,0.9133498504137,507.0,749.0,243.0,243.0,1902.5,340.0,417.93016088036273,352.480553646922,95.74612646407842,134.0,12.004676356358601,-11.562792639672352,3.227085495126232,1.1681350495621847,0.8543541431427002,0.9878196716308594,0.0,0.0,0.0,1.0,0.0,1.0
SNPT-151,1,,1.0,0.0,0.0,0.0,0.85,0.6896551724137931,0.8470858180004618,461.0,491.0,31.0,29.0,1912.0,697.0,1910.10328635942,779.3795982394034,92.08398190964463,6.0,0.0007834889772571582,0.9894754671388202,0.14173228346456693,0.0,0.9866666666666667,0.8858267716535433,0.9342659966150919,496.0,749.0,254.0,254.0,1911.8078047529316,778.5198894359992,1027.2358260465585,487.8660043829291,130.26848063113357,5.0,1.9090526919050526,1.7045183935115347,-0.8597088034042599,0.7068784518212687,0.8067947626113892,0.941055417060852,0.0,0.0,0.0,1.0,0.0,0.0
SNPT-151,0,14.0,0.0008416058037588092,0.9991529822349549,0.546448087431694,0.0,1.0,0.9089253187613844,0.8713957262421419,0.0,548.0,549.0,549.0,1051.0,603.0,23.365030589473093,701.8666821539557,134.30956349348418,11.0,0.024436284485155214,0.9865162920307469,0.47435897435897434,1.0,1.0,0.8846153846153846,0.8777502809745678,594.0,749.0,156.0,156.0,14.0,976.5,1305.6748180329387,787.6595143344406,192.47678410689352,46.0,274.79294581387666,-9.365030589473093,274.6333178460443,0.6977961737915067,0.6799477338790894,0.9185975790023804,0.0,1.0,1.0,0.0,1.0,1.0
SNPT-151,1,14.0,0.0008416058037588092,0.9991529822349549,0.546448087431694,0.0,1.0,0.9089253187613844,0.8713957262421419,0.0,548.0,549.0,549.0,1051.0,603.0,23.365030589473093,701.8666821539557,134.30956349348418,,1.0,0.0,0.0,0.0,1.0,0.9125,0.9193328259742424,670.0,749.0,80.0,80.0,12.5,814.0,347.06217440002877,607.7133460274235,153.5137565432666,122.0,112.65846555351348,-10.865030589473093,112.13331784604429,0.8749024616281221,0.8217101097106934,0.9757004380226135,0.0,0.0,0.0,1.0,0.0,1.0
SNPT-152,0,6.0,0.010168350516923365,0.9957184352717556,0.29545454545454547,1.0,1.0,0.8944805194805194,0.8599202064983209,0.0,615.0,616.0,616.0,534.5,525.0,5.583319014727561,592.6734609189223,126.23454412681888,,1.0,0.0,0.0,0.0,1.0,0.7368421052631579,0.8432576869215284,731.0,749.0,19.0,19.0,4.701719392268302,579.1388298436223,75.63819177334047,523.4427883771297,127.2698214899117,116.0,13.56331287845256,-0.8815996224592588,-13.534631075300013,0.9918654921412388,0.5368324518203735,0.9157114624977112,0.0,0.0,0.0,0.0,1.0,1.0
SNPT-152,1,26.0,0.049860973530392906,0.9734275700911036,0.1706924315619968,0.0,1.0,0.8679549114331723,0.8675640567114269,0.0,620.0,621.0,621.0,919.5,452.5,7.476490827153845,590.1356934224129,110.26173085460782,,1.0,0.0,0.0,0.0,1.0,0.7368421052631579,0.8432576869215284,731.0,749.0,19.0,19.0,4.701719392268302,579.1388298436223,75.63819177334047,523.4427883771297,127.2698214899117,111.0,11.341532748548133,-2.774771434885543,-10.99686357879068,0.8663619510407495,0.9597904682159424,0.970698356628418,0.0,0.0,0.0,1.0,0.0,1.0
SNPT-153,1,5.0,0.0005372010309656616,0.9999512379819696,0.05851063829787234,0.0,1.0,0.9148936170212766,0.8735663170038268,0.0,187.0,188.0,188.0,705.5,583.5,8.404450135820408,652.9676170966867,146.69065581114089,,1.0,0.0,0.0,0.0,1.0,0.9354838709677419,0.8713498269689495,688.0,749.0,62.0,62.0,19.0,669.5,776.606764950214,624.9027286982068,154.9901871732201,501.0,19.636327594183243,10.595549864179592,16.532382903313305,0.9464512462792015,0.7419949173927307,0.8965973854064941,0.0,0.0,0.0,1.0,0.0,1.0
SNPT-153,1,1.0,0.12626083435947602,0.9384216257071091,0.271889400921659,,0.0,0.0,0.5308594581968498,0.0,216.0,217.0,217.0,546.5,495.5,3.5300808484956505,480.32132313243244,111.1497133637291,,1.0,0.0,0.0,,0.0,0.0,0.5307146327836173,282.0,320.0,39.0,39.0,11.5,476.5,7.2501285049565105,429.9724170133263,98.315409934774,66.0,8.838671945715548,7.9699191515043495,-3.8213231324324397,1.1305421341117314,0.9205660223960876,0.9617913961410522,0.0,0.0,0.0,0.0,0.0,0.0
SNPT-153,1,,1.0,0.0,0.0,0.0,1.0,0.88,0.8974711922082034,363.0,462.0,100.0,100.0,1913.0,607.0,15.489070876754585,513.1526488779301,111.1372195505649,,1.0,0.0,0.0,0.0,1.0,0.8695652173913043,0.8726396657526493,658.0,749.0,92.0,92.0,11.5,512.0,1175.4823647143348,577.9248821271773,125.23824905689118,196.0,4.152262744042718,-3.9890708767545853,-1.152648877930119,0.887406366565212,0.9217342138290405,0.9723703861236572,0.0,0.0,0.0,1.0,0.0,1.0
SNPT-153,1,22.0,0.0003891953986196852,0.9999688289783619,0.06835443037974684,0.0,1.0,0.9265822784810127,0.8872703004404495,0.0,394.0,395.0,395.0,1172.0,489.0,5.805556666604755,484.10072248673487,99.72575867210848,,1.0,0.0,0.0,0.0,1.0,0.8863636363636364,0.8629396297992804,706.0,749.0,44.0,44.0,13.5,592.0,610.2586163093989,614.7428275441725,124.17898773167458,312.0,108.17328018552193,7.694443333395245,107.89927751326513,0.8030807827778035,0.8218200206756592,0.9449901580810547,0.0,0.0,0.0,1.0,0.0,1.0
SNPT-153,1,11.0,0.022198223806089327,0.9956208375784067,0.11403508771929824,0.0,1.0,0.956140350877193,0.930797270678599,0.0,113.0,114.0,114.0,927.0,654.0,12.290676747594183,887.3156666973738,158.92441576774237,11.0,0.03220636393790402,0.9933125244246589,0.6666666666666666,0.0,1.0,0.8148148148148148,0.919795421036807,290.0,316.0,27.0,27.0,7.0,1033.0,10.649184212147777,956.1912084898904,149.40310610535946,177.0,145.78036983859732,-5.290676747594183,145.68433330262621,1.063728994065682,0.8427357077598572,0.9397657513618469,1.0,0.0,1.0,1.0,0.0,1.0
SNPT-153,0,,1.0,0.0,0.0,0.0,0.9852941176470589,0.9315068493150684,0.8907276383217644,0.0,113.0,114.0,73.0,1267.0,465.5,1903.3291127569446,461.4849846844247,82.31298352632787,30.0,0.14720206788747178,0.9094302913416987,0.05596107055961071,0.0,1.0,0.851581508515815,0.9095780093329293,314.0,724.0,411.0,411.0,1900.0,642.0,1907.893006800297,654.1731024172121,114.55805218021706,201.0,180.54571096021868,-3.329112756944596,180.51501531557528,0.7185263886718077,0.8859394192695618,0.9845161437988281,0.0,0.0,0.0,1.0,0.0,1.0
SNPT-153,0,14.0,0.6558280140161514,0.8584359884262085,0.008928571428571428,1.0,0.9719626168224299,0.9553571428571429,0.8970153493301891,0.0,111.0,112.0,112.0,952.0,439.0,1899.2221116785622,449.440929626921,90.561813621634,,1.0,0.0,0.0,0.0,1.0,0.88,0.8974711922082034,363.0,462.0,100.0,100.0,1913.0,607.0,15.489070876754585,513.1526488779301,111.1372195505649,252.0,158.16033277477283,13.777888321437786,157.559070373079,0.8148648489485599,0.7066409587860107,0.9478955268859863,0.0,0.0,0.0,0.0,1.0,1.0
SNPT-153,0,,1.0,0.0,0.0,0.0,0.9852941176470589,0.9315068493150684,0.8907276383217644,0.0,113.0,114.0,73.0,1267.0,465.5,1903.3291127569446,461.4849846844247,82.31298352632787,,1.0,0.0,0.0,0.0,1.0,0.88,0.8974711922082034,363.0,462.0,100.0,100.0,1913.0,607.0,15.489070876754585,513.1526488779301,111.1372195505649,250.0,145.8360234728032,9.670887243055404,145.51501531557528,0.7406428184833016,0.8580084443092346,0.9793164134025574,0.0,0.0,0.0,1.0,0.0,1.0
SNPT-153,0,,1.0,0.0,0.0,,0.0,0.0,0.5307146327836173,282.0,320.0,39.0,39.0,11.5,476.5,7.2501285049565105,429.9724170133263,98.315409934774,,1.0,0.0,0.0,0.0,1.0,0.8863636363636364,0.8629396297992804,706.0,749.0,44.0,44.0,13.5,592.0,610.2586163093989,614.7428275441725,124.17898773167458,386.0,162.14807597442527,6.2498714950434895,162.02758298667368,0.7917233964510446,0.6452096104621887,0.8755514621734619,0.0,0.0,0.0,0.0,0.0,0.0
SNPT-153,1,14.0,0.6558280140161514,0.8584359884262085,0.008928571428571428,1.0,0.9719626168224299,0.9553571428571429,0.8970153493301891,0.0,111.0,112.0,112.0,952.0,439.0,1899.2221116785622,449.440929626921,90.561813621634,9.0,0.04614017555112233,0.9722693424139704,0.20363636363636364,1.0,1.0,0.92,0.9250391943181456,187.0,470.0,284.0,275.0,1912.5,536.5,9.118811670883556,341.8309397512436,93.9080567154522,76.0,88.06579388446627,13.277888321437786,87.05907037307901,0.9643668156827316,0.881482720375061,0.9875319600105286,0.0,1.0,0.0,1.0,0.0,1.0
SNPT-153,0,,1.0,0.0,0.0,0.0,0.9852941176470589,0.9315068493150684,0.8907276383217644,0.0,113.0,114.0,73.0,1267.0,465.5,1903.3291127569446,461.4849846844247,82.31298352632787,11.0,0.030595697450697245,0.9833245406279693,0.676829268292683,0.0,1.0,0.8323170731707317,0.924160246010665,422.0,749.0,328.0,328.0,12.5,1003.0,1514.748072004989,620.7147195174348,153.86135528762003,309.0,1966.8434725370096,-1890.8291127569446,541.5150153155753,0.5349815317332703,0.8463248610496521,0.9108599424362183,0.0,0.0,0.0,1.0,0.0,1.0
SNPT-153,0,,1.0,0.0,0.0,0.0,0.9852941176470589,0.9315068493150684,0.8907276383217644,0.0,113.0,114.0,73.0,1267.0,465.5,1903.3291127569446,461.4849846844247,82.31298352632787,10.0,0.14388218359090388,0.9129821743283953,0.017369727047146403,1.0,0.6701846965699209,0.9404466501240695,0.8826538220559073,347.0,749.0,403.0,403.0,1909.0,428.5,789.1394258699338,478.2961614928047,66.16585102319209,234.0,33.468913587912915,5.670887243055404,-32.98498468442472,1.2440402753601094,0.8520320653915405,0.9720393419265747,0.0,0.0,0.0,0.0,1.0,0.0
SNPT-153,1,11.0,0.022198223806089327,0.9956208375784067,0.11403508771929824,0.0,1.0,0.956140350877193,0.930797270678599,0.0,113.0,114.0,114.0,927.0,654.0,12.290676747594183,887.3156666973738,158.92441576774237,11.0,0.030595697450697245,0.9833245406279693,0.676829268292683,0.0,1.0,0.8323170731707317,0.924160246010665,422.0,749.0,328.0,328.0,12.5,1003.0,1514.748072004989,620.7147195174348,153.86135528762003,309.0,115.68452268085437,0.20932325240581662,115.68433330262621,1.0329066416362818,0.8959463834762573,0.9805504083633423,1.0,0.0,1.0,1.0,0.0,1.0
SNPT-153,0,14.0,0.6558280140161514,0.8584359884262085,0.008928571428571428,1.0,0.9719626168224299,0.9553571428571429,0.8970153493301891,0.0,111.0,112.0,112.0,952.0,439.0,1899.2221116785622,449.440929626921,90.561813621634,11.0,0.030595697450697245,0.9833245406279693,0.676829268292683,0.0,1.0,0.8323170731707317,0.924160246010665,422.0,749.0,328.0,328.0,12.5,1003.0,1514.748072004989,620.7147195174348,153.86135528762003,311.0,1966.2522653741864,-1886.7221116785622,553.5590703730791,0.5885936299751336,0.7514464855194092,0.8977358937263489,0.0,1.0,0.0,0.0,1.0,1.0
SNPT-153,1,11.0,0.03220636393790402,0.9933125244246589,0.6666666666666666,0.0,1.0,0.8148148148148148,0.919795421036807,290.0,316.0,27.0,27.0,7.0,1033.0,10.649184212147777,956.1912084898904,149.40310610535946,11.0,0.030595697450697245,0.9833245406279693,0.676829268292683,0.0,1.0,0.8323170731707317,0.924160246010665,422.0,749.0,328.0,328.0,12.5,1003.0,1514.748072004989,620.7147195174348,153.86135528762003,106.0,46.84536777225119,1.8508157878522233,46.808791510109586,0.9710242433915485,0.8339383602142334,0.936165452003479,1.0,0.0,1.0,1.0,0.0,1.0
SNPT-153,0,,1.0,0.0,0.0,0.0,0.9852941176470589,0.9315068493150684,0.8907276383217644,0.0,113.0,114.0,73.0,1267.0,465.5,1903.3291127569446,461.4849846844247,82.31298352632787,10.0,0.024172260336374013,0.9768721896409989,0.5514705882352942,0.0,1.0,0.8529411764705882,0.9309187485226269,478.0,749.0,272.0,272.0,1904.0,768.5,1301.3898080273168,574.0041847777832,121.38799379648422,365.0,307.0157483239513,0.6708872430554038,307.0150153155753,0.6780982282673816,0.8342331647872925,0.9394389390945435,0.0,0.0,0.0,1.0,0.0,1.0
SNPT-153,0,1.0,0.12626083435947602,0.9384216257071091,0.271889400921659,,0.0,0.0,0.5308594581968498,0.0,216.0,217.0,217.0,546.5,495.5,3.5300808484956505,480.32132313243244,111.1497133637291,10.0,0.14388218359090388,0.9129821743283953,0.017369727047146403,1.0,0.6701846965699209,0.9404466501240695,0.8826538220559073,347.0,749.0,403.0,403.0,1909.0,428.5,789.1394258699338,478.2961614928047,66.16585102319209,131.0,1906.1744574729871,1905.4699191515044,-51.82132313243244,1.6798652423403353,0.7645946741104126,0.9022473692893982,0.0,1.0,1.0,0.0,0.0,0.0
SNPT-153,1,,1.0,0.0,0.0,0.0,0.9852941176470589,0.9315068493150684,0.8907276383217644,0.0,113.0,114.0,73.0,1267.0,465.5,1903.3291127569446,461.4849846844247,82.31298352632787,,1.0,0.0,0.0,0.0,1.0,0.9209486166007905,0.8901131654501985,218.0,470.0,253.0,253.0,1907.0,426.5,13.890309661443116,250.54348826754057,70.0803631618173,105.0,35.17704601754756,3.670887243055404,-34.98498468442472,1.1745513266856957,0.9114100933074951,0.987130880355835,0.0,0.0,0.0,1.0,0.0,1.0
SNPT-154,1,23.0,0.17797372699715197,0.9631166458129883,0.015384615384615385,0.0,1.0,0.8769230769230769,0.8736896567177355,324.0,417.0,94.0,65.0,1899.5,559.5,1909.4751338956216,482.0827028856983,106.29362909006691,,1.0,0.0,0.0,0.0,1.0,0.9230769230769231,0.868323857585589,682.0,734.0,53.0,52.0,1904.5,542.5,1911.8011376555019,566.7420705535487,112.99011650043705,265.0,60.621792681156904,-4.975133895621639,60.417297114301675,0.940733865777152,0.9455678462982178,0.9935662150382996,0.0,0.0,0.0,1.0,0.0,1.0
SNPT-154,1,,1.0,0.0,0.0,1.0,1.0,0.9432314410480349,0.9158897352991281,0.0,272.0,273.0,229.0,386.5,542.5,11.097193976432415,579.118641298566,128.80506322857798,11.0,0.03173437324841035,0.9751626756284144,0.3581395348837209,1.0,1.0,0.8372093023255814,0.8928227255741755,403.0,749.0,347.0,215.0,25.0,656.5,996.3516723973662,514.0620253651458,128.63250168030953,131.0,78.62037070511016,13.902806023567585,77.38135870143401,1.0013415081415218,0.9310997724533081,0.9736486673355103,0.0,0.0,0.0,1.0,0.0,1.0
SNPT-154,1,6.0,0.025534238928790167,0.9691000180166276,0.14987714987714987,1.0,1.0,0.7936117936117936,0.8811685053556696,0.0,406.0,407.0,407.0,1220.0,578.0,1905.0337172108025,644.2411702697711,136.21343025139055,6.0,0.055729502826579846,0.9897342771291733,0.03980099502487562,1.0,1.0,0.9054726368159204,0.9152987396324074,549.0,749.0,201.0,201.0,1907.8878103546433,671.60823191849,1289.8024944755566,557.5025760916988,114.56348661021192,143.0,27.515484930462286,2.854093143840828,27.367061648718845,1.1889776950909314,0.9482908248901367,0.9711475372314453,1.0,0.0,1.0,1.0,0.0,1.0
SNPT-154,1,,1.0,0.0,0.0,1.0,1.0,1.0,0.8873204655117459,384.0,401.0,18.0,18.0,847.5,428.0,1714.5779694560144,452.86984610626394,90.68523599198176,,1.0,0.0,0.0,1.0,1.0,0.875,0.9143727244365782,484.0,675.0,192.0,192.0,1911.0,527.0,15.323077233132317,486.8760292113392,100.27445607112315,83.0,209.94497802836673,196.42203054398556,74.13015389373606,0.9043702608335277,0.7255658507347107,0.9575592279434204,0.0,0.0,0.0,1.0,0.0,1.0
SNPT-154,1,20.0,0.08420236960610869,0.8974237840157002,0.42244224422442245,0.0,0.608540925266904,0.9273927392739274,0.8311001128149202,0.0,316.0,317.0,303.0,1062.5,592.0,14.968520847029943,496.6922380578759,132.56995689261748,11.0,0.05238653841661289,0.9910926818847656,0.06666666666666667,1.0,1.0,0.8666666666666667,0.9031984347563523,735.0,749.0,15.0,15.0,15.0,724.5,264.34451930220393,688.2329387311754,117.83215079214096,419.0,227.8077641170655,0.0314791529700571,227.8077619421241,1.1250745743109993,0.7101328372955322,0.9438128471374512,0.0,1.0,1.0,0.0,1.0,0.0
SNPT-154,1,26.0,0.03943391504799365,0.9741787693717263,0.20496894409937888,0.0,1.0,0.9130434782608695,0.8728399507853449,223.0,383.0,161.0,161.0,1901.5,611.0,700.5948703112118,510.92698223687887,115.9323202404645,,1.0,0.0,0.0,0.0,1.0,0.967032967032967,0.8629276139492338,568.0,749.0,182.0,182.0,1903.5,595.0,1532.403709510113,531.7698585737453,103.38458852461991,185.0,1205.8395512452719,1202.9051296887883,84.07301776312113,1.1213694603316673,0.983169436454773,0.9934574961662292,0.0,0.0,0.0,1.0,0.0,1.0
SNPT-154,1,20.0,0.02757510174531954,0.9370063072027162,0.47601476014760147,0.0,0.7683397683397684,0.955719557195572,0.78418666193384,0.0,270.0,271.0,271.0,891.5,572.5,12.760245903153766,585.1726115865397,138.87836490152307,,1.0,0.0,0.0,0.0,1.0,0.88,0.8513040488416498,725.0,749.0,25.0,25.0,53.5,619.5,824.9894925452479,607.4081720007241,121.74209022041741,455.0,53.273794300388154,40.739754096846234,34.32738841346031,1.1407588341064292,0.8342025876045227,0.9325237274169922,0.0,0.0,0.0,1.0,0.0,0.0
SNPT-154,0,,1.0,0.0,0.0,0.0,1.0,0.8723404255319149,0.8602281256419856,479.0,525.0,47.0,47.0,1909.5,500.5,1908.8409885676083,510.3972078844273,127.12573186751627,30.0,0.1574943812791809,0.9591659506162008,0.09259259259259259,1.0,1.0,0.8888888888888888,0.8918899972405698,582.0,749.0,168.0,162.0,1907.5,567.5,1584.188706831022,602.158096670061,125.57663417629595,57.0,57.11853567566983,-1.3409885676082922,57.1027921155727,1.0123358752317373,0.7118889093399048,0.9456268548965454,0.0,0.0,0.0,0.0,1.0,1.0
SNPT-154,1,10.0,0.0880738352397633,0.9787471615351163,0.16938110749185667,1.0,1.0,0.8599348534201955,0.9066415932593923,0.0,306.0,307.0,307.0,712.0,493.5,24.122800911449957,558.2028216862427,110.27639609867612,10.0,0.017191389338669275,0.9880574169831399,0.3268156424581006,1.0,1.0,0.8994413407821229,0.8853672770609767,390.0,747.0,358.0,358.0,30.0,691.0,1909.2785972781137,866.3531121118233,162.20915296189955,84.0,132.92716816822022,5.877199088550043,132.79717831375729,0.6798407739949074,0.9359933137893677,0.9853631258010864,1.0,0.0,1.0,1.0,0.0,1.0
SNPT-154,1,,1.0,0.0,0.0,1.0,0.6,1.0,0.8753457307815552,400.0,405.0,6.0,5.0,1887.9398925055452,428.7546967160745,1879.2091212486782,445.6284957210544,83.60590261071117,,1.0,0.0,0.0,1.0,1.0,0.875,0.9143727244365782,484.0,675.0,192.0,192.0,1911.0,527.0,15.323077233132317,486.8760292113392,100.27445607112315,79.0,87.36121382169382,31.79087875132177,81.37150427894562,0.8337706918241548,0.7592202425003052,0.9367471933364868,0.0,0.0,0.0,1.0,0.0,0.0
SNPT-154,0,9.0,0.0749168757737537,0.9062193839921864,0.36454849498327757,0.0,0.9706959706959707,0.9130434782608695,0.8471858285285614,0.0,298.0,299.0,299.0,725.5,599.0,17.113339983024325,514.4590428549394,112.79810468661388,,1.0,0.0,0.0,0.0,1.0,0.923469387755102,0.8480538254943342,554.0,749.0,196.0,196.0,1903.5,515.0,1211.9656680248409,504.49289064031325,101.2951310868603,256.0,1886.3867375818336,1886.3866600169756,0.5409571450605881,1.1135589981110723,0.8629557490348816,0.9562861323356628,0.0,0.0,0.0,1.0,0.0,1.0
SNPT-154,1,,1.0,0.0,0.0,0.0,0.9868995633187773,0.8544776119402985,0.852271397040921,388.0,656.0,269.0,268.0,14.5,597.0,7.305657040180428,511.16115365778626,113.65217221394252,,1.0,0.0,0.0,1.0,0.75,0.8421052631578947,0.8761272616684437,731.0,749.0,19.0,19.0,21.0,524.5,473.84789341443326,529.1479412363501,67.89876951862155,75.0,19.117004232942694,13.694342959819572,13.338846342213742,1.673847302678628,0.864756166934967,0.9725050926208496,0.0,0.0,0.0,0.0,1.0,0.0
SNPT-154,0,55.0,0.019081952789256985,0.9942492138536483,0.7568627450980392,0.0,1.0,0.9294117647058824,0.9063860346496356,0.0,254.0,255.0,255.0,1080.0,693.0,11.400808247642328,618.943198486749,160.94318969431282,5.0,0.025776394875720143,0.9943861166636149,0.04128440366972477,1.0,1.0,0.8577981651376146,0.9040859261936045,398.0,615.0,218.0,218.0,29.5,610.0,11.407587393210857,539.2180739880131,127.60759469919367,144.0,20.188153488172254,18.099191752357672,-8.943198486748997,1.2612351958651078,0.7043133974075317,0.9148377180099487,0.0,1.0,1.0,0.0,1.0,1.0
SNPT-154,1,25.0,0.03708640082459169,0.9682903343980963,0.04198473282442748,0.0,0.9954545454545455,0.8396946564885496,0.8869837107983503,394.0,655.0,262.0,262.0,40.5,596.5,7.9514945510284445,565.7750786254646,128.12999825385302,,1.0,0.0,0.0,0.0,1.0,0.8823529411764706,0.824821941057841,716.0,749.0,34.0,34.0,25.666353174497544,576.8460864908427,1185.4380342621675,591.8416705884856,115.89310128672153,61.0,20.889792512247716,17.714858623469098,11.071007865378078,1.1055877945388413,0.9027600288391113,0.960976243019104,0.0,0.0,0.0,1.0,0.0,1.0
SNPT-154,0,26.0,0.03943391504799365,0.9741787693717263,0.20496894409937888,0.0,1.0,0.9130434782608695,0.8728399507853449,223.0,383.0,161.0,161.0,1901.5,611.0,700.5948703112118,510.92698223687887,115.9323202404645,,1.0,0.0,0.0,1.0,1.0,0.95,0.8877897764507093,730.0,749.0,20.0,20.0,22.0,550.5,505.6908000403549,541.1724717855157,110.04146420685663,347.0,679.7477633266407,-678.5948703112118,39.57301776312113,1.0535330575257906,0.5968083143234253,0.9483081698417664,0.0,0.0,0.0,0.0,1.0,1.0
SNPT-154,0,25.0,0.09724686734029542,0.9648702242221051,0.5498392282958199,0.0,1.0,0.8971061093247589,0.8197138136433016,0.0,310.0,311.0,311.0,875.0,602.0,10.530501480040508,519.6317930474236,135.36386916933307,,1.0,0.0,0.0,0.0,0.9868995633187773,0.8544776119402985,0.852271397040921,388.0,656.0,269.0,268.0,14.5,597.0,7.305657040180428,511.16115365778626,113.65217221394252,78.0,77.46997073419259,3.969498519959492,77.36820695257643,1.1910363570924078,0.8863435983657837,0.926385760307312,0.0,0.0,0.0,1.0,0.0,1.0
SNPT-154,0,,1.0,0.0,0.0,1.0,1.0,0.8741007194244604,0.9011687202218138,381.0,658.0,278.0,278.0,13.473776614770046,535.5493038796169,13.918789060851811,515.1980903613842,121.4556463332416,,1.0,0.0,0.0,0.0,1.0,0.88,0.8513040488416498,725.0,749.0,25.0,25.0,53.5,619.5,824.9894925452479,607.4081720007241,121.74209022041741,67.0,111.55967288259376,39.58121093914819,104.30190963861583,0.9976471252739526,0.7325361371040344,0.94551682472229,0.0,0.0,0.0,0.0,1.0,1.0
SNPT-154,0,11.0,0.7138978239090648,0.6358635127544403,0.020833333333333332,,0.0,0.0,0.5573307304155259,0.0,239.0,240.0,240.0,491.5,505.5,7.961550330074522,490.09711393976033,124.22073550086051,23.0,0.17797372699715197,0.9631166458129883,0.015384615384615385,0.0,1.0,0.8769230769230769,0.8736896567177355,324.0,417.0,94.0,65.0,1899.5,559.5,1909.4751338956216,482.0827028856983,106.29362909006691,85.0,1892.811260314455,1891.5384496699255,69.40288606023967,1.1686564525480942,0.5760436058044434,0.9190579652786255,0.0,1.0,0.0,0.0,0.0,0.0
SNPT-154,0,,1.0,0.0,0.0,1.0,0.6,1.0,0.8753457307815552,400.0,405.0,6.0,5.0,1887.9398925055452,428.7546967160745,1879.2091212486782,445.6284957210544,83.60590261071117,,1.0,0.0,0.0,0.0,1.0,0.8823529411764706,0.824821941057841,716.0,749.0,34.0,34.0,25.666353174497544,576.8460864908427,1185.4380342621675,591.8416705884856,115.89310128672153,311.0,1858.181597478439,-1853.5427680741807,131.21759076978833,0.7214053440840169,0.7037547826766968,0.9527923464775085,0.0,0.0,0.0,0.0,1.0,0.0
SNPT-154,0,,1.0,0.0,0.0,1.0,1.0,0.875,0.9143727244365782,484.0,675.0,192.0,192.0,1911.0,527.0,15.323077233132317,486.8760292113392,100.27445607112315,,1.0,0.0,0.0,0.0,1.0,0.9230769230769231,0.868323857585589,682.0,734.0,53.0,52.0,1904.5,542.5,1911.8011376555019,566.7420705535487,112.99011650043705,7.0,1889.995627413246,1889.1769227668676,55.62397078866081,0.8874621885245626,0.7545181512832642,0.9449398517608643,0.0,0.0,0.0,0.0,1.0,1.0
SNPT-154,1,20.0,0.02757510174531954,0.9370063072027162,0.47601476014760147,0.0,0.7683397683397684,0.955719557195572,0.78418666193384,0.0,270.0,271.0,271.0,891.5,572.5,12.760245903153766,585.1726115865397,138.87836490152307,20.0,0.02539024934943062,0.9734782777928017,0.39572192513368987,0.0,1.0,0.8502673796791443,0.7910621462378112,400.0,586.0,187.0,187.0,14.5,676.5,12.337118399478797,592.0627744236264,139.91134614290954,130.0,91.34395775715292,1.7397540968462337,91.32738841346031,0.9926168872656593,0.9617977738380432,0.9889800548553467,1.0,0.0,1.0,1.0,0.0,0.0
SNPT-154,0,23.0,0.17797372699715197,0.9631166458129883,0.015384615384615385,0.0,1.0,0.8769230769230769,0.8736896567177355,324.0,417.0,94.0,65.0,1899.5,559.5,1909.4751338956216,482.0827028856983,106.29362909006691,,1.0,0.0,0.0,0.0,1.0,0.8823529411764706,0.824821941057841,716.0,749.0,34.0,34.0,25.666353174497544,576.8460864908427,1185.4380342621675,591.8416705884856,115.89310128672153,299.0,1886.190770095725,-1883.808780721124,94.76338360514438,0.9171695977579774,0.8971911072731018,0.9693907499313354,0.0,0.0,0.0,1.0,0.0,1.0
SNPT-154,1,9.0,0.03580131364991151,0.9843100680083763,0.20147420147420148,1.0,0.9232954545454546,0.8648648648648649,0.908896499059417,0.0,406.0,407.0,407.0,800.5,492.5,1816.77863706283,556.8283020700683,114.82583498098636,,1.0,0.0,0.0,1.0,1.0,0.9337748344370861,0.9215949401787832,583.0,733.0,151.0,151.0,1893.0,536.0,1900.5251862297969,562.0012033933947,101.70241844000488,177.0,79.01591191096762,76.22136293716994,-20.828302070068275,1.1290374087684365,0.9192582964897156,0.9893109798431396,0.0,0.0,0.0,1.0,0.0,1.0
SNPT-154,0,9.0,0.03580131364991151,0.9843100680083763,0.20147420147420148,1.0,0.9232954545454546,0.8648648648648649,0.908896499059417,0.0,406.0,407.0,407.0,800.5,492.5,1816.77863706283,556.8283020700683,114.82583498098636,30.0,0.1574943812791809,0.9591659506162008,0.09259259259259259,1.0,1.0,0.8888888888888888,0.8918899972405698,582.0,749.0,168.0,162.0,1907.5,567.5,1584.188706831022,602.158096670061,125.57663417629595,176.0,91.34687093647719,90.72136293716994,10.671697929931725,0.9143885383946775,0.8724358081817627,0.9793130159378052,0.0,1.0,0.0,1.0,0.0,1.0
SNPT-154,1,,1.0,0.0,0.0,1.0,0.9954128440366973,0.919831223628692,0.8966371723271291,389.0,625.0,237.0,237.0,37.0,556.5,22.055266273354135,494.7589571120686,120.16656797194274,,1.0,0.0,0.0,1.0,1.0,0.95,0.8877897764507093,730.0,749.0,20.0,20.0,22.0,550.5,505.6908000403549,541.1724717855157,110.04146420685663,105.0,55.74107028569851,-0.055266273354135365,55.74104288793143,1.0920117142939219,0.8873237371444702,0.975237250328064,0.0,0.0,0.0,1.0,0.0,1.0
SNPT-154,0,20.0,0.08420236960610869,0.8974237840157002,0.42244224422442245,0.0,0.608540925266904,0.9273927392739274,0.8311001128149202,0.0,316.0,317.0,303.0,1062.5,592.0,14.968520847029943,496.6922380578759,132.56995689261748,,1.0,0.0,0.0,0.0,1.0,0.8493975903614458,0.8166703442309765,584.0,749.0,166.0,166.0,1898.5,450.0,1189.3202449257392,452.6928102066589,82.35182822896377,268.0,1884.1101342689678,1883.53147915297,-46.6922380578759,1.6097998034000127,0.8400427103042603,0.9267493486404419,0.0,0.0,0.0,1.0,0.0,0.0
SNPT-154,0,5.0,0.025776394875720143,0.9943861166636149,0.04128440366972477,1.0,1.0,0.8577981651376146,0.9040859261936045,398.0,615.0,218.0,218.0,29.5,610.0,11.407587393210857,539.2180739880131,127.60759469919367,,1.0,0.0,0.0,1.0,1.0,0.7741935483870968,0.9004950920740763,719.0,749.0,31.0,31.0,23.0,519.5,878.6566039532133,483.6470862752804,91.25327108054874,104.0,22.873269810912525,11.592412606789143,-19.71807398801309,1.3983892652632164,0.7791798710823059,0.9654261469841003,0.0,0.0,0.0,1.0,0.0,1.0
SNPT-154,0,25.0,0.09724686734029542,0.9648702242221051,0.5498392282958199,0.0,1.0,0.8971061093247589,0.8197138136433016,0.0,310.0,311.0,311.0,875.0,602.0,10.530501480040508,519.6317930474236,135.36386916933307,,1.0,0.0,0.0,1.0,1.0,0.9337748344370861,0.9215949401787832,583.0,733.0,151.0,151.0,1893.0,536.0,1900.5251862297969,562.0012033933947,101.70241844000488,273.0,1882.540658540163,1882.4694985199594,16.36820695257643,1.330979845372953,0.6780267357826233,0.8887612819671631,0.0,0.0,0.0,0.0,1.0,1.0
SNPT-154,1,55.0,0.019081952789256985,0.9942492138536483,0.7568627450980392,0.0,1.0,0.9294117647058824,0.9063860346496356,0.0,254.0,255.0,255.0,1080.0,693.0,11.400808247642328,618.943198486749,160.94318969431282,55.0,0.1192022372270426,0.9309122701293057,0.30654761904761907,0.0,0.9933333333333333,0.8928571428571429,0.8939135517676672,414.0,749.0,336.0,336.0,19.0,708.5,1886.1530244780706,759.0412680695197,150.23295775437145,160.0,89.8786315682039,7.599191752357672,89.556801513251,1.071290827925071,0.9755498170852661,0.9892882704734802,1.0,0.0,1.0,1.0,0.0,1.0
SNPT-154,1,,1.0,0.0,0.0,1.0,1.0,0.875,0.9143727244365782,484.0,675.0,192.0,192.0,1911.0,527.0,15.323077233132317,486.8760292113392,100.27445607112315,,1.0,0.0,0.0,1.0,1.0,0.7741935483870968,0.9004950920740763,719.0,749.0,31.0,31.0,23.0,519.5,878.6566039532133,483.6470862752804,91.25327108054874,44.0,33.51505054729659,7.676922766867683,32.62397078866081,1.0988587574314073,0.8993362188339233,0.9775282740592957,0.0,0.0,0.0,1.0,0.0,1.0
SNPT-154,0,10.0,0.037232477777771625,0.9621171527183973,0.4375,0.0,0.9914040114613181,0.8389423076923077,0.8429523976279535,0.0,415.0,416.0,416.0,1094.0,576.5,1899.6114524550328,488.90945224724544,121.77546069785568,,1.0,0.0,0.0,0.0,1.0,0.88,0.8513040488416498,725.0,749.0,25.0,25.0,53.5,619.5,824.9894925452479,607.4081720007241,121.74209022041741,310.0,1850.7245570446173,-1846.1114524550328,130.59054775275456,1.0002741079718431,0.8810877203941345,0.957046389579773,0.0,0.0,0.0,1.0,0.0,1.0
SNPT-154,0,22.0,0.03957966730236827,0.9348096609749692,0.2974683544303797,1.0,0.9539007092198581,0.8924050632911392,0.8958384737055353,0.0,315.0,316.0,316.0,847.0,565.5,14.85508620794629,493.27729768376696,133.05379869880088,20.0,0.02539024934943062,0.9734782777928017,0.39572192513368987,0.0,1.0,0.8502673796791443,0.7910621462378112,400.0,586.0,187.0,187.0,14.5,676.5,12.337118399478797,592.0627744236264,139.91134614290954,85.0,183.2230463950374,-0.35508620794628953,183.22270231623304,0.9509864808454909,0.8201652765274048,0.9287013411521912,0.0,1.0,1.0,0.0,1.0,1.0
SNPT-154,1,22.0,0.03957966730236827,0.9348096609749692,0.2974683544303797,1.0,0.9539007092198581,0.8924050632911392,0.8958384737055353,0.0,315.0,316.0,316.0,847.0,565.5,14.85508620794629,493.27729768376696,133.05379869880088,,1.0,0.0,0.0,1.0,0.9954128440366973,0.919831223628692,0.8966371723271291,389.0,625.0,237.0,237.0,37.0,556.5,22.055266273354135,494.7589571120686,120.16656797194274,74.0,66.98885948442853,22.14491379205371,63.22270231623304,1.1072447265854104,0.9556201696395874,0.9829028248786926,0.0,0.0,0.0,1.0,0.0,1.0
SNPT-154,0,20.0,0.02539024934943062,0.9734782777928017,0.39572192513368987,0.0,1.0,0.8502673796791443,0.7910621462378112,400.0,586.0,187.0,187.0,14.5,676.5,12.337118399478797,592.0627744236264,139.91134614290954,,1.0,0.0,0.0,1.0,0.75,0.8421052631578947,0.8761272616684437,731.0,749.0,19.0,19.0,21.0,524.5,473.84789341443326,529.1479412363501,67.89876951862155,145.0,68.11588658633512,8.662881600521203,-67.56277442362637,2.0605873587228736,0.8344946503639221,0.9151316285133362,0.0,0.0,0.0,0.0,1.0,0.0
SNPT-154,0,11.0,0.7138978239090648,0.6358635127544403,0.020833333333333332,,0.0,0.0,0.5573307304155259,0.0,239.0,240.0,240.0,491.5,505.5,7.961550330074522,490.09711393976033,124.22073550086051,,1.0,0.0,0.0,1.0,1.0,0.9337748344370861,0.9215949401787832,583.0,733.0,151.0,151.0,1893.0,536.0,1900.5251862297969,562.0012033933947,101.70241844000488,344.0,1885.5972612630344,1885.0384496699255,45.902886060239666,1.221413781562524,0.625645637512207,0.8908430337905884,0.0,0.0,0.0,0.0,0.0,0.0
SNPT-154,1,10.0,0.037232477777771625,0.9621171527183973,0.4375,0.0,0.9914040114613181,0.8389423076923077,0.8429523976279535,0.0,415.0,416.0,416.0,1094.0,576.5,1899.6114524550328,488.90945224724544,121.77546069785568,,1.0,0.0,0.0,0.0,1.0,0.8723404255319149,0.8602281256419856,479.0,525.0,47.0,47.0,1909.5,500.5,1908.8409885676083,510.3972078844273,127.12573186751627,64.0,15.23562173847725,9.888547544967196,11.59054775275456,0.9579135467614349,0.9529552459716797,0.97227543592453,0.0,0.0,0.0,1.0,0.0,1.0
SNPT-154,0,22.0,0.03957966730236827,0.9348096609749692,0.2974683544303797,1.0,0.9539007092198581,0.8924050632911392,0.8958384737055353,0.0,315.0,316.0,316.0,847.0,565.5,14.85508620794629,493.27729768376696,133.05379869880088,,1.0,0.0,0.0,1.0,0.75,0.8421052631578947,0.8761272616684437,731.0,749.0,19.0,19.0,21.0,524.5,473.84789341443326,529.1479412363501,67.89876951862155,416.0,31.82164523464926,6.1449137920537105,31.22270231623304,1.9595907207465706,0.796013355255127,0.9449907541275024,0.0,0.0,0.0,1.0,0.0,0.0
SNPT-154,1,,1.0,0.0,0.0,0.0,0.9971264367816092,0.8678304239401496,0.8298885476315159,0.0,402.0,403.0,401.0,1538.0,382.0,1805.297464171775,447.94983846251336,82.27139190717432,,1.0,0.0,0.0,0.0,1.0,0.8493975903614458,0.8166703442309765,584.0,749.0,166.0,166.0,1898.5,450.0,1189.3202449257392,452.6928102066589,82.35182822896377,182.0,93.22508164191316,93.20253582822511,2.0501615374866446,0.9990232600353958,0.837912917137146,0.9710701704025269,0.0,0.0,0.0,1.0,0.0,1.0
SNPT-154,0,11.0,0.7138978239090648,0.6358635127544403,0.020833333333333332,,0.0,0.0,0.5573307304155259,0.0,239.0,240.0,240.0,491.5,505.5,7.961550330074522,490.09711393976033,124.22073550086051,55.0,0.1192022372270426,0.9309122701293057,0.30654761904761907,0.0,0.9933333333333333,0.8928571428571429,0.8939135517676672,414.0,749.0,336.0,336.0,19.0,708.5,1886.1530244780706,759.0412680695197,150.23295775437145,175.0,218.68165906302593,11.038449669925477,218.40288606023967,0.8268540895264771,0.50925612449646,0.910897433757782,0.0,1.0,0.0,0.0,0.0,0.0
SNPT-154,1,,1.0,0.0,0.0,1.0,0.6,1.0,0.8753457307815552,400.0,405.0,6.0,5.0,1887.9398925055452,428.7546967160745,1879.2091212486782,445.6284957210544,83.60590261071117,,1.0,0.0,0.0,1.0,1.0,0.7741935483870968,0.9004950920740763,719.0,749.0,31.0,31.0,23.0,519.5,878.6566039532133,483.6470862752804,91.25327108054874,314.0,1857.678470820832,-1856.2091212486782,73.87150427894562,0.9161962264006155,0.7126773595809937,0.9449132680892944,0.0,0.0,0.0,1.0,0.0,0.0
SNPT-154,0,10.0,0.0880738352397633,0.9787471615351163,0.16938110749185667,1.0,1.0,0.8599348534201955,0.9066415932593923,0.0,306.0,307.0,307.0,712.0,493.5,24.122800911449957,558.2028216862427,110.27639609867612,,1.0,0.0,0.0,0.0,1.0,0.967032967032967,0.8629276139492338,568.0,749.0,182.0,182.0,1903.5,595.0,1532.403709510113,531.7698585737453,103.38458852461991,262.0,1879.7373988900092,1879.37719908855,36.797178313757286,1.0666618465325226,0.6766029596328735,0.9393474459648132,0.0,0.0,0.0,0.0,1.0,1.0
SNPT-154,1,11.0,0.7138978239090648,0.6358635127544403,0.020833333333333332,,0.0,0.0,0.5573307304155259,0.0,239.0,240.0,240.0,491.5,505.5,7.961550330074522,490.09711393976033,124.22073550086051,,1.0,0.0,0.0,,0.0,0.0,0.5664852350394919,405.0,590.0,186.0,186.0,9.5,520.5,7.2080103107269355,481.0554716182146,117.55614062284448,166.0,30.441785561606093,1.5384496699254777,30.402886060239666,1.0566928689790698,0.9300661087036133,0.9800976514816284,0.0,0.0,0.0,0.0,0.0,0.0
SNPT-154,1,20.0,0.08420236960610869,0.8974237840157002,0.42244224422442245,0.0,0.608540925266904,0.9273927392739274,0.8311001128149202,0.0,316.0,317.0,303.0,1062.5,592.0,14.968520847029943,496.6922380578759,132.56995689261748,5.0,0.025776394875720143,0.9943861166636149,0.04128440366972477,1.0,1.0,0.8577981651376146,0.9040859261936045,398.0,615.0,218.0,218.0,29.5,610.0,11.407587393210857,539.2180739880131,127.60759469919367,82.0,114.2357772447243,14.531479152970057,113.3077619421241,1.0388876712637791,0.9248818159103394,0.9676447510719299,0.0,1.0,1.0,0.0,1.0,0.0
SNPT-154,1,,1.0,0.0,0.0,0.0,1.0,0.8723404255319149,0.8602281256419856,479.0,525.0,47.0,47.0,1909.5,500.5,1908.8409885676083,510.3972078844273,127.12573186751627,,1.0,0.0,0.0,0.0,1.0,0.923469387755102,0.8480538254943342,554.0,749.0,196.0,196.0,1903.5,515.0,1211.9656680248409,504.49289064031325,101.2951310868603,29.0,7.050663382866938,-5.340988567608292,4.602792115572697,1.2550033797627085,0.9489282369613647,0.9883058071136475,0.0,0.0,0.0,1.0,0.0,1.0
SNPT-154,1,22.0,0.03957966730236827,0.9348096609749692,0.2974683544303797,1.0,0.9539007092198581,0.8924050632911392,0.8958384737055353,0.0,315.0,316.0,316.0,847.0,565.5,14.85508620794629,493.27729768376696,133.05379869880088,,1.0,0.0,0.0,1.0,1.0,0.95,0.8877897764507093,730.0,749.0,20.0,20.0,22.0,550.5,505.6908000403549,541.1724717855157,110.04146420685663,415.0,57.66703957607068,7.1449137920537105,57.22270231623304,1.2091242120214387,0.8346989750862122,0.9360219240188599,0.0,0.0,0.0,1.0,0.0,1.0
SNPT-154,0,20.0,0.08420236960610869,0.8974237840157002,0.42244224422442245,0.0,0.608540925266904,0.9273927392739274,0.8311001128149202,0.0,316.0,317.0,303.0,1062.5,592.0,14.968520847029943,496.6922380578759,132.56995689261748,,1.0,0.0,0.0,0.0,1.0,0.88,0.8513040488416498,725.0,749.0,25.0,25.0,53.5,619.5,824.9894925452479,607.4081720007241,121.74209022041741,409.0,128.71061059193678,38.53147915297006,122.8077619421241,1.088941028140686,0.8100476264953613,0.9475781321525574,0.0,0.0,0.0,1.0,0.0,0.0
SNPT-154,1,29.0,0.030303558228344702,0.9778002440150267,0.27419354838709675,1.0,0.9469214437367304,0.8440860215053764,0.8883244292751239,0.0,608.0,609.0,558.0,829.0,511.5,16.768319992284454,505.9969251817599,128.60885612370748,,1.0,0.0,0.0,1.0,1.0,0.8461538461538461,0.9024705209515311,724.0,749.0,26.0,26.0,14.0,619.5,762.1427190841707,567.9059167628369,112.85891725143532,116.0,113.53682921754816,-2.7683199922844537,113.50307481824012,1.139554226248541,0.8571943044662476,0.9615809917449951,0.0,0.0,0.0,1.0,0.0,1.0
SNPT-154,1,5.0,0.025776394875720143,0.9943861166636149,0.04128440366972477,1.0,1.0,0.8577981651376146,0.9040859261936045,398.0,615.0,218.0,218.0,29.5,610.0,11.407587393210857,539.2180739880131,127.60759469919367,11.0,0.05238653841661289,0.9910926818847656,0.06666666666666667,1.0,1.0,0.8666666666666667,0.9031984347563523,735.0,749.0,15.0,15.0,15.0,724.5,264.34451930220393,688.2329387311754,117.83215079214096,120.0,185.3167492026795,3.592412606789143,185.2819260119869,1.082960752573352,0.7878457307815552,0.9562559723854065,0.0,1.0,1.0,1.0,0.0,1.0
SNPT-154,0,22.0,0.03957966730236827,0.9348096609749692,0.2974683544303797,1.0,0.9539007092198581,0.8924050632911392,0.8958384737055353,0.0,315.0,316.0,316.0,847.0,565.5,14.85508620794629,493.27729768376696,133.05379869880088,,1.0,0.0,0.0,1.0,1.0,0.7741935483870968,0.9004950920740763,719.0,749.0,31.0,31.0,23.0,519.5,878.6566039532133,483.6470862752804,91.25327108054874,404.0,27.458509381351355,8.14491379205371,26.22270231623304,1.4580715531978579,0.7878456115722656,0.9345995187759399,0.0,0.0,0.0,1.0,0.0,1.0
SNPT-154,0,11.0,0.7138978239090648,0.6358635127544403,0.020833333333333332,,0.0,0.0,0.5573307304155259,0.0,239.0,240.0,240.0,491.5,505.5,7.961550330074522,490.09711393976033,124.22073550086051,5.0,0.025776394875720143,0.9943861166636149,0.04128440366972477,1.0,1.0,0.8577981651376146,0.9040859261936045,398.0,615.0,218.0,218.0,29.5,610.0,11.407587393210857,539.2180739880131,127.60759469919367,159.0,121.82202961598828,21.538449669925477,119.90288606023967,0.9734587960354796,0.6898738145828247,0.9185839295387268,0.0,1.0,0.0,0.0,0.0,0.0
SNPT-154,0,20.0,0.02757510174531954,0.9370063072027162,0.47601476014760147,0.0,0.7683397683397684,0.955719557195572,0.78418666193384,0.0,270.0,271.0,271.0,891.5,572.5,12.760245903153766,585.1726115865397,138.87836490152307,,1.0,0.0,0.0,1.0,1.0,0.8741007194244604,0.9011687202218138,381.0,658.0,278.0,278.0,13.473776614770046,535.5493038796169,13.918789060851811,515.1980903613842,121.4556463332416,111.0,49.62843735049858,0.7135307116162792,-49.62330770692279,1.143449226892904,0.7785108089447021,0.9327468276023865,0.0,0.0,0.0,0.0,1.0,0.0
SNPT-154,0,30.0,0.1326007441814142,0.9430139693948958,0.16195372750642673,1.0,0.9727272727272728,0.8483290488431876,0.915349069147399,0.0,388.0,389.0,389.0,957.0,562.0,1899.908731128391,540.1396621498919,124.08018741076276,,1.0,0.0,0.0,1.0,0.6,1.0,0.8753457307815552,400.0,405.0,6.0,5.0,1887.9398925055452,428.7546967160745,1879.2091212486782,445.6284957210544,83.60590261071117,12.0,112.02617382858541,-11.968838622845851,-111.38496543381746,1.484107982046548,0.7426788210868835,0.9155972003936768,0.0,0.0,0.0,1.0,0.0,0.0
SNPT-154,1,9.0,0.0749168757737537,0.9062193839921864,0.36454849498327757,0.0,0.9706959706959707,0.9130434782608695,0.8471858285285614,0.0,298.0,299.0,299.0,725.5,599.0,17.113339983024325,514.4590428549394,112.79810468661388,,1.0,0.0,0.0,1.0,0.75,0.8421052631578947,0.8761272616684437,731.0,749.0,19.0,19.0,21.0,524.5,473.84789341443326,529.1479412363501,67.89876951862155,433.0,10.766937655457127,3.886660016975675,10.040957145060588,1.6612687606316412,0.831167459487915,0.9429082870483398,0.0,0.0,0.0,0.0,1.0,0.0
SNPT-154,1,25.0,0.09724686734029542,0.9648702242221051,0.5498392282958199,0.0,1.0,0.8971061093247589,0.8197138136433016,0.0,310.0,311.0,311.0,875.0,602.0,10.530501480040508,519.6317930474236,135.36386916933307,,1.0,0.0,0.0,0.0,1.0,0.8823529411764706,0.824821941057841,716.0,749.0,34.0,34.0,25.666353174497544,576.8460864908427,1185.4380342621675,591.8416705884856,115.89310128672153,406.0,59.182509077820214,15.135851694457036,57.21429344341914,1.168006271869803,0.8838145136833191,0.8939911127090454,0.0,0.0,0.0,1.0,0.0,1.0
SNPT-154,0,30.0,0.1326007441814142,0.9430139693948958,0.16195372750642673,1.0,0.9727272727272728,0.8483290488431876,0.915349069147399,0.0,388.0,389.0,389.0,957.0,562.0,1899.908731128391,540.1396621498919,124.08018741076276,,1.0,0.0,0.0,0.0,1.0,0.8723404255319149,0.8602281256419856,479.0,525.0,47.0,47.0,1909.5,500.5,1908.8409885676083,510.3972078844273,127.12573186751627,91.0,40.78351693913939,9.591268871608918,-39.63966214989193,0.9760430527162871,0.7835784554481506,0.9283503293991089,0.0,0.0,0.0,0.0,1.0,1.0
SNPT-154,1,25.0,0.09724686734029542,0.9648702242221051,0.5498392282958199,0.0,1.0,0.8971061093247589,0.8197138136433016,0.0,310.0,311.0,311.0,875.0,602.0,10.530501480040508,519.6317930474236,135.36386916933307,25.0,0.03708640082459169,0.9682903343980963,0.04198473282442748,0.0,0.9954545454545455,0.8396946564885496,0.8869837107983503,394.0,655.0,262.0,262.0,40.5,596.5,7.9514945510284445,565.7750786254646,128.12999825385302,84.0,82.50389131211918,29.969498519959494,76.86820695257643,1.056457277874524,0.9681839942932129,0.9496549367904663,1.0,0.0,1.0,1.0,0.0,1.0
SNPT-154,0,30.0,0.1326007441814142,0.9430139693948958,0.16195372750642673,1.0,0.9727272727272728,0.8483290488431876,0.915349069147399,0.0,388.0,389.0,389.0,957.0,562.0,1899.908731128391,540.1396621498919,124.08018741076276,,1.0,0.0,0.0,1.0,1.0,0.7741935483870968,0.9004950920740763,719.0,749.0,31.0,31.0,23.0,519.5,878.6566039532133,483.6470862752804,91.25327108054874,331.0,1877.022211013937,-1876.908731128391,-20.639662149891933,1.3597341327220795,0.7718944549560547,0.9301061630249023,0.0,0.0,0.0,1.0,0.0,1.0
SNPT-154,1,28.0,0.008873909246245957,0.9734147666839131,0.28078817733990147,1.0,1.0,0.8669950738916257,0.9100245591253042,0.0,405.0,406.0,406.0,1146.5,504.5,1899.5603848752623,522.2838576237615,107.21473214855811,,1.0,0.0,0.0,1.0,1.0,0.7741935483870968,0.9004950920740763,719.0,749.0,31.0,31.0,23.0,519.5,878.6566039532133,483.6470862752804,91.25327108054874,314.0,1876.562449785901,-1876.5603848752623,-2.7838576237614916,1.1749138510763113,0.8811699151992798,0.9530080556869507,0.0,0.0,0.0,1.0,0.0,1.0
SNPT-154,0,,1.0,0.0,0.0,0.0,0.9971264367816092,0.8678304239401496,0.8298885476315159,0.0,402.0,403.0,401.0,1538.0,382.0,1805.297464171775,447.94983846251336,82.27139190717432,,1.0,0.0,0.0,1.0,1.0,0.875,0.9143727244365782,484.0,675.0,192.0,192.0,1911.0,527.0,15.323077233132317,486.8760292113392,100.27445607112315,82.0,131.99225022560964,105.70253582822511,79.05016153748664,0.8204621109968472,0.653571367263794,0.9507904052734375,0.0,0.0,0.0,0.0,1.0,1.0
SNPT-154,0,6.0,0.010686779007661162,0.985415799337774,0.6820388349514563,0.0,1.0,0.8155339805825242,0.8885978660767987,0.0,411.0,412.0,412.0,1311.0,625.5,1903.8754946099177,669.8515791143584,155.88797676399125,,1.0,0.0,0.0,1.0,1.0,0.9337748344370861,0.9215949401787832,583.0,733.0,151.0,151.0,1893.0,536.0,1900.5251862297969,562.0012033933947,101.70241844000488,172.0,134.29267148440266,-10.875494609917723,-133.8515791143584,1.532785347242759,0.6255829930305481,0.8897634744644165,0.0,0.0,0.0,0.0,1.0,1.0
SNPT-154,0,25.0,0.03708640082459169,0.9682903343980963,0.04198473282442748,0.0,0.9954545454545455,0.8396946564885496,0.8869837107983503,394.0,655.0,262.0,262.0,40.5,596.5,7.9514945510284445,565.7750786254646,128.12999825385302,,1.0,0.0,0.0,1.0,1.0,0.7741935483870968,0.9004950920740763,719.0,749.0,31.0,31.0,23.0,519.5,878.6566039532133,483.6470862752804,91.25327108054874,64.0,48.66046052022792,15.048505448971556,-46.27507862546463,1.4041140305069546,0.6657294034957886,0.9190957546234131,0.0,0.0,0.0,0.0,1.0,1.0
SNPT-154,1,30.0,0.1326007441814142,0.9430139693948958,0.16195372750642673,1.0,0.9727272727272728,0.8483290488431876,0.915349069147399,0.0,388.0,389.0,389.0,957.0,562.0,1899.908731128391,540.1396621498919,124.08018741076276,30.0,0.1574943812791809,0.9591659506162008,0.09259259259259259,1.0,1.0,0.8888888888888888,0.8918899972405698,582.0,749.0,168.0,162.0,1907.5,567.5,1584.188706831022,602.158096670061,125.57663417629595,194.0,28.393933337125286,7.591268871608918,27.360337850108067,0.9880833980353992,0.9220817685127258,0.9663693904876709,1.0,0.0,0.0,1.0,0.0,1.0
SNPT-154,1,,1.0,0.0,0.0,1.0,1.0,1.0,0.8873204655117459,384.0,401.0,18.0,18.0,847.5,428.0,1714.5779694560144,452.86984610626394,90.68523599198176,,1.0,0.0,0.0,1.0,1.0,0.7741935483870968,0.9004950920740763,719.0,749.0,31.0,31.0,23.0,519.5,878.6566039532133,483.6470862752804,91.25327108054874,318.0,1692.889720022198,-1691.5779694560144,66.63015389373606,0.9937751810774478,0.7288740277290344,0.9749572277069092,0.0,0.0,0.0,1.0,0.0,1.0
SNPT-154,0,20.0,0.02757510174531954,0.9370063072027162,0.47601476014760147,0.0,0.7683397683397684,0.955719557195572,0.78418666193384,0.0,270.0,271.0,271.0,891.5,572.5,12.760245903153766,585.1726115865397,138.87836490152307,11.0,0.05238653841661289,0.9910926818847656,0.06666666666666667,1.0,1.0,0.8666666666666667,0.9031984347563523,735.0,749.0,15.0,15.0,15.0,724.5,264.34451930220393,688.2329387311754,117.83215079214096,465.0,139.34538980723252,2.2397540968462337,139.3273884134603,1.178611813226665,0.6632287502288818,0.922885000705719,0.0,1.0,1.0,0.0,1.0,0.0
SNPT-154,0,,1.0,0.0,0.0,1.0,1.0,0.9432314410480349,0.9158897352991281,0.0,272.0,273.0,229.0,386.5,542.5,11.097193976432415,579.118641298566,128.80506322857798,,1.0,0.0,0.0,,0.0,0.0,0.5664852350394919,405.0,590.0,186.0,186.0,9.5,520.5,7.2080103107269355,481.0554716182146,117.55614062284448,133.0,58.64039679511299,-1.5971939764324148,-58.61864129856599,1.0956897916700366,0.6101254224777222,0.9170447587966919,0.0,0.0,0.0,0.0,0.0,0.0
SNPT-154,0,40.0,0.2750785974352376,0.8395861907060757,0.28289473684210525,1.0,1.0,0.868421052631579,0.9140730917905316,0.0,303.0,304.0,304.0,590.0,540.5,25.181174493673986,528.9485192819712,131.06251103304606,,1.0,0.0,0.0,1.0,1.0,0.7741935483870968,0.9004950920740763,719.0,749.0,31.0,31.0,23.0,519.5,878.6566039532133,483.6470862752804,91.25327108054874,416.0,9.697011848690108,-2.1811744936739856,-9.448519281971244,1.4362500048612825,0.7190676927566528,0.9427227973937988,0.0,0.0,0.0,1.0,0.0,1.0
SNPT-154,0,40.0,0.2750785974352376,0.8395861907060757,0.28289473684210525,1.0,1.0,0.868421052631579,0.9140730917905316,0.0,303.0,304.0,304.0,590.0,540.5,25.181174493673986,528.9485192819712,131.06251103304606,23.0,0.17797372699715197,0.9631166458129883,0.015384615384615385,0.0,1.0,0.8769230769230769,0.8736896567177355,324.0,417.0,94.0,65.0,1899.5,559.5,1909.4751338956216,482.0827028856983,106.29362909006691,21.0,1874.5678042208763,1874.318825506326,30.551480718028756,1.233023203319095,0.7111412286758423,0.9302332401275635,0.0,1.0,0.0,0.0,1.0,1.0
SNPT-154,1,20.0,0.02539024934943062,0.9734782777928017,0.39572192513368987,0.0,1.0,0.8502673796791443,0.7910621462378112,400.0,586.0,187.0,187.0,14.5,676.5,12.337118399478797,592.0627744236264,139.91134614290954,,1.0,0.0,0.0,0.0,1.0,0.88,0.8513040488416498,725.0,749.0,25.0,25.0,53.5,619.5,824.9894925452479,607.4081720007241,121.74209022041741,139.0,49.469022316873605,41.1628816005212,27.437225576373635,1.1492438308689803,0.8756434321403503,0.9308634400367737,0.0,0.0,0.0,1.0,0.0,1.0
SNPT-154,1,3.0,0.0012202657291155723,0.9940880904595057,0.759493670886076,0.0,1.0,0.8670886075949367,0.8861607300104016,236.0,408.0,173.0,158.0,1905.0,763.5,1892.880566904984,559.9618632823535,135.8605202384958,3.0,0.0037027623295965467,0.9931131130041078,0.6277372262773723,0.0,1.0,0.8540145985401459,0.887581573592292,597.0,733.0,137.0,137.0,1897.0,735.0,1907.5141413114184,701.3145188581595,125.01743850646646,189.0,175.08660438368724,4.119433095015893,175.03813671764647,1.0867325539666093,0.9757082462310791,0.9966676831245422,1.0,0.0,1.0,1.0,0.0,1.0
SNPT-154,1,,1.0,0.0,0.0,1.0,1.0,0.9432314410480349,0.9158897352991281,0.0,272.0,273.0,229.0,386.5,542.5,11.097193976432415,579.118641298566,128.80506322857798,,1.0,0.0,0.0,1.0,1.0,0.875,0.9055678759302411,734.0,749.0,16.0,16.0,20.0,638.0,240.04045576434777,612.0260237074754,103.08549493787552,462.0,59.55060333548444,8.902806023567585,58.88135870143401,1.2494974516657493,0.8471298217773438,0.9643435478210449,0.0,0.0,0.0,1.0,0.0,1.0
SNPT-154,0,,1.0,0.0,0.0,1.0,0.6,1.0,0.8753457307815552,400.0,405.0,6.0,5.0,1887.9398925055452,428.7546967160745,1879.2091212486782,445.6284957210544,83.60590261071117,6.0,0.010715102716767433,0.9505136901962346,0.29591836734693877,0.0,0.9939759036144579,0.8469387755102041,0.8927555342754686,554.0,749.0,196.0,196.0,1904.0,774.5,1680.2595477071095,587.6380554256635,101.65936815400832,149.0,329.8045693982412,24.79087875132177,328.8715042789456,0.82241218029265,0.6547484993934631,0.9321842193603516,0.0,0.0,0.0,0.0,1.0,0.0
SNPT-154,1,6.0,0.010686779007661162,0.985415799337774,0.6820388349514563,0.0,1.0,0.8155339805825242,0.8885978660767987,0.0,411.0,412.0,412.0,1311.0,625.5,1903.8754946099177,669.8515791143584,155.88797676399125,6.0,0.010715102716767433,0.9505136901962346,0.29591836734693877,0.0,0.9939759036144579,0.8469387755102041,0.8927555342754686,554.0,749.0,196.0,196.0,1904.0,774.5,1680.2595477071095,587.6380554256635,101.65936815400832,143.0,104.64849495071847,0.12450539008227679,104.6484208856416,1.5334344448003019,0.9501579403877258,0.9511793851852417,1.0,0.0,1.0,1.0,0.0,1.0
SNPT-154,1,40.0,0.2750785974352376,0.8395861907060757,0.28289473684210525,1.0,1.0,0.868421052631579,0.9140730917905316,0.0,303.0,304.0,304.0,590.0,540.5,25.181174493673986,528.9485192819712,131.06251103304606,,1.0,0.0,0.0,1.0,1.0,0.8741007194244604,0.9011687202218138,381.0,658.0,278.0,278.0,13.473776614770046,535.5493038796169,13.918789060851811,515.1980903613842,121.4556463332416,78.0,13.439997113075606,-11.70739787890394,6.6007845976456565,1.0790977199482832,0.9240448474884033,0.9872046113014221,0.0,0.0,0.0,1.0,0.0,1.0
SNPT-154,1,28.0,0.008873909246245957,0.9734147666839131,0.28078817733990147,1.0,1.0,0.8669950738916257,0.9100245591253042,0.0,405.0,406.0,406.0,1146.5,504.5,1899.5603848752623,522.2838576237615,107.21473214855811,,1.0,0.0,0.0,1.0,1.0,0.875,0.9143727244365782,484.0,675.0,192.0,192.0,1911.0,527.0,15.323077233132317,486.8760292113392,100.27445607112315,79.0,12.373632979649878,11.439615124737657,4.716142376238508,1.069212802037164,0.9815782904624939,0.986944317817688,0.0,0.0,0.0,1.0,0.0,1.0
SNPT-154,0,,1.0,0.0,0.0,1.0,1.0,1.0,0.8873204655117459,384.0,401.0,18.0,18.0,847.5,428.0,1714.5779694560144,452.86984610626394,90.68523599198176,,1.0,0.0,0.0,,0.0,0.0,0.5664852350394919,405.0,590.0,186.0,186.0,9.5,520.5,7.2080103107269355,481.0554716182146,117.55614062284448,4.0,1706.4186823988819,-1705.0779694560144,67.63015389373606,0.7714206634507279,0.638534665107727,0.897372841835022,0.0,0.0,0.0,0.0,0.0,0.0
SNPT-154,1,10.0,0.037232477777771625,0.9621171527183973,0.4375,0.0,0.9914040114613181,0.8389423076923077,0.8429523976279535,0.0,415.0,416.0,416.0,1094.0,576.5,1899.6114524550328,488.90945224724544,121.77546069785568,,1.0,0.0,0.0,0.0,1.0,0.923469387755102,0.8480538254943342,554.0,749.0,196.0,196.0,1903.5,515.0,1211.9656680248409,504.49289064031325,101.2951310868603,139.0,26.378731661098424,3.888547544967196,26.09054775275456,1.202184738706084,0.9573118090629578,0.9710739254951477,0.0,0.0,0.0,1.0,0.0,1.0
SNPT-154,0,20.0,0.08420236960610869,0.8974237840157002,0.42244224422442245,0.0,0.608540925266904,0.9273927392739274,0.8311001128149202,0.0,316.0,317.0,303.0,1062.5,592.0,14.968520847029943,496.6922380578759,132.56995689261748,,1.0,0.0,0.0,1.0,1.0,0.9337748344370861,0.9215949401787832,583.0,733.0,151.0,151.0,1893.0,536.0,1900.5251862297969,562.0012033933947,101.70241844000488,267.0,1878.4427957322498,1878.03147915297,39.3077619421241,1.30350840153149,0.7336717844009399,0.9576531648635864,0.0,0.0,0.0,0.0,1.0,0.0
SNPT-154,0,40.0,0.2750785974352376,0.8395861907060757,0.28289473684210525,1.0,1.0,0.868421052631579,0.9140730917905316,0.0,303.0,304.0,304.0,590.0,540.5,25.181174493673986,528.9485192819712,131.06251103304606,,1.0,0.0,0.0,1.0,1.0,0.8461538461538461,0.9024705209515311,724.0,749.0,26.0,26.0,14.0,619.5,762.1427190841707,567.9059167628369,112.85891725143532,421.0,91.23918743218573,-11.181174493673986,90.55148071802876,1.1612951304597001,0.8170567750930786,0.9519474506378174,0.0,0.0,0.0,1.0,0.0,1.0
SNPT-154,1,9.0,0.0749168757737537,0.9062193839921864,0.36454849498327757,0.0,0.9706959706959707,0.9130434782608695,0.8471858285285614,0.0,298.0,299.0,299.0,725.5,599.0,17.113339983024325,514.4590428549394,112.79810468661388,,1.0,0.0,0.0,0.0,0.9868995633187773,0.8544776119402985,0.852271397040921,388.0,656.0,269.0,268.0,14.5,597.0,7.305657040180428,511.16115365778626,113.65217221394252,90.0,82.58231743109175,-2.613339983024325,82.54095714506059,0.9924852511774178,0.9307804703712463,0.9684418439865112,0.0,0.0,0.0,1.0,0.0,1.0
SNPT-154,0,9.0,0.0749168757737537,0.9062193839921864,0.36454849498327757,0.0,0.9706959706959707,0.9130434782608695,0.8471858285285614,0.0,298.0,299.0,299.0,725.5,599.0,17.113339983024325,514.4590428549394,112.79810468661388,,1.0,0.0,0.0,1.0,1.0,0.9337748344370861,0.9215949401787832,583.0,733.0,151.0,151.0,1893.0,536.0,1900.5251862297969,562.0012033933947,101.70241844000488,285.0,1876.0103342104408,1875.8866600169756,21.540957145060588,1.1090995319167798,0.660010576248169,0.9277870655059814,0.0,0.0,0.0,0.0,1.0,1.0
SNPT-155,1,3.0,0.036723390311303,0.9654217234679631,0.6774193548387096,1.0,1.0,0.9193548387096774,0.8826114179795248,0.0,61.0,62.0,62.0,938.5,753.5,10.936236551165205,957.6774737438429,188.779198994502,3.0,0.013231086638188571,0.9952808225154877,0.5319148936170213,1.0,1.0,0.7659574468085106,0.7602769980827967,131.0,224.0,94.0,94.0,157.0,1063.5,269.9482542575932,1063.2553837609064,106.06648091689478,70.0,180.36914940219745,146.0637634488348,105.82252625615706,1.7798195750683414,0.9158870577812195,0.9050996899604797,1.0,0.0,1.0,1.0,0.0,1.0
SNPT-155,1,3.0,0.036723390311303,0.9654217234679631,0.6774193548387096,1.0,1.0,0.9193548387096774,0.8826114179795248,0.0,61.0,62.0,62.0,938.5,753.5,10.936236551165205,957.6774737438429,188.779198994502,3.0,0.00848121031248663,0.9943878430695761,0.4827586206896552,1.0,1.0,0.7816091954022989,0.8231504682232352,375.0,548.0,174.0,174.0,1903.0,1069.0,1905.1490596523038,1022.9136114341457,180.1742880473413,314.0,1895.3358514543593,1892.0637634488348,111.32252625615706,1.047758817533941,0.9088780283927917,0.9636791348457336,1.0,0.0,1.0,1.0,0.0,1.0
SNPT-155,1,9.0,0.06401057531729748,0.9849370270967484,0.037383177570093455,1.0,0.90625,0.897196261682243,0.8422680497169495,0.0,108.0,109.0,107.0,682.5,286.5,10.103662899710905,494.90049202452514,86.62702107081141,9.0,0.007651384126802441,0.9989746063947678,0.008733624454148471,1.0,1.0,0.8187772925764192,0.846232704480489,292.0,749.0,458.0,458.0,11.5,569.5,1879.6541372162842,496.2072918644105,116.20158319116322,184.0,74.61257499564387,1.3963371002890952,74.59950797547486,0.7454891636743133,0.9278149008750916,0.9815216064453125,1.0,0.0,1.0,1.0,0.0,1.0
SNPT-155,0,14.0,0.01565060341259495,0.9906910063642445,0.8333333333333334,1.0,1.0,0.9040404040404041,0.863463149723394,0.0,197.0,198.0,198.0,815.5,566.0,12.149786330775218,601.6224669890266,130.07222941002405,1.0,0.6534266173839569,0.7308578372001648,0.011135857461024499,0.0,1.0,0.7438752783964365,0.7737716962834318,301.0,749.0,449.0,449.0,13.5,577.5,1099.7969663880617,642.7476184285274,134.75665238556306,104.0,24.16022538365984,1.3502136692247824,-24.122466989026634,0.9652379092786008,0.7500559091567993,0.8907039165496826,0.0,1.0,0.0,0.0,1.0,1.0
SNPT-155,0,11.0,0.5726551120169461,0.8596023619174957,0.07692307692307693,0.0,1.0,0.8846153846153846,0.8429076982581097,0.0,25.0,26.0,26.0,295.5,548.0,11.780810468563315,566.2654713423182,138.37365172974543,14.0,0.001456700847775584,0.9997676739209815,0.7181818181818181,1.0,1.0,0.8227272727272728,0.7540444440275266,310.0,749.0,440.0,440.0,6.5,608.0,924.4523078622482,664.4696764966325,139.63820778182998,285.0,42.06730133350313,-5.280810468563315,41.734528657681835,0.9909440541226346,0.6238657832145691,0.8054636716842651,0.0,1.0,0.0,0.0,1.0,1.0
SNPT-155,0,22.0,0.012452896518632108,0.9981148351322521,0.10185185185185185,0.0,0.87,0.9259259259259259,0.8704221665859222,0.0,107.0,108.0,108.0,526.0,297.5,26.20691045123438,493.32571901959585,93.88436092433246,3.0,0.013231086638188571,0.9952808225154877,0.5319148936170213,1.0,1.0,0.7659574468085106,0.7602769980827967,131.0,224.0,94.0,94.0,157.0,1063.5,269.9482542575932,1063.2553837609064,106.06648091689478,24.0,584.9833698193755,130.79308954876564,570.1742809804041,0.8851463734136022,0.6704646944999695,0.8395978808403015,0.0,1.0,1.0,0.0,1.0,0.0
SNPT-155,0,11.0,0.5726551120169461,0.8596023619174957,0.07692307692307693,0.0,1.0,0.8846153846153846,0.8429076982581097,0.0,25.0,26.0,26.0,295.5,548.0,11.780810468563315,566.2654713423182,138.37365172974543,3.0,0.00848121031248663,0.9943878430695761,0.4827586206896552,1.0,1.0,0.7816091954022989,0.8231504682232352,375.0,548.0,174.0,174.0,1903.0,1069.0,1905.1490596523038,1022.9136114341457,180.1742880473413,350.0,1956.8985740596281,1891.2191895314368,502.73452865768184,0.7679988816905294,0.7100702524185181,0.8771458268165588,0.0,1.0,0.0,0.0,1.0,1.0
SNPT-155,0,3.0,0.036723390311303,0.9654217234679631,0.6774193548387096,1.0,1.0,0.9193548387096774,0.8826114179795248,0.0,61.0,62.0,62.0,938.5,753.5,10.936236551165205,957.6774737438429,188.779198994502,25.0,0.0020724988444449366,0.9983590199397161,0.4961832061068702,1.0,1.0,0.8244274809160306,0.861162820899928,136.0,310.0,175.0,131.0,1908.5,510.0,1912.0962634106645,675.5853799887745,106.99649982303058,75.0,1949.6572408635766,1897.5637634488348,-447.67747374384294,1.7643492946660673,0.7514944076538086,0.97865891456604,0.0,1.0,1.0,1.0,0.0,1.0
SNPT-155,1,14.0,0.01565060341259495,0.9906910063642445,0.8333333333333334,1.0,1.0,0.9040404040404041,0.863463149723394,0.0,197.0,198.0,198.0,815.5,566.0,12.149786330775218,601.6224669890266,130.07222941002405,14.0,0.001456700847775584,0.9997676739209815,0.7181818181818181,1.0,1.0,0.8227272727272728,0.7540444440275266,310.0,749.0,440.0,440.0,6.5,608.0,924.4523078622482,664.4696764966325,139.63820778182998,113.0,8.52015333720406,-5.649786330775218,6.377533010973366,0.9314945492085392,0.9299210906028748,0.9444711804389954,1.0,0.0,1.0,1.0,0.0,1.0
SNPT-155,0,,1.0,0.0,0.0,1.0,1.0,0.7666666666666667,0.8534394450809645,35.0,65.0,31.0,30.0,1912.0,385.0,1908.824034816032,481.35700074788815,129.05280639690977,1.0,0.07307147230936348,0.8761012069880962,0.11188811188811189,0.0,1.0,0.009324009324009324,0.575312671161467,321.0,749.0,429.0,429.0,11.5,515.0,609.5562753990678,487.30794369228386,108.07337376006166,256.0,1897.6222870975312,-1897.324034816032,33.64299925211185,1.1941221219152967,0.5704190731048584,0.920688271522522,0.0,0.0,0.0,0.0,1.0,1.0
SNPT-155,1,22.0,0.012452896518632108,0.9981148351322521,0.10185185185185185,0.0,0.87,0.9259259259259259,0.8704221665859222,0.0,107.0,108.0,108.0,526.0,297.5,26.20691045123438,493.32571901959585,93.88436092433246,22.0,0.012730136198587075,0.9828370344554279,0.2660377358490566,0.0,0.9977220956719818,0.8283018867924529,0.8610723693441421,187.0,716.0,530.0,530.0,9.5,439.5,1912.2906412955122,453.68695420093457,120.27571607445556,80.0,56.358929060105886,-16.70691045123438,-53.82571901959585,0.780576195997987,0.9555761218070984,0.9882816076278687,1.0,0.0,1.0,1.0,0.0,0.0
SNPT-155,1,3.0,0.013231086638188571,0.9952808225154877,0.5319148936170213,1.0,1.0,0.7659574468085106,0.7602769980827967,131.0,224.0,94.0,94.0,157.0,1063.5,269.9482542575932,1063.2553837609064,106.06648091689478,3.0,0.00848121031248663,0.9943878430695761,0.4827586206896552,1.0,1.0,0.7816091954022989,0.8231504682232352,375.0,548.0,174.0,174.0,1903.0,1069.0,1905.1490596523038,1022.9136114341457,180.1742880473413,151.0,1633.0618496823863,1633.0517457424069,5.744616239093602,0.5886882199807861,0.8724643588066101,0.9594491720199585,1.0,0.0,1.0,1.0,0.0,1.0
SNPT-155,0,11.0,0.5726551120169461,0.8596023619174957,0.07692307692307693,0.0,1.0,0.8846153846153846,0.8429076982581097,0.0,25.0,26.0,26.0,295.5,548.0,11.780810468563315,566.2654713423182,138.37365172974543,3.0,0.013231086638188571,0.9952808225154877,0.5319148936170213,1.0,1.0,0.7659574468085106,0.7602769980827967,131.0,224.0,94.0,94.0,157.0,1063.5,269.9482542575932,1063.2553837609064,106.06648091689478,106.0,518.0065535276502,145.21918953143668,497.23452865768184,1.3045935957672055,0.6643390655517578,0.8078467845916748,0.0,1.0,0.0,0.0,1.0,1.0
SNPT-155,0,55.0,0.023153390664292662,0.993738785097676,0.670995670995671,1.0,1.0,0.922077922077922,0.8437498967412492,0.0,230.0,231.0,231.0,1708.5,593.0,1912.9895574464126,637.1291671415131,143.20049781509857,14.0,0.001456700847775584,0.9997676739209815,0.7181818181818181,1.0,1.0,0.8227272727272728,0.7540444440275266,310.0,749.0,440.0,440.0,6.5,608.0,924.4523078622482,664.4696764966325,139.63820778182998,80.0,1906.7120760698444,-1906.4895574464126,-29.129167141513108,1.0255108547284872,0.8368802070617676,0.9569027423858643,0.0,1.0,1.0,1.0,0.0,1.0
SNPT-155,1,11.0,0.5726551120169461,0.8596023619174957,0.07692307692307693,0.0,1.0,0.8846153846153846,0.8429076982581097,0.0,25.0,26.0,26.0,295.5,548.0,11.780810468563315,566.2654713423182,138.37365172974543,1.0,0.6534266173839569,0.7308578372001648,0.011135857461024499,0.0,1.0,0.7438752783964365,0.7737716962834318,301.0,749.0,449.0,449.0,13.5,577.5,1099.7969663880617,642.7476184285274,134.75665238556306,276.0,11.36530891816302,1.719189531436685,11.234528657681835,1.0268409705951547,0.7982689738273621,0.8776884078979492,0.0,1.0,0.0,1.0,0.0,1.0
SNPT-155,1,,1.0,0.0,0.0,1.0,1.0,0.7666666666666667,0.8534394450809645,35.0,65.0,31.0,30.0,1912.0,385.0,1908.824034816032,481.35700074788815,129.05280639690977,25.0,0.0020724988444449366,0.9983590199397161,0.4961832061068702,1.0,1.0,0.8244274809160306,0.861162820899928,136.0,310.0,175.0,131.0,1908.5,510.0,1912.0962634106645,675.5853799887745,106.99649982303058,71.0,28.64483207698172,-0.32403481603205364,28.64299925211185,1.2061404495507775,0.9212079048156738,0.9778995513916016,0.0,0.0,0.0,1.0,0.0,1.0
SNPT-156,0,,1.0,0.0,0.0,1.0,1.0,0.7688172043010753,0.830069331439225,0.0,185.0,186.0,186.0,189.5,643.5,12.61313625540308,751.8732082385075,123.74716873216265,6.0,0.03849858318130578,0.9778721755550753,0.5027027027027027,1.0,1.0,0.9567567567567568,0.8375440085001584,396.0,580.0,185.0,185.0,1892.0,703.0,1908.4409206560586,724.0641484124423,151.79820030829154,211.0,1880.022227022669,1879.386863744597,-48.87320823850746,0.815208404848284,0.8772258758544922,0.9889075756072998,0.0,0.0,0.0,1.0,0.0,1.0
SNPT-156,1,6.0,5.3614213750089824e-05,0.9999958810706934,0.3018867924528302,1.0,1.0,0.9465408805031447,0.8309377853656528,0.0,317.0,318.0,318.0,1684.5,552.0,1905.6485948268273,792.4139561459759,142.52817119904498,6.0,0.03849858318130578,0.9778721755550753,0.5027027027027027,1.0,1.0,0.9567567567567568,0.8375440085001584,396.0,580.0,185.0,185.0,1892.0,703.0,1908.4409206560586,724.0641484124423,151.79820030829154,79.0,90.4496528153724,-13.64859482682732,-89.41395614597593,0.9389318905598368,0.8895998001098633,0.9840619564056396,1.0,0.0,1.0,1.0,0.0,1.0
SNPT-156,0,,1.0,0.0,0.0,1.0,1.0,0.7688172043010753,0.830069331439225,0.0,185.0,186.0,186.0,189.5,643.5,12.61313625540308,751.8732082385075,123.74716873216265,30.0,0.24609325723693473,0.8649315569760665,0.21285140562248997,0.0,1.0,0.9036144578313253,0.8686207175254822,375.0,623.0,249.0,249.0,1907.5,608.0,1897.4634273682295,701.2278214413986,132.25911157564437,190.0,1900.3409500509838,1894.886863744597,-143.87320823850746,0.9356419172783162,0.585475504398346,0.9037904143333435,0.0,0.0,0.0,0.0,1.0,1.0
SNPT-156,1,,1.0,0.0,0.0,1.0,1.0,0.7688172043010753,0.830069331439225,0.0,185.0,186.0,186.0,189.5,643.5,12.61313625540308,751.8732082385075,123.74716873216265,14.0,0.0004427640197563348,0.9976311458169289,0.7969924812030075,1.0,1.0,0.9360902255639098,0.7965268540573887,484.0,749.0,266.0,266.0,14.0,712.5,1126.94344890817,540.2595018752667,127.33506815894468,299.0,39.39762579190463,1.3868637445969192,-39.37320823850746,0.9718231632600732,0.8305266499519348,0.9526417851448059,0.0,0.0,0.0,1.0,0.0,1.0
SNPT-156,0,55.0,0.19594216737459647,0.938698947429657,0.00980392156862745,1.0,0.9221698113207547,0.8313725490196079,0.8467026781642212,0.0,509.0,510.0,510.0,1786.0,479.5,1895.327000775952,669.029367416801,110.2597219938026,,1.0,0.0,0.0,1.0,1.0,0.8,0.8618845045566559,624.0,628.0,5.0,5.0,1902.5558389863888,701.0365135232554,1902.3363349786578,700.7915923292521,133.8753771234944,115.0,32.813312904255596,7.228838210436834,32.00714610645434,0.8235997116339971,0.7762649059295654,0.9178098440170288,0.0,0.0,0.0,1.0,0.0,1.0
SNPT-156,1,30.0,0.04041797019426322,0.9780994737849517,0.3003533568904594,0.0,1.0,0.9363957597173145,0.8722833880838358,0.0,282.0,283.0,283.0,1606.0,519.0,1900.8021055805316,609.5578746139818,120.6202175868346,30.0,0.24609325723693473,0.8649315569760665,0.21285140562248997,0.0,1.0,0.9036144578313253,0.8686207175254822,375.0,623.0,249.0,249.0,1907.5,608.0,1897.4634273682295,701.2278214413986,132.25911157564437,93.0,6.876682555363082,6.697894419468412,-1.5578746139817667,0.9119993031092378,0.9157564640045166,0.9921014904975891,1.0,0.0,0.0,1.0,0.0,1.0
SNPT-156,0,20.0,0.04071996737379609,0.914664551615715,0.06477732793522267,1.0,0.9569160997732427,0.8927125506072875,0.8513272803386593,0.0,493.0,494.0,494.0,1352.5,465.5,1905.6454753875837,677.3987939469612,129.7187843113535,,1.0,0.0,0.0,1.0,1.0,0.8,0.8618845045566559,624.0,628.0,5.0,5.0,1902.5558389863888,701.0365135232554,1902.3363349786578,700.7915923292521,133.8753771234944,131.0,23.838784362024654,-3.0896364011948663,23.637719576294216,0.9689517751400497,0.7412427663803101,0.9087466597557068,0.0,0.0,0.0,1.0,0.0,1.0
SNPT-156,1,30.0,0.24609325723693473,0.8649315569760665,0.21285140562248997,0.0,1.0,0.9036144578313253,0.8686207175254822,375.0,623.0,249.0,249.0,1907.5,608.0,1897.4634273682295,701.2278214413986,132.25911157564437,,1.0,0.0,0.0,1.0,1.0,0.8,0.8618845045566559,624.0,628.0,5.0,5.0,1902.5558389863888,701.0365135232554,1902.3363349786578,700.7915923292521,133.8753771234944,1.0,5.096003807721121,5.0924116181593035,-0.1913079181432522,0.9879270887404553,0.693192720413208,0.8643474578857422,0.0,0.0,0.0,0.0,1.0,1.0
SNPT-156,1,30.0,0.04041797019426322,0.9780994737849517,0.3003533568904594,0.0,1.0,0.9363957597173145,0.8722833880838358,0.0,282.0,283.0,283.0,1606.0,519.0,1900.8021055805316,609.5578746139818,120.6202175868346,,1.0,0.0,0.0,1.0,1.0,0.8,0.8618845045566559,624.0,628.0,5.0,5.0,1902.5558389863888,701.0365135232554,1902.3363349786578,700.7915923292521,133.8753771234944,342.0,91.49544774223519,1.753733405857247,91.47863890927363,0.9009888164540335,0.6794865131378174,0.868004322052002,0.0,0.0,0.0,0.0,1.0,1.0
SNPT-156,0,25.0,0.0034677955441309123,0.9735053417583307,0.07973421926910298,1.0,0.8871595330739299,0.8538205980066446,0.8822456795417845,0.0,300.0,301.0,301.0,1501.0,472.5,1884.2428436744117,591.2579179229493,115.79663180643772,24.0,0.4549828738134336,0.8079497125241664,0.3333333333333333,1.0,1.0,0.8831168831168831,0.842771443081837,399.0,629.0,231.0,231.0,1902.0,533.5,1903.1892141579,618.767043821495,121.12046412314066,99.0,60.42593552081368,17.757156325588312,-57.75791792294933,0.9560451460019975,0.7250628471374512,0.9869968891143799,0.0,1.0,0.0,1.0,0.0,0.0
SNPT-157,1,26.0,0.08661633315861526,0.9352152126806753,0.09642857142857143,0.0,1.0,0.8857142857142857,0.9031645232631315,172.0,451.0,280.0,280.0,1907.5,482.0,1773.6740980170375,456.1358746214213,95.36998232176511,26.0,0.1625022164350542,0.9120369156201681,0.8181818181818182,0.0,1.0,0.8181818181818182,0.9441150294409858,739.0,749.0,11.0,11.0,1906.5,522.0,1839.3805322936844,510.36302172138073,116.50029507637284,288.0,148.25924338628164,132.82590198296248,65.8641253785787,0.8186243842493656,0.9062973260879517,0.9836723208427429,1.0,0.0,0.0,1.0,0.0,1.0
SNPT-157,0,9.0,0.06891791796646257,0.9639647416214445,0.3383838383838384,1.0,0.994413407821229,0.9040404040404041,0.854373445390989,237.0,434.0,198.0,198.0,1910.5,676.5,1876.9734078563342,489.10101852346173,127.06157458635846,,1.0,0.0,0.0,,0.0,0.0,0.5461360874564148,447.0,749.0,303.0,303.0,23.0,372.5,645.7974137253987,471.60687211317475,70.42302627657243,13.0,1857.6364538195137,-1853.9734078563342,-116.60101852346173,1.8042617777791798,0.6586977243423462,0.9125621318817139,0.0,0.0,0.0,0.0,0.0,0.0
SNPT-157,1,,1.0,0.0,0.0,0.0,0.8947368421052632,0.76,0.8276070889673734,46.0,71.0,26.0,25.0,1913.5,441.5,1913.890246308511,459.1236813704372,60.431686541546725,26.0,0.1625022164350542,0.9120369156201681,0.8181818181818182,0.0,1.0,0.8181818181818182,0.9441150294409858,739.0,749.0,11.0,11.0,1906.5,522.0,1839.3805322936844,510.36302172138073,116.50029507637284,668.0,63.30913982125143,-7.390246308510996,62.876318629562775,0.5187256092521498,0.7557523846626282,0.9140957593917847,0.0,0.0,0.0,1.0,0.0,0.0
SNPT-157,0,14.0,0.027448442152970765,0.9696790404984208,0.47843137254901963,0.0,1.0,0.7411764705882353,0.8913646649431299,0.0,284.0,285.0,255.0,955.0,496.5,6.9547492913044735,739.4275822046508,102.19475596244114,30.0,0.0770971945648753,0.9610356116781429,0.8235294117647058,1.0,1.0,0.9411764705882353,0.8649357184767723,631.0,749.0,119.0,119.0,1905.5,756.5,1313.7187594510347,583.5230344388292,137.89055146360184,347.0,1898.6220098897838,1898.5452507086954,17.072417795349224,0.7411295036369253,0.6160995364189148,0.9186947345733643,0.0,1.0,1.0,0.0,1.0,1.0
SNPT-157,1,,1.0,0.0,0.0,1.0,1.0,0.9393939393939394,0.7979654835597161,0.0,263.0,264.0,264.0,280.0,494.0,9.987269044538886,644.9603883005547,106.77856112904846,5.0,0.041779433318879455,0.9607511288241336,0.06031746031746032,1.0,1.0,0.8952380952380953,0.8783354892375621,435.0,749.0,315.0,315.0,28.0,575.5,1011.2136369645676,510.6408297435013,95.402029348341,172.0,71.757954397667,18.012730955461116,-69.46038830055465,1.1192483205904182,0.9164178371429443,0.9733123779296875,0.0,0.0,0.0,1.0,0.0,1.0
SNPT-157,1,10.0,0.035048249286514226,0.9730868298431923,0.13004484304932734,1.0,1.0,0.8789237668161435,0.8601593134962783,217.0,441.0,225.0,223.0,1897.5,994.5,1914.745983386702,819.2465068067363,141.8075018637734,10.0,0.05239913420407645,0.9737874131453664,0.7480314960629921,1.0,1.0,0.8110236220472441,0.8132371954547549,623.0,749.0,127.0,127.0,1902.0,1051.5,679.3583740709169,970.0287238592929,162.47190014614387,182.0,232.60297760984804,-12.745983386701937,232.2534931932637,0.8728124785653225,0.8877118825912476,0.9448955059051514,1.0,0.0,1.0,1.0,0.0,1.0
SNPT-157,0,,1.0,0.0,0.0,,0.0,0.0,0.5506472808221428,0.0,204.0,205.0,205.0,683.0,346.0,19.22462201614249,422.1092444112128,71.26591192052065,30.0,0.0770971945648753,0.9610356116781429,0.8235294117647058,1.0,1.0,0.9411764705882353,0.8649357184767723,631.0,749.0,119.0,119.0,1905.5,756.5,1313.7187594510347,583.5230344388292,137.89055146360184,427.0,1915.6857725136929,1886.2753779838574,334.3907555887872,0.516829551873482,0.6106494069099426,0.9013616442680359,0.0,0.0,0.0,0.0,0.0,0.0
SNPT-157,0,,1.0,0.0,0.0,0.0,0.8947368421052632,0.76,0.8276070889673734,46.0,71.0,26.0,25.0,1913.5,441.5,1913.890246308511,459.1236813704372,60.431686541546725,14.0,0.0019134988084548337,0.9937767939711059,0.7035830618892508,0.0,1.0,0.7980456026058632,0.8988385397560742,443.0,749.0,307.0,307.0,26.0,790.5,794.6153183999756,519.570186054719,116.9968159398879,372.0,1916.7524218467267,-1887.890246308511,331.3763186295628,0.5165241981678893,0.7736868858337402,0.9016240239143372,0.0,0.0,0.0,1.0,0.0,0.0
SNPT-157,1,,1.0,0.0,0.0,0.0,1.0,0.7509881422924901,0.8989033946865483,207.0,459.0,253.0,253.0,1909.5,583.0,1895.6978642343356,565.3087469181488,94.27013330702582,10.0,0.00607232255533745,0.9988223552703858,0.47619047619047616,0.0,1.0,0.8809523809523809,0.8927499901604008,666.0,749.0,84.0,84.0,1903.5,602.0,1493.0460635983363,570.4714095577772,119.0230403769662,207.0,37.51161653704508,7.802135765664389,36.69125308185119,0.7920326434987401,0.8734724521636963,0.9865632057189941,0.0,0.0,0.0,1.0,0.0,1.0
SNPT-157,1,3.0,0.007333750112612354,0.9957201549162468,0.4528301886792453,0.0,1.0,0.8867924528301887,0.8737685829401016,229.0,440.0,212.0,212.0,1909.5,898.0,1900.3713529456081,848.2155205656964,137.3318190094591,3.0,0.013260512811989242,0.9853559823830923,0.847457627118644,0.0,1.0,0.8926553672316384,0.8901796340942383,507.0,683.0,177.0,177.0,1400.5,1041.5,10.031203708809493,607.3262560655874,123.39220480000152,67.0,535.9386713849473,-499.8713529456081,193.28447943430365,1.1129699743355053,0.952054500579834,0.985405683517456,1.0,0.0,1.0,1.0,0.0,1.0
SNPT-157,0,,1.0,0.0,0.0,,0.0,0.0,0.5506472808221428,0.0,204.0,205.0,205.0,683.0,346.0,19.22462201614249,422.1092444112128,71.26591192052065,10.0,0.00607232255533745,0.9988223552703858,0.47619047619047616,0.0,1.0,0.8809523809523809,0.8927499901604008,666.0,749.0,84.0,84.0,1903.5,602.0,1493.0460635983363,570.4714095577772,119.0230403769662,462.0,1892.8429369661164,1884.2753779838574,179.89075558878721,0.5987572800594692,0.5935443639755249,0.9249489903450012,0.0,0.0,0.0,0.0,0.0,0.0
SNPT-157,1,,1.0,0.0,0.0,,0.0,0.0,0.5506472808221428,0.0,204.0,205.0,205.0,683.0,346.0,19.22462201614249,422.1092444112128,71.26591192052065,,1.0,0.0,0.0,,0.0,0.0,0.5461360874564148,447.0,749.0,303.0,303.0,23.0,372.5,645.7974137253987,471.60687211317475,70.42302627657243,243.0,49.75269449961924,3.77537798385751,-49.609244411212785,1.011968892683452,0.9732376933097839,0.9889304637908936,0.0,0.0,0.0,0.0,0.0,0.0
SNPT-157,1,,1.0,0.0,0.0,1.0,1.0,0.9298245614035088,0.8300039067208392,0.0,341.0,342.0,342.0,1538.0,423.5,10.141192821424724,607.3948038176034,102.53049297600636,11.0,0.1906125796806085,0.9311413168907166,0.04229607250755287,1.0,1.0,0.9637462235649547,0.893126065080816,419.0,749.0,331.0,331.0,15.5,526.0,294.591151126526,569.398579907279,113.60827799393405,78.0,81.57101754228206,5.358807178575276,-81.39480381760336,0.9024913922335908,0.9079631567001343,0.9784213304519653,0.0,0.0,0.0,1.0,0.0,1.0
SNPT-157,1,,1.0,0.0,0.0,0.0,1.0,0.8233438485804416,0.8827754106101405,0.0,316.0,317.0,317.0,1563.5,360.0,16.36639100352823,410.5879282183609,71.10948594901016,9.0,0.0015396381172144578,0.9586106447073129,0.04100946372239748,0.0,1.0,0.832807570977918,0.8952675418871822,433.0,749.0,317.0,317.0,30.5,313.5,445.33747145878226,548.5750403042313,84.06046092941561,117.0,98.11128736796162,14.133608996471771,-97.0879282183609,0.8459326199593385,0.9673516750335693,0.9905306100845337,0.0,0.0,0.0,1.0,0.0,1.0
SNPT-157,1,11.0,0.023607653423119344,0.9915247002527827,0.5915492957746479,1.0,1.0,0.9859154929577465,0.7954469780836787,0.0,283.0,284.0,284.0,617.5,891.5,12.241898328986078,775.3215643003704,175.55782359858497,29.0,0.046227652063145906,0.9802360288929521,0.3584905660377358,1.0,1.0,0.8584905660377359,0.8908493224081102,432.0,749.0,318.0,318.0,20.5,825.0,878.3816750829205,540.4143352796656,116.33865434028908,149.0,50.360135194129874,8.258101671013922,49.67843569962963,1.5090240178047838,0.86443692445755,0.9658828973770142,0.0,1.0,1.0,1.0,0.0,1.0
SNPT-157,0,,1.0,0.0,0.0,0.0,1.0,0.7509881422924901,0.8989033946865483,207.0,459.0,253.0,253.0,1909.5,583.0,1895.6978642343356,565.3087469181488,94.27013330702582,3.0,0.013260512811989242,0.9853559823830923,0.847457627118644,0.0,1.0,0.8926553672316384,0.8901796340942383,507.0,683.0,177.0,177.0,1400.5,1041.5,10.031203708809493,607.3262560655874,123.39220480000152,48.0,687.0073029116293,-495.1978642343356,476.1912530818512,0.7639877531957728,0.8945223093032837,0.9702824354171753,0.0,0.0,0.0,1.0,0.0,1.0
SNPT-157,0,,1.0,0.0,0.0,1.0,1.0,0.9298245614035088,0.8300039067208392,0.0,341.0,342.0,342.0,1538.0,423.5,10.141192821424724,607.3948038176034,102.53049297600636,3.0,0.013260512811989242,0.9853559823830923,0.847457627118644,0.0,1.0,0.8926553672316384,0.8901796340942383,507.0,683.0,177.0,177.0,1400.5,1041.5,10.031203708809493,607.3262560655874,123.39220480000152,166.0,1456.5524137673824,1390.3588071785753,434.10519618239664,0.8309316876393564,0.685550332069397,0.9309078454971313,0.0,0.0,0.0,0.0,1.0,1.0
SNPT-157,1,14.0,0.027448442152970765,0.9696790404984208,0.47843137254901963,0.0,1.0,0.7411764705882353,0.8913646649431299,0.0,284.0,285.0,255.0,955.0,496.5,6.9547492913044735,739.4275822046508,102.19475596244114,14.0,0.0019134988084548337,0.9937767939711059,0.7035830618892508,0.0,1.0,0.7980456026058632,0.8988385397560742,443.0,749.0,307.0,307.0,26.0,790.5,794.6153183999756,519.570186054719,116.9968159398879,159.0,54.50792083743217,19.045250708695526,51.072417795349224,0.8734832238079714,0.9592899084091187,0.9849852323532104,1.0,0.0,1.0,1.0,0.0,1.0
SNPT-157,0,,1.0,0.0,0.0,1.0,1.0,0.8617511520737328,0.8051859165895432,227.0,448.0,222.0,217.0,1908.0,499.5,1881.846020284941,392.6561932508523,81.37075069170356,3.0,0.013260512811989242,0.9853559823830923,0.847457627118644,0.0,1.0,0.8926553672316384,0.8901796340942383,507.0,683.0,177.0,177.0,1400.5,1041.5,10.031203708809493,607.3262560655874,123.39220480000152,59.0,807.8937286554935,-481.346020284941,648.8438067491477,0.6594480650020977,0.6935876607894897,0.9212921857833862,0.0,0.0,0.0,0.0,1.0,1.0
SNPT-157,0,,1.0,0.0,0.0,,0.0,0.0,0.5506472808221428,0.0,204.0,205.0,205.0,683.0,346.0,19.22462201614249,422.1092444112128,71.26591192052065,,1.0,0.0,0.0,1.0,1.0,0.8617511520737328,0.8051859165895432,227.0,448.0,222.0,217.0,1908.0,499.5,1881.846020284941,392.6561932508523,81.37075069170356,23.0,1890.3602189870232,1888.7753779838574,77.39075558878721,0.8758173092261617,0.6045538783073425,0.8922958970069885,0.0,0.0,0.0,0.0,0.0,0.0
SNPT-157,0,3.0,0.007333750112612354,0.9957201549162468,0.4528301886792453,0.0,1.0,0.8867924528301887,0.8737685829401016,229.0,440.0,212.0,212.0,1909.5,898.0,1900.3713529456081,848.2155205656964,137.3318190094591,10.0,0.00607232255533745,0.9988223552703858,0.47619047619047616,0.0,1.0,0.8809523809523809,0.8927499901604008,666.0,749.0,84.0,84.0,1903.5,602.0,1493.0460635983363,570.4714095577772,119.0230403769662,226.0,246.23539753623524,3.1286470543918767,-246.21552056569635,1.1538254994537689,0.7262576818466187,0.9552376866340637,0.0,1.0,1.0,1.0,0.0,1.0
SNPT-157,0,14.0,0.027448442152970765,0.9696790404984208,0.47843137254901963,0.0,1.0,0.7411764705882353,0.8913646649431299,0.0,284.0,285.0,255.0,955.0,496.5,6.9547492913044735,739.4275822046508,102.19475596244114,9.0,0.0015396381172144578,0.9586106447073129,0.04100946372239748,0.0,1.0,0.832807570977918,0.8952675418871822,433.0,749.0,317.0,317.0,30.5,313.5,445.33747145878226,548.5750403042313,84.06046092941561,149.0,426.57787579014797,23.545250708695526,-425.9275822046508,1.2157291886402173,0.850140392780304,0.966427206993103,0.0,1.0,1.0,1.0,0.0,1.0
SNPT-157,0,55.0,0.23579788947613692,0.8934399974796007,0.2717948717948718,0.0,1.0,0.8974358974358975,0.9107052912030901,246.0,460.0,215.0,195.0,1912.5,705.5,1910.2222523713322,562.457217201315,115.87588089049333,30.0,0.0770971945648753,0.9610356116781429,0.8235294117647058,1.0,1.0,0.9411764705882353,0.8649357184767723,631.0,749.0,119.0,119.0,1905.5,756.5,1313.7187594510347,583.5230344388292,137.89055146360184,171.0,194.10023499139874,-4.722252371332161,194.04278279868504,0.8403467798232747,0.6937214732170105,0.9225916862487793,0.0,1.0,0.0,0.0,1.0,1.0
SNPT-157,1,,1.0,0.0,0.0,0.0,0.8947368421052632,0.76,0.8276070889673734,46.0,71.0,26.0,25.0,1913.5,441.5,1913.890246308511,459.1236813704372,60.431686541546725,26.0,0.08661633315861526,0.9352152126806753,0.09642857142857143,0.0,1.0,0.8857142857142857,0.9031645232631315,172.0,451.0,280.0,280.0,1907.5,482.0,1773.6740980170375,456.1358746214213,95.36998232176511,101.0,23.752077844363832,-6.390246308510996,22.876318629562775,0.6336552138350889,0.8420886993408203,0.9422475099563599,0.0,0.0,0.0,1.0,0.0,0.0
SNPT-157,1,30.0,0.10822707763372819,0.9301964150321099,0.124,1.0,0.9954128440366973,0.872,0.8355519741500189,203.0,453.0,251.0,250.0,1902.5,701.0,1855.9808493831679,477.97820742006024,104.21603712321622,30.0,0.0770971945648753,0.9610356116781429,0.8235294117647058,1.0,1.0,0.9411764705882353,0.8649357184767723,631.0,749.0,119.0,119.0,1905.5,756.5,1313.7187594510347,583.5230344388292,137.89055146360184,178.0,282.88961667009886,49.51915061683212,278.52179257993976,0.7557880943766152,0.8794877529144287,0.9686478972434998,1.0,0.0,1.0,1.0,0.0,1.0
SNPT-157,0,,1.0,0.0,0.0,1.0,1.0,0.8617511520737328,0.8051859165895432,227.0,448.0,222.0,217.0,1908.0,499.5,1881.846020284941,392.6561932508523,81.37075069170356,26.0,0.1625022164350542,0.9120369156201681,0.8181818181818182,0.0,1.0,0.8181818181818182,0.9441150294409858,739.0,749.0,11.0,11.0,1906.5,522.0,1839.3805322936844,510.36302172138073,116.50029507637284,291.0,131.67246887695015,24.653979715058995,129.3438067491477,0.6984596102384137,0.6115612983703613,0.9222139120101929,0.0,0.0,0.0,0.0,1.0,1.0
SNPT-157,0,9.0,0.06891791796646257,0.9639647416214445,0.3383838383838384,1.0,0.994413407821229,0.9040404040404041,0.854373445390989,237.0,434.0,198.0,198.0,1910.5,676.5,1876.9734078563342,489.10101852346173,127.06157458635846,26.0,0.1625022164350542,0.9120369156201681,0.8181818181818182,0.0,1.0,0.8181818181818182,0.9441150294409858,739.0,749.0,11.0,11.0,1906.5,522.0,1839.3805322936844,510.36302172138073,116.50029507637284,305.0,44.20591166136033,29.526592143665766,32.89898147653827,1.0906545301285466,0.4765092730522156,0.9141370058059692,0.0,1.0,0.0,0.0,1.0,1.0
SNPT-157,1,,1.0,0.0,0.0,1.0,1.0,0.961038961038961,0.8142979128940685,0.0,307.0,308.0,308.0,1449.5,313.0,4.763446622205629,448.50014994660944,75.58458310195965,,1.0,0.0,0.0,1.0,1.0,0.9053627760252366,0.8894790126471569,433.0,749.0,317.0,317.0,20.0,387.5,1489.6741552606725,546.9551988368955,89.81090791013278,126.0,62.87424633618452,15.23655337779437,-61.00014994660944,0.8415969157954802,0.915002703666687,0.9808589816093445,0.0,0.0,0.0,1.0,0.0,1.0
SNPT-158,1,,1.0,0.0,0.0,0.0,0.5,0.8571428571428571,0.8124751051266988,276.0,303.0,28.0,7.0,1871.0,511.5,1913.0306180588545,473.8757610615505,75.59927120335728,3.0,0.007693640334196061,0.9907562678510492,0.35106382978723405,0.0,1.0,0.8829787234042553,0.8847534283097968,562.0,749.0,188.0,188.0,1893.5,754.0,1481.7520236978376,585.9398764690336,118.14568733036232,259.0,280.8042632913653,-19.530618058854543,280.1242389384495,0.6398817672621807,0.7296250462532043,0.8181279301643372,0.0,0.0,0.0,1.0,0.0,0.0
SNPT-158,0,30.0,0.10138400325878871,0.9367078265547752,0.33112582781456956,1.0,0.9960159362549801,0.8311258278145696,0.9114458610812032,0.0,301.0,302.0,302.0,1363.5,585.0,1907.7950917447743,474.79487666027535,98.43366301409662,3.0,0.007693640334196061,0.9907562678510492,0.35106382978723405,0.0,1.0,0.8829787234042553,0.8847534283097968,562.0,749.0,188.0,188.0,1893.5,754.0,1481.7520236978376,585.9398764690336,118.14568733036232,261.0,279.57083279044394,-14.295091744774254,279.20512333972465,0.8331549397893265,0.6941336393356323,0.9265118837356567,0.0,1.0,1.0,0.0,1.0,1.0
SNPT-158,0,,1.0,0.0,0.0,1.0,1.0,0.753125,0.7769548564036357,20.0,339.0,320.0,320.0,5.5,344.5,1915.672316350316,338.3418286285313,47.45905391219859,26.0,0.019130777809823484,0.9962560355663299,0.1556420233463035,0.0,1.0,0.8326848249027238,0.8631629219679074,493.0,749.0,257.0,257.0,1907.5,597.0,502.17843441313335,541.8989843348941,115.55890127538284,154.0,258.78724151658196,-8.172316350315896,258.6581713714687,0.4106914602718592,0.6087638735771179,0.9365472197532654,0.0,0.0,0.0,0.0,1.0,1.0
SNPT-158,0,,1.0,0.0,0.0,0.0,1.0,0.8695652173913043,0.852211786309878,0.0,275.0,276.0,276.0,887.5,434.0,1376.371899803135,384.8172598411465,89.59556466677498,30.0,0.05864534018297718,0.9391759984788641,0.5432692307692307,1.0,1.0,0.9423076923076923,0.9097386200209053,542.0,749.0,208.0,208.0,1899.5,802.0,622.7433755651372,590.0637681124164,131.94209537791363,267.0,669.1072020999555,523.128100196865,417.1827401588535,0.679052158525692,0.6520311236381531,0.9144986867904663,0.0,0.0,0.0,0.0,1.0,1.0
SNPT-158,1,3.0,0.0005638302683066632,0.9978123726323247,0.2277580071174377,0.0,1.0,0.9395017793594306,0.8548086147868272,0.0,280.0,281.0,281.0,1477.0,604.5,1894.881083715602,501.46771086493777,109.4781571886781,3.0,0.007693640334196061,0.9907562678510492,0.35106382978723405,0.0,1.0,0.8829787234042553,0.8847534283097968,562.0,749.0,188.0,188.0,1893.5,754.0,1481.7520236978376,585.9398764690336,118.14568733036232,282.0,252.53606563820577,-1.381083715602017,252.53228913506223,0.9266369315923667,0.879280686378479,0.9891343712806702,1.0,0.0,1.0,1.0,0.0,1.0
SNPT-158,0,,1.0,0.0,0.0,0.0,1.0,0.7008547008547008,0.8356235010421228,0.0,350.0,351.0,351.0,149.5,470.5,1905.2714217937455,432.7510744220375,85.35678984736043,3.0,0.007693640334196061,0.9907562678510492,0.35106382978723405,0.0,1.0,0.8829787234042553,0.8847534283097968,562.0,749.0,188.0,188.0,1893.5,754.0,1481.7520236978376,585.9398764690336,118.14568733036232,212.0,321.464521457721,-11.771421793745503,321.2489255779625,0.7224706358403363,0.8692651987075806,0.9771125316619873,0.0,0.0,0.0,1.0,0.0,1.0
SNPT-158,0,,1.0,0.0,0.0,,0.0,0.0,0.5404324282426387,0.0,288.0,289.0,289.0,1018.0,350.0,1916.239775150889,375.2945621471657,59.38696846953464,6.0,0.04750583373409297,0.9819601567255126,0.16822429906542055,1.0,1.0,0.9392523364485982,0.906797991463201,493.0,749.0,257.0,214.0,1903.0,504.0,221.7977457351597,501.9259830291107,97.39844379919315,205.0,129.38462574408092,-13.239775150889045,128.70543785283428,0.6097322108346315,0.5774788856506348,0.9255870580673218,0.0,0.0,0.0,0.0,0.0,0.0
SNPT-158,1,,1.0,0.0,0.0,0.0,1.0,0.9166666666666666,0.8573542266632571,0.0,287.0,288.0,288.0,1250.5,497.0,1909.8056137004487,497.57523963628205,93.92429314069635,55.0,0.06763840637803595,0.9729624769904397,0.05945945945945946,0.0,1.0,0.918918918918919,0.8898387295358321,565.0,749.0,185.0,185.0,1903.5,621.0,1128.7474043621924,499.6349195917762,82.93636980363631,278.0,123.58572828195207,-6.305613700448703,123.42476036371795,1.1324861862542996,0.8861398696899414,0.9559865593910217,0.0,0.0,0.0,1.0,0.0,1.0
SNPT-158,0,9.0,0.007613480400874242,0.9911804355326153,0.6481481481481481,0.0,1.0,0.7993827160493827,0.9079439260324456,218.0,541.0,324.0,324.0,8.0,656.0,10.76603595236724,560.9154751572856,109.93451951038479,3.0,0.007693640334196061,0.9907562678510492,0.35106382978723405,0.0,1.0,0.8829787234042553,0.8847534283097968,562.0,749.0,188.0,188.0,1893.5,754.0,1481.7520236978376,585.9398764690336,118.14568733036232,21.0,1892.6089963624947,1882.7339640476328,193.08452484271436,0.930499639847054,0.7385442852973938,0.9833729863166809,0.0,1.0,1.0,1.0,0.0,1.0
SNPT-158,1,10.0,0.006216399232898261,0.9946718346941602,0.6594202898550725,1.0,1.0,0.8297101449275363,0.891264869396343,0.0,275.0,276.0,276.0,1361.0,613.0,1730.6331028856237,477.5859994886338,115.78591525315136,10.0,0.06159000920417777,0.972094489439674,0.6609195402298851,1.0,1.0,0.9310344827586207,0.8788374655040694,576.0,749.0,174.0,174.0,1899.0,1046.5,1042.425880416636,762.3507169671784,172.05489136815393,301.0,593.3047716155414,168.36689711437634,568.9140005113662,0.672959160489072,0.9287736415863037,0.9783922433853149,1.0,0.0,1.0,1.0,0.0,1.0
SNPT-158,1,,1.0,0.0,0.0,0.0,1.0,0.7008547008547008,0.8356235010421228,0.0,350.0,351.0,351.0,149.5,470.5,1905.2714217937455,432.7510744220375,85.35678984736043,10.0,0.08721548127620983,0.973123380006888,0.527027027027027,0.0,1.0,0.9662162162162162,0.8488047131291636,447.0,594.0,148.0,148.0,1906.0,529.0,6.898363497729634,444.24183943703986,102.72002622598063,97.0,96.25168310795813,0.7285782062544968,96.2489255779625,0.8309654210910961,0.8985044360160828,0.9635133147239685,0.0,0.0,0.0,1.0,0.0,1.0
SNPT-158,1,,1.0,0.0,0.0,0.0,1.0,0.815625,0.8794519604394262,0.0,319.0,320.0,320.0,636.0,392.5,1907.7879324277656,411.6088086806483,73.67000415283805,,1.0,0.0,0.0,0.0,1.0,0.7391304347826086,0.873946507382237,543.0,749.0,207.0,207.0,1901.0,435.5,833.7623731045734,403.248343047283,91.25473072313285,224.0,24.83676809292582,-6.787932427765554,23.89119131935172,0.8073006579390726,0.9102681279182434,0.9920794367790222,0.0,0.0,0.0,1.0,0.0,1.0
SNPT-158,1,,1.0,0.0,0.0,1.0,1.0,0.95,0.8829845942948994,276.0,295.0,20.0,20.0,1521.5,446.0,1912.95568381374,518.5960406058435,74.62812038703592,30.0,0.05864534018297718,0.9391759984788641,0.5432692307692307,1.0,1.0,0.9423076923076923,0.9097386200209053,542.0,749.0,208.0,208.0,1899.5,802.0,622.7433755651372,590.0637681124164,131.94209537791363,247.0,283.72320953207196,-13.455683813740052,283.40395939415646,0.5656126664752684,0.816797137260437,0.9295693039894104,0.0,0.0,0.0,1.0,0.0,1.0
SNPT-158,0,6.0,0.00034805006175002537,0.9999653513614948,0.08843537414965986,0.0,1.0,0.8877551020408163,0.882631844030943,0.0,293.0,294.0,294.0,1304.5,569.5,1913.3895069605953,613.9171185282663,110.48956646441991,6.0,0.04750583373409297,0.9819601567255126,0.16822429906542055,1.0,1.0,0.9392523364485982,0.906797991463201,493.0,749.0,257.0,214.0,1903.0,504.0,221.7977457351597,501.9259830291107,97.39844379919315,200.0,110.40704144410901,-10.389506960595327,-109.91711852826631,1.1344079243423724,0.7285208702087402,0.927269458770752,1.0,0.0,1.0,0.0,1.0,1.0
SNPT-158,1,,1.0,0.0,0.0,0.0,1.0,0.8695652173913043,0.852211786309878,0.0,275.0,276.0,276.0,887.5,434.0,1376.371899803135,384.8172598411465,89.59556466677498,9.0,0.013554981211200356,0.998300701379776,0.009852216748768473,0.0,0.9631901840490797,0.8029556650246306,0.8844130273245595,547.0,749.0,203.0,203.0,1897.5,499.5,1144.1774620318943,466.56033139321653,102.98225407862951,272.0,533.5978145618074,521.128100196865,114.6827401588535,0.8700097455467088,0.939203679561615,0.9581368565559387,0.0,0.0,0.0,1.0,0.0,1.0
SNPT-158,1,,1.0,0.0,0.0,1.0,1.0,0.753125,0.7769548564036357,20.0,339.0,320.0,320.0,5.5,344.5,1915.672316350316,338.3418286285313,47.45905391219859,,1.0,0.0,0.0,1.0,0.9946808510638298,0.8392857142857143,0.8957507841764613,526.0,749.0,224.0,224.0,1911.5,402.5,182.65674631093194,421.74417755432216,91.12845410946987,187.0,64.29369469440888,-4.172316350315896,64.15817137146871,0.5207929222105255,0.877910315990448,0.9801672697067261,0.0,0.0,0.0,1.0,0.0,1.0
SNPT-158,1,6.0,0.00034805006175002537,0.9999653513614948,0.08843537414965986,0.0,1.0,0.8877551020408163,0.882631844030943,0.0,293.0,294.0,294.0,1304.5,569.5,1913.3895069605953,613.9171185282663,110.48956646441991,6.0,0.02354049516253055,0.9124924619282995,0.3431372549019608,0.0,0.9234972677595629,0.8970588235294118,0.8986097965084139,546.0,749.0,204.0,204.0,1901.0,755.5,669.1881504647239,629.8445529129216,130.42695403186607,253.0,142.12393256790227,-12.389506960595327,141.58288147173369,0.8471375206494891,0.9486031532287598,0.9885658621788025,1.0,0.0,1.0,1.0,0.0,1.0
SNPT-158,1,6.0,0.007047271550362901,0.9926665122470548,0.3875,1.0,1.0,0.828125,0.9005305679339283,0.0,352.0,353.0,320.0,308.0,547.0,1910.0324175677918,433.2826426982518,92.82350921020092,6.0,0.04750583373409297,0.9819601567255126,0.16822429906542055,1.0,1.0,0.9392523364485982,0.906797991463201,493.0,749.0,257.0,214.0,1903.0,504.0,221.7977457351597,501.9259830291107,97.39844379919315,141.0,71.06616297923301,-7.032417567791754,70.71735730174822,0.953028668523448,0.9338443279266357,0.9921062588691711,1.0,0.0,1.0,1.0,0.0,1.0
SNPT-158,1,,1.0,0.0,0.0,0.0,1.0,0.7777777777777778,0.8884887697613838,0.0,332.0,333.0,333.0,312.0,360.0,1911.7275076705791,369.40027065297943,62.70417606368724,23.0,0.015952905623314164,0.975473415851593,0.2734375,0.0,0.9919354838709677,0.96875,0.8226081089627358,455.0,582.0,128.0,128.0,1908.0,411.5,9.440022746255616,463.8241033994531,87.37801920964182,123.0,42.264423863654066,-3.7275076705791435,42.09972934702057,0.7176195641748776,0.8572418093681335,0.9654713869094849,0.0,0.0,0.0,1.0,0.0,1.0
SNPT-158,0,,1.0,0.0,0.0,0.0,1.0,0.815625,0.8794519604394262,0.0,319.0,320.0,320.0,636.0,392.5,1907.7879324277656,411.6088086806483,73.67000415283805,6.0,0.04750583373409297,0.9819601567255126,0.16822429906542055,1.0,1.0,0.9392523364485982,0.906797991463201,493.0,749.0,257.0,214.0,1903.0,504.0,221.7977457351597,501.9259830291107,97.39844379919315,174.0,92.51516919047332,-4.787932427765554,92.39119131935172,0.7563776306808747,0.6938472986221313,0.9243882894515991,0.0,0.0,0.0,0.0,1.0,1.0
SNPT-158,1,26.0,0.07918720727117873,0.9307926682864919,0.10725552050473186,0.0,1.0,0.8138801261829653,0.8610308084839075,0.0,316.0,317.0,317.0,628.0,516.0,1910.070573095295,530.8576164468683,92.92060071431959,26.0,0.019130777809823484,0.9962560355663299,0.1556420233463035,0.0,1.0,0.8326848249027238,0.8631629219679074,493.0,749.0,257.0,257.0,1907.5,597.0,502.17843441313335,541.8989843348941,115.55890127538284,177.0,66.192316382854,-2.5705730952950034,66.14238355313171,0.8040973017983702,0.9777529239654541,0.9714372754096985,1.0,0.0,1.0,1.0,0.0,1.0
SNPT-158,0,6.0,0.00034805006175002537,0.9999653513614948,0.08843537414965986,0.0,1.0,0.8877551020408163,0.882631844030943,0.0,293.0,294.0,294.0,1304.5,569.5,1913.3895069605953,613.9171185282663,110.48956646441991,9.0,0.013554981211200356,0.998300701379776,0.009852216748768473,0.0,0.9631901840490797,0.8029556650246306,0.8844130273245595,547.0,749.0,203.0,203.0,1897.5,499.5,1144.1774620318943,466.56033139321653,102.98225407862951,254.0,115.51516542758422,-15.889506960595327,-114.41711852826631,1.072899087837584,0.8639620542526245,0.9813721776008606,0.0,1.0,1.0,1.0,0.0,1.0
SNPT-158,0,6.0,0.007047271550362901,0.9926665122470548,0.3875,1.0,1.0,0.828125,0.9005305679339283,0.0,352.0,353.0,320.0,308.0,547.0,1910.0324175677918,433.2826426982518,92.82350921020092,55.0,0.06763840637803595,0.9729624769904397,0.05945945945945946,0.0,1.0,0.918918918918919,0.8898387295358321,565.0,749.0,185.0,185.0,1903.5,621.0,1128.7474043621924,499.6349195917762,82.93636980363631,213.0,187.83098442917293,-6.532417567791754,187.71735730174822,1.1192135540773467,0.7032052278518677,0.9435116052627563,0.0,1.0,1.0,0.0,1.0,1.0
SNPT-158,0,10.0,0.006216399232898261,0.9946718346941602,0.6594202898550725,1.0,1.0,0.8297101449275363,0.891264869396343,0.0,275.0,276.0,276.0,1361.0,613.0,1730.6331028856237,477.5859994886338,115.78591525315136,,1.0,0.0,0.0,1.0,0.9946808510638298,0.8392857142857143,0.8957507841764613,526.0,749.0,224.0,224.0,1911.5,402.5,182.65674631093194,421.74417755432216,91.12845410946987,251.0,195.83345421809193,180.86689711437634,-75.08599948863377,1.2705791663497465,0.7094686627388,0.95591139793396,0.0,0.0,0.0,1.0,0.0,1.0
SNPT-158,0,,1.0,0.0,0.0,0.0,0.5,0.8571428571428571,0.8124751051266988,276.0,303.0,28.0,7.0,1871.0,511.5,1913.0306180588545,473.8757610615505,75.59927120335728,10.0,0.06159000920417777,0.972094489439674,0.6609195402298851,1.0,1.0,0.9310344827586207,0.8788374655040694,576.0,749.0,174.0,174.0,1899.0,1046.5,1042.425880416636,762.3507169671784,172.05489136815393,273.0,572.7961044411458,-14.030618058854543,572.6242389384495,0.43939042129057504,0.6450895667076111,0.8530025482177734,0.0,0.0,0.0,0.0,1.0,0.0
SNPT-158,0,,1.0,0.0,0.0,0.0,1.0,0.7777777777777778,0.8884887697613838,0.0,332.0,333.0,333.0,312.0,360.0,1911.7275076705791,369.40027065297943,62.70417606368724,30.0,0.05864534018297718,0.9391759984788641,0.5432692307692307,1.0,1.0,0.9423076923076923,0.9097386200209053,542.0,749.0,208.0,208.0,1899.5,802.0,622.7433755651372,590.0637681124164,131.94209537791363,210.0,432.7725011769458,-12.227507670579143,432.59972934702057,0.4752401110812097,0.6685528755187988,0.921372652053833,0.0,0.0,0.0,0.0,1.0,1.0
SNPT-158,0,,1.0,0.0,0.0,0.0,1.0,0.815625,0.8794519604394262,0.0,319.0,320.0,320.0,636.0,392.5,1907.7879324277656,411.6088086806483,73.67000415283805,,1.0,0.0,0.0,1.0,0.9946808510638298,0.8392857142857143,0.8957507841764613,526.0,749.0,224.0,224.0,1911.5,402.5,182.65674631093194,421.74417755432216,91.12845410946987,207.0,9.836149716300989,3.712067572234446,-9.10880868064828,0.8084193337060287,0.6979225873947144,0.9264039993286133,0.0,0.0,0.0,0.0,1.0,1.0
SNPT-158,1,,1.0,0.0,0.0,,0.0,0.0,0.5404324282426387,0.0,288.0,289.0,289.0,1018.0,350.0,1916.239775150889,375.2945621471657,59.38696846953464,,1.0,0.0,0.0,,0.0,0.0,0.5571579699204346,627.0,743.0,117.0,117.0,1908.0,441.5,1913.9158203914417,444.68300479051027,100.37312253735577,339.0,66.71621913614942,-8.239775150889045,66.20543785283428,0.5916620602037428,0.9064096808433533,0.9676294922828674,0.0,0.0,0.0,0.0,0.0,0.0
SNPT-158,0,,1.0,0.0,0.0,0.0,1.0,0.8695652173913043,0.852211786309878,0.0,275.0,276.0,276.0,887.5,434.0,1376.371899803135,384.8172598411465,89.59556466677498,6.0,0.04750583373409297,0.9819601567255126,0.16822429906542055,1.0,1.0,0.9392523364485982,0.906797991463201,493.0,749.0,257.0,214.0,1903.0,504.0,221.7977457351597,501.9259830291107,97.39844379919315,218.0,539.9459986598031,526.628100196865,119.1827401588535,0.9198870245965592,0.6607776284217834,0.9169222116470337,0.0,0.0,0.0,0.0,1.0,1.0
SNPT-158,0,30.0,0.10138400325878871,0.9367078265547752,0.33112582781456956,1.0,0.9960159362549801,0.8311258278145696,0.9114458610812032,0.0,301.0,302.0,302.0,1363.5,585.0,1907.7950917447743,474.79487666027535,98.43366301409662,6.0,0.02354049516253055,0.9124924619282995,0.3431372549019608,0.0,0.9234972677595629,0.8970588235294118,0.8986097965084139,546.0,749.0,204.0,204.0,1901.0,755.5,669.1881504647239,629.8445529129216,130.42695403186607,245.0,280.78735644788196,-6.795091744774254,280.70512333972465,0.7547033797174102,0.7201035022735596,0.941760778427124,0.0,1.0,1.0,0.0,1.0,1.0
SNPT-158,1,11.0,0.01891177950152964,0.9896910197472986,0.6113074204946997,1.0,1.0,0.7773851590106007,0.8570082900199023,0.0,282.0,283.0,283.0,1348.5,822.5,1909.5138447382844,807.0924356730806,156.86095892349147,,1.0,0.0,0.0,1.0,1.0,0.775,0.9312405701606504,518.0,557.0,40.0,40.0,638.5,1069.0,12.236959771468662,998.7972751337364,92.38612157921969,236.0,1297.7179068534329,-1271.0138447382844,261.90756432691944,1.6978844467346277,0.7278404235839844,0.9507046937942505,0.0,0.0,0.0,1.0,0.0,1.0
SNPT-158,1,30.0,0.10138400325878871,0.9367078265547752,0.33112582781456956,1.0,0.9960159362549801,0.8311258278145696,0.9114458610812032,0.0,301.0,302.0,302.0,1363.5,585.0,1907.7950917447743,474.79487666027535,98.43366301409662,30.0,0.05864534018297718,0.9391759984788641,0.5432692307692307,1.0,1.0,0.9423076923076923,0.9097386200209053,542.0,749.0,208.0,208.0,1899.5,802.0,622.7433755651372,590.0637681124164,131.94209537791363,241.0,327.3102523399147,-8.295091744774254,327.20512333972465,0.7460368332953872,0.9373199343681335,0.9870277643203735,1.0,0.0,1.0,1.0,0.0,1.0
SNPT-158,1,,1.0,0.0,0.0,1.0,1.0,0.8651685393258427,0.8790791537854579,243.0,331.0,89.0,89.0,10.0,475.5,1889.7536092907403,478.8834412246463,81.94865509385448,9.0,0.01535018722067889,0.9806868235270182,0.22340425531914893,1.0,0.9779005524861878,0.9627659574468085,0.9174840835576558,562.0,749.0,188.0,188.0,1911.0,634.0,1051.537423746075,484.6070376782641,94.48166599295782,231.0,156.56486171704773,21.246390709259686,155.11655877535372,0.867349810490879,0.8805578947067261,0.9594559669494629,0.0,0.0,0.0,1.0,0.0,1.0
SNPT-158,0,,1.0,0.0,0.0,0.0,1.0,0.9166666666666666,0.8573542266632571,0.0,287.0,288.0,288.0,1250.5,497.0,1909.8056137004487,497.57523963628205,93.92429314069635,9.0,0.013554981211200356,0.998300701379776,0.009852216748768473,0.0,0.9631901840490797,0.8029556650246306,0.8844130273245595,547.0,749.0,203.0,203.0,1897.5,499.5,1144.1774620318943,466.56033139321653,102.98225407862951,260.0,12.455233077000626,-12.305613700448703,1.924760363717951,0.9120434775974394,0.9022072553634644,0.9688503742218018,0.0,0.0,0.0,1.0,0.0,1.0
SNPT-159,1,,1.0,0.0,0.0,0.0,0.7592592592592593,0.8709677419354839,0.8419409813704314,356.0,417.0,62.0,62.0,22.944007387265174,439.1840682476553,1334.4151495166602,456.3939637099836,96.0120297636506,20.0,0.1732291023849939,0.8247732736847617,0.16566265060240964,0.0,0.9280575539568345,0.8373493975903614,0.9080833348867704,0.0,331.0,332.0,332.0,1854.0,466.5,3.9660746814008814,425.6123575676497,89.44259487447016,25.0,23.331379311350013,18.97793270586429,13.571710680005594,1.0734486169414073,0.8886238932609558,0.9672666788101196,0.0,0.0,0.0,1.0,0.0,0.0
SNPT-159,1,,1.0,0.0,0.0,1.0,1.0,0.8252427184466019,0.8697687829242033,391.0,716.0,326.0,309.0,9.5,565.5,8.091638232709897,383.63579550073695,93.40288330843985,,1.0,0.0,0.0,1.0,1.0,0.9393939393939394,0.9068398091100878,717.0,749.0,33.0,33.0,15.0,361.5,343.0319947259266,430.9075868785013,77.6044587049438,1.0,23.188766779589674,6.908361767290103,-22.135795500736947,1.2035762489312953,0.8993924856185913,0.9837515354156494,0.0,0.0,0.0,1.0,0.0,1.0
SNPT-159,1,10.0,0.0012059666822799857,0.999859692412855,0.8584905660377359,1.0,1.0,0.8647798742138365,0.8029907904971729,0.0,317.0,318.0,318.0,647.5,776.0,8.807069708764455,601.5775465476698,150.1913774081029,10.0,0.1431748226750642,0.973396360874176,0.005291005291005291,1.0,1.0,0.9629629629629629,0.8830934923428756,374.0,562.0,189.0,189.0,12.138038272310212,673.6677158905992,1906.5060498691944,1020.593045628415,157.78106800270353,57.0,72.16708299123334,3.330968563545756,72.09016934292936,0.9518973303281825,0.9194607734680176,0.9347306489944458,1.0,0.0,1.0,1.0,0.0,1.0
SNPT-159,1,14.0,0.03286414499728815,0.9247918605804444,0.7758620689655172,0.0,0.7708333333333334,0.8275862068965517,0.8473503900070986,0.0,57.0,58.0,58.0,223.5,574.0,10.596707664384457,568.9227230828003,123.37452062469002,5.0,0.24250428192317486,0.8375533930957317,0.04819277108433735,1.0,0.972027972027972,0.8614457831325302,0.8862876837903803,110.0,319.0,210.0,166.0,8.5,566.0,16.745786864810505,522.8346535673109,119.60613106999206,53.0,3.597011710937599,-2.096707664384457,-2.922723082800303,1.031506658738863,0.9116461277008057,0.9250055551528931,0.0,1.0,0.0,0.0,1.0,0.0
SNPT-159,0,,1.0,0.0,0.0,0.0,1.0,0.7083333333333334,0.9075093479717479,424.0,447.0,24.0,24.0,1621.5,471.0,1913.928640438789,474.6903639768699,83.79991934380132,,1.0,0.0,0.0,0.0,1.0,0.92,0.9104902705420619,686.0,744.0,59.0,50.0,1912.5,340.0,1910.3338280447028,341.1248337134219,73.53987058593262,239.0,134.6979404509402,-1.4286404387889888,-134.6903639768699,1.139516818239157,0.7731094360351562,0.9700429439544678,0.0,0.0,0.0,1.0,0.0,1.0
SNPT-159,0,14.0,0.0043788497819105925,0.9871827882749064,0.9642857142857143,0.0,1.0,0.9642857142857143,0.8153224013469837,0.0,55.0,56.0,56.0,77.0,588.0,16.77787171457163,579.5821401959322,131.10814118343833,,1.0,0.0,0.0,0.0,1.0,0.9496402877697842,0.92740636928515,611.0,749.0,139.0,139.0,1906.5,441.0,1465.7782529036645,518.343290407471,99.22095630966658,556.0,1894.7967520852715,1889.7221282854284,-138.5821401959322,1.3213755043264501,0.7505359649658203,0.8983774185180664,0.0,0.0,0.0,1.0,0.0,1.0
SNPT-159,0,9.0,0.00017379315167485366,0.9999862549439916,0.8907563025210085,1.0,1.0,0.8907563025210085,0.8031947832062559,66.0,184.0,119.0,119.0,1913.0,559.5,1913.608680269208,524.192281302783,132.05404110776664,,1.0,0.0,0.0,1.0,1.0,0.8415300546448088,0.8754782744429328,384.0,749.0,366.0,366.0,26.5,504.0,852.2025754390509,294.75976043324965,85.08334510775549,200.0,1887.2167070507835,-1887.108680269208,-20.192281302783044,1.5520551165510028,0.7177931070327759,0.9002109169960022,0.0,0.0,0.0,1.0,0.0,1.0
SNPT-159,0,,1.0,0.0,0.0,0.0,1.0,0.7083333333333334,0.9075093479717479,424.0,447.0,24.0,24.0,1621.5,471.0,1913.928640438789,474.6903639768699,83.79991934380132,,1.0,0.0,0.0,0.0,1.0,0.9496402877697842,0.92740636928515,611.0,749.0,139.0,139.0,1906.5,441.0,1465.7782529036645,518.343290407471,99.22095630966658,164.0,34.49964237007079,-7.428640438788989,-33.69036397686989,0.8445788315349783,0.6697375774383545,0.9677362442016602,0.0,0.0,0.0,1.0,0.0,1.0
SNPT-159,0,14.0,0.00963738064155414,0.9913124034599382,0.7480916030534351,0.0,0.9532710280373832,0.816793893129771,0.9116492165583316,185.0,315.0,131.0,131.0,17.5,584.5,12.69633203623346,528.0027192096946,111.28631649728713,,1.0,0.0,0.0,1.0,1.0,0.8541666666666666,0.8816689209240239,624.0,671.0,48.0,48.0,1908.5,524.0,1913.4438668997723,682.2599867089673,107.20128460905931,309.0,1895.8078935445812,1895.8036679637664,-4.0027192096946465,1.0381061841108068,0.6213402152061462,0.9321240186691284,0.0,0.0,0.0,0.0,1.0,1.0
SNPT-159,1,14.0,0.00963738064155414,0.9913124034599382,0.7480916030534351,0.0,0.9532710280373832,0.816793893129771,0.9116492165583316,185.0,315.0,131.0,131.0,17.5,584.5,12.69633203623346,528.0027192096946,111.28631649728713,16.0,0.8651942610740662,0.7087706699967384,0.011527377521613832,0.0,1.0,0.8155619596541787,0.9271024387632579,403.0,749.0,347.0,347.0,51.0,579.0,172.43933995642587,541.0371068544354,97.72151253687673,88.0,63.780040980574185,38.30366796376654,50.99728079030535,1.138810826892303,0.9422422647476196,0.9805470705032349,0.0,1.0,0.0,1.0,0.0,1.0
SNPT-159,0,5.0,0.24250428192317486,0.8375533930957317,0.04819277108433735,1.0,0.972027972027972,0.8614457831325302,0.8862876837903803,110.0,319.0,210.0,166.0,8.5,566.0,16.745786864810505,522.8346535673109,119.60613106999206,16.0,0.8651942610740662,0.7087706699967384,0.011527377521613832,0.0,1.0,0.8155619596541787,0.9271024387632579,403.0,749.0,347.0,347.0,51.0,579.0,172.43933995642587,541.0371068544354,97.72151253687673,84.0,65.78675594232456,34.254213135189495,56.16534643268915,1.22394883137791,0.815149188041687,0.9336284399032593,0.0,1.0,0.0,0.0,1.0,1.0
SNPT-159,0,,1.0,0.0,0.0,1.0,1.0,0.8991596638655462,0.869880420025264,300.0,449.0,150.0,119.0,1903.5,530.5,1914.0448009445095,483.55248389619214,99.83680179161199,,1.0,0.0,0.0,1.0,1.0,0.87,0.8631138232932694,643.0,742.0,100.0,100.0,1909.5,297.5,1879.1159100655045,332.63402472479146,62.733994456407,194.0,186.10798472813585,-4.544800944509461,-186.05248389619214,1.591430653455157,0.7525805234909058,0.9711540341377258,0.0,0.0,0.0,1.0,0.0,1.0
SNPT-159,1,,1.0,0.0,0.0,0.0,0.8303571428571429,0.9333333333333333,0.8777458369731903,283.0,402.0,120.0,120.0,1906.2084161091898,499.5744434277616,1904.9080448245745,492.74263089246256,93.0980120316084,,1.0,0.0,0.0,0.0,1.0,0.9166666666666666,0.8931143403053283,681.0,740.0,60.0,60.0,1908.5,317.5,1911.7721872219863,315.23161154544687,61.27946108176169,279.0,175.27943925085492,3.5919551754254826,-175.24263089246256,1.5192367946479333,0.8230826258659363,0.9873044490814209,0.0,0.0,0.0,1.0,0.0,0.0
SNPT-159,1,30.0,0.010745129911834175,0.9921137424660664,0.4811320754716981,1.0,1.0,0.8207547169811321,0.8272328022225149,0.0,423.0,424.0,424.0,1111.5,622.5,1712.598589768429,493.542479397565,118.72154273909504,,1.0,0.0,0.0,1.0,1.0,0.8689655172413793,0.865821155290755,605.0,749.0,145.0,145.0,1914.0,296.0,1557.1595883538705,339.23435861950816,59.29189640816685,182.0,282.10912642061567,201.40141023157094,-197.542479397565,2.002323250412047,0.836386501789093,0.9431182146072388,0.0,0.0,0.0,1.0,0.0,1.0
SNPT-159,0,9.0,0.021917736493855956,0.9894185224357916,0.46226415094339623,0.0,0.9883720930232558,0.8113207547169812,0.9186549752719643,0.0,318.0,319.0,318.0,798.0,455.0,1.7757881938830096,582.5003456280012,96.91343440200697,,1.0,0.0,0.0,1.0,1.0,0.87,0.8631138232932694,643.0,742.0,100.0,100.0,1909.5,297.5,1879.1159100655045,332.63402472479146,62.733994456407,325.0,1928.8952447759702,1907.724211806117,-285.00034562800124,1.544831239294842,0.6105761528015137,0.9360652565956116,0.0,0.0,0.0,0.0,1.0,1.0
SNPT-159,1,3.0,0.00030987873436639677,0.9963796801037259,0.9375,0.0,1.0,0.9479166666666666,0.8254439385382684,307.0,436.0,130.0,96.0,1902.0,828.5,1908.7503987465452,692.8354257587415,164.45809394249184,3.0,0.07114895902419381,0.9724580998773928,0.2125984251968504,0.0,1.0,0.9763779527559056,0.9217721411297398,623.0,749.0,127.0,127.0,1878.5,816.5,841.5536338020834,740.4833600713484,149.40379500132107,187.0,127.31069690562815,-30.250398746545216,123.66457424125849,1.100762493623657,0.7854827046394348,0.9356115460395813,1.0,0.0,1.0,1.0,0.0,1.0
SNPT-159,1,,1.0,0.0,0.0,1.0,1.0,0.8278145695364238,0.8324757561683654,279.0,429.0,151.0,151.0,1907.5391370003163,444.5301841814941,1897.1082178061874,549.5346580907019,91.18776425970563,,1.0,0.0,0.0,1.0,1.0,0.8661417322834646,0.8423240818760612,623.0,749.0,127.0,127.0,1899.0,227.5,1735.351837649278,261.5478462941424,50.21683293352001,194.0,322.04021464945043,1.8917821938125599,-322.0346580907019,1.8158804315761081,0.9064289927482605,0.9823461174964905,0.0,0.0,0.0,1.0,0.0,1.0
SNPT-159,1,,1.0,0.0,0.0,0.0,0.7592592592592593,0.8709677419354839,0.8419409813704314,356.0,417.0,62.0,62.0,22.944007387265174,439.1840682476553,1334.4151495166602,456.3939637099836,96.0120297636506,,1.0,0.0,0.0,0.0,1.0,0.92,0.9104902705420619,686.0,744.0,59.0,50.0,1912.5,340.0,1910.3338280447028,341.1248337134219,73.53987058593262,269.0,589.6860598203643,578.0848504833398,-116.39396370998361,1.3055778994261198,0.8050978779792786,0.9565865993499756,0.0,0.0,0.0,1.0,0.0,0.0
SNPT-159,1,,1.0,0.0,0.0,0.0,1.0,0.9439252336448598,0.90992140356857,315.0,421.0,107.0,107.0,1872.0,516.0,1906.3100485066166,513.8193401203756,101.35289154675088,,1.0,0.0,0.0,0.0,0.7857142857142857,0.875,0.8539624341896602,699.0,714.0,16.0,16.0,1907.5,463.0,1910.7818102551237,486.2561469055491,100.13046760513197,278.0,50.83326976328617,1.1899514933834325,-50.819340120375614,1.012208311524516,0.61418616771698,0.9695523381233215,0.0,0.0,0.0,1.0,0.0,0.0
SNPT-159,1,26.0,0.04253657082487836,0.9614664340075457,0.5286783042394015,0.0,1.0,0.8453865336658354,0.8480177964784402,0.0,418.0,419.0,401.0,1468.5,551.0,1883.856666238738,586.1739066246682,118.01851325730598,,1.0,0.0,0.0,0.0,1.0,0.9496402877697842,0.92740636928515,611.0,749.0,139.0,139.0,1906.5,441.0,1465.7782529036645,518.343290407471,99.22095630966658,193.0,146.929179295645,22.643333761262056,-145.17390662466823,1.189451479271905,0.949196457862854,0.9751383066177368,0.0,0.0,0.0,1.0,0.0,1.0
SNPT-159,1,11.0,0.048529692363075104,0.9741672218823042,0.6224489795918368,1.0,1.0,0.8469387755102041,0.8850041534527239,197.0,294.0,98.0,98.0,7.0,595.0,22.561700125752864,574.7462810253894,117.39922463870565,,1.0,0.0,0.0,1.0,1.0,0.9048991354466859,0.8881214194616694,403.0,749.0,347.0,347.0,17.0,595.5,571.1321161374103,649.4454117840849,114.9057667121131,109.0,21.486027077287023,-5.561700125752864,20.753718974610592,1.021700024271538,0.893637478351593,0.9761973023414612,0.0,0.0,0.0,1.0,0.0,1.0
SNPT-159,0,9.0,0.00017379315167485366,0.9999862549439916,0.8907563025210085,1.0,1.0,0.8907563025210085,0.8031947832062559,66.0,184.0,119.0,119.0,1913.0,559.5,1913.608680269208,524.192281302783,132.05404110776664,11.0,0.048529692363075104,0.9741672218823042,0.6224489795918368,1.0,1.0,0.8469387755102041,0.8850041534527239,197.0,294.0,98.0,98.0,7.0,595.0,22.561700125752864,574.7462810253894,117.39922463870565,13.0,1907.9230573335485,-1906.608680269208,70.80771869721696,1.1248289033778627,0.7752974629402161,0.9387588500976562,0.0,1.0,1.0,1.0,0.0,1.0
SNPT-159,0,,1.0,0.0,0.0,0.0,0.7592592592592593,0.8709677419354839,0.8419409813704314,356.0,417.0,62.0,62.0,22.944007387265174,439.1840682476553,1334.4151495166602,456.3939637099836,96.0120297636506,,1.0,0.0,0.0,1.0,1.0,0.8541666666666666,0.8816689209240239,624.0,671.0,48.0,48.0,1908.5,524.0,1913.4438668997723,682.2599867089673,107.20128460905931,207.0,578.0518936024046,574.0848504833398,67.60603629001639,0.8956238734804943,0.70879727602005,0.9044061899185181,0.0,0.0,0.0,0.0,1.0,0.0
SNPT-159,1,10.0,0.6793271712958813,0.7890215516090393,0.0038910505836575876,0.0,0.9834710743801653,0.9416342412451362,0.9072474332387782,0.0,256.0,257.0,257.0,1319.5,418.0,1911.9821821849464,449.9341922528656,85.00022923540207,,1.0,0.0,0.0,0.0,0.8303571428571429,0.9333333333333333,0.8777458369731903,283.0,402.0,120.0,120.0,1906.2084161091898,499.5744434277616,1904.9080448245745,492.74263089246256,93.0980120316084,27.0,49.97490281535642,-5.773766075756612,49.64025117489598,0.9130187356368362,0.8548179864883423,0.976412296295166,0.0,0.0,0.0,1.0,0.0,0.0
SNPT-159,0,6.0,0.023392709079034416,0.984787841034199,0.4151376146788991,0.0,1.0,0.8348623853211009,0.9097180702201613,0.0,435.0,436.0,436.0,1820.5,656.5,1905.1389713130416,669.222010413617,145.53869318657567,3.0,0.07114895902419381,0.9724580998773928,0.2125984251968504,0.0,1.0,0.9763779527559056,0.9217721411297398,623.0,749.0,127.0,127.0,1878.5,816.5,841.5536338020834,740.4833600713484,149.40379500132107,188.0,149.66776877211672,-26.638971313041566,147.277989586383,0.9741298283975235,0.7450114488601685,0.9881603717803955,0.0,1.0,1.0,1.0,0.0,1.0
SNPT-159,0,,1.0,0.0,0.0,1.0,1.0,0.8991596638655462,0.869880420025264,300.0,449.0,150.0,119.0,1903.5,530.5,1914.0448009445095,483.55248389619214,99.83680179161199,,1.0,0.0,0.0,0.0,1.0,0.9166666666666666,0.8931143403053283,681.0,740.0,60.0,60.0,1908.5,317.5,1911.7721872219863,315.23161154544687,61.27946108176169,232.0,166.14503370732868,-5.544800944509461,-166.05248389619214,1.6292049575698038,0.6621658802032471,0.946519136428833,0.0,0.0,0.0,0.0,1.0,1.0
SNPT-159,1,,1.0,0.0,0.0,1.0,1.0,0.03614457831325301,0.5515546211174556,214.0,296.0,83.0,83.0,10.5,504.0,4.075634827130425,516.8572569744099,93.71448601903774,,1.0,0.0,0.0,,0.0,0.0,0.5359657809734345,379.0,749.0,371.0,302.0,10.5,567.5,325.0169110264718,264.85781405600335,81.46734117308684,83.0,51.04860320351904,6.424365172869575,50.64274302559011,1.1503319571941155,0.8521453142166138,0.9714109897613525,0.0,0.0,0.0,0.0,0.0,0.0
SNPT-159,1,40.0,0.10280410433248714,0.9572603639135969,0.17735849056603772,1.0,0.9727626459143969,0.969811320754717,0.8596586754349883,0.0,264.0,265.0,265.0,1316.0,452.0,1912.9873816382394,436.0077920589738,91.3760452494571,,1.0,0.0,0.0,1.0,1.0,0.8278145695364238,0.8324757561683654,279.0,429.0,151.0,151.0,1907.5391370003163,444.5301841814941,1897.1082178061874,549.5346580907019,91.18776425970563,15.0,10.1150648601309,-5.448244637923153,8.52239212252033,1.002064761553044,0.8935898542404175,0.9834315180778503,0.0,0.0,0.0,1.0,0.0,1.0
SNPT-159,0,14.0,0.0043788497819105925,0.9871827882749064,0.9642857142857143,0.0,1.0,0.9642857142857143,0.8153224013469837,0.0,55.0,56.0,56.0,77.0,588.0,16.77787171457163,579.5821401959322,131.10814118343833,,1.0,0.0,0.0,1.0,1.0,0.8661417322834646,0.8423240818760612,623.0,749.0,127.0,127.0,1899.0,227.5,1735.351837649278,261.5478462941424,50.21683293352001,568.0,1914.8686570238376,1882.2221282854284,-352.0821401959322,2.6108404995792345,0.509751558303833,0.8152167797088623,0.0,0.0,0.0,0.0,1.0,1.0
SNPT-159,0,11.0,0.048529692363075104,0.9741672218823042,0.6224489795918368,1.0,1.0,0.8469387755102041,0.8850041534527239,197.0,294.0,98.0,98.0,7.0,595.0,22.561700125752864,574.7462810253894,117.39922463870565,,1.0,0.0,0.0,0.0,0.7857142857142857,0.875,0.8539624341896602,699.0,714.0,16.0,16.0,1907.5,463.0,1910.7818102551237,486.2561469055491,100.13046760513197,405.0,1888.2477659607657,1884.9382998742472,-111.74628102538941,1.1724625625606147,0.5600847005844116,0.8835145235061646,0.0,0.0,0.0,0.0,1.0,0.0
SNPT-159,0,,1.0,0.0,0.0,0.0,1.0,0.7083333333333334,0.9075093479717479,424.0,447.0,24.0,24.0,1621.5,471.0,1913.928640438789,474.6903639768699,83.79991934380132,,1.0,0.0,0.0,0.0,0.7857142857142857,0.875,0.8539624341896602,699.0,714.0,16.0,16.0,1907.5,463.0,1910.7818102551237,486.2561469055491,100.13046760513197,252.0,13.341365290064216,-6.428640438788989,-11.69036397686989,0.8369073005258425,0.5672785043716431,0.9522113800048828,0.0,0.0,0.0,1.0,0.0,0.0
SNPT-159,0,10.0,0.6793271712958813,0.7890215516090393,0.0038910505836575876,0.0,0.9834710743801653,0.9416342412451362,0.9072474332387782,0.0,256.0,257.0,257.0,1319.5,418.0,1911.9821821849464,449.9341922528656,85.00022923540207,,1.0,0.0,0.0,1.0,1.0,0.9048991354466859,0.8881214194616694,403.0,749.0,347.0,347.0,17.0,595.5,571.1321161374103,649.4454117840849,114.9057667121131,147.0,1900.5648831817075,-1894.9821821849464,145.5658077471344,0.7397385846470449,0.6764833927154541,0.9220197796821594,0.0,0.0,0.0,0.0,1.0,1.0
SNPT-159,0,,1.0,0.0,0.0,0.0,0.7592592592592593,0.8709677419354839,0.8419409813704314,356.0,417.0,62.0,62.0,22.944007387265174,439.1840682476553,1334.4151495166602,456.3939637099836,96.0120297636506,3.0,0.07114895902419381,0.9724580998773928,0.2125984251968504,0.0,1.0,0.9763779527559056,0.9217721411297398,623.0,749.0,127.0,127.0,1878.5,816.5,841.5536338020834,740.4833600713484,149.40379500132107,206.0,652.4604830163929,544.0848504833398,360.1060362900164,0.6426344776771008,0.7339400053024292,0.9269558787345886,0.0,0.0,0.0,1.0,0.0,0.0
SNPT-159,1,10.0,0.16661305423125233,0.9267019536849614,0.17452830188679244,0.0,0.9656992084432717,0.8938679245283019,0.9136327360424957,0.0,423.0,424.0,424.0,1354.5,440.5,1510.1083505770093,463.1954968044328,94.39537371580693,,1.0,0.0,0.0,0.0,1.0,0.7083333333333334,0.9075093479717479,424.0,447.0,24.0,24.0,1621.5,471.0,1913.928640438789,474.6903639768699,83.79991934380132,1.0,111.66472062072279,111.39164942299067,7.804503195567179,1.126437524701381,0.8907758593559265,0.9850078821182251,0.0,0.0,0.0,1.0,0.0,1.0
SNPT-159,0,14.0,0.03286414499728815,0.9247918605804444,0.7758620689655172,0.0,0.7708333333333334,0.8275862068965517,0.8473503900070986,0.0,57.0,58.0,58.0,223.5,574.0,10.596707664384457,568.9227230828003,123.37452062469002,,1.0,0.0,0.0,0.0,0.8303571428571429,0.9333333333333333,0.8777458369731903,283.0,402.0,120.0,120.0,1906.2084161091898,499.5744434277616,1904.9080448245745,492.74263089246256,93.0980120316084,226.0,1896.8797887805508,1895.6117084448053,-69.34827965503871,1.3252111181794324,0.7526851296424866,0.9291560649871826,0.0,0.0,0.0,1.0,0.0,0.0
SNPT-159,1,9.0,0.00017379315167485366,0.9999862549439916,0.8907563025210085,1.0,1.0,0.8907563025210085,0.8031947832062559,66.0,184.0,119.0,119.0,1913.0,559.5,1913.608680269208,524.192281302783,132.05404110776664,,1.0,0.0,0.0,1.0,1.0,0.8541666666666666,0.8816689209240239,624.0,671.0,48.0,48.0,1908.5,524.0,1913.4438668997723,682.2599867089673,107.20128460905931,440.0,5.112297545369876,-5.10868026920798,-0.19228130278304434,1.2318326369813584,0.6988770961761475,0.9215461611747742,0.0,0.0,0.0,1.0,0.0,1.0
SNPT-159,0,,1.0,0.0,0.0,1.0,1.0,0.03614457831325301,0.5515546211174556,214.0,296.0,83.0,83.0,10.5,504.0,4.075634827130425,516.8572569744099,93.71448601903774,,1.0,0.0,0.0,1.0,1.0,0.9048991354466859,0.8881214194616694,403.0,749.0,347.0,347.0,17.0,595.5,571.1321161374103,649.4454117840849,114.9057667121131,107.0,79.69768030319756,12.924365172869575,78.64274302559011,0.815576873994772,0.6136004328727722,0.9006645083427429,0.0,0.0,0.0,1.0,0.0,1.0
SNPT-159,1,6.0,0.010055952120725829,0.9964854463817566,0.2828507795100223,1.0,1.0,0.8663697104677061,0.8583590422007602,0.0,448.0,449.0,449.0,1424.5,511.5,1911.5241213151264,486.7037976023724,88.41477005636148,,1.0,0.0,0.0,1.0,1.0,0.87,0.8631138232932694,643.0,742.0,100.0,100.0,1909.5,297.5,1879.1159100655045,332.63402472479146,62.733994456407,195.0,189.21462441961998,-2.024121315126422,-189.2037976023724,1.4093598028067493,0.762030839920044,0.9754618406295776,0.0,0.0,0.0,1.0,0.0,1.0
SNPT-159,0,40.0,0.10280410433248714,0.9572603639135969,0.17735849056603772,1.0,0.9727626459143969,0.969811320754717,0.8596586754349883,0.0,264.0,265.0,265.0,1316.0,452.0,1912.9873816382394,436.0077920589738,91.3760452494571,,1.0,0.0,0.0,0.0,0.8303571428571429,0.9333333333333333,0.8777458369731903,283.0,402.0,120.0,120.0,1906.2084161091898,499.5744434277616,1904.9080448245745,492.74263089246256,93.0980120316084,19.0,63.92709550640523,-6.7789655290496285,63.5666513687878,0.9815037212441586,0.6980043649673462,0.949786901473999,0.0,0.0,0.0,0.0,1.0,0.0
SNPT-159,1,22.0,0.01042344846305091,0.9956030465744354,0.2774390243902439,1.0,1.0,0.8719512195121951,0.9030513006907243,0.0,327.0,328.0,328.0,692.5,469.0,10.250351140034923,494.83510651646236,112.44373801465915,,1.0,0.0,0.0,1.0,1.0,0.8415300546448088,0.8754782744429328,384.0,749.0,366.0,366.0,26.5,504.0,852.2025754390509,294.75976043324965,85.08334510775549,57.0,18.656000660290378,16.249648859965077,9.16489348353764,1.3215716644926518,0.9299505949020386,0.9858105778694153,0.0,0.0,0.0,1.0,0.0,1.0
SNPT-159,1,10.0,0.6793271712958813,0.7890215516090393,0.0038910505836575876,0.0,0.9834710743801653,0.9416342412451362,0.9072474332387782,0.0,256.0,257.0,257.0,1319.5,418.0,1911.9821821849464,449.9341922528656,85.00022923540207,,1.0,0.0,0.0,0.0,1.0,0.9166666666666666,0.8931143403053283,681.0,740.0,60.0,60.0,1908.5,317.5,1911.7721872219863,315.23161154544687,61.27946108176169,425.0,132.47996403395544,-3.482182184946396,-132.4341922528656,1.387091657382416,0.7634809017181396,0.9667328596115112,0.0,0.0,0.0,1.0,0.0,1.0
SNPT-159,0,3.0,0.00030987873436639677,0.9963796801037259,0.9375,0.0,1.0,0.9479166666666666,0.8254439385382684,307.0,436.0,130.0,96.0,1902.0,828.5,1908.7503987465452,692.8354257587415,164.45809394249184,,1.0,0.0,0.0,0.0,1.0,0.92,0.9104902705420619,686.0,744.0,59.0,50.0,1912.5,340.0,1910.3338280447028,341.1248337134219,73.53987058593262,250.0,352.8553488044532,3.7496012534547845,-352.8354257587415,2.2363119846712225,0.8565154671669006,0.8714539408683777,0.0,0.0,0.0,1.0,0.0,1.0
SNPT-159,1,40.0,0.10280410433248714,0.9572603639135969,0.17735849056603772,1.0,0.9727626459143969,0.969811320754717,0.8596586754349883,0.0,264.0,265.0,265.0,1316.0,452.0,1912.9873816382394,436.0077920589738,91.3760452494571,,1.0,0.0,0.0,1.0,1.0,0.8661417322834646,0.8423240818760612,623.0,749.0,127.0,127.0,1899.0,227.5,1735.351837649278,261.5478462941424,50.21683293352001,359.0,208.97642497277536,-13.987381638239412,-208.5077920589738,1.8196297916761512,0.8550918102264404,0.9732369184494019,0.0,0.0,0.0,1.0,0.0,1.0
SNPT-159,0,26.0,0.04253657082487836,0.9614664340075457,0.5286783042394015,0.0,1.0,0.8453865336658354,0.8480177964784402,0.0,418.0,419.0,401.0,1468.5,551.0,1883.856666238738,586.1739066246682,118.01851325730598,,1.0,0.0,0.0,0.0,0.7857142857142857,0.875,0.8539624341896602,699.0,714.0,16.0,16.0,1907.5,463.0,1910.7818102551237,486.2561469055491,100.13046760513197,281.0,125.42255979100779,23.643333761262056,-123.17390662466823,1.178647379563992,0.6155791282653809,0.9413571357727051,0.0,0.0,0.0,1.0,0.0,0.0
SNPT-159,1,29.0,0.06731893954479272,0.9536563230723869,0.26282051282051283,1.0,0.9391634980988594,0.842948717948718,0.8834435867266056,0.0,311.0,312.0,312.0,1011.0,455.5,8.465140170435387,455.52488360969596,99.14083944196906,,1.0,0.0,0.0,1.0,1.0,0.8135135135135135,0.8833268146182216,380.0,749.0,370.0,370.0,12.951978288646046,526.8883344656534,984.6548689034064,461.7051576506718,95.66641244156254,69.0,71.50436234503239,4.48683811821066,71.36345085595747,1.0363181487810977,0.8691672086715698,0.967445433139801,0.0,0.0,0.0,1.0,0.0,1.0
SNPT-159,1,,1.0,0.0,0.0,1.0,1.0,0.8461538461538461,0.7952989610758695,418.0,430.0,13.0,13.0,1621.0,528.0,1883.3654708101612,501.9404307675789,95.66599755471658,,1.0,0.0,0.0,1.0,1.0,0.87,0.8631138232932694,643.0,742.0,100.0,100.0,1909.5,297.5,1879.1159100655045,332.63402472479146,62.733994456407,213.0,206.10410803379867,26.13452918983876,-204.4404307675789,1.5249466957056845,0.7466620802879333,0.9209669828414917,0.0,0.0,0.0,1.0,0.0,1.0
SNPT-159,0,30.0,0.010745129911834175,0.9921137424660664,0.4811320754716981,1.0,1.0,0.8207547169811321,0.8272328022225149,0.0,423.0,424.0,424.0,1111.5,622.5,1712.598589768429,493.542479397565,118.72154273909504,,1.0,0.0,0.0,0.0,0.7857142857142857,0.875,0.8539624341896602,699.0,714.0,16.0,16.0,1907.5,463.0,1910.7818102551237,486.2561469055491,100.13046760513197,276.0,197.2800110452293,194.90141023157094,-30.54247939756499,1.1856685140758318,0.5786786079406738,0.8995914459228516,0.0,0.0,0.0,0.0,1.0,0.0
SNPT-159,0,10.0,0.0012059666822799857,0.999859692412855,0.8584905660377359,1.0,1.0,0.8647798742138365,0.8029907904971729,0.0,317.0,318.0,318.0,647.5,776.0,8.807069708764455,601.5775465476698,150.1913774081029,3.0,0.07114895902419381,0.9724580998773928,0.2125984251968504,0.0,1.0,0.9763779527559056,0.9217721411297398,623.0,749.0,127.0,127.0,1878.5,816.5,841.5536338020834,740.4833600713484,149.40379500132107,306.0,1882.0051313901874,1869.6929302912356,214.92245345233016,1.0052715020175684,0.5925726294517517,0.8876656293869019,0.0,1.0,1.0,0.0,1.0,1.0
SNPT-159,0,29.0,0.06731893954479272,0.9536563230723869,0.26282051282051283,1.0,0.9391634980988594,0.842948717948718,0.8834435867266056,0.0,311.0,312.0,312.0,1011.0,455.5,8.465140170435387,455.52488360969596,99.14083944196906,,1.0,0.0,0.0,0.0,1.0,0.9570552147239264,0.9085888064060456,587.0,749.0,163.0,163.0,1911.5,270.0,1356.0473260305903,329.36210860327236,63.43316203593574,276.0,1912.0567879027342,1903.0348598295645,-185.52488360969596,1.5629181371378658,0.7176294922828674,0.938646674156189,0.0,0.0,0.0,0.0,1.0,1.0
SNPT-159,0,10.0,0.16661305423125233,0.9267019536849614,0.17452830188679244,0.0,0.9656992084432717,0.8938679245283019,0.9136327360424957,0.0,423.0,424.0,424.0,1354.5,440.5,1510.1083505770093,463.1954968044328,94.39537371580693,,1.0,0.0,0.0,0.0,1.0,0.9166666666666666,0.8931143403053283,681.0,740.0,60.0,60.0,1908.5,317.5,1911.7721872219863,315.23161154544687,61.27946108176169,258.0,424.1969873997947,398.39164942299067,-145.69549680443282,1.5404080265957392,0.842014729976654,0.9793229699134827,0.0,0.0,0.0,1.0,0.0,1.0
SNPT-159,1,14.0,0.0043788497819105925,0.9871827882749064,0.9642857142857143,0.0,1.0,0.9642857142857143,0.8153224013469837,0.0,55.0,56.0,56.0,77.0,588.0,16.77787171457163,579.5821401959322,131.10814118343833,16.0,0.8651942610740662,0.7087706699967384,0.011527377521613832,0.0,1.0,0.8155619596541787,0.9271024387632579,403.0,749.0,347.0,347.0,51.0,579.0,172.43933995642587,541.0371068544354,97.72151253687673,348.0,34.22707921503143,34.22212828542837,-0.5821401959321975,1.3416507561112774,0.8860953450202942,0.8950003385543823,0.0,1.0,0.0,1.0,0.0,1.0
SNPT-159,1,5.0,0.24250428192317486,0.8375533930957317,0.04819277108433735,1.0,0.972027972027972,0.8614457831325302,0.8862876837903803,110.0,319.0,210.0,166.0,8.5,566.0,16.745786864810505,522.8346535673109,119.60613106999206,,1.0,0.0,0.0,1.0,1.0,0.9393939393939394,0.9068398091100878,717.0,749.0,33.0,33.0,15.0,361.5,343.0319947259266,430.9075868785013,77.6044587049438,398.0,161.34409878722417,-1.7457868648105048,-161.33465356731085,1.541227566894588,0.8377847671508789,0.9728155136108398,0.0,0.0,0.0,1.0,0.0,1.0
SNPT-159,0,29.0,0.06731893954479272,0.9536563230723869,0.26282051282051283,1.0,0.9391634980988594,0.842948717948718,0.8834435867266056,0.0,311.0,312.0,312.0,1011.0,455.5,8.465140170435387,455.52488360969596,99.14083944196906,,1.0,0.0,0.0,1.0,1.0,0.8461538461538461,0.7952989610758695,418.0,430.0,13.0,13.0,1621.0,528.0,1883.3654708101612,501.9404307675789,95.66599755471658,107.0,1614.162729300036,1612.5348598295645,72.47511639030404,1.0363226431132444,0.7385951280593872,0.9211388230323792,0.0,0.0,0.0,1.0,0.0,1.0
SNPT-159,1,5.0,0.24250428192317486,0.8375533930957317,0.04819277108433735,1.0,0.972027972027972,0.8614457831325302,0.8862876837903803,110.0,319.0,210.0,166.0,8.5,566.0,16.745786864810505,522.8346535673109,119.60613106999206,,1.0,0.0,0.0,1.0,1.0,0.8252427184466019,0.8697687829242033,391.0,716.0,326.0,309.0,9.5,565.5,8.091638232709897,383.63579550073695,93.40288330843985,72.0,43.27624306142622,-7.245786864810505,42.66534643268915,1.2805400308149213,0.9505507349967957,0.9806325435638428,0.0,0.0,0.0,1.0,0.0,1.0
SNPT-159,0,14.0,0.03286414499728815,0.9247918605804444,0.7758620689655172,0.0,0.7708333333333334,0.8275862068965517,0.8473503900070986,0.0,57.0,58.0,58.0,223.5,574.0,10.596707664384457,568.9227230828003,123.37452062469002,10.0,0.1431748226750642,0.973396360874176,0.005291005291005291,1.0,1.0,0.9629629629629629,0.8830934923428756,374.0,562.0,189.0,189.0,12.138038272310212,673.6677158905992,1906.5060498691944,1020.593045628415,157.78106800270353,317.0,104.75633259306461,1.5413306079257545,104.7449928077989,0.7819348809489364,0.7714457511901855,0.9305935502052307,0.0,1.0,1.0,0.0,1.0,0.0
SNPT-159,1,9.0,0.00017379315167485366,0.9999862549439916,0.8907563025210085,1.0,1.0,0.8907563025210085,0.8031947832062559,66.0,184.0,119.0,119.0,1913.0,559.5,1913.608680269208,524.192281302783,132.05404110776664,,1.0,0.0,0.0,1.0,1.0,0.8991596638655462,0.869880420025264,300.0,449.0,150.0,119.0,1903.5,530.5,1914.0448009445095,483.55248389619214,99.83680179161199,116.0,11.91523109084734,-10.10868026920798,6.307718697216956,1.3226990322005832,0.8674220442771912,0.9184725284576416,0.0,0.0,0.0,1.0,0.0,1.0
SNPT-159,0,,1.0,0.0,0.0,0.0,0.7592592592592593,0.8709677419354839,0.8419409813704314,356.0,417.0,62.0,62.0,22.944007387265174,439.1840682476553,1334.4151495166602,456.3939637099836,96.0120297636506,,1.0,0.0,0.0,1.0,1.0,0.9393939393939394,0.9068398091100878,717.0,749.0,33.0,33.0,15.0,361.5,343.0319947259266,430.9075868785013,77.6044587049438,300.0,1322.8231934475077,-1319.4151495166602,-94.89396370998361,1.2371973384763026,0.6983469724655151,0.9076309204101562,0.0,0.0,0.0,0.0,1.0,0.0
SNPT-159,0,40.0,0.10280410433248714,0.9572603639135969,0.17735849056603772,1.0,0.9727626459143969,0.969811320754717,0.8596586754349883,0.0,264.0,265.0,265.0,1316.0,452.0,1912.9873816382394,436.0077920589738,91.3760452494571,10.0,0.013085082516586544,0.9896248416467146,0.567741935483871,1.0,1.0,0.9612903225806452,0.8321333779584641,595.0,749.0,155.0,155.0,1902.5,988.0,1289.888305406595,662.8186142758608,153.52434352489928,331.0,552.0918246100329,-10.487381638239412,551.9922079410262,0.5951892914926376,0.7185724377632141,0.9171448945999146,0.0,1.0,1.0,1.0,0.0,1.0
SNPT-159,0,,1.0,0.0,0.0,0.0,0.7592592592592593,0.8709677419354839,0.8419409813704314,356.0,417.0,62.0,62.0,22.944007387265174,439.1840682476553,1334.4151495166602,456.3939637099836,96.0120297636506,10.0,0.0012059666822799857,0.999859692412855,0.8584905660377359,1.0,1.0,0.8647798742138365,0.8029907904971729,0.0,317.0,318.0,318.0,647.5,776.0,8.807069708764455,601.5775465476698,150.1913774081029,39.0,163.00765258509523,14.136937678500718,-162.39347830001452,0.6392645930848937,0.6846412420272827,0.8569393157958984,0.0,0.0,0.0,0.0,1.0,0.0
SNPT-159,1,10.0,0.0012059666822799857,0.999859692412855,0.8584905660377359,1.0,1.0,0.8647798742138365,0.8029907904971729,0.0,317.0,318.0,318.0,647.5,776.0,8.807069708764455,601.5775465476698,150.1913774081029,10.0,0.013085082516586544,0.9896248416467146,0.567741935483871,1.0,1.0,0.9612903225806452,0.8321333779584641,595.0,749.0,155.0,155.0,1902.5,988.0,1289.888305406595,662.8186142758608,153.52434352489928,278.0,1932.7170581249404,1893.6929302912356,386.42245345233016,0.978290308622907,0.8437949419021606,0.9910848736763,1.0,0.0,1.0,1.0,0.0,1.0
SNPT-159,1,,1.0,0.0,0.0,1.0,1.0,0.8991596638655462,0.869880420025264,300.0,449.0,150.0,119.0,1903.5,530.5,1914.0448009445095,483.55248389619214,99.83680179161199,,1.0,0.0,0.0,1.0,1.0,0.8541666666666666,0.8816689209240239,624.0,671.0,48.0,48.0,1908.5,524.0,1913.4438668997723,682.2599867089673,107.20128460905931,175.0,40.82580527658982,-5.544800944509461,40.44751610380786,0.931302289479981,0.7772183418273926,0.9642438292503357,0.0,0.0,0.0,1.0,0.0,1.0
SNPT-159,0,,1.0,0.0,0.0,1.0,1.0,0.03614457831325301,0.5515546211174556,214.0,296.0,83.0,83.0,10.5,504.0,4.075634827130425,516.8572569744099,93.71448601903774,,1.0,0.0,0.0,0.0,1.0,0.9166666666666666,0.8931143403053283,681.0,740.0,60.0,60.0,1908.5,317.5,1911.7721872219863,315.23161154544687,61.27946108176169,385.0,1914.8304046500953,1904.4243651728696,-199.3572569744099,1.529296837222505,0.5899505615234375,0.9217082262039185,0.0,0.0,0.0,0.0,1.0,1.0
SNPT-159,0,6.0,0.010055952120725829,0.9964854463817566,0.2828507795100223,1.0,1.0,0.8663697104677061,0.8583590422007602,0.0,448.0,449.0,449.0,1424.5,511.5,1911.5241213151264,486.7037976023724,88.41477005636148,10.0,0.013085082516586544,0.9896248416467146,0.567741935483871,1.0,1.0,0.9612903225806452,0.8321333779584641,595.0,749.0,155.0,155.0,1902.5,988.0,1289.888305406595,662.8186142758608,153.52434352489928,147.0,501.37742001788763,-9.024121315126422,501.2962023976276,0.5759006554033691,0.8360482454299927,0.9450961351394653,0.0,1.0,1.0,1.0,0.0,1.0
SNPT-159,0,14.0,0.03286414499728815,0.9247918605804444,0.7758620689655172,0.0,0.7708333333333334,0.8275862068965517,0.8473503900070986,0.0,57.0,58.0,58.0,223.5,574.0,10.596707664384457,568.9227230828003,123.37452062469002,3.0,0.00030987873436639677,0.9963796801037259,0.9375,0.0,1.0,0.9479166666666666,0.8254439385382684,307.0,436.0,130.0,96.0,1902.0,828.5,1908.7503987465452,692.8354257587415,164.45809394249184,250.0,1909.1324671037771,1891.4032923356156,259.5772769171997,0.7501881948591229,0.8367518186569214,0.9483798742294312,0.0,1.0,1.0,1.0,0.0,0.0
SNPT-159,1,,1.0,0.0,0.0,0.0,1.0,0.7083333333333334,0.9075093479717479,424.0,447.0,24.0,24.0,1621.5,471.0,1913.928640438789,474.6903639768699,83.79991934380132,,1.0,0.0,0.0,0.0,1.0,0.9570552147239264,0.9085888064060456,587.0,749.0,163.0,163.0,1911.5,270.0,1356.0473260305903,329.36210860327236,63.43316203593574,140.0,204.7047713155812,-2.428640438788989,-204.6903639768699,1.3210742875521095,0.830382764339447,0.97126305103302,0.0,0.0,0.0,1.0,0.0,1.0
SNPT-159,1,10.0,0.1431748226750642,0.973396360874176,0.005291005291005291,1.0,1.0,0.9629629629629629,0.8830934923428756,374.0,562.0,189.0,189.0,12.138038272310212,673.6677158905992,1906.5060498691944,1020.593045628415,157.78106800270353,10.0,0.013085082516586544,0.9896248416467146,0.567741935483871,1.0,1.0,0.9612903225806452,0.8321333779584641,595.0,749.0,155.0,155.0,1902.5,988.0,1289.888305406595,662.8186142758608,153.52434352489928,33.0,32.83831693145088,-4.006049869194385,-32.593045628414984,1.0277267069187233,0.9149954915046692,0.9541878700256348,1.0,0.0,1.0,1.0,0.0,1.0
SNPT-159,1,14.0,0.03286414499728815,0.9247918605804444,0.7758620689655172,0.0,0.7708333333333334,0.8275862068965517,0.8473503900070986,0.0,57.0,58.0,58.0,223.5,574.0,10.596707664384457,568.9227230828003,123.37452062469002,,1.0,0.0,0.0,1.0,1.0,0.8252427184466019,0.8697687829242033,391.0,716.0,326.0,309.0,9.5,565.5,8.091638232709897,383.63579550073695,93.40288330843985,334.0,3.594134249392143,-1.096707664384457,-3.422723082800303,1.32088556856726,0.8626405000686646,0.9396712779998779,0.0,0.0,0.0,0.0,1.0,0.0
SNPT-159,0,10.0,0.6793271712958813,0.7890215516090393,0.0038910505836575876,0.0,0.9834710743801653,0.9416342412451362,0.9072474332387782,0.0,256.0,257.0,257.0,1319.5,418.0,1911.9821821849464,449.9341922528656,85.00022923540207,,1.0,0.0,0.0,1.0,1.0,0.8252427184466019,0.8697687829242033,391.0,716.0,326.0,309.0,9.5,565.5,8.091638232709897,383.63579550073695,93.40288330843985,135.0,1905.9889583760562,-1902.4821821849464,115.56580774713439,0.9100386007861224,0.6661365032196045,0.9337937831878662,0.0,0.0,0.0,0.0,1.0,1.0
SNPT-159,1,20.0,0.1732291023849939,0.8247732736847617,0.16566265060240964,0.0,0.9280575539568345,0.8373493975903614,0.9080833348867704,0.0,331.0,332.0,332.0,1854.0,466.5,3.9660746814008814,425.6123575676497,89.44259487447016,,1.0,0.0,0.0,0.0,1.0,0.92,0.9104902705420619,686.0,744.0,59.0,50.0,1912.5,340.0,1910.3338280447028,341.1248337134219,73.53987058593262,355.0,1910.4531451622443,1908.5339253185991,-85.61235756764972,1.2162462914583856,0.7873871326446533,0.9733160138130188,0.0,0.0,0.0,1.0,0.0,1.0
SNPT-159,1,14.0,0.03286414499728815,0.9247918605804444,0.7758620689655172,0.0,0.7708333333333334,0.8275862068965517,0.8473503900070986,0.0,57.0,58.0,58.0,223.5,574.0,10.596707664384457,568.9227230828003,123.37452062469002,,1.0,0.0,0.0,1.0,1.0,0.9393939393939394,0.9068398091100878,717.0,749.0,33.0,33.0,15.0,361.5,343.0319947259266,430.9075868785013,77.6044587049438,660.0,207.46945566631476,4.403292335615543,-207.4227230828003,1.589786497883664,0.7250897884368896,0.9238360524177551,0.0,0.0,0.0,0.0,1.0,0.0
SNPT-159,1,6.0,0.023392709079034416,0.984787841034199,0.4151376146788991,0.0,1.0,0.8348623853211009,0.9097180702201613,0.0,435.0,436.0,436.0,1820.5,656.5,1905.1389713130416,669.222010413617,145.53869318657567,,1.0,0.0,0.0,0.0,0.9941520467836257,0.9771428571428571,0.9163865328532214,575.0,749.0,175.0,175.0,1897.5,625.0,1301.1023400125528,626.8136063800564,130.85637843387073,140.0,44.876943832479526,-7.638971313041566,-44.222010413617,1.112201750716529,0.9422325491905212,0.9925286173820496,0.0,0.0,0.0,1.0,0.0,1.0
SNPT-159,1,10.0,0.16661305423125233,0.9267019536849614,0.17452830188679244,0.0,0.9656992084432717,0.8938679245283019,0.9136327360424957,0.0,423.0,424.0,424.0,1354.5,440.5,1510.1083505770093,463.1954968044328,94.39537371580693,,1.0,0.0,0.0,0.0,1.0,0.9570552147239264,0.9085888064060456,587.0,749.0,163.0,163.0,1911.5,270.0,1356.0473260305903,329.36210860327236,63.43316203593574,164.0,445.465774456378,401.39164942299067,-193.19549680443282,1.4881076504168385,0.8882080912590027,0.9832632541656494,0.0,0.0,0.0,1.0,0.0,1.0
SNPT-159,0,10.0,0.0012059666822799857,0.999859692412855,0.8584905660377359,1.0,1.0,0.8647798742138365,0.8029907904971729,0.0,317.0,318.0,318.0,647.5,776.0,8.807069708764455,601.5775465476698,150.1913774081029,,1.0,0.0,0.0,0.0,1.0,0.9166666666666666,0.8931143403053283,681.0,740.0,60.0,60.0,1908.5,317.5,1911.7721872219863,315.23161154544687,61.27946108176169,364.0,1920.815785506524,1899.6929302912356,-284.07754654766984,2.450925232643791,0.7102782130241394,0.860263466835022,0.0,0.0,0.0,0.0,1.0,1.0
SNPT-159,0,,1.0,0.0,0.0,0.0,0.8303571428571429,0.9333333333333333,0.8777458369731903,283.0,402.0,120.0,120.0,1906.2084161091898,499.5744434277616,1904.9080448245745,492.74263089246256,93.0980120316084,,1.0,0.0,0.0,1.0,1.0,0.8661417322834646,0.8423240818760612,623.0,749.0,127.0,127.0,1899.0,227.5,1735.351837649278,261.5478462941424,50.21683293352001,221.0,265.30842096775655,-5.908044824574517,-265.24263089246256,1.8539204205660882,0.7234416007995605,0.9447497725486755,0.0,0.0,0.0,0.0,1.0,0.0
SNPT-159,1,14.0,0.0043788497819105925,0.9871827882749064,0.9642857142857143,0.0,1.0,0.9642857142857143,0.8153224013469837,0.0,55.0,56.0,56.0,77.0,588.0,16.77787171457163,579.5821401959322,131.10814118343833,14.0,0.00963738064155414,0.9913124034599382,0.7480916030534351,0.0,0.9532710280373832,0.816793893129771,0.9116492165583316,185.0,315.0,131.0,131.0,17.5,584.5,12.69633203623346,528.0027192096946,111.28631649728713,130.0,4.970594965703957,0.7221282854283686,4.9178598040678025,1.178115560924639,0.9348050355911255,0.9233630895614624,1.0,0.0,1.0,1.0,0.0,1.0
SNPT-159,0,,1.0,0.0,0.0,0.0,0.7592592592592593,0.8709677419354839,0.8419409813704314,356.0,417.0,62.0,62.0,22.944007387265174,439.1840682476553,1334.4151495166602,456.3939637099836,96.0120297636506,,1.0,0.0,0.0,0.0,1.0,0.9166666666666666,0.8931143403053283,681.0,740.0,60.0,60.0,1908.5,317.5,1911.7721872219863,315.23161154544687,61.27946108176169,264.0,590.6479058707894,574.0848504833398,-138.8939637099836,1.5667897215275315,0.7918621897697449,0.9804627895355225,0.0,0.0,0.0,1.0,0.0,0.0
SNPT-160,1,9.0,0.020055001439764863,0.984529425345716,0.7433628318584071,1.0,0.9257142857142857,0.7743362831858407,0.8227063795498439,0.0,225.0,226.0,226.0,1028.5,657.5,1883.75659549872,662.8772172103952,146.76163568116607,9.0,0.005647848301498471,0.9983308814466,0.4968944099378882,1.0,0.9794520547945206,0.906832298136646,0.8800197292680609,589.0,749.0,161.0,161.0,1909.5,580.0,1033.0264899122185,646.8428289886465,91.0552128861797,364.0,86.78338555193359,25.74340450128011,-82.8772172103952,1.611787299477518,0.8720832467079163,0.9496679902076721,1.0,0.0,1.0,1.0,0.0,1.0
SNPT-160,0,20.0,0.01922843075643262,0.9939386248588562,0.2523364485981308,1.0,1.0,0.9439252336448598,0.8999677719456134,274.0,380.0,107.0,107.0,20.0,625.5,6.94945337523932,701.4479214078451,130.1886431436087,14.0,0.0008615639380877838,0.9999246448278427,0.049689440993788817,1.0,1.0,0.968944099378882,0.8686159883554165,559.0,736.0,178.0,161.0,1910.5,382.5,4.131564489131172,529.528232810657,68.54647600291925,179.0,1930.0861276445178,1903.5505466247607,-318.9479214078451,1.8992755096274274,0.7613340616226196,0.9803075194358826,0.0,1.0,1.0,1.0,0.0,1.0
SNPT-160,0,,1.0,0.0,0.0,0.0,1.0,0.8532110091743119,0.8731594886831058,0.0,238.0,239.0,218.0,1704.5,521.5,1902.8771792432,512.2403059422433,135.46298045924766,22.0,0.02893423852073402,0.9939816101737644,0.1419753086419753,0.0,0.9605263157894737,0.9382716049382716,0.9108729935006091,588.0,749.0,162.0,162.0,1908.0,553.0,1544.1859023967818,543.349673110924,82.69742261890372,350.0,41.08035968912919,5.122820756799911,40.75969405775675,1.6380556511840108,0.7265850305557251,0.9404178261756897,0.0,0.0,0.0,1.0,0.0,1.0
SNPT-160,1,10.0,0.0023093428076875473,0.9996214898427328,0.5617977528089888,1.0,1.0,0.7790262172284644,0.8042424653585141,0.0,266.0,267.0,267.0,687.5,717.0,1901.8619908638289,687.1506191193089,174.52365260765336,10.0,0.010785663178964124,0.9981622002845587,0.6013986013986014,1.0,1.0,0.951048951048951,0.8880042832563905,607.0,749.0,143.0,143.0,1907.5,685.5,605.6539082061734,767.0792833866701,123.51217520961754,341.0,5.87466513910175,5.638009136171149,-1.6506191193088853,1.4130076837482797,0.9213532209396362,0.9179887175559998,1.0,0.0,1.0,1.0,0.0,1.0
SNPT-160,1,20.0,0.01922843075643262,0.9939386248588562,0.2523364485981308,1.0,1.0,0.9439252336448598,0.8999677719456134,274.0,380.0,107.0,107.0,20.0,625.5,6.94945337523932,701.4479214078451,130.1886431436087,,1.0,0.0,0.0,1.0,1.0,0.9322033898305084,0.9164834266359155,524.0,641.0,118.0,118.0,23.0,686.5,15.767109224434304,766.558246837458,122.02982728541835,144.0,21.933089188911143,16.05054662476068,-14.947921407845115,1.0668591936880112,0.969141960144043,0.9900633096694946,0.0,0.0,0.0,1.0,0.0,1.0
SNPT-160,1,14.0,0.01039438306786092,0.9849124635443275,0.3403361344537815,1.0,1.0,0.7689075630252101,0.8962198844372901,0.0,237.0,238.0,238.0,1091.0,530.0,1887.5931409500156,500.7845249744362,115.95738438742914,14.0,0.0008615639380877838,0.9999246448278427,0.049689440993788817,1.0,1.0,0.968944099378882,0.8686159883554165,559.0,736.0,178.0,161.0,1910.5,382.5,4.131564489131172,529.528232810657,68.54647600291925,322.0,120.48216897103018,22.906859049984405,-118.28452497443618,1.6916607701684148,0.9056698679924011,0.9312124252319336,1.0,0.0,1.0,1.0,0.0,1.0
SNPT-160,0,,1.0,0.0,0.0,0.0,1.0,0.8532110091743119,0.8731594886831058,0.0,238.0,239.0,218.0,1704.5,521.5,1902.8771792432,512.2403059422433,135.46298045924766,,1.0,0.0,0.0,,0.0,0.0,0.5364429663334574,622.0,749.0,128.0,128.0,1907.5,380.0,826.4170853958494,463.91269831196564,63.658471718508736,384.0,132.3210829287895,4.622820756799911,-132.24030594224325,2.1279646966432235,0.5774046182632446,0.9340025186538696,0.0,0.0,0.0,0.0,0.0,0.0
SNPT-160,1,,1.0,0.0,0.0,0.0,1.0,0.8284313725490197,0.9237849042260435,0.0,203.0,204.0,204.0,1787.5,379.5,1913.123951649563,408.31573310912256,82.8554898522155,,1.0,0.0,0.0,0.0,1.0,0.7777777777777778,0.9165246720824923,449.0,484.0,36.0,36.0,1902.0,455.5,1911.8075569778532,473.78591745769313,78.73917541211028,246.0,48.47780257325375,-11.123951649562969,47.18426689087744,1.0522778454125405,0.9092483520507812,0.965213418006897,0.0,0.0,0.0,1.0,0.0,1.0
SNPT-160,0,,1.0,0.0,0.0,0.0,1.0,0.8532110091743119,0.8731594886831058,0.0,238.0,239.0,218.0,1704.5,521.5,1902.8771792432,512.2403059422433,135.46298045924766,25.0,0.013793659108830802,0.9960890063425389,0.1168091168091168,1.0,1.0,0.9772079772079773,0.8998968257153347,257.0,607.0,351.0,351.0,14.5,420.0,4.700197961832309,449.0061358847114,88.68956391794013,19.0,1890.628637550702,-1888.3771792432,-92.24030594224325,1.5273835440727226,0.6922924518585205,0.9499569535255432,0.0,0.0,0.0,0.0,1.0,1.0
SNPT-160,0,14.0,0.01039438306786092,0.9849124635443275,0.3403361344537815,1.0,1.0,0.7689075630252101,0.8962198844372901,0.0,237.0,238.0,238.0,1091.0,530.0,1887.5931409500156,500.7845249744362,115.95738438742914,25.0,0.013793659108830802,0.9960890063425389,0.1168091168091168,1.0,1.0,0.9772079772079773,0.8998968257153347,257.0,607.0,351.0,351.0,14.5,420.0,4.700197961832309,449.0061358847114,88.68956391794013,20.0,1874.8344071275574,-1873.0931409500156,-80.78452497443618,1.3074524133946415,0.904716968536377,0.956040620803833,0.0,1.0,1.0,1.0,0.0,1.0
SNPT-160,0,,1.0,0.0,0.0,1.0,1.0,0.774294670846395,0.9199564997483844,0.0,338.0,339.0,319.0,753.0,415.0,1909.9787268806358,407.0930899789686,95.11683004488316,28.0,0.011956735629050504,0.9638736530354148,0.14728682170542637,0.0,1.0,0.8449612403100775,0.883115553527797,621.0,749.0,129.0,129.0,1904.5,597.5,921.2029779410773,735.8238170778114,97.2523154743488,283.0,190.48571555890945,-5.478726880635804,190.40691002103142,0.9780418037447253,0.6585476398468018,0.9457635283470154,0.0,0.0,0.0,0.0,1.0,1.0
SNPT-160,1,,1.0,0.0,0.0,0.0,1.0,0.8532110091743119,0.8731594886831058,0.0,238.0,239.0,218.0,1704.5,521.5,1902.8771792432,512.2403059422433,135.46298045924766,,1.0,0.0,0.0,0.0,1.0,0.8536585365853658,0.8929946890899113,557.0,720.0,164.0,164.0,1914.0,444.5,20.371910229554025,457.59029245743284,58.46793980815991,319.0,68.64740483613795,11.12282075679991,-67.74030594224325,2.3168762385628328,0.7135191559791565,0.9581494927406311,0.0,0.0,0.0,1.0,0.0,1.0
SNPT-160,1,,1.0,0.0,0.0,0.0,1.0,0.7777777777777778,0.9165246720824923,449.0,484.0,36.0,36.0,1902.0,455.5,1911.8075569778532,473.78591745769313,78.73917541211028,29.0,0.00029737161516355366,0.999975962298257,0.07368421052631578,0.0,1.0,0.968421052631579,0.9080765010870021,560.0,749.0,190.0,190.0,1895.0,436.5,101.77368411234161,590.2808915150492,91.28406525409511,76.0,40.89906615346722,-16.80755697785321,-37.28591745769313,0.8625730590868701,0.7300251722335815,0.9721618890762329,0.0,0.0,0.0,1.0,0.0,1.0
SNPT-160,0,,1.0,0.0,0.0,0.0,1.0,0.8284313725490197,0.9237849042260435,0.0,203.0,204.0,204.0,1787.5,379.5,1913.123951649563,408.31573310912256,82.8554898522155,22.0,0.02893423852073402,0.9939816101737644,0.1419753086419753,0.0,0.9605263157894737,0.9382716049382716,0.9108729935006091,588.0,749.0,162.0,162.0,1908.0,553.0,1544.1859023967818,543.349673110924,82.69742261890372,385.0,144.7749700958619,-5.123951649562969,144.68426689087744,1.0019113924993794,0.8564417958259583,0.9861556887626648,0.0,0.0,0.0,1.0,0.0,1.0
SNPT-160,1,,1.0,0.0,0.0,0.0,1.0,0.8284313725490197,0.9237849042260435,0.0,203.0,204.0,204.0,1787.5,379.5,1913.123951649563,408.31573310912256,82.8554898522155,29.0,0.00029737161516355366,0.999975962298257,0.07368421052631578,0.0,1.0,0.968421052631579,0.9080765010870021,560.0,749.0,190.0,190.0,1895.0,436.5,101.77368411234161,590.2808915150492,91.28406525409511,357.0,33.50866341070479,-18.12395164956297,28.18426689087744,0.9076665201268357,0.7974895238876343,0.9877619743347168,0.0,0.0,0.0,1.0,0.0,1.0
SNPT-160,0,,1.0,0.0,0.0,0.0,1.0,0.8284313725490197,0.9237849042260435,0.0,203.0,204.0,204.0,1787.5,379.5,1913.123951649563,408.31573310912256,82.8554898522155,25.0,0.013793659108830802,0.9960890063425389,0.1168091168091168,1.0,1.0,0.9772079772079773,0.8998968257153347,257.0,607.0,351.0,351.0,14.5,420.0,4.700197961832309,449.0061358847114,88.68956391794013,54.0,1898.6599042140695,-1898.623951649563,11.684266890877439,0.9342191594140365,0.7213433980941772,0.9623026251792908,0.0,0.0,0.0,0.0,1.0,1.0
SNPT-160,1,,1.0,0.0,0.0,1.0,0.9945255474452555,0.8782051282051282,0.8402414059769499,0.0,623.0,624.0,624.0,694.0,308.0,591.724437126858,293.60166885434285,60.212851985768935,,1.0,0.0,0.0,0.0,1.0,0.8823529411764706,0.7910319606463114,624.0,640.0,17.0,17.0,557.5,294.5,236.42838167017194,333.5723613223067,35.0,1.0,34.23622490137477,-34.22443712685799,0.8983311456571528,1.7203671995933982,0.8407859206199646,0.9205456972122192,0.0,0.0,0.0,0.0,1.0,1.0
SNPT-160,0,10.0,0.0023093428076875473,0.9996214898427328,0.5617977528089888,1.0,1.0,0.7790262172284644,0.8042424653585141,0.0,266.0,267.0,267.0,687.5,717.0,1901.8619908638289,687.1506191193089,174.52365260765336,,1.0,0.0,0.0,0.0,1.0,0.7777777777777778,0.9165246720824923,449.0,484.0,36.0,36.0,1902.0,455.5,1911.8075569778532,473.78591745769313,78.73917541211028,183.0,231.65066022975367,0.1380091361711493,-231.65061911930889,2.2164780326212457,0.6457815766334534,0.8015815019607544,0.0,0.0,0.0,0.0,1.0,1.0
SNPT-160,0,9.0,0.020055001439764863,0.984529425345716,0.7433628318584071,1.0,0.9257142857142857,0.7743362831858407,0.8227063795498439,0.0,225.0,226.0,226.0,1028.5,657.5,1883.75659549872,662.8772172103952,146.76163568116607,,1.0,0.0,0.0,1.0,1.0,0.9322033898305084,0.9164834266359155,524.0,641.0,118.0,118.0,23.0,686.5,15.767109224434304,766.558246837458,122.02982728541835,299.0,1860.9065381041337,-1860.75659549872,23.6227827896048,1.2026701909353845,0.7958439588546753,0.910527229309082,0.0,0.0,0.0,1.0,0.0,1.0
SNPT-160,1,,1.0,0.0,0.0,1.0,1.0,0.774294670846395,0.9199564997483844,0.0,338.0,339.0,319.0,753.0,415.0,1909.9787268806358,407.0930899789686,95.11683004488316,,1.0,0.0,0.0,1.0,1.0,0.9188191881918819,0.8784183134515602,404.0,722.0,319.0,271.0,1913.0,430.5,9.776440678156106,460.32759472523895,75.55661156088247,66.0,23.60109166954897,3.0212731193641957,23.406910021031422,1.2588816263714968,0.9753974676132202,0.9711408019065857,0.0,0.0,0.0,1.0,0.0,1.0
SNPT-161,1,,1.0,0.0,0.0,1.0,1.0,0.9565217391304348,0.9191216392950579,0.0,22.0,23.0,23.0,639.5,899.5,38.74303661655344,964.959559497449,195.96726856273858,20.0,0.062299279435645824,0.9156304136762079,0.41732283464566927,1.0,1.0,0.910761154855643,0.9180003124630073,228.0,608.0,381.0,381.0,15.5,671.0,16.39425503396295,625.1535106309186,114.96755129186076,206.0,294.8770275404524,-23.24303661655344,-293.95955949744905,1.70454416364187,0.8846122026443481,0.9750027060508728,0.0,0.0,0.0,1.0,0.0,1.0
SNPT-161,0,,1.0,0.0,0.0,0.0,1.0,0.75,0.9100154240926107,0.0,25.0,26.0,12.0,223.5,839.5,14.16180204524738,1035.029179434534,148.7090167342683,,1.0,0.0,0.0,1.0,1.0,0.15254237288135594,0.6067420420823274,25.0,104.0,80.0,59.0,1912.0,460.0,1908.441868211158,475.58298016169607,80.14262302895034,0.0,1983.0401868891352,1897.8381979547526,-575.029179434534,1.8555546488732888,0.6007531881332397,0.9255249500274658,0.0,0.0,0.0,0.0,1.0,1.0
SNPT-161,1,6.0,0.030998422870910345,0.9885388918491225,0.3397887323943662,0.0,1.0,0.9383802816901409,0.9036377619176152,0.0,567.0,568.0,568.0,1824.5,726.5,15.31180141133743,670.7251214895289,129.30522121937764,,1.0,0.0,0.0,0.0,1.0,0.8181818181818182,0.916960166560279,728.0,749.0,22.0,22.0,13.5,654.0,172.1786895876861,660.5428898433286,127.04917828620074,161.0,16.822969808973234,-1.8118014113374308,-16.725121489528874,1.0177572414368141,0.891737163066864,0.9573459625244141,0.0,0.0,0.0,1.0,0.0,1.0
SNPT-161,0,14.0,0.022878528682165205,0.9933280807275039,0.7090909090909091,1.0,1.0,0.8181818181818182,0.9095806572172377,27.0,81.0,55.0,55.0,1912.5,684.0,1908.2956750717065,653.454912807263,123.33922531475895,10.0,0.007616470487582481,0.9836403969675303,0.19161676646706588,1.0,1.0,0.8502994011976048,0.9309223080185097,461.0,627.0,167.0,167.0,1909.0,798.5,14.568327775745967,883.5026225599674,171.23063494283926,380.0,145.04679724955426,0.7043249282935449,145.04508719273701,0.720310506095667,0.8647265434265137,0.9785605669021606,0.0,1.0,1.0,1.0,0.0,1.0
SNPT-161,1,10.0,0.0014682969457252887,0.9998457572039436,0.34,1.0,1.0,0.8,0.9066884309053421,180.0,229.0,50.0,50.0,1911.5,776.0,1911.6651198935274,736.5295118805161,163.8002906413549,10.0,0.007616470487582481,0.9836403969675303,0.19161676646706588,1.0,1.0,0.8502994011976048,0.9309223080185097,461.0,627.0,167.0,167.0,1909.0,798.5,14.568327775745967,883.5026225599674,171.23063494283926,232.0,62.02777008577665,-2.6651198935273896,61.97048811948389,0.9566062211708508,0.9137631058692932,0.9689099192619324,1.0,0.0,1.0,1.0,0.0,1.0
SNPT-161,1,10.0,0.011415089018959811,0.9985602299372355,0.10843373493975904,1.0,1.0,0.9518072289156626,0.9100707195982148,29.0,111.0,83.0,83.0,1902.0,715.0,1901.8329187219956,752.6387155075746,153.07085492652027,10.0,0.0014682969457252887,0.9998457572039436,0.34,1.0,1.0,0.8,0.9066884309053421,180.0,229.0,50.0,50.0,1911.5,776.0,1911.6651198935274,736.5295118805161,163.8002906413549,69.0,25.282445957058396,9.667081278004389,23.361284492425398,0.9344968456843156,0.9523317813873291,0.9378434419631958,1.0,0.0,1.0,1.0,0.0,1.0
SNPT-161,0,28.0,0.008020122474777857,0.9980552599710577,0.3333333333333333,0.0,1.0,0.9313725490196079,0.8960013245281421,0.0,121.0,122.0,102.0,1769.5,626.0,1907.1758725253815,909.3288552792837,121.68719853252746,9.0,0.045514025034396485,0.9130473301691168,0.19230769230769232,0.0,1.0,0.8936651583710408,0.9078991850720176,122.0,563.0,442.0,442.0,11.5,668.0,11.76791152436039,560.0877083681946,107.45396504189003,1.0,1910.9753085964444,-1895.6758725253815,-241.32885527928374,1.132458895165839,0.8702312111854553,0.9800522327423096,0.0,1.0,1.0,1.0,0.0,1.0
SNPT-161,1,28.0,0.008020122474777857,0.9980552599710577,0.3333333333333333,0.0,1.0,0.9313725490196079,0.8960013245281421,0.0,121.0,122.0,102.0,1769.5,626.0,1907.1758725253815,909.3288552792837,121.68719853252746,28.0,0.034829854148620144,0.9843046374527025,0.4090909090909091,0.0,1.0,0.898989898989899,0.8622593394156253,508.0,705.0,198.0,198.0,1911.0,912.5,1904.107031019938,915.8583185017868,169.3190364980535,387.0,4.967907988465459,3.8241274746185354,3.1711447207162564,0.7186858669251073,0.8822066783905029,0.9333240389823914,1.0,0.0,1.0,1.0,0.0,1.0
SNPT-161,0,10.0,0.0014682969457252887,0.9998457572039436,0.34,1.0,1.0,0.8,0.9066884309053421,180.0,229.0,50.0,50.0,1911.5,776.0,1911.6651198935274,736.5295118805161,163.8002906413549,,1.0,0.0,0.0,0.0,1.0,0.8181818181818182,0.916960166560279,728.0,749.0,22.0,22.0,13.5,654.0,172.1786895876861,660.5428898433286,127.04917828620074,499.0,1899.958405521459,-1898.1651198935274,-82.52951188051611,1.2892668244761551,0.6405125856399536,0.8672356009483337,0.0,0.0,0.0,0.0,1.0,1.0
SNPT-161,1,,1.0,0.0,0.0,0.0,1.0,0.75,0.9100154240926107,0.0,25.0,26.0,12.0,223.5,839.5,14.16180204524738,1035.029179434534,148.7090167342683,9.0,0.045514025034396485,0.9130473301691168,0.19230769230769232,0.0,1.0,0.8936651583710408,0.9078991850720176,122.0,563.0,442.0,442.0,11.5,668.0,11.76791152436039,560.0877083681946,107.45396504189003,97.0,367.03883138779116,-2.6618020452473807,-367.02917943453394,1.3839323348961141,0.8915786743164062,0.9434064030647278,0.0,0.0,0.0,1.0,0.0,1.0
SNPT-161,1,29.0,0.021806018468530718,0.9951337806203149,0.1685823754789272,0.0,1.0,0.9578544061302682,0.9076274719238281,0.0,260.0,261.0,261.0,1181.5,617.0,1912.3138117538642,552.734810949797,121.88842734751883,,1.0,0.0,0.0,0.0,1.0,0.9019607843137255,0.9253857032112454,699.0,749.0,51.0,51.0,1905.5,585.0,985.1744521995136,550.7588402017392,99.61926165955985,439.0,32.976816933452525,-6.813811753864229,32.26518905020305,1.2235427699119263,0.8670558929443359,0.9884641766548157,0.0,0.0,0.0,1.0,0.0,1.0
SNPT-161,0,28.0,0.008020122474777857,0.9980552599710577,0.3333333333333333,0.0,1.0,0.9313725490196079,0.8960013245281421,0.0,121.0,122.0,102.0,1769.5,626.0,1907.1758725253815,909.3288552792837,121.68719853252746,6.0,0.029034333046721757,0.9825177662176628,0.5087108013937283,1.0,1.0,0.9372822299651568,0.906395906630945,463.0,749.0,287.0,287.0,1911.0,565.5,835.2195287725058,534.9637412467501,113.02663153240633,342.0,343.85012094458364,3.8241274746185354,-343.82885527928374,1.0766241272760395,0.5899351835250854,0.9121410846710205,0.0,1.0,1.0,0.0,1.0,1.0
SNPT-161,0,,1.0,0.0,0.0,0.0,1.0,0.75,0.9100154240926107,0.0,25.0,26.0,12.0,223.5,839.5,14.16180204524738,1035.029179434534,148.7090167342683,,1.0,0.0,0.0,1.0,1.0,0.8888888888888888,0.9152644922335943,696.0,749.0,54.0,54.0,1913.0,505.5,1684.4392718267543,473.3215851420388,86.40615995969591,671.0,1971.290859788241,1898.8381979547526,-529.529179434534,1.721046471728792,0.5818724632263184,0.9073269963264465,0.0,0.0,0.0,0.0,1.0,1.0
SNPT-161,1,5.0,0.07066379924071953,0.9496765213134961,0.23076923076923078,0.0,1.0,0.9704142011834319,0.9138993548183907,0.0,212.0,213.0,169.0,1252.5,506.0,1910.9749958538462,491.78616471506484,106.32578227839625,,1.0,0.0,0.0,0.0,1.0,0.9333333333333333,0.9187119333516984,705.0,749.0,45.0,45.0,1908.0,534.0,1756.6202925112318,503.9054238604613,90.48220395348682,493.0,42.31853600721602,-2.974995853846167,42.21383528493516,1.1751015960337787,0.849228024482727,0.9713039398193359,0.0,0.0,0.0,1.0,0.0,1.0
SNPT-161,1,11.0,0.047437150535022905,0.9911808859218251,0.043478260869565216,0.0,1.0,0.8932806324110671,0.9313155586740612,0.0,252.0,253.0,253.0,882.0,453.5,1913.5208001789824,454.1943684977604,82.82729866853174,11.0,0.3658190550685343,0.8378249648071471,0.19090909090909092,0.0,1.0,0.9272727272727272,0.9231177942425597,640.0,749.0,110.0,110.0,1911.0,558.5,1243.546126490607,495.1623569743801,92.86143567386847,388.0,104.33608770038941,-2.5208001789824266,104.30563150223958,0.891945058435486,0.9334383010864258,0.9808864593505859,1.0,0.0,0.0,1.0,0.0,1.0
SNPT-161,0,,1.0,0.0,0.0,0.0,1.0,0.75,0.9100154240926107,0.0,25.0,26.0,12.0,223.5,839.5,14.16180204524738,1035.029179434534,148.7090167342683,25.0,0.09905809384431905,0.9091618172824383,0.1272365805168986,1.0,0.9849462365591398,0.9244532803180915,0.9238011901096631,120.0,622.0,503.0,503.0,16.0,594.0,13.764658974826864,562.2716716191504,109.46558662152061,95.0,441.03301019812477,1.8381979547526193,-441.02917943453394,1.3585001581221374,0.6602705121040344,0.9139217734336853,0.0,0.0,0.0,0.0,1.0,1.0
SNPT-161,0,5.0,0.07066379924071953,0.9496765213134961,0.23076923076923078,0.0,1.0,0.9704142011834319,0.9138993548183907,0.0,212.0,213.0,169.0,1252.5,506.0,1910.9749958538462,491.78616471506484,106.32578227839625,29.0,0.9748463239520788,0.6880776683489481,0.011152416356877323,,0.0,0.0,0.5800779961314597,344.0,612.0,269.0,269.0,8.5,444.5,14.26512607428997,494.5726140492711,91.05667896327103,132.0,1903.0625557827973,-1902.4749958538462,-47.28616471506484,1.1676879004261096,0.6090204119682312,0.933089017868042,0.0,1.0,0.0,0.0,0.0,0.0
SNPT-161,0,10.0,0.007616470487582481,0.9836403969675303,0.19161676646706588,1.0,1.0,0.8502994011976048,0.9309223080185097,461.0,627.0,167.0,167.0,1909.0,798.5,14.568327775745967,883.5026225599674,171.23063494283926,,1.0,0.0,0.0,0.0,1.0,0.8181818181818182,0.916960166560279,728.0,749.0,22.0,22.0,13.5,654.0,172.1786895876861,660.5428898433286,127.04917828620074,101.0,229.50510906326096,-1.068327775745967,-229.50262255996745,1.3477508257244448,0.6228446960449219,0.893595814704895,0.0,0.0,0.0,0.0,1.0,1.0
SNPT-161,0,10.0,0.011415089018959811,0.9985602299372355,0.10843373493975904,1.0,1.0,0.9518072289156626,0.9100707195982148,29.0,111.0,83.0,83.0,1902.0,715.0,1901.8329187219956,752.6387155075746,153.07085492652027,,1.0,0.0,0.0,0.0,1.0,0.8181818181818182,0.916960166560279,728.0,749.0,22.0,22.0,13.5,654.0,172.1786895876861,660.5428898433286,127.04917828620074,617.0,1890.9074033717557,-1888.3329187219956,-98.6387155075746,1.204815780718401,0.6384099721908569,0.9130200743675232,0.0,0.0,0.0,0.0,1.0,1.0
SNPT-161,1,6.0,0.0010646802369852334,0.9731804909913436,0.059278350515463915,1.0,0.9970414201183432,0.8711340206185567,0.9230339089794272,0.0,387.0,388.0,388.0,984.0,500.5,1913.1936425132849,605.4209667143846,96.64922917363837,6.0,0.029034333046721757,0.9825177662176628,0.5087108013937283,1.0,1.0,0.9372822299651568,0.906395906630945,463.0,749.0,287.0,287.0,1911.0,565.5,835.2195287725058,534.9637412467501,113.02663153240633,76.0,39.98119121395825,-2.1936425132848854,-39.920966714384576,0.8551013850742573,0.9543414115905762,0.9822569489479065,1.0,0.0,1.0,1.0,0.0,1.0
SNPT-161,1,10.0,0.011415089018959811,0.9985602299372355,0.10843373493975904,1.0,1.0,0.9518072289156626,0.9100707195982148,29.0,111.0,83.0,83.0,1902.0,715.0,1901.8329187219956,752.6387155075746,153.07085492652027,10.0,0.007616470487582481,0.9836403969675303,0.19161676646706588,1.0,1.0,0.8502994011976048,0.9309223080185097,461.0,627.0,167.0,167.0,1909.0,798.5,14.568327775745967,883.5026225599674,171.23063494283926,350.0,46.417932626741354,7.167081278004389,45.8612844924254,0.8939454962461528,0.929487943649292,0.9734960198402405,1.0,0.0,1.0,1.0,0.0,1.0
SNPT-161,0,,1.0,0.0,0.0,1.0,1.0,0.9565217391304348,0.9191216392950579,0.0,22.0,23.0,23.0,639.5,899.5,38.74303661655344,964.959559497449,195.96726856273858,10.0,0.007616470487582481,0.9836403969675303,0.19161676646706588,1.0,1.0,0.8502994011976048,0.9309223080185097,461.0,627.0,167.0,167.0,1909.0,798.5,14.568327775745967,883.5026225599674,171.23063494283926,439.0,1877.6500989354636,1870.2569633834466,-166.45955949744905,1.1444638316511353,0.8589375019073486,0.9770663976669312,0.0,0.0,0.0,1.0,0.0,1.0
SNPT-161,0,10.0,0.0014682969457252887,0.9998457572039436,0.34,1.0,1.0,0.8,0.9066884309053421,180.0,229.0,50.0,50.0,1911.5,776.0,1911.6651198935274,736.5295118805161,163.8002906413549,,1.0,0.0,0.0,1.0,1.0,0.8888888888888888,0.9152644922335943,696.0,749.0,54.0,54.0,1913.0,505.5,1684.4392718267543,473.3215851420388,86.40615995969591,467.0,231.03336829265203,1.3348801064726104,-231.0295118805161,1.8957015416234146,0.693801760673523,0.924081563949585,0.0,0.0,0.0,1.0,0.0,1.0
SNPT-161,1,9.0,0.028283549343920338,0.9905850281480884,0.5922330097087378,1.0,1.0,0.941747572815534,0.9084096090080812,0.0,102.0,103.0,103.0,1399.5,535.0,1878.503487621795,480.9961596786223,82.64481573583042,,1.0,0.0,0.0,1.0,1.0,0.8888888888888888,0.9152644922335943,696.0,749.0,54.0,54.0,1913.0,505.5,1684.4392718267543,473.3215851420388,86.40615995969591,594.0,42.31368049171827,34.4965123782049,24.50384032137771,0.9564690269117391,0.8355823755264282,0.9688127636909485,0.0,0.0,0.0,1.0,0.0,1.0
SNPT-162,0,,1.0,0.0,0.0,,0.0,0.0,0.5450282946151773,0.0,429.0,430.0,427.0,1706.0,274.5,1907.655472698692,279.7540483342348,94.07844356949322,,1.0,0.0,0.0,1.0,1.0,0.93,0.8402772257404942,585.0,697.0,113.0,100.0,1903.0,702.0,14.378139502701003,472.1748698260924,113.00939802766985,156.0,422.2716153427507,-4.655472698691938,422.2459516657652,0.8324833616621737,0.6202710866928101,0.9220038652420044,0.0,0.0,0.0,0.0,0.0,0.0
SNPT-162,1,30.0,0.030874476025928743,0.9917116314172745,0.026058631921824105,0.0,1.0,0.8827361563517915,0.8585097879941174,0.0,306.0,307.0,307.0,854.0,358.0,24.572286386787056,496.9399565166607,115.27892147839036,,1.0,0.0,0.0,0.0,1.0,0.9247311827956989,0.8577895341224449,428.0,613.0,186.0,186.0,25.5,360.5,16.31087073070941,468.8316467418176,89.712942442824,122.0,136.44311044100542,0.9277136132129442,-136.4399565166607,1.2849753707706122,0.9137368202209473,0.9770327806472778,0.0,0.0,0.0,1.0,0.0,1.0
SNPT-162,1,26.0,0.029502017215972523,0.9609974664118555,0.35467980295566504,1.0,1.0,0.9211822660098522,0.8626543465145131,0.0,202.0,203.0,203.0,215.5,426.5,12.31886100787274,643.4343856008661,130.6692826795203,36.0,0.26190487932347295,0.8897247649729252,0.12121212121212122,1.0,1.0,0.9318181818181818,0.8939994108386156,618.0,749.0,132.0,132.0,1902.0,847.0,783.9560550374467,431.988721201662,120.38784945786597,416.0,1900.6140498344948,1889.6811389921272,203.5656143991339,1.0854025823033968,0.9508334398269653,0.9824051856994629,0.0,1.0,0.0,1.0,0.0,1.0
SNPT-162,0,28.0,0.005318424756742009,0.999136089036862,0.09696969696969697,0.0,1.0,0.9373737373737374,0.8441502710097822,0.0,494.0,495.0,495.0,1108.5,574.5,1902.4573916253692,683.4267943212321,140.70438231462933,28.0,0.043517013884907516,0.9883280942837397,0.07547169811320754,0.0,1.0,0.9245283018867925,0.8667433529484029,591.0,749.0,159.0,159.0,1907.5,870.0,1486.6420422746085,766.0971895442034,139.45793112380957,97.0,186.64133780186992,5.042608374630845,186.57320567876786,1.0089378293566764,0.9244757890701294,0.9772644639015198,1.0,0.0,1.0,1.0,0.0,1.0
SNPT-162,1,,1.0,0.0,0.0,0.0,0.6,1.0,0.7807149529457093,442.0,446.0,5.0,5.0,1864.562760188337,323.27230054136317,1881.3928216430295,321.6685625620579,70.98141162368448,,1.0,0.0,0.0,1.0,1.0,0.8976377952755905,0.8939597993566278,623.0,749.0,127.0,127.0,1909.5,407.5,1442.8798804885514,292.48768225393087,79.56847593835377,177.0,90.31638349631766,28.107178356970508,85.8314374379421,0.892079567776035,0.8197735548019409,0.8997339010238647,0.0,0.0,0.0,0.0,1.0,0.0
SNPT-162,0,,1.0,0.0,0.0,0.0,1.0,0.8823529411764706,0.8559642497698466,294.0,463.0,170.0,170.0,842.5,369.5,1909.1555235061282,301.412652998005,77.11420352817909,,1.0,0.0,0.0,,0.0,0.0,0.5652787995665041,519.0,595.0,77.0,77.0,14.5,385.0,6.685008387527857,472.6076810041209,95.74155138022655,56.0,1896.4984569809471,-1894.6555235061282,83.587347001995,0.805441340948497,0.6760923862457275,0.9376359581947327,0.0,0.0,0.0,0.0,0.0,0.0
SNPT-162,1,,1.0,0.0,0.0,0.0,1.0,0.8722943722943723,0.869052387644576,0.0,461.0,462.0,462.0,967.0,363.0,1896.0793070211616,383.396456736478,101.50882068416205,,1.0,0.0,0.0,0.0,1.0,0.9552238805970149,0.8371059731580317,616.0,749.0,134.0,134.0,1896.0,602.5,1305.6134318851216,433.81034692227075,121.12269310760418,155.0,219.10355761656098,-0.07930702116163957,219.103543263522,0.838066080597982,0.9096226692199707,0.9848467111587524,0.0,0.0,0.0,1.0,0.0,1.0
SNPT-162,0,10.0,0.3397325637439887,0.8707574407259623,0.006787330316742082,0.0,0.9894459102902374,0.8574660633484162,0.8462227631684658,0.0,441.0,442.0,442.0,928.5,327.5,1770.6529057930748,381.20048767623115,107.2973839569625,,1.0,0.0,0.0,1.0,1.0,0.9523809523809523,0.8961367880304655,576.0,749.0,174.0,126.0,1900.0,877.0,60.10745982399774,673.7187100886296,143.52694481477187,135.0,512.3942107403851,129.34709420692525,495.79951232376885,0.7475765898551991,0.7259601354598999,0.9328494668006897,0.0,0.0,0.0,0.0,1.0,1.0
SNPT-162,0,26.0,0.029502017215972523,0.9609974664118555,0.35467980295566504,1.0,1.0,0.9211822660098522,0.8626543465145131,0.0,202.0,203.0,203.0,215.5,426.5,12.31886100787274,643.4343856008661,130.6692826795203,,1.0,0.0,0.0,1.0,1.0,0.88,0.7983875003727999,584.0,732.0,149.0,100.0,1900.5,513.0,9.341125704469704,398.0404581293427,81.46926777589232,382.0,1892.6809405160402,1888.1811389921272,-130.4343856008661,1.6039088879375791,0.7851143479347229,0.956560492515564,0.0,0.0,0.0,1.0,0.0,1.0
SNPT-162,1,10.0,0.07481218892858124,0.9360234042008718,0.12984054669703873,1.0,0.925531914893617,0.856492027334852,0.8768667657958701,0.0,438.0,439.0,439.0,1016.0,339.5,1905.7875397904336,665.6738292539915,117.63005475498156,,1.0,0.0,0.0,1.0,1.0,0.93,0.8402772257404942,585.0,697.0,113.0,100.0,1903.0,702.0,14.378139502701003,472.1748698260924,113.00939802766985,147.0,36.432966653175754,-2.787539790433584,36.32617074600853,1.040887366961997,0.8854471445083618,0.9502700567245483,0.0,0.0,0.0,1.0,0.0,1.0
SNPT-162,0,,1.0,0.0,0.0,0.0,0.6,1.0,0.7807149529457093,442.0,446.0,5.0,5.0,1864.562760188337,323.27230054136317,1881.3928216430295,321.6685625620579,70.98141162368448,26.0,0.024612673374576843,0.9067223348787853,0.08536585365853659,1.0,1.0,0.9085365853658537,0.8632952626919587,222.0,432.0,211.0,164.0,20.5,627.5,1908.1143827705175,790.459845769922,138.98065863398392,10.0,469.21311388986925,-43.55162258218047,-467.18754522855886,0.5107287037012783,0.7772773504257202,0.9327763319015503,0.0,0.0,0.0,0.0,1.0,0.0
SNPT-162,1,28.0,0.005318424756742009,0.999136089036862,0.09696969696969697,0.0,1.0,0.9373737373737374,0.8441502710097822,0.0,494.0,495.0,495.0,1108.5,574.5,1902.4573916253692,683.4267943212321,140.70438231462933,10.0,0.09069034710103097,0.9615362783273061,0.28346456692913385,0.0,1.0,0.937007874015748,0.857507862964598,623.0,749.0,127.0,127.0,1885.5,850.5,1082.5360099753093,483.9556248420952,131.63967959455266,129.0,167.93156101970828,-16.957391625369155,167.07320567876786,1.068859957331982,0.9202945232391357,0.9898216724395752,0.0,1.0,1.0,1.0,0.0,1.0
SNPT-162,1,10.0,0.3397325637439887,0.8707574407259623,0.006787330316742082,0.0,0.9894459102902374,0.8574660633484162,0.8462227631684658,0.0,441.0,442.0,442.0,928.5,327.5,1770.6529057930748,381.20048767623115,107.2973839569625,,1.0,0.0,0.0,0.0,1.0,0.9,0.8561871199526339,620.0,749.0,130.0,130.0,1908.0,459.0,1355.604883179677,286.88508914190845,84.71008788809608,179.0,157.8511590229931,137.34709420692525,77.79951232376885,1.2666423401508535,0.9101525545120239,0.985616147518158,0.0,0.0,0.0,1.0,0.0,1.0
SNPT-162,1,23.0,0.034608850042143154,0.9885976176995498,0.8024691358024691,1.0,1.0,0.9135802469135802,0.7772739916234404,213.0,293.0,81.0,81.0,16.0869020957673,873.7775941134212,8.665160677457447,578.1939595357399,155.4596635447608,23.0,0.01841011909350114,0.9829995387749706,0.6780487804878049,1.0,1.0,0.8829268292682927,0.8315830955189236,430.0,634.0,205.0,205.0,16.0,720.0,8.474379736801813,557.2409449919304,135.70175889974198,137.0,141.99560901675412,7.334839322542553,141.80604046426015,1.1455979996516934,0.9715512990951538,0.9789848923683167,1.0,0.0,1.0,1.0,0.0,1.0
SNPT-162,1,,1.0,0.0,0.0,0.0,0.9865229110512129,0.8470319634703196,0.8711927096156097,0.0,447.0,448.0,438.0,902.0,296.0,1915.69558330971,410.03737749621325,110.26164866982111,,1.0,0.0,0.0,0.0,1.0,0.8721804511278195,0.8473062808143681,617.0,749.0,133.0,133.0,1898.0,393.0,1002.6241849441008,214.34702694941004,68.07784507812832,170.0,24.564321700778937,-17.695583309709946,-17.037377496213253,1.6196407001908082,0.8776884078979492,0.9755497574806213,0.0,0.0,0.0,1.0,0.0,1.0
SNPT-162,0,,1.0,0.0,0.0,1.0,1.0,0.8446215139442231,0.8828149468831297,0.0,501.0,502.0,502.0,1064.0,330.0,1900.4802910245207,788.6739415599741,120.55377781389775,,1.0,0.0,0.0,0.0,1.0,0.9,0.8561871199526339,620.0,749.0,130.0,130.0,1908.0,459.0,1355.604883179677,286.88508914190845,84.71008788809608,119.0,329.7596909368474,7.519708975479261,-329.6739415599741,1.4231336647077026,0.7033839225769043,0.9230501055717468,0.0,0.0,0.0,0.0,1.0,1.0
SNPT-162,1,,1.0,0.0,0.0,1.0,0.8567961165048543,0.860125260960334,0.8826419051411083,0.0,478.0,479.0,479.0,889.0,327.5,1893.354793205118,459.7392296592982,106.18586256879402,14.0,0.030601959054668743,0.8875893695013863,0.0546875,1.0,1.0,0.8984375,0.8990386429040328,622.0,749.0,128.0,128.0,1908.5,795.5,1177.863807755764,647.6395055388475,136.5518999580803,144.0,336.10217522152584,15.145206794881915,335.7607703407018,0.7776227397889867,0.9289882779121399,0.9847501516342163,0.0,0.0,0.0,1.0,0.0,0.0
SNPT-162,0,10.0,0.5382952690124512,0.8409909009933472,0.0022172949002217295,0.0,0.8961038961038961,0.6829268292682927,0.8797419135059629,0.0,480.0,481.0,451.0,718.0,279.5,1901.4344695490554,461.92593835409286,85.82348046266998,,1.0,0.0,0.0,0.0,1.0,0.8721804511278195,0.8473062808143681,617.0,749.0,133.0,133.0,1898.0,393.0,1002.6241849441008,214.34702694941004,68.07784507812832,137.0,69.01145237622231,-3.434469549055393,-68.92593835409286,1.2606668199349758,0.8897662162780762,0.9750180244445801,0.0,0.0,0.0,1.0,0.0,0.0
SNPT-162,0,26.0,0.029502017215972523,0.9609974664118555,0.35467980295566504,1.0,1.0,0.9211822660098522,0.8626543465145131,0.0,202.0,203.0,203.0,215.5,426.5,12.31886100787274,643.4343856008661,130.6692826795203,10.0,1.1196437403559685,0.6453631818294525,0.02727272727272727,0.0,1.0,0.9181818181818182,0.8568591487289655,640.0,749.0,110.0,110.0,1912.5,576.5,1645.4498268556067,458.8887589578324,127.2280447169251,438.0,1901.359664281638,1900.1811389921272,-66.93438560086611,1.0270477941420209,0.5640419125556946,0.8703747987747192,0.0,1.0,0.0,0.0,1.0,1.0
SNPT-162,1,14.0,0.031719828270279825,0.9569477491008426,0.5659340659340659,1.0,1.0,0.8214285714285714,0.8435113970252582,0.0,364.0,365.0,364.0,441.0,804.0,1914.0274897995905,487.0528913507046,178.41175882073767,14.0,0.0036366682699720296,0.9992030941206833,0.5,1.0,1.0,0.8362068965517241,0.8703788961331869,622.0,749.0,128.0,116.0,1907.5,890.0,1665.3799871460521,457.5712234924197,129.80529043690296,258.0,402.9999757964147,-6.527489799590512,402.9471086492954,1.3744567591985923,0.9626520276069641,0.9746412634849548,1.0,0.0,1.0,1.0,0.0,1.0
SNPT-162,0,26.0,0.024612673374576843,0.9067223348787853,0.08536585365853659,1.0,1.0,0.9085365853658537,0.8632952626919587,222.0,432.0,211.0,164.0,20.5,627.5,1908.1143827705175,790.459845769922,138.98065863398392,14.0,0.030601959054668743,0.8875893695013863,0.0546875,1.0,1.0,0.8984375,0.8990386429040328,622.0,749.0,128.0,128.0,1908.5,795.5,1177.863807755764,647.6395055388475,136.5518999580803,190.0,5.054884302399674,0.38561722948247734,5.040154230077974,1.0177863411395172,0.8656033277511597,0.9811270236968994,0.0,1.0,1.0,1.0,0.0,1.0
SNPT-162,1,55.0,0.03941994038213023,0.9739732727026328,0.0783132530120482,1.0,0.9952941176470588,0.8534136546184738,0.8781380304168253,0.0,497.0,498.0,498.0,456.0,270.5,1894.0798401153233,372.2910604343475,89.14916261278262,,1.0,0.0,0.0,1.0,1.0,0.88,0.7983875003727999,584.0,732.0,149.0,100.0,1900.5,513.0,9.341125704469704,398.0404581293427,81.46926777589232,87.0,140.85533048711807,6.42015988467665,140.70893956565249,1.0942673850710962,0.9201683402061462,0.9635378122329712,0.0,0.0,0.0,1.0,0.0,1.0
SNPT-162,1,9.0,0.027514805525616116,0.9784216406670484,0.07201309328968904,0.0,0.9981884057971014,0.9034369885433715,0.8619832889973253,0.0,615.0,616.0,611.0,185.5,372.5,8.74200476711952,457.7113353029823,118.42231371005674,10.0,1.1196437403559685,0.6453631818294525,0.02727272727272727,0.0,1.0,0.9181818181818182,0.8568591487289655,640.0,749.0,110.0,110.0,1912.5,576.5,1645.4498268556067,458.8887589578324,127.2280447169251,25.0,1907.4604193203108,1903.7579952328804,118.78866469701768,0.9307878146955681,0.8588053584098816,0.9559019207954407,0.0,1.0,0.0,1.0,0.0,1.0
SNPT-162,0,55.0,0.03941994038213023,0.9739732727026328,0.0783132530120482,1.0,0.9952941176470588,0.8534136546184738,0.8781380304168253,0.0,497.0,498.0,498.0,456.0,270.5,1894.0798401153233,372.2910604343475,89.14916261278262,14.0,0.030601959054668743,0.8875893695013863,0.0546875,1.0,1.0,0.8984375,0.8990386429040328,622.0,749.0,128.0,128.0,1908.5,795.5,1177.863807755764,647.6395055388475,136.5518999580803,125.0,423.45454010954205,14.42015988467665,423.2089395656525,0.6528591886319435,0.9180311560630798,0.9738503098487854,0.0,1.0,1.0,1.0,0.0,1.0
SNPT-162,1,23.0,0.005814122823352363,0.9928583449278122,0.5707317073170731,1.0,1.0,0.8780487804878049,0.8116132385200925,0.0,212.0,213.0,205.0,655.0,620.0,11.207106123580054,933.632557555314,170.0546931056481,23.0,0.034608850042143154,0.9885976176995498,0.8024691358024691,1.0,1.0,0.9135802469135802,0.7772739916234404,213.0,293.0,81.0,81.0,16.0869020957673,873.7775941134212,8.665160677457447,578.1939595357399,155.4596635447608,1.0,60.05355157990655,4.879795972187246,-59.85496344189278,1.0938830641215498,0.970209538936615,0.9765003323554993,1.0,0.0,1.0,1.0,0.0,1.0
SNPT-162,0,,1.0,0.0,0.0,1.0,0.8567961165048543,0.860125260960334,0.8826419051411083,0.0,478.0,479.0,479.0,889.0,327.5,1893.354793205118,459.7392296592982,106.18586256879402,,1.0,0.0,0.0,0.0,1.0,0.9552238805970149,0.8371059731580317,616.0,749.0,134.0,134.0,1896.0,602.5,1305.6134318851216,433.81034692227075,121.12269310760418,138.0,142.78527468635656,2.645206794881915,142.7607703407018,0.8766801649172346,0.7446833848953247,0.9393954277038574,0.0,0.0,0.0,0.0,1.0,0.0
SNPT-162,0,10.0,0.007265650804129109,0.9767302939525018,0.15046296296296297,0.0,1.0,0.8842592592592593,0.8766536306960421,0.0,431.0,432.0,432.0,1105.5,510.5,1912.4204571084717,754.8291861233979,126.08304678875605,36.0,0.26190487932347295,0.8897247649729252,0.12121212121212122,1.0,1.0,0.9318181818181818,0.8939994108386156,618.0,749.0,132.0,132.0,1902.0,847.0,783.9560550374467,431.988721201662,120.38784945786597,187.0,92.75799079877014,-10.420457108471737,92.1708138766021,1.0473070775542288,0.6154390573501587,0.9236773252487183,0.0,1.0,0.0,0.0,1.0,1.0
SNPT-162,1,23.0,0.005814122823352363,0.9928583449278122,0.5707317073170731,1.0,1.0,0.8780487804878049,0.8116132385200925,0.0,212.0,213.0,205.0,655.0,620.0,11.207106123580054,933.632557555314,170.0546931056481,23.0,0.01841011909350114,0.9829995387749706,0.6780487804878049,1.0,1.0,0.8829268292682927,0.8315830955189236,430.0,634.0,205.0,205.0,16.0,720.0,8.474379736801813,557.2409449919304,135.70175889974198,218.0,213.68631561083913,4.792893876419946,-213.63255755531395,1.2531502501105125,0.9558983445167542,0.989054799079895,1.0,0.0,1.0,1.0,0.0,1.0
SNPT-162,0,9.0,0.007196223963840185,0.9889243490823353,0.29046563192904656,1.0,0.6616161616161617,0.8780487804878049,0.8667782736246032,0.0,500.0,501.0,451.0,1002.0,363.5,1907.451259141065,373.8534292748477,104.07412731586297,,1.0,0.0,0.0,1.0,1.0,0.9523809523809523,0.8961367880304655,576.0,749.0,174.0,126.0,1900.0,877.0,60.10745982399774,673.7187100886296,143.52694481477187,76.0,503.2017417450659,-7.451259141065066,503.1465707251523,0.7251190879188254,0.8302903771400452,0.9695602655410767,0.0,0.0,0.0,1.0,0.0,0.0
SNPT-162,0,14.0,0.031719828270279825,0.9569477491008426,0.5659340659340659,1.0,1.0,0.8214285714285714,0.8435113970252582,0.0,364.0,365.0,364.0,441.0,804.0,1914.0274897995905,487.0528913507046,178.41175882073767,,1.0,0.0,0.0,0.0,1.0,0.7687074829931972,0.8554006978473833,603.0,749.0,147.0,147.0,1906.5,510.0,497.0133191580568,289.2105400444893,89.62750274553002,239.0,24.15021527948574,-7.527489799590512,22.947108649295387,1.9905916527350258,0.6901164054870605,0.8832878470420837,0.0,0.0,0.0,0.0,1.0,1.0
SNPT-162,1,9.0,0.007196223963840185,0.9889243490823353,0.29046563192904656,1.0,0.6616161616161617,0.8780487804878049,0.8667782736246032,0.0,500.0,501.0,451.0,1002.0,363.5,1907.451259141065,373.8534292748477,104.07412731586297,,1.0,0.0,0.0,1.0,1.0,0.8976377952755905,0.8939597993566278,623.0,749.0,127.0,127.0,1909.5,407.5,1442.8798804885514,292.48768225393087,79.56847593835377,123.0,33.70888696871708,2.0487408589349343,33.64657072515229,1.307981912290178,0.8986039161682129,0.974388599395752,0.0,0.0,0.0,1.0,0.0,0.0
SNPT-162,0,,1.0,0.0,0.0,1.0,0.8567961165048543,0.860125260960334,0.8826419051411083,0.0,478.0,479.0,479.0,889.0,327.5,1893.354793205118,459.7392296592982,106.18586256879402,,1.0,0.0,0.0,1.0,1.0,0.93,0.8402772257404942,585.0,697.0,113.0,100.0,1903.0,702.0,14.378139502701003,472.1748698260924,113.00939802766985,107.0,242.45269819118593,9.645206794881915,242.2607703407018,0.9396197521802115,0.8905956745147705,0.9672069549560547,0.0,0.0,0.0,1.0,0.0,0.0
SNPT-162,0,14.0,0.031719828270279825,0.9569477491008426,0.5659340659340659,1.0,1.0,0.8214285714285714,0.8435113970252582,0.0,364.0,365.0,364.0,441.0,804.0,1914.0274897995905,487.0528913507046,178.41175882073767,,1.0,0.0,0.0,1.0,1.0,0.8976377952755905,0.8939597993566278,623.0,749.0,127.0,127.0,1909.5,407.5,1442.8798804885514,292.48768225393087,79.56847593835377,259.0,79.68162075499224,-4.527489799590512,-79.55289135070461,2.2422417511045887,0.8737318515777588,0.9165455102920532,0.0,0.0,0.0,1.0,0.0,1.0
SNPT-162,0,,1.0,0.0,0.0,,0.0,0.0,0.5450282946151773,0.0,429.0,430.0,427.0,1706.0,274.5,1907.655472698692,279.7540483342348,94.07844356949322,,1.0,0.0,0.0,1.0,1.0,0.9523809523809523,0.8961367880304655,576.0,749.0,174.0,126.0,1900.0,877.0,60.10745982399774,673.7187100886296,143.52694481477187,147.0,597.2950134091076,-7.655472698691938,597.2459516657652,0.6554758320182025,0.5930464267730713,0.9174531102180481,0.0,0.0,0.0,0.0,0.0,0.0
SNPT-162,1,10.0,0.007265650804129109,0.9767302939525018,0.15046296296296297,0.0,1.0,0.8842592592592593,0.8766536306960421,0.0,431.0,432.0,432.0,1105.5,510.5,1912.4204571084717,754.8291861233979,126.08304678875605,28.0,0.043517013884907516,0.9883280942837397,0.07547169811320754,0.0,1.0,0.9245283018867925,0.8667433529484029,591.0,749.0,159.0,159.0,1907.5,870.0,1486.6420422746085,766.0971895442034,139.45793112380957,160.0,115.27587461023765,-4.920457108471737,115.1708138766021,0.9040937705925136,0.8562796115875244,0.9820476770401001,0.0,1.0,1.0,1.0,0.0,1.0
SNPT-162,0,23.0,0.005814122823352363,0.9928583449278122,0.5707317073170731,1.0,1.0,0.8780487804878049,0.8116132385200925,0.0,212.0,213.0,205.0,655.0,620.0,11.207106123580054,933.632557555314,170.0546931056481,14.0,0.0036366682699720296,0.9992030941206833,0.5,1.0,1.0,0.8362068965517241,0.8703788961331869,622.0,749.0,128.0,116.0,1907.5,890.0,1665.3799871460521,457.5712234924197,129.80529043690296,410.0,1896.79480689004,1896.2928938764198,-43.63255755531395,1.3100752098259814,0.8958114981651306,0.9687833189964294,0.0,1.0,1.0,1.0,0.0,1.0
SNPT-162,1,,1.0,0.0,0.0,0.0,0.8897058823529411,0.9251700680272109,0.8634317171047715,0.0,293.0,294.0,294.0,968.5,287.0,1046.2660360478208,381.49095258615785,97.78956570958105,,1.0,0.0,0.0,0.0,1.0,0.7687074829931972,0.8554006978473833,603.0,749.0,147.0,147.0,1906.5,510.0,497.0133191580568,289.2105400444893,89.62750274553002,310.0,869.7798848007997,860.2339639521792,128.50904741384215,1.0910664998357114,0.9407854080200195,0.9811298847198486,0.0,0.0,0.0,1.0,0.0,0.0
SNPT-162,1,26.0,0.024612673374576843,0.9067223348787853,0.08536585365853659,1.0,1.0,0.9085365853658537,0.8632952626919587,222.0,432.0,211.0,164.0,20.5,627.5,1908.1143827705175,790.459845769922,138.98065863398392,36.0,0.26190487932347295,0.8897247649729252,0.12121212121212122,1.0,1.0,0.9318181818181818,0.8939994108386156,618.0,749.0,132.0,132.0,1902.0,847.0,783.9560550374467,431.988721201662,120.38784945786597,186.0,56.869804967358604,-6.114382770517523,56.540154230077974,1.1544409112700793,0.9554943442344666,0.9926687479019165,0.0,1.0,0.0,1.0,0.0,1.0
SNPT-162,1,26.0,0.029502017215972523,0.9609974664118555,0.35467980295566504,1.0,1.0,0.9211822660098522,0.8626543465145131,0.0,202.0,203.0,203.0,215.5,426.5,12.31886100787274,643.4343856008661,130.6692826795203,26.0,0.024612673374576843,0.9067223348787853,0.08536585365853659,1.0,1.0,0.9085365853658537,0.8632952626919587,222.0,432.0,211.0,164.0,20.5,627.5,1908.1143827705175,790.459845769922,138.98065863398392,20.0,17.911886547362737,8.18113899212726,-15.934385600866108,0.9401976070904063,0.9651230573654175,0.9855745434761047,1.0,0.0,1.0,1.0,0.0,1.0
SNPT-162,1,,1.0,0.0,0.0,1.0,1.0,0.8446215139442231,0.8828149468831297,0.0,501.0,502.0,502.0,1064.0,330.0,1900.4802910245207,788.6739415599741,120.55377781389775,,1.0,0.0,0.0,1.0,1.0,0.9523809523809523,0.8961367880304655,576.0,749.0,174.0,126.0,1900.0,877.0,60.10745982399774,673.7187100886296,143.52694481477187,75.0,88.32736427075761,-0.4802910245207386,88.32605844002592,0.8399382984810131,0.9147058725357056,0.9725186824798584,0.0,0.0,0.0,1.0,0.0,1.0
SNPT-162,0,26.0,0.029502017215972523,0.9609974664118555,0.35467980295566504,1.0,1.0,0.9211822660098522,0.8626543465145131,0.0,202.0,203.0,203.0,215.5,426.5,12.31886100787274,643.4343856008661,130.6692826795203,23.0,0.034608850042143154,0.9885976176995498,0.8024691358024691,1.0,1.0,0.9135802469135802,0.7772739916234404,213.0,293.0,81.0,81.0,16.0869020957673,873.7775941134212,8.665160677457447,578.1939595357399,155.4596635447608,11.0,230.37402596972274,3.7680410878945594,230.34320851255507,0.8405349638615248,0.8991174697875977,0.8951736688613892,0.0,1.0,1.0,1.0,0.0,1.0
SNPT-162,0,,1.0,0.0,0.0,1.0,1.0,0.8446215139442231,0.8828149468831297,0.0,501.0,502.0,502.0,1064.0,330.0,1900.4802910245207,788.6739415599741,120.55377781389775,,1.0,0.0,0.0,,0.0,0.0,0.5652787995665041,519.0,595.0,77.0,77.0,14.5,385.0,6.685008387527857,472.6076810041209,95.74155138022655,18.0,1928.6975681084634,-1885.9802910245207,-403.6739415599741,1.2591583912728999,0.6625121235847473,0.9047094583511353,0.0,0.0,0.0,0.0,0.0,0.0
SNPT-163,0,23.0,0.017014835476249678,0.9788845307390455,0.5503875968992248,0.0,0.995260663507109,0.8178294573643411,0.8932049845067246,23.0,280.0,258.0,258.0,14.0,633.0,14.061938193424892,571.967082520217,99.45375042181396,26.0,0.05489606774495769,0.9685781598091125,0.16279069767441862,0.0,0.9791666666666666,0.8372093023255814,0.9119410829411613,578.0,749.0,172.0,172.0,18.5,558.5,1165.267353652917,505.54742085456223,91.7966504313717,298.0,14.179517065306374,4.438061806575108,-13.46708252021699,1.0834137188498703,0.8735768795013428,0.9786977767944336,0.0,1.0,1.0,1.0,0.0,1.0
SNPT-163,0,30.0,0.04816401140634423,0.9621215858336153,0.7733333333333333,1.0,1.0,0.8533333333333334,0.8932769370730966,0.0,299.0,300.0,300.0,956.5,586.5,13.42986216144974,461.9260162218744,97.02566506132253,9.0,0.07706796928583312,0.9412710642814637,0.21367521367521367,1.0,1.0,0.8803418803418803,0.9147050432788516,633.0,749.0,117.0,117.0,10.5,667.5,516.0156517013174,636.6510731057508,135.06829929892123,334.0,205.59486107073332,-2.9298621614497407,205.57398377812558,0.7183452043517176,0.8663171529769897,0.9549254775047302,0.0,1.0,1.0,1.0,0.0,1.0
SNPT-163,1,9.0,0.13086590261893924,0.9355912703214232,0.34035087719298246,1.0,0.5517241379310345,0.9157894736842105,0.9220791052584447,0.0,293.0,294.0,285.0,46.0,597.5,10.761802761234918,487.8530644304337,93.06183106925648,9.0,0.07706796928583312,0.9412710642814637,0.21367521367521367,1.0,1.0,0.8803418803418803,0.9147050432788516,633.0,749.0,117.0,117.0,10.5,667.5,516.0156517013174,636.6510731057508,135.06829929892123,340.0,179.6471263344385,-0.2618027612349181,179.64693556956632,0.688998318275262,0.8515077829360962,0.9593266248703003,1.0,0.0,1.0,1.0,0.0,0.0
SNPT-163,1,25.0,0.002770883265903497,0.9868294351523922,0.20945945945945946,0.0,0.967479674796748,0.831081081081081,0.9119659630748315,0.0,301.0,302.0,296.0,422.0,498.5,3.0735129377546233,444.8175811670143,77.37940715696179,25.0,0.0002663137042378841,0.9999756618686344,0.2987012987012987,0.0,1.0,0.8961038961038961,0.9241965845011283,596.0,749.0,154.0,154.0,17.0,597.0,230.35379089990533,520.5534328982727,111.02380780614972,295.0,152.81830925564245,13.926487062245377,152.18241883298572,0.6969622884135638,0.8801965713500977,0.991525411605835,1.0,0.0,1.0,1.0,0.0,1.0
SNPT-163,0,9.0,0.04017103721911255,0.9700678537515077,0.7457627118644068,0.0,0.996,0.847457627118644,0.9023902316093445,283.0,577.0,295.0,295.0,1909.5,656.0,1907.8778514588128,501.13924386759913,105.98447890838474,55.0,0.11873646997161624,0.953294923430995,0.35625,0.0,1.0,0.93125,0.9123108202979069,590.0,749.0,160.0,160.0,10.5,544.0,698.2626900092873,456.84817281766993,87.69582752544036,13.0,1897.8618905554486,-1897.3778514588128,42.860756132400866,1.2085464257423066,0.843620777130127,0.9613908529281616,0.0,1.0,1.0,1.0,0.0,1.0
SNPT-163,0,10.0,0.007032744681738612,0.9921397194687256,0.6344086021505376,1.0,1.0,0.931899641577061,0.8700927635798088,0.0,278.0,279.0,279.0,141.0,764.0,14.137804336584315,593.183752973162,118.36568492370016,,1.0,0.0,0.0,0.0,1.0,0.8395061728395061,0.8911894577391007,588.0,749.0,162.0,162.0,9.0,500.0,846.8520057556309,431.7304158866191,78.35959357722719,310.0,93.32528516733446,-5.137804336584315,-93.18375297316197,1.5105449061198235,0.6755086183547974,0.907664954662323,0.0,0.0,0.0,0.0,1.0,1.0
SNPT-163,1,30.0,0.04816401140634423,0.9621215858336153,0.7733333333333333,1.0,1.0,0.8533333333333334,0.8932769370730966,0.0,299.0,300.0,300.0,956.5,586.5,13.42986216144974,461.9260162218744,97.02566506132253,30.0,0.12844592984765768,0.9697931210199991,0.017964071856287425,1.0,1.0,0.844311377245509,0.8771558894333265,583.0,749.0,167.0,167.0,17.5,578.5,1228.8252619001382,496.9590716859758,95.18233349786283,284.0,116.6450158211978,4.070137838550259,116.57398377812558,1.019366320363443,0.911482036113739,0.97149258852005,1.0,0.0,1.0,1.0,0.0,1.0
SNPT-163,0,9.0,0.13086590261893924,0.9355912703214232,0.34035087719298246,1.0,0.5517241379310345,0.9157894736842105,0.9220791052584447,0.0,293.0,294.0,285.0,46.0,597.5,10.761802761234918,487.8530644304337,93.06183106925648,23.0,0.066963366431644,0.8830344599706156,0.3829787234042553,0.0,1.0,0.9290780141843972,0.9157117587009459,593.0,733.0,141.0,141.0,29.0,881.0,1905.0877730110033,1007.2619607488255,177.7491971905171,300.0,393.5697457710143,18.238197238765082,393.1469355695663,0.523556969821416,0.7362338304519653,0.9540963768959045,0.0,1.0,1.0,0.0,1.0,0.0
SNPT-163,0,8.0,0.022207817779456084,0.9904629124194076,0.6576271186440678,1.0,1.0,0.9254237288135593,0.8961731697613503,0.0,294.0,295.0,295.0,653.0,616.5,19.63977858583609,563.2138646292311,104.41203665148576,55.0,0.11873646997161624,0.953294923430995,0.35625,0.0,1.0,0.93125,0.9123108202979069,590.0,749.0,160.0,160.0,10.5,544.0,698.2626900092873,456.84817281766993,87.69582752544036,296.0,21.276939314396863,-9.13977858583609,-19.213864629231125,1.1906157863804416,0.6482376456260681,0.9167493581771851,0.0,1.0,1.0,0.0,1.0,1.0
SNPT-163,1,8.0,0.03076483344364747,0.9947810874265783,0.2809917355371901,0.0,1.0,0.9834710743801653,0.9210189851392218,0.0,120.0,121.0,121.0,1079.5,420.0,1908.978120218917,481.03258841079463,74.00241495994717,8.0,0.3735497295856476,0.782403826713562,0.0063025210084033615,0.0,0.9975308641975309,0.8508403361344538,0.9145731928907794,274.0,749.0,476.0,476.0,1803.0,472.0,1762.4686490222152,470.5723522507078,86.19040032558578,154.0,106.36235056886453,-105.97812021891696,-9.03258841079463,0.8585923105172005,0.9113363027572632,0.9902194142341614,1.0,0.0,0.0,1.0,0.0,1.0
SNPT-163,1,20.0,0.058895130258715005,0.96444392361139,0.48363636363636364,0.0,0.6666666666666666,0.8727272727272727,0.8871408666173617,18.0,298.0,281.0,275.0,11.5,561.5,45.15796331175707,441.2715867493075,88.30571974351324,20.0,0.0009094251752729888,0.9999025580359668,0.2808219178082192,0.0,1.0,0.9863013698630136,0.8472463062240018,604.0,749.0,146.0,146.0,18.0,684.0,193.19028003356604,696.5438131228609,135.41920577060273,306.0,244.24298878461525,-27.157963311757072,242.72841325069248,0.6520915496513933,0.8919188976287842,0.9605838656425476,1.0,0.0,1.0,1.0,0.0,0.0
SNPT-163,1,40.0,0.135772317587301,0.8170687986744775,0.030201342281879196,1.0,0.9848484848484849,0.8859060402684564,0.9031093418598175,0.0,297.0,298.0,298.0,1308.0,402.0,114.81458563859573,440.9539493119292,76.00680774472698,8.0,0.2029283115378348,0.8991939512391885,0.3829787234042553,1.0,1.0,0.925531914893617,0.899625161941024,562.0,749.0,188.0,188.0,21.5,663.0,1556.6862255728051,644.1245697658336,124.33987852915809,265.0,240.8569295641546,-93.31458563859573,222.0460506880708,0.6112826282591483,0.7854783535003662,0.9714827537536621,0.0,1.0,0.0,1.0,0.0,1.0
SNPT-163,1,3.0,0.02834455829754006,0.9666766535777312,0.08333333333333333,0.0,1.0,0.8044871794871795,0.9353022884087734,0.0,311.0,312.0,312.0,1229.0,403.5,133.08500635439088,412.2825912628361,77.18362990212314,,1.0,0.0,0.0,0.0,1.0,0.8395061728395061,0.8911894577391007,588.0,749.0,162.0,162.0,9.0,500.0,846.8520057556309,431.7304158866191,78.35959357722719,277.0,151.9586542370388,-124.08500635439088,87.71740873716391,0.9849927287595606,0.8283735513687134,0.9828011989593506,0.0,0.0,0.0,1.0,0.0,1.0
SNPT-163,1,26.0,0.031975247730781364,0.9844589779175907,0.5627118644067797,0.0,1.0,0.8576271186440678,0.8766935288670505,0.0,300.0,301.0,295.0,1043.5,560.0,12.793114661436277,494.28194118342554,85.95851068867225,26.0,0.05489606774495769,0.9685781598091125,0.16279069767441862,0.0,0.9791666666666666,0.8372093023255814,0.9119410829411613,578.0,749.0,172.0,172.0,18.5,558.5,1165.267353652917,505.54742085456223,91.7966504313717,278.0,64.47113787142685,5.706885338563723,64.21805881657446,0.9364013859409378,0.9457741975784302,0.9792642593383789,1.0,0.0,1.0,1.0,0.0,1.0
SNPT-163,0,23.0,0.017014835476249678,0.9788845307390455,0.5503875968992248,0.0,0.995260663507109,0.8178294573643411,0.8932049845067246,23.0,280.0,258.0,258.0,14.0,633.0,14.061938193424892,571.967082520217,99.45375042181396,10.0,0.004535727408312404,0.9993200030753283,0.754601226993865,1.0,1.0,0.8773006134969326,0.8912965167652477,587.0,749.0,163.0,163.0,27.5,978.0,1728.1548313560297,828.4276404189111,175.45535583664346,307.0,406.25522960604656,13.438061806575108,406.032917479783,0.5668322289027741,0.6407960653305054,0.9029085636138916,0.0,1.0,1.0,0.0,1.0,1.0
SNPT-163,1,,1.0,0.0,0.0,0.0,1.0,0.7142857142857143,0.8759939432144165,312.0,318.0,7.0,7.0,87.48404242459327,412.1332429446561,7.10694094286045,411.95090852854787,76.99696718798116,3.0,0.02834455829754006,0.9666766535777312,0.08333333333333333,0.0,1.0,0.8044871794871795,0.9353022884087734,0.0,311.0,312.0,312.0,1229.0,403.5,133.08500635439088,412.2825912628361,77.18362990212314,1.0,45.601208495464746,-45.600963929797615,-0.14934831817998884,0.9975815763734007,0.8172459602355957,0.9425481557846069,0.0,0.0,0.0,1.0,0.0,1.0
SNPT-163,0,5.0,0.047268545211115835,0.9348830266578777,0.2578397212543554,1.0,1.0,0.7874564459930313,0.9253776144664899,303.0,589.0,287.0,287.0,1911.0,501.5,1899.3432398760374,554.8255150917993,111.17630103382652,20.0,0.0009094251752729888,0.9999025580359668,0.2808219178082192,0.0,1.0,0.9863013698630136,0.8472463062240018,604.0,749.0,146.0,146.0,18.0,684.0,193.19028003356604,696.5438131228609,135.41920577060273,15.0,1885.7726357592965,-1881.3432398760374,129.17448490820072,0.8209788294147643,0.7308344841003418,0.9030614495277405,0.0,1.0,1.0,0.0,1.0,1.0
SNPT-163,1,28.0,0.0005636442359453272,0.9999427987683204,0.8266666666666667,1.0,1.0,0.8666666666666667,0.8701900454667898,0.0,74.0,75.0,75.0,1680.5,876.0,1911.107637432941,737.1817601979498,146.29199421493237,28.0,0.045807211410499656,0.9378867880864576,0.15827338129496402,1.0,1.0,0.9136690647482014,0.9275795392633424,262.0,539.0,278.0,278.0,1906.0,714.0,1906.2727265233116,782.9127575222394,122.22130612525976,188.0,23.73777508574944,-5.107637432940919,-23.181760197949757,1.1969434696189838,0.8783833980560303,0.925512433052063,1.0,0.0,1.0,1.0,0.0,1.0
SNPT-163,0,,1.0,0.0,0.0,1.0,1.0,0.9145299145299145,0.8891644812075892,0.0,116.0,117.0,117.0,1173.5,402.0,1910.7235200038103,470.4566832556546,66.29291388470976,9.0,0.07706796928583312,0.9412710642814637,0.21367521367521367,1.0,1.0,0.8803418803418803,0.9147050432788516,633.0,749.0,117.0,117.0,10.5,667.5,516.0156517013174,636.6510731057508,135.06829929892123,517.0,1910.41238863479,-1900.2235200038103,197.04331674434542,0.49081031025641436,0.8305065631866455,0.954573392868042,0.0,0.0,0.0,1.0,0.0,1.0
SNPT-163,1,8.0,0.022207817779456084,0.9904629124194076,0.6576271186440678,1.0,1.0,0.9254237288135593,0.8961731697613503,0.0,294.0,295.0,295.0,653.0,616.5,19.63977858583609,563.2138646292311,104.41203665148576,,1.0,0.0,0.0,1.0,1.0,0.7654320987654321,0.842564296337866,588.0,749.0,162.0,162.0,18.5,512.0,1057.5472073417288,429.6892374373524,82.89373175236265,294.0,51.226546101469125,-1.1397785858360905,-51.213864629231125,1.2595890478595781,0.7542893886566162,0.9549033641815186,0.0,0.0,0.0,1.0,0.0,1.0
SNPT-163,1,10.0,0.0031851464802540165,0.9933572832511679,0.7770034843205574,0.0,1.0,0.8641114982578397,0.8195582635460361,0.0,286.0,287.0,287.0,809.5,755.0,10.168067019596162,617.3094954463756,123.59155036449064,10.0,0.003969347190082346,0.9993412355159191,0.25,0.0,1.0,0.7819148936170213,0.8262583236305081,562.0,749.0,188.0,188.0,11.0,695.0,1642.2073767866395,659.5113333278252,127.55766537331539,276.0,77.69495871857201,0.8319329804038382,77.69050455362435,0.9689072781536308,0.9493389129638672,0.9511916637420654,1.0,0.0,1.0,1.0,0.0,1.0
SNPT-163,1,29.0,7.409012829050291e-05,0.9999948740005493,0.8717948717948718,1.0,1.0,0.8717948717948718,0.8516222010640537,0.0,38.0,39.0,39.0,1772.5,670.5,1913.775727769928,597.0810783692884,136.19476486912245,29.0,0.029219432523566336,0.972766101360321,0.1064516129032258,1.0,1.0,0.8580645161290322,0.9050839922033754,283.0,592.0,310.0,310.0,1908.5,559.5,1902.2174561289667,547.1716448977371,93.9174194868082,245.0,37.94958174869636,-5.275727769927926,-37.581078369288434,1.450154461369678,0.8471274971961975,0.8875669836997986,1.0,0.0,1.0,1.0,0.0,1.0
SNPT-163,0,25.0,0.002770883265903497,0.9868294351523922,0.20945945945945946,0.0,0.967479674796748,0.831081081081081,0.9119659630748315,0.0,301.0,302.0,296.0,422.0,498.5,3.0735129377546233,444.8175811670143,77.37940715696179,,1.0,0.0,0.0,0.0,1.0,0.8395061728395061,0.8911894577391007,588.0,749.0,162.0,162.0,9.0,500.0,846.8520057556309,431.7304158866191,78.35959357722719,287.0,55.49975312700065,5.926487062245377,55.18241883298572,0.9874911752917737,0.7813239097595215,0.9763717651367188,0.0,0.0,0.0,1.0,0.0,1.0
SNPT-163,0,3.0,0.02834455829754006,0.9666766535777312,0.08333333333333333,0.0,1.0,0.8044871794871795,0.9353022884087734,0.0,311.0,312.0,312.0,1229.0,403.5,133.08500635439088,412.2825912628361,77.18362990212314,25.0,0.0002663137042378841,0.9999756618686344,0.2987012987012987,0.0,1.0,0.8961038961038961,0.9241965845011283,596.0,749.0,154.0,154.0,17.0,597.0,230.35379089990533,520.5534328982727,111.02380780614972,285.0,218.1656475957465,-116.08500635439088,184.7174087371639,0.6951989075792433,0.867032527923584,0.9859707355499268,0.0,1.0,1.0,1.0,0.0,1.0
SNPT-163,1,29.0,7.409012829050291e-05,0.9999948740005493,0.8717948717948718,1.0,1.0,0.8717948717948718,0.8516222010640537,0.0,38.0,39.0,39.0,1772.5,670.5,1913.775727769928,597.0810783692884,136.19476486912245,,1.0,0.0,0.0,0.0,0.5,0.8,0.8113960385322571,590.0,595.0,6.0,5.0,1914.0305959962357,534.3130918653429,1913.0327563863993,542.5594800264283,81.2563477359166,552.0,62.76850394562759,0.2548682263077353,-62.76798650394551,1.676112312009837,0.679050862789154,0.7603147029876709,0.0,0.0,0.0,0.0,1.0,0.0
SNPT-163,0,55.0,0.019252706083559157,0.9806644780150915,0.39464882943143814,0.0,1.0,0.8595317725752508,0.9075764735385138,0.0,298.0,299.0,299.0,762.5,427.5,67.53170906802583,497.6862016046727,82.77384907159961,,1.0,0.0,0.0,0.0,1.0,0.8395061728395061,0.8911894577391007,588.0,749.0,162.0,162.0,9.0,500.0,846.8520057556309,431.7304158866191,78.35959357722719,290.0,58.57742423014379,-58.53170906802583,2.3137983953272965,1.0563333127809291,0.6519213914871216,0.9710280895233154,0.0,0.0,0.0,1.0,0.0,1.0
SNPT-163,0,28.0,0.045807211410499656,0.9378867880864576,0.15827338129496402,1.0,1.0,0.9136690647482014,0.9275795392633424,262.0,539.0,278.0,278.0,1906.0,714.0,1906.2727265233116,782.9127575222394,122.22130612525976,9.0,0.07706796928583312,0.9412710642814637,0.21367521367521367,1.0,1.0,0.8803418803418803,0.9147050432788516,633.0,749.0,117.0,117.0,10.5,667.5,516.0156517013174,636.6510731057508,135.06829929892123,94.0,1899.2825843535022,-1895.7727265233116,-115.41275752223942,0.9048852081476969,0.9035202264785767,0.9934927821159363,0.0,1.0,1.0,1.0,0.0,1.0
SNPT-163,1,10.0,0.007032744681738612,0.9921397194687256,0.6344086021505376,1.0,1.0,0.931899641577061,0.8700927635798088,0.0,278.0,279.0,279.0,141.0,764.0,14.137804336584315,593.183752973162,118.36568492370016,10.0,0.004535727408312404,0.9993200030753283,0.754601226993865,1.0,1.0,0.8773006134969326,0.8912965167652477,587.0,749.0,163.0,163.0,27.5,978.0,1728.1548313560297,828.4276404189111,175.45535583664346,309.0,385.0481687383642,13.362195663415685,384.816247026838,0.6746199587882842,0.8961927890777588,0.9807194471359253,1.0,0.0,1.0,1.0,0.0,1.0
SNPT-163,0,8.0,0.03076483344364747,0.9947810874265783,0.2809917355371901,0.0,1.0,0.9834710743801653,0.9210189851392218,0.0,120.0,121.0,121.0,1079.5,420.0,1908.978120218917,481.03258841079463,74.00241495994717,9.0,0.04017103721911255,0.9700678537515077,0.7457627118644068,0.0,0.996,0.847457627118644,0.9023902316093445,283.0,577.0,295.0,295.0,1909.5,656.0,1907.8778514588128,501.13924386759913,105.98447890838474,163.0,174.9681898995709,0.5218797810830438,174.96741158920537,0.698238229995134,0.8051270842552185,0.9510767459869385,0.0,1.0,1.0,1.0,0.0,1.0
SNPT-163,0,40.0,0.135772317587301,0.8170687986744775,0.030201342281879196,1.0,0.9848484848484849,0.8859060402684564,0.9031093418598175,0.0,297.0,298.0,298.0,1308.0,402.0,114.81458563859573,440.9539493119292,76.00680774472698,23.0,0.066963366431644,0.8830344599706156,0.3829787234042553,0.0,1.0,0.9290780141843972,0.9157117587009459,593.0,733.0,141.0,141.0,29.0,881.0,1905.0877730110033,1007.2619607488255,177.7491971905171,296.0,448.3354434287926,-85.81458563859573,440.0460506880708,0.42760703815309237,0.6862359046936035,0.9312233924865723,0.0,1.0,1.0,0.0,1.0,1.0
SNPT-163,0,29.0,7.409012829050291e-05,0.9999948740005493,0.8717948717948718,1.0,1.0,0.8717948717948718,0.8516222010640537,0.0,38.0,39.0,39.0,1772.5,670.5,1913.775727769928,597.0810783692884,136.19476486912245,10.0,0.003969347190082346,0.9993412355159191,0.25,0.0,1.0,0.7819148936170213,0.8262583236305081,562.0,749.0,188.0,188.0,11.0,695.0,1642.2073767866395,659.5113333278252,127.55766537331539,524.0,1905.293569349275,-1902.775727769928,97.91892163071157,1.0677113325218786,0.6890645623207092,0.8658124804496765,0.0,1.0,1.0,0.0,1.0,1.0
SNPT-163,1,,1.0,0.0,0.0,0.0,1.0,0.7142857142857143,0.8759939432144165,312.0,318.0,7.0,7.0,87.48404242459327,412.1332429446561,7.10694094286045,411.95090852854787,76.99696718798116,,1.0,0.0,0.0,0.0,1.0,0.8395061728395061,0.8911894577391007,588.0,749.0,162.0,162.0,9.0,500.0,846.8520057556309,431.7304158866191,78.35959357722719,270.0,88.06943954370303,1.89305905713955,88.04909147145213,0.9826105990723,0.7725276350975037,0.9277753233909607,0.0,0.0,0.0,1.0,0.0,1.0
SNPT-163,0,,1.0,0.0,0.0,0.0,1.0,0.7142857142857143,0.8759939432144165,312.0,318.0,7.0,7.0,87.48404242459327,412.1332429446561,7.10694094286045,411.95090852854787,76.99696718798116,,1.0,0.0,0.0,0.0,0.5,0.8,0.8113960385322571,590.0,595.0,6.0,5.0,1914.0305959962357,534.3130918653429,1913.0327563863993,542.5594800264283,81.2563477359166,272.0,1910.8454490390036,1906.9236550533751,122.36218333679506,0.9475809500843128,0.767947793006897,0.9083269834518433,0.0,0.0,0.0,1.0,0.0,0.0
SNPT-163,1,23.0,0.017014835476249678,0.9788845307390455,0.5503875968992248,0.0,0.995260663507109,0.8178294573643411,0.8932049845067246,23.0,280.0,258.0,258.0,14.0,633.0,14.061938193424892,571.967082520217,99.45375042181396,23.0,0.066963366431644,0.8830344599706156,0.3829787234042553,0.0,1.0,0.9290780141843972,0.9157117587009459,593.0,733.0,141.0,141.0,29.0,881.0,1905.0877730110033,1007.2619607488255,177.7491971905171,313.0,309.3937455356902,14.938061806575108,309.032917479783,0.5595172973704987,0.8453159928321838,0.9764797687530518,1.0,0.0,1.0,1.0,0.0,1.0
SNPT-163,0,14.0,0.19040423651365798,0.8767980928806698,0.4641638225255973,0.0,1.0,0.757679180887372,0.9119479264224972,300.0,592.0,293.0,293.0,1912.0,520.5,1900.0141145394919,700.6769686978654,120.835569698446,23.0,0.066963366431644,0.8830344599706156,0.3829787234042553,0.0,1.0,0.9290780141843972,0.9157117587009459,593.0,733.0,141.0,141.0,29.0,881.0,1905.0877730110033,1007.2619607488255,177.7491971905171,1.0,1879.6835404993017,-1871.0141145394919,180.3230313021346,0.6798093696531899,0.9105666875839233,0.9919219613075256,0.0,1.0,0.0,1.0,0.0,1.0
SNPT-163,1,,1.0,0.0,0.0,1.0,1.0,0.9145299145299145,0.8891644812075892,0.0,116.0,117.0,117.0,1173.5,402.0,1910.7235200038103,470.4566832556546,66.29291388470976,11.0,0.3830484818900004,0.8146450022856394,0.012552301255230125,1.0,1.0,0.9518828451882845,0.8648591028465019,272.0,749.0,478.0,478.0,1905.0,496.5,1854.6032053328659,467.5015516145664,83.17736228594666,156.0,26.664827550170273,-5.723520003810336,26.043316744345418,0.7970066862280192,0.875881552696228,0.9862637519836426,0.0,0.0,0.0,1.0,0.0,1.0
SNPT-163,1,55.0,0.019252706083559157,0.9806644780150915,0.39464882943143814,0.0,1.0,0.8595317725752508,0.9075764735385138,0.0,298.0,299.0,299.0,762.5,427.5,67.53170906802583,497.6862016046727,82.77384907159961,55.0,0.11873646997161624,0.953294923430995,0.35625,0.0,1.0,0.93125,0.9123108202979069,590.0,749.0,160.0,160.0,10.5,544.0,698.2626900092873,456.84817281766993,87.69582752544036,292.0,73.46825002014789,-57.03170906802583,46.3137983953273,0.943874428319718,0.8419663310050964,0.9842498302459717,1.0,0.0,1.0,1.0,0.0,1.0
SNPT-163,0,5.0,0.047268545211115835,0.9348830266578777,0.2578397212543554,1.0,1.0,0.7874564459930313,0.9253776144664899,303.0,589.0,287.0,287.0,1911.0,501.5,1899.3432398760374,554.8255150917993,111.17630103382652,25.0,0.0002663137042378841,0.9999756618686344,0.2987012987012987,0.0,1.0,0.8961038961038961,0.9241965845011283,596.0,749.0,154.0,154.0,17.0,597.0,230.35379089990533,520.5534328982727,111.02380780614972,7.0,1882.8156468131153,-1882.3432398760374,42.174484908200725,1.0013735182632455,0.731033444404602,0.9336051940917969,0.0,1.0,1.0,0.0,1.0,1.0
SNPT-164,1,,1.0,0.0,0.0,0.0,1.0,0.9322033898305084,0.8774628108197993,434.0,492.0,59.0,59.0,1911.0,464.5,1901.1504103521372,490.0272045381206,83.29599693848894,,1.0,0.0,0.0,0.0,0.8548387096774194,0.9393939393939394,0.849684348029475,594.0,666.0,73.0,66.0,1910.0,347.5,1913.8999763572494,320.3149532152818,60.42421743996876,102.0,142.80167810774083,8.849589647862786,-142.5272045381206,1.3785200780008977,0.8905842900276184,0.9758627414703369,0.0,0.0,0.0,1.0,0.0,0.0
SNPT-164,0,,1.0,0.0,0.0,1.0,1.0,0.8888888888888888,0.8910251943902536,155.0,253.0,99.0,99.0,1903.5,351.0,1911.0031334862713,401.0824838383003,66.17810305393692,5.0,0.028517838343499795,0.9889914251509166,0.65625,1.0,1.0,0.71875,0.8864974249964175,456.0,521.0,66.0,32.0,1912.0,487.0,1908.5667356266517,447.95496100588343,93.90395454275554,203.0,85.92329908844357,0.9968665137287189,85.91751616169972,0.7047424506899257,0.7905385494232178,0.9554740190505981,0.0,0.0,0.0,1.0,0.0,1.0
SNPT-164,0,,1.0,0.0,0.0,1.0,1.0,0.91,0.8786232419066377,155.0,254.0,100.0,100.0,1904.5,439.5,1907.7700281668108,506.6968238496596,92.009498460719,10.0,0.002539714968123816,0.9996989382637872,0.16791044776119404,1.0,1.0,0.9850746268656716,0.8877061774784868,482.0,749.0,268.0,268.0,15.5,922.0,1430.5841544732252,624.4499602228129,144.50232455682956,228.0,1937.3080776218799,-1892.2700281668108,415.3031761503404,0.6367336909139735,0.7882058620452881,0.9815618991851807,0.0,0.0,0.0,1.0,0.0,1.0
SNPT-164,0,29.0,0.006570385303558186,0.9989407177154834,0.19548872180451127,1.0,1.0,0.849624060150376,0.8912262193924558,141.0,273.0,133.0,133.0,1906.5,667.0,1902.929319423142,716.2009390596502,134.89341737855787,,1.0,0.0,0.0,1.0,1.0,0.8076923076923077,0.8683108176503863,611.0,636.0,26.0,26.0,1911.0,367.0,1914.2496371029224,365.747950843554,71.80640750622761,338.0,349.2941907978362,8.070680576857967,-349.2009390596502,1.8785707580045534,0.6734915375709534,0.95625901222229,0.0,0.0,0.0,1.0,0.0,1.0
SNPT-164,1,,1.0,0.0,0.0,1.0,1.0,0.91,0.8786232419066377,155.0,254.0,100.0,100.0,1904.5,439.5,1907.7700281668108,506.6968238496596,92.009498460719,,1.0,0.0,0.0,1.0,1.0,0.8076923076923077,0.8683108176503863,611.0,636.0,26.0,26.0,1911.0,367.0,1914.2496371029224,365.747950843554,71.80640750622761,357.0,139.73415943041996,3.229971833189211,-139.6968238496596,1.2813549884491744,0.8884412050247192,0.9632672667503357,0.0,0.0,0.0,1.0,0.0,1.0
SNPT-164,0,,1.0,0.0,0.0,1.0,1.0,0.8944099378881988,0.8824648128615485,360.0,520.0,161.0,161.0,1906.0,358.5,1903.5446997625645,444.0750614820879,75.8106958423336,,1.0,0.0,0.0,1.0,1.0,0.8076923076923077,0.8683108176503863,611.0,636.0,26.0,26.0,1911.0,367.0,1914.2496371029224,365.747950843554,71.80640750622761,91.0,77.43478936562,7.455300237435495,-77.0750614820879,1.0557650560050467,0.802026629447937,0.9826932549476624,0.0,0.0,0.0,1.0,0.0,1.0
SNPT-164,0,29.0,0.006570385303558186,0.9989407177154834,0.19548872180451127,1.0,1.0,0.849624060150376,0.8912262193924558,141.0,273.0,133.0,133.0,1906.5,667.0,1902.929319423142,716.2009390596502,134.89341737855787,,1.0,0.0,0.0,0.0,1.0,0.9322033898305084,0.8774628108197993,434.0,492.0,59.0,59.0,1911.0,464.5,1901.1504103521372,490.0272045381206,83.29599693848894,161.0,251.83029724098608,8.070680576857967,-251.70093905965018,1.6194465801060254,0.6892023086547852,0.9283797740936279,0.0,0.0,0.0,0.0,1.0,1.0
SNPT-164,1,,1.0,0.0,0.0,0.0,1.0,0.8875,0.8709148479179597,157.0,254.0,98.0,80.0,1914.0,381.5,1914.5551774842397,415.05731118178676,70.0501872235337,,1.0,0.0,0.0,0.0,0.8548387096774194,0.9393939393939394,0.849684348029475,594.0,666.0,73.0,66.0,1910.0,347.5,1913.8999763572494,320.3149532152818,60.42421743996876,340.0,67.71070769107125,-4.555177484239721,-67.55731118178676,1.159306486561093,0.949753999710083,0.9806505441665649,0.0,0.0,0.0,1.0,0.0,0.0
SNPT-164,0,10.0,0.002523295325092609,0.9995643655118001,0.6544943820224719,1.0,1.0,0.8539325842696629,0.8419826869901857,0.0,355.0,356.0,356.0,490.5,624.0,8.576970133031281,698.9669599786923,136.14165072181493,,1.0,0.0,0.0,,0.0,0.0,0.5600023139013003,626.0,707.0,82.0,82.0,5.5,318.5,5.146024332490826,285.44840223160816,57.00519640446427,271.0,380.4794020451402,-3.0769701330312813,-380.46695997869233,2.3882322894891947,0.6283034086227417,0.869429886341095,0.0,0.0,0.0,0.0,0.0,0.0
SNPT-164,1,,1.0,0.0,0.0,1.0,1.0,0.8888888888888888,0.8910251943902536,155.0,253.0,99.0,99.0,1903.5,351.0,1911.0031334862713,401.0824838383003,66.17810305393692,,1.0,0.0,0.0,1.0,1.0,0.8944099378881988,0.8824648128615485,360.0,520.0,161.0,161.0,1906.0,358.5,1903.5446997625645,444.0750614820879,75.8106958423336,107.0,42.87539241243809,-5.003133486271281,-42.58248383830028,0.8729388685677025,0.971072256565094,0.9836239814758301,0.0,0.0,0.0,1.0,0.0,1.0
SNPT-164,1,20.0,0.0902501023017286,0.9530596516349099,0.21428571428571427,0.0,1.0,0.9285714285714286,0.8795154640724608,0.0,153.0,154.0,154.0,354.0,616.0,11.085462220511026,529.7987758281871,105.81791736012313,20.0,0.04656975092336562,0.9667752059066996,0.32136105860113423,0.0,0.9933628318584071,0.8544423440453687,0.8450642433841672,221.0,749.0,529.0,529.0,8.5,576.5,455.2839072808125,551.5123779302747,101.38327379303713,68.0,46.77273729470632,-2.585462220511026,46.701224171812896,1.0437413727252371,0.8530791997909546,0.9913359880447388,1.0,0.0,1.0,1.0,0.0,1.0
SNPT-164,1,10.0,0.05596781710267929,0.9557575915540968,0.14344262295081966,0.0,1.0,0.8770491803278688,0.8700680615745973,0.0,274.0,275.0,244.0,1366.5,725.0,1910.4421716262498,712.0795646845838,136.48136911697915,10.0,0.0009109720407537651,0.9999022183527473,0.3887240356083086,0.0,0.996742671009772,0.9109792284866469,0.8596510910444228,337.0,673.0,337.0,337.0,1898.5,767.5,1909.4781051682603,630.079074961578,126.55927847442459,63.0,56.69250491644405,-11.942171626249774,55.42043531541617,1.0783987611351595,0.9466102719306946,0.9912989735603333,1.0,0.0,1.0,1.0,0.0,1.0
SNPT-164,1,5.0,0.028517838343499795,0.9889914251509166,0.65625,1.0,1.0,0.71875,0.8864974249964175,456.0,521.0,66.0,32.0,1912.0,487.0,1908.5667356266517,447.95496100588343,93.90395454275554,,1.0,0.0,0.0,1.0,1.0,0.8076923076923077,0.8683108176503863,611.0,636.0,26.0,26.0,1911.0,367.0,1914.2496371029224,365.747950843554,71.80640750622761,90.0,80.99152108075705,2.4332643733482655,-80.95496100588343,1.3077378162194155,0.8110600113868713,0.9443179368972778,0.0,0.0,0.0,1.0,0.0,1.0
SNPT-164,0,,1.0,0.0,0.0,0.0,1.0,0.6190476190476191,0.7734994187074549,135.0,155.0,21.0,21.0,1909.0,370.0,1287.919014267628,324.89611237816086,78.10041025946241,,1.0,0.0,0.0,,0.0,0.0,0.5600023139013003,626.0,707.0,82.0,82.0,5.5,318.5,5.146024332490826,285.44840223160816,57.00519640446427,471.0,1282.4349645922434,-1282.419014267628,-6.396112378160865,1.3700577348304004,0.6978695392608643,0.9536764025688171,0.0,0.0,0.0,0.0,0.0,0.0
SNPT-164,1,10.0,0.002523295325092609,0.9995643655118001,0.6544943820224719,1.0,1.0,0.8539325842696629,0.8419826869901857,0.0,355.0,356.0,356.0,490.5,624.0,8.576970133031281,698.9669599786923,136.14165072181493,10.0,0.002539714968123816,0.9996989382637872,0.16791044776119404,1.0,1.0,0.9850746268656716,0.8877061774784868,482.0,749.0,268.0,268.0,15.5,922.0,1430.5841544732252,624.4499602228129,144.50232455682956,127.0,223.1404608843613,6.923029866968719,223.03304002130767,0.9421415962638956,0.9232754111289978,0.9618861675262451,1.0,0.0,1.0,1.0,0.0,1.0
SNPT-164,1,,1.0,0.0,0.0,,0.0,0.0,0.5556471771207349,231.0,395.0,165.0,165.0,13.5,283.5,9.280163636791194,290.01408288977893,54.799771657427414,,1.0,0.0,0.0,,0.0,0.0,0.5600023139013003,626.0,707.0,82.0,82.0,5.5,318.5,5.146024332490826,285.44840223160816,57.00519640446427,231.0,28.735641818677095,-3.780163636791194,28.485917110221067,0.9613118647747674,0.9187310934066772,0.9827556610107422,0.0,0.0,0.0,0.0,0.0,0.0
SNPT-164,1,,1.0,0.0,0.0,0.0,1.0,0.8875,0.8709148479179597,157.0,254.0,98.0,80.0,1914.0,381.5,1914.5551774842397,415.05731118178676,70.0501872235337,,1.0,0.0,0.0,0.0,1.0,0.9322033898305084,0.8774628108197993,434.0,492.0,59.0,59.0,1911.0,464.5,1901.1504103521372,490.0272045381206,83.29599693848894,180.0,49.57034158162634,-3.555177484239721,49.44268881821324,0.8409790361866154,0.9370902180671692,0.9907781481742859,0.0,0.0,0.0,1.0,0.0,1.0
SNPT-164,1,23.0,0.009341992402932481,0.9916435073265869,0.4529262086513995,0.0,1.0,0.926208651399491,0.8579149819337405,0.0,392.0,393.0,393.0,632.0,673.0,6.262467987809089,538.6919002276296,119.34609278565497,23.0,0.004118691055903516,0.9859243024735761,0.7012448132780082,0.0,1.0,0.8879668049792531,0.7728246921133772,509.0,749.0,241.0,241.0,9.0,810.5,1088.635963205561,869.1469051518892,166.10159850447408,117.0,271.82188503390347,2.7375320121909112,271.8080997723704,0.7185126083084642,0.8848370313644409,0.9557704329490662,1.0,0.0,1.0,1.0,0.0,1.0
SNPT-164,1,,1.0,0.0,0.0,,0.0,0.0,0.5556410172982003,0.0,166.0,167.0,167.0,910.5,378.0,7.2129385622095405,302.7107057348451,55.22797136865719,,1.0,0.0,0.0,,0.0,0.0,0.5556471771207349,231.0,395.0,165.0,165.0,13.5,283.5,9.280163636791194,290.01408288977893,54.799771657427414,65.0,20.21332125983658,6.2870614377904595,-19.210705734845078,1.007813895902826,0.9480618834495544,0.9729680418968201,0.0,0.0,0.0,0.0,0.0,0.0
SNPT-164,0,20.0,0.0902501023017286,0.9530596516349099,0.21428571428571427,0.0,1.0,0.9285714285714286,0.8795154640724608,0.0,153.0,154.0,154.0,354.0,616.0,11.085462220511026,529.7987758281871,105.81791736012313,5.0,0.028517838343499795,0.9889914251509166,0.65625,1.0,1.0,0.71875,0.8864974249964175,456.0,521.0,66.0,32.0,1912.0,487.0,1908.5667356266517,447.95496100588343,93.90395454275554,303.0,1901.3962804091627,1900.914537779489,-42.798775828187104,1.1268739200109301,0.669619083404541,0.9103748202323914,0.0,1.0,1.0,0.0,1.0,1.0
SNPT-164,1,,1.0,0.0,0.0,,0.0,0.0,0.5556410172982003,0.0,166.0,167.0,167.0,910.5,378.0,7.2129385622095405,302.7107057348451,55.22797136865719,,1.0,0.0,0.0,,0.0,0.0,0.5600023139013003,626.0,707.0,82.0,82.0,5.5,318.5,5.146024332490826,285.44840223160816,57.00519640446427,460.0,15.881938543816323,-1.7129385622095405,15.789294265154922,0.9688234556162689,0.9282252788543701,0.9594138264656067,0.0,0.0,0.0,0.0,0.0,0.0
SNPT-164,0,28.0,0.002327509048749408,0.9945968327851131,0.52834008097166,1.0,1.0,0.9595141700404858,0.8708494218844401,0.0,493.0,494.0,494.0,1484.0,817.0,1904.423908789395,781.6919847928355,144.03169129924183,,1.0,0.0,0.0,0.0,0.8548387096774194,0.9393939393939394,0.849684348029475,594.0,666.0,73.0,66.0,1910.0,347.5,1913.8999763572494,320.3149532152818,60.42421743996876,101.0,434.22778866803407,5.576091210605,-434.19198479283546,2.3836749138263444,0.663830041885376,0.9156267642974854,0.0,0.0,0.0,0.0,1.0,0.0
SNPT-164,0,,1.0,0.0,0.0,0.0,1.0,0.6190476190476191,0.7734994187074549,135.0,155.0,21.0,21.0,1909.0,370.0,1287.919014267628,324.89611237816086,78.10041025946241,29.0,0.13660247200089637,0.8692523386743334,0.12931034482758622,1.0,1.0,0.9367816091954023,0.881740323239309,348.0,695.0,348.0,348.0,1897.5,645.5,1911.742922088591,541.0091672730508,111.22444489093601,193.0,688.7494689106389,609.580985732372,320.60388762183914,0.7021874583060025,0.7481144666671753,0.9324448108673096,0.0,0.0,0.0,0.0,1.0,1.0
SNPT-164,0,23.0,0.009341992402932481,0.9916435073265869,0.4529262086513995,0.0,1.0,0.926208651399491,0.8579149819337405,0.0,392.0,393.0,393.0,632.0,673.0,6.262467987809089,538.6919002276296,119.34609278565497,,1.0,0.0,0.0,1.0,0.9178082191780822,0.948051948051948,0.8495350488244671,589.0,665.0,77.0,77.0,1912.0,358.5,1912.985453996299,320.4960344948296,58.10660445255985,197.0,1914.2373577557096,1905.737532012191,-180.19190022762962,2.053916141031663,0.6798344850540161,0.915014922618866,0.0,0.0,0.0,0.0,1.0,1.0
SNPT-164,0,,1.0,0.0,0.0,,0.0,0.0,0.5556410172982003,0.0,166.0,167.0,167.0,910.5,378.0,7.2129385622095405,302.7107057348451,55.22797136865719,,1.0,0.0,0.0,1.0,0.9178082191780822,0.948051948051948,0.8495350488244671,589.0,665.0,77.0,77.0,1912.0,358.5,1912.985453996299,320.4960344948296,58.10660445255985,423.0,1905.6038924119086,1904.7870614377905,55.78929426515492,0.9504594510207033,0.5227567553520203,0.9199035167694092,0.0,0.0,0.0,0.0,0.0,0.0
SNPT-164,0,23.0,0.009341992402932481,0.9916435073265869,0.4529262086513995,0.0,1.0,0.926208651399491,0.8579149819337405,0.0,392.0,393.0,393.0,632.0,673.0,6.262467987809089,538.6919002276296,119.34609278565497,10.0,0.002539714968123816,0.9996989382637872,0.16791044776119404,1.0,1.0,0.9850746268656716,0.8877061774784868,482.0,749.0,268.0,268.0,15.5,922.0,1430.5841544732252,624.4499602228129,144.50232455682956,90.0,383.41939354808557,9.237532012190911,383.3080997723704,0.8259112311976601,0.6969589591026306,0.917525053024292,0.0,1.0,1.0,0.0,1.0,1.0
SNPT-164,0,,1.0,0.0,0.0,0.0,1.0,0.6190476190476191,0.7734994187074549,135.0,155.0,21.0,21.0,1909.0,370.0,1287.919014267628,324.89611237816086,78.10041025946241,10.0,0.002539714968123816,0.9996989382637872,0.16791044776119404,1.0,1.0,0.9850746268656716,0.8877061774784868,482.0,749.0,268.0,268.0,15.5,922.0,1430.5841544732252,624.4499602228129,144.50232455682956,327.0,1405.5544103601667,-1272.419014267628,597.1038876218391,0.5404785736076325,0.7134450674057007,0.9352319240570068,0.0,0.0,0.0,0.0,1.0,1.0
SNPT-164,1,29.0,0.006570385303558186,0.9989407177154834,0.19548872180451127,1.0,1.0,0.849624060150376,0.8912262193924558,141.0,273.0,133.0,133.0,1906.5,667.0,1902.929319423142,716.2009390596502,134.89341737855787,29.0,0.13660247200089637,0.8692523386743334,0.12931034482758622,1.0,1.0,0.9367816091954023,0.881740323239309,348.0,695.0,348.0,348.0,1897.5,645.5,1911.742922088591,541.0091672730508,111.22444489093601,75.0,70.90909880484222,-5.429319423142033,-70.70093905965018,1.212803691767858,0.9644174575805664,0.9922705292701721,1.0,0.0,1.0,1.0,0.0,1.0
SNPT-164,0,29.0,0.006570385303558186,0.9989407177154834,0.19548872180451127,1.0,1.0,0.849624060150376,0.8912262193924558,141.0,273.0,133.0,133.0,1906.5,667.0,1902.929319423142,716.2009390596502,134.89341737855787,10.0,0.002539714968123816,0.9996989382637872,0.16791044776119404,1.0,1.0,0.9850746268656716,0.8877061774784868,482.0,749.0,268.0,268.0,15.5,922.0,1430.5841544732252,624.4499602228129,144.50232455682956,209.0,1898.6159931123605,-1887.429319423142,205.79906094034982,0.9335034421920824,0.7812280654907227,0.9921349287033081,0.0,1.0,1.0,1.0,0.0,1.0
SNPT-164,0,22.0,0.0061756321981900125,0.9992834660742018,0.1592920353982301,1.0,1.0,0.9292035398230089,0.8669126181375413,152.0,264.0,113.0,113.0,1885.5,742.5,1907.2347657651162,760.9419676941064,146.55203233290456,,1.0,0.0,0.0,1.0,1.0,0.8076923076923077,0.8683108176503863,611.0,636.0,26.0,26.0,1911.0,367.0,1914.2496371029224,365.747950843554,71.80640750622761,347.0,393.9599610360778,3.765234234883792,-393.94196769410644,2.04093252151898,0.6188217401504517,0.9385479688644409,0.0,0.0,0.0,1.0,0.0,1.0
SNPT-164,1,,1.0,0.0,0.0,1.0,1.0,0.91,0.8786232419066377,155.0,254.0,100.0,100.0,1904.5,439.5,1907.7700281668108,506.6968238496596,92.009498460719,5.0,0.028517838343499795,0.9889914251509166,0.65625,1.0,1.0,0.71875,0.8864974249964175,456.0,521.0,66.0,32.0,1912.0,487.0,1908.5667356266517,447.95496100588343,93.90395454275554,202.0,20.145906072303962,4.229971833189211,-19.69682384965961,0.9798255984930435,0.8466904163360596,0.9538871049880981,0.0,0.0,0.0,1.0,0.0,1.0
SNPT-164,1,,1.0,0.0,0.0,1.0,1.0,0.8888888888888888,0.8910251943902536,155.0,253.0,99.0,99.0,1903.5,351.0,1911.0031334862713,401.0824838383003,66.17810305393692,,1.0,0.0,0.0,1.0,0.9178082191780822,0.948051948051948,0.8495350488244671,589.0,665.0,77.0,77.0,1912.0,358.5,1912.985453996299,320.4960344948296,58.10660445255985,336.0,42.59415068627731,0.9968665137287189,-42.58248383830028,1.1389084541666328,0.8484249114990234,0.984184741973877,0.0,0.0,0.0,1.0,0.0,1.0
SNPT-164,1,,1.0,0.0,0.0,1.0,1.0,0.8944099378881988,0.8824648128615485,360.0,520.0,161.0,161.0,1906.0,358.5,1903.5446997625645,444.0750614820879,75.8106958423336,,1.0,0.0,0.0,1.0,0.9178082191780822,0.948051948051948,0.8495350488244671,589.0,665.0,77.0,77.0,1912.0,358.5,1912.985453996299,320.4960344948296,58.10660445255985,69.0,85.99176268555205,8.455300237435495,-85.5750614820879,1.3046829453651514,0.8799068927764893,0.9710091352462769,0.0,0.0,0.0,1.0,0.0,1.0
SNPT-164,0,20.0,0.0902501023017286,0.9530596516349099,0.21428571428571427,0.0,1.0,0.9285714285714286,0.8795154640724608,0.0,153.0,154.0,154.0,354.0,616.0,11.085462220511026,529.7987758281871,105.81791736012313,,1.0,0.0,0.0,1.0,0.9178082191780822,0.948051948051948,0.8495350488244671,589.0,665.0,77.0,77.0,1912.0,358.5,1912.985453996299,320.4960344948296,58.10660445255985,436.0,1908.6171304223494,1900.914537779489,-171.2987758281871,1.8210996556599064,0.6809528470039368,0.9263156056404114,0.0,0.0,0.0,0.0,1.0,1.0
SNPT-165,0,,1.0,0.0,0.0,1.0,1.0,0.9233954451345756,0.8748623911842637,0.0,482.0,483.0,483.0,1677.0,339.0,32.26727015348727,352.8983418329811,92.18830570665955,1.0,0.15980135039605486,0.8987357141315073,0.549800796812749,,0.0,0.0,0.5522426476756346,499.0,749.0,251.0,251.0,1907.0,362.5,344.4468634284053,514.931133941372,101.75315725139488,17.0,1874.7573176806948,1874.7327298465127,9.601658167018911,0.9059994618043735,0.681442379951477,0.8898906111717224,0.0,0.0,0.0,0.0,0.0,0.0
SNPT-165,1,22.0,0.09046996544864973,0.9259131742375237,0.6542056074766355,1.0,1.0,0.9532710280373832,0.8890917470642165,0.0,106.0,107.0,107.0,1607.5,823.5,1894.1694534104286,800.1255149271336,195.61559468366895,22.0,0.017209385091293997,0.9890837556437442,0.2602739726027397,1.0,1.0,0.9643835616438357,0.8772975580597465,385.0,749.0,365.0,365.0,1903.5,699.5,536.173103962571,562.9055052704492,129.22112388183703,279.0,101.05717863670525,9.33054658957144,-100.62551492713362,1.5138050870269837,0.8379896879196167,0.9591739177703857,1.0,0.0,1.0,1.0,0.0,1.0
SNPT-165,0,8.0,0.05408235858912236,0.9728601246044554,0.23434343434343435,1.0,1.0,0.9717171717171718,0.8950218122119468,0.0,494.0,495.0,495.0,1476.5,423.5,24.682119213824368,471.7835118983405,96.7422748094967,10.0,0.002828540181023224,0.9627399359430585,0.7777777777777778,0.0,1.0,0.7777777777777778,0.9191753097942897,741.0,749.0,9.0,9.0,16.5,894.5,119.26036668117065,909.9469211744909,184.46697504735454,247.0,422.7956674184702,-8.182119213824368,422.7164881016595,0.5244422465574772,0.6520986557006836,0.9396129846572876,0.0,1.0,1.0,0.0,1.0,1.0
SNPT-165,1,23.0,0.0012125258426749497,0.9998840987682343,0.004484304932735426,0.0,1.0,0.92152466367713,0.918689977948683,0.0,519.0,520.0,446.0,576.0,467.0,6.47169106031691,515.2488908856689,103.38117559921714,23.0,0.003669001394882798,0.9996550679206848,0.09090909090909091,0.0,1.0,0.8181818181818182,0.9210229714711508,739.0,749.0,11.0,11.0,235.5,1071.0,401.70745257043814,1031.9531251758826,50.77977046043513,220.0,601.09338839949,229.0283089396831,555.7511091143311,2.03587323577538,0.7647520899772644,0.9562338590621948,1.0,0.0,1.0,1.0,0.0,1.0
SNPT-165,0,29.0,0.02497057418090395,0.9807590068621956,0.31795716639209226,1.0,0.9981515711645101,0.8912685337726524,0.8928382120158889,0.0,606.0,607.0,607.0,1770.0,603.5,4.707829548033802,889.5151534321706,122.77852889434263,8.0,0.034002848927229934,0.958300989653383,0.717948717948718,0.0,1.0,0.8717948717948718,0.9114261103027007,672.0,749.0,78.0,78.0,14.5,1037.0,1376.4274332615973,701.0500667170899,158.96931067503823,66.0,147.80956183311196,9.792170451966198,147.48484656782944,0.7723410787464755,0.7783958911895752,0.9435808062553406,0.0,1.0,1.0,0.0,1.0,1.0
SNPT-165,1,8.0,0.02725908577828443,0.9906671929032835,0.2802303262955854,0.0,1.0,0.8502879078694817,0.9017671945401831,0.0,520.0,521.0,521.0,911.0,514.0,12.893261132675537,1009.7605336819383,130.4204228677893,8.0,0.034002848927229934,0.958300989653383,0.717948717948718,0.0,1.0,0.8717948717948718,0.9114261103027007,672.0,749.0,78.0,78.0,14.5,1037.0,1376.4274332615973,701.0500667170899,158.96931067503823,152.0,27.286812475637138,1.606738867324463,27.23946631806166,0.8204125834979057,0.9372994899749756,0.9761348366737366,1.0,0.0,1.0,1.0,0.0,1.0
SNPT-165,0,22.0,0.09046996544864973,0.9259131742375237,0.6542056074766355,1.0,1.0,0.9532710280373832,0.8890917470642165,0.0,106.0,107.0,107.0,1607.5,823.5,1894.1694534104286,800.1255149271336,195.61559468366895,8.0,0.034002848927229934,0.958300989653383,0.717948717948718,0.0,1.0,0.8717948717948718,0.9114261103027007,672.0,749.0,78.0,78.0,14.5,1037.0,1376.4274332615973,701.0500667170899,158.96931067503823,566.0,1894.5360317932184,-1879.6694534104286,236.87448507286638,1.2305242681937667,0.561142086982727,0.9183822870254517,0.0,1.0,1.0,0.0,1.0,1.0
SNPT-165,1,17.0,0.05932622955731945,0.9603872286236804,0.12534059945504086,0.0,1.0,0.8937329700272479,0.9147388379021388,166.0,532.0,367.0,367.0,1910.0,356.5,12.835778944122094,445.53648865931723,78.49618333333592,,1.0,0.0,0.0,0.0,1.0,0.9642857142857143,0.8465602960851457,694.0,749.0,56.0,56.0,22.0,559.0,722.7584786090238,573.7104482683048,101.12669940607285,162.0,113.83299764707176,9.164221055877906,113.46351134068277,0.7762162099065015,0.8068597316741943,0.9455621838569641,0.0,0.0,0.0,1.0,0.0,1.0
SNPT-165,1,10.0,0.003474792945391008,0.9340153876692057,0.033126293995859216,0.0,1.0,0.917184265010352,0.9182445934340863,0.0,482.0,483.0,483.0,1269.0,461.0,22.628339103632456,503.87445589284073,107.77102286299252,10.0,0.002828540181023224,0.9627399359430585,0.7777777777777778,0.0,1.0,0.7777777777777778,0.9191753097942897,741.0,749.0,9.0,9.0,16.5,894.5,119.26036668117065,909.9469211744909,184.46697504735454,259.0,390.67361345397177,-6.128339103632456,390.62554410715927,0.5842293604875702,0.8593740463256836,0.9625239968299866,1.0,0.0,1.0,1.0,0.0,1.0
SNPT-165,0,,1.0,0.0,0.0,,0.0,0.0,0.5544957939607615,0.0,426.0,427.0,427.0,1346.0,307.0,13.817156040599688,232.57042133207008,76.75593715846266,11.0,0.03506541016222515,0.9907472269444526,0.265993265993266,1.0,1.0,0.8855218855218855,0.8751089627298565,453.0,749.0,297.0,297.0,1894.0,341.0,287.8916993699355,463.5766974258788,84.77218564821808,27.0,1883.3067992893148,1880.1828439594003,108.42957866792992,0.9054377514457311,0.7016671895980835,0.9145612716674805,0.0,0.0,0.0,0.0,0.0,0.0
SNPT-166,1,4.0,0.0475139417331645,0.9703967814382753,0.3179916317991632,1.0,1.0,0.8242677824267782,0.9267895860115284,362.0,600.0,239.0,239.0,870.0,877.5,5.981056127190474,592.7770034234227,117.48560491904843,,1.0,0.0,0.0,1.0,1.0,0.8775510204081632,0.9545421018156894,701.0,749.0,49.0,49.0,6.5,443.5,546.166223360281,451.90312799115486,89.2990671306361,101.0,149.27790544424073,0.5189438728095261,-149.27700342342268,1.3156420183782893,0.9477107524871826,0.9709701538085938,0.0,0.0,0.0,1.0,0.0,1.0
SNPT-166,0,,1.0,0.0,0.0,1.0,1.0,0.9631490787269682,0.9153696222927259,0.0,596.0,597.0,597.0,587.5,203.0,8.98561930363967,367.6349998639444,55.82927630409088,,1.0,0.0,0.0,1.0,0.8076923076923077,0.8387096774193549,0.9030461150866288,718.0,749.0,32.0,31.0,7.0,322.5,463.87309576929334,313.6048769800731,63.239124937119584,122.0,45.1786553223671,-1.9856193036396697,-45.134999863944415,0.8828280966822909,0.8975324034690857,0.972386360168457,0.0,0.0,0.0,1.0,0.0,0.0
SNPT-166,1,,1.0,0.0,0.0,0.0,1.0,0.90625,0.9419692179252361,0.0,95.0,96.0,96.0,1894.5,631.0,1910.5706964633082,686.4290272061589,114.72389287001363,22.0,0.06795064065534881,0.9585481802622478,0.08670520231213873,0.0,1.0,0.976878612716763,0.9379373111668423,577.0,749.0,173.0,173.0,1908.5,627.5,1511.1520602922776,533.9162547648194,116.15910941539248,482.0,58.965396897734664,-2.0706964633081952,-58.929027206158935,0.9876443909341073,0.9157242774963379,0.9883205890655518,0.0,0.0,0.0,1.0,0.0,1.0
SNPT-166,0,,1.0,0.0,0.0,1.0,1.0,0.7096774193548387,0.918162776665254,549.0,579.0,31.0,31.0,6.0,381.0,9.75390259947365,403.7462113476546,72.49334669389982,,1.0,0.0,0.0,,0.0,0.0,0.5774475399484026,587.0,684.0,98.0,98.0,1913.5,366.5,1907.6241078469225,316.22830271311364,64.23385650338025,8.0,1904.1104179189526,1903.7460974005264,-37.246211347654594,1.1285846847773326,0.48746684193611145,0.9428194761276245,0.0,0.0,0.0,0.0,0.0,0.0
SNPT-166,1,,1.0,0.0,0.0,1.0,1.0,0.7096774193548387,0.918162776665254,549.0,579.0,31.0,31.0,6.0,381.0,9.75390259947365,403.7462113476546,72.49334669389982,,1.0,0.0,0.0,1.0,0.8076923076923077,0.8387096774193549,0.9030461150866288,718.0,749.0,32.0,31.0,7.0,322.5,463.87309576929334,313.6048769800731,63.239124937119584,139.0,81.29287076906034,-2.7539025994736495,-81.2462113476546,1.1463369672806505,0.9357312321662903,0.9863718748092651,0.0,0.0,0.0,1.0,0.0,0.0
SNPT-166,1,,1.0,0.0,0.0,0.0,1.0,0.8985507246376812,0.9080716403581763,375.0,581.0,207.0,207.0,6.5,371.0,10.71668555592923,376.42977706045036,68.17867069962975,,1.0,0.0,0.0,0.0,0.9523809523809523,0.9545454545454546,0.907011710462116,728.0,749.0,22.0,22.0,11.0,293.0,486.80792225558673,316.103999625524,74.13656079743018,147.0,83.43025810478275,0.2833144440707702,-83.42977706045036,0.9196362761677104,0.9324221014976501,0.9646778106689453,0.0,0.0,0.0,1.0,0.0,1.0
SNPT-166,0,8.0,0.002532015546031679,0.9975621126316212,0.3562005277044855,1.0,1.0,0.8733509234828496,0.7883577265151559,0.0,378.0,379.0,379.0,405.5,708.0,10.531407598743593,668.7024567949463,120.51881863136535,,1.0,0.0,0.0,0.0,1.0,0.7794117647058824,0.9192461483883407,682.0,749.0,68.0,68.0,6.0,307.5,814.4426543941045,247.88083620260943,61.631871486366315,304.0,361.2308797009622,-4.531407598743593,-361.20245679494633,1.9554625833165802,0.5532011985778809,0.9011210203170776,0.0,0.0,0.0,0.0,1.0,1.0
SNPT-166,1,,1.0,0.0,0.0,0.0,0.9982758620689656,0.9446254071661238,0.9048096512926036,0.0,613.0,614.0,614.0,821.0,238.0,8.19017779473046,361.2849586895695,57.069933432648234,,1.0,0.0,0.0,0.0,1.0,0.7794117647058824,0.9192461483883407,682.0,749.0,68.0,68.0,6.0,307.5,814.4426543941045,247.88083620260943,61.631871486366315,69.0,53.829533343799575,-2.1901777947304595,-53.78495868956952,0.9259808611405345,0.8801544308662415,0.978005051612854,0.0,0.0,0.0,1.0,0.0,1.0
SNPT-166,0,,1.0,0.0,0.0,0.0,1.0,0.90625,0.9419692179252361,0.0,95.0,96.0,96.0,1894.5,631.0,1910.5706964633082,686.4290272061589,114.72389287001363,4.0,0.0475139417331645,0.9703967814382753,0.3179916317991632,1.0,1.0,0.8242677824267782,0.9267895860115284,362.0,600.0,239.0,239.0,870.0,877.5,5.981056127190474,592.7770034234227,117.48560491904843,267.0,1057.9676228422677,-1040.5706964633082,191.07097279384107,0.9764931878170291,0.7948169708251953,0.9325467944145203,0.0,0.0,0.0,0.0,1.0,1.0
SNPT-166,1,,1.0,0.0,0.0,1.0,1.0,0.9342105263157895,0.9227428592986344,0.0,227.0,228.0,228.0,71.0,322.5,4.821384242038231,420.809234428306,69.4749460467292,,1.0,0.0,0.0,1.0,1.0,0.7096774193548387,0.918162776665254,549.0,579.0,31.0,31.0,6.0,381.0,9.75390259947365,403.7462113476546,72.49334669389982,322.0,39.82667800448263,1.1786157579617687,-39.80923442830601,0.9583630666147103,0.9496184587478638,0.9789878129959106,0.0,0.0,0.0,1.0,0.0,1.0
SNPT-166,1,,1.0,0.0,0.0,0.0,1.0,0.9471698113207547,0.9284781692512482,0.0,264.0,265.0,265.0,396.0,301.0,5.788003888243779,467.4860217733277,71.03438041783852,,1.0,0.0,0.0,0.0,1.0,0.8571428571428571,0.9094287080642505,489.0,630.0,142.0,91.0,6.0,485.0,4.973995955210384,434.0617320563035,81.19147679108609,225.0,17.515261222024378,0.21199611175622124,17.513978226672293,0.874899474985745,0.942838191986084,0.9775063395500183,0.0,0.0,0.0,1.0,0.0,1.0
SNPT-166,0,,1.0,0.0,0.0,0.0,1.0,0.9471698113207547,0.9284781692512482,0.0,264.0,265.0,265.0,396.0,301.0,5.788003888243779,467.4860217733277,71.03438041783852,,1.0,0.0,0.0,1.0,1.0,0.9375,0.9100777745246887,734.0,749.0,16.0,16.0,13.0,377.5,325.99281165278126,390.02311739512004,81.12738442999057,470.0,90.27456453789071,7.211996111756221,-89.9860217733277,0.8755906641996837,0.7480547428131104,0.9219025373458862,0.0,0.0,0.0,0.0,1.0,1.0
SNPT-166,0,,1.0,0.0,0.0,1.0,1.0,0.9342105263157895,0.9227428592986344,0.0,227.0,228.0,228.0,71.0,322.5,4.821384242038231,420.809234428306,69.4749460467292,22.0,0.06795064065534881,0.9585481802622478,0.08670520231213873,0.0,1.0,0.976878612716763,0.9379373111668423,577.0,749.0,173.0,173.0,1908.5,627.5,1511.1520602922776,533.9162547648194,116.15910941539248,350.0,1914.866403869148,1903.6786157579618,206.690765571694,0.5981015728889786,0.6973711848258972,0.9272243976593018,0.0,0.0,0.0,0.0,1.0,1.0
SNPT-166,1,,1.0,0.0,0.0,0.0,1.0,0.9471698113207547,0.9284781692512482,0.0,264.0,265.0,265.0,396.0,301.0,5.788003888243779,467.4860217733277,71.03438041783852,,1.0,0.0,0.0,0.0,1.0,0.9090909090909091,0.9199468702077865,728.0,749.0,22.0,22.0,6.5,466.0,388.02391318635443,486.66559715784683,96.55887434409419,464.0,1.647786143272239,0.7119961117562212,-1.4860217733277068,0.735658746027865,0.9119827747344971,0.9633376598358154,0.0,0.0,0.0,1.0,0.0,1.0
SNPT-166,1,,1.0,0.0,0.0,1.0,1.0,0.9631490787269682,0.9153696222927259,0.0,596.0,597.0,597.0,587.5,203.0,8.98561930363967,367.6349998639444,55.82927630409088,,1.0,0.0,0.0,1.0,1.0,0.9464285714285714,0.9041582593378031,694.0,749.0,56.0,56.0,6.5,315.0,704.477243313889,268.5745225682681,61.99759871947789,98.0,52.69365724639024,-2.4856193036396697,-52.634999863944415,0.900507075390178,0.9475612640380859,0.9837742447853088,0.0,0.0,0.0,1.0,0.0,1.0
SNPT-166,0,,1.0,0.0,0.0,0.0,0.9982758620689656,0.9446254071661238,0.9048096512926036,0.0,613.0,614.0,614.0,821.0,238.0,8.19017779473046,361.2849586895695,57.069933432648234,,1.0,0.0,0.0,1.0,1.0,0.9375,0.9100777745246887,734.0,749.0,16.0,16.0,13.0,377.5,325.99281165278126,390.02311739512004,81.12738442999057,121.0,16.913366144717347,4.8098222052695405,16.21504131043048,0.703460783724602,0.7165918946266174,0.9350009560585022,0.0,0.0,0.0,0.0,1.0,1.0
SNPT-166,0,,1.0,0.0,0.0,1.0,1.0,0.7096774193548387,0.918162776665254,549.0,579.0,31.0,31.0,6.0,381.0,9.75390259947365,403.7462113476546,72.49334669389982,,1.0,0.0,0.0,1.0,1.0,0.9464285714285714,0.9041582593378031,694.0,749.0,56.0,56.0,6.5,315.0,704.477243313889,268.5745225682681,61.99759871947789,115.0,88.80584389942724,-3.2539025994736495,-88.7462113476546,1.1692928144187054,0.8529694080352783,0.9819844961166382,0.0,0.0,0.0,1.0,0.0,1.0
SNPT-166,0,,1.0,0.0,0.0,0.0,1.0,0.90625,0.9419692179252361,0.0,95.0,96.0,96.0,1894.5,631.0,1910.5706964633082,686.4290272061589,114.72389287001363,,1.0,0.0,0.0,0.0,1.0,0.9090909090909091,0.9199468702077865,728.0,749.0,22.0,22.0,6.5,466.0,388.02391318635443,486.66559715784683,96.55887434409419,633.0,1916.787461656957,-1904.0706964633082,-220.42902720615893,1.1881237602375847,0.7996070384979248,0.9745417237281799,0.0,0.0,0.0,1.0,0.0,1.0
SNPT-166,0,,1.0,0.0,0.0,1.0,1.0,0.9506172839506173,0.8986186804709496,0.0,404.0,405.0,405.0,1358.5,261.0,1053.0117036603956,888.6884054627886,106.63556468422371,,1.0,0.0,0.0,0.0,1.0,0.8571428571428571,0.9094287080642505,489.0,630.0,142.0,91.0,6.0,485.0,4.973995955210384,434.0617320563035,81.19147679108609,85.0,1122.1398470364259,-1047.0117036603956,-403.68840546278864,1.3133837306421687,0.6632178425788879,0.9202901124954224,0.0,0.0,0.0,0.0,1.0,1.0
SNPT-166,1,8.0,0.002532015546031679,0.9975621126316212,0.3562005277044855,1.0,1.0,0.8733509234828496,0.7883577265151559,0.0,378.0,379.0,379.0,405.5,708.0,10.531407598743593,668.7024567949463,120.51881863136535,8.0,0.0013010001458622546,0.9998564502088035,0.48046875,1.0,1.0,0.90625,0.8727044026399481,494.0,749.0,256.0,256.0,10.0,689.5,717.8876626449174,579.3050698538918,131.84582217287965,116.0,20.804331217370976,-0.5314075987435931,20.79754320505367,0.9140890218981528,0.9623149633407593,0.9862687587738037,1.0,0.0,1.0,1.0,0.0,1.0
SNPT-166,1,,1.0,0.0,0.0,0.0,1.0,0.8571428571428571,0.9094287080642505,489.0,630.0,142.0,91.0,6.0,485.0,4.973995955210384,434.0617320563035,81.19147679108609,,1.0,0.0,0.0,0.0,1.0,0.9090909090909091,0.9199468702077865,728.0,749.0,22.0,22.0,6.5,466.0,388.02391318635443,486.66559715784683,96.55887434409419,98.0,31.974703244722445,1.526004044789616,31.938267943696474,0.8408494542071263,0.9364622831344604,0.984490692615509,0.0,0.0,0.0,1.0,0.0,1.0
SNPT-166,0,8.0,0.002532015546031679,0.9975621126316212,0.3562005277044855,1.0,1.0,0.8733509234828496,0.7883577265151559,0.0,378.0,379.0,379.0,405.5,708.0,10.531407598743593,668.7024567949463,120.51881863136535,,1.0,0.0,0.0,,0.0,0.0,0.5774475399484026,587.0,684.0,98.0,98.0,1913.5,366.5,1907.6241078469225,316.22830271311364,64.23385650338025,209.0,1926.8149336556744,1902.9685924012565,-302.20245679494633,1.8762507062770417,0.46132123470306396,0.9000720977783203,0.0,0.0,0.0,0.0,0.0,0.0
SNPT-166,0,,1.0,0.0,0.0,1.0,1.0,0.9631490787269682,0.9153696222927259,0.0,596.0,597.0,597.0,587.5,203.0,8.98561930363967,367.6349998639444,55.82927630409088,,1.0,0.0,0.0,0.0,0.9523809523809523,0.9545454545454546,0.907011710462116,728.0,749.0,22.0,22.0,11.0,293.0,486.80792225558673,316.103999625524,74.13656079743018,132.0,74.66217874051662,2.0143806963603303,-74.63499986394442,0.7530599707293963,0.7618520259857178,0.9346923828125,0.0,0.0,0.0,0.0,1.0,1.0
SNPT-166,1,,1.0,0.0,0.0,1.0,1.0,0.9342105263157895,0.9227428592986344,0.0,227.0,228.0,228.0,71.0,322.5,4.821384242038231,420.809234428306,69.4749460467292,,1.0,0.0,0.0,1.0,0.8076923076923077,0.8387096774193549,0.9030461150866288,718.0,749.0,32.0,31.0,7.0,322.5,463.87309576929334,313.6048769800731,63.239124937119584,491.0,98.33337144886504,2.1786157579617687,-98.30923442830601,1.098607011336891,0.93154376745224,0.967872142791748,0.0,0.0,0.0,1.0,0.0,0.0
SNPT-167,1,8.0,0.0029091818697978803,0.9996305045328642,0.37623762376237624,0.0,1.0,0.9603960396039604,0.9123595572009529,649.0,749.0,101.0,101.0,1912.5051444139754,519.5574674689719,1703.360346394043,512.2847798280513,99.58052237136555,8.0,0.034935773265834025,0.9723602624462663,0.4752136752136752,0.0,0.9708939708939709,0.8222222222222222,0.9054051601713263,0.0,612.0,613.0,585.0,424.0,621.5,1906.4548082291412,502.5901410075003,98.98509422743304,37.0,18.013792915420936,6.050336184834123,16.967326461471657,1.0060153313847884,0.9465525150299072,0.9853980541229248,1.0,0.0,1.0,1.0,0.0,1.0
SNPT-167,1,55.0,0.03149462621928939,0.9907263154919083,0.7254901960784313,0.0,1.0,0.9803921568627451,0.9441922700405121,648.0,749.0,102.0,102.0,1904.1813011551485,576.2398918002095,1135.6604779237455,520.7332090556733,109.66356616005397,55.0,0.058069004508070066,0.983177852828473,0.4184027777777778,0.0,0.9980582524271845,0.8940972222222222,0.9064777260845147,0.0,638.0,639.0,576.0,939.5,658.5,1905.982663668034,553.0319000249942,103.18221418772826,10.0,23.27779605420777,-1.8013625128855892,23.207991775215305,1.0628146238510994,0.9223103523254395,0.9915066361427307,1.0,0.0,1.0,1.0,0.0,1.0
SNPT-167,1,25.0,0.03322233619144882,0.979172062306177,0.5915492957746479,0.0,0.989159891598916,0.8661971830985915,0.928379216975959,0.0,425.0,426.0,426.0,1369.0,627.5,1900.5891724099206,491.0932289125948,100.74607537689177,,1.0,0.0,0.0,0.0,1.0,0.7777777777777778,0.8995495353426252,465.0,473.0,9.0,9.0,1906.6382566045193,496.5330863121129,1910.0648364287536,511.08663749033235,93.46987757768972,40.0,8.135322250558703,6.049084194598663,5.439857399518132,1.077845376369026,0.8018678426742554,0.957720935344696,0.0,0.0,0.0,1.0,0.0,1.0
SNPT-167,0,9.0,0.03900147093993201,0.9630613394321934,0.5414847161572053,1.0,1.0,0.9737991266375546,0.8685265870372276,521.0,749.0,229.0,229.0,1906.1050262466624,847.7354049903224,730.1811146305886,673.9959421725887,170.60203488641463,22.0,0.038405549896135156,0.9687632812709405,0.5026595744680851,1.0,0.9916897506925207,0.9601063829787234,0.9044043586855119,0.0,375.0,376.0,376.0,1170.0,615.0,1911.583650720046,581.6856125212056,112.48563828766974,146.0,266.1061957170116,-5.478624473383661,266.0497924691168,1.5166561481397167,0.7859656810760498,0.9782404899597168,0.0,1.0,1.0,1.0,0.0,1.0
SNPT-167,0,8.0,0.09249686068862037,0.9597393414553474,0.12200956937799043,1.0,1.0,0.930622009569378,0.9242897396835386,0.0,417.0,418.0,418.0,1247.5,554.0,1900.1638996771217,555.3595092676743,99.6968118941792,23.0,0.028819594518249753,0.974976509401243,0.5367647058823529,0.0,1.0,0.9742647058823529,0.9317048673359853,478.0,749.0,272.0,272.0,32.5,600.0,181.6624047157859,557.7676619598235,108.79396248985233,61.0,1868.1973170867086,-1867.6638996771217,44.6404907323257,0.9163818433718539,0.6298946738243103,0.9351152777671814,0.0,1.0,1.0,0.0,1.0,1.0
SNPT-167,0,,1.0,0.0,0.0,0.0,1.0,0.8666666666666667,0.9216922017244192,555.0,569.0,15.0,15.0,1911.3681272939025,557.4459943748093,1912.2368724972046,554.2260199548115,114.15343274201973,11.0,0.042398109204706005,0.9865649629916463,0.14213197969543148,1.0,1.0,0.9390862944162437,0.9149795002228505,0.0,464.0,465.0,394.0,1525.5,608.0,1908.213217655068,496.22705505420026,102.70884399749622,91.0,61.30017933391076,3.154909638834397,61.218939320609024,1.1114274905557548,0.6558719277381897,0.934807300567627,0.0,0.0,0.0,0.0,1.0,1.0
SNPT-167,0,8.0,0.0029091818697978803,0.9996305045328642,0.37623762376237624,0.0,1.0,0.9603960396039604,0.9123595572009529,649.0,749.0,101.0,101.0,1912.5051444139754,519.5574674689719,1703.360346394043,512.2847798280513,99.58052237136555,9.0,0.09486862199601227,0.9638023776550816,0.1721698113207547,1.0,0.9974160206718347,0.9127358490566038,0.917894960219854,0.0,457.0,458.0,424.0,1117.5,578.0,1909.9572812812216,640.1301852702925,106.1231758532655,192.0,120.59963467830293,2.5478631327537187,-120.57271780132055,0.9383484952340067,0.6014713048934937,0.9093581438064575,0.0,1.0,1.0,0.0,1.0,1.0
SNPT-167,0,55.0,0.03149462621928939,0.9907263154919083,0.7254901960784313,0.0,1.0,0.9803921568627451,0.9441922700405121,648.0,749.0,102.0,102.0,1904.1813011551485,576.2398918002095,1135.6604779237455,520.7332090556733,109.66356616005397,,1.0,0.0,0.0,0.0,1.0,0.7777777777777778,0.8995495353426252,465.0,473.0,9.0,9.0,1906.6382566045193,496.5330863121129,1910.0648364287536,511.08663749033235,93.46987757768972,175.0,65.41836542197676,-5.883535273605048,65.15325430987718,1.1732503454806014,0.8085262179374695,0.9570862054824829,0.0,0.0,0.0,1.0,0.0,1.0
SNPT-167,1,10.0,0.03167057702546905,0.9721651938743889,0.5804988662131519,0.0,1.0,0.8888888888888888,0.9015750521603896,0.0,477.0,478.0,441.0,1069.0,621.5,1897.9755667258348,648.8721399102734,114.7006978727563,10.0,0.013605450890036782,0.9972683702196393,0.4375,0.0,1.0,0.78125,0.9252749752998352,543.0,647.0,105.0,32.0,1912.0,661.0,1910.4830456778968,618.2253973527008,124.93390531922327,66.0,18.54102799246834,14.024433274165176,12.127860089726596,0.9180910304507033,0.8519995212554932,0.9823967814445496,1.0,0.0,1.0,1.0,0.0,1.0
SNPT-167,0,11.0,0.042398109204706005,0.9865649629916463,0.14213197969543148,1.0,1.0,0.9390862944162437,0.9149795002228505,0.0,464.0,465.0,394.0,1525.5,608.0,1908.213217655068,496.22705505420026,102.70884399749622,25.0,0.0070956790004856884,0.9991688132286072,0.017543859649122806,0.0,1.0,0.8421052631578947,0.8918786558012167,693.0,749.0,57.0,57.0,1902.5,602.0,1326.3317797242848,594.0272152192887,127.45680963729347,229.0,105.92712937902813,-5.713217655068092,105.77294494579974,0.8058325348781045,0.6320494413375854,0.9395726919174194,0.0,1.0,1.0,0.0,1.0,1.0
SNPT-167,1,8.0,0.09249686068862037,0.9597393414553474,0.12200956937799043,1.0,1.0,0.930622009569378,0.9242897396835386,0.0,417.0,418.0,418.0,1247.5,554.0,1900.1638996771217,555.3595092676743,99.6968118941792,,1.0,0.0,0.0,1.0,1.0,0.8717948717948718,0.9210671396816478,537.0,575.0,39.0,39.0,1911.5788685613984,582.3216734599026,1902.8518423231963,555.8509648720732,103.91615141103762,120.0,29.278999514288145,11.414968884276732,26.96216419222833,0.9593966918562166,0.8500881791114807,0.9851003289222717,0.0,0.0,0.0,1.0,0.0,1.0
SNPT-167,1,,1.0,0.0,0.0,0.0,1.0,0.7777777777777778,0.8995495353426252,465.0,473.0,9.0,9.0,1906.6382566045193,496.5330863121129,1910.0648364287536,511.08663749033235,93.46987757768972,25.0,0.0070956790004856884,0.9991688132286072,0.017543859649122806,0.0,1.0,0.8421052631578947,0.8918786558012167,693.0,749.0,57.0,57.0,1902.5,602.0,1326.3317797242848,594.0272152192887,127.45680963729347,220.0,91.22755194023372,-7.5648364287535514,90.91336250966765,0.7333454983196184,0.8843547701835632,0.9909093379974365,0.0,0.0,0.0,1.0,0.0,1.0
SNPT-167,0,55.0,0.03149462621928939,0.9907263154919083,0.7254901960784313,0.0,1.0,0.9803921568627451,0.9441922700405121,648.0,749.0,102.0,102.0,1904.1813011551485,576.2398918002095,1135.6604779237455,520.7332090556733,109.66356616005397,9.0,0.09486862199601227,0.9638023776550816,0.1721698113207547,1.0,0.9974160206718347,0.9127358490566038,0.917894960219854,0.0,457.0,458.0,424.0,1117.5,578.0,1909.9572812812216,640.1301852702925,106.1231758532655,191.0,64.15084992507984,-5.7759801260731365,-63.89029347008295,1.0333611416952289,0.5628783106803894,0.9259203672409058,0.0,1.0,1.0,0.0,1.0,1.0
SNPT-167,0,10.0,0.03167057702546905,0.9721651938743889,0.5804988662131519,0.0,1.0,0.8888888888888888,0.9015750521603896,0.0,477.0,478.0,441.0,1069.0,621.5,1897.9755667258348,648.8721399102734,114.7006978727563,23.0,0.028819594518249753,0.974976509401243,0.5367647058823529,0.0,1.0,0.9742647058823529,0.9317048673359853,478.0,749.0,272.0,272.0,32.5,600.0,181.6624047157859,557.7676619598235,108.79396248985233,1.0,1866.1156384614765,-1865.4755667258348,-48.872139910273404,1.0542928600790225,0.7917965054512024,0.9838449954986572,0.0,1.0,1.0,1.0,0.0,1.0
SNPT-167,1,9.0,0.03900147093993201,0.9630613394321934,0.5414847161572053,1.0,1.0,0.9737991266375546,0.8685265870372276,521.0,749.0,229.0,229.0,1906.1050262466624,847.7354049903224,730.1811146305886,673.9959421725887,170.60203488641463,9.0,0.09486862199601227,0.9638023776550816,0.1721698113207547,1.0,0.9974160206718347,0.9127358490566038,0.917894960219854,0.0,457.0,458.0,424.0,1117.5,578.0,1909.9572812812216,640.1301852702925,106.1231758532655,64.0,207.64095724074573,-3.852255034559221,207.60521972002994,1.6075850869964807,0.8510773181915283,0.9732149839401245,1.0,0.0,1.0,1.0,0.0,1.0
SNPT-167,1,25.0,0.03322233619144882,0.979172062306177,0.5915492957746479,0.0,0.989159891598916,0.8661971830985915,0.928379216975959,0.0,425.0,426.0,426.0,1369.0,627.5,1900.5891724099206,491.0932289125948,100.74607537689177,25.0,0.0070956790004856884,0.9991688132286072,0.017543859649122806,0.0,1.0,0.8421052631578947,0.8918786558012167,693.0,749.0,57.0,57.0,1902.5,602.0,1326.3317797242848,594.0272152192887,127.45680963729347,268.0,110.9232308180442,1.910827590079407,110.90677108740522,0.79043305464484,0.8398507237434387,0.9623855948448181,1.0,0.0,1.0,1.0,0.0,1.0
SNPT-168,0,,1.0,0.0,0.0,1.0,1.0,0.9074074074074074,0.9002810439893177,137.0,352.0,216.0,216.0,9.5,500.0,40.410601095669136,360.3437713551742,72.45078712794458,,1.0,0.0,0.0,1.0,1.0,1.0,0.8460646952901568,743.0,749.0,7.0,7.0,6.5,475.0,9.713565107656972,467.41119349037774,64.0,391.0,119.56579625346106,-33.910601095669136,114.65622864482577,1.132043548874134,0.6886088252067566,0.945178747177124,0.0,0.0,0.0,1.0,0.0,1.0
SNPT-168,0,14.0,0.00027937581869614175,0.9934240430593491,0.25101214574898784,1.0,0.9906542056074766,0.8663967611336032,0.8886589343859771,0.0,493.0,494.0,494.0,1192.5,509.5,1908.0781651396585,440.8630375745224,80.40113096494888,,1.0,0.0,0.0,1.0,1.0,0.8125,0.8812851004111462,525.0,572.0,48.0,48.0,5.5,494.0,11.248502137261859,507.703590623879,104.43688559766908,32.0,1903.320049608577,-1902.5781651396585,53.13696242547758,0.769853778239662,0.8189826607704163,0.9772437810897827,0.0,0.0,0.0,1.0,0.0,1.0
SNPT-168,1,14.0,0.00027937581869614175,0.9934240430593491,0.25101214574898784,1.0,0.9906542056074766,0.8663967611336032,0.8886589343859771,0.0,493.0,494.0,494.0,1192.5,509.5,1908.0781651396585,440.8630375745224,80.40113096494888,,1.0,0.0,0.0,1.0,1.0,0.7417218543046358,0.922068719885179,599.0,749.0,151.0,151.0,1907.5,511.0,1695.8992011936607,535.5054712471147,101.4708129214503,106.0,70.13934540043535,-0.5781651396584948,70.13696242547758,0.7923572173132021,0.9501221179962158,0.9841795563697815,0.0,0.0,0.0,1.0,0.0,1.0
SNPT-168,0,,1.0,0.0,0.0,1.0,0.7966101694915254,0.9076923076923077,0.89229721032967,284.0,354.0,71.0,65.0,7.0,388.5,4.229930120411887,367.15268275273735,80.80270126933424,,1.0,0.0,0.0,,0.0,0.0,0.5518275577771036,707.0,749.0,43.0,43.0,1913.0,576.0,1633.5323304052192,558.3834109228058,114.55052859941995,353.0,1920.1615509090652,1908.7700698795882,208.84731724726265,0.7053891610740537,0.6876876354217529,0.9186157584190369,0.0,0.0,0.0,0.0,0.0,0.0
SNPT-168,1,,1.0,0.0,0.0,1.0,1.0,0.10204081632653061,0.5926635446755782,340.0,388.0,49.0,49.0,1912.0,346.0,1912.0151424731357,370.62139710641236,60.471624045704516,,1.0,0.0,0.0,,0.0,0.0,0.5518275577771036,707.0,749.0,43.0,43.0,1913.0,576.0,1633.5323304052192,558.3834109228058,114.55052859941995,319.0,205.38096423687907,0.984857526864289,205.37860289358764,0.5279034918919678,0.813766598701477,0.9799585938453674,0.0,0.0,0.0,0.0,0.0,0.0
SNPT-168,0,,1.0,0.0,0.0,0.0,1.0,0.75,0.8015187912517123,537.0,548.0,12.0,12.0,5.5,605.0,5.182505920513514,612.7465463860888,96.96663863070053,,1.0,0.0,0.0,1.0,1.0,0.7417218543046358,0.922068719885179,599.0,749.0,151.0,151.0,1907.5,511.0,1695.8992011936607,535.5054712471147,101.4708129214503,51.0,1905.0365371777923,1902.3174940794866,-101.74654638608877,0.9556111342654118,0.7184973955154419,0.898161768913269,0.0,0.0,0.0,0.0,1.0,1.0
SNPT-168,1,,1.0,0.0,0.0,1.0,0.7966101694915254,0.9076923076923077,0.89229721032967,284.0,354.0,71.0,65.0,7.0,388.5,4.229930120411887,367.15268275273735,80.80270126933424,,1.0,0.0,0.0,1.0,1.0,0.8125,0.8812851004111462,525.0,572.0,48.0,48.0,5.5,494.0,11.248502137261859,507.703590623879,104.43688559766908,171.0,126.85367543089453,1.270069879588113,126.84731724726265,0.7736988785802865,0.8737480640411377,0.9816678762435913,0.0,0.0,0.0,1.0,0.0,0.0
SNPT-168,1,,1.0,0.0,0.0,1.0,1.0,0.9074074074074074,0.9002810439893177,137.0,352.0,216.0,216.0,9.5,500.0,40.410601095669136,360.3437713551742,72.45078712794458,,1.0,0.0,0.0,1.0,1.0,0.9565217391304348,0.925112353755044,451.0,749.0,299.0,299.0,6.5,390.5,215.60339902809568,432.1048155960789,94.0014428793412,99.0,45.379808205286714,-33.910601095669136,30.156228644825774,0.7707412238442052,0.9663159251213074,0.9816808700561523,0.0,0.0,0.0,1.0,0.0,1.0
SNPT-168,0,,1.0,0.0,0.0,0.0,1.0,0.9,0.832752345888703,291.0,350.0,60.0,60.0,8.5,403.5,10.195306933736811,463.5359725061692,82.15384385506981,,1.0,0.0,0.0,1.0,1.0,1.0,0.8460646952901568,743.0,749.0,7.0,7.0,6.5,475.0,9.713565107656972,467.41119349037774,64.0,393.0,12.044883549201813,-3.695306933736811,11.464027493830827,1.2836538102354658,0.6382068395614624,0.8995859622955322,0.0,0.0,0.0,0.0,1.0,1.0
SNPT-168,1,,1.0,0.0,0.0,0.0,1.0,0.9,0.832752345888703,291.0,350.0,60.0,60.0,8.5,403.5,10.195306933736811,463.5359725061692,82.15384385506981,,1.0,0.0,0.0,0.0,1.0,0.75,0.8015187912517123,537.0,548.0,12.0,12.0,5.5,605.0,5.182505920513514,612.7465463860888,96.96663863070053,187.0,141.54192658706228,-4.695306933736811,141.46402749383083,0.8472382359045614,0.7544803619384766,0.8963889479637146,0.0,0.0,0.0,1.0,0.0,1.0
SNPT-168,0,,1.0,0.0,0.0,1.0,0.7966101694915254,0.9076923076923077,0.89229721032967,284.0,354.0,71.0,65.0,7.0,388.5,4.229930120411887,367.15268275273735,80.80270126933424,,1.0,0.0,0.0,1.0,1.0,0.9565217391304348,0.925112353755044,451.0,749.0,299.0,299.0,6.5,390.5,215.60339902809568,432.1048155960789,94.0014428793412,97.0,23.45741758810081,2.270069879588113,23.34731724726265,0.8595900104751726,0.8520582914352417,0.9830996990203857,0.0,0.0,0.0,1.0,0.0,0.0
SNPT-168,0,,1.0,0.0,0.0,1.0,1.0,0.10204081632653061,0.5926635446755782,340.0,388.0,49.0,49.0,1912.0,346.0,1912.0151424731357,370.62139710641236,60.471624045704516,,1.0,0.0,0.0,1.0,1.0,0.7417218543046358,0.922068719885179,599.0,749.0,151.0,151.0,1907.5,511.0,1695.8992011936607,535.5054712471147,101.4708129214503,211.0,140.45119672650813,-4.515142473135711,140.37860289358764,0.5959509173590269,0.6135580539703369,0.9082903861999512,0.0,0.0,0.0,1.0,0.0,1.0
SNPT-168,1,,1.0,0.0,0.0,1.0,0.7966101694915254,0.9076923076923077,0.89229721032967,284.0,354.0,71.0,65.0,7.0,388.5,4.229930120411887,367.15268275273735,80.80270126933424,,1.0,0.0,0.0,1.0,1.0,1.0,0.8460646952901568,743.0,749.0,7.0,7.0,6.5,475.0,9.713565107656972,467.41119349037774,64.0,389.0,107.87120586463253,2.270069879588113,107.84731724726265,1.2625422073333474,0.7622076272964478,0.9404196739196777,0.0,0.0,0.0,1.0,0.0,0.0
SNPT-168,1,,1.0,0.0,0.0,1.0,1.0,0.8125,0.8812851004111462,525.0,572.0,48.0,48.0,5.5,494.0,11.248502137261859,507.703590623879,104.43688559766908,,1.0,0.0,0.0,1.0,1.0,1.0,0.8460646952901568,743.0,749.0,7.0,7.0,6.5,475.0,9.713565107656972,467.41119349037774,64.0,171.0,33.04652950374436,-4.748502137261859,-32.703590623878995,1.6318263374635793,0.7961846590042114,0.9532453417778015,0.0,0.0,0.0,1.0,0.0,1.0
SNPT-169,0,,1.0,0.0,0.0,1.0,1.0,0.8194444444444444,0.9431529994738304,232.0,303.0,72.0,72.0,8.5,336.5,771.2697733269333,318.2335081259955,58.62436976987725,3.0,0.007320517779709141,0.990797178030014,0.2880184331797235,0.0,0.9890710382513661,0.8433179723502304,0.9087975007263037,307.0,749.0,443.0,434.0,213.5,401.0,1427.7441952788874,442.9334181988414,68.6848934432941,4.0,563.877125102897,-557.7697733269333,82.76649187400449,0.8535263990513028,0.7060208320617676,0.9561358690261841,0.0,0.0,0.0,0.0,1.0,1.0
SNPT-169,1,,1.0,0.0,0.0,1.0,0.6,1.0,0.8909614642461141,303.0,317.0,15.0,15.0,20.5,405.0,420.6131709755521,422.2156542883665,63.03124085615332,4.0,0.030999892663785934,0.9821390120083826,0.5277777777777778,0.0,1.0,0.9375,0.9211818980581966,318.0,749.0,432.0,432.0,523.5,446.0,1011.4194155966192,541.6783502770734,86.15521855738304,1.0,105.60016424057525,102.88682902444788,23.784345711633478,0.7316009629082635,0.7923842072486877,0.9379494190216064,0.0,0.0,0.0,0.0,1.0,0.0
SNPT-169,0,10.0,0.00018376920167741315,0.9999857885496957,0.0880503144654088,1.0,1.0,0.8176100628930818,0.8576999815610739,0.0,158.0,159.0,159.0,882.5,741.0,403.1324156266429,1072.0226083596203,138.1528547949988,30.0,0.10975582185866577,0.9187556377479008,0.12867647058823528,1.0,0.8796680497925311,0.8860294117647058,0.9298455846260197,299.0,570.0,272.0,272.0,21.0,381.5,1913.8921439409173,447.85949570240064,66.70492152999975,141.0,789.2063454689319,-382.1324156266429,-690.5226083596203,2.07110437470294,0.8517668843269348,0.9321879148483276,0.0,1.0,1.0,1.0,0.0,0.0
SNPT-169,0,17.0,0.009021662735904101,0.8680134012418634,0.11258278145695365,0.0,0.8923076923076924,0.8609271523178808,0.9240629113637484,0.0,150.0,151.0,151.0,437.0,507.5,13.52553328942259,525.7244252637931,88.06193689702947,21.0,0.1285706507327829,0.8934734268930921,0.24358974358974358,1.0,1.0,0.8675213675213675,0.8794366908190873,282.0,749.0,468.0,468.0,7.5,471.0,1678.1274289073153,473.74544100559547,89.24764912102498,132.0,55.05515209201061,-6.02553328942259,-54.72442526379314,0.9867143590259995,0.7662904262542725,0.9486478567123413,0.0,1.0,1.0,0.0,1.0,0.0
SNPT-169,1,,1.0,0.0,0.0,1.0,1.0,0.9571428571428572,0.8991242064468896,0.0,139.0,140.0,140.0,298.0,518.5,12.777733844283752,693.2009735016205,104.10390499061752,8.0,0.04847617531927624,0.974923575868701,0.45393258426966293,1.0,1.0,0.9146067415730337,0.8639268681809709,305.0,749.0,445.0,445.0,69.5,502.5,1405.282271507596,454.24459534996674,99.92990893506449,166.0,198.95797740303274,56.72226615571625,-190.70097350162052,1.0417692370586003,0.928118884563446,0.9839059114456177,0.0,0.0,0.0,1.0,0.0,1.0
SNPT-169,1,,1.0,0.0,0.0,1.0,1.0,0.9285714285714286,0.9236524533002805,86.0,169.0,84.0,84.0,14.5,457.0,12.195766885985218,427.3932247647727,84.78939258714487,11.0,0.25554281952220964,0.8741556235722133,0.01808785529715762,1.0,1.0,0.9302325581395349,0.9302842861397445,304.0,690.0,387.0,387.0,827.1600025964192,321.73905654412533,1913.3828638028326,382.95190148886365,69.61463631783465,135.0,821.7843444295398,814.964235710434,-105.65416822064736,1.2179822674075018,0.8902005553245544,0.9862851500511169,0.0,0.0,0.0,1.0,0.0,1.0
SNPT-169,0,,1.0,0.0,0.0,0.0,1.0,0.8979591836734694,0.8933301202275536,201.0,298.0,98.0,98.0,5.593609174790913,395.05870311032976,821.4551700331076,328.850561191545,70.33479408023516,30.0,0.10975582185866577,0.9187556377479008,0.12867647058823528,1.0,0.8796680497925311,0.8860294117647058,0.9298455846260197,299.0,570.0,272.0,272.0,21.0,381.5,1913.8921439409173,447.85949570240064,66.70492152999975,1.0,802.1847933235686,-800.4551700331076,52.64943880845499,1.0544168626088992,0.7519140243530273,0.9520201683044434,0.0,0.0,0.0,0.0,1.0,0.0
SNPT-169,0,,1.0,0.0,0.0,1.0,1.0,0.8473282442748091,0.8964754713548196,0.0,141.0,142.0,131.0,313.0,603.0,7.711052418860984,684.8997703122461,109.03206345778014,,1.0,0.0,0.0,1.0,0.9230769230769231,0.9285714285714286,0.8944244659863986,304.0,317.0,14.0,14.0,19.0,510.0,252.73871694388612,427.5641350999591,69.46365351467209,163.0,175.26371556248074,11.288947581139016,-174.89977031224612,1.5696275381592248,0.7764204144477844,0.947824239730835,0.0,0.0,0.0,1.0,0.0,1.0
SNPT-169,1,,1.0,0.0,0.0,1.0,1.0,0.9090909090909091,0.933348822593689,739.0,749.0,11.0,11.0,1911.9360561803417,422.0004133312616,1860.7683145215442,421.71642114535126,93.0333018645259,30.0,0.10975582185866577,0.9187556377479008,0.12867647058823528,1.0,0.8796680497925311,0.8860294117647058,0.9298455846260197,299.0,570.0,272.0,272.0,21.0,381.5,1913.8921439409173,447.85949570240064,66.70492152999975,169.0,25.932960116508635,-1.956087760575656,-25.85908237113904,1.3946992175485173,0.7993835210800171,0.9822129607200623,0.0,0.0,0.0,1.0,0.0,0.0
SNPT-169,1,10.0,0.00018376920167741315,0.9999857885496957,0.0880503144654088,1.0,1.0,0.8176100628930818,0.8576999815610739,0.0,158.0,159.0,159.0,882.5,741.0,403.1324156266429,1072.0226083596203,138.1528547949988,10.0,0.04650955275589462,0.9853529223175936,0.2847682119205298,1.0,1.0,0.8278145695364238,0.8657293548583984,235.0,385.0,151.0,151.0,147.5,1073.5,696.589647315596,1066.2680092355931,109.7760778137881,77.0,255.63668477973144,-255.6324156266429,1.4773916403796648,1.2584969106779884,0.8511213064193726,0.9697902798652649,1.0,0.0,1.0,1.0,0.0,1.0
SNPT-169,1,26.0,0.16038923860842738,0.9261066534302451,0.13253012048192772,0.0,1.0,0.9698795180722891,0.9250096116006744,0.0,165.0,166.0,166.0,467.0,660.0,19.472046940001142,722.9300515503194,133.04060758391105,26.0,0.003398489647462213,0.9968805284227044,0.47789473684210526,0.0,1.0,0.871578947368421,0.8799426555633545,275.0,749.0,475.0,475.0,7.5,574.0,1400.7193819985068,527.2585601471316,93.62600603354348,110.0,149.41047541158008,-11.972046940001142,-148.93005155031938,1.4209792046052512,0.947577953338623,0.9835644364356995,1.0,0.0,0.0,1.0,0.0,1.0
SNPT-169,0,17.0,0.009021662735904101,0.8680134012418634,0.11258278145695365,0.0,0.8923076923076924,0.8609271523178808,0.9240629113637484,0.0,150.0,151.0,151.0,437.0,507.5,13.52553328942259,525.7244252637931,88.06193689702947,11.0,0.25554281952220964,0.8741556235722133,0.01808785529715762,1.0,1.0,0.9302325581395349,0.9302842861397445,304.0,690.0,387.0,387.0,827.1600025964192,321.73905654412533,1913.3828638028326,382.95190148886365,69.61463631783465,154.0,838.8152837759794,813.6344693069966,-203.9853687196678,1.2649916965014552,0.7506970167160034,0.9425441026687622,0.0,1.0,0.0,0.0,1.0,0.0
SNPT-169,1,,1.0,0.0,0.0,1.0,1.0,0.8473282442748091,0.8964754713548196,0.0,141.0,142.0,131.0,313.0,603.0,7.711052418860984,684.8997703122461,109.03206345778014,21.0,0.1285706507327829,0.8934734268930921,0.24358974358974358,1.0,1.0,0.8675213675213675,0.8794366908190873,282.0,749.0,468.0,468.0,7.5,471.0,1678.1274289073153,473.74544100559547,89.24764912102498,141.0,213.89987443370592,-0.2110524188609837,-213.89977031224612,1.2216799493499975,0.932702898979187,0.9898496866226196,0.0,0.0,0.0,1.0,0.0,1.0
SNPT-169,1,10.0,0.04650955275589462,0.9853529223175936,0.2847682119205298,1.0,1.0,0.8278145695364238,0.8657293548583984,235.0,385.0,151.0,151.0,147.5,1073.5,696.589647315596,1066.2680092355931,109.7760778137881,10.0,0.022391707945953042,0.9836302612509046,0.3027027027027027,1.0,1.0,0.9783783783783784,0.8837899183700098,565.0,749.0,185.0,185.0,5.0,681.5,269.61939555132477,605.7564384207424,117.31670105969337,180.0,791.4181329772726,-691.589647315596,-384.7680092355931,0.9357242133661052,0.697462797164917,0.9775147438049316,1.0,0.0,1.0,1.0,0.0,1.0
SNPT-169,1,11.0,0.25554281952220964,0.8741556235722133,0.01808785529715762,1.0,1.0,0.9302325581395349,0.9302842861397445,304.0,690.0,387.0,387.0,827.1600025964192,321.73905654412533,1913.3828638028326,382.95190148886365,69.61463631783465,,1.0,0.0,0.0,1.0,1.0,0.8194444444444444,0.9431529994738304,232.0,303.0,72.0,72.0,8.5,336.5,771.2697733269333,318.2335081259955,58.62436976987725,1.0,56.000058906286405,55.89022926948587,3.5055484181298198,1.187469248558208,0.8624609708786011,0.9815645217895508,0.0,0.0,0.0,1.0,0.0,1.0
SNPT-169,0,,1.0,0.0,0.0,1.0,1.0,0.9090909090909091,0.933348822593689,739.0,749.0,11.0,11.0,1911.9360561803417,422.0004133312616,1860.7683145215442,421.71642114535126,93.0333018645259,,1.0,0.0,0.0,1.0,0.9230769230769231,0.9285714285714286,0.8944244659863986,304.0,317.0,14.0,14.0,19.0,510.0,252.73871694388612,427.5641350999591,69.46365351467209,422.0,1659.2066675159106,1659.1973392364555,-5.563721768697519,1.3393090797459342,0.6232571601867676,0.9635196328163147,0.0,0.0,0.0,1.0,0.0,1.0
SNPT-169,1,10.0,0.00018376920167741315,0.9999857885496957,0.0880503144654088,1.0,1.0,0.8176100628930818,0.8576999815610739,0.0,158.0,159.0,159.0,882.5,741.0,403.1324156266429,1072.0226083596203,138.1528547949988,10.0,0.022391707945953042,0.9836302612509046,0.3027027027027027,1.0,1.0,0.9783783783783784,0.8837899183700098,565.0,749.0,185.0,185.0,5.0,681.5,269.61939555132477,605.7564384207424,117.31670105969337,407.0,557.689275504476,-398.1324156266429,-390.52260835962034,1.1776060317678343,0.8130506277084351,0.9717274904251099,1.0,0.0,1.0,1.0,0.0,1.0
SNPT-169,1,10.0,0.029803822854655267,0.9855586874241732,0.15555555555555556,0.0,1.0,0.9047619047619048,0.8965560268937496,0.0,314.0,315.0,315.0,846.0,516.5,1900.8621450755077,578.6319626066814,101.98259139465647,10.0,0.02047993359604895,0.9947470109513465,0.39166666666666666,0.0,1.0,0.9583333333333334,0.9174575002297111,630.0,749.0,120.0,120.0,1908.0,733.5,1526.2266151353306,611.2491819881028,126.0001608806173,316.0,155.03244169844393,7.137854924492331,154.86803739331856,0.8093846125425426,0.9045577049255371,0.9906007647514343,1.0,0.0,1.0,1.0,0.0,1.0
SNPT-169,0,22.0,0.09652368443334047,0.9560186335196098,0.16783216783216784,1.0,1.0,0.8951048951048951,0.8943846246693283,0.0,315.0,316.0,286.0,1346.0,524.0,1917.7020372080979,570.7614034881983,105.55202843248982,14.0,0.013702249907392515,0.9062110642592113,0.6617647058823529,0.0,1.0,0.9117647058823529,0.9263955085508285,366.0,433.0,68.0,68.0,1911.5566665183208,411.201133022209,1912.6944574457957,458.658688290766,91.53818037072737,51.0,159.67856929498848,-6.14537068977711,-159.56027046598933,1.1530929280547932,0.6750187873840332,0.9439638257026672,0.0,1.0,1.0,0.0,1.0,1.0
SNPT-169,1,14.0,0.013702249907392515,0.9062110642592113,0.6617647058823529,0.0,1.0,0.9117647058823529,0.9263955085508285,366.0,433.0,68.0,68.0,1911.5566665183208,411.201133022209,1912.6944574457957,458.658688290766,91.53818037072737,,1.0,0.0,0.0,0.0,1.0,0.8979591836734694,0.8933301202275536,201.0,298.0,98.0,98.0,5.593609174790913,395.05870311032976,821.4551700331076,328.850561191545,70.33479408023516,68.0,1093.2076149204863,1090.1014964852131,82.35057183066397,1.3014636861850228,0.8826733231544495,0.9787150621414185,0.0,0.0,0.0,1.0,0.0,1.0
SNPT-169,0,,1.0,0.0,0.0,1.0,0.6,1.0,0.8909614642461141,303.0,317.0,15.0,15.0,20.5,405.0,420.6131709755521,422.2156542883665,63.03124085615332,23.0,0.0011988860181523146,0.9997924262514482,0.3432343234323432,0.0,1.0,0.933993399339934,0.8869318877850321,447.0,749.0,303.0,303.0,7.5,616.0,885.6170695461421,504.66852838782904,95.40263266873974,130.0,456.30567022157595,-413.1131709755521,193.78434571163348,0.6606865983983118,0.7010481357574463,0.9206687211990356,0.0,0.0,0.0,0.0,1.0,0.0
SNPT-169,0,,1.0,0.0,0.0,1.0,1.0,0.8473282442748091,0.8964754713548196,0.0,141.0,142.0,131.0,313.0,603.0,7.711052418860984,684.8997703122461,109.03206345778014,10.0,0.022391707945953042,0.9836302612509046,0.3027027027027027,1.0,1.0,0.9783783783783784,0.8837899183700098,565.0,749.0,185.0,185.0,5.0,681.5,269.61939555132477,605.7564384207424,117.31670105969337,424.0,4.3483610008648155,-2.7110524188609837,-3.399770312246119,0.9293822829394272,0.7590634822845459,0.9805976152420044,0.0,0.0,0.0,1.0,0.0,1.0
SNPT-169,0,,1.0,0.0,0.0,1.0,1.0,0.9285714285714286,0.9236524533002805,86.0,169.0,84.0,84.0,14.5,457.0,12.195766885985218,427.3932247647727,84.78939258714487,,1.0,0.0,0.0,1.0,0.6,1.0,0.8909614642461141,303.0,317.0,15.0,15.0,20.5,405.0,420.6131709755521,422.2156542883665,63.03124085615332,134.0,23.88340015528628,8.304233114014782,-22.393224764772697,1.345196309567297,0.7246033549308777,0.963810384273529,0.0,0.0,0.0,1.0,0.0,0.0
SNPT-169,0,25.0,0.0008223663433699795,0.9978411957621575,0.5333333333333333,0.0,1.0,0.8533333333333334,0.8876202143728733,311.0,385.0,75.0,75.0,66.0,439.5,6.208194834148127,539.9508445650755,98.77734004853825,23.0,0.0011988860181523146,0.9997924262514482,0.3432343234323432,0.0,1.0,0.933993399339934,0.8869318877850321,447.0,749.0,303.0,303.0,7.5,616.0,885.6170695461421,504.66852838782904,95.40263266873974,62.0,76.060126235445,1.2918051658518728,76.0491554349245,1.0353733150270212,0.779252290725708,0.9853239059448242,0.0,1.0,1.0,1.0,0.0,1.0
SNPT-169,0,,1.0,0.0,0.0,1.0,1.0,0.9090909090909091,0.933348822593689,739.0,749.0,11.0,11.0,1911.9360561803417,422.0004133312616,1860.7683145215442,421.71642114535126,93.0333018645259,,1.0,0.0,0.0,1.0,0.6,1.0,0.8909614642461141,303.0,317.0,15.0,15.0,20.5,405.0,420.6131709755521,422.2156542883665,63.03124085615332,422.0,1491.322900737532,1491.3228852047896,-0.21524095710492475,1.475987154954505,0.6394734382629395,0.9754451513290405,0.0,0.0,0.0,1.0,0.0,0.0
SNPT-169,0,26.0,0.16038923860842738,0.9261066534302451,0.13253012048192772,0.0,1.0,0.9698795180722891,0.9250096116006744,0.0,165.0,166.0,166.0,467.0,660.0,19.472046940001142,722.9300515503194,133.04060758391105,,1.0,0.0,0.0,0.0,1.0,0.8979591836734694,0.8933301202275536,201.0,298.0,98.0,98.0,5.593609174790913,395.05870311032976,821.4551700331076,328.850561191545,70.33479408023516,36.0,328.16494657818026,-13.87843776521023,-327.8713484399896,1.891533334584638,0.841303825378418,0.9703240394592285,0.0,0.0,0.0,1.0,0.0,1.0
SNPT-169,1,17.0,0.009021662735904101,0.8680134012418634,0.11258278145695365,0.0,0.8923076923076924,0.8609271523178808,0.9240629113637484,0.0,150.0,151.0,151.0,437.0,507.5,13.52553328942259,525.7244252637931,88.06193689702947,,1.0,0.0,0.0,0.0,1.0,0.9375,0.918723730246226,618.0,665.0,48.0,48.0,1911.3076956419986,431.66177331069593,1911.2127532671739,393.3178331663726,74.57129223034286,468.0,1900.1118172981476,1897.782162352576,-94.0626519530972,1.1809093588591093,0.8716042637825012,0.9709078073501587,0.0,0.0,0.0,1.0,0.0,0.0
SNPT-169,1,,1.0,0.0,0.0,1.0,1.0,0.9285714285714286,0.9236524533002805,86.0,169.0,84.0,84.0,14.5,457.0,12.195766885985218,427.3932247647727,84.78939258714487,,1.0,0.0,0.0,1.0,1.0,0.8194444444444444,0.9431529994738304,232.0,303.0,72.0,72.0,8.5,336.5,771.2697733269333,318.2335081259955,58.62436976987725,63.0,90.96832965936571,-3.6957668859852184,-90.8932247647727,1.4463164878356083,0.7835557460784912,0.978966236114502,0.0,0.0,0.0,1.0,0.0,1.0
SNPT-169,1,17.0,0.044160851168429265,0.9784179778724182,0.5342019543973942,0.0,0.9956521739130435,0.749185667752443,0.9047224373921104,284.0,597.0,314.0,307.0,8.0,374.5,1913.71560186753,439.0309973979115,69.55239649971514,,1.0,0.0,0.0,0.0,1.0,0.9375,0.918723730246226,618.0,665.0,48.0,48.0,1911.3076956419986,431.66177331069593,1911.2127532671739,393.3178331663726,74.57129223034286,21.0,7.752643164660106,-2.4079062255314057,-7.369224087215571,0.9326966774945393,0.9213120937347412,0.9808974266052246,0.0,0.0,0.0,1.0,0.0,1.0
SNPT-169,0,,1.0,0.0,0.0,1.0,1.0,0.003194888178913738,0.5372360788986658,0.0,312.0,313.0,313.0,635.5,457.0,1914.1452474930245,405.96587816273814,77.72411936932838,19.0,0.08179635193945918,0.9035105650623639,0.2777777777777778,1.0,0.9951100244498777,0.9467592592592593,0.8794678351989876,318.0,749.0,432.0,432.0,349.5,445.5,1295.8582623931197,450.3767989218602,86.87305870574208,6.0,1565.1446250401116,-1564.6452474930245,39.534121837261864,0.8946861147435461,0.6659388542175293,0.9275578260421753,0.0,0.0,0.0,1.0,0.0,1.0
SNPT-169,0,,1.0,0.0,0.0,1.0,1.0,0.8194444444444444,0.9431529994738304,232.0,303.0,72.0,72.0,8.5,336.5,771.2697733269333,318.2335081259955,58.62436976987725,9.0,0.01942285481295857,0.9787423288822175,0.29832935560859186,1.0,1.0,0.9021479713603818,0.8746256339486944,312.0,749.0,438.0,419.0,357.5,449.0,1264.1556470267587,473.4948430525973,98.23062272946574,9.0,433.94158675570134,-413.7697733269333,130.7664918740045,0.5968034014335124,0.8128340244293213,0.9810739159584045,0.0,0.0,0.0,1.0,0.0,1.0
SNPT-169,1,17.0,0.009021662735904101,0.8680134012418634,0.11258278145695365,0.0,0.8923076923076924,0.8609271523178808,0.9240629113637484,0.0,150.0,151.0,151.0,437.0,507.5,13.52553328942259,525.7244252637931,88.06193689702947,17.0,0.044160851168429265,0.9784179778724182,0.5342019543973942,0.0,0.9956521739130435,0.749185667752443,0.9047224373921104,284.0,597.0,314.0,307.0,8.0,374.5,1913.71560186753,439.0309973979115,69.55239649971514,134.0,151.3253393007829,-5.52553328942259,-151.22442526379314,1.2661236898916939,0.9110181331634521,0.9834781885147095,1.0,0.0,1.0,1.0,0.0,0.0
SNPT-170,0,,1.0,0.0,0.0,1.0,1.0,0.875,0.8999878842752058,0.0,107.0,108.0,104.0,613.0,481.5,1855.5557960732149,469.33457171237006,85.73668643804704,,1.0,0.0,0.0,,0.0,0.0,0.5325781286931506,115.0,749.0,635.0,635.0,18.5,465.5,1441.0789825960192,428.60874799724405,68.39665729177591,8.0,1837.0597981084913,-1837.0557960732149,-3.834571712370064,1.2535215876457184,0.6474428176879883,0.9283668994903564,0.0,0.0,0.0,0.0,0.0,0.0
SNPT-170,1,,1.0,0.0,0.0,1.0,1.0,0.8292682926829268,0.866603293839623,101.0,141.0,41.0,41.0,1070.0,443.0,1891.1770174430694,429.2461280529364,56.567090079114166,,1.0,0.0,0.0,1.0,1.0,0.8461538461538461,0.8662150231274691,724.0,736.0,13.0,13.0,1913.5,469.5,1912.6830031360419,468.70560956208567,49.18754774917294,583.0,46.02922720367594,22.322982556930583,40.2538719470636,1.150028669198401,0.8135072588920593,0.9794445037841797,0.0,0.0,0.0,1.0,0.0,1.0
SNPT-170,0,,1.0,0.0,0.0,0.0,1.0,0.9333333333333333,0.7917031262602124,108.0,137.0,30.0,30.0,1316.7566915374932,461.6854428896504,1914.405630774113,517.8204238512404,70.79653029558465,,1.0,0.0,0.0,1.0,1.0,0.9292929292929293,0.9128136207228121,0.0,99.0,100.0,99.0,492.5,422.5,1393.9311695927838,450.5362368982754,64.94389492011041,9.0,77.97566836741217,-77.17447805529059,11.149205991375027,1.0901183303322621,0.6389533281326294,0.9402086734771729,0.0,0.0,0.0,0.0,1.0,1.0
SNPT-170,0,,1.0,0.0,0.0,0.0,1.0,0.9027777777777778,0.8848703888746409,0.0,71.0,72.0,72.0,1560.0,611.0,1915.066374720018,683.8753999812154,118.09009792960991,,1.0,0.0,0.0,0.0,1.0,0.6666666666666666,0.7778463619095939,97.0,117.0,21.0,21.0,1473.0,440.5,1912.5367421293208,505.95966185662724,78.45087313342377,26.0,504.6328021186455,-442.0663747200181,-243.37539998121542,1.5052744885167884,0.7921528816223145,0.8435617089271545,0.0,0.0,0.0,1.0,0.0,1.0
SNPT-170,1,,1.0,0.0,0.0,1.0,1.0,0.8931506849315068,0.9164500843527859,190.0,554.0,365.0,365.0,1914.008449553291,364.27210098425667,1909.1557913337615,491.3680405436951,86.66479565646178,,1.0,0.0,0.0,1.0,1.0,0.8461538461538461,0.8662150231274691,724.0,736.0,13.0,13.0,1913.5,469.5,1912.6830031360419,468.70560956208567,49.18754774917294,170.0,22.295366024277644,4.344208666238501,-21.868040543695088,1.7619255202231339,0.6907803416252136,0.9473435878753662,0.0,0.0,0.0,1.0,0.0,1.0
SNPT-170,1,,1.0,0.0,0.0,0.0,1.0,0.782608695652174,0.7866417931185828,62.0,107.0,46.0,46.0,14.0,435.5,1072.185511905599,409.80742347833905,72.54295060789791,26.0,0.029282258554521563,0.9685808039102398,0.3357798165137615,0.0,1.0,0.908256880733945,0.8754843563744517,205.0,749.0,545.0,545.0,1910.5,456.0,1589.4819805222005,502.8995227239843,102.22264187841205,98.0,839.5861689396074,838.314488094401,46.19257652166095,0.7096563860498105,0.8738394379615784,0.9300458431243896,0.0,0.0,0.0,1.0,0.0,1.0
SNPT-170,0,,1.0,0.0,0.0,0.0,1.0,0.9027777777777778,0.8848703888746409,0.0,71.0,72.0,72.0,1560.0,611.0,1915.066374720018,683.8753999812154,118.09009792960991,,1.0,0.0,0.0,0.0,1.0,0.8,0.7855399563908577,98.0,147.0,50.0,50.0,956.5,437.0,1910.1418399648144,451.05376595617577,64.3948803656491,27.0,989.8469365814915,-958.5663747200181,-246.87539998121542,1.8338429586182454,0.7793529033660889,0.8785833120346069,0.0,0.0,0.0,1.0,0.0,1.0
SNPT-170,0,,1.0,0.0,0.0,0.0,1.0,0.8,0.7721481055021286,82.0,106.0,25.0,25.0,10.5,430.5,726.2938014067319,505.9464993458844,75.1826691249949,10.0,0.019872174662893437,0.9899736884028413,0.6761006289308176,0.0,1.0,0.9056603773584906,0.8562623264475001,396.0,749.0,354.0,318.0,1907.0,620.5,1610.1372190157813,454.42170561639944,108.99716829028867,290.0,1186.2502400036337,1180.7061985932683,114.55350065411562,0.6897671774808251,0.7164357900619507,0.9036000370979309,0.0,0.0,0.0,1.0,0.0,1.0
SNPT-170,1,,1.0,0.0,0.0,0.0,1.0,0.6666666666666666,0.7778463619095939,97.0,117.0,21.0,21.0,1473.0,440.5,1912.5367421293208,505.95966185662724,78.45087313342377,10.0,0.019872174662893437,0.9899736884028413,0.6761006289308176,0.0,1.0,0.9056603773584906,0.8562623264475001,396.0,749.0,354.0,318.0,1907.0,620.5,1610.1372190157813,454.42170561639944,108.99716829028867,279.0,114.67407978878562,-5.536742129320828,114.54033814337276,0.7197514794557605,0.7704097032546997,0.8835394382476807,0.0,0.0,0.0,1.0,0.0,1.0
SNPT-170,1,10.0,0.00038774378725651396,0.9999660314139673,0.6020408163265306,0.0,1.0,0.7346938775510204,0.8258794306053056,0.0,97.0,98.0,98.0,235.5,513.5,1302.4526937132634,451.94490087683346,88.49391747461243,,1.0,0.0,0.0,0.0,1.0,0.6666666666666666,0.7778463619095939,97.0,117.0,21.0,21.0,1473.0,440.5,1912.5367421293208,505.95966185662724,78.45087313342377,0.0,170.93089082357955,170.54730628673656,-11.444900876833458,1.128016986173094,0.8749985694885254,0.8423757553100586,0.0,0.0,0.0,1.0,0.0,1.0
SNPT-170,1,,1.0,0.0,0.0,1.0,1.0,0.9292929292929293,0.9128136207228121,0.0,99.0,100.0,99.0,492.5,422.5,1393.9311695927838,450.5362368982754,64.94389492011041,5.0,0.015782791162685803,0.9959598898887634,0.375,1.0,1.0,0.875,0.8792411599840436,421.0,529.0,109.0,80.0,1913.0,593.0,1914.2155842858429,539.9691421207294,124.53463656013892,322.0,538.2642236833317,519.0688304072162,142.46376310172462,0.5214926281874072,0.7652428150177002,0.9786970019340515,0.0,0.0,0.0,1.0,0.0,1.0
SNPT-170,0,,1.0,0.0,0.0,1.0,1.0,0.8611111111111112,0.8670554968618578,65.0,100.0,36.0,36.0,12.0,379.0,818.3417960929226,394.67040443208646,63.1466871801999,8.0,0.029398403136546777,0.9808072644636172,0.16978193146417445,1.0,0.9916666666666667,0.9345794392523364,0.9021454440553983,101.0,742.0,642.0,642.0,78.0,607.0,1913.3517104715763,440.4365063718614,87.32225641666594,1.0,770.1881797302061,-740.3417960929226,212.32959556791354,0.7231453900926454,0.7142966389656067,0.9685860276222229,0.0,0.0,0.0,1.0,0.0,1.0
SNPT-170,1,,1.0,0.0,0.0,1.0,1.0,0.898989898989899,0.9180270942409386,0.0,103.0,104.0,99.0,1105.0,442.5,1902.632325098165,516.7608012266444,79.11067366271145,21.0,0.1888442368635387,0.8595586744638589,0.17195767195767195,1.0,1.0,0.91005291005291,0.9072914934435556,372.0,749.0,378.0,378.0,1911.5,536.0,1698.0488128390298,464.37729329362827,84.60867728283583,269.0,21.18448554025617,8.867674901835016,19.23919877335561,0.9350184425913519,0.7069568634033203,0.9823278188705444,0.0,0.0,0.0,1.0,0.0,1.0
SNPT-170,1,,1.0,0.0,0.0,1.0,1.0,0.8571428571428571,0.883215457201004,98.0,111.0,14.0,14.0,1540.0,441.5,1872.0777776871935,428.6259534931678,64.0972313307838,5.0,0.015782791162685803,0.9959598898887634,0.375,1.0,1.0,0.875,0.8792411599840436,421.0,529.0,109.0,80.0,1913.0,593.0,1914.2155842858429,539.9691421207294,124.53463656013892,310.0,169.3914267135412,40.922222312806525,164.3740465068322,0.5146940088417141,0.7714595794677734,0.961321234703064,0.0,0.0,0.0,1.0,0.0,1.0
SNPT-170,1,,1.0,0.0,0.0,1.0,1.0,0.8611111111111112,0.8670554968618578,65.0,100.0,36.0,36.0,12.0,379.0,818.3417960929226,394.67040443208646,63.1466871801999,,1.0,0.0,0.0,1.0,1.0,0.8461538461538461,0.8662150231274691,724.0,736.0,13.0,13.0,1913.5,469.5,1912.6830031360419,468.70560956208567,49.18754774917294,624.0,1097.711692548564,1095.1582039070774,74.82959556791354,1.283794172911612,0.7555571794509888,0.9718478918075562,0.0,0.0,0.0,1.0,0.0,1.0
SNPT-170,0,,1.0,0.0,0.0,1.0,1.0,0.9292929292929293,0.9128136207228121,0.0,99.0,100.0,99.0,492.5,422.5,1393.9311695927838,450.5362368982754,64.94389492011041,26.0,0.029282258554521563,0.9685808039102398,0.3357798165137615,0.0,1.0,0.908256880733945,0.8754843563744517,205.0,749.0,545.0,545.0,1910.5,456.0,1589.4819805222005,502.8995227239843,102.22264187841205,106.0,516.597724787393,516.5688304072162,5.4637631017246235,0.6353181029830695,0.6091457605361938,0.9420453906059265,0.0,0.0,0.0,0.0,1.0,1.0
SNPT-170,1,10.0,0.00038774378725651396,0.9999660314139673,0.6020408163265306,0.0,1.0,0.7346938775510204,0.8258794306053056,0.0,97.0,98.0,98.0,235.5,513.5,1302.4526937132634,451.94490087683346,88.49391747461243,10.0,0.019872174662893437,0.9899736884028413,0.6761006289308176,0.0,1.0,0.9056603773584906,0.8562623264475001,396.0,749.0,354.0,318.0,1907.0,620.5,1610.1372190157813,454.42170561639944,108.99716829028867,299.0,627.6051839962523,604.5473062867366,168.55509912316654,0.8118918946493124,0.8738869428634644,0.9713675379753113,1.0,0.0,1.0,1.0,0.0,1.0
SNPT-170,1,,1.0,0.0,0.0,0.0,1.0,0.9333333333333333,0.7917031262602124,108.0,137.0,30.0,30.0,1316.7566915374932,461.6854428896504,1914.405630774113,517.8204238512404,70.79653029558465,,1.0,0.0,0.0,0.0,1.0,0.782608695652174,0.7866417931185828,62.0,107.0,46.0,46.0,14.0,435.5,1072.185511905599,409.80742347833905,72.54295060789791,1.0,250.01278128243095,244.5711796318942,51.87801941131136,0.9759257061137085,0.9674333333969116,0.9951030015945435,0.0,0.0,0.0,1.0,0.0,1.0
SNPT-170,0,,1.0,0.0,0.0,0.0,1.0,0.5882352941176471,0.7577708721160888,81.0,97.0,17.0,17.0,10.0,540.5,363.4044731602702,498.43156646305323,84.26839425866204,,1.0,0.0,0.0,,0.0,0.0,0.5325781286931506,115.0,749.0,635.0,635.0,18.5,465.5,1441.0789825960192,428.60874799724405,68.39665729177591,18.0,346.47306342005004,-344.9044731602702,-32.93156646305323,1.232054278605726,0.6844500303268433,0.90235835313797,0.0,0.0,0.0,0.0,0.0,0.0
SNPT-170,1,,1.0,0.0,0.0,0.0,1.0,0.9333333333333333,0.7917031262602124,108.0,137.0,30.0,30.0,1316.7566915374932,461.6854428896504,1914.405630774113,517.8204238512404,70.79653029558465,26.0,0.029282258554521563,0.9685808039102398,0.3357798165137615,0.0,1.0,0.908256880733945,0.8754843563744517,205.0,749.0,545.0,545.0,1910.5,456.0,1589.4819805222005,502.8995227239843,102.22264187841205,68.0,61.94367406677389,-3.9056307741129785,-61.820423851240434,0.6925719096537638,0.8889129161834717,0.9206490516662598,0.0,0.0,0.0,1.0,0.0,1.0
SNPT-170,0,,1.0,0.0,0.0,0.0,1.0,0.8,0.7855399563908577,98.0,147.0,50.0,50.0,956.5,437.0,1910.1418399648144,451.05376595617577,64.3948803656491,26.0,0.029282258554521563,0.9685808039102398,0.3357798165137615,0.0,1.0,0.908256880733945,0.8754843563744517,205.0,749.0,545.0,545.0,1910.5,456.0,1589.4819805222005,502.8995227239843,102.22264187841205,58.0,4.959184391317789,0.35816003518561956,4.946234043824234,0.6299473304773624,0.7682851552963257,0.9290340542793274,0.0,0.0,0.0,1.0,0.0,1.0
SNPT-170,0,10.0,0.00038774378725651396,0.9999660314139673,0.6020408163265306,0.0,1.0,0.7346938775510204,0.8258794306053056,0.0,97.0,98.0,98.0,235.5,513.5,1302.4526937132634,451.94490087683346,88.49391747461243,5.0,0.015782791162685803,0.9959598898887634,0.375,1.0,1.0,0.875,0.8792411599840436,421.0,529.0,109.0,80.0,1913.0,593.0,1914.2155842858429,539.9691421207294,124.53463656013892,324.0,626.6295190961214,610.5473062867366,141.05509912316654,0.7105968260635498,0.6873481869697571,0.8788469433784485,0.0,1.0,1.0,0.0,1.0,1.0
SNPT-170,0,,1.0,0.0,0.0,1.0,1.0,0.898989898989899,0.9180270942409386,0.0,103.0,104.0,99.0,1105.0,442.5,1902.632325098165,516.7608012266444,79.11067366271145,1.0,0.7525883316993713,0.5995939373970032,0.004651162790697674,0.0,0.994661921708185,0.8713178294573644,0.8966230558118786,105.0,749.0,645.0,645.0,826.101720604034,431.091293132445,456.6669870910181,510.0334293268247,80.32906697380585,2.0,1079.9339827182034,-1076.530604494131,-85.66950809419939,0.984832472764912,0.6864157915115356,0.9328548312187195,0.0,0.0,0.0,0.0,1.0,1.0
SNPT-170,0,10.0,0.00038774378725651396,0.9999660314139673,0.6020408163265306,0.0,1.0,0.7346938775510204,0.8258794306053056,0.0,97.0,98.0,98.0,235.5,513.5,1302.4526937132634,451.94490087683346,88.49391747461243,,1.0,0.0,0.0,1.0,1.0,0.8461538461538461,0.8662150231274691,724.0,736.0,13.0,13.0,1913.5,469.5,1912.6830031360419,468.70560956208567,49.18754774917294,627.0,611.2994291061468,611.0473062867366,17.555099123166542,1.7991122046961652,0.6837643384933472,0.842218279838562,0.0,0.0,0.0,0.0,1.0,1.0
SNPT-170,0,,1.0,0.0,0.0,0.0,1.0,0.9027777777777778,0.8848703888746409,0.0,71.0,72.0,72.0,1560.0,611.0,1915.066374720018,683.8753999812154,118.09009792960991,,1.0,0.0,0.0,1.0,1.0,0.8571428571428571,0.883215457201004,98.0,111.0,14.0,14.0,1540.0,441.5,1872.0777776871935,428.6259534931678,64.0972313307838,27.0,446.5653591151817,-375.0663747200181,-242.37539998121542,1.8423587958142447,0.6597097516059875,0.8794012069702148,0.0,0.0,0.0,0.0,1.0,1.0
SNPT-170,0,,1.0,0.0,0.0,0.0,1.0,0.5882352941176471,0.7577708721160888,81.0,97.0,17.0,17.0,10.0,540.5,363.4044731602702,498.43156646305323,84.26839425866204,,1.0,0.0,0.0,1.0,1.0,0.8292682926829268,0.866603293839623,101.0,141.0,41.0,41.0,1070.0,443.0,1891.1770174430694,429.2461280529364,56.567090079114166,4.0,708.7664616151524,706.5955268397298,-55.43156646305323,1.4897070742158578,0.7541019916534424,0.9250364303588867,0.0,0.0,0.0,0.0,1.0,1.0
SNPT-170,1,,1.0,0.0,0.0,1.0,1.0,0.8931506849315068,0.9164500843527859,190.0,554.0,365.0,365.0,1914.008449553291,364.27210098425667,1909.1557913337615,491.3680405436951,86.66479565646178,,1.0,0.0,0.0,1.0,1.0,0.8292682926829268,0.866603293839623,101.0,141.0,41.0,41.0,1070.0,443.0,1891.1770174430694,429.2461280529364,56.567090079114166,49.0,68.86870469033947,22.831432110221613,-64.97402706867973,1.5320709538930368,0.7627285718917847,0.9639358520507812,0.0,0.0,0.0,1.0,0.0,1.0
SNPT-170,1,,1.0,0.0,0.0,1.0,1.0,0.8611111111111112,0.8670554968618578,65.0,100.0,36.0,36.0,12.0,379.0,818.3417960929226,394.67040443208646,63.1466871801999,,1.0,0.0,0.0,1.0,1.0,0.8292682926829268,0.866603293839623,101.0,141.0,41.0,41.0,1070.0,443.0,1891.1770174430694,429.2461280529364,56.567090079114166,1.0,256.2569050806129,251.65820390707745,48.32959556791354,1.1163149296151451,0.9264634251594543,0.9898484945297241,0.0,0.0,0.0,1.0,0.0,1.0
SNPT-170,1,,1.0,0.0,0.0,0.0,1.0,0.8,0.7855399563908577,98.0,147.0,50.0,50.0,956.5,437.0,1910.1418399648144,451.05376595617577,64.3948803656491,17.0,0.005685700393213564,0.9859076098697942,0.07414104882459313,0.0,1.0,0.9168173598553345,0.8711142217854306,197.0,749.0,553.0,553.0,1912.0,353.0,1296.2981587256947,452.6916585983522,83.94526742565246,50.0,98.07137083218963,1.8581600351856196,-98.05376595617577,0.7671055479414788,0.8097800016403198,0.9526513814926147,0.0,0.0,0.0,1.0,0.0,1.0
SNPT-170,0,,1.0,0.0,0.0,0.0,1.0,0.5882352941176471,0.7577708721160888,81.0,97.0,17.0,17.0,10.0,540.5,363.4044731602702,498.43156646305323,84.26839425866204,10.0,0.019872174662893437,0.9899736884028413,0.6761006289308176,0.0,1.0,0.9056603773584906,0.8562623264475001,396.0,749.0,354.0,318.0,1907.0,620.5,1610.1372190157813,454.42170561639944,108.99716829028867,299.0,1548.4146256561214,1543.5955268397297,122.06843353694677,0.7731246194784871,0.6827980279922485,0.8545726537704468,0.0,0.0,0.0,1.0,0.0,1.0
SNPT-170,0,,1.0,0.0,0.0,1.0,1.0,0.898989898989899,0.9180270942409386,0.0,103.0,104.0,99.0,1105.0,442.5,1902.632325098165,516.7608012266444,79.11067366271145,5.0,0.015782791162685803,0.9959598898887634,0.375,1.0,1.0,0.875,0.8792411599840436,421.0,529.0,109.0,80.0,1913.0,593.0,1914.2155842858429,539.9691421207294,124.53463656013892,318.0,76.94091312476976,10.367674901835016,76.23919877335561,0.6352503676718739,0.8162767887115479,0.968246340751648,0.0,0.0,0.0,1.0,0.0,1.0
SNPT-170,1,,1.0,0.0,0.0,1.0,1.0,0.8931506849315068,0.9164500843527859,190.0,554.0,365.0,365.0,1914.008449553291,364.27210098425667,1909.1557913337615,491.3680405436951,86.66479565646178,,1.0,0.0,0.0,1.0,1.0,0.8611111111111112,0.8670554968618578,65.0,100.0,36.0,36.0,12.0,379.0,818.3417960929226,394.67040443208646,63.1466871801999,90.0,1096.0882593831345,1095.6666534603685,-30.39830344782979,1.3724361407772496,0.7107557058334351,0.9700064659118652,0.0,0.0,0.0,1.0,0.0,1.0
